split,model,seed,gene,pearson,spearman,rmse
random,mean,0,ENSG00000281383,,,1.1029657125473022
random,mean,0,ENSG00000251562,,,0.8874818086624146
random,mean,0,ENSG00000137077,,,1.0655168294906616
random,mean,0,ENSG00000254709,,,1.3212443590164185
random,mean,0,ENSG00000118785,,,1.28160560131073
random,mean,0,ENSG00000108821,,,1.3510569334030151
random,mean,0,ENSG00000156738,,,0.785309910774231
random,mean,0,ENSG00000019582,0.0,,1.268693447113037
random,mean,0,ENSG00000132465,0.0,,0.9292477369308472
random,mean,0,ENSG00000169442,0.0,,1.09060537815094
random,mean,0,ENSG00000182492,,,1.349778652191162
random,mean,0,ENSG00000101335,0.0,,1.0978354215621948
random,mean,0,ENSG00000105369,,,0.793179988861084
random,mean,0,ENSG00000168542,,,1.1843183040618896
random,mean,0,ENSG00000204382,,,0.5519617199897766
random,mean,0,ENSG00000261857,0.0,,1.277490258216858
random,mean,0,ENSG00000185664,,,2.038437604904175
random,mean,0,ENSG00000245532,,,1.1864103078842163
random,mean,0,ENSG00000153064,,,0.3005879521369934
random,mean,0,ENSG00000137818,,,0.5387288928031921
random,mean,0,ENSG00000104921,0.0,,0.4387573003768921
random,mean,0,ENSG00000164692,,,1.2074410915374756
random,mean,0,ENSG00000160307,,,1.5248875617980957
random,mean,0,ENSG00000126709,,,1.3864754438400269
random,mean,0,ENSG00000204287,0.0,,1.1553654670715332
random,mean,0,ENSG00000105664,0.0,,0.5903112292289734
random,mean,0,ENSG00000227507,,,0.8340906500816345
random,mean,0,ENSG00000234745,0.0,,1.2390586137771606
random,mean,0,ENSG00000104894,,,0.7054608464241028
random,mean,0,ENSG00000196092,,,0.3741239309310913
random,mean,0,ENSG00000129538,,,1.1433597803115845
random,mean,0,ENSG00000143341,,,0.9210698008537292
random,mean,0,ENSG00000139329,,,0.8472480177879333
random,mean,0,ENSG00000087086,,,0.6511549949645996
random,mean,0,ENSG00000140105,,,1.0662096738815308
random,mean,0,ENSG00000162511,,,1.1405905485153198
random,mean,0,ENSG00000110799,,,0.861905038356781
random,mean,0,ENSG00000107317,,,0.776859700679779
random,mean,0,ENSG00000173369,,,1.1575019359588623
random,mean,0,ENSG00000011465,,,0.7495535016059875
random,mean,0,ENSG00000115306,,,1.0114898681640625
random,mean,0,ENSG00000102879,,,0.8429921865463257
random,mean,0,ENSG00000104419,,,1.2146636247634888
random,mean,0,ENSG00000255823,0.0,,1.1944257020950317
random,mean,0,ENSG00000115461,,,1.1258295774459839
random,mean,0,ENSG00000068831,,,0.5634267330169678
random,mean,0,ENSG00000125730,,,0.8127670288085938
random,mean,0,ENSG00000206503,0.0,,1.0868871212005615
random,mean,0,ENSG00000007312,,,0.6724459528923035
random,mean,0,ENSG00000145824,,,0.5334126353263855
random,mean,0,ENSG00000152556,,,0.5863112807273865
random,mean,0,ENSG00000273576,,,0.09167642891407013
random,mean,0,ENSG00000266074,,,0.2666427195072174
random,mean,0,ENSG00000198466,,,0.4520830512046814
random,mean,0,ENSG00000169884,,,0.21103903651237488
random,mean,0,ENSG00000126001,0.0,,0.4336754083633423
random,mean,0,ENSG00000185963,0.0,,0.508460283279419
random,mean,0,ENSG00000215845,,,0.44035646319389343
random,mean,0,ENSG00000172936,,,0.41803309321403503
random,mean,0,ENSG00000179104,,,0.2911759912967682
random,mean,0,ENSG00000006282,0.0,,0.747077465057373
random,mean,0,ENSG00000188917,,,0.2772560715675354
random,mean,0,ENSG00000258130,,,0.21636787056922913
random,mean,0,ENSG00000149418,,,0.15298163890838623
random,mean,0,ENSG00000092020,,,0.35624197125434875
random,mean,0,ENSG00000163564,0.0,,0.23408904671669006
random,mean,0,ENSG00000182185,,,0.22877898812294006
random,mean,0,ENSG00000124588,,,0.5754249095916748
random,mean,0,ENSG00000172113,0.0,,0.35013139247894287
random,mean,0,ENSG00000181450,,,0.09181226044893265
random,mean,0,ENSG00000173706,,,0.5477233529090881
random,mean,0,ENSG00000159239,0.0,,0.19901172816753387
random,mean,0,ENSG00000115474,0.0,,0.23250003159046173
random,mean,0,ENSG00000162739,,,0.3795260190963745
random,mean,0,ENSG00000154175,0.0,,0.2647123634815216
random,mean,0,ENSG00000181264,,,0.19446063041687012
random,mean,0,ENSG00000104643,,,0.3084375262260437
random,mean,0,ENSG00000116030,0.0,,0.48554134368896484
random,mean,0,ENSG00000166192,,,0.06554830819368362
random,mean,0,ENSG00000069431,0.0,,0.23827148973941803
random,mean,0,ENSG00000104361,0.0,,0.2833164632320404
random,mean,0,ENSG00000121039,0.0,,0.17130082845687866
random,mean,0,ENSG00000013619,,,0.19276899099349976
random,mean,0,ENSG00000185008,,,0.18521836400032043
random,mean,0,ENSG00000077984,0.0,,0.3492183983325958
random,mean,0,ENSG00000161526,,,0.6671803593635559
random,mean,0,ENSG00000109618,,,0.22708982229232788
random,mean,0,ENSG00000019995,,,0.21471162140369415
random,mean,0,ENSG00000120314,,,0.3971234858036041
random,mean,0,ENSG00000155749,,,0.03231949731707573
random,mean,0,ENSG00000129116,,,0.5859506726264954
random,mean,0,ENSG00000109743,0.0,,0.25891774892807007
random,mean,0,ENSG00000089060,,,0.45625928044319153
random,mean,0,ENSG00000120800,,,0.5459073185920715
random,mean,0,ENSG00000117069,,,0.2922807037830353
random,mean,0,ENSG00000104427,,,0.3432978689670563
random,mean,0,ENSG00000268651,,,0.12382546067237854
random,mean,0,ENSG00000070731,,,0.7981335520744324
random,mean,0,ENSG00000142731,,,0.176730215549469
random,mean,0,ENSG00000172578,0.0,,0.36417433619499207
random,mean,0,ENSG00000172508,,,0.10984952002763748
random,mean,0,ENSG00000164975,,,0.33759570121765137
random,mean,0,ENSG00000147789,0.0,,0.48005160689353943
random,mean,0,ENSG00000164330,,,0.25645941495895386
random,mean,0,ENSG00000166451,,,0.2943213880062103
random,mean,0,ENSG00000197302,,,0.29345300793647766
random,mean,0,ENSG00000168298,,,0.32441651821136475
random,mean,0,ENSG00000205238,0.0,,0.11042465269565582
random,mean,0,ENSG00000137812,,,0.2522452771663666
random,mean,0,ENSG00000269439,0.0,,0.18058685958385468
random,mean,0,ENSG00000115271,,,0.3407898247241974
random,mean,0,ENSG00000078596,,,0.5706046223640442
random,mean,0,ENSG00000162882,0.0,,0.14227332174777985
random,mean,0,ENSG00000179820,,,0.6623765826225281
random,mean,0,ENSG00000159023,0.0,,0.2034517526626587
random,mean,0,ENSG00000196873,,,0.2096421718597412
random,mean,0,ENSG00000067715,,,0.1766715794801712
random,mean,0,ENSG00000245164,,,0.2829495370388031
random,mean,0,ENSG00000054967,0.0,,0.43583357334136963
random,mean,0,ENSG00000000971,0.0,,0.6609127521514893
random,mean,0,ENSG00000189362,,,0.1765080988407135
random,mean,0,ENSG00000171016,,,0.1719570755958557
random,mean,0,ENSG00000132704,,,0.24133840203285217
random,mean,0,ENSG00000116830,0.0,,0.2750786542892456
random,mean,0,ENSG00000171241,,,0.3405601680278778
random,mean,0,ENSG00000136504,,,0.42155855894088745
random,mean,0,ENSG00000169629,,,0.18958692252635956
random,mean,0,ENSG00000274419,,,0.48519864678382874
random,mean,0,ENSG00000141480,,,0.723334014415741
random,mean,0,ENSG00000042980,,,0.28037407994270325
random,mean,0,ENSG00000122122,,,0.3718366026878357
random,mean,0,ENSG00000077585,,,0.5181225538253784
random,mean,0,ENSG00000140323,,,0.15339745581150055
random,mean,0,ENSG00000125266,,,0.30023929476737976
random,mean,0,ENSG00000167685,,,0.5229389071464539
random,mean,0,ENSG00000219626,,,0.17965999245643616
random,mean,0,ENSG00000101811,0.0,,0.21662573516368866
random,mean,0,ENSG00000196664,,,0.1848752796649933
random,mean,0,ENSG00000128578,,,0.25573378801345825
random,mean,0,ENSG00000177463,0.0,,0.30427253246307373
random,mean,0,ENSG00000135365,,,0.46493807435035706
random,mean,0,ENSG00000185189,,,0.532569169998169
random,mean,0,ENSG00000264575,,,0.134479358792305
random,mean,0,ENSG00000163683,,,0.4987533986568451
random,mean,0,ENSG00000158966,,,0.22343654930591583
random,mean,0,ENSG00000182162,,,0.2910085618495941
random,mean,0,ENSG00000168071,,,0.5014823079109192
random,mean,0,ENSG00000079101,,,0.16430185735225677
random,mean,0,ENSG00000196476,,,0.2068733274936676
random,mean,0,ENSG00000231106,0.0,,0.24334880709648132
random,pca_ridge,0,ENSG00000281383,0.7205513714710934,0.70641904075009,0.7647977471351624
random,pca_ridge,0,ENSG00000251562,0.6312197666755295,0.7023798185619048,0.6908559799194336
random,pca_ridge,0,ENSG00000137077,0.6612296554218147,0.5122948927360217,0.79930180311203
random,pca_ridge,0,ENSG00000254709,0.6362452667100255,0.5605814142159979,1.0208890438079834
random,pca_ridge,0,ENSG00000118785,0.7048176154682141,0.6558751550869572,0.9106760621070862
random,pca_ridge,0,ENSG00000108821,0.665923659253968,0.6489422576549679,1.0116291046142578
random,pca_ridge,0,ENSG00000156738,0.738603208213182,0.4863586581493807,0.5300555229187012
random,pca_ridge,0,ENSG00000019582,0.7581457243121266,0.7815408710436887,0.8256055116653442
random,pca_ridge,0,ENSG00000132465,0.5891062030807173,0.5295852658771615,0.7510074973106384
random,pca_ridge,0,ENSG00000169442,0.7502451122083179,0.618999433058543,0.719884991645813
random,pca_ridge,0,ENSG00000182492,0.7847352078825268,0.7652778151559417,0.8389604687690735
random,pca_ridge,0,ENSG00000101335,0.5537166330098064,0.5223625989847892,0.9150935411453247
random,pca_ridge,0,ENSG00000105369,0.6930708562734962,0.5021232651245995,0.5756773352622986
random,pca_ridge,0,ENSG00000168542,0.636684993057866,0.6012730979883161,0.9212347865104675
random,pca_ridge,0,ENSG00000204382,0.7421560278954652,0.5160768376040682,0.37038177251815796
random,pca_ridge,0,ENSG00000261857,0.8116718237267111,0.8211618166806854,0.7487967014312744
random,pca_ridge,0,ENSG00000185664,0.9162471130683868,0.8176968190442861,0.8211269378662109
random,pca_ridge,0,ENSG00000245532,0.7276267403741811,0.7490215411903876,0.8112520575523376
random,pca_ridge,0,ENSG00000153064,0.5610306360852858,0.3327469151846988,0.24871644377708435
random,pca_ridge,0,ENSG00000137818,0.5068337148826755,0.5516189329606677,0.4653829336166382
random,pca_ridge,0,ENSG00000104921,0.5360760768079418,0.3278353077680096,0.36990877985954285
random,pca_ridge,0,ENSG00000164692,0.5350982398512968,0.5781637880871934,1.018347978591919
random,pca_ridge,0,ENSG00000160307,0.8536756978915889,0.8706693638097845,0.794268786907196
random,pca_ridge,0,ENSG00000126709,0.7714035598052446,0.755524448546487,0.8839496374130249
random,pca_ridge,0,ENSG00000204287,0.7269008527595865,0.6997888705988005,0.7906656265258789
random,pca_ridge,0,ENSG00000105664,0.4713102259439615,0.4160275523164985,0.5230857133865356
random,pca_ridge,0,ENSG00000227507,0.7184716862651535,0.5151237177266076,0.5811470150947571
random,pca_ridge,0,ENSG00000234745,0.7939892060875251,0.8059043355999993,0.7545560002326965
random,pca_ridge,0,ENSG00000104894,0.7689435366838632,0.5350410939899427,0.46028292179107666
random,pca_ridge,0,ENSG00000196092,0.42330051713043726,0.3223549893633613,0.3422691524028778
random,pca_ridge,0,ENSG00000129538,0.7068217828787101,0.701727857813613,0.8092060685157776
random,pca_ridge,0,ENSG00000143341,0.6025268660427783,0.5433123757357374,0.7398096919059753
random,pca_ridge,0,ENSG00000139329,0.3937939127722806,0.3699342554727387,0.7790012955665588
random,pca_ridge,0,ENSG00000087086,0.6547881876976582,0.6917442848572818,0.49659422039985657
random,pca_ridge,0,ENSG00000140105,0.6480140654416794,0.6415323183181473,0.8151493668556213
random,pca_ridge,0,ENSG00000162511,0.7148457773690248,0.7329991100694624,0.8083018064498901
random,pca_ridge,0,ENSG00000110799,0.433943890193721,0.4302467883321288,0.7773746848106384
random,pca_ridge,0,ENSG00000107317,0.5497408714351306,0.4253841885675569,0.6503762006759644
random,pca_ridge,0,ENSG00000173369,0.6896727646408332,0.6755609151703315,0.8418981432914734
random,pca_ridge,0,ENSG00000011465,0.44769314315889197,0.40613223393479264,0.6729016900062561
random,pca_ridge,0,ENSG00000115306,0.6804686888531956,0.6730652249913909,0.7412068247795105
random,pca_ridge,0,ENSG00000102879,0.6371231253369251,0.4789752638597959,0.6507546305656433
random,pca_ridge,0,ENSG00000104419,0.727775559741495,0.7020412565287283,0.8350868821144104
random,pca_ridge,0,ENSG00000255823,0.6750751170612554,0.6673024258506742,0.8869920969009399
random,pca_ridge,0,ENSG00000115461,0.6511319281748831,0.6451294336005027,0.8527051210403442
random,pca_ridge,0,ENSG00000068831,0.5477983639937112,0.3864362368221281,0.4714493453502655
random,pca_ridge,0,ENSG00000125730,0.6090852413241205,0.4813444911143893,0.6485336422920227
random,pca_ridge,0,ENSG00000206503,0.6456443590112027,0.7112599864849684,0.8279696702957153
random,pca_ridge,0,ENSG00000007312,0.7026563342477831,0.4880297989321539,0.47718602418899536
random,pca_ridge,0,ENSG00000145824,0.4035132209139984,0.38598314805917494,0.4889768660068512
random,pca_ridge,0,ENSG00000152556,0.21797533365885466,0.2732735075455329,0.5720495581626892
random,pca_ridge,0,ENSG00000273576,0.10060222913173825,0.07610223384241863,0.09251175820827484
random,pca_ridge,0,ENSG00000266074,0.08949757385127534,0.10221878688415918,0.2728848457336426
random,pca_ridge,0,ENSG00000198466,0.10169697002468309,0.09419174952514961,0.453772634267807
random,pca_ridge,0,ENSG00000169884,0.0764094548800486,0.13638394132617307,0.21072527766227722
random,pca_ridge,0,ENSG00000126001,0.0757177001567118,0.11851250778581911,0.4347381293773651
random,pca_ridge,0,ENSG00000185963,0.15888413962969666,0.22648815207434,0.5025862455368042
random,pca_ridge,0,ENSG00000215845,0.4147896557720617,0.3424393117130793,0.40095213055610657
random,pca_ridge,0,ENSG00000172936,0.159503846664231,0.17284883428350523,0.4133041203022003
random,pca_ridge,0,ENSG00000179104,0.33507386138164597,0.29195690593533,0.27519625425338745
random,pca_ridge,0,ENSG00000006282,0.3325601876592062,0.39562342782110527,0.7056778073310852
random,pca_ridge,0,ENSG00000188917,0.13082139483821167,0.18440763218405912,0.27496397495269775
random,pca_ridge,0,ENSG00000258130,0.06717314013936498,-0.02811569924007748,0.21719276905059814
random,pca_ridge,0,ENSG00000149418,0.09360230348569747,0.12057893849507717,0.15357817709445953
random,pca_ridge,0,ENSG00000092020,0.07044393016993074,0.10330182158595551,0.3594534993171692
random,pca_ridge,0,ENSG00000163564,0.12439186803973322,0.12936422729818473,0.23290467262268066
random,pca_ridge,0,ENSG00000182185,0.05890716053870243,0.06621378867835469,0.22877894341945648
random,pca_ridge,0,ENSG00000124588,0.31992212798223785,0.35966731109530575,0.5454725623130798
random,pca_ridge,0,ENSG00000172113,-0.06274821754296787,-0.025069416038803704,0.3584541976451874
random,pca_ridge,0,ENSG00000181450,-0.041270784183363454,-0.025675423376541082,0.09785331040620804
random,pca_ridge,0,ENSG00000173706,0.12473426470547087,0.10756867144955465,0.5440393686294556
random,pca_ridge,0,ENSG00000159239,0.07969592850683495,0.09014965651950585,0.19884321093559265
random,pca_ridge,0,ENSG00000115474,0.2449026085324021,0.23109537995074458,0.22550104558467865
random,pca_ridge,0,ENSG00000162739,0.2511675609108845,0.23789153293733126,0.367489755153656
random,pca_ridge,0,ENSG00000154175,0.122263177598099,0.13964065243112228,0.2641136050224304
random,pca_ridge,0,ENSG00000181264,0.02480428186650361,0.0457176435071917,0.19634667038917542
random,pca_ridge,0,ENSG00000104643,0.04676995152182114,0.09872090796499301,0.3095859885215759
random,pca_ridge,0,ENSG00000116030,0.2593407889055454,0.2506946161881666,0.46901965141296387
random,pca_ridge,0,ENSG00000166192,-0.0751862496114721,-0.08769203660033004,0.0714508667588234
random,pca_ridge,0,ENSG00000069431,0.052405184540752006,0.07282614299166958,0.2398456633090973
random,pca_ridge,0,ENSG00000104361,0.1754307381697533,0.1911126788228592,0.2790282070636749
random,pca_ridge,0,ENSG00000121039,0.11833505420783334,0.13586790297866774,0.17031387984752655
random,pca_ridge,0,ENSG00000013619,0.05628744105411645,0.05982701836278818,0.1954844444990158
random,pca_ridge,0,ENSG00000185008,0.23025559686923047,0.19266414577288685,0.18133996427059174
random,pca_ridge,0,ENSG00000077984,0.21484334963449947,0.21929984257100768,0.3412916660308838
random,pca_ridge,0,ENSG00000161526,0.19367821572050276,0.20668947663491755,0.6544198989868164
random,pca_ridge,0,ENSG00000109618,0.07386452621783128,0.04494542162453984,0.22784140706062317
random,pca_ridge,0,ENSG00000019995,-0.1142753871314059,-0.09986174344143933,0.21854913234710693
random,pca_ridge,0,ENSG00000120314,0.13123298680831702,0.21173853438579127,0.39412662386894226
random,pca_ridge,0,ENSG00000155749,,,0.050977110862731934
random,pca_ridge,0,ENSG00000129116,0.2543385169001682,0.17832689128751905,0.5672857165336609
random,pca_ridge,0,ENSG00000109743,0.15517743404121226,0.17047571299565714,0.25700417160987854
random,pca_ridge,0,ENSG00000089060,0.0720948367370009,0.120269568124974,0.45802634954452515
random,pca_ridge,0,ENSG00000120800,0.28101501249388333,0.30669292073821675,0.524523913860321
random,pca_ridge,0,ENSG00000117069,0.2506286186180728,0.2632581763816803,0.28493788838386536
random,pca_ridge,0,ENSG00000104427,0.11987897679094986,0.152921155583442,0.3410052955150604
random,pca_ridge,0,ENSG00000268651,0.24683423501403898,0.176690918391828,0.12030365318059921
random,pca_ridge,0,ENSG00000070731,0.6285825679413122,0.5918158168704822,0.619735598564148
random,pca_ridge,0,ENSG00000142731,0.08173665465490372,0.08581841967723398,0.1766340732574463
random,pca_ridge,0,ENSG00000172578,0.20357287069967045,0.17597003640615233,0.3569506108760834
random,pca_ridge,0,ENSG00000172508,0.1943710809041735,0.11081960669272475,0.10833761096000671
random,pca_ridge,0,ENSG00000164975,0.1664523869831406,0.15384848339108975,0.33296722173690796
random,pca_ridge,0,ENSG00000147789,0.13817346636956698,0.19139198693319512,0.47545677423477173
random,pca_ridge,0,ENSG00000164330,0.13861729034509637,0.11231711602277814,0.2548534572124481
random,pca_ridge,0,ENSG00000166451,0.20677948806152138,0.2515565474206772,0.2885027825832367
random,pca_ridge,0,ENSG00000197302,0.12657266210577628,0.15673751005456163,0.2913379371166229
random,pca_ridge,0,ENSG00000168298,0.028908866225353443,0.036648794234334856,0.32827523350715637
random,pca_ridge,0,ENSG00000205238,0.12493626449862523,0.07817114527792081,0.11046396940946579
random,pca_ridge,0,ENSG00000137812,0.2055393407821099,0.19284200527309112,0.24713893234729767
random,pca_ridge,0,ENSG00000269439,0.028925877569030787,0.007105304650584013,0.1824871301651001
random,pca_ridge,0,ENSG00000115271,0.06676423442424821,0.14456198064213963,0.3440302312374115
random,pca_ridge,0,ENSG00000078596,0.45459793198055476,0.4251821924374288,0.5082677602767944
random,pca_ridge,0,ENSG00000162882,0.09950073713795066,0.08305969063972925,0.14160171151161194
random,pca_ridge,0,ENSG00000179820,0.3995369809264657,0.34371282775574474,0.6115674376487732
random,pca_ridge,0,ENSG00000159023,0.045967942667368325,0.032250866697574716,0.20642545819282532
random,pca_ridge,0,ENSG00000196873,0.15138069076213587,0.13095222320255365,0.2092936784029007
random,pca_ridge,0,ENSG00000067715,0.15566039193869116,0.1516254116120269,0.17459633946418762
random,pca_ridge,0,ENSG00000245164,0.282819815841404,0.198112612022166,0.27136147022247314
random,pca_ridge,0,ENSG00000054967,0.12053581791605983,0.11714950291128906,0.4333028495311737
random,pca_ridge,0,ENSG00000000971,0.2798892489099386,0.2790974858421629,0.6349783539772034
random,pca_ridge,0,ENSG00000189362,0.04871414017993096,0.06854508604965036,0.1780196577310562
random,pca_ridge,0,ENSG00000171016,0.21254237105366433,0.20598192484942496,0.1695706695318222
random,pca_ridge,0,ENSG00000132704,0.3839227158102163,0.24102835389056276,0.22333969175815582
random,pca_ridge,0,ENSG00000116830,0.012027687495313471,0.07128260890181862,0.27977633476257324
random,pca_ridge,0,ENSG00000171241,0.209419273524411,0.2154370820353744,0.33346933126449585
random,pca_ridge,0,ENSG00000136504,0.015047249783588543,0.07450464240602797,0.42518314719200134
random,pca_ridge,0,ENSG00000169629,-0.019362392993718072,-0.002814603449085529,0.1926494985818863
random,pca_ridge,0,ENSG00000274419,-0.05593437316948373,-0.04537634695182571,0.4938604235649109
random,pca_ridge,0,ENSG00000141480,0.15374257526315963,0.2805065500077623,0.7175844311714172
random,pca_ridge,0,ENSG00000042980,0.46715108454490717,0.3101661779531381,0.2476310431957245
random,pca_ridge,0,ENSG00000122122,0.44196823295254234,0.2845187668782317,0.33298298716545105
random,pca_ridge,0,ENSG00000077585,0.1042891234598987,0.23099143519788196,0.5169746279716492
random,pca_ridge,0,ENSG00000140323,0.11578204217161443,0.14346834656567126,0.15236535668373108
random,pca_ridge,0,ENSG00000125266,0.04115122015953133,0.06560084527382407,0.3058449923992157
random,pca_ridge,0,ENSG00000167685,0.2082735313685697,0.24985060723091476,0.5114206075668335
random,pca_ridge,0,ENSG00000219626,0.0643318990077009,0.05612425396741339,0.18385060131549835
random,pca_ridge,0,ENSG00000101811,0.1695220266468414,0.17778017557576534,0.21350128948688507
random,pca_ridge,0,ENSG00000196664,0.09230879243655865,0.11941390162433956,0.18564985692501068
random,pca_ridge,0,ENSG00000128578,0.08192030130894778,0.07113560654926196,0.2582237720489502
random,pca_ridge,0,ENSG00000177463,0.03708208408477747,0.04303725502866701,0.3108772933483124
random,pca_ridge,0,ENSG00000135365,0.14073799830778083,0.12876855480657812,0.46069663763046265
random,pca_ridge,0,ENSG00000185189,0.3012324457968154,0.34303489912728885,0.5082011818885803
random,pca_ridge,0,ENSG00000264575,0.11775428656727455,0.13107948715660575,0.13361148536205292
random,pca_ridge,0,ENSG00000163683,0.3117856392819035,0.21247198478086607,0.4735138714313507
random,pca_ridge,0,ENSG00000158966,0.012778229664308704,-0.010209951976269371,0.22441960871219635
random,pca_ridge,0,ENSG00000182162,0.22999323708863542,0.21131258281846121,0.2846553921699524
random,pca_ridge,0,ENSG00000168071,0.43023229462711376,0.3621223489847372,0.4518754184246063
random,pca_ridge,0,ENSG00000079101,0.07613628242109749,0.0628498473990081,0.16450247168540955
random,pca_ridge,0,ENSG00000196476,0.07408128408473756,0.06413751615132755,0.20858705043792725
random,pca_ridge,0,ENSG00000231106,0.09764787001647336,0.10952770822404978,0.24292665719985962
random,spatial_knn,0,ENSG00000281383,0.1814952093369298,0.21472255356135628,1.1415623508353334
random,spatial_knn,0,ENSG00000251562,0.32155711537401155,0.32882773338870736,0.8561992278740965
random,spatial_knn,0,ENSG00000137077,-0.06172317503033395,-0.08106453329591727,1.1829311887545788
random,spatial_knn,0,ENSG00000254709,-0.07105669220822924,-0.113501434316355,1.4369188300076994
random,spatial_knn,0,ENSG00000118785,0.027826144888582677,-0.004382235200955351,1.3491493640312364
random,spatial_knn,0,ENSG00000108821,-0.046856926855826146,-0.04324124198154414,1.4396481528703393
random,spatial_knn,0,ENSG00000156738,-0.034281845559645516,-0.0572171420299984,0.8593034522431523
random,spatial_knn,0,ENSG00000019582,-0.03839784913287634,-0.039939516699208026,1.355591261626285
random,spatial_knn,0,ENSG00000132465,-0.08299470809304574,-0.06454209133059084,1.0074978658119684
random,spatial_knn,0,ENSG00000169442,0.00625675369334667,0.03741379977261398,1.1687866711112807
random,spatial_knn,0,ENSG00000182492,-0.04363148292378534,-0.048673102775387354,1.4277067010063618
random,spatial_knn,0,ENSG00000101335,0.03681099170263682,0.06196351609944315,1.1381963307199279
random,spatial_knn,0,ENSG00000105369,0.044945795556464156,0.0371247664507916,0.8314953942977209
random,spatial_knn,0,ENSG00000168542,0.0012401006998261524,-0.02738520493539383,1.241639826820638
random,spatial_knn,0,ENSG00000204382,-0.11805422678636432,-0.10684774132266874,0.6069571471604689
random,spatial_knn,0,ENSG00000261857,-0.010839548798068291,-0.02705275662573385,1.3615556566277116
random,spatial_knn,0,ENSG00000185664,-0.24672022839794316,-0.2566697836139624,2.219069344770731
random,spatial_knn,0,ENSG00000245532,-0.10812712243496066,-0.13722793771493266,1.289532030840563
random,spatial_knn,0,ENSG00000153064,0.005783719508662977,0.04575834490840085,0.32867016610032007
random,spatial_knn,0,ENSG00000137818,-0.003927897090015944,-0.04151623463840434,0.5697548680572705
random,spatial_knn,0,ENSG00000104921,0.060714717905883425,0.09106141586634732,0.45889418657337006
random,spatial_knn,0,ENSG00000164692,0.040840807147027695,0.028427953451197103,1.2522947307747267
random,spatial_knn,0,ENSG00000160307,-0.15469993671834073,-0.16216472800364365,1.682261030708468
random,spatial_knn,0,ENSG00000126709,-0.1254266303774977,-0.10315301343499474,1.5119879058197279
random,spatial_knn,0,ENSG00000204287,-0.04732165316205991,-0.05788461655076784,1.244277925051015
random,spatial_knn,0,ENSG00000105664,0.0394865376842228,0.026152854782340577,0.6084084362226835
random,spatial_knn,0,ENSG00000227507,0.009293533573026216,0.0017625917362117088,0.8875753484859222
random,spatial_knn,0,ENSG00000234745,-0.12358692850869601,-0.1381709970485472,1.3704895527342698
random,spatial_knn,0,ENSG00000104894,-0.032361236240204865,0.01663935577140235,0.7651620239315113
random,spatial_knn,0,ENSG00000196092,0.12877217770226437,0.07656646536994362,0.37805713692102516
random,spatial_knn,0,ENSG00000129538,-0.18299713093921885,-0.17831767307981805,1.276005696613813
random,spatial_knn,0,ENSG00000143341,0.05534238390517336,0.04664080768326288,0.9724723325181326
random,spatial_knn,0,ENSG00000139329,0.0028121217725263674,0.023813423104260115,0.8934938533197712
random,spatial_knn,0,ENSG00000087086,0.06441727006011376,-0.005562341592780349,0.6768817278179429
random,spatial_knn,0,ENSG00000140105,-0.14958858917881449,-0.17979355276050807,1.1763990569773974
random,spatial_knn,0,ENSG00000162511,-0.0734374801918185,-0.07657948301979749,1.2306771302652513
random,spatial_knn,0,ENSG00000110799,-0.021337142623720093,-0.03696399966115533,0.9080903518413802
random,spatial_knn,0,ENSG00000107317,-0.12296108395048151,-0.09983946408031674,0.8603315587892919
random,spatial_knn,0,ENSG00000173369,-0.12358866276534693,-0.10372430606754088,1.2652761206968643
random,spatial_knn,0,ENSG00000011465,-0.06039677217590394,-0.05380112491325994,0.8217622723840747
random,spatial_knn,0,ENSG00000115306,-0.06691258307533512,-0.09633226840783436,1.1033963781776386
random,spatial_knn,0,ENSG00000102879,-0.09802201672723776,-0.07885389940641782,0.918348955965164
random,spatial_knn,0,ENSG00000104419,-0.11908928157434182,-0.13975377487505714,1.3154190141323663
random,spatial_knn,0,ENSG00000255823,0.013813587046130631,0.02117208523734767,1.2674330921457695
random,spatial_knn,0,ENSG00000115461,-0.1526551919574226,-0.13478889806090122,1.2117244326691912
random,spatial_knn,0,ENSG00000068831,-0.04700425057078793,0.01214709000285534,0.6151909034115539
random,spatial_knn,0,ENSG00000125730,-0.124489618558236,-0.09697389145672276,0.8825046956382488
random,spatial_knn,0,ENSG00000206503,0.06550427285363376,0.030049584066247314,1.1197583833939677
random,spatial_knn,0,ENSG00000007312,-0.029740617881231782,-0.022350764091431986,0.7408082444289767
random,spatial_knn,0,ENSG00000145824,-0.07675155769763274,-0.009217540018499065,0.5833924513919259
random,spatial_knn,0,ENSG00000152556,-0.014749065584626051,-0.0020167574862344864,0.6171322646611825
random,spatial_knn,0,ENSG00000273576,-0.0366990320273352,-0.04887724717957775,0.10117084288289772
random,spatial_knn,0,ENSG00000266074,-0.12347152659672439,-0.13522001709974932,0.30754308048209494
random,spatial_knn,0,ENSG00000198466,-0.007369964514819219,-0.05334832120840247,0.46641052251366744
random,spatial_knn,0,ENSG00000169884,0.03364168212174128,0.09496828697575081,0.2134173966923517
random,spatial_knn,0,ENSG00000126001,-0.04867993503805652,-0.032981261197783523,0.45981560097576246
random,spatial_knn,0,ENSG00000185963,-0.08355354531597413,-0.05003814356605231,0.5488591362600154
random,spatial_knn,0,ENSG00000215845,-0.142369459571576,-0.15899679489235366,0.49263154758542754
random,spatial_knn,0,ENSG00000172936,0.013888386298515668,0.00354964193496084,0.43546213521168586
random,spatial_knn,0,ENSG00000179104,-0.052493901366108355,-0.07374060395217666,0.32247615779422606
random,spatial_knn,0,ENSG00000006282,0.0049307811955686025,-0.02309655360126848,0.7835711538770458
random,spatial_knn,0,ENSG00000188917,-0.046446654465809326,-0.019577972829741084,0.29358550688998253
random,spatial_knn,0,ENSG00000258130,-0.05431457017005995,-0.10111825002838513,0.23339123152742466
random,spatial_knn,0,ENSG00000149418,0.007068661081507781,0.081748312335601,0.16849055281508477
random,spatial_knn,0,ENSG00000092020,0.07892748846504082,0.014047598856501616,0.3777799783598067
random,spatial_knn,0,ENSG00000163564,-0.002701530980196586,-0.05011363481564519,0.2474826426618717
random,spatial_knn,0,ENSG00000182185,0.05309973723202321,0.120393319922507,0.23225178116385609
random,spatial_knn,0,ENSG00000124588,-0.023852837635412343,-0.025329829557469385,0.6243944619244955
random,spatial_knn,0,ENSG00000172113,0.0012570974734120524,-0.0036138569144171513,0.3660059529611975
random,spatial_knn,0,ENSG00000181450,-0.04813641201166721,-0.06469262098461105,0.10861355787841523
random,spatial_knn,0,ENSG00000173706,0.12186699258955193,0.12848872337678718,0.5479303678484213
random,spatial_knn,0,ENSG00000159239,-0.0917673667015187,-0.1254157055840765,0.21254705325444645
random,spatial_knn,0,ENSG00000115474,-0.07356872363813054,-0.0822188541569673,0.2576563985599057
random,spatial_knn,0,ENSG00000162739,0.043915467826867,0.06110086532785275,0.39416002476766016
random,spatial_knn,0,ENSG00000154175,0.02405831109604761,0.06666083016097243,0.275283336041414
random,spatial_knn,0,ENSG00000181264,-0.09430003398338248,-0.11872526852687314,0.20935557523186674
random,spatial_knn,0,ENSG00000104643,0.0069439030793184055,0.008597088092089733,0.32809726325871796
random,spatial_knn,0,ENSG00000116030,-0.11780322167916575,-0.05166410705473728,0.5224677948799443
random,spatial_knn,0,ENSG00000166192,-0.016916353697451234,-0.022004865485929608,0.0804286188469064
random,spatial_knn,0,ENSG00000069431,-0.022926341070876138,-0.02955144222605954,0.24592079656888047
random,spatial_knn,0,ENSG00000104361,-0.05276389140891435,-0.06299501672830007,0.3084460650057946
random,spatial_knn,0,ENSG00000121039,-0.06228538717012027,-0.07628365152724274,0.1900615616129954
random,spatial_knn,0,ENSG00000013619,0.04354930499241678,0.04593154904122221,0.2002582751229276
random,spatial_knn,0,ENSG00000185008,-0.04372208043662948,-0.06440688680734315,0.1914299929466526
random,spatial_knn,0,ENSG00000077984,-0.04722161234767087,-0.012384402910392398,0.3788802676979931
random,spatial_knn,0,ENSG00000161526,-0.04832112941506566,-0.0713253739225453,0.7121262248409609
random,spatial_knn,0,ENSG00000109618,-0.03578491782285563,0.00016379330198073612,0.24548741129253226
random,spatial_knn,0,ENSG00000019995,-0.010544324263126485,0.010351935529906145,0.22679595423456264
random,spatial_knn,0,ENSG00000120314,0.1168276177969027,0.10425561199576472,0.3997330044452996
random,spatial_knn,0,ENSG00000155749,,,0.06015091798713686
random,spatial_knn,0,ENSG00000129116,0.05473035986125626,0.06854199441841667,0.6089124985011574
random,spatial_knn,0,ENSG00000109743,-0.08834127024010247,-0.10141200030003357,0.27915233375329357
random,spatial_knn,0,ENSG00000089060,-0.02274019870471717,-0.005780952068015741,0.4745798048708301
random,spatial_knn,0,ENSG00000120800,-0.12149471678402177,-0.09362030093157575,0.5977044874809606
random,spatial_knn,0,ENSG00000117069,-0.038808708001561006,-0.05225342772157891,0.29922469957124564
random,spatial_knn,0,ENSG00000104427,-0.09535320027690601,-0.11987391976750325,0.35477384886946484
random,spatial_knn,0,ENSG00000268651,-0.036279638056940844,-0.06910617556420541,0.15315276875542314
random,spatial_knn,0,ENSG00000070731,-0.0022785832756201645,0.002704278475489341,0.8539473709991298
random,spatial_knn,0,ENSG00000142731,-0.032596328711309054,0.0025636779785435074,0.18544024107241786
random,spatial_knn,0,ENSG00000172578,-0.04172028535351472,-0.018023844641036048,0.3821728864982523
random,spatial_knn,0,ENSG00000172508,-0.02600748784405471,-0.0385326027693039,0.12849164315430006
random,spatial_knn,0,ENSG00000164975,-0.04277441576124437,-0.010463514589305044,0.359672061917318
random,spatial_knn,0,ENSG00000147789,0.0004776756345427695,-0.006908527989497536,0.5055962979974382
random,spatial_knn,0,ENSG00000164330,0.006688126948073193,-0.07040672523067046,0.27271761948039563
random,spatial_knn,0,ENSG00000166451,0.028047172170412863,0.009411486247325995,0.3185978262752068
random,spatial_knn,0,ENSG00000197302,0.017007570296781117,-0.002849575837314516,0.30761237172764644
random,spatial_knn,0,ENSG00000168298,0.060485381202097274,0.08163249676084458,0.33301383982671434
random,spatial_knn,0,ENSG00000205238,-0.0261486242815258,-0.04233241825085109,0.13260444372369615
random,spatial_knn,0,ENSG00000137812,0.04231022785961509,0.06706716681623927,0.2623399668887095
random,spatial_knn,0,ENSG00000269439,-0.08016115149817549,-0.11748419047761383,0.19380976952853624
random,spatial_knn,0,ENSG00000115271,-0.02527190679229791,-0.006557761258705359,0.360154054632911
random,spatial_knn,0,ENSG00000078596,-0.11912433522662882,-0.11208045240920138,0.6186671532673624
random,spatial_knn,0,ENSG00000162882,0.10905275234590134,0.059747673171060334,0.14189092792519006
random,spatial_knn,0,ENSG00000179820,0.07239210173334902,0.13461608197892674,0.6819188984031054
random,spatial_knn,0,ENSG00000159023,-0.035742748536950836,0.01730449134092819,0.2226281839081458
random,spatial_knn,0,ENSG00000196873,0.07271346454426858,0.055698346659630166,0.24021988869476094
random,spatial_knn,0,ENSG00000067715,0.03178806557516502,0.02916877960239036,0.17950639913489846
random,spatial_knn,0,ENSG00000245164,0.010493352240634284,0.07405041256714902,0.2943549142310921
random,spatial_knn,0,ENSG00000054967,0.0038615169025744294,0.03626201607498896,0.45580337993324926
random,spatial_knn,0,ENSG00000000971,-0.07554855738797013,-0.10836408983254688,0.7092946576800632
random,spatial_knn,0,ENSG00000189362,-0.04794422676033851,-0.048427096492890245,0.19123481874769213
random,spatial_knn,0,ENSG00000171016,0.004680896915861024,0.020024557030243032,0.18702545401841675
random,spatial_knn,0,ENSG00000132704,-0.05109617733595073,-0.0581913462001022,0.2560900445882541
random,spatial_knn,0,ENSG00000116830,0.05408720386196739,0.04570872377643493,0.2849975849259355
random,spatial_knn,0,ENSG00000171241,-0.05965210531767733,-0.0875131545017897,0.36684504710656607
random,spatial_knn,0,ENSG00000136504,-0.07332372772384621,-0.042041596670346945,0.44237932516560063
random,spatial_knn,0,ENSG00000169629,0.2256854673089325,0.013829926595285666,0.18851258721013156
random,spatial_knn,0,ENSG00000274419,-0.03010948253664273,-0.05516271439287044,0.5056393563326949
random,spatial_knn,0,ENSG00000141480,-0.024448045419491474,-0.03386912092370031,0.7557039106013003
random,spatial_knn,0,ENSG00000042980,-0.035976887796491205,-0.005632352861082031,0.30473613818874473
random,spatial_knn,0,ENSG00000122122,-0.07291461786166772,-0.062436328994161454,0.4118586824095075
random,spatial_knn,0,ENSG00000077585,-0.03647799825736083,-0.015100779430607668,0.5373430061210965
random,spatial_knn,0,ENSG00000140323,-0.022826679380384716,-0.04736397578115094,0.17859277267861534
random,spatial_knn,0,ENSG00000125266,-0.09224856527861935,-0.1283484703583326,0.3227079810739167
random,spatial_knn,0,ENSG00000167685,-0.14927486127016656,-0.16239427632287584,0.5634836536853801
random,spatial_knn,0,ENSG00000219626,0.05037216668048248,0.0485631921610693,0.1959390388668823
random,spatial_knn,0,ENSG00000101811,0.06353154934065451,0.008061634320716004,0.2242096400617368
random,spatial_knn,0,ENSG00000196664,0.012188732332907118,0.0033218430951373664,0.1939658808211726
random,spatial_knn,0,ENSG00000128578,0.005283405214610442,0.08147224736804426,0.27800214793605854
random,spatial_knn,0,ENSG00000177463,0.04623416919905743,0.019311463822508732,0.32121085536416255
random,spatial_knn,0,ENSG00000135365,0.062247627852061345,0.10809807718041659,0.486335993095922
random,spatial_knn,0,ENSG00000185189,0.056362841583896005,0.042256457295659786,0.5480617168153488
random,spatial_knn,0,ENSG00000264575,-0.02625818249649095,-0.04233241825085109,0.1447145889130125
random,spatial_knn,0,ENSG00000163683,-0.09733590298328344,-0.11368525474581057,0.5538237730552312
random,spatial_knn,0,ENSG00000158966,-0.06437034429632046,-0.08129242465242638,0.23039381895002928
random,spatial_knn,0,ENSG00000182162,-0.053546111765126435,-0.033065956452739735,0.33105390068843965
random,spatial_knn,0,ENSG00000168071,0.0018646856695224835,0.050096794664464206,0.532907927186118
random,spatial_knn,0,ENSG00000079101,-0.0246314723470242,-0.012192316079154102,0.17666614586035523
random,spatial_knn,0,ENSG00000196476,-0.04820286145224077,-0.08312537840839254,0.23470057657206653
random,spatial_knn,0,ENSG00000231106,-0.05540102341788091,-0.044977641527383636,0.2524182420519308
patient_mel1_,mean,0,ENSG00000281383,0.0,,1.235213041305542
patient_mel1_,mean,0,ENSG00000251562,,,0.8579866886138916
patient_mel1_,mean,0,ENSG00000137077,,,1.2203351259231567
patient_mel1_,mean,0,ENSG00000254709,,,2.062911033630371
patient_mel1_,mean,0,ENSG00000118785,,,2.1935746669769287
patient_mel1_,mean,0,ENSG00000108821,,,1.5720165967941284
patient_mel1_,mean,0,ENSG00000156738,,,1.4583208560943604
patient_mel1_,mean,0,ENSG00000019582,,,1.4850739240646362
patient_mel1_,mean,0,ENSG00000132465,,,1.4504005908966064
patient_mel1_,mean,0,ENSG00000169442,,,1.495598554611206
patient_mel1_,mean,0,ENSG00000182492,,,1.370700716972351
patient_mel1_,mean,0,ENSG00000101335,0.0,,1.20973801612854
patient_mel1_,mean,0,ENSG00000105369,,,1.17996346950531
patient_mel1_,mean,0,ENSG00000168542,,,1.1947318315505981
patient_mel1_,mean,0,ENSG00000204382,0.0,,1.2242984771728516
patient_mel1_,mean,0,ENSG00000261857,,,2.0405726432800293
patient_mel1_,mean,0,ENSG00000185664,0.0,,1.126045823097229
patient_mel1_,mean,0,ENSG00000245532,,,1.0288939476013184
patient_mel1_,mean,0,ENSG00000153064,0.0,,0.5389453172683716
patient_mel1_,mean,0,ENSG00000137818,,,0.5290906429290771
patient_mel1_,mean,0,ENSG00000104921,,,0.6038622856140137
patient_mel1_,mean,0,ENSG00000164692,0.0,,1.0740137100219727
patient_mel1_,mean,0,ENSG00000160307,0.0,,2.626020669937134
patient_mel1_,mean,0,ENSG00000126709,0.0,,1.170795202255249
patient_mel1_,mean,0,ENSG00000204287,0.0,,1.6290768384933472
patient_mel1_,mean,0,ENSG00000105664,,,0.9914042949676514
patient_mel1_,mean,0,ENSG00000227507,0.0,,1.368390440940857
patient_mel1_,mean,0,ENSG00000234745,0.0,,1.675838828086853
patient_mel1_,mean,0,ENSG00000104894,,,1.1125686168670654
patient_mel1_,mean,0,ENSG00000196092,,,0.6353182792663574
patient_mel1_,mean,0,ENSG00000129538,,,1.1187937259674072
patient_mel1_,mean,0,ENSG00000143341,0.0,,0.7286367416381836
patient_mel1_,mean,0,ENSG00000139329,0.0,,0.8619043827056885
patient_mel1_,mean,0,ENSG00000087086,,,0.5802962183952332
patient_mel1_,mean,0,ENSG00000140105,0.0,,1.2643579244613647
patient_mel1_,mean,0,ENSG00000162511,0.0,,1.4414921998977661
patient_mel1_,mean,0,ENSG00000110799,0.0,,0.838728666305542
patient_mel1_,mean,0,ENSG00000107317,0.0,,1.2167611122131348
patient_mel1_,mean,0,ENSG00000173369,,,1.0013916492462158
patient_mel1_,mean,0,ENSG00000011465,,,1.0349438190460205
patient_mel1_,mean,0,ENSG00000115306,,,1.2694613933563232
patient_mel1_,mean,0,ENSG00000102879,,,1.2525748014450073
patient_mel1_,mean,0,ENSG00000104419,,,1.214168906211853
patient_mel1_,mean,0,ENSG00000255823,,,1.2590702772140503
patient_mel1_,mean,0,ENSG00000115461,0.0,,0.9783487915992737
patient_mel1_,mean,0,ENSG00000068831,0.0,,0.9007266163825989
patient_mel1_,mean,0,ENSG00000125730,0.0,,1.319977045059204
patient_mel1_,mean,0,ENSG00000206503,0.0,,1.331139087677002
patient_mel1_,mean,0,ENSG00000007312,0.0,,1.2475965023040771
patient_mel1_,mean,0,ENSG00000145824,,,0.8365399241447449
patient_mel1_,mean,0,ENSG00000152556,0.0,,0.4846416115760803
patient_mel1_,mean,0,ENSG00000273576,,,0.1612095683813095
patient_mel1_,mean,0,ENSG00000266074,0.0,,0.4068148732185364
patient_mel1_,mean,0,ENSG00000198466,0.0,,0.2949027121067047
patient_mel1_,mean,0,ENSG00000169884,,,0.14520087838172913
patient_mel1_,mean,0,ENSG00000126001,0.0,,0.4155021607875824
patient_mel1_,mean,0,ENSG00000185963,0.0,,0.4026772677898407
patient_mel1_,mean,0,ENSG00000215845,,,0.7591540813446045
patient_mel1_,mean,0,ENSG00000172936,,,0.4451645016670227
patient_mel1_,mean,0,ENSG00000179104,,,0.2007375955581665
patient_mel1_,mean,0,ENSG00000006282,0.0,,0.5239610075950623
patient_mel1_,mean,0,ENSG00000188917,,,0.2843690514564514
patient_mel1_,mean,0,ENSG00000258130,0.0,,0.1596977263689041
patient_mel1_,mean,0,ENSG00000149418,0.0,,0.2503969967365265
patient_mel1_,mean,0,ENSG00000092020,,,0.4317209720611572
patient_mel1_,mean,0,ENSG00000163564,,,0.19274447858333588
patient_mel1_,mean,0,ENSG00000182185,,,0.19978421926498413
patient_mel1_,mean,0,ENSG00000124588,0.0,,0.48994630575180054
patient_mel1_,mean,0,ENSG00000172113,,,0.2950694262981415
patient_mel1_,mean,0,ENSG00000181450,,,0.22707761824131012
patient_mel1_,mean,0,ENSG00000173706,0.0,,0.4431300163269043
patient_mel1_,mean,0,ENSG00000159239,0.0,,0.182201087474823
patient_mel1_,mean,0,ENSG00000115474,0.0,0.0,0.03991323709487915
patient_mel1_,mean,0,ENSG00000162739,0.0,,0.43497350811958313
patient_mel1_,mean,0,ENSG00000154175,,,0.36460620164871216
patient_mel1_,mean,0,ENSG00000181264,,,0.25462713837623596
patient_mel1_,mean,0,ENSG00000104643,,,0.27618443965911865
patient_mel1_,mean,0,ENSG00000116030,,,0.6221755743026733
patient_mel1_,mean,0,ENSG00000166192,,,0.10088583081960678
patient_mel1_,mean,0,ENSG00000069431,0.0,,0.24042676389217377
patient_mel1_,mean,0,ENSG00000104361,0.0,,0.34124499559402466
patient_mel1_,mean,0,ENSG00000121039,0.0,,0.2536796033382416
patient_mel1_,mean,0,ENSG00000013619,,,0.15522713959217072
patient_mel1_,mean,0,ENSG00000185008,,,0.06897921115159988
patient_mel1_,mean,0,ENSG00000077984,0.0,,0.31278640031814575
patient_mel1_,mean,0,ENSG00000161526,0.0,,0.6287459135055542
patient_mel1_,mean,0,ENSG00000109618,0.0,,0.26127156615257263
patient_mel1_,mean,0,ENSG00000019995,,,0.11757468432188034
patient_mel1_,mean,0,ENSG00000120314,,,0.4133025109767914
patient_mel1_,mean,0,ENSG00000155749,,,0.09723008424043655
patient_mel1_,mean,0,ENSG00000129116,,,0.5298501253128052
patient_mel1_,mean,0,ENSG00000109743,0.0,,0.28821471333503723
patient_mel1_,mean,0,ENSG00000089060,0.0,,0.3925577998161316
patient_mel1_,mean,0,ENSG00000120800,,,0.41052696108818054
patient_mel1_,mean,0,ENSG00000117069,0.0,,0.1962028592824936
patient_mel1_,mean,0,ENSG00000104427,,,0.2943902313709259
patient_mel1_,mean,0,ENSG00000268651,,,0.3057578206062317
patient_mel1_,mean,0,ENSG00000070731,,,0.5071887969970703
patient_mel1_,mean,0,ENSG00000142731,,,0.22013399004936218
patient_mel1_,mean,0,ENSG00000172578,0.0,,0.3785242438316345
patient_mel1_,mean,0,ENSG00000172508,,,0.23183146119117737
patient_mel1_,mean,0,ENSG00000164975,,,0.4614954888820648
patient_mel1_,mean,0,ENSG00000147789,,,0.4820963442325592
patient_mel1_,mean,0,ENSG00000164330,0.0,,0.36341530084609985
patient_mel1_,mean,0,ENSG00000166451,,,0.3394414484500885
patient_mel1_,mean,0,ENSG00000197302,0.0,,0.14285442233085632
patient_mel1_,mean,0,ENSG00000168298,,,0.30171793699264526
patient_mel1_,mean,0,ENSG00000205238,0.0,,0.13048548996448517
patient_mel1_,mean,0,ENSG00000137812,,,0.20654606819152832
patient_mel1_,mean,0,ENSG00000269439,,,0.15284450352191925
patient_mel1_,mean,0,ENSG00000115271,,,0.5034520030021667
patient_mel1_,mean,0,ENSG00000078596,,,0.5167914032936096
patient_mel1_,mean,0,ENSG00000162882,,,0.1848796010017395
patient_mel1_,mean,0,ENSG00000179820,,,1.1277241706848145
patient_mel1_,mean,0,ENSG00000159023,0.0,,0.21993383765220642
patient_mel1_,mean,0,ENSG00000196873,,,0.3418341875076294
patient_mel1_,mean,0,ENSG00000067715,0.0,,0.29230305552482605
patient_mel1_,mean,0,ENSG00000245164,,,0.2941509485244751
patient_mel1_,mean,0,ENSG00000054967,0.0,,0.3292548656463623
patient_mel1_,mean,0,ENSG00000000971,,,0.7553205490112305
patient_mel1_,mean,0,ENSG00000189362,,,0.24092665314674377
patient_mel1_,mean,0,ENSG00000171016,0.0,,0.37889406085014343
patient_mel1_,mean,0,ENSG00000132704,0.0,,0.44750773906707764
patient_mel1_,mean,0,ENSG00000116830,0.0,,0.37709352374076843
patient_mel1_,mean,0,ENSG00000171241,,,0.3734414875507355
patient_mel1_,mean,0,ENSG00000136504,0.0,,0.3662172555923462
patient_mel1_,mean,0,ENSG00000169629,0.0,,0.09729309380054474
patient_mel1_,mean,0,ENSG00000274419,0.0,,0.45348426699638367
patient_mel1_,mean,0,ENSG00000141480,0.0,,0.5295685529708862
patient_mel1_,mean,0,ENSG00000042980,0.0,,0.4877852499485016
patient_mel1_,mean,0,ENSG00000122122,,,0.5308020114898682
patient_mel1_,mean,0,ENSG00000077585,,,0.3947938084602356
patient_mel1_,mean,0,ENSG00000140323,,,0.021265540271997452
patient_mel1_,mean,0,ENSG00000125266,,,0.2692444324493408
patient_mel1_,mean,0,ENSG00000167685,,,0.3644556701183319
patient_mel1_,mean,0,ENSG00000219626,,,0.29757604002952576
patient_mel1_,mean,0,ENSG00000101811,0.0,,0.2864015996456146
patient_mel1_,mean,0,ENSG00000196664,0.0,,0.2650817632675171
patient_mel1_,mean,0,ENSG00000128578,0.0,,0.19234059751033783
patient_mel1_,mean,0,ENSG00000177463,,,0.21433229744434357
patient_mel1_,mean,0,ENSG00000135365,,,0.4173963963985443
patient_mel1_,mean,0,ENSG00000185189,,,0.4803687036037445
patient_mel1_,mean,0,ENSG00000264575,0.0,,0.14668691158294678
patient_mel1_,mean,0,ENSG00000163683,,,0.5689343810081482
patient_mel1_,mean,0,ENSG00000158966,0.0,,0.11463579535484314
patient_mel1_,mean,0,ENSG00000182162,0.0,,0.3411919176578522
patient_mel1_,mean,0,ENSG00000168071,0.0,,0.7016705274581909
patient_mel1_,mean,0,ENSG00000079101,,,0.07459012418985367
patient_mel1_,mean,0,ENSG00000196476,0.0,,0.24288451671600342
patient_mel1_,mean,0,ENSG00000231106,,,0.13877049088478088
patient_mel1_,pca_ridge,0,ENSG00000281383,0.6101001938802171,0.6170162516892677,1.7374845743179321
patient_mel1_,pca_ridge,0,ENSG00000251562,0.18561349977093225,0.16022534172371242,1.096388578414917
patient_mel1_,pca_ridge,0,ENSG00000137077,0.5497922237816122,0.5060217192921604,1.120891809463501
patient_mel1_,pca_ridge,0,ENSG00000254709,0.5204766496676037,0.550237396894711,1.5383692979812622
patient_mel1_,pca_ridge,0,ENSG00000118785,0.5300686331080717,0.5942324456116328,2.5709831714630127
patient_mel1_,pca_ridge,0,ENSG00000108821,0.6484048293987326,0.6293219305427333,1.1508210897445679
patient_mel1_,pca_ridge,0,ENSG00000156738,0.6894301451272942,0.6117181976974658,0.9688096642494202
patient_mel1_,pca_ridge,0,ENSG00000019582,0.7052571437909396,0.7262700773891347,0.9021691083908081
patient_mel1_,pca_ridge,0,ENSG00000132465,0.5039923898588364,0.5017482852311991,1.1907039880752563
patient_mel1_,pca_ridge,0,ENSG00000169442,0.6771743064258939,0.653132706237782,0.8729954361915588
patient_mel1_,pca_ridge,0,ENSG00000182492,0.5375352416500752,0.5366310136166536,0.9876224398612976
patient_mel1_,pca_ridge,0,ENSG00000101335,0.5670698900599991,0.5625267902592713,1.008712649345398
patient_mel1_,pca_ridge,0,ENSG00000105369,0.6710261118874478,0.5903614246147905,0.796552836894989
patient_mel1_,pca_ridge,0,ENSG00000168542,0.5308493469140243,0.5250359534174931,1.0319303274154663
patient_mel1_,pca_ridge,0,ENSG00000204382,0.0,,1.2242984771728516
patient_mel1_,pca_ridge,0,ENSG00000261857,0.4125118530840993,0.4298164598255262,1.3599638938903809
patient_mel1_,pca_ridge,0,ENSG00000185664,0.5658876385186582,0.593564555085396,1.0017529726028442
patient_mel1_,pca_ridge,0,ENSG00000245532,0.24500559469888827,0.28030873341098367,0.995522677898407
patient_mel1_,pca_ridge,0,ENSG00000153064,0.5524880756844786,0.46357170417467863,0.4750548303127289
patient_mel1_,pca_ridge,0,ENSG00000137818,0.18059038267803673,0.06323237231338197,0.5023908019065857
patient_mel1_,pca_ridge,0,ENSG00000104921,0.45508259911285043,0.4050334792229952,0.5512508749961853
patient_mel1_,pca_ridge,0,ENSG00000164692,0.45659424177903796,0.4795108508141294,1.026818871498108
patient_mel1_,pca_ridge,0,ENSG00000160307,0.36209523727267734,0.38707550669563406,1.9300119876861572
patient_mel1_,pca_ridge,0,ENSG00000126709,0.2202062956834226,0.24562996583016983,0.9344236254692078
patient_mel1_,pca_ridge,0,ENSG00000204287,0.6337574998130073,0.648459191259677,1.086739420890808
patient_mel1_,pca_ridge,0,ENSG00000105664,0.27345033329626023,0.3165065425613411,0.9295032620429993
patient_mel1_,pca_ridge,0,ENSG00000227507,0.6912725093808471,0.6403180258162413,0.8489843010902405
patient_mel1_,pca_ridge,0,ENSG00000234745,0.3964894509393752,0.39093353581291146,1.2720261812210083
patient_mel1_,pca_ridge,0,ENSG00000104894,0.6574697838193005,0.5647268779975178,0.7802551984786987
patient_mel1_,pca_ridge,0,ENSG00000196092,0.48690753673800563,0.41819489207610694,0.5519196391105652
patient_mel1_,pca_ridge,0,ENSG00000129538,0.1892602961805555,0.19683995201200974,0.930709958076477
patient_mel1_,pca_ridge,0,ENSG00000143341,0.4477233241271662,0.49880404850213744,0.5903417468070984
patient_mel1_,pca_ridge,0,ENSG00000139329,0.4536543230655556,0.45611284810022906,0.7887287139892578
patient_mel1_,pca_ridge,0,ENSG00000087086,0.1574822734813991,0.020728190951401843,0.6492300629615784
patient_mel1_,pca_ridge,0,ENSG00000140105,0.2374635670424654,0.1915743322869339,1.2305629253387451
patient_mel1_,pca_ridge,0,ENSG00000162511,0.5948600086641103,0.6281006449686901,0.9992340207099915
patient_mel1_,pca_ridge,0,ENSG00000110799,0.3358119843801189,0.39595254722678225,0.8450981378555298
patient_mel1_,pca_ridge,0,ENSG00000107317,0.5692381892004151,0.555475485015495,0.9428033232688904
patient_mel1_,pca_ridge,0,ENSG00000173369,0.3711865809584304,0.37161034735220444,0.9286805987358093
patient_mel1_,pca_ridge,0,ENSG00000011465,0.39140221097197586,0.4304829977151675,0.9188967943191528
patient_mel1_,pca_ridge,0,ENSG00000115306,0.18740486804874307,0.14247007172897602,1.1094980239868164
patient_mel1_,pca_ridge,0,ENSG00000102879,0.6079627231643041,0.5813641173374565,0.8747478127479553
patient_mel1_,pca_ridge,0,ENSG00000104419,0.18416400893839943,0.24743333175965354,1.4643175601959229
patient_mel1_,pca_ridge,0,ENSG00000255823,0.13919836104521222,0.1432470298494147,1.490464448928833
patient_mel1_,pca_ridge,0,ENSG00000115461,0.1807857725517449,0.22771133879915134,1.0001355409622192
patient_mel1_,pca_ridge,0,ENSG00000068831,0.57072489020778,0.5275863554599239,0.7182449698448181
patient_mel1_,pca_ridge,0,ENSG00000125730,0.5208570395805039,0.5529942352275414,1.1163169145584106
patient_mel1_,pca_ridge,0,ENSG00000206503,0.1655252807097264,0.12043716599280808,1.229074239730835
patient_mel1_,pca_ridge,0,ENSG00000007312,0.635524207679152,0.5720726691166509,0.8691303730010986
patient_mel1_,pca_ridge,0,ENSG00000145824,0.18813149606662158,0.2666851797718524,0.751522958278656
patient_mel1_,pca_ridge,0,ENSG00000152556,0.10299213875577831,0.20547437839068142,0.48408180475234985
patient_mel1_,pca_ridge,0,ENSG00000273576,0.09265733162770468,0.12112728724816052,0.1603429764509201
patient_mel1_,pca_ridge,0,ENSG00000266074,0.1255878790869368,0.18051531891183206,0.4071430563926697
patient_mel1_,pca_ridge,0,ENSG00000198466,0.12358293879218432,0.16024391546041764,0.297339528799057
patient_mel1_,pca_ridge,0,ENSG00000169884,-0.01873681940690303,0.002405137838963788,0.14666962623596191
patient_mel1_,pca_ridge,0,ENSG00000126001,0.1206641586557187,0.16261109739384,0.4139584004878998
patient_mel1_,pca_ridge,0,ENSG00000185963,0.11444795572874658,0.13827073151985114,0.3878655731678009
patient_mel1_,pca_ridge,0,ENSG00000215845,0.1203094271313569,0.07766497759058204,0.705221951007843
patient_mel1_,pca_ridge,0,ENSG00000172936,0.1345481192778636,0.20913635687606705,0.43983155488967896
patient_mel1_,pca_ridge,0,ENSG00000179104,-0.029039805545596507,-0.01926283026531749,0.1934501975774765
patient_mel1_,pca_ridge,0,ENSG00000006282,0.0615816756838613,0.09013625007131053,0.5066676139831543
patient_mel1_,pca_ridge,0,ENSG00000188917,-0.03560440750099993,0.005770091693050557,0.28708142042160034
patient_mel1_,pca_ridge,0,ENSG00000258130,0.037540969344065124,0.01685545943063498,0.172537699341774
patient_mel1_,pca_ridge,0,ENSG00000149418,0.04850083826070785,0.0977238580492109,0.25098827481269836
patient_mel1_,pca_ridge,0,ENSG00000092020,0.14108753547448666,0.21376287982308345,0.4256742596626282
patient_mel1_,pca_ridge,0,ENSG00000163564,-0.015752112490141718,0.005350557050839328,0.1954776644706726
patient_mel1_,pca_ridge,0,ENSG00000182185,0.04748122130403213,0.06628286582503809,0.19971534609794617
patient_mel1_,pca_ridge,0,ENSG00000124588,0.032658385427962566,0.1177789208691774,0.4375939667224884
patient_mel1_,pca_ridge,0,ENSG00000172113,-0.017514474719743982,0.006929471499741007,0.3011464476585388
patient_mel1_,pca_ridge,0,ENSG00000181450,-0.03914569173073973,-0.03095983401962756,0.22855861485004425
patient_mel1_,pca_ridge,0,ENSG00000173706,0.16835116805882622,0.15699362150290488,0.43674609065055847
patient_mel1_,pca_ridge,0,ENSG00000159239,0.030436520807117555,0.008938008824951875,0.1855129450559616
patient_mel1_,pca_ridge,0,ENSG00000115474,,,0.043907634913921356
patient_mel1_,pca_ridge,0,ENSG00000162739,0.19579880756202114,0.2455488048504674,0.4260113537311554
patient_mel1_,pca_ridge,0,ENSG00000154175,0.13893855052265894,0.16077151042688903,0.35693711042404175
patient_mel1_,pca_ridge,0,ENSG00000181264,-0.03946426546504759,-0.03685216420163226,0.26085418462753296
patient_mel1_,pca_ridge,0,ENSG00000104643,-0.015804961880765977,0.04212106904008235,0.2811044454574585
patient_mel1_,pca_ridge,0,ENSG00000116030,0.16811759135031978,0.3222453508341624,0.6240063309669495
patient_mel1_,pca_ridge,0,ENSG00000166192,-0.023751226671862545,-0.03183586866524971,0.10300161689519882
patient_mel1_,pca_ridge,0,ENSG00000069431,0.1078122048839839,0.09459762068349184,0.23916926980018616
patient_mel1_,pca_ridge,0,ENSG00000104361,-0.051902168277701055,0.019365451715633704,0.34488749504089355
patient_mel1_,pca_ridge,0,ENSG00000121039,0.031015386692378903,0.07975257608826787,0.254158616065979
patient_mel1_,pca_ridge,0,ENSG00000013619,0.12854706578460764,0.12868817400558435,0.1528327912092209
patient_mel1_,pca_ridge,0,ENSG00000185008,0.014744484529032792,0.0248856689071063,0.07013819366693497
patient_mel1_,pca_ridge,0,ENSG00000077984,0.03279885784111754,0.07795359766090969,0.3489588797092438
patient_mel1_,pca_ridge,0,ENSG00000161526,0.05867423275192868,0.12386562299564925,0.6284341812133789
patient_mel1_,pca_ridge,0,ENSG00000109618,0.07717462639768083,0.09191742196841181,0.2611772418022156
patient_mel1_,pca_ridge,0,ENSG00000019995,0.03566861620453097,0.025979175887270566,0.12234804779291153
patient_mel1_,pca_ridge,0,ENSG00000120314,0.05819529678359964,0.1343407122919572,0.41869404911994934
patient_mel1_,pca_ridge,0,ENSG00000155749,0.026895943205985328,0.01865033109002984,0.1018565371632576
patient_mel1_,pca_ridge,0,ENSG00000129116,0.21686930984766656,0.1675099062484302,0.5228651165962219
patient_mel1_,pca_ridge,0,ENSG00000109743,0.04655029750435111,0.10184729078835236,0.2895059287548065
patient_mel1_,pca_ridge,0,ENSG00000089060,0.08752758490619944,0.10973724708614979,0.3961486220359802
patient_mel1_,pca_ridge,0,ENSG00000120800,0.040600573556475124,0.10119726534192858,0.38015955686569214
patient_mel1_,pca_ridge,0,ENSG00000117069,-0.007793827078433738,-0.013312346656532942,0.19874806702136993
patient_mel1_,pca_ridge,0,ENSG00000104427,0.038395809687828616,0.01882309151037599,0.29893967509269714
patient_mel1_,pca_ridge,0,ENSG00000268651,-0.03709884570826972,0.002847394072744888,0.3058675527572632
patient_mel1_,pca_ridge,0,ENSG00000070731,0.16916104317570466,0.2216848355561928,0.3646354377269745
patient_mel1_,pca_ridge,0,ENSG00000142731,-0.022952390843763222,0.03625976509022348,0.22208382189273834
patient_mel1_,pca_ridge,0,ENSG00000172578,0.22561467933746743,0.2248889570983267,0.3628637194633484
patient_mel1_,pca_ridge,0,ENSG00000172508,0.0994867456252046,0.13445884684705944,0.23090940713882446
patient_mel1_,pca_ridge,0,ENSG00000164975,0.025809669566043157,0.0966631619904856,0.4579821527004242
patient_mel1_,pca_ridge,0,ENSG00000147789,-0.04597812317675988,0.05308279174411126,0.5065670609474182
patient_mel1_,pca_ridge,0,ENSG00000164330,0.08200475191468246,0.12730624173449095,0.359859436750412
patient_mel1_,pca_ridge,0,ENSG00000166451,0.08554148763037236,0.10578619115368021,0.3406376242637634
patient_mel1_,pca_ridge,0,ENSG00000197302,0.008253446366911183,0.007529190248672976,0.18190701305866241
patient_mel1_,pca_ridge,0,ENSG00000168298,-0.0007550864142735359,-0.007987140285391254,0.31460705399513245
patient_mel1_,pca_ridge,0,ENSG00000205238,0.039245843682304035,0.05139882626508881,0.13239559531211853
patient_mel1_,pca_ridge,0,ENSG00000137812,0.0711431500406578,0.12018071953979999,0.20684932172298431
patient_mel1_,pca_ridge,0,ENSG00000269439,-0.044138697400812166,-0.0792928504678937,0.15763597190380096
patient_mel1_,pca_ridge,0,ENSG00000115271,0.08563282729807083,0.21913394238035794,0.49066659808158875
patient_mel1_,pca_ridge,0,ENSG00000078596,0.010941873676007347,0.07074142914185284,0.5557213425636292
patient_mel1_,pca_ridge,0,ENSG00000162882,0.06752752902076277,0.031105807795336435,0.1858343780040741
patient_mel1_,pca_ridge,0,ENSG00000179820,-0.08208913176413489,-0.11382559498834852,1.1488726139068604
patient_mel1_,pca_ridge,0,ENSG00000159023,0.004633000750015241,0.03829838561837796,0.22198456525802612
patient_mel1_,pca_ridge,0,ENSG00000196873,-0.08978456119097725,-0.12673509759712107,0.3569222390651703
patient_mel1_,pca_ridge,0,ENSG00000067715,0.0,,0.29230305552482605
patient_mel1_,pca_ridge,0,ENSG00000245164,0.1667439646541615,0.1951575181279617,0.30943581461906433
patient_mel1_,pca_ridge,0,ENSG00000054967,0.12934052238581756,0.15465756035606315,0.32969236373901367
patient_mel1_,pca_ridge,0,ENSG00000000971,0.20894859514283437,0.21747415666225184,0.7621713280677795
patient_mel1_,pca_ridge,0,ENSG00000189362,0.0465071386521336,0.030804978803848044,0.2411385327577591
patient_mel1_,pca_ridge,0,ENSG00000171016,0.004219530940568404,0.011575619762068449,0.3757973313331604
patient_mel1_,pca_ridge,0,ENSG00000132704,0.4202766587704751,0.37852344062600773,0.423622190952301
patient_mel1_,pca_ridge,0,ENSG00000116830,0.023276209022989817,0.08984185605534284,0.3797421157360077
patient_mel1_,pca_ridge,0,ENSG00000171241,-0.018691328265991184,0.03979277534939191,0.3848245441913605
patient_mel1_,pca_ridge,0,ENSG00000136504,-0.013891369382277622,0.10520182365801498,0.3710213303565979
patient_mel1_,pca_ridge,0,ENSG00000169629,-0.0733240393252077,-0.0691801808378575,0.10270339995622635
patient_mel1_,pca_ridge,0,ENSG00000274419,0.09918325647295219,0.07044117255290919,0.45154356956481934
patient_mel1_,pca_ridge,0,ENSG00000141480,0.15622104238569995,0.17486821955282034,0.5310947895050049
patient_mel1_,pca_ridge,0,ENSG00000042980,0.43271094310263203,0.3918676298931809,0.4383372366428375
patient_mel1_,pca_ridge,0,ENSG00000122122,0.3835551952838939,0.36233601050359426,0.4846222996711731
patient_mel1_,pca_ridge,0,ENSG00000077585,0.14595540430238033,0.20675458289281518,0.39136528968811035
patient_mel1_,pca_ridge,0,ENSG00000140323,,,0.02409881353378296
patient_mel1_,pca_ridge,0,ENSG00000125266,-0.057076863092205346,-0.05804460426841313,0.274911493062973
patient_mel1_,pca_ridge,0,ENSG00000167685,0.027405415598496498,0.05664948450362329,0.36037421226501465
patient_mel1_,pca_ridge,0,ENSG00000219626,0.01895999034819273,0.02292309245979951,0.30162015557289124
patient_mel1_,pca_ridge,0,ENSG00000101811,-0.04487595446091064,0.02658563983761336,0.2901932895183563
patient_mel1_,pca_ridge,0,ENSG00000196664,0.019485157025726813,0.021169668067539428,0.26405060291290283
patient_mel1_,pca_ridge,0,ENSG00000128578,0.004840237942429139,0.01590162452200612,0.20197518169879913
patient_mel1_,pca_ridge,0,ENSG00000177463,0.02436979358684742,0.021339610654255645,0.21967653930187225
patient_mel1_,pca_ridge,0,ENSG00000135365,0.04513726652464407,0.023355467593652774,0.41918814182281494
patient_mel1_,pca_ridge,0,ENSG00000185189,-0.011591833663227621,0.11537300283825346,0.4867587983608246
patient_mel1_,pca_ridge,0,ENSG00000264575,0.041854436397394924,0.05468148687035153,0.14654913544654846
patient_mel1_,pca_ridge,0,ENSG00000163683,0.24717445441771832,0.21918300237104918,0.5465638637542725
patient_mel1_,pca_ridge,0,ENSG00000158966,-0.018546645745657137,-0.011725060916156924,0.12013999372720718
patient_mel1_,pca_ridge,0,ENSG00000182162,0.22836541087521878,0.2450707989886269,0.33913615345954895
patient_mel1_,pca_ridge,0,ENSG00000168071,0.4126643982733298,0.41920958540910175,0.6037608981132507
patient_mel1_,pca_ridge,0,ENSG00000079101,0.09939227563176613,0.09276967935901659,0.07517170906066895
patient_mel1_,pca_ridge,0,ENSG00000196476,-0.015496084766198924,0.044642166849520264,0.24454866349697113
patient_mel1_,pca_ridge,0,ENSG00000231106,0.04643986267416163,0.08696030548740173,0.1395316869020462
patient_mel1_,spatial_knn,0,ENSG00000281383,0.30947812057097324,0.30116094852901487,1.215453627718878
patient_mel1_,spatial_knn,0,ENSG00000251562,0.22035155285212282,0.24987455670099323,0.8577440954506352
patient_mel1_,spatial_knn,0,ENSG00000137077,0.08914341563748676,0.019477307949280747,1.2435899244320359
patient_mel1_,spatial_knn,0,ENSG00000254709,-0.03996983087839492,-0.057160553360800205,2.1308510844074253
patient_mel1_,spatial_knn,0,ENSG00000118785,0.01632760872043319,-0.028909797606569403,2.1617369876616586
patient_mel1_,spatial_knn,0,ENSG00000108821,-0.014767637429027189,-0.011527004155182256,1.6500920712564913
patient_mel1_,spatial_knn,0,ENSG00000156738,0.05081872460118976,-0.024169717275709927,1.4698221010007955
patient_mel1_,spatial_knn,0,ENSG00000019582,0.08269915378113976,0.10428816841271536,1.517284659941002
patient_mel1_,spatial_knn,0,ENSG00000132465,-0.09633988049764997,-0.10779782639734228,1.506932365822108
patient_mel1_,spatial_knn,0,ENSG00000169442,0.09005837517557173,0.05477082053931584,1.522530943065665
patient_mel1_,spatial_knn,0,ENSG00000182492,0.03389014236750174,0.01666271702413518,1.4386625666465112
patient_mel1_,spatial_knn,0,ENSG00000101335,-0.010780752229698294,-0.02049385712006653,1.2933178211016378
patient_mel1_,spatial_knn,0,ENSG00000105369,0.042302779882402254,-0.026031214045855997,1.195717676721395
patient_mel1_,spatial_knn,0,ENSG00000168542,0.004201432163694958,-0.04409690534278164,1.2772551235490996
patient_mel1_,spatial_knn,0,ENSG00000204382,0.0,,1.2242984894774442
patient_mel1_,spatial_knn,0,ENSG00000261857,0.07405270201371536,0.05518542599853285,2.0618039815204448
patient_mel1_,spatial_knn,0,ENSG00000185664,0.0366586199380633,0.021989086181672585,1.239432213048555
patient_mel1_,spatial_knn,0,ENSG00000245532,-0.15068811285339506,-0.15727076298919712,1.1440269558696248
patient_mel1_,spatial_knn,0,ENSG00000153064,0.021110666320483546,0.012386241030891835,0.5411110359922358
patient_mel1_,spatial_knn,0,ENSG00000137818,-0.039310844002578144,0.006112990472643729,0.5829473885423547
patient_mel1_,spatial_knn,0,ENSG00000104921,0.1638787352913339,0.1258014607548899,0.5987855282103078
patient_mel1_,spatial_knn,0,ENSG00000164692,0.05384373141987468,0.03765180418364531,1.1037715047343428
patient_mel1_,spatial_knn,0,ENSG00000160307,0.014362775653641595,-0.011956533172041867,2.612279143347879
patient_mel1_,spatial_knn,0,ENSG00000126709,-0.036457689680749826,-0.04759556712302244,1.2641596779321593
patient_mel1_,spatial_knn,0,ENSG00000204287,0.10918822897618247,0.09284878719076338,1.6380498897680278
patient_mel1_,spatial_knn,0,ENSG00000105664,-0.06057183515821312,-0.07265058080504021,1.0028418754265258
patient_mel1_,spatial_knn,0,ENSG00000227507,0.007390174440432288,-0.015927511130121644,1.38574513502586
patient_mel1_,spatial_knn,0,ENSG00000234745,-0.029703273913270982,-0.01914585187470586,1.7215482276589547
patient_mel1_,spatial_knn,0,ENSG00000104894,0.14630903644199653,0.08564377484857785,1.1042779517575478
patient_mel1_,spatial_knn,0,ENSG00000196092,-0.005994477435410862,0.029424970938092532,0.640586901240955
patient_mel1_,spatial_knn,0,ENSG00000129538,0.07110843551142443,0.07675830480949548,1.171625778913603
patient_mel1_,spatial_knn,0,ENSG00000143341,-0.03049788444188899,-0.0016298916821911725,0.8448320280715376
patient_mel1_,spatial_knn,0,ENSG00000139329,-0.13660833724470522,-0.13648208933631778,0.9591704908597757
patient_mel1_,spatial_knn,0,ENSG00000087086,-0.02514144788436123,-0.11908144396311739,0.6323183831822611
patient_mel1_,spatial_knn,0,ENSG00000140105,-0.09534890428755656,-0.10225877008679198,1.321768542498727
patient_mel1_,spatial_knn,0,ENSG00000162511,0.07547030309498653,0.09665043371190235,1.4499877802214969
patient_mel1_,spatial_knn,0,ENSG00000110799,0.055876658693269944,0.05616374369483844,0.8847880821623515
patient_mel1_,spatial_knn,0,ENSG00000107317,-0.05784201797442107,-0.06462802068229019,1.246999460473088
patient_mel1_,spatial_knn,0,ENSG00000173369,-0.09250953167957404,-0.10435546236594097,1.1035246409871398
patient_mel1_,spatial_knn,0,ENSG00000011465,-0.06009456079939634,-0.05832353152797648,1.0727931690150396
patient_mel1_,spatial_knn,0,ENSG00000115306,-0.008411147340186095,-0.06972557035656266,1.32915729143301
patient_mel1_,spatial_knn,0,ENSG00000102879,0.08187050924665462,0.0629027516521636,1.261232489974395
patient_mel1_,spatial_knn,0,ENSG00000104419,0.05048836737027591,0.06997782051660648,1.2578985469958446
patient_mel1_,spatial_knn,0,ENSG00000255823,0.10642792597971606,0.10709966533708407,1.3516983732794914
patient_mel1_,spatial_knn,0,ENSG00000115461,-0.01260586678446161,-0.023282527326643675,1.0674160875079355
patient_mel1_,spatial_knn,0,ENSG00000068831,-0.023846879536219515,-0.08339050782139006,0.9160374317141886
patient_mel1_,spatial_knn,0,ENSG00000125730,0.00671949729502482,-0.0005344813693940668,1.3365444852058015
patient_mel1_,spatial_knn,0,ENSG00000206503,-0.008077176245330006,-0.06975454437346185,1.4051067548662148
patient_mel1_,spatial_knn,0,ENSG00000007312,0.035034178757355885,0.024335343791443736,1.2534581579161561
patient_mel1_,spatial_knn,0,ENSG00000145824,-0.02770120825462849,0.00207779084517088,0.8477256423070885
patient_mel1_,spatial_knn,0,ENSG00000152556,0.040608500699460995,0.0620310920478759,0.5136031292860406
patient_mel1_,spatial_knn,0,ENSG00000273576,-0.013229275643468756,0.0065286043627569975,0.16759748852489997
patient_mel1_,spatial_knn,0,ENSG00000266074,-0.05087402008467566,-0.021070844573431505,0.423594570964163
patient_mel1_,spatial_knn,0,ENSG00000198466,-0.05618775668940733,-0.06267176394055908,0.32493687123201126
patient_mel1_,spatial_knn,0,ENSG00000169884,-0.028717199738774214,-0.04436452679059773,0.15282063644071123
patient_mel1_,spatial_knn,0,ENSG00000126001,-0.00736806414887918,0.010206111300381217,0.4389387149726414
patient_mel1_,spatial_knn,0,ENSG00000185963,-0.055347912583525546,-0.04726683812105629,0.4500039931555557
patient_mel1_,spatial_knn,0,ENSG00000215845,0.015922927167937105,0.017285934271309047,0.7617016798180379
patient_mel1_,spatial_knn,0,ENSG00000172936,0.02530382828065176,0.05178933247508155,0.4628475050683153
patient_mel1_,spatial_knn,0,ENSG00000179104,-0.021321267362062274,-0.008916536413627468,0.2594588904625395
patient_mel1_,spatial_knn,0,ENSG00000006282,-0.04372216261091686,-0.020839426874955342,0.5737174678392546
patient_mel1_,spatial_knn,0,ENSG00000188917,0.0097418850382871,0.015420146035172912,0.29393433458189244
patient_mel1_,spatial_knn,0,ENSG00000258130,0.039868641406251334,0.02260148109201143,0.16883255768222188
patient_mel1_,spatial_knn,0,ENSG00000149418,-0.05003938648223479,-0.024862366524534562,0.2642545137315445
patient_mel1_,spatial_knn,0,ENSG00000092020,-0.007767156630336159,-0.049521629296482676,0.4545765681311935
patient_mel1_,spatial_knn,0,ENSG00000163564,0.0069705177015008815,0.060528398278190385,0.2039688204985451
patient_mel1_,spatial_knn,0,ENSG00000182185,0.13251739309221422,0.06756916560066033,0.1985103071299072
patient_mel1_,spatial_knn,0,ENSG00000124588,0.02812091592371606,0.040156701426741284,0.535411269360896
patient_mel1_,spatial_knn,0,ENSG00000172113,0.14408728112952413,0.06297128991736957,0.3008911549085391
patient_mel1_,spatial_knn,0,ENSG00000181450,0.019528252739317346,0.029575585582841412,0.23169240512581757
patient_mel1_,spatial_knn,0,ENSG00000173706,-0.030767301792696183,-0.004492474205770723,0.4686558955365278
patient_mel1_,spatial_knn,0,ENSG00000159239,-0.017463866258281318,-0.04197720639624418,0.1959190704050333
patient_mel1_,spatial_knn,0,ENSG00000115474,,,0.07468360031923767
patient_mel1_,spatial_knn,0,ENSG00000162739,0.052515598074045954,0.11785890305597757,0.4413283791350521
patient_mel1_,spatial_knn,0,ENSG00000154175,-0.018901703418787073,-0.0484689255854042,0.375309770420876
patient_mel1_,spatial_knn,0,ENSG00000181264,-0.040526304501848895,-0.06841745621330483,0.2611036737306681
patient_mel1_,spatial_knn,0,ENSG00000104643,0.029875281173446077,0.036286630841737014,0.2890801403706935
patient_mel1_,spatial_knn,0,ENSG00000116030,0.04157509719986341,0.07946161268035613,0.6319202587853137
patient_mel1_,spatial_knn,0,ENSG00000166192,0.0730050433456434,0.18123468962536823,0.10289384915449552
patient_mel1_,spatial_knn,0,ENSG00000069431,-0.04149065679773765,-0.048849198073180736,0.2516999902529998
patient_mel1_,spatial_knn,0,ENSG00000104361,-0.02316137799505369,0.016984660258402846,0.3489146999034709
patient_mel1_,spatial_knn,0,ENSG00000121039,-0.05725213827960644,-0.08620970156396734,0.26913171010838755
patient_mel1_,spatial_knn,0,ENSG00000013619,-0.0069173834477948,0.03367175958355782,0.17019374010089514
patient_mel1_,spatial_knn,0,ENSG00000185008,-0.008447010108651544,0.01799406768794298,0.08550770687206478
patient_mel1_,spatial_knn,0,ENSG00000077984,0.0025961452982509515,-0.01615623466573074,0.3347032448537426
patient_mel1_,spatial_knn,0,ENSG00000161526,0.023898327340744055,0.039357195655455895,0.669604991771088
patient_mel1_,spatial_knn,0,ENSG00000109618,-0.05779925225113841,-0.060231045293648415,0.2770031424388558
patient_mel1_,spatial_knn,0,ENSG00000019995,-0.005082383688379377,0.021897614481985746,0.13119299684407826
patient_mel1_,spatial_knn,0,ENSG00000120314,-0.014277207747312493,0.0013071781741699417,0.4333927591330012
patient_mel1_,spatial_knn,0,ENSG00000155749,-0.025784537412220275,-0.01683833885678576,0.10793149712909197
patient_mel1_,spatial_knn,0,ENSG00000129116,0.07863619032039836,0.02495571137902981,0.5569664014385796
patient_mel1_,spatial_knn,0,ENSG00000109743,-0.010224000650386193,0.05391579020680505,0.30231189974623207
patient_mel1_,spatial_knn,0,ENSG00000089060,-0.007810860427377995,-0.025118522784785928,0.40771404443522336
patient_mel1_,spatial_knn,0,ENSG00000120800,0.030335122721758548,0.060523044763381516,0.4623562125969243
patient_mel1_,spatial_knn,0,ENSG00000117069,-0.02719119754068015,-0.051147502277257686,0.2107500627914126
patient_mel1_,spatial_knn,0,ENSG00000104427,-0.004867336460211383,-0.0015013083339702046,0.30395151766502926
patient_mel1_,spatial_knn,0,ENSG00000268651,-0.020060525038342027,-0.027055790393513225,0.3058976181328556
patient_mel1_,spatial_knn,0,ENSG00000070731,0.015076667901228642,0.006042192484595844,0.5656991067559806
patient_mel1_,spatial_knn,0,ENSG00000142731,-0.005420314015226205,-0.029285611376445666,0.22718736729783323
patient_mel1_,spatial_knn,0,ENSG00000172578,-0.032576111200198335,-0.034260858737636506,0.39689727762921284
patient_mel1_,spatial_knn,0,ENSG00000172508,-0.03964708381788258,-0.0691815425451855,0.2405853493947656
patient_mel1_,spatial_knn,0,ENSG00000164975,-0.040963859639925305,-0.016195535196679642,0.4808250630874187
patient_mel1_,spatial_knn,0,ENSG00000147789,0.09847857559402923,0.11613431253069287,0.4910783788084531
patient_mel1_,spatial_knn,0,ENSG00000164330,-0.006783783898541475,0.004042037463969834,0.37100432306797165
patient_mel1_,spatial_knn,0,ENSG00000166451,0.03831256305262588,0.022303377699445126,0.3545554536242641
patient_mel1_,spatial_knn,0,ENSG00000197302,-0.07439752686300036,-0.08119981345713216,0.17811749781738817
patient_mel1_,spatial_knn,0,ENSG00000168298,0.02014484227062679,0.03273039624422415,0.31985885001739467
patient_mel1_,spatial_knn,0,ENSG00000205238,0.13080728235252453,0.035180759907195366,0.13315242899627885
patient_mel1_,spatial_knn,0,ENSG00000137812,0.02991019044280163,0.04852994718129356,0.23881067799797157
patient_mel1_,spatial_knn,0,ENSG00000269439,-0.01686628624148987,-0.036363843797757735,0.1642027629198404
patient_mel1_,spatial_knn,0,ENSG00000115271,-0.034755677455772,0.025612556721790938,0.5158959712568346
patient_mel1_,spatial_knn,0,ENSG00000078596,-0.034507714827852885,-0.05465466164523947,0.5730772222094239
patient_mel1_,spatial_knn,0,ENSG00000162882,-0.03382396394819561,-0.05001368133377913,0.18923254666582193
patient_mel1_,spatial_knn,0,ENSG00000179820,0.028255563304060583,-0.0014234548202971045,1.133527309373942
patient_mel1_,spatial_knn,0,ENSG00000159023,0.024189342722462252,0.014123877181816853,0.22916423769957825
patient_mel1_,spatial_knn,0,ENSG00000196873,0.068471559851941,0.04816791192437566,0.35206576512527443
patient_mel1_,spatial_knn,0,ENSG00000067715,0.0,,0.29230304305693655
patient_mel1_,spatial_knn,0,ENSG00000245164,-0.007051515142850415,0.010219431465642321,0.3066573856242016
patient_mel1_,spatial_knn,0,ENSG00000054967,-0.020707171208838016,-0.021150568362600514,0.35668381222864887
patient_mel1_,spatial_knn,0,ENSG00000000971,-0.0012129888664216288,-0.001864920037400399,0.7767109311886014
patient_mel1_,spatial_knn,0,ENSG00000189362,0.09639382748826718,0.04777630107696422,0.24308068718453493
patient_mel1_,spatial_knn,0,ENSG00000171016,-0.06806756160679744,-0.06725698961599572,0.3817674531939496
patient_mel1_,spatial_knn,0,ENSG00000132704,0.0062840697335154235,0.02432845387982751,0.449385781805274
patient_mel1_,spatial_knn,0,ENSG00000116830,-0.03778076195916141,-0.026676365635070136,0.39679819198034966
patient_mel1_,spatial_knn,0,ENSG00000171241,-0.039635076107935416,0.021952478415506797,0.4028135733150942
patient_mel1_,spatial_knn,0,ENSG00000136504,0.043669302156202384,0.05245624062194434,0.3826547885830939
patient_mel1_,spatial_knn,0,ENSG00000169629,0.13549114338205234,0.012603028275674265,0.13856485442093916
patient_mel1_,spatial_knn,0,ENSG00000274419,-0.04058999234462628,-0.02631289887039769,0.4783902185754546
patient_mel1_,spatial_knn,0,ENSG00000141480,0.00449613481357573,-0.009905646537301853,0.564714703419766
patient_mel1_,spatial_knn,0,ENSG00000042980,0.00489328001979017,0.002072548469812294,0.4933996573955771
patient_mel1_,spatial_knn,0,ENSG00000122122,0.061756272099903094,0.07539426429115205,0.5414397452615025
patient_mel1_,spatial_knn,0,ENSG00000077585,-0.004815484509337533,-0.0008284614098483083,0.4184779592989829
patient_mel1_,spatial_knn,0,ENSG00000140323,,,0.05323565265235227
patient_mel1_,spatial_knn,0,ENSG00000125266,0.007829347048038025,0.08279562632314695,0.29667908643005986
patient_mel1_,spatial_knn,0,ENSG00000167685,-0.08717459048322317,-0.0709438801654985,0.42813713493485694
patient_mel1_,spatial_knn,0,ENSG00000219626,-0.05247722341054266,-0.06164470656918741,0.31155854619971657
patient_mel1_,spatial_knn,0,ENSG00000101811,-0.04270926782468279,-0.01833038469745257,0.3033542909109451
patient_mel1_,spatial_knn,0,ENSG00000196664,0.019846709760549808,0.0069701088322722034,0.2683590959986506
patient_mel1_,spatial_knn,0,ENSG00000128578,-0.06065456856334886,-0.035802161925232286,0.21182915317184065
patient_mel1_,spatial_knn,0,ENSG00000177463,-0.0144578877160088,-0.028849107383293906,0.23864523055489845
patient_mel1_,spatial_knn,0,ENSG00000135365,0.04352223596098524,0.08210517422131985,0.44393338313115405
patient_mel1_,spatial_knn,0,ENSG00000185189,-0.004285056903312316,-0.014737892482231094,0.5108482845519408
patient_mel1_,spatial_knn,0,ENSG00000264575,-0.03397414159272049,-0.0462176132436414,0.15220569294232886
patient_mel1_,spatial_knn,0,ENSG00000163683,-0.02772079335571015,0.003769009519180227,0.5917999473638065
patient_mel1_,spatial_knn,0,ENSG00000158966,0.04212745255227047,0.03882125176268304,0.12462145225232803
patient_mel1_,spatial_knn,0,ENSG00000182162,0.12350212503634073,0.06417926411330806,0.34155342937399197
patient_mel1_,spatial_knn,0,ENSG00000168071,-0.021661806595208687,-0.04830135566661576,0.7214280321116765
patient_mel1_,spatial_knn,0,ENSG00000079101,-0.027301507109964568,-0.0468003666997148,0.0944252045862218
patient_mel1_,spatial_knn,0,ENSG00000196476,0.05931154994389254,-0.0064587862389508905,0.2586750640153814
patient_mel1_,spatial_knn,0,ENSG00000231106,-0.03434887082078167,-0.04739128046234999,0.1448262696467942
patient_mel2_,mean,0,ENSG00000281383,,,1.2040294408798218
patient_mel2_,mean,0,ENSG00000251562,,,1.2439002990722656
patient_mel2_,mean,0,ENSG00000137077,,,1.5334558486938477
patient_mel2_,mean,0,ENSG00000254709,0.0,,1.3319365978240967
patient_mel2_,mean,0,ENSG00000118785,,,1.2035253047943115
patient_mel2_,mean,0,ENSG00000108821,,,1.2431107759475708
patient_mel2_,mean,0,ENSG00000156738,,,0.8421623706817627
patient_mel2_,mean,0,ENSG00000019582,,,1.3433583974838257
patient_mel2_,mean,0,ENSG00000132465,,,0.8966925144195557
patient_mel2_,mean,0,ENSG00000169442,,,1.3258955478668213
patient_mel2_,mean,0,ENSG00000182492,,,1.352599024772644
patient_mel2_,mean,0,ENSG00000101335,,,1.092208743095398
patient_mel2_,mean,0,ENSG00000105369,,,0.7949247360229492
patient_mel2_,mean,0,ENSG00000168542,0.0,,1.1775637865066528
patient_mel2_,mean,0,ENSG00000204382,0.0,0.0,0.20086921751499176
patient_mel2_,mean,0,ENSG00000261857,,,1.4532513618469238
patient_mel2_,mean,0,ENSG00000185664,,,2.537428855895996
patient_mel2_,mean,0,ENSG00000245532,,,1.508784532546997
patient_mel2_,mean,0,ENSG00000153064,,,0.34281840920448303
patient_mel2_,mean,0,ENSG00000137818,0.0,,0.5437203049659729
patient_mel2_,mean,0,ENSG00000104921,,,0.6278505921363831
patient_mel2_,mean,0,ENSG00000164692,,,1.2787885665893555
patient_mel2_,mean,0,ENSG00000160307,,,0.9736657738685608
patient_mel2_,mean,0,ENSG00000126709,0.0,,2.0211174488067627
patient_mel2_,mean,0,ENSG00000204287,,,1.3059298992156982
patient_mel2_,mean,0,ENSG00000105664,,,0.5077317357063293
patient_mel2_,mean,0,ENSG00000227507,,,0.8954718112945557
patient_mel2_,mean,0,ENSG00000234745,,,1.2679954767227173
patient_mel2_,mean,0,ENSG00000104894,0.0,,0.7970201969146729
patient_mel2_,mean,0,ENSG00000196092,,,0.43469133973121643
patient_mel2_,mean,0,ENSG00000129538,,,1.7516794204711914
patient_mel2_,mean,0,ENSG00000143341,,,1.5259099006652832
patient_mel2_,mean,0,ENSG00000139329,,,0.865715742111206
patient_mel2_,mean,0,ENSG00000087086,0.0,,0.692888081073761
patient_mel2_,mean,0,ENSG00000140105,0.0,,1.3094367980957031
patient_mel2_,mean,0,ENSG00000162511,,,1.3189564943313599
patient_mel2_,mean,0,ENSG00000110799,,,0.9129987359046936
patient_mel2_,mean,0,ENSG00000107317,0.0,,0.76447993516922
patient_mel2_,mean,0,ENSG00000173369,,,1.4502832889556885
patient_mel2_,mean,0,ENSG00000011465,,,0.816236674785614
patient_mel2_,mean,0,ENSG00000115306,0.0,,1.4077024459838867
patient_mel2_,mean,0,ENSG00000102879,0.0,,0.9059037566184998
patient_mel2_,mean,0,ENSG00000104419,0.0,,1.326498031616211
patient_mel2_,mean,0,ENSG00000255823,,,0.9993668794631958
patient_mel2_,mean,0,ENSG00000115461,0.0,,1.0175549983978271
patient_mel2_,mean,0,ENSG00000068831,0.0,,0.592779815196991
patient_mel2_,mean,0,ENSG00000125730,0.0,,0.7053217887878418
patient_mel2_,mean,0,ENSG00000206503,,,1.054743766784668
patient_mel2_,mean,0,ENSG00000007312,,,0.7732637524604797
patient_mel2_,mean,0,ENSG00000145824,,,0.6201154589653015
patient_mel2_,mean,0,ENSG00000152556,0.0,,0.5298754572868347
patient_mel2_,mean,0,ENSG00000273576,,,0.16728109121322632
patient_mel2_,mean,0,ENSG00000266074,,,0.47808754444122314
patient_mel2_,mean,0,ENSG00000198466,0.0,,0.5094339847564697
patient_mel2_,mean,0,ENSG00000169884,,,0.1176803708076477
patient_mel2_,mean,0,ENSG00000126001,,,0.4437733590602875
patient_mel2_,mean,0,ENSG00000185963,0.0,,0.5623384714126587
patient_mel2_,mean,0,ENSG00000215845,,,0.41106343269348145
patient_mel2_,mean,0,ENSG00000172936,,,0.4337412118911743
patient_mel2_,mean,0,ENSG00000179104,,,0.2742592990398407
patient_mel2_,mean,0,ENSG00000006282,,,1.0377508401870728
patient_mel2_,mean,0,ENSG00000188917,,,0.21477338671684265
patient_mel2_,mean,0,ENSG00000258130,,,0.25654491782188416
patient_mel2_,mean,0,ENSG00000149418,,,0.2658728063106537
patient_mel2_,mean,0,ENSG00000092020,,,0.395181804895401
patient_mel2_,mean,0,ENSG00000163564,0.0,,0.366046279668808
patient_mel2_,mean,0,ENSG00000182185,0.0,,0.19955694675445557
patient_mel2_,mean,0,ENSG00000124588,,,0.7907621264457703
patient_mel2_,mean,0,ENSG00000172113,,,0.3957177698612213
patient_mel2_,mean,0,ENSG00000181450,0.0,,0.19332171976566315
patient_mel2_,mean,0,ENSG00000173706,,,0.5080456733703613
patient_mel2_,mean,0,ENSG00000159239,,,0.14564231038093567
patient_mel2_,mean,0,ENSG00000115474,0.0,,0.44344303011894226
patient_mel2_,mean,0,ENSG00000162739,,,0.4966737627983093
patient_mel2_,mean,0,ENSG00000154175,,,0.2521686851978302
patient_mel2_,mean,0,ENSG00000181264,0.0,,0.2385728508234024
patient_mel2_,mean,0,ENSG00000104643,0.0,,0.2925088703632355
patient_mel2_,mean,0,ENSG00000116030,,,0.3744162619113922
patient_mel2_,mean,0,ENSG00000166192,0.0,,0.1712874472141266
patient_mel2_,mean,0,ENSG00000069431,,,0.2170456051826477
patient_mel2_,mean,0,ENSG00000104361,,,0.3892291188240051
patient_mel2_,mean,0,ENSG00000121039,,,0.24895264208316803
patient_mel2_,mean,0,ENSG00000013619,0.0,,0.18862591683864594
patient_mel2_,mean,0,ENSG00000185008,,,0.07417713850736618
patient_mel2_,mean,0,ENSG00000077984,,,0.48336055874824524
patient_mel2_,mean,0,ENSG00000161526,,,0.8445512652397156
patient_mel2_,mean,0,ENSG00000109618,,,0.3347843289375305
patient_mel2_,mean,0,ENSG00000019995,0.0,,0.25466978549957275
patient_mel2_,mean,0,ENSG00000120314,0.0,,0.4224872589111328
patient_mel2_,mean,0,ENSG00000155749,,,0.3198845386505127
patient_mel2_,mean,0,ENSG00000129116,,,0.5621042251586914
patient_mel2_,mean,0,ENSG00000109743,,,0.262076735496521
patient_mel2_,mean,0,ENSG00000089060,,,0.49827978014945984
patient_mel2_,mean,0,ENSG00000120800,0.0,,0.48304179310798645
patient_mel2_,mean,0,ENSG00000117069,0.0,,0.08336208760738373
patient_mel2_,mean,0,ENSG00000104427,,,0.244254469871521
patient_mel2_,mean,0,ENSG00000268651,,,0.058263104408979416
patient_mel2_,mean,0,ENSG00000070731,0.0,,1.3483633995056152
patient_mel2_,mean,0,ENSG00000142731,,,0.1686573475599289
patient_mel2_,mean,0,ENSG00000172578,,,0.39660516381263733
patient_mel2_,mean,0,ENSG00000172508,,,0.20949268341064453
patient_mel2_,mean,0,ENSG00000164975,,,0.3688514530658722
patient_mel2_,mean,0,ENSG00000147789,0.0,,0.48941364884376526
patient_mel2_,mean,0,ENSG00000164330,,,0.3043551445007324
patient_mel2_,mean,0,ENSG00000166451,0.0,,0.1938399374485016
patient_mel2_,mean,0,ENSG00000197302,0.0,,0.3790082037448883
patient_mel2_,mean,0,ENSG00000168298,0.0,,0.35216712951660156
patient_mel2_,mean,0,ENSG00000205238,0.0,,0.2385413646697998
patient_mel2_,mean,0,ENSG00000137812,,,0.2094971239566803
patient_mel2_,mean,0,ENSG00000269439,,,0.23663856089115143
patient_mel2_,mean,0,ENSG00000115271,,,0.3566848933696747
patient_mel2_,mean,0,ENSG00000078596,,,0.4172184467315674
patient_mel2_,mean,0,ENSG00000162882,0.0,,0.08589046448469162
patient_mel2_,mean,0,ENSG00000179820,,,0.5667800307273865
patient_mel2_,mean,0,ENSG00000159023,0.0,,0.3329826891422272
patient_mel2_,mean,0,ENSG00000196873,,,0.4595113694667816
patient_mel2_,mean,0,ENSG00000067715,,,0.021970927715301514
patient_mel2_,mean,0,ENSG00000245164,,,0.44298654794692993
patient_mel2_,mean,0,ENSG00000054967,,,0.3895178437232971
patient_mel2_,mean,0,ENSG00000000971,,,0.6287216544151306
patient_mel2_,mean,0,ENSG00000189362,0.0,,0.2815997004508972
patient_mel2_,mean,0,ENSG00000171016,0.0,,0.16943474113941193
patient_mel2_,mean,0,ENSG00000132704,0.0,,0.23864059150218964
patient_mel2_,mean,0,ENSG00000116830,,,0.34811070561408997
patient_mel2_,mean,0,ENSG00000171241,0.0,,0.24464571475982666
patient_mel2_,mean,0,ENSG00000136504,,,0.44075843691825867
patient_mel2_,mean,0,ENSG00000169629,,,0.2322060912847519
patient_mel2_,mean,0,ENSG00000274419,0.0,,0.4907407760620117
patient_mel2_,mean,0,ENSG00000141480,0.0,,0.7942951321601868
patient_mel2_,mean,0,ENSG00000042980,,,0.43016526103019714
patient_mel2_,mean,0,ENSG00000122122,,,0.584578275680542
patient_mel2_,mean,0,ENSG00000077585,,,0.401309609413147
patient_mel2_,mean,0,ENSG00000140323,,,0.08311470597982407
patient_mel2_,mean,0,ENSG00000125266,,,0.2386411726474762
patient_mel2_,mean,0,ENSG00000167685,,,0.46985191106796265
patient_mel2_,mean,0,ENSG00000219626,0.0,,0.39770177006721497
patient_mel2_,mean,0,ENSG00000101811,,,0.15192624926567078
patient_mel2_,mean,0,ENSG00000196664,0.0,,0.28395912051200867
patient_mel2_,mean,0,ENSG00000128578,0.0,,0.3624188005924225
patient_mel2_,mean,0,ENSG00000177463,0.0,,0.4940226972103119
patient_mel2_,mean,0,ENSG00000135365,,,0.5913967490196228
patient_mel2_,mean,0,ENSG00000185189,,,0.6506801247596741
patient_mel2_,mean,0,ENSG00000264575,,,0.11029225587844849
patient_mel2_,mean,0,ENSG00000163683,,,0.6621716022491455
patient_mel2_,mean,0,ENSG00000158966,,,0.16439445316791534
patient_mel2_,mean,0,ENSG00000182162,,,0.42268067598342896
patient_mel2_,mean,0,ENSG00000168071,,,0.5977131128311157
patient_mel2_,mean,0,ENSG00000079101,,,0.02807343564927578
patient_mel2_,mean,0,ENSG00000196476,0.0,,0.28744423389434814
patient_mel2_,mean,0,ENSG00000231106,,,0.29625967144966125
patient_mel2_,pca_ridge,0,ENSG00000281383,0.41674826861593967,0.5161761359074291,0.9670616984367371
patient_mel2_,pca_ridge,0,ENSG00000251562,0.48963580273873014,0.5148083858429489,0.9070689082145691
patient_mel2_,pca_ridge,0,ENSG00000137077,0.6236905753274322,0.5565103507145457,1.1802024841308594
patient_mel2_,pca_ridge,0,ENSG00000254709,0.5072864731331997,0.4711759696066582,1.3300070762634277
patient_mel2_,pca_ridge,0,ENSG00000118785,0.10433688454544729,0.10044793129737992,1.2096573114395142
patient_mel2_,pca_ridge,0,ENSG00000108821,0.4257500954078731,0.4475416815885506,1.198029637336731
patient_mel2_,pca_ridge,0,ENSG00000156738,0.6508623086502375,0.5347271911661485,0.7824966311454773
patient_mel2_,pca_ridge,0,ENSG00000019582,0.6082717535267547,0.667658597361634,0.8324628472328186
patient_mel2_,pca_ridge,0,ENSG00000132465,0.4029503751870365,0.4076981795495185,1.0250773429870605
patient_mel2_,pca_ridge,0,ENSG00000169442,0.7010723823129252,0.6423018336153198,0.9176607131958008
patient_mel2_,pca_ridge,0,ENSG00000182492,0.5012823606692631,0.4750549835619365,1.1018213033676147
patient_mel2_,pca_ridge,0,ENSG00000101335,0.376920508533842,0.348237775082954,0.9670686721801758
patient_mel2_,pca_ridge,0,ENSG00000105369,0.5930296280419356,0.48578167704852493,0.6894680857658386
patient_mel2_,pca_ridge,0,ENSG00000168542,0.47385991594965815,0.45937074769556346,1.0909315347671509
patient_mel2_,pca_ridge,0,ENSG00000204382,,,0.23754629492759705
patient_mel2_,pca_ridge,0,ENSG00000261857,0.639409408621929,0.5798276442079527,1.681418538093567
patient_mel2_,pca_ridge,0,ENSG00000185664,0.0030841352932249933,0.04234275060670575,2.599902391433716
patient_mel2_,pca_ridge,0,ENSG00000245532,0.45520630177246685,0.3949094053813847,1.3449554443359375
patient_mel2_,pca_ridge,0,ENSG00000153064,0.35675574681819827,0.27338313979724366,0.33725592494010925
patient_mel2_,pca_ridge,0,ENSG00000137818,0.3497419207192742,0.19270704979362308,0.5087270736694336
patient_mel2_,pca_ridge,0,ENSG00000104921,0.464161622567515,0.3713026565119729,0.5582002997398376
patient_mel2_,pca_ridge,0,ENSG00000164692,0.40554662277000597,0.41597779174040306,1.2684764862060547
patient_mel2_,pca_ridge,0,ENSG00000160307,0.6217626289821476,0.5920751123641251,0.8097788095474243
patient_mel2_,pca_ridge,0,ENSG00000126709,0.49130823040017757,0.5030653417430021,1.7919700145721436
patient_mel2_,pca_ridge,0,ENSG00000204287,0.5842388639533547,0.5914328372510385,0.8952730894088745
patient_mel2_,pca_ridge,0,ENSG00000105664,0.18809153459548886,0.17836660738119814,0.5169219374656677
patient_mel2_,pca_ridge,0,ENSG00000227507,0.635582749044266,0.5479531730104965,0.7512122988700867
patient_mel2_,pca_ridge,0,ENSG00000234745,0.46424292720727595,0.496425165857613,0.9132328033447266
patient_mel2_,pca_ridge,0,ENSG00000104894,0.5587656157508325,0.47085015414471254,0.6594738364219666
patient_mel2_,pca_ridge,0,ENSG00000196092,0.4032284399837038,0.33609566200470714,0.40369322896003723
patient_mel2_,pca_ridge,0,ENSG00000129538,0.2638547998307123,0.19909122612669286,1.6593681573867798
patient_mel2_,pca_ridge,0,ENSG00000143341,0.4734337662926577,0.4561033968663209,1.604989767074585
patient_mel2_,pca_ridge,0,ENSG00000139329,0.36641197087008753,0.3631828707597374,0.8492398858070374
patient_mel2_,pca_ridge,0,ENSG00000087086,0.33004154942237074,0.31873012739252005,0.6288003325462341
patient_mel2_,pca_ridge,0,ENSG00000140105,0.4044779790152221,0.37939196803339037,1.2531274557113647
patient_mel2_,pca_ridge,0,ENSG00000162511,0.4889678552364144,0.48462096549202316,0.9540261030197144
patient_mel2_,pca_ridge,0,ENSG00000110799,0.2631582215817181,0.27486798991869876,0.8809767365455627
patient_mel2_,pca_ridge,0,ENSG00000107317,0.5268313959758082,0.4562560833270798,0.7058464288711548
patient_mel2_,pca_ridge,0,ENSG00000173369,0.5123930546773078,0.5043363353414917,1.1589243412017822
patient_mel2_,pca_ridge,0,ENSG00000011465,0.40966253439481515,0.40107080971675424,0.7432612776756287
patient_mel2_,pca_ridge,0,ENSG00000115306,0.5833798367065979,0.5045166750556048,1.6663700342178345
patient_mel2_,pca_ridge,0,ENSG00000102879,0.500298323293769,0.4514383585332026,0.7895309925079346
patient_mel2_,pca_ridge,0,ENSG00000104419,-0.019298872630839646,-0.017249148807153232,0.9659464955329895
patient_mel2_,pca_ridge,0,ENSG00000255823,0.18383740201822188,0.19553243296382333,0.9945074915885925
patient_mel2_,pca_ridge,0,ENSG00000115461,0.3498790891980236,0.34178781741745745,0.8924701809883118
patient_mel2_,pca_ridge,0,ENSG00000068831,0.32670962810337756,0.31925664916205965,0.5853358507156372
patient_mel2_,pca_ridge,0,ENSG00000125730,0.3799567037499845,0.38091451568937146,0.6857753992080688
patient_mel2_,pca_ridge,0,ENSG00000206503,0.46522464342501724,0.483575624094103,1.015960931777954
patient_mel2_,pca_ridge,0,ENSG00000007312,0.5334425752274237,0.42651917627033065,0.7011266350746155
patient_mel2_,pca_ridge,0,ENSG00000145824,0.36210838777468696,0.339193210619083,0.5649170279502869
patient_mel2_,pca_ridge,0,ENSG00000152556,0.06773993275424249,0.09306624530487592,0.5277483463287354
patient_mel2_,pca_ridge,0,ENSG00000273576,0.07117846315107931,0.07566040450608097,0.16681881248950958
patient_mel2_,pca_ridge,0,ENSG00000266074,0.059018008306316976,0.05962202830087367,0.47954845428466797
patient_mel2_,pca_ridge,0,ENSG00000198466,0.08892510885048281,0.1071592980065095,0.5097731351852417
patient_mel2_,pca_ridge,0,ENSG00000169884,-0.03216002701962671,-0.058056562330657695,0.12313202768564224
patient_mel2_,pca_ridge,0,ENSG00000126001,0.03229895699997184,0.032249598868277274,0.44660043716430664
patient_mel2_,pca_ridge,0,ENSG00000185963,0.002413588062326783,0.03656202027201659,0.568989634513855
patient_mel2_,pca_ridge,0,ENSG00000215845,0.18342741484631375,0.18969223187094392,0.4070754647254944
patient_mel2_,pca_ridge,0,ENSG00000172936,0.13222380769852435,0.16511781036456377,0.42999282479286194
patient_mel2_,pca_ridge,0,ENSG00000179104,-0.08438644167313243,-0.08002637881689746,0.27807947993278503
patient_mel2_,pca_ridge,0,ENSG00000006282,0.10395340142819103,0.126491904954026,1.037874460220337
patient_mel2_,pca_ridge,0,ENSG00000188917,0.025421845510162567,0.030183510742831876,0.22187235951423645
patient_mel2_,pca_ridge,0,ENSG00000258130,0.04904273806300063,0.06553921544422342,0.2577287554740906
patient_mel2_,pca_ridge,0,ENSG00000149418,-0.050747317559854246,-0.03502562138162944,0.27219924330711365
patient_mel2_,pca_ridge,0,ENSG00000092020,0.06553624924269297,0.10310228176488222,0.3978344798088074
patient_mel2_,pca_ridge,0,ENSG00000163564,0.02258329135404501,0.033113081378845936,0.36407554149627686
patient_mel2_,pca_ridge,0,ENSG00000182185,0.030261612920669388,0.04070508381395703,0.20072120428085327
patient_mel2_,pca_ridge,0,ENSG00000124588,0.1442752111609079,0.14481435747578494,0.8009793758392334
patient_mel2_,pca_ridge,0,ENSG00000172113,-0.05201294627474296,-0.03855928826665368,0.40076324343681335
patient_mel2_,pca_ridge,0,ENSG00000181450,-0.05516264633055795,-0.041923504602509425,0.19859540462493896
patient_mel2_,pca_ridge,0,ENSG00000173706,0.09670476277522495,0.11983143915870763,0.5059923529624939
patient_mel2_,pca_ridge,0,ENSG00000159239,-0.06629367413430376,-0.065061961328115,0.15207330882549286
patient_mel2_,pca_ridge,0,ENSG00000115474,0.0632834514280689,0.07196478633229425,0.44300028681755066
patient_mel2_,pca_ridge,0,ENSG00000162739,0.1947424797932772,0.23528115865945762,0.4759501814842224
patient_mel2_,pca_ridge,0,ENSG00000154175,0.05931928808489417,0.06718458762844952,0.2594546675682068
patient_mel2_,pca_ridge,0,ENSG00000181264,-0.006905889531869146,-0.0009851180204775713,0.24050185084342957
patient_mel2_,pca_ridge,0,ENSG00000104643,0.03145762477742159,0.048817458214093355,0.29545119404792786
patient_mel2_,pca_ridge,0,ENSG00000116030,0.06421157062307042,0.09632015942882292,0.3989005982875824
patient_mel2_,pca_ridge,0,ENSG00000166192,-0.016443164950141555,0.006761458781389842,0.1727529913187027
patient_mel2_,pca_ridge,0,ENSG00000069431,0.04410872390327544,0.04991692567380438,0.22068515419960022
patient_mel2_,pca_ridge,0,ENSG00000104361,0.034494010201534,0.0632894167385394,0.39076220989227295
patient_mel2_,pca_ridge,0,ENSG00000121039,0.012968257412343342,-0.006325532317343148,0.25115635991096497
patient_mel2_,pca_ridge,0,ENSG00000013619,0.050877163097317595,0.0794711207826774,0.19008873403072357
patient_mel2_,pca_ridge,0,ENSG00000185008,0.032995099624801544,0.005573786150884743,0.08036935329437256
patient_mel2_,pca_ridge,0,ENSG00000077984,0.0028506596719167655,0.054210655127985924,0.4792741537094116
patient_mel2_,pca_ridge,0,ENSG00000161526,0.07786696013088809,0.10813618698507368,0.8643569946289062
patient_mel2_,pca_ridge,0,ENSG00000109618,0.03192776930906464,0.05064230111344067,0.33489298820495605
patient_mel2_,pca_ridge,0,ENSG00000019995,0.024415916658639156,0.029393198530886018,0.2542797923088074
patient_mel2_,pca_ridge,0,ENSG00000120314,0.036058231547275825,0.06466713045577861,0.42607036232948303
patient_mel2_,pca_ridge,0,ENSG00000155749,0.030703856980461464,0.034708867629883344,0.32200759649276733
patient_mel2_,pca_ridge,0,ENSG00000129116,0.16496866811616853,0.1474410665327204,0.5812440514564514
patient_mel2_,pca_ridge,0,ENSG00000109743,0.012073892120202049,0.041613061297258495,0.2713240087032318
patient_mel2_,pca_ridge,0,ENSG00000089060,0.10642875615616737,0.14099383469691948,0.49066054821014404
patient_mel2_,pca_ridge,0,ENSG00000120800,0.04301843894400226,0.07718627782541872,0.45578691363334656
patient_mel2_,pca_ridge,0,ENSG00000117069,-0.012443723375074048,-0.019819661199016736,0.09631654620170593
patient_mel2_,pca_ridge,0,ENSG00000104427,-0.011703465935341915,0.01562557522253555,0.24733257293701172
patient_mel2_,pca_ridge,0,ENSG00000268651,0.00022180320547543158,-0.001973650361311922,0.06506647914648056
patient_mel2_,pca_ridge,0,ENSG00000070731,0.25812794366481695,0.23966662785189913,1.3333673477172852
patient_mel2_,pca_ridge,0,ENSG00000142731,0.020440071533253647,0.03782450555412523,0.17072030901908875
patient_mel2_,pca_ridge,0,ENSG00000172578,0.1641388796725265,0.15878602405795744,0.38807976245880127
patient_mel2_,pca_ridge,0,ENSG00000172508,0.1095471350821954,0.11133982488873229,0.2078142762184143
patient_mel2_,pca_ridge,0,ENSG00000164975,0.08408266452168099,0.09266870432692717,0.37017059326171875
patient_mel2_,pca_ridge,0,ENSG00000147789,0.001953957608882456,0.060869810844746214,0.4966977536678314
patient_mel2_,pca_ridge,0,ENSG00000164330,0.13696276170555371,0.15023377924398953,0.3026810586452484
patient_mel2_,pca_ridge,0,ENSG00000166451,0.022416069406933227,0.025257243527402953,0.19813008606433868
patient_mel2_,pca_ridge,0,ENSG00000197302,-0.018181902464421393,-0.018035807246051395,0.37921470403671265
patient_mel2_,pca_ridge,0,ENSG00000168298,-0.0009275486084982928,-0.01477257781384027,0.3566005229949951
patient_mel2_,pca_ridge,0,ENSG00000205238,0.005635535488931805,0.012390459820200301,0.23993948101997375
patient_mel2_,pca_ridge,0,ENSG00000137812,0.04446589008753846,0.03428351966702915,0.20875339210033417
patient_mel2_,pca_ridge,0,ENSG00000269439,0.015192252630047134,-0.035643664692868234,0.2410961389541626
patient_mel2_,pca_ridge,0,ENSG00000115271,0.0929946194594125,0.11457787754405582,0.35896241664886475
patient_mel2_,pca_ridge,0,ENSG00000078596,0.1379350324042399,0.14550347717081133,0.387309730052948
patient_mel2_,pca_ridge,0,ENSG00000162882,0.009862240478618793,0.01543992029459803,0.09086711704730988
patient_mel2_,pca_ridge,0,ENSG00000179820,0.07187591739386541,0.09221383789257899,0.5786906480789185
patient_mel2_,pca_ridge,0,ENSG00000159023,0.0365606000293644,0.017308072582216154,0.33586686849594116
patient_mel2_,pca_ridge,0,ENSG00000196873,-0.038805142785616246,0.012001638393383769,0.46550118923187256
patient_mel2_,pca_ridge,0,ENSG00000067715,,,0.04722888022661209
patient_mel2_,pca_ridge,0,ENSG00000245164,0.11849971565242758,0.15085182429413713,0.43449413776397705
patient_mel2_,pca_ridge,0,ENSG00000054967,0.07704126111991894,0.11215024382698946,0.3910957872867584
patient_mel2_,pca_ridge,0,ENSG00000000971,0.1754161223360258,0.19550113907463706,0.635371744632721
patient_mel2_,pca_ridge,0,ENSG00000189362,0.060846700824231985,0.056007867650509344,0.2817452549934387
patient_mel2_,pca_ridge,0,ENSG00000171016,0.09230723809046654,0.07126177960122429,0.17237725853919983
patient_mel2_,pca_ridge,0,ENSG00000132704,0.14435380194032527,0.14465977945267394,0.2778482139110565
patient_mel2_,pca_ridge,0,ENSG00000116830,0.011862846445359284,0.01802861496498882,0.3548222482204437
patient_mel2_,pca_ridge,0,ENSG00000171241,-0.026988070892221,0.011522928010630321,0.24035769701004028
patient_mel2_,pca_ridge,0,ENSG00000136504,-0.03532128782449475,0.0020180010117932788,0.4475143551826477
patient_mel2_,pca_ridge,0,ENSG00000169629,0.025014364879033354,-0.002652618360390057,0.23388367891311646
patient_mel2_,pca_ridge,0,ENSG00000274419,-0.01603089156376386,0.003112456419512529,0.4958153963088989
patient_mel2_,pca_ridge,0,ENSG00000141480,0.09043958892586428,0.14860601485470462,0.7756311297416687
patient_mel2_,pca_ridge,0,ENSG00000042980,0.25626348604524485,0.23124386635858224,0.41424742341041565
patient_mel2_,pca_ridge,0,ENSG00000122122,0.2647993222422314,0.27623591780563395,0.5483326315879822
patient_mel2_,pca_ridge,0,ENSG00000077585,-0.022453033415444627,0.05091945490581615,0.4140895903110504
patient_mel2_,pca_ridge,0,ENSG00000140323,0.03886512485952811,0.043550085027211645,0.08799782395362854
patient_mel2_,pca_ridge,0,ENSG00000125266,-0.0009476186753319719,0.024768629658304397,0.2394302785396576
patient_mel2_,pca_ridge,0,ENSG00000167685,0.013628412898343897,0.035720720980146586,0.47162818908691406
patient_mel2_,pca_ridge,0,ENSG00000219626,0.004694407320549902,0.030405888760230326,0.4006967544555664
patient_mel2_,pca_ridge,0,ENSG00000101811,0.05726260857881633,0.05370896579048828,0.15068411827087402
patient_mel2_,pca_ridge,0,ENSG00000196664,0.05661941765721968,0.08035377058941824,0.2809673249721527
patient_mel2_,pca_ridge,0,ENSG00000128578,0.006659714887272097,0.01678825177710993,0.3627820611000061
patient_mel2_,pca_ridge,0,ENSG00000177463,-0.01286160718974615,0.00012428520933902048,0.4927443563938141
patient_mel2_,pca_ridge,0,ENSG00000135365,-0.03091101239368909,0.0039577401111976825,0.6009882092475891
patient_mel2_,pca_ridge,0,ENSG00000185189,0.1655951238527968,0.20869722200807306,0.6431758999824524
patient_mel2_,pca_ridge,0,ENSG00000264575,-0.018384158583264507,-0.015667594625756412,0.11324988305568695
patient_mel2_,pca_ridge,0,ENSG00000163683,0.21738108331482797,0.17851487825222495,0.6299343705177307
patient_mel2_,pca_ridge,0,ENSG00000158966,0.04071000752855887,0.033937041868816006,0.16592355072498322
patient_mel2_,pca_ridge,0,ENSG00000182162,0.2236098963071475,0.22407350851971902,0.40592896938323975
patient_mel2_,pca_ridge,0,ENSG00000168071,0.29164152381135133,0.29664657112035525,0.5784633159637451
patient_mel2_,pca_ridge,0,ENSG00000079101,,,0.02855692245066166
patient_mel2_,pca_ridge,0,ENSG00000196476,-0.004602639992909654,-0.005461013023158939,0.2907087802886963
patient_mel2_,pca_ridge,0,ENSG00000231106,-0.027563126749742952,-0.02334932572900918,0.2970244884490967
patient_mel2_,spatial_knn,0,ENSG00000281383,0.21734534347726236,0.3251759550202666,1.267576293126131
patient_mel2_,spatial_knn,0,ENSG00000251562,0.3412966007457994,0.40110366357041005,1.2119015531496793
patient_mel2_,spatial_knn,0,ENSG00000137077,0.023039088180324487,-0.031162982409349883,1.5670035365936426
patient_mel2_,spatial_knn,0,ENSG00000254709,-0.11360849408261682,-0.08931817037000261,1.4531253494371528
patient_mel2_,spatial_knn,0,ENSG00000118785,0.11037385888256074,0.08457544273065032,1.239536183687306
patient_mel2_,spatial_knn,0,ENSG00000108821,0.02796217211788541,0.03779304600729379,1.3051930542868575
patient_mel2_,spatial_knn,0,ENSG00000156738,-0.005181523338018521,-0.12288744104770359,0.8964676864282305
patient_mel2_,spatial_knn,0,ENSG00000019582,-0.12225180833381065,-0.10212844969446226,1.4547910473777708
patient_mel2_,spatial_knn,0,ENSG00000132465,-0.1596220577549522,-0.17579267822162184,0.9958661609758112
patient_mel2_,spatial_knn,0,ENSG00000169442,0.02930456669897012,0.03597156220824207,1.3616352973786785
patient_mel2_,spatial_knn,0,ENSG00000182492,0.02584383253224148,0.026632610986030546,1.3928150793544591
patient_mel2_,spatial_knn,0,ENSG00000101335,-0.03406661528251586,-0.031342310327652424,1.1787799208450984
patient_mel2_,spatial_knn,0,ENSG00000105369,-0.00874550157309477,-0.07491643916473614,0.8249916214187146
patient_mel2_,spatial_knn,0,ENSG00000168542,-0.006520010191000456,-0.009502536022211195,1.2433496755710431
patient_mel2_,spatial_knn,0,ENSG00000204382,,,0.2686777676952727
patient_mel2_,spatial_knn,0,ENSG00000261857,0.008447676794579284,0.007411997064802682,1.4954028939999868
patient_mel2_,spatial_knn,0,ENSG00000185664,-0.03507369640391414,-0.018187463443799973,2.6607902555382097
patient_mel2_,spatial_knn,0,ENSG00000245532,-0.009190382488820837,-0.014977444696154772,1.5338743715262169
patient_mel2_,spatial_knn,0,ENSG00000153064,0.0008826096445104631,-0.03593820053637616,0.35808748103932986
patient_mel2_,spatial_knn,0,ENSG00000137818,-0.07214196248171154,-0.020245114396340035,0.574082816838222
patient_mel2_,spatial_knn,0,ENSG00000104921,0.048363981317015275,0.00156122183844168,0.6301289270512259
patient_mel2_,spatial_knn,0,ENSG00000164692,0.013184836099794348,0.008756226381927992,1.3271045234836258
patient_mel2_,spatial_knn,0,ENSG00000160307,0.024299070081976043,0.0024857694602372538,1.107447616631599
patient_mel2_,spatial_knn,0,ENSG00000126709,-0.04993450132192579,-0.07836003172387986,2.0290762275985714
patient_mel2_,spatial_knn,0,ENSG00000204287,0.005478985833149236,0.030125089414932863,1.355823527312339
patient_mel2_,spatial_knn,0,ENSG00000105664,-0.021892447307349662,-0.016031825474612616,0.539049991226425
patient_mel2_,spatial_knn,0,ENSG00000227507,-0.0016799094265334252,-0.056852986117922055,0.9426127134440815
patient_mel2_,spatial_knn,0,ENSG00000234745,-0.040357215828461815,-0.03379948837166437,1.33137411496292
patient_mel2_,spatial_knn,0,ENSG00000104894,-0.017940668858468487,-0.0686125506141371,0.8365772860583158
patient_mel2_,spatial_knn,0,ENSG00000196092,0.033326077643440935,-0.01889296782227544,0.44449198788646727
patient_mel2_,spatial_knn,0,ENSG00000129538,0.0656118187441735,0.02892853836160423,1.769680921962284
patient_mel2_,spatial_knn,0,ENSG00000143341,0.05181167143935678,0.04472172182309888,1.531475397579912
patient_mel2_,spatial_knn,0,ENSG00000139329,0.03527050382828774,0.022365645807735264,0.900877713540416
patient_mel2_,spatial_knn,0,ENSG00000087086,-0.04942428786644395,-0.04193707805222297,0.7275209862006302
patient_mel2_,spatial_knn,0,ENSG00000140105,0.01649131048244962,0.01995400537796507,1.3416614297488967
patient_mel2_,spatial_knn,0,ENSG00000162511,-0.04610475613725931,-0.03740096440208887,1.3865348683706857
patient_mel2_,spatial_knn,0,ENSG00000110799,0.10004298565459643,0.10953159367676733,0.922181229480136
patient_mel2_,spatial_knn,0,ENSG00000107317,-0.04908882113294187,-0.05547788287382853,0.8176444229480615
patient_mel2_,spatial_knn,0,ENSG00000173369,-0.08775380368305852,-0.0730982435933859,1.4984071163603245
patient_mel2_,spatial_knn,0,ENSG00000011465,-0.005563043520812967,-0.021780788853983976,0.861103977677806
patient_mel2_,spatial_knn,0,ENSG00000115306,0.1027377745222121,0.0886730151209907,1.4295368983231806
patient_mel2_,spatial_knn,0,ENSG00000102879,-0.07697752284369015,-0.08923747146358038,0.9649658121590341
patient_mel2_,spatial_knn,0,ENSG00000104419,0.059543367585528126,0.05798485510808956,1.3563613619365804
patient_mel2_,spatial_knn,0,ENSG00000255823,0.09704662742476325,0.112563662924428,1.0442114673861522
patient_mel2_,spatial_knn,0,ENSG00000115461,-0.017756620055928343,-0.012624471963928841,1.067713369652589
patient_mel2_,spatial_knn,0,ENSG00000068831,-0.02102354707907392,-0.07597346721792703,0.6191082347303305
patient_mel2_,spatial_knn,0,ENSG00000125730,-0.11252017306125754,-0.10356088899208077,0.7675336100386076
patient_mel2_,spatial_knn,0,ENSG00000206503,0.007222122120835471,0.029339596302227027,1.1053794048435182
patient_mel2_,spatial_knn,0,ENSG00000007312,-0.013611025740741791,-0.0636027969431314,0.8106148382890265
patient_mel2_,spatial_knn,0,ENSG00000145824,0.026718272868643995,-0.014910480218537893,0.6306681429930053
patient_mel2_,spatial_knn,0,ENSG00000152556,0.018593908845411594,0.030182683441229798,0.5536326308147896
patient_mel2_,spatial_knn,0,ENSG00000273576,0.006083412102566387,0.008915360745915016,0.17093986916672943
patient_mel2_,spatial_knn,0,ENSG00000266074,0.012824886873365873,0.02723912095471146,0.48710564074106805
patient_mel2_,spatial_knn,0,ENSG00000198466,-0.017553841573379032,-0.03668240510764333,0.5223975911632287
patient_mel2_,spatial_knn,0,ENSG00000169884,0.02959770991661207,0.04656058732055651,0.12565018617476223
patient_mel2_,spatial_knn,0,ENSG00000126001,0.01649127322400967,0.022455861142788656,0.459251537585858
patient_mel2_,spatial_knn,0,ENSG00000185963,-0.01990567913099615,-0.023195384125493816,0.5882951525594546
patient_mel2_,spatial_knn,0,ENSG00000215845,0.06224221853420415,0.0437142431941828,0.4234444171953558
patient_mel2_,spatial_knn,0,ENSG00000172936,0.01765847309608078,0.008760460072601152,0.4491089332078722
patient_mel2_,spatial_knn,0,ENSG00000179104,0.008267911038157473,0.01590610908574719,0.3032391115501132
patient_mel2_,spatial_knn,0,ENSG00000006282,0.013747394701956595,-0.007671946930813302,1.0485448368373989
patient_mel2_,spatial_knn,0,ENSG00000188917,0.020766640052728665,0.01468736738130622,0.2305671270808068
patient_mel2_,spatial_knn,0,ENSG00000258130,-0.06305917119116627,-0.09295251377174552,0.2675075094937421
patient_mel2_,spatial_knn,0,ENSG00000149418,0.036249389072280126,0.040082212711555446,0.2701296719784108
patient_mel2_,spatial_knn,0,ENSG00000092020,-0.015266692411980752,-0.00020932781307271016,0.41882629549958367
patient_mel2_,spatial_knn,0,ENSG00000163564,0.013937901237427781,-0.03866818964488454,0.366835076473698
patient_mel2_,spatial_knn,0,ENSG00000182185,0.0011987848090480428,0.024039435410778694,0.2084141780492583
patient_mel2_,spatial_knn,0,ENSG00000124588,0.010060042009050692,0.009734498300430867,0.80899586131335
patient_mel2_,spatial_knn,0,ENSG00000172113,0.01378281657621316,0.011616757137077412,0.4059750308561786
patient_mel2_,spatial_knn,0,ENSG00000181450,-0.038584812609472566,-0.03629757708385766,0.20609482943507845
patient_mel2_,spatial_knn,0,ENSG00000173706,0.06893520059667896,0.09801690998744733,0.5141510988985772
patient_mel2_,spatial_knn,0,ENSG00000159239,0.014930932800155911,-0.00188352337949105,0.1573265778694688
patient_mel2_,spatial_knn,0,ENSG00000115474,-0.0031978676475578607,0.01011340970138613,0.44493019707244286
patient_mel2_,spatial_knn,0,ENSG00000162739,-0.004601003172061841,0.023307011906869932,0.5017295831461731
patient_mel2_,spatial_knn,0,ENSG00000154175,0.014491534536973109,-0.033960063605293425,0.2601644732758058
patient_mel2_,spatial_knn,0,ENSG00000181264,-0.03620291964857167,-0.003391554517038962,0.2469901279253794
patient_mel2_,spatial_knn,0,ENSG00000104643,-0.016286873441725826,-0.011553467203810636,0.3063210436252206
patient_mel2_,spatial_knn,0,ENSG00000116030,0.053452833034222,0.04819816540452248,0.4010250277789554
patient_mel2_,spatial_knn,0,ENSG00000166192,-0.008770462183868634,0.02581513729320351,0.17429547820705146
patient_mel2_,spatial_knn,0,ENSG00000069431,-0.0050025653202388914,-0.01824357241445609,0.22761653186414368
patient_mel2_,spatial_knn,0,ENSG00000104361,-0.053431431158977645,-0.07243343158220336,0.3967003307573975
patient_mel2_,spatial_knn,0,ENSG00000121039,-0.0252033007362521,-0.03885811060828522,0.2606811995556961
patient_mel2_,spatial_knn,0,ENSG00000013619,0.023315438491929474,0.023207442617789203,0.19895530808327597
patient_mel2_,spatial_knn,0,ENSG00000185008,-0.023164574735073853,-0.03506161153834972,0.09762274434188326
patient_mel2_,spatial_knn,0,ENSG00000077984,0.03732513871978695,0.06752693034045987,0.48643391237410816
patient_mel2_,spatial_knn,0,ENSG00000161526,0.0032871488306557436,-0.006562889156690058,0.8679804202084864
patient_mel2_,spatial_knn,0,ENSG00000109618,0.016882297355749157,0.042767119695813365,0.3386116844993487
patient_mel2_,spatial_knn,0,ENSG00000019995,0.013475340355065087,0.036618838593440825,0.25599986567385075
patient_mel2_,spatial_knn,0,ENSG00000120314,0.001768673361462515,0.013337136551782664,0.439092165052498
patient_mel2_,spatial_knn,0,ENSG00000155749,-0.04700277432783206,-0.04350719955763891,0.32313874055917097
patient_mel2_,spatial_knn,0,ENSG00000129116,0.027151989821694013,0.0012683267854458695,0.5863923035958454
patient_mel2_,spatial_knn,0,ENSG00000109743,-0.009275083461079678,-0.01570732619607109,0.28046372205114073
patient_mel2_,spatial_knn,0,ENSG00000089060,-0.0679402069380588,-0.05123404911086189,0.5167164232726958
patient_mel2_,spatial_knn,0,ENSG00000120800,-0.01319645628158088,-0.006917575920382851,0.5266365895244464
patient_mel2_,spatial_knn,0,ENSG00000117069,0.0692049666026766,-0.014528786359803625,0.11535736722967888
patient_mel2_,spatial_knn,0,ENSG00000104427,0.019279363129503072,0.012702088542060896,0.2520508388171706
patient_mel2_,spatial_knn,0,ENSG00000268651,-0.00541614749093696,0.04809563873957958,0.06936173128138143
patient_mel2_,spatial_knn,0,ENSG00000070731,-0.05524766560654519,-0.05583224997687739,1.3606278883449308
patient_mel2_,spatial_knn,0,ENSG00000142731,0.00698292687868251,0.013441023169617665,0.1778241824097733
patient_mel2_,spatial_knn,0,ENSG00000172578,0.05855576905564003,0.0323830755561942,0.4002808581090722
patient_mel2_,spatial_knn,0,ENSG00000172508,-0.010168109824604657,-0.0045187348153010514,0.2174074794548647
patient_mel2_,spatial_knn,0,ENSG00000164975,-0.012905597785046815,-0.006947264456212024,0.3841132878448458
patient_mel2_,spatial_knn,0,ENSG00000147789,0.05780152014381795,0.07247225083120652,0.5028352812043569
patient_mel2_,spatial_knn,0,ENSG00000164330,0.09732627435494122,0.0862994105239217,0.30603815422417935
patient_mel2_,spatial_knn,0,ENSG00000166451,0.013514197651284223,0.025124202790420366,0.23183898465079297
patient_mel2_,spatial_knn,0,ENSG00000197302,0.00587481689856845,0.027987585103872763,0.38614651299122577
patient_mel2_,spatial_knn,0,ENSG00000168298,0.03303074298747513,0.04387660693347251,0.3593154476727605
patient_mel2_,spatial_knn,0,ENSG00000205238,-0.03054496731237251,-0.023485498233956938,0.2412626266944811
patient_mel2_,spatial_knn,0,ENSG00000137812,0.003442492518368978,0.0380903949471283,0.23073601387084133
patient_mel2_,spatial_knn,0,ENSG00000269439,-0.0294060922127724,-0.03590043721994412,0.25160744933759455
patient_mel2_,spatial_knn,0,ENSG00000115271,-0.04128611721077951,-0.04798215668874019,0.38047062565306833
patient_mel2_,spatial_knn,0,ENSG00000078596,-0.05990507925625906,-0.05626328795201652,0.4586000494928543
patient_mel2_,spatial_knn,0,ENSG00000162882,-0.021075577071929967,-0.028050290539350146,0.09309121420997654
patient_mel2_,spatial_knn,0,ENSG00000179820,-0.002036968010418855,-0.022071916466025823,0.6095426825374094
patient_mel2_,spatial_knn,0,ENSG00000159023,-0.005397438743202274,0.013477319034726074,0.3394388896984922
patient_mel2_,spatial_knn,0,ENSG00000196873,0.02275267840090594,0.05784010995678275,0.46983948173308887
patient_mel2_,spatial_knn,0,ENSG00000067715,,,0.06191076964943013
patient_mel2_,spatial_knn,0,ENSG00000245164,-0.01881394333982108,0.022959169097490247,0.44606924158709177
patient_mel2_,spatial_knn,0,ENSG00000054967,-0.006761313298418025,0.0015349839623737171,0.4065801190734841
patient_mel2_,spatial_knn,0,ENSG00000000971,-0.0911937315424892,-0.099870406648629,0.6754020681683998
patient_mel2_,spatial_knn,0,ENSG00000189362,-0.039920860592201055,-0.016571593143683745,0.2933223804027845
patient_mel2_,spatial_knn,0,ENSG00000171016,0.04592162414354038,0.0008562933751657505,0.17744132569583118
patient_mel2_,spatial_knn,0,ENSG00000132704,-0.05274716387480887,-0.05873315936240822,0.25482640428687603
patient_mel2_,spatial_knn,0,ENSG00000116830,0.04424210782649844,0.05391036839213977,0.358470487671993
patient_mel2_,spatial_knn,0,ENSG00000171241,0.036221120814851016,0.047910611390974155,0.2665823651309768
patient_mel2_,spatial_knn,0,ENSG00000136504,-0.04019272465319656,-0.05090468441820799,0.4617880422289485
patient_mel2_,spatial_knn,0,ENSG00000169629,0.005394613337328848,0.017699139094065817,0.23887140838679352
patient_mel2_,spatial_knn,0,ENSG00000274419,0.04777922638654203,0.03248094577920242,0.49978790473242174
patient_mel2_,spatial_knn,0,ENSG00000141480,0.021512026542753748,0.022081375121325218,0.8095531784544994
patient_mel2_,spatial_knn,0,ENSG00000042980,0.010227802683679565,0.0018127570892749099,0.43988825891462746
patient_mel2_,spatial_knn,0,ENSG00000122122,0.008099427888394503,-0.004578443805195736,0.5916844015031539
patient_mel2_,spatial_knn,0,ENSG00000077585,0.02148243893285961,0.032647207045508,0.4207332374958985
patient_mel2_,spatial_knn,0,ENSG00000140323,-0.002935113374421601,0.02081143193610772,0.11077137740828044
patient_mel2_,spatial_knn,0,ENSG00000125266,-0.021720454888667598,-0.01032011903436014,0.2688877358818655
patient_mel2_,spatial_knn,0,ENSG00000167685,0.01926375584454307,0.00624318226417972,0.48770707595029555
patient_mel2_,spatial_knn,0,ENSG00000219626,-0.00883918623032589,-0.04157092046188356,0.40248447687160727
patient_mel2_,spatial_knn,0,ENSG00000101811,0.04477277463428463,0.04031037855249106,0.17003984137226422
patient_mel2_,spatial_knn,0,ENSG00000196664,0.09497454027885815,0.06018759683140869,0.28318639188679345
patient_mel2_,spatial_knn,0,ENSG00000128578,-0.02860774212475415,-0.0011884488102204087,0.3715535668183156
patient_mel2_,spatial_knn,0,ENSG00000177463,-0.006091811786321365,-0.013897997371599987,0.5003590027110811
patient_mel2_,spatial_knn,0,ENSG00000135365,-0.01308296503604075,0.01151064732009115,0.6075599676728645
patient_mel2_,spatial_knn,0,ENSG00000185189,0.009908058180064261,-0.00048527391620031525,0.6664361695642856
patient_mel2_,spatial_knn,0,ENSG00000264575,-0.021917104823886202,-0.030173829676749617,0.11534839662797479
patient_mel2_,spatial_knn,0,ENSG00000163683,-0.03331807294822503,-0.05444512907945323,0.6830622936388935
patient_mel2_,spatial_knn,0,ENSG00000158966,-0.01313432213029168,-0.015309796562263918,0.171438945430317
patient_mel2_,spatial_knn,0,ENSG00000182162,-0.012527337052629851,-0.022615416160797694,0.42959403692543563
patient_mel2_,spatial_knn,0,ENSG00000168071,-0.04348934221484008,-0.0672332665250738,0.6236731372638736
patient_mel2_,spatial_knn,0,ENSG00000079101,,,0.06281477541968218
patient_mel2_,spatial_knn,0,ENSG00000196476,-0.022083061817881937,-0.02225965790421929,0.30404407990618015
patient_mel2_,spatial_knn,0,ENSG00000231106,-0.05445139420861191,-0.06780523905132158,0.29826199992670244
patient_mel3_,mean,0,ENSG00000281383,0.0,,0.9994884133338928
patient_mel3_,mean,0,ENSG00000251562,,,0.998174786567688
patient_mel3_,mean,0,ENSG00000137077,,,0.9004842042922974
patient_mel3_,mean,0,ENSG00000254709,,,1.1644243001937866
patient_mel3_,mean,0,ENSG00000118785,,,0.9510016441345215
patient_mel3_,mean,0,ENSG00000108821,,,1.5642935037612915
patient_mel3_,mean,0,ENSG00000156738,,,0.4305945932865143
patient_mel3_,mean,0,ENSG00000019582,,,1.8234565258026123
patient_mel3_,mean,0,ENSG00000132465,,,0.7095474004745483
patient_mel3_,mean,0,ENSG00000169442,,,0.9059869050979614
patient_mel3_,mean,0,ENSG00000182492,,,2.0286405086517334
patient_mel3_,mean,0,ENSG00000101335,0.0,,1.1150836944580078
patient_mel3_,mean,0,ENSG00000105369,,,0.3990118205547333
patient_mel3_,mean,0,ENSG00000168542,0.0,,1.3534408807754517
patient_mel3_,mean,0,ENSG00000204382,,,0.17264682054519653
patient_mel3_,mean,0,ENSG00000261857,0.0,,1.010695457458496
patient_mel3_,mean,0,ENSG00000185664,,,1.614263892173767
patient_mel3_,mean,0,ENSG00000245532,,,2.0286288261413574
patient_mel3_,mean,0,ENSG00000153064,0.0,0.0,0.07695601135492325
patient_mel3_,mean,0,ENSG00000137818,,,0.6442628502845764
patient_mel3_,mean,0,ENSG00000104921,0.0,0.0,0.1560332179069519
patient_mel3_,mean,0,ENSG00000164692,0.0,,1.3206725120544434
patient_mel3_,mean,0,ENSG00000160307,,,1.005233883857727
patient_mel3_,mean,0,ENSG00000126709,,,1.9208018779754639
patient_mel3_,mean,0,ENSG00000204287,,,1.3969526290893555
patient_mel3_,mean,0,ENSG00000105664,,,0.1701713502407074
patient_mel3_,mean,0,ENSG00000227507,0.0,,0.5052974224090576
patient_mel3_,mean,0,ENSG00000234745,,,2.183422088623047
patient_mel3_,mean,0,ENSG00000104894,,,0.3803505003452301
patient_mel3_,mean,0,ENSG00000196092,0.0,0.0,0.10681242495775223
patient_mel3_,mean,0,ENSG00000129538,,,1.4765700101852417
patient_mel3_,mean,0,ENSG00000143341,,,0.834696352481842
patient_mel3_,mean,0,ENSG00000139329,,,0.8694486618041992
patient_mel3_,mean,0,ENSG00000087086,,,0.954325258731842
patient_mel3_,mean,0,ENSG00000140105,0.0,,1.2200067043304443
patient_mel3_,mean,0,ENSG00000162511,,,1.3507806062698364
patient_mel3_,mean,0,ENSG00000110799,0.0,,0.7232770919799805
patient_mel3_,mean,0,ENSG00000107317,0.0,,0.5742509365081787
patient_mel3_,mean,0,ENSG00000173369,,,1.6824607849121094
patient_mel3_,mean,0,ENSG00000011465,,,0.7489603161811829
patient_mel3_,mean,0,ENSG00000115306,,,0.8790265917778015
patient_mel3_,mean,0,ENSG00000102879,,,0.5972237586975098
patient_mel3_,mean,0,ENSG00000104419,0.0,,1.9665619134902954
patient_mel3_,mean,0,ENSG00000255823,,,1.710693359375
patient_mel3_,mean,0,ENSG00000115461,0.0,,1.7589582204818726
patient_mel3_,mean,0,ENSG00000068831,,,0.26777976751327515
patient_mel3_,mean,0,ENSG00000125730,,,0.44745489954948425
patient_mel3_,mean,0,ENSG00000206503,,,1.4676817655563354
patient_mel3_,mean,0,ENSG00000007312,0.0,,0.39713960886001587
patient_mel3_,mean,0,ENSG00000145824,,,0.20712165534496307
patient_mel3_,mean,0,ENSG00000152556,,,0.5634890794754028
patient_mel3_,mean,0,ENSG00000273576,0.0,,0.10041328519582748
patient_mel3_,mean,0,ENSG00000266074,0.0,,0.18176382780075073
patient_mel3_,mean,0,ENSG00000198466,0.0,,0.37149521708488464
patient_mel3_,mean,0,ENSG00000169884,0.0,,0.08437519520521164
patient_mel3_,mean,0,ENSG00000126001,0.0,,0.4915517568588257
patient_mel3_,mean,0,ENSG00000185963,0.0,,0.5978359580039978
patient_mel3_,mean,0,ENSG00000215845,0.0,,0.2645829916000366
patient_mel3_,mean,0,ENSG00000172936,,,0.32725852727890015
patient_mel3_,mean,0,ENSG00000179104,0.0,,0.5769441723823547
patient_mel3_,mean,0,ENSG00000006282,0.0,,0.5839609503746033
patient_mel3_,mean,0,ENSG00000188917,,,0.19773848354816437
patient_mel3_,mean,0,ENSG00000258130,,,0.2284994125366211
patient_mel3_,mean,0,ENSG00000149418,,,0.22094538807868958
patient_mel3_,mean,0,ENSG00000092020,,,0.39873459935188293
patient_mel3_,mean,0,ENSG00000163564,0.0,,0.06022261083126068
patient_mel3_,mean,0,ENSG00000182185,0.0,,0.10782236605882645
patient_mel3_,mean,0,ENSG00000124588,,,0.5661950707435608
patient_mel3_,mean,0,ENSG00000172113,,,0.283794105052948
patient_mel3_,mean,0,ENSG00000181450,,,0.21643874049186707
patient_mel3_,mean,0,ENSG00000173706,,,0.4016468822956085
patient_mel3_,mean,0,ENSG00000159239,,,0.26309195160865784
patient_mel3_,mean,0,ENSG00000115474,0.0,,0.09904742985963821
patient_mel3_,mean,0,ENSG00000162739,,,0.12120229750871658
patient_mel3_,mean,0,ENSG00000154175,0.0,,0.20721971988677979
patient_mel3_,mean,0,ENSG00000181264,0.0,,0.13948088884353638
patient_mel3_,mean,0,ENSG00000104643,,,0.3497494161128998
patient_mel3_,mean,0,ENSG00000116030,,,0.4197996258735657
patient_mel3_,mean,0,ENSG00000166192,0.0,,0.13492517173290253
patient_mel3_,mean,0,ENSG00000069431,,,0.16443811357021332
patient_mel3_,mean,0,ENSG00000104361,0.0,,0.09488220512866974
patient_mel3_,mean,0,ENSG00000121039,0.0,,0.1781274676322937
patient_mel3_,mean,0,ENSG00000013619,0.0,,0.29754605889320374
patient_mel3_,mean,0,ENSG00000185008,0.0,,0.13621190190315247
patient_mel3_,mean,0,ENSG00000077984,,,0.20747680962085724
patient_mel3_,mean,0,ENSG00000161526,0.0,,0.6587166786193848
patient_mel3_,mean,0,ENSG00000109618,,,0.23575769364833832
patient_mel3_,mean,0,ENSG00000019995,,,0.02740142121911049
patient_mel3_,mean,0,ENSG00000120314,0.0,,0.28505203127861023
patient_mel3_,mean,0,ENSG00000155749,,,0.09967457503080368
patient_mel3_,mean,0,ENSG00000129116,0.0,,0.6924529671669006
patient_mel3_,mean,0,ENSG00000109743,,,0.20741094648838043
patient_mel3_,mean,0,ENSG00000089060,0.0,,0.35756489634513855
patient_mel3_,mean,0,ENSG00000120800,,,0.7965463995933533
patient_mel3_,mean,0,ENSG00000117069,0.0,,0.3308730125427246
patient_mel3_,mean,0,ENSG00000104427,0.0,,0.14271791279315948
patient_mel3_,mean,0,ENSG00000268651,,,0.013914082199335098
patient_mel3_,mean,0,ENSG00000070731,,,0.743986189365387
patient_mel3_,mean,0,ENSG00000142731,,,0.23373833298683167
patient_mel3_,mean,0,ENSG00000172578,,,0.21581332385540009
patient_mel3_,mean,0,ENSG00000172508,,,0.11090009659528732
patient_mel3_,mean,0,ENSG00000164975,,,0.33965325355529785
patient_mel3_,mean,0,ENSG00000147789,,,0.48376166820526123
patient_mel3_,mean,0,ENSG00000164330,0.0,,0.2367379069328308
patient_mel3_,mean,0,ENSG00000166451,,,0.4510745704174042
patient_mel3_,mean,0,ENSG00000197302,,,0.29225948452949524
patient_mel3_,mean,0,ENSG00000168298,0.0,,0.3580375611782074
patient_mel3_,mean,0,ENSG00000205238,0.0,,0.1281621903181076
patient_mel3_,mean,0,ENSG00000137812,,,0.4183673858642578
patient_mel3_,mean,0,ENSG00000269439,0.0,,0.22508953511714935
patient_mel3_,mean,0,ENSG00000115271,,,0.20220310986042023
patient_mel3_,mean,0,ENSG00000078596,0.0,,0.9015948176383972
patient_mel3_,mean,0,ENSG00000162882,,,0.13531816005706787
patient_mel3_,mean,0,ENSG00000179820,,,0.5542057156562805
patient_mel3_,mean,0,ENSG00000159023,,,0.10662126541137695
patient_mel3_,mean,0,ENSG00000196873,,,0.35824909806251526
patient_mel3_,mean,0,ENSG00000067715,0.0,0.0,0.01888398453593254
patient_mel3_,mean,0,ENSG00000245164,,,0.0842389315366745
patient_mel3_,mean,0,ENSG00000054967,,,0.44688475131988525
patient_mel3_,mean,0,ENSG00000000971,,,0.546096682548523
patient_mel3_,mean,0,ENSG00000189362,,,0.15875835716724396
patient_mel3_,mean,0,ENSG00000171016,,,0.10118939727544785
patient_mel3_,mean,0,ENSG00000132704,0.0,,0.05876607075333595
patient_mel3_,mean,0,ENSG00000116830,,,0.33961793780326843
patient_mel3_,mean,0,ENSG00000171241,,,0.49706852436065674
patient_mel3_,mean,0,ENSG00000136504,,,0.4119836688041687
patient_mel3_,mean,0,ENSG00000169629,,,0.231979101896286
patient_mel3_,mean,0,ENSG00000274419,,,0.38249388337135315
patient_mel3_,mean,0,ENSG00000141480,0.0,,0.536091148853302
patient_mel3_,mean,0,ENSG00000042980,0.0,,0.18336912989616394
patient_mel3_,mean,0,ENSG00000122122,0.0,,0.2161741554737091
patient_mel3_,mean,0,ENSG00000077585,0.0,,0.3081649839878082
patient_mel3_,mean,0,ENSG00000140323,,,0.22722573578357697
patient_mel3_,mean,0,ENSG00000125266,0.0,,0.46535369753837585
patient_mel3_,mean,0,ENSG00000167685,,,0.6001635193824768
patient_mel3_,mean,0,ENSG00000219626,,,0.18211644887924194
patient_mel3_,mean,0,ENSG00000101811,,,0.28072166442871094
patient_mel3_,mean,0,ENSG00000196664,0.0,,0.04774384945631027
patient_mel3_,mean,0,ENSG00000128578,0.0,,0.24924001097679138
patient_mel3_,mean,0,ENSG00000177463,,,0.24997954070568085
patient_mel3_,mean,0,ENSG00000135365,,,0.4974575936794281
patient_mel3_,mean,0,ENSG00000185189,,,0.39178967475891113
patient_mel3_,mean,0,ENSG00000264575,,,0.04451713338494301
patient_mel3_,mean,0,ENSG00000163683,0.0,,0.40631285309791565
patient_mel3_,mean,0,ENSG00000158966,,,0.13239887356758118
patient_mel3_,mean,0,ENSG00000182162,0.0,0.0,0.09214622527360916
patient_mel3_,mean,0,ENSG00000168071,0.0,,0.2569478154182434
patient_mel3_,mean,0,ENSG00000079101,0.0,,0.0947190597653389
patient_mel3_,mean,0,ENSG00000196476,,,0.2976905405521393
patient_mel3_,mean,0,ENSG00000231106,0.0,0.0,0.0335938036441803
patient_mel3_,pca_ridge,0,ENSG00000281383,0.5195011394472444,0.6040186379843312,1.0232077836990356
patient_mel3_,pca_ridge,0,ENSG00000251562,0.07008721412763448,0.2877809031443928,0.9385321140289307
patient_mel3_,pca_ridge,0,ENSG00000137077,0.03845618231344744,0.044636204112046746,1.2913767099380493
patient_mel3_,pca_ridge,0,ENSG00000254709,0.13581093992962232,0.12826863053634147,1.545055866241455
patient_mel3_,pca_ridge,0,ENSG00000118785,0.2969114089404908,0.265136510024163,0.9935153126716614
patient_mel3_,pca_ridge,0,ENSG00000108821,0.5679563068795928,0.5680721449047076,1.4006065130233765
patient_mel3_,pca_ridge,0,ENSG00000156738,-0.010822332958039886,-0.017928802279382983,0.5947282314300537
patient_mel3_,pca_ridge,0,ENSG00000019582,0.28274850984432415,0.27098301791913826,1.5774534940719604
patient_mel3_,pca_ridge,0,ENSG00000132465,0.20437127281943418,0.19392283218917478,0.8017230033874512
patient_mel3_,pca_ridge,0,ENSG00000169442,0.05607973806953813,0.05738029881008913,1.0823081731796265
patient_mel3_,pca_ridge,0,ENSG00000182492,0.5088433776714679,0.4537015613604543,1.7280901670455933
patient_mel3_,pca_ridge,0,ENSG00000101335,0.4594987974472567,0.43778666757398305,1.0096596479415894
patient_mel3_,pca_ridge,0,ENSG00000105369,-0.04779801209203133,-0.05786668250204157,0.5580455660820007
patient_mel3_,pca_ridge,0,ENSG00000168542,0.4904582377755775,0.4590441393302715,1.2393556833267212
patient_mel3_,pca_ridge,0,ENSG00000204382,,,0.4532139003276825
patient_mel3_,pca_ridge,0,ENSG00000261857,0.15594817544239314,0.11420285525740453,0.91452956199646
patient_mel3_,pca_ridge,0,ENSG00000185664,0.2614620381039208,0.2593544125594342,1.7495670318603516
patient_mel3_,pca_ridge,0,ENSG00000245532,0.08934181775904973,0.08906288040861807,1.865933895111084
patient_mel3_,pca_ridge,0,ENSG00000153064,,,0.11446390300989151
patient_mel3_,pca_ridge,0,ENSG00000137818,0.20981791949450188,0.08953337826933758,0.5830948948860168
patient_mel3_,pca_ridge,0,ENSG00000104921,,,0.23287293314933777
patient_mel3_,pca_ridge,0,ENSG00000164692,0.39943984698654994,0.37634396385761065,1.1104423999786377
patient_mel3_,pca_ridge,0,ENSG00000160307,0.1881704126187622,0.10083032292885984,0.8342120051383972
patient_mel3_,pca_ridge,0,ENSG00000126709,0.0958254839514169,0.06908231417729527,1.106704831123352
patient_mel3_,pca_ridge,0,ENSG00000204287,0.14951243340580675,0.17044992511115153,1.2233601808547974
patient_mel3_,pca_ridge,0,ENSG00000105664,,,0.3099912703037262
patient_mel3_,pca_ridge,0,ENSG00000227507,0.08963272968950299,0.048806251651123164,0.6542216539382935
patient_mel3_,pca_ridge,0,ENSG00000234745,0.20246048751709106,0.2213190166277436,1.9844512939453125
patient_mel3_,pca_ridge,0,ENSG00000104894,-0.04161565543565239,-0.06060991172899227,0.4246480464935303
patient_mel3_,pca_ridge,0,ENSG00000196092,,,0.18671078979969025
patient_mel3_,pca_ridge,0,ENSG00000129538,0.23812472257665665,0.20847366969746356,1.1644606590270996
patient_mel3_,pca_ridge,0,ENSG00000143341,0.300506587333624,0.32049577091800757,0.7332531213760376
patient_mel3_,pca_ridge,0,ENSG00000139329,0.40698118574356396,0.3955838784576181,0.8027901649475098
patient_mel3_,pca_ridge,0,ENSG00000087086,0.055744099449043474,-0.014217433915472862,0.8960344195365906
patient_mel3_,pca_ridge,0,ENSG00000140105,0.12429942349926747,0.12369177949220456,0.9529648423194885
patient_mel3_,pca_ridge,0,ENSG00000162511,0.1809301097278174,0.1861572115953796,1.275691270828247
patient_mel3_,pca_ridge,0,ENSG00000110799,0.16257479365486782,0.17323206329747762,0.8943792581558228
patient_mel3_,pca_ridge,0,ENSG00000107317,-0.0424370931641303,-0.04364715687963023,0.6403031945228577
patient_mel3_,pca_ridge,0,ENSG00000173369,0.13036539959940566,0.1591855164857317,1.2733280658721924
patient_mel3_,pca_ridge,0,ENSG00000011465,0.27823580000833337,0.2610555161809753,0.7173668742179871
patient_mel3_,pca_ridge,0,ENSG00000115306,0.27556753014348956,0.1654295002144758,0.8028727769851685
patient_mel3_,pca_ridge,0,ENSG00000102879,0.05986701529379768,0.11370741276438731,0.6437035202980042
patient_mel3_,pca_ridge,0,ENSG00000104419,0.14302258293323367,0.06665698543704188,1.6964824199676514
patient_mel3_,pca_ridge,0,ENSG00000255823,0.09312300902087238,0.1509212188401546,1.906368613243103
patient_mel3_,pca_ridge,0,ENSG00000115461,0.1316944758008921,0.056342461937421796,1.6044647693634033
patient_mel3_,pca_ridge,0,ENSG00000068831,0.03765984893586196,0.018075391857370744,0.2878116965293884
patient_mel3_,pca_ridge,0,ENSG00000125730,0.09238708248820444,0.06157874767450446,0.5475768446922302
patient_mel3_,pca_ridge,0,ENSG00000206503,0.137564901635163,0.06223028633278001,1.308849573135376
patient_mel3_,pca_ridge,0,ENSG00000007312,0.06519287526076084,0.06983095194721849,0.5657175183296204
patient_mel3_,pca_ridge,0,ENSG00000145824,-0.06279838260900739,-0.07414975030755007,0.30947205424308777
patient_mel3_,pca_ridge,0,ENSG00000152556,0.0595257053386831,0.07025992095525051,0.5684251189231873
patient_mel3_,pca_ridge,0,ENSG00000273576,-0.039662113577346864,-0.03711584088936443,0.1032087653875351
patient_mel3_,pca_ridge,0,ENSG00000266074,0.021992208003741513,0.04114047681357345,0.20612776279449463
patient_mel3_,pca_ridge,0,ENSG00000198466,-0.013728056022953256,0.03307624035459707,0.3781290054321289
patient_mel3_,pca_ridge,0,ENSG00000169884,-0.07353404506096907,-0.06787406524900473,0.08758394420146942
patient_mel3_,pca_ridge,0,ENSG00000126001,0.04077222091092629,0.04963210884936707,0.4916960299015045
patient_mel3_,pca_ridge,0,ENSG00000185963,-0.004553219616203883,0.024860857944305887,0.6039350628852844
patient_mel3_,pca_ridge,0,ENSG00000215845,-0.06176767364358041,-0.03997702747163639,0.2971205413341522
patient_mel3_,pca_ridge,0,ENSG00000172936,0.1285229630497429,0.17487047260205993,0.3222431242465973
patient_mel3_,pca_ridge,0,ENSG00000179104,-0.08888422453231976,-0.041131172183793197,0.5799646973609924
patient_mel3_,pca_ridge,0,ENSG00000006282,0.027526279369223687,0.042041527282439296,0.6400718688964844
patient_mel3_,pca_ridge,0,ENSG00000188917,-0.014357723533784728,-0.0210075452343678,0.2013178914785385
patient_mel3_,pca_ridge,0,ENSG00000258130,0.029686421215267076,0.04310627730040442,0.23036766052246094
patient_mel3_,pca_ridge,0,ENSG00000149418,-0.03259885714638578,-0.009584566479928912,0.22372159361839294
patient_mel3_,pca_ridge,0,ENSG00000092020,0.024648109787769355,0.04972498733965002,0.4027620255947113
patient_mel3_,pca_ridge,0,ENSG00000163564,0.04442357525940558,0.05335842357198986,0.061068106442689896
patient_mel3_,pca_ridge,0,ENSG00000182185,-0.022094402972187392,-0.012115138006873392,0.10943622887134552
patient_mel3_,pca_ridge,0,ENSG00000124588,0.07727580691466462,0.12584813447684856,0.5974400639533997
patient_mel3_,pca_ridge,0,ENSG00000172113,-0.07318831170921894,-0.03789367169444491,0.28761953115463257
patient_mel3_,pca_ridge,0,ENSG00000181450,-0.06751455121489157,-0.06935099906515317,0.22036395967006683
patient_mel3_,pca_ridge,0,ENSG00000173706,0.1384082414772149,0.14622449476987273,0.3986346125602722
patient_mel3_,pca_ridge,0,ENSG00000159239,-0.03362084901904341,0.0029739295071064694,0.26421576738357544
patient_mel3_,pca_ridge,0,ENSG00000115474,0.056341652569619725,0.04502255036287304,0.09846679121255875
patient_mel3_,pca_ridge,0,ENSG00000162739,,,0.13037078082561493
patient_mel3_,pca_ridge,0,ENSG00000154175,0.05506528196901481,0.04542890343736744,0.2102055549621582
patient_mel3_,pca_ridge,0,ENSG00000181264,-0.029266079074697186,-0.03847139634182797,0.14156806468963623
patient_mel3_,pca_ridge,0,ENSG00000104643,0.06953211734154023,0.11656616144471892,0.3494817316532135
patient_mel3_,pca_ridge,0,ENSG00000116030,0.15558443159086865,0.19831468720086962,0.41633403301239014
patient_mel3_,pca_ridge,0,ENSG00000166192,-0.05126457577998527,-0.056734708574042385,0.13692019879817963
patient_mel3_,pca_ridge,0,ENSG00000069431,0.018571715008110997,0.025160425030724416,0.17385967075824738
patient_mel3_,pca_ridge,0,ENSG00000104361,0.03471003520049107,0.02732738342224584,0.1271928995847702
patient_mel3_,pca_ridge,0,ENSG00000121039,-0.059084411645614086,-0.05283145361489172,0.18431784212589264
patient_mel3_,pca_ridge,0,ENSG00000013619,0.04934786372647574,0.08651647903219971,0.2988446354866028
patient_mel3_,pca_ridge,0,ENSG00000185008,-0.03660126227719895,-0.03099573059987221,0.13870437443256378
patient_mel3_,pca_ridge,0,ENSG00000077984,0.036763899741159074,0.04409439594037554,0.20900622010231018
patient_mel3_,pca_ridge,0,ENSG00000161526,0.0001395228526362724,0.046716017640395166,0.6693575978279114
patient_mel3_,pca_ridge,0,ENSG00000109618,0.031937797937564814,0.04367257820656442,0.23796889185905457
patient_mel3_,pca_ridge,0,ENSG00000019995,,,0.024612152948975563
patient_mel3_,pca_ridge,0,ENSG00000120314,0.010654497551724096,0.03878413885104293,0.2890681028366089
patient_mel3_,pca_ridge,0,ENSG00000155749,0.0023117068353481697,-0.0028672271738309886,0.11656279116868973
patient_mel3_,pca_ridge,0,ENSG00000129116,0.1644096412853989,0.15042380290305432,0.672921895980835
patient_mel3_,pca_ridge,0,ENSG00000109743,0.030804876043065362,0.04196999183024228,0.21089525520801544
patient_mel3_,pca_ridge,0,ENSG00000089060,0.0719719265263348,0.09410252364975252,0.3657832741737366
patient_mel3_,pca_ridge,0,ENSG00000120800,0.051325688567309555,0.08587019758406486,0.8030896782875061
patient_mel3_,pca_ridge,0,ENSG00000117069,0.05595534692482056,0.06892837841561913,0.33029231429100037
patient_mel3_,pca_ridge,0,ENSG00000104427,0.013176493604999331,0.03444232166401663,0.15140968561172485
patient_mel3_,pca_ridge,0,ENSG00000268651,,,0.022550903260707855
patient_mel3_,pca_ridge,0,ENSG00000070731,0.034493628894038564,0.06231352686662492,0.5963978171348572
patient_mel3_,pca_ridge,0,ENSG00000142731,-0.01564094443484191,0.008913163742838643,0.23569339513778687
patient_mel3_,pca_ridge,0,ENSG00000172578,-0.005396658351419391,-0.009323624655585316,0.22380007803440094
patient_mel3_,pca_ridge,0,ENSG00000172508,0.040224292853967364,0.01736104584709342,0.11328783631324768
patient_mel3_,pca_ridge,0,ENSG00000164975,0.05788166142252677,0.055976891251653366,0.3411751091480255
patient_mel3_,pca_ridge,0,ENSG00000147789,0.058987248879230895,0.11478470779311986,0.48433592915534973
patient_mel3_,pca_ridge,0,ENSG00000164330,0.051272670342390865,0.046995597168571844,0.23968660831451416
patient_mel3_,pca_ridge,0,ENSG00000166451,0.013339642029975686,0.08088019619267871,0.4481493830680847
patient_mel3_,pca_ridge,0,ENSG00000197302,-0.013104193119346423,-0.0006447040158418284,0.2967820465564728
patient_mel3_,pca_ridge,0,ENSG00000168298,0.04622150193792715,0.03605461981451162,0.3603721857070923
patient_mel3_,pca_ridge,0,ENSG00000205238,0.028098783244371536,0.02859464041116607,0.13146360218524933
patient_mel3_,pca_ridge,0,ENSG00000137812,0.055921866817744,0.06428880922882933,0.41582539677619934
patient_mel3_,pca_ridge,0,ENSG00000269439,-0.04091652450849283,-0.027290877941559027,0.22914452850818634
patient_mel3_,pca_ridge,0,ENSG00000115271,0.05180834792755006,0.08180408052290425,0.20339426398277283
patient_mel3_,pca_ridge,0,ENSG00000078596,0.06201861799483427,0.08457384755788669,0.9048246741294861
patient_mel3_,pca_ridge,0,ENSG00000162882,0.0076003937619328376,-0.002993301430528318,0.1356777399778366
patient_mel3_,pca_ridge,0,ENSG00000179820,0.014025730570854928,0.06466654619006833,0.6960759162902832
patient_mel3_,pca_ridge,0,ENSG00000159023,-0.05538156594932997,-0.05067991667188015,0.10846396535634995
patient_mel3_,pca_ridge,0,ENSG00000196873,-0.0229097469200448,0.015538153464974249,0.361860454082489
patient_mel3_,pca_ridge,0,ENSG00000067715,,,0.04814596474170685
patient_mel3_,pca_ridge,0,ENSG00000245164,0.0018286256947535585,0.003360102240049739,0.14428390562534332
patient_mel3_,pca_ridge,0,ENSG00000054967,0.028328377416297772,0.0822320536444435,0.45567652583122253
patient_mel3_,pca_ridge,0,ENSG00000000971,0.16162232396708467,0.2202147254805589,0.5496875047683716
patient_mel3_,pca_ridge,0,ENSG00000189362,0.060037194609639896,0.0656510068850506,0.15929847955703735
patient_mel3_,pca_ridge,0,ENSG00000171016,-0.05072927622607487,-0.0616479785435315,0.1175328716635704
patient_mel3_,pca_ridge,0,ENSG00000132704,0.027356520408606134,0.0348106592069153,0.07014252245426178
patient_mel3_,pca_ridge,0,ENSG00000116830,0.05495113401775044,0.05408492238834587,0.3402026891708374
patient_mel3_,pca_ridge,0,ENSG00000171241,0.058654631669521104,0.07627099457475886,0.4892149567604065
patient_mel3_,pca_ridge,0,ENSG00000136504,0.009263104178996529,0.045057262547417286,0.4164624810218811
patient_mel3_,pca_ridge,0,ENSG00000169629,-0.043131729638857925,-0.04321252250476088,0.23517948389053345
patient_mel3_,pca_ridge,0,ENSG00000274419,-0.0010215916721110277,-0.03106564515690573,0.3888384699821472
patient_mel3_,pca_ridge,0,ENSG00000141480,0.030660669025239156,0.0811426122139558,0.5257581472396851
patient_mel3_,pca_ridge,0,ENSG00000042980,-0.036260988143362545,-0.047024212871877386,0.198297381401062
patient_mel3_,pca_ridge,0,ENSG00000122122,0.03412287580904599,0.06572908914405787,0.20220568776130676
patient_mel3_,pca_ridge,0,ENSG00000077585,0.02289174180160171,0.03539824191306108,0.3140036165714264
patient_mel3_,pca_ridge,0,ENSG00000140323,0.07416369959636704,0.0704960448605905,0.22686047852039337
patient_mel3_,pca_ridge,0,ENSG00000125266,-0.03493792782380708,-0.030638792310111275,0.4644302427768707
patient_mel3_,pca_ridge,0,ENSG00000167685,0.12045242251870801,0.1909228274608155,0.5856187343597412
patient_mel3_,pca_ridge,0,ENSG00000219626,-0.018634593095582335,-0.012914558833062575,0.18448331952095032
patient_mel3_,pca_ridge,0,ENSG00000101811,0.021098577866938802,0.017770623379573344,0.27960872650146484
patient_mel3_,pca_ridge,0,ENSG00000196664,0.09014432422856694,0.07244380429547237,0.05593279376626015
patient_mel3_,pca_ridge,0,ENSG00000128578,0.11131469452943109,0.11261718033850263,0.24684108793735504
patient_mel3_,pca_ridge,0,ENSG00000177463,0.04085098395976766,0.04067687218632892,0.2519588768482208
patient_mel3_,pca_ridge,0,ENSG00000135365,-0.003979482015707528,0.038709280345226825,0.5099178552627563
patient_mel3_,pca_ridge,0,ENSG00000185189,0.06472918878642757,0.07379384185700481,0.33697178959846497
patient_mel3_,pca_ridge,0,ENSG00000264575,0.018273499150114513,0.0219078666051243,0.04838176444172859
patient_mel3_,pca_ridge,0,ENSG00000163683,0.0930356136360889,0.10604435844182317,0.4357203543186188
patient_mel3_,pca_ridge,0,ENSG00000158966,-0.05555973940481841,-0.0633752878985225,0.1349673867225647
patient_mel3_,pca_ridge,0,ENSG00000182162,,,0.0998903438448906
patient_mel3_,pca_ridge,0,ENSG00000168071,0.09467881440144241,0.09257518128248433,0.30363258719444275
patient_mel3_,pca_ridge,0,ENSG00000079101,-0.017928506608684808,0.003079902591300673,0.09553300589323044
patient_mel3_,pca_ridge,0,ENSG00000196476,-0.06842776487534567,-0.06890375109996298,0.30299246311187744
patient_mel3_,pca_ridge,0,ENSG00000231106,,,0.029980814084410667
patient_mel3_,spatial_knn,0,ENSG00000281383,0.33543978946291436,0.3762380215291407,0.9953035236597956
patient_mel3_,spatial_knn,0,ENSG00000251562,0.3665852868244757,0.4273610999697631,0.9366310496406279
patient_mel3_,spatial_knn,0,ENSG00000137077,0.021548702306387203,-0.01912240525542019,1.0052806734481758
patient_mel3_,spatial_knn,0,ENSG00000254709,0.04154077911357532,0.03719075074494096,1.246706771415501
patient_mel3_,spatial_knn,0,ENSG00000118785,0.1444953346398181,0.11361453150399263,1.0234001213940793
patient_mel3_,spatial_knn,0,ENSG00000108821,0.03524659201201771,0.046008614148804604,1.6327338955509616
patient_mel3_,spatial_knn,0,ENSG00000156738,-0.0421224246191573,-0.03162352088008837,0.53685596857749
patient_mel3_,spatial_knn,0,ENSG00000019582,-0.012181015440131863,-0.018861060088918104,1.8369996321865183
patient_mel3_,spatial_knn,0,ENSG00000132465,-0.040810386084706086,-0.05739192009875659,0.7875078817427978
patient_mel3_,spatial_knn,0,ENSG00000169442,0.03882549424413188,0.03993373450037953,0.9869604081158978
patient_mel3_,spatial_knn,0,ENSG00000182492,-0.036755833022159075,-0.006710590815521543,2.0614765183016353
patient_mel3_,spatial_knn,0,ENSG00000101335,0.02439871797972719,0.003977527881087057,1.1748477709071947
patient_mel3_,spatial_knn,0,ENSG00000105369,-0.020149110567900703,-0.029761494723680622,0.5133165181860108
patient_mel3_,spatial_knn,0,ENSG00000168542,0.0241800133347221,0.02682931031763556,1.4129465429149441
patient_mel3_,spatial_knn,0,ENSG00000204382,,,0.30218729740009925
patient_mel3_,spatial_knn,0,ENSG00000261857,0.023297635772271515,0.03786693906057286,1.1319120907000995
patient_mel3_,spatial_knn,0,ENSG00000185664,-0.1768194129667007,-0.10023824967696811,1.833119245984416
patient_mel3_,spatial_knn,0,ENSG00000245532,-0.08108597990095377,-0.05232476669005308,2.0762051060197715
patient_mel3_,spatial_knn,0,ENSG00000153064,,,0.17214652098630107
patient_mel3_,spatial_knn,0,ENSG00000137818,0.028634733639103925,0.07653831404674585,0.666910741477061
patient_mel3_,spatial_knn,0,ENSG00000104921,,,0.23483983098919817
patient_mel3_,spatial_knn,0,ENSG00000164692,0.08966715823830694,0.045916692377164475,1.3487348951558806
patient_mel3_,spatial_knn,0,ENSG00000160307,-0.09009561271204361,0.023007010095968353,1.2210150186190694
patient_mel3_,spatial_knn,0,ENSG00000126709,-0.05008915639888676,-0.0655585331443571,1.9735915511752715
patient_mel3_,spatial_knn,0,ENSG00000204287,0.06203063017463157,0.01342295709536192,1.4249220308715385
patient_mel3_,spatial_knn,0,ENSG00000105664,,,0.2884083684585038
patient_mel3_,spatial_knn,0,ENSG00000227507,-0.02887052286307772,-0.008447812195134649,0.6197688129310911
patient_mel3_,spatial_knn,0,ENSG00000234745,-2.690373636743247e-05,0.0019245001032709933,2.2019267307925263
patient_mel3_,spatial_knn,0,ENSG00000104894,0.030856649450076597,0.0430934867663229,0.46943938389866424
patient_mel3_,spatial_knn,0,ENSG00000196092,,,0.17834090914019396
patient_mel3_,spatial_knn,0,ENSG00000129538,0.05498667167558012,0.05503476374631746,1.521096486954347
patient_mel3_,spatial_knn,0,ENSG00000143341,0.03683920140909522,0.039856047787916675,0.9253990947871931
patient_mel3_,spatial_knn,0,ENSG00000139329,0.0025778693436059826,0.011990743981006016,0.9183586028788419
patient_mel3_,spatial_knn,0,ENSG00000087086,-0.029359356854541146,-0.0500633573141404,0.9878413137329319
patient_mel3_,spatial_knn,0,ENSG00000140105,0.07709925318060586,0.08419824796745144,1.2830238867336121
patient_mel3_,spatial_knn,0,ENSG00000162511,0.012999727385293942,0.0018431210046582428,1.397450920012819
patient_mel3_,spatial_knn,0,ENSG00000110799,-0.0014914548359676438,-0.01452107803565619,0.7903369817389945
patient_mel3_,spatial_knn,0,ENSG00000107317,0.015308702981198696,0.014865980610338628,0.6433000349875971
patient_mel3_,spatial_knn,0,ENSG00000173369,-0.11715723658199825,-0.10116764364868551,1.7569095738756253
patient_mel3_,spatial_knn,0,ENSG00000011465,-0.005288816140371789,0.020721598146664365,0.806596543303658
patient_mel3_,spatial_knn,0,ENSG00000115306,-0.002417216078118782,0.035015880999216376,0.9576860159133811
patient_mel3_,spatial_knn,0,ENSG00000102879,0.011290139813366866,0.03606104370416881,0.6704353066451448
patient_mel3_,spatial_knn,0,ENSG00000104419,0.1059764533930196,0.07340777714523636,1.9673386230907486
patient_mel3_,spatial_knn,0,ENSG00000255823,0.1912817699839293,0.20063457495331571,1.7115863049493973
patient_mel3_,spatial_knn,0,ENSG00000115461,-0.011680798033232473,-0.0024771328155117713,1.7960923153364452
patient_mel3_,spatial_knn,0,ENSG00000068831,-0.026901673548915084,-0.0022806147149592826,0.3414779950242744
patient_mel3_,spatial_knn,0,ENSG00000125730,-0.005646355032483154,-0.009542357885891134,0.5572503447744028
patient_mel3_,spatial_knn,0,ENSG00000206503,0.03349410041050986,0.0007519278819451879,1.5129825212883015
patient_mel3_,spatial_knn,0,ENSG00000007312,-0.0883929141258527,-0.1076367066783197,0.5113360319000056
patient_mel3_,spatial_knn,0,ENSG00000145824,-0.03582066384100618,-0.031380532142298946,0.32662224028465636
patient_mel3_,spatial_knn,0,ENSG00000152556,-0.05921472246451802,-0.07128919607173455,0.5966233508915055
patient_mel3_,spatial_knn,0,ENSG00000273576,0.03360440328458984,0.011095493911673226,0.11172224766530162
patient_mel3_,spatial_knn,0,ENSG00000266074,0.020793080993106547,0.03391375600782259,0.2290665373524141
patient_mel3_,spatial_knn,0,ENSG00000198466,-0.050434226371222114,-0.03826262817286747,0.40769332774630046
patient_mel3_,spatial_knn,0,ENSG00000169884,-0.018747325127598247,-0.024361584589341262,0.09355117216134748
patient_mel3_,spatial_knn,0,ENSG00000126001,-0.03220941999110396,-0.033809979719884586,0.5112730805346807
patient_mel3_,spatial_knn,0,ENSG00000185963,-0.018232173971405204,-0.009753942300526623,0.6275443422418144
patient_mel3_,spatial_knn,0,ENSG00000215845,0.022525164748250674,0.023660754734231855,0.30688834189009573
patient_mel3_,spatial_knn,0,ENSG00000172936,0.06533829302969181,0.0750698557447898,0.34530695289189955
patient_mel3_,spatial_knn,0,ENSG00000179104,0.0007363845832268917,0.029853163732096098,0.5806207131450926
patient_mel3_,spatial_knn,0,ENSG00000006282,0.030579056391907285,0.04014956826807459,0.6712244712264093
patient_mel3_,spatial_knn,0,ENSG00000188917,0.06308917047414157,0.04888682111670646,0.21332861354231172
patient_mel3_,spatial_knn,0,ENSG00000258130,-0.014147127117770513,-0.007871413061366316,0.23776547852768892
patient_mel3_,spatial_knn,0,ENSG00000149418,0.02436428047192387,0.03353897476343159,0.2310613089542589
patient_mel3_,spatial_knn,0,ENSG00000092020,0.10486899735950123,0.10016787649258764,0.4069259502430068
patient_mel3_,spatial_knn,0,ENSG00000163564,-0.021816120633101795,-0.03471678321275333,0.11021789552828427
patient_mel3_,spatial_knn,0,ENSG00000182185,0.15906483457407733,0.10464406867521818,0.12085124013527182
patient_mel3_,spatial_knn,0,ENSG00000124588,-0.02086556432485109,-0.03848370369790285,0.6222507530652381
patient_mel3_,spatial_knn,0,ENSG00000172113,0.07692838988513583,0.02479557318018082,0.304565677860632
patient_mel3_,spatial_knn,0,ENSG00000181450,-0.032325298345638145,-0.019085442315409904,0.22628275367550774
patient_mel3_,spatial_knn,0,ENSG00000173706,-0.012626835222879,-0.029697070389006427,0.43280672318463176
patient_mel3_,spatial_knn,0,ENSG00000159239,-0.07086180331373834,-0.094888362101468,0.26957815752980474
patient_mel3_,spatial_knn,0,ENSG00000115474,-0.03128126266237285,-0.024978752100286043,0.14550298498391256
patient_mel3_,spatial_knn,0,ENSG00000162739,,,0.18744882791433776
patient_mel3_,spatial_knn,0,ENSG00000154175,0.0036549149346354923,-0.009541473641367974,0.22186377195536408
patient_mel3_,spatial_knn,0,ENSG00000181264,-0.043799563540644945,-0.029012836072323477,0.15597706633140201
patient_mel3_,spatial_knn,0,ENSG00000104643,0.013436701755410386,0.05462080626073894,0.35963714639008026
patient_mel3_,spatial_knn,0,ENSG00000116030,0.017723850430255116,0.017028012132432272,0.44983223990458276
patient_mel3_,spatial_knn,0,ENSG00000166192,-0.018967315132289744,-0.026580400271909402,0.14168421276277932
patient_mel3_,spatial_knn,0,ENSG00000069431,0.023955673860010445,-0.03350287275359256,0.18043526836749402
patient_mel3_,spatial_knn,0,ENSG00000104361,-0.02678008657438712,-0.015142573537836946,0.13030111851689744
patient_mel3_,spatial_knn,0,ENSG00000121039,-0.010384337401935506,0.027541208536092793,0.20825680424475684
patient_mel3_,spatial_knn,0,ENSG00000013619,0.015795120646680944,0.02493702016015546,0.30262986833858013
patient_mel3_,spatial_knn,0,ENSG00000185008,-0.017650935063912233,-0.023453120991269727,0.14624998794577773
patient_mel3_,spatial_knn,0,ENSG00000077984,0.010665586561270212,-0.0037199121311253984,0.26093702311555284
patient_mel3_,spatial_knn,0,ENSG00000161526,-0.026946762481768152,-0.0005989935215776492,0.7091482054199016
patient_mel3_,spatial_knn,0,ENSG00000109618,0.011850321275060954,0.0497236166104962,0.2502524954565445
patient_mel3_,spatial_knn,0,ENSG00000019995,,,0.06978513854773927
patient_mel3_,spatial_knn,0,ENSG00000120314,-0.017403188206001258,0.0024216989742763943,0.31715974163954774
patient_mel3_,spatial_knn,0,ENSG00000155749,0.007393650891406997,0.012741565928865415,0.11995414554502579
patient_mel3_,spatial_knn,0,ENSG00000129116,-0.027209453430282932,-0.027937476690857388,0.7205009221510301
patient_mel3_,spatial_knn,0,ENSG00000109743,0.030006033672710215,0.048330018795847474,0.22550242265615691
patient_mel3_,spatial_knn,0,ENSG00000089060,-0.01482776824908097,0.005760056774485792,0.3899258993491856
patient_mel3_,spatial_knn,0,ENSG00000120800,-0.039059108456365677,-0.042157053586017235,0.8157851901063223
patient_mel3_,spatial_knn,0,ENSG00000117069,0.12351229108031761,0.03736950961501602,0.32891227904074577
patient_mel3_,spatial_knn,0,ENSG00000104427,0.016427971340851426,-0.017494942745136154,0.16091125013615112
patient_mel3_,spatial_knn,0,ENSG00000268651,,,0.05552232386030217
patient_mel3_,spatial_knn,0,ENSG00000070731,0.03619040677816925,0.006853527387311021,0.8320258798078186
patient_mel3_,spatial_knn,0,ENSG00000142731,-0.01965110706441465,-0.009314477942030327,0.24255235933660504
patient_mel3_,spatial_knn,0,ENSG00000172578,0.05381257959193873,-0.00298652358342359,0.23420446693203295
patient_mel3_,spatial_knn,0,ENSG00000172508,-0.01575007984781342,-0.0001434078059183803,0.12553529304050626
patient_mel3_,spatial_knn,0,ENSG00000164975,-0.0012449998677772432,0.06957085528191015,0.3608777744946226
patient_mel3_,spatial_knn,0,ENSG00000147789,0.03149459940936568,0.03167243804737891,0.5017428163879928
patient_mel3_,spatial_knn,0,ENSG00000164330,0.05847498623646765,0.0232786171577305,0.2509929318494897
patient_mel3_,spatial_knn,0,ENSG00000166451,0.028993171663480845,0.04226516583791675,0.45738292312948026
patient_mel3_,spatial_knn,0,ENSG00000197302,0.02069999210644321,0.03444935017584635,0.3024740905106931
patient_mel3_,spatial_knn,0,ENSG00000168298,0.077291530305838,0.03970123692229708,0.3622895090869021
patient_mel3_,spatial_knn,0,ENSG00000205238,-0.034731852579842896,-0.05034413836066856,0.14316755540131093
patient_mel3_,spatial_knn,0,ENSG00000137812,0.0478901615391613,0.11768668101886594,0.42222238636328213
patient_mel3_,spatial_knn,0,ENSG00000269439,-0.051526840149508805,-0.06903448147518058,0.2403495162547862
patient_mel3_,spatial_knn,0,ENSG00000115271,-0.03288166310383898,-0.03803885336747126,0.233273244903925
patient_mel3_,spatial_knn,0,ENSG00000078596,-0.024914150051453036,-0.07208759457128436,0.9163642064163557
patient_mel3_,spatial_knn,0,ENSG00000162882,0.06718203953402441,0.025293311751116293,0.13685252277767604
patient_mel3_,spatial_knn,0,ENSG00000179820,0.12014752734886437,0.12056696823132627,0.5942033990454938
patient_mel3_,spatial_knn,0,ENSG00000159023,0.00939798965101271,0.061808979752755185,0.12950101904495367
patient_mel3_,spatial_knn,0,ENSG00000196873,0.09559092708353288,0.12164723122329377,0.36506328660629506
patient_mel3_,spatial_knn,0,ENSG00000067715,,,0.0755915882530208
patient_mel3_,spatial_knn,0,ENSG00000245164,-0.010835512232654256,0.007035051961706638,0.1370621281932121
patient_mel3_,spatial_knn,0,ENSG00000054967,0.0022459315748617086,0.009903078935194199,0.4602045632287261
patient_mel3_,spatial_knn,0,ENSG00000000971,-0.055459227156768404,-0.05883433546849599,0.6040003180861432
patient_mel3_,spatial_knn,0,ENSG00000189362,-0.05250648820611357,-0.057608692695463926,0.18042753615033583
patient_mel3_,spatial_knn,0,ENSG00000171016,-0.02796513939857783,-0.04261263356865448,0.12626851741400674
patient_mel3_,spatial_knn,0,ENSG00000132704,-0.020896670876295525,-0.03438574766571001,0.11287108938904056
patient_mel3_,spatial_knn,0,ENSG00000116830,0.013998100708522069,0.08114036181922739,0.36056341955043525
patient_mel3_,spatial_knn,0,ENSG00000171241,-0.02370231550573985,0.022535329010709714,0.5096872894958545
patient_mel3_,spatial_knn,0,ENSG00000136504,-0.008002774113438447,-0.006758502082470369,0.4392546740553629
patient_mel3_,spatial_knn,0,ENSG00000169629,0.08354131898275724,-0.012027856818884939,0.23561902246275046
patient_mel3_,spatial_knn,0,ENSG00000274419,0.033574192475964944,0.04697403998894846,0.40782571102430654
patient_mel3_,spatial_knn,0,ENSG00000141480,-0.04270435540911677,-0.02763517641987945,0.595293033246797
patient_mel3_,spatial_knn,0,ENSG00000042980,0.043756394311221296,-0.008489301818887811,0.21046692918891893
patient_mel3_,spatial_knn,0,ENSG00000122122,-0.03530594808006584,-0.04100356807680327,0.27924208716998894
patient_mel3_,spatial_knn,0,ENSG00000077585,-0.0031636324823302673,0.012936501093269409,0.34187281458053964
patient_mel3_,spatial_knn,0,ENSG00000140323,-0.039833624322011485,-0.05214343621274934,0.2302424274067927
patient_mel3_,spatial_knn,0,ENSG00000125266,0.007349072425062653,0.011770115389251863,0.4720971072891795
patient_mel3_,spatial_knn,0,ENSG00000167685,-0.04858836476053003,-0.025707200129394578,0.6259905332567174
patient_mel3_,spatial_knn,0,ENSG00000219626,-0.013900934907311487,-0.0643667140468678,0.205864932656514
patient_mel3_,spatial_knn,0,ENSG00000101811,0.06608641398959353,0.08134345460123067,0.28339996845267523
patient_mel3_,spatial_knn,0,ENSG00000196664,0.009428836610625645,0.051520223924443574,0.11934938788794512
patient_mel3_,spatial_knn,0,ENSG00000128578,-0.038713853024624524,-0.03682651354898498,0.27954377056463103
patient_mel3_,spatial_knn,0,ENSG00000177463,-0.006010696650138392,-0.004434015243056563,0.28204008821729665
patient_mel3_,spatial_knn,0,ENSG00000135365,-0.028129060391842535,0.014212449594764531,0.5262091203234054
patient_mel3_,spatial_knn,0,ENSG00000185189,0.060737890565608826,0.0232829999937028,0.4334769896513608
patient_mel3_,spatial_knn,0,ENSG00000264575,-0.008878426382121895,-0.01663991200829705,0.0716067598992516
patient_mel3_,spatial_knn,0,ENSG00000163683,-0.07557898154130609,-0.06670304312410925,0.46222094281958787
patient_mel3_,spatial_knn,0,ENSG00000158966,-0.016213642526807497,0.006290734922817234,0.14408391864613831
patient_mel3_,spatial_knn,0,ENSG00000182162,,,0.15598297956131824
patient_mel3_,spatial_knn,0,ENSG00000168071,-0.0429876810569199,-0.03408536273501859,0.32298815518049123
patient_mel3_,spatial_knn,0,ENSG00000079101,-0.0005183006246886771,0.008150275165670644,0.10418140367533679
patient_mel3_,spatial_knn,0,ENSG00000196476,0.06459245168786239,0.07273608663325143,0.3069914847578536
patient_mel3_,spatial_knn,0,ENSG00000231106,,,0.08809063869147005
patient_mel4_,mean,0,ENSG00000281383,,,1.7049670219421387
patient_mel4_,mean,0,ENSG00000251562,,,0.9668295383453369
patient_mel4_,mean,0,ENSG00000137077,,,0.8149767518043518
patient_mel4_,mean,0,ENSG00000254709,0.0,,1.0255317687988281
patient_mel4_,mean,0,ENSG00000118785,0.0,,1.2797636985778809
patient_mel4_,mean,0,ENSG00000108821,,,0.9048437476158142
patient_mel4_,mean,0,ENSG00000156738,,,0.40032607316970825
patient_mel4_,mean,0,ENSG00000019582,,,0.8466559052467346
patient_mel4_,mean,0,ENSG00000132465,0.0,,0.712432324886322
patient_mel4_,mean,0,ENSG00000169442,0.0,,0.7170243263244629
patient_mel4_,mean,0,ENSG00000182492,,,0.9554616808891296
patient_mel4_,mean,0,ENSG00000101335,,,0.9344490766525269
patient_mel4_,mean,0,ENSG00000105369,0.0,,0.39032164216041565
patient_mel4_,mean,0,ENSG00000168542,,,0.9301196932792664
patient_mel4_,mean,0,ENSG00000204382,0.0,0.0,0.16297174990177155
patient_mel4_,mean,0,ENSG00000261857,0.0,,0.7394610643386841
patient_mel4_,mean,0,ENSG00000185664,0.0,,4.482373237609863
patient_mel4_,mean,0,ENSG00000245532,0.0,,0.8188966512680054
patient_mel4_,mean,0,ENSG00000153064,0.0,0.0,0.07264339178800583
patient_mel4_,mean,0,ENSG00000137818,0.0,,0.3112126886844635
patient_mel4_,mean,0,ENSG00000104921,0.0,,0.1511257141828537
patient_mel4_,mean,0,ENSG00000164692,,,0.9461543560028076
patient_mel4_,mean,0,ENSG00000160307,,,2.4258055686950684
patient_mel4_,mean,0,ENSG00000126709,,,0.923165500164032
patient_mel4_,mean,0,ENSG00000204287,,,0.8045557737350464
patient_mel4_,mean,0,ENSG00000105664,0.0,0.0,0.16063497960567474
patient_mel4_,mean,0,ENSG00000227507,,,0.472525030374527
patient_mel4_,mean,0,ENSG00000234745,,,0.6879538297653198
patient_mel4_,mean,0,ENSG00000104894,,,0.37144777178764343
patient_mel4_,mean,0,ENSG00000196092,,,0.10082666575908661
patient_mel4_,mean,0,ENSG00000129538,,,0.8382591605186462
patient_mel4_,mean,0,ENSG00000143341,,,0.8503115773200989
patient_mel4_,mean,0,ENSG00000139329,0.0,,0.6687762141227722
patient_mel4_,mean,0,ENSG00000087086,,,0.6072424650192261
patient_mel4_,mean,0,ENSG00000140105,,,0.8116752505302429
patient_mel4_,mean,0,ENSG00000162511,,,0.8266839981079102
patient_mel4_,mean,0,ENSG00000110799,,,1.023288369178772
patient_mel4_,mean,0,ENSG00000107317,,,0.4691087007522583
patient_mel4_,mean,0,ENSG00000173369,0.0,,1.0477465391159058
patient_mel4_,mean,0,ENSG00000011465,,,0.5571817755699158
patient_mel4_,mean,0,ENSG00000115306,0.0,,0.7689971327781677
patient_mel4_,mean,0,ENSG00000102879,0.0,,0.5392797589302063
patient_mel4_,mean,0,ENSG00000104419,0.0,,1.3245506286621094
patient_mel4_,mean,0,ENSG00000255823,,,1.0186529159545898
patient_mel4_,mean,0,ENSG00000115461,,,1.066213846206665
patient_mel4_,mean,0,ENSG00000068831,,,0.2515856921672821
patient_mel4_,mean,0,ENSG00000125730,,,0.44317081570625305
patient_mel4_,mean,0,ENSG00000206503,,,0.8717843294143677
patient_mel4_,mean,0,ENSG00000007312,,,0.37551751732826233
patient_mel4_,mean,0,ENSG00000145824,,,0.18933768570423126
patient_mel4_,mean,0,ENSG00000152556,0.0,,0.6162940859794617
patient_mel4_,mean,0,ENSG00000273576,,,0.10547452419996262
patient_mel4_,mean,0,ENSG00000266074,,,0.37084317207336426
patient_mel4_,mean,0,ENSG00000198466,0.0,,0.2935757040977478
patient_mel4_,mean,0,ENSG00000169884,,,0.2490314394235611
patient_mel4_,mean,0,ENSG00000126001,0.0,,0.3454999029636383
patient_mel4_,mean,0,ENSG00000185963,,,0.5521737933158875
patient_mel4_,mean,0,ENSG00000215845,,,0.19076281785964966
patient_mel4_,mean,0,ENSG00000172936,,,0.3881286084651947
patient_mel4_,mean,0,ENSG00000179104,,,0.18769238889217377
patient_mel4_,mean,0,ENSG00000006282,,,0.5751867890357971
patient_mel4_,mean,0,ENSG00000188917,,,0.28638628125190735
patient_mel4_,mean,0,ENSG00000258130,,,0.09733589738607407
patient_mel4_,mean,0,ENSG00000149418,,,0.13633853197097778
patient_mel4_,mean,0,ENSG00000092020,0.0,,0.29412204027175903
patient_mel4_,mean,0,ENSG00000163564,,,0.08251327276229858
patient_mel4_,mean,0,ENSG00000182185,,,0.19168157875537872
patient_mel4_,mean,0,ENSG00000124588,0.0,,0.701850175857544
patient_mel4_,mean,0,ENSG00000172113,0.0,,0.3378543257713318
patient_mel4_,mean,0,ENSG00000181450,0.0,,0.16100607812404633
patient_mel4_,mean,0,ENSG00000173706,,,0.3579898476600647
patient_mel4_,mean,0,ENSG00000159239,,,0.13020412623882294
patient_mel4_,mean,0,ENSG00000115474,,,0.1862437129020691
patient_mel4_,mean,0,ENSG00000162739,0.0,,0.2086048126220703
patient_mel4_,mean,0,ENSG00000154175,,,0.06362085789442062
patient_mel4_,mean,0,ENSG00000181264,,,0.21300926804542542
patient_mel4_,mean,0,ENSG00000104643,,,0.2834089398384094
patient_mel4_,mean,0,ENSG00000116030,0.0,,0.3677733540534973
patient_mel4_,mean,0,ENSG00000166192,,,0.11928018182516098
patient_mel4_,mean,0,ENSG00000069431,,,0.24166084825992584
patient_mel4_,mean,0,ENSG00000104361,,,0.17978304624557495
patient_mel4_,mean,0,ENSG00000121039,,,0.21828243136405945
patient_mel4_,mean,0,ENSG00000013619,,,0.17506395280361176
patient_mel4_,mean,0,ENSG00000185008,,,0.2669399380683899
patient_mel4_,mean,0,ENSG00000077984,,,0.22570745646953583
patient_mel4_,mean,0,ENSG00000161526,0.0,,0.5609438419342041
patient_mel4_,mean,0,ENSG00000109618,,,0.13574443757534027
patient_mel4_,mean,0,ENSG00000019995,,,0.14423859119415283
patient_mel4_,mean,0,ENSG00000120314,,,0.39775246381759644
patient_mel4_,mean,0,ENSG00000155749,0.0,,0.09264833480119705
patient_mel4_,mean,0,ENSG00000129116,,,0.4083033502101898
patient_mel4_,mean,0,ENSG00000109743,0.0,,0.4059723913669586
patient_mel4_,mean,0,ENSG00000089060,,,0.30766353011131287
patient_mel4_,mean,0,ENSG00000120800,0.0,,0.4868357181549072
patient_mel4_,mean,0,ENSG00000117069,,,0.06183839216828346
patient_mel4_,mean,0,ENSG00000104427,,,0.21684443950653076
patient_mel4_,mean,0,ENSG00000268651,0.0,,0.03252929449081421
patient_mel4_,mean,0,ENSG00000070731,,,0.6443780064582825
patient_mel4_,mean,0,ENSG00000142731,,,0.08500941842794418
patient_mel4_,mean,0,ENSG00000172578,0.0,,0.18592162430286407
patient_mel4_,mean,0,ENSG00000172508,,,0.06527391076087952
patient_mel4_,mean,0,ENSG00000164975,,,0.25684523582458496
patient_mel4_,mean,0,ENSG00000147789,,,0.315740704536438
patient_mel4_,mean,0,ENSG00000164330,,,0.2054925262928009
patient_mel4_,mean,0,ENSG00000166451,,,0.1985107660293579
patient_mel4_,mean,0,ENSG00000197302,,,0.20202888548374176
patient_mel4_,mean,0,ENSG00000168298,0.0,,0.23157534003257751
patient_mel4_,mean,0,ENSG00000205238,,,0.07765326648950577
patient_mel4_,mean,0,ENSG00000137812,,,0.11658042669296265
patient_mel4_,mean,0,ENSG00000269439,,,0.1168002039194107
patient_mel4_,mean,0,ENSG00000115271,,,0.32239440083503723
patient_mel4_,mean,0,ENSG00000078596,,,0.2936680316925049
patient_mel4_,mean,0,ENSG00000162882,,,0.06317634135484695
patient_mel4_,mean,0,ENSG00000179820,,,0.4465940594673157
patient_mel4_,mean,0,ENSG00000159023,0.0,,0.18355895578861237
patient_mel4_,mean,0,ENSG00000196873,,,0.26777052879333496
patient_mel4_,mean,0,ENSG00000067715,0.0,0.0,0.01782572828233242
patient_mel4_,mean,0,ENSG00000245164,,,0.1296842098236084
patient_mel4_,mean,0,ENSG00000054967,,,0.27786287665367126
patient_mel4_,mean,0,ENSG00000000971,,,0.5112588405609131
patient_mel4_,mean,0,ENSG00000189362,,,0.22400499880313873
patient_mel4_,mean,0,ENSG00000171016,,,0.06633751839399338
patient_mel4_,mean,0,ENSG00000132704,,,0.0483676940202713
patient_mel4_,mean,0,ENSG00000116830,0.0,,0.24124914407730103
patient_mel4_,mean,0,ENSG00000171241,,,0.1790315806865692
patient_mel4_,mean,0,ENSG00000136504,,,0.3798660635948181
patient_mel4_,mean,0,ENSG00000169629,,,0.19418275356292725
patient_mel4_,mean,0,ENSG00000274419,,,0.340759813785553
patient_mel4_,mean,0,ENSG00000141480,,,0.5676367878913879
patient_mel4_,mean,0,ENSG00000042980,,,0.1033988744020462
patient_mel4_,mean,0,ENSG00000122122,,,0.25579389929771423
patient_mel4_,mean,0,ENSG00000077585,,,0.5173327922821045
patient_mel4_,mean,0,ENSG00000140323,,,0.14993886649608612
patient_mel4_,mean,0,ENSG00000125266,,,0.26000016927719116
patient_mel4_,mean,0,ENSG00000167685,0.0,,0.37183260917663574
patient_mel4_,mean,0,ENSG00000219626,0.0,,0.19840995967388153
patient_mel4_,mean,0,ENSG00000101811,0.0,,0.2486117035150528
patient_mel4_,mean,0,ENSG00000196664,,,0.08746415376663208
patient_mel4_,mean,0,ENSG00000128578,,,0.24981456995010376
patient_mel4_,mean,0,ENSG00000177463,0.0,,0.25065118074417114
patient_mel4_,mean,0,ENSG00000135365,,,0.36578473448753357
patient_mel4_,mean,0,ENSG00000185189,0.0,,0.593109667301178
patient_mel4_,mean,0,ENSG00000264575,,,0.12912288308143616
patient_mel4_,mean,0,ENSG00000163683,,,0.3696700930595398
patient_mel4_,mean,0,ENSG00000158966,,,0.24064475297927856
patient_mel4_,mean,0,ENSG00000182162,,,0.195161834359169
patient_mel4_,mean,0,ENSG00000168071,,,0.35661080479621887
patient_mel4_,mean,0,ENSG00000079101,,,0.2947850227355957
patient_mel4_,mean,0,ENSG00000196476,0.0,,0.26730573177337646
patient_mel4_,mean,0,ENSG00000231106,,,0.03171120956540108
patient_mel4_,pca_ridge,0,ENSG00000281383,0.8109236130752417,0.780570759064082,1.122507095336914
patient_mel4_,pca_ridge,0,ENSG00000251562,0.6474866386281416,0.6121852444258633,0.7247709035873413
patient_mel4_,pca_ridge,0,ENSG00000137077,0.250383136619198,0.2339230898421878,0.7927605509757996
patient_mel4_,pca_ridge,0,ENSG00000254709,0.15201717924141495,0.14427324174044062,0.9980275630950928
patient_mel4_,pca_ridge,0,ENSG00000118785,0.08279305392683962,0.08787736198687929,1.6794323921203613
patient_mel4_,pca_ridge,0,ENSG00000108821,0.44663282608063204,0.4593185432834934,0.823546826839447
patient_mel4_,pca_ridge,0,ENSG00000156738,0.05246363077288176,0.061547789307301065,0.31711912155151367
patient_mel4_,pca_ridge,0,ENSG00000019582,0.4686505893309715,0.4279545720597381,0.7327839136123657
patient_mel4_,pca_ridge,0,ENSG00000132465,0.20667724382419625,0.19141640267937615,0.70301353931427
patient_mel4_,pca_ridge,0,ENSG00000169442,0.2656843050953595,0.27414061632429676,0.575986385345459
patient_mel4_,pca_ridge,0,ENSG00000182492,0.4037731148771213,0.3939490112613394,0.8736215233802795
patient_mel4_,pca_ridge,0,ENSG00000101335,0.3978839637090888,0.40159091132937225,1.1866624355316162
patient_mel4_,pca_ridge,0,ENSG00000105369,0.07655619989946205,0.09521409366450845,0.32547661662101746
patient_mel4_,pca_ridge,0,ENSG00000168542,0.43587468597104523,0.4251720606920322,0.8860775232315063
patient_mel4_,pca_ridge,0,ENSG00000204382,,,0.356155663728714
patient_mel4_,pca_ridge,0,ENSG00000261857,0.4488061610816639,0.3659859330363387,0.6197725534439087
patient_mel4_,pca_ridge,0,ENSG00000185664,0.14452413537072037,0.1482483376575504,3.9939258098602295
patient_mel4_,pca_ridge,0,ENSG00000245532,0.24146318058167732,0.24898111176371632,0.7315130829811096
patient_mel4_,pca_ridge,0,ENSG00000153064,,,0.14830821752548218
patient_mel4_,pca_ridge,0,ENSG00000137818,0.16911512619840607,0.21970058044992744,0.32840609550476074
patient_mel4_,pca_ridge,0,ENSG00000104921,-0.060105468794792595,-0.07242929903640669,0.09094224125146866
patient_mel4_,pca_ridge,0,ENSG00000164692,0.41358745535046093,0.39696703605404876,1.0029218196868896
patient_mel4_,pca_ridge,0,ENSG00000160307,0.444482754503779,0.39127700270283694,1.8373454809188843
patient_mel4_,pca_ridge,0,ENSG00000126709,0.16743056974756837,0.11426217049821132,0.8433257341384888
patient_mel4_,pca_ridge,0,ENSG00000204287,0.40511453356882643,0.38316475840505787,0.7613897919654846
patient_mel4_,pca_ridge,0,ENSG00000105664,,,0.1796121597290039
patient_mel4_,pca_ridge,0,ENSG00000227507,0.12149858266138465,0.06418887631963595,0.36037707328796387
patient_mel4_,pca_ridge,0,ENSG00000234745,0.3137856111601416,0.2986140372531866,0.7286173701286316
patient_mel4_,pca_ridge,0,ENSG00000104894,0.172812317025732,0.16720866150514,0.30527064204216003
patient_mel4_,pca_ridge,0,ENSG00000196092,,,0.15550869703292847
patient_mel4_,pca_ridge,0,ENSG00000129538,0.3865259826264342,0.29566828121825217,1.002324104309082
patient_mel4_,pca_ridge,0,ENSG00000143341,0.12680042346016662,0.13197756162279026,0.8382212519645691
patient_mel4_,pca_ridge,0,ENSG00000139329,0.28338246489762076,0.2893484372507454,0.6662365794181824
patient_mel4_,pca_ridge,0,ENSG00000087086,0.14137590551861617,0.1534954083625183,0.4914500117301941
patient_mel4_,pca_ridge,0,ENSG00000140105,0.26715067269859943,0.21143781596536912,1.353894829750061
patient_mel4_,pca_ridge,0,ENSG00000162511,0.22952545126936832,0.2364736667614447,0.8783719539642334
patient_mel4_,pca_ridge,0,ENSG00000110799,0.2983216943890771,0.29655722387331757,0.9986353516578674
patient_mel4_,pca_ridge,0,ENSG00000107317,0.10634101695606765,0.08915176661398054,0.3075287938117981
patient_mel4_,pca_ridge,0,ENSG00000173369,0.4829160235378398,0.4521883744944445,0.8009983897209167
patient_mel4_,pca_ridge,0,ENSG00000011465,0.24857250109405726,0.2129406690915953,0.4921470880508423
patient_mel4_,pca_ridge,0,ENSG00000115306,0.18237745725659948,0.005141346342093093,1.0953741073608398
patient_mel4_,pca_ridge,0,ENSG00000102879,0.07378463414967464,0.12022461604734677,0.4443536400794983
patient_mel4_,pca_ridge,0,ENSG00000104419,0.10600202391503724,0.16528900753009376,1.5995596647262573
patient_mel4_,pca_ridge,0,ENSG00000255823,0.28126313657863694,0.2332479171635249,0.8411428928375244
patient_mel4_,pca_ridge,0,ENSG00000115461,0.17882355112465897,0.1887121877089008,0.8715962767601013
patient_mel4_,pca_ridge,0,ENSG00000068831,0.060631698491827514,0.039024883706740954,0.18383480608463287
patient_mel4_,pca_ridge,0,ENSG00000125730,0.09867873759270018,0.11993327484147814,0.46230548620224
patient_mel4_,pca_ridge,0,ENSG00000206503,0.2899596530784483,0.21496673592067106,0.5547256469726562
patient_mel4_,pca_ridge,0,ENSG00000007312,0.07214507693727541,0.083903180094125,0.24594728648662567
patient_mel4_,pca_ridge,0,ENSG00000145824,,,0.08026762306690216
patient_mel4_,pca_ridge,0,ENSG00000152556,0.02357941185777366,0.009624757842776667,0.6372275352478027
patient_mel4_,pca_ridge,0,ENSG00000273576,-0.03918036041452445,-0.015232257874630301,0.10676727443933487
patient_mel4_,pca_ridge,0,ENSG00000266074,0.09236164947038357,0.07659215633721914,0.3688355088233948
patient_mel4_,pca_ridge,0,ENSG00000198466,-0.0031276014353413054,0.05220917854312488,0.30356454849243164
patient_mel4_,pca_ridge,0,ENSG00000169884,-0.003127413721793485,0.043777788950356306,0.24653080105781555
patient_mel4_,pca_ridge,0,ENSG00000126001,-0.003786209881624862,0.011393124179590196,0.3486913740634918
patient_mel4_,pca_ridge,0,ENSG00000185963,-0.0023413035681825282,0.03125427198756594,0.5721307992935181
patient_mel4_,pca_ridge,0,ENSG00000215845,0.08732944659798542,0.10445500199934465,0.23446135222911835
patient_mel4_,pca_ridge,0,ENSG00000172936,0.03272563654507876,0.10921153173065407,0.39091452956199646
patient_mel4_,pca_ridge,0,ENSG00000179104,0.06689529070125458,0.08057335089709516,0.18475350737571716
patient_mel4_,pca_ridge,0,ENSG00000006282,0.09914221389971582,0.17423307004188565,0.6058391332626343
patient_mel4_,pca_ridge,0,ENSG00000188917,0.006687755975051907,0.0072726483782468284,0.29553255438804626
patient_mel4_,pca_ridge,0,ENSG00000258130,-0.07670021306264542,-0.06242665951946345,0.10914306342601776
patient_mel4_,pca_ridge,0,ENSG00000149418,0.11627304309127842,0.08223804547813354,0.13467125594615936
patient_mel4_,pca_ridge,0,ENSG00000092020,0.08385878988248952,0.09144246652631402,0.2972783148288727
patient_mel4_,pca_ridge,0,ENSG00000163564,-0.028904447733260355,-0.04106668892968715,0.08232476562261581
patient_mel4_,pca_ridge,0,ENSG00000182185,-0.023726245996025328,-0.04555834562434612,0.19422833621501923
patient_mel4_,pca_ridge,0,ENSG00000124588,0.07364173261704517,0.10190692985319494,0.6637247204780579
patient_mel4_,pca_ridge,0,ENSG00000172113,-0.046033570524323164,-0.029817731576366784,0.35156428813934326
patient_mel4_,pca_ridge,0,ENSG00000181450,-0.06275827433995317,-0.09439109322210097,0.16334448754787445
patient_mel4_,pca_ridge,0,ENSG00000173706,0.08118759092986601,0.10958227437633236,0.35854145884513855
patient_mel4_,pca_ridge,0,ENSG00000159239,-0.006513188470553915,-0.0053637761317096395,0.13181708753108978
patient_mel4_,pca_ridge,0,ENSG00000115474,0.07374698440606849,0.07636036745727218,0.18583272397518158
patient_mel4_,pca_ridge,0,ENSG00000162739,0.10941031359874862,0.07696546716711777,0.21971289813518524
patient_mel4_,pca_ridge,0,ENSG00000154175,-0.00845327861192049,-0.0035240465655642897,0.061451178044080734
patient_mel4_,pca_ridge,0,ENSG00000181264,-0.08221987063641209,-0.028630217375302556,0.21627771854400635
patient_mel4_,pca_ridge,0,ENSG00000104643,0.03168556942065988,0.07481842366263466,0.28391289710998535
patient_mel4_,pca_ridge,0,ENSG00000116030,0.14248948210075119,0.2536330728415485,0.3643576502799988
patient_mel4_,pca_ridge,0,ENSG00000166192,0.010778377713398145,0.007046830215200821,0.12017673254013062
patient_mel4_,pca_ridge,0,ENSG00000069431,-0.03708577840518405,0.000282933591314271,0.24691568315029144
patient_mel4_,pca_ridge,0,ENSG00000104361,0.11457367993585213,0.11086428935997002,0.1941511631011963
patient_mel4_,pca_ridge,0,ENSG00000121039,0.05728729888210588,0.04189905603519396,0.21858637034893036
patient_mel4_,pca_ridge,0,ENSG00000013619,0.07064886391721881,0.09347265403416734,0.17905113101005554
patient_mel4_,pca_ridge,0,ENSG00000185008,-0.06057671433223595,-0.05403776087151158,0.2692354917526245
patient_mel4_,pca_ridge,0,ENSG00000077984,-0.014647551995274892,0.031515146864735395,0.24957677721977234
patient_mel4_,pca_ridge,0,ENSG00000161526,0.1511665796390747,0.1942946006502834,0.601057767868042
patient_mel4_,pca_ridge,0,ENSG00000109618,0.01046459889594117,0.01526712150408251,0.13596856594085693
patient_mel4_,pca_ridge,0,ENSG00000019995,-0.09903506711596646,-0.08983661965438196,0.14748266339302063
patient_mel4_,pca_ridge,0,ENSG00000120314,0.023217165911825634,0.10366523663575053,0.4030589461326599
patient_mel4_,pca_ridge,0,ENSG00000155749,-0.024744829867973994,-0.041434202025375434,0.09679596871137619
patient_mel4_,pca_ridge,0,ENSG00000129116,0.06964417042835176,0.017684801017204068,0.415376216173172
patient_mel4_,pca_ridge,0,ENSG00000109743,0.09288194408211423,0.108888905121995,0.4188329875469208
patient_mel4_,pca_ridge,0,ENSG00000089060,0.09938000047757659,0.13637497684128533,0.31385520100593567
patient_mel4_,pca_ridge,0,ENSG00000120800,0.04994006027011588,0.10840589976122543,0.49998271465301514
patient_mel4_,pca_ridge,0,ENSG00000117069,-0.019090762437823747,-0.02775801958634884,0.05764566361904144
patient_mel4_,pca_ridge,0,ENSG00000104427,-0.00782939520330925,-0.0022303192270818934,0.21715864539146423
patient_mel4_,pca_ridge,0,ENSG00000268651,0.0015208895556546274,-0.00017575086821570096,0.03614865243434906
patient_mel4_,pca_ridge,0,ENSG00000070731,0.06674674953136972,0.10156077496230656,0.6914738416671753
patient_mel4_,pca_ridge,0,ENSG00000142731,0.0075921023001153595,0.006237743456816834,0.09212653338909149
patient_mel4_,pca_ridge,0,ENSG00000172578,-0.009220731749638483,-0.05909523595290569,0.19853083789348602
patient_mel4_,pca_ridge,0,ENSG00000172508,0.00998711844448309,0.0220006177602352,0.06860321015119553
patient_mel4_,pca_ridge,0,ENSG00000164975,0.03829744527262903,0.053632852833287566,0.2580696642398834
patient_mel4_,pca_ridge,0,ENSG00000147789,-0.06481419545083703,-0.015273788063537413,0.3164803087711334
patient_mel4_,pca_ridge,0,ENSG00000164330,0.04395838631564312,0.015065822251880408,0.20990489423274994
patient_mel4_,pca_ridge,0,ENSG00000166451,0.11620380597260474,0.12984532646537641,0.19781066477298737
patient_mel4_,pca_ridge,0,ENSG00000197302,0.08753762441376103,0.03880420296902352,0.1967184692621231
patient_mel4_,pca_ridge,0,ENSG00000168298,0.0011236235375353082,0.029912112681698456,0.2314184606075287
patient_mel4_,pca_ridge,0,ENSG00000205238,0.045361067132086395,0.07341379773674625,0.07841478288173676
patient_mel4_,pca_ridge,0,ENSG00000137812,0.07624614410515378,0.08749098694287451,0.12811651825904846
patient_mel4_,pca_ridge,0,ENSG00000269439,-0.044456144191948446,-0.047733733705368625,0.13146449625492096
patient_mel4_,pca_ridge,0,ENSG00000115271,0.03571572087122747,0.08859292011340103,0.3230176270008087
patient_mel4_,pca_ridge,0,ENSG00000078596,0.026654500052921432,0.02339999602200259,0.1821872740983963
patient_mel4_,pca_ridge,0,ENSG00000162882,0.04922550840776414,0.05652243220206569,0.06423578411340714
patient_mel4_,pca_ridge,0,ENSG00000179820,0.07087014179931216,0.12193396869318088,0.5888952016830444
patient_mel4_,pca_ridge,0,ENSG00000159023,0.09563891040196928,0.007372752314187078,0.18200789391994476
patient_mel4_,pca_ridge,0,ENSG00000196873,-0.05789196960590648,-0.06805417087747549,0.27540239691734314
patient_mel4_,pca_ridge,0,ENSG00000067715,,,0.025993669405579567
patient_mel4_,pca_ridge,0,ENSG00000245164,0.0761525506392542,0.07521270269293549,0.12359511852264404
patient_mel4_,pca_ridge,0,ENSG00000054967,0.08590564776584175,0.07665038406962453,0.28108638525009155
patient_mel4_,pca_ridge,0,ENSG00000000971,0.1700042697417982,0.20097479883058175,0.5078563094139099
patient_mel4_,pca_ridge,0,ENSG00000189362,0.0912551888942851,0.08583080243786625,0.22601082921028137
patient_mel4_,pca_ridge,0,ENSG00000171016,0.03292664736041288,0.03811054870658443,0.08085556328296661
patient_mel4_,pca_ridge,0,ENSG00000132704,,,0.0646355003118515
patient_mel4_,pca_ridge,0,ENSG00000116830,0.11035425929054367,0.11407508123108659,0.23955251276493073
patient_mel4_,pca_ridge,0,ENSG00000171241,0.16151794502729291,0.20317699810969272,0.19382373988628387
patient_mel4_,pca_ridge,0,ENSG00000136504,-0.06413940991887497,-0.06448831372830509,0.3874581754207611
patient_mel4_,pca_ridge,0,ENSG00000169629,0.09264779004029015,0.038564534200811885,0.19428080320358276
patient_mel4_,pca_ridge,0,ENSG00000274419,-0.06621796239894676,-0.08954537117224219,0.3488818407058716
patient_mel4_,pca_ridge,0,ENSG00000141480,0.14185590544542637,0.16815883234003293,0.5606213808059692
patient_mel4_,pca_ridge,0,ENSG00000042980,-0.00658103440201669,-0.003410454888086393,0.08074569702148438
patient_mel4_,pca_ridge,0,ENSG00000122122,0.06448652064416938,0.10616915010882602,0.246555358171463
patient_mel4_,pca_ridge,0,ENSG00000077585,0.011057315206659781,0.05289876895075832,0.5072116255760193
patient_mel4_,pca_ridge,0,ENSG00000140323,0.11222080972637448,0.08946943644009418,0.15065351128578186
patient_mel4_,pca_ridge,0,ENSG00000125266,0.005232989571127937,-0.01743285016256247,0.26250433921813965
patient_mel4_,pca_ridge,0,ENSG00000167685,0.11871247969624557,0.16280009758821196,0.36836379766464233
patient_mel4_,pca_ridge,0,ENSG00000219626,-0.03606079780601477,0.021439722119580593,0.20995789766311646
patient_mel4_,pca_ridge,0,ENSG00000101811,0.031836290714449815,0.041611720428529404,0.24957886338233948
patient_mel4_,pca_ridge,0,ENSG00000196664,0.07032274938731833,0.0609482520131895,0.09120148420333862
patient_mel4_,pca_ridge,0,ENSG00000128578,0.06753552098079556,0.07934371082103718,0.24975574016571045
patient_mel4_,pca_ridge,0,ENSG00000177463,0.07156591393961009,0.023323492567402127,0.24608196318149567
patient_mel4_,pca_ridge,0,ENSG00000135365,-0.0118979472891897,0.03721150778718031,0.37048518657684326
patient_mel4_,pca_ridge,0,ENSG00000185189,0.042569140712250576,0.03978941689043042,0.5765227675437927
patient_mel4_,pca_ridge,0,ENSG00000264575,-0.09492761555664991,-0.0855875318486899,0.1306106597185135
patient_mel4_,pca_ridge,0,ENSG00000163683,0.04953674332140441,0.006847028505104776,0.3466655910015106
patient_mel4_,pca_ridge,0,ENSG00000158966,0.03750216141410518,0.04826028946593567,0.24060505628585815
patient_mel4_,pca_ridge,0,ENSG00000182162,0.021964120785963923,0.008246678031338482,0.19734419882297516
patient_mel4_,pca_ridge,0,ENSG00000168071,0.10308818478941856,0.08899907592123746,0.35496336221694946
patient_mel4_,pca_ridge,0,ENSG00000079101,0.023403158673679234,0.011610659529491812,0.2936795651912689
patient_mel4_,pca_ridge,0,ENSG00000196476,0.021844918869154958,0.03990542939370492,0.26801934838294983
patient_mel4_,pca_ridge,0,ENSG00000231106,,,0.028819484636187553
patient_mel4_,spatial_knn,0,ENSG00000281383,0.2108028501507888,0.18707481934373066,1.6955481154172332
patient_mel4_,spatial_knn,0,ENSG00000251562,0.23718416136069104,0.23311687383049048,0.9863186242906683
patient_mel4_,spatial_knn,0,ENSG00000137077,0.038255348766956646,0.029101809788559346,0.9296382165803084
patient_mel4_,spatial_knn,0,ENSG00000254709,-0.13677099129587458,-0.1374909547901086,1.2265853119697812
patient_mel4_,spatial_knn,0,ENSG00000118785,-0.08860272688885926,-0.08295191784458812,1.3555639486045414
patient_mel4_,spatial_knn,0,ENSG00000108821,-0.05160960767226575,-0.06655606150806768,1.038164183667063
patient_mel4_,spatial_knn,0,ENSG00000156738,0.06256151265381882,0.06197659602755713,0.5128220131843824
patient_mel4_,spatial_knn,0,ENSG00000019582,0.00963470328908116,0.04356405474498535,0.940945703898226
patient_mel4_,spatial_knn,0,ENSG00000132465,-0.17702927206325314,-0.16086031878329754,0.8351616812550111
patient_mel4_,spatial_knn,0,ENSG00000169442,0.05053714404599577,0.06315131571836863,0.8230455615646252
patient_mel4_,spatial_knn,0,ENSG00000182492,0.0024196280686118697,0.016659343317320354,1.0609597758690514
patient_mel4_,spatial_knn,0,ENSG00000101335,-0.001952036227800085,-0.028908967723834406,1.0068832266146486
patient_mel4_,spatial_knn,0,ENSG00000105369,0.013940066492227687,-0.015119233233243897,0.49002714000887304
patient_mel4_,spatial_knn,0,ENSG00000168542,-0.07227522471322775,-0.07382233197363405,1.0760589575617898
patient_mel4_,spatial_knn,0,ENSG00000204382,,,0.20687170863869545
patient_mel4_,spatial_knn,0,ENSG00000261857,0.124584772542804,0.13378694480019843,0.7968960692887705
patient_mel4_,spatial_knn,0,ENSG00000185664,0.10779311087144836,0.16698915430408195,4.543567771489962
patient_mel4_,spatial_knn,0,ENSG00000245532,-0.10001548628905406,-0.11024390442361849,0.9382965692509493
patient_mel4_,spatial_knn,0,ENSG00000153064,,,0.14298828327048602
patient_mel4_,spatial_knn,0,ENSG00000137818,-0.10993740820320233,-0.08396619577591506,0.3800378990165133
patient_mel4_,spatial_knn,0,ENSG00000104921,0.016534623726219545,0.024853591681521788,0.24896000831447854
patient_mel4_,spatial_knn,0,ENSG00000164692,0.042667058504866184,0.017263875678068395,1.0197803658725078
patient_mel4_,spatial_knn,0,ENSG00000160307,0.18669337226833155,0.17842121254505097,2.4200918935284044
patient_mel4_,spatial_knn,0,ENSG00000126709,0.033029640279023255,0.006255731170661801,1.0157676006852014
patient_mel4_,spatial_knn,0,ENSG00000204287,-0.0069286199421687775,0.007144813247868367,0.9152287490085427
patient_mel4_,spatial_knn,0,ENSG00000105664,,,0.2528359470852054
patient_mel4_,spatial_knn,0,ENSG00000227507,0.028799168937453667,-0.015503392726538622,0.5600389645950784
patient_mel4_,spatial_knn,0,ENSG00000234745,0.00926574546638538,0.005506211764080055,0.8583574576182251
patient_mel4_,spatial_knn,0,ENSG00000104894,0.028219705965309483,0.03539332158907542,0.4770044120972699
patient_mel4_,spatial_knn,0,ENSG00000196092,,,0.1784460874440745
patient_mel4_,spatial_knn,0,ENSG00000129538,0.08058871184609395,0.11721410855294961,0.8887120559726096
patient_mel4_,spatial_knn,0,ENSG00000143341,-0.03357263420015347,-0.028119764550910076,0.9725536119904977
patient_mel4_,spatial_knn,0,ENSG00000139329,-0.011576682449247748,-0.00975204802957189,0.7402054233449171
patient_mel4_,spatial_knn,0,ENSG00000087086,0.06466935905490377,0.05508177347395744,0.6529842342434506
patient_mel4_,spatial_knn,0,ENSG00000140105,-0.04147978060463383,-0.029324231496820844,0.9213304864542453
patient_mel4_,spatial_knn,0,ENSG00000162511,0.09229996666619139,0.08100092411416289,0.8853151108504843
patient_mel4_,spatial_knn,0,ENSG00000110799,-0.004748245126493862,0.02608778839609171,1.053398904302556
patient_mel4_,spatial_knn,0,ENSG00000107317,-0.018596843191540768,-0.07183421550173918,0.5542696571710014
patient_mel4_,spatial_knn,0,ENSG00000173369,0.02367472571240841,0.00906855627104401,1.1043644615092967
patient_mel4_,spatial_knn,0,ENSG00000011465,-0.02678094180867151,-0.019803153216020237,0.6342416543271473
patient_mel4_,spatial_knn,0,ENSG00000115306,0.014393917366521732,-0.040436529012770166,0.8566766977661437
patient_mel4_,spatial_knn,0,ENSG00000102879,-0.050047163227398606,-0.038356340133636625,0.6239645165256471
patient_mel4_,spatial_knn,0,ENSG00000104419,-0.04091756542850429,-0.04827519509655759,1.386786618804423
patient_mel4_,spatial_knn,0,ENSG00000255823,0.1425516883626372,0.16326383070435002,1.07646513183513
patient_mel4_,spatial_knn,0,ENSG00000115461,0.06667968544978431,0.08255655636535722,1.1340211193653287
patient_mel4_,spatial_knn,0,ENSG00000068831,-0.08607490440985105,-0.09071629643176699,0.3205136345952018
patient_mel4_,spatial_knn,0,ENSG00000125730,-0.038551040162660505,0.0005706089244825401,0.49717636333125576
patient_mel4_,spatial_knn,0,ENSG00000206503,0.01839962009860988,0.006437898999576454,0.9894987990304352
patient_mel4_,spatial_knn,0,ENSG00000007312,-0.023691045831257286,-0.025213008312593883,0.4738851584502968
patient_mel4_,spatial_knn,0,ENSG00000145824,,,0.2896778690725304
patient_mel4_,spatial_knn,0,ENSG00000152556,-0.06568131400849664,-0.01156418566121968,0.6481570340170194
patient_mel4_,spatial_knn,0,ENSG00000273576,-0.010261741149685559,0.011586720453871548,0.11789913870207985
patient_mel4_,spatial_knn,0,ENSG00000266074,0.04398941689794587,0.049742648090089346,0.3846551468190576
patient_mel4_,spatial_knn,0,ENSG00000198466,0.062359481842414174,0.0015442169343888334,0.3178768624875877
patient_mel4_,spatial_knn,0,ENSG00000169884,0.003876709334322735,0.02782121946463739,0.2526554131580008
patient_mel4_,spatial_knn,0,ENSG00000126001,-0.018185783321535413,-0.013975331981795382,0.37697307013000025
patient_mel4_,spatial_knn,0,ENSG00000185963,0.005821290182468198,0.003954284234246642,0.5794144065736737
patient_mel4_,spatial_knn,0,ENSG00000215845,-0.02012010656610968,-0.009845602031075424,0.24202111532641732
patient_mel4_,spatial_knn,0,ENSG00000172936,0.00017161882920550126,-0.0006493511919853257,0.4112159102886198
patient_mel4_,spatial_knn,0,ENSG00000179104,-0.011846618828251464,0.00960158243142916,0.2222081109492289
patient_mel4_,spatial_knn,0,ENSG00000006282,0.002749485986389133,0.012531206429584595,0.635216306172137
patient_mel4_,spatial_knn,0,ENSG00000188917,-0.03969311875804475,-0.02087422284090641,0.30070754355833007
patient_mel4_,spatial_knn,0,ENSG00000258130,-0.05800089217496736,-0.0858060984124034,0.1314455365830641
patient_mel4_,spatial_knn,0,ENSG00000149418,0.0056384623231023265,0.006188248987641028,0.15870154928771193
patient_mel4_,spatial_knn,0,ENSG00000092020,0.08100930806607676,0.11740414213028838,0.3134931635552194
patient_mel4_,spatial_knn,0,ENSG00000163564,0.06689456189187513,0.05353384334986345,0.11152250116734926
patient_mel4_,spatial_knn,0,ENSG00000182185,0.048074401453431205,0.11231701102997968,0.19775326548806824
patient_mel4_,spatial_knn,0,ENSG00000124588,-0.033030727571481955,-0.040646624565652066,0.7388027706136175
patient_mel4_,spatial_knn,0,ENSG00000172113,0.0415679724657129,0.055118860210714535,0.34934755744620244
patient_mel4_,spatial_knn,0,ENSG00000181450,-0.03563672269483481,-0.0026304962907950325,0.17400615591409777
patient_mel4_,spatial_knn,0,ENSG00000173706,0.06842679953308264,0.06671807379895106,0.3751785996810596
patient_mel4_,spatial_knn,0,ENSG00000159239,0.04302204274510198,-1.3950897016708288e-05,0.1476437180902997
patient_mel4_,spatial_knn,0,ENSG00000115474,-0.003832987076988509,0.010762985886110538,0.21241796021563966
patient_mel4_,spatial_knn,0,ENSG00000162739,-0.02166687846796288,-0.023194513328997614,0.2536265787361141
patient_mel4_,spatial_knn,0,ENSG00000154175,-0.0318351146925156,-0.05292925537782852,0.11367607291557429
patient_mel4_,spatial_knn,0,ENSG00000181264,-0.05106387532683314,-0.0535304670476667,0.22559436039309813
patient_mel4_,spatial_knn,0,ENSG00000104643,-0.044175661924401644,-0.017112548581338517,0.30541003277575274
patient_mel4_,spatial_knn,0,ENSG00000116030,0.14306249649722524,0.09274450109713288,0.3738953450186222
patient_mel4_,spatial_knn,0,ENSG00000166192,0.0021741305757967296,0.05885959971039786,0.12730318562532664
patient_mel4_,spatial_knn,0,ENSG00000069431,0.020601478162116424,-0.04916742878251207,0.2506121587272925
patient_mel4_,spatial_knn,0,ENSG00000104361,-0.033469015072995614,-0.06617454511004006,0.20900125613483336
patient_mel4_,spatial_knn,0,ENSG00000121039,-0.04383031903219106,-0.06850828335918309,0.23684116910684905
patient_mel4_,spatial_knn,0,ENSG00000013619,-0.03328286678917652,-0.028596455062743425,0.18932923875172142
patient_mel4_,spatial_knn,0,ENSG00000185008,-0.02903784273336394,-0.011547725233400074,0.27043360981983955
patient_mel4_,spatial_knn,0,ENSG00000077984,-0.0056672378347209125,0.01667362868031302,0.26000294205412805
patient_mel4_,spatial_knn,0,ENSG00000161526,0.04615108496236896,0.027848076811775917,0.6012119539800098
patient_mel4_,spatial_knn,0,ENSG00000109618,-0.04454049421353932,-0.0351230040601267,0.1670313856032156
patient_mel4_,spatial_knn,0,ENSG00000019995,0.0032807669504902656,0.020183234143055413,0.15611743883898344
patient_mel4_,spatial_knn,0,ENSG00000120314,0.036855891009859205,0.04726357971342471,0.4105830196500861
patient_mel4_,spatial_knn,0,ENSG00000155749,-0.0416173093263561,-0.06040569782639048,0.11849879596581639
patient_mel4_,spatial_knn,0,ENSG00000129116,0.034472194948765016,0.0636037763992895,0.4530269001425679
patient_mel4_,spatial_knn,0,ENSG00000109743,-0.03469321214220535,-0.061706890106052265,0.41507779784835175
patient_mel4_,spatial_knn,0,ENSG00000089060,-0.009203513140158208,0.024589325747860897,0.3365322977379164
patient_mel4_,spatial_knn,0,ENSG00000120800,-0.0040118976622236235,0.02010550380355882,0.5225668364585235
patient_mel4_,spatial_knn,0,ENSG00000117069,0.008736150442620817,0.026536476753046326,0.08820043073767647
patient_mel4_,spatial_knn,0,ENSG00000104427,-0.016154823917101775,0.009338583373635625,0.226764956287016
patient_mel4_,spatial_knn,0,ENSG00000268651,-0.015623647555045127,-0.022068722768330582,0.05012901649804651
patient_mel4_,spatial_knn,0,ENSG00000070731,-0.10230731610049468,-0.08836416833609317,0.7548423625756202
patient_mel4_,spatial_knn,0,ENSG00000142731,0.05653295214530758,0.021810034988616393,0.09788785076736974
patient_mel4_,spatial_knn,0,ENSG00000172578,0.04006599307380197,0.06173542517281004,0.2107452405582947
patient_mel4_,spatial_knn,0,ENSG00000172508,0.0011555951930537628,0.021434974899929227,0.08492529481401638
patient_mel4_,spatial_knn,0,ENSG00000164975,0.09121689590129704,0.12980748280698268,0.2681239805915422
patient_mel4_,spatial_knn,0,ENSG00000147789,0.04424383124573944,0.04009067950316377,0.3469827115796897
patient_mel4_,spatial_knn,0,ENSG00000164330,0.03976056678385248,0.09957675136762652,0.21778926336023927
patient_mel4_,spatial_knn,0,ENSG00000166451,-0.01242748988115955,0.0047826896549214145,0.2233775781444321
patient_mel4_,spatial_knn,0,ENSG00000197302,0.029676727618476364,0.044240297406087044,0.22281967732157895
patient_mel4_,spatial_knn,0,ENSG00000168298,0.049556857737448445,0.052510770623240194,0.25046500804591426
patient_mel4_,spatial_knn,0,ENSG00000205238,-0.02958881909428278,-0.04070592197771558,0.09845788225479861
patient_mel4_,spatial_knn,0,ENSG00000137812,0.03558860468904781,0.06782861753242536,0.14638724553080287
patient_mel4_,spatial_knn,0,ENSG00000269439,-0.01725699370317883,-0.016723765400180873,0.13368567007604776
patient_mel4_,spatial_knn,0,ENSG00000115271,-0.041552174200632966,-0.045305933134319236,0.34149738788615785
patient_mel4_,spatial_knn,0,ENSG00000078596,-0.05758288634042239,-0.059842909573820345,0.33270643101432845
patient_mel4_,spatial_knn,0,ENSG00000162882,-0.023587742569816758,-0.033356004117936155,0.07618002985857454
patient_mel4_,spatial_knn,0,ENSG00000179820,0.05857585876464816,0.06522805942583682,0.4910185468289905
patient_mel4_,spatial_knn,0,ENSG00000159023,-0.04118712775449225,-0.06713519628683308,0.2040757355770131
patient_mel4_,spatial_knn,0,ENSG00000196873,0.0462555975255814,0.08184307145299725,0.29013894488315745
patient_mel4_,spatial_knn,0,ENSG00000067715,,,0.065098855984922
patient_mel4_,spatial_knn,0,ENSG00000245164,-0.05656509045952694,-0.06787829581606071,0.1792839501472906
patient_mel4_,spatial_knn,0,ENSG00000054967,-0.03528378567793247,-0.040333125625688734,0.3051348547822969
patient_mel4_,spatial_knn,0,ENSG00000000971,-0.07176463994828416,-0.09825591269669492,0.5624776345357146
patient_mel4_,spatial_knn,0,ENSG00000189362,-0.04276104837078685,0.0021299234894177526,0.23927838189007974
patient_mel4_,spatial_knn,0,ENSG00000171016,0.016281309177225027,0.06701345892611164,0.09179051651001212
patient_mel4_,spatial_knn,0,ENSG00000132704,,,0.10456375933011057
patient_mel4_,spatial_knn,0,ENSG00000116830,0.018784672932152635,0.05679640412593889,0.26437264720971343
patient_mel4_,spatial_knn,0,ENSG00000171241,0.0008414109794633792,0.018152015675116023,0.21544510141490233
patient_mel4_,spatial_knn,0,ENSG00000136504,-0.05623351950559137,-0.040094092706583415,0.40712364735075135
patient_mel4_,spatial_knn,0,ENSG00000169629,-0.03507558796162778,-0.007210356976948681,0.20281036531266006
patient_mel4_,spatial_knn,0,ENSG00000274419,0.0690193971001464,0.06149034188571465,0.3617386787220288
patient_mel4_,spatial_knn,0,ENSG00000141480,0.0429457818847993,0.04990149924996291,0.5975501335877703
patient_mel4_,spatial_knn,0,ENSG00000042980,-0.010403928767510309,-0.0032157102272311684,0.15369498024432432
patient_mel4_,spatial_knn,0,ENSG00000122122,0.05678721057365929,0.06216598277880424,0.29850911377283407
patient_mel4_,spatial_knn,0,ENSG00000077585,0.008466526496034707,0.010992743117775903,0.5296083191517198
patient_mel4_,spatial_knn,0,ENSG00000140323,-0.014052198209455172,0.0097098958497538,0.1597866644944945
patient_mel4_,spatial_knn,0,ENSG00000125266,-0.030855467832380832,-0.07577056180143542,0.28259069804523046
patient_mel4_,spatial_knn,0,ENSG00000167685,-0.05032311826871526,-0.04562982722904566,0.40561930406148505
patient_mel4_,spatial_knn,0,ENSG00000219626,0.0006590366107747762,-0.011628530634803803,0.21528072036233042
patient_mel4_,spatial_knn,0,ENSG00000101811,0.06262777022650116,-0.011239198048054165,0.2542242467159555
patient_mel4_,spatial_knn,0,ENSG00000196664,0.004736454340059874,0.017569857419218342,0.11017926252240894
patient_mel4_,spatial_knn,0,ENSG00000128578,-0.07142528565935605,-0.09833043933910934,0.27550544764285567
patient_mel4_,spatial_knn,0,ENSG00000177463,-0.005837057261624295,0.0026503835939351403,0.2771988699060379
patient_mel4_,spatial_knn,0,ENSG00000135365,-0.0456352952249907,-0.010384550866562153,0.4149647753476936
patient_mel4_,spatial_knn,0,ENSG00000185189,0.010989258269588425,0.04048133100318682,0.6199947314225442
patient_mel4_,spatial_knn,0,ENSG00000264575,-0.017157362351861313,-0.030382266651000408,0.13548563914047962
patient_mel4_,spatial_knn,0,ENSG00000163683,-0.037709479086066935,-0.04580058009819719,0.41751929539884947
patient_mel4_,spatial_knn,0,ENSG00000158966,-0.03865398205627764,-0.029764696239437314,0.24680537977040395
patient_mel4_,spatial_knn,0,ENSG00000182162,0.004538152131687462,0.013924495373034284,0.2215789609267219
patient_mel4_,spatial_knn,0,ENSG00000168071,0.007159135133198137,0.009159450336823537,0.3951237985538533
patient_mel4_,spatial_knn,0,ENSG00000079101,-0.01544160017947692,-0.015171386249669771,0.29669288190124105
patient_mel4_,spatial_knn,0,ENSG00000196476,-0.039259265609972324,-0.03798139837079762,0.283184616187504
patient_mel4_,spatial_knn,0,ENSG00000231106,,,0.07623475970088
random,mean,1,ENSG00000281383,,,1.1910210847854614
random,mean,1,ENSG00000251562,,,0.9483696222305298
random,mean,1,ENSG00000137077,,,1.2075806856155396
random,mean,1,ENSG00000254709,,,1.3242757320404053
random,mean,1,ENSG00000118785,,,1.3430596590042114
random,mean,1,ENSG00000108821,,,1.2445321083068848
random,mean,1,ENSG00000156738,,,0.7703813314437866
random,mean,1,ENSG00000019582,,,1.19312584400177
random,mean,1,ENSG00000132465,,,0.8983929753303528
random,mean,1,ENSG00000169442,0.0,,1.066410779953003
random,mean,1,ENSG00000182492,,,1.2764453887939453
random,mean,1,ENSG00000101335,,,1.066569447517395
random,mean,1,ENSG00000105369,,,0.7272961735725403
random,mean,1,ENSG00000168542,0.0,,1.138270378112793
random,mean,1,ENSG00000204382,,,0.591656506061554
random,mean,1,ENSG00000261857,,,1.237432599067688
random,mean,1,ENSG00000185664,,,1.9548168182373047
random,mean,1,ENSG00000245532,,,1.2133780717849731
random,mean,1,ENSG00000153064,0.0,,0.3371333181858063
random,mean,1,ENSG00000137818,,,0.6368039846420288
random,mean,1,ENSG00000104921,,,0.5423312783241272
random,mean,1,ENSG00000164692,0.0,,1.1209535598754883
random,mean,1,ENSG00000160307,0.0,,1.4573736190795898
random,mean,1,ENSG00000126709,0.0,,1.349709391593933
random,mean,1,ENSG00000204287,0.0,,1.1559568643569946
random,mean,1,ENSG00000105664,,,0.45655563473701477
random,mean,1,ENSG00000227507,,,0.8111895322799683
random,mean,1,ENSG00000234745,0.0,,1.2346283197402954
random,mean,1,ENSG00000104894,0.0,,0.7444278001785278
random,mean,1,ENSG00000196092,,,0.333754301071167
random,mean,1,ENSG00000129538,,,1.1837104558944702
random,mean,1,ENSG00000143341,,,1.0509674549102783
random,mean,1,ENSG00000139329,,,0.7733228802680969
random,mean,1,ENSG00000087086,,,0.7902057766914368
random,mean,1,ENSG00000140105,,,1.0634186267852783
random,mean,1,ENSG00000162511,,,1.1576054096221924
random,mean,1,ENSG00000110799,,,0.780072033405304
random,mean,1,ENSG00000107317,,,0.8164525628089905
random,mean,1,ENSG00000173369,0.0,,1.1342823505401611
random,mean,1,ENSG00000011465,,,0.8063589930534363
random,mean,1,ENSG00000115306,,,1.098028302192688
random,mean,1,ENSG00000102879,,,0.867270827293396
random,mean,1,ENSG00000104419,,,1.2700035572052002
random,mean,1,ENSG00000255823,0.0,,1.090860366821289
random,mean,1,ENSG00000115461,,,1.0344761610031128
random,mean,1,ENSG00000068831,,,0.5454932451248169
random,mean,1,ENSG00000125730,,,0.790094792842865
random,mean,1,ENSG00000206503,,,1.1023107767105103
random,mean,1,ENSG00000007312,,,0.6169297099113464
random,mean,1,ENSG00000145824,,,0.5369620323181152
random,mean,1,ENSG00000152556,,,0.5895046591758728
random,mean,1,ENSG00000273576,,,0.17445829510688782
random,mean,1,ENSG00000266074,,,0.440621554851532
random,mean,1,ENSG00000198466,0.0,,0.37339624762535095
random,mean,1,ENSG00000169884,,,0.11953254789113998
random,mean,1,ENSG00000126001,,,0.4263870120048523
random,mean,1,ENSG00000185963,,,0.5012401342391968
random,mean,1,ENSG00000215845,,,0.5432528853416443
random,mean,1,ENSG00000172936,0.0,,0.3052285611629486
random,mean,1,ENSG00000179104,0.0,,0.3397221565246582
random,mean,1,ENSG00000006282,0.0,,0.6561293005943298
random,mean,1,ENSG00000188917,,,0.26015153527259827
random,mean,1,ENSG00000258130,,,0.1526130586862564
random,mean,1,ENSG00000149418,,,0.3314816355705261
random,mean,1,ENSG00000092020,,,0.38016167283058167
random,mean,1,ENSG00000163564,0.0,,0.21778129041194916
random,mean,1,ENSG00000182185,,,0.22492268681526184
random,mean,1,ENSG00000124588,,,0.5853780508041382
random,mean,1,ENSG00000172113,,,0.3263515830039978
random,mean,1,ENSG00000181450,0.0,,0.19929474592208862
random,mean,1,ENSG00000173706,0.0,,0.3520256280899048
random,mean,1,ENSG00000159239,,,0.16802676022052765
random,mean,1,ENSG00000115474,,,0.25522828102111816
random,mean,1,ENSG00000162739,,,0.38410651683807373
random,mean,1,ENSG00000154175,,,0.11555183678865433
random,mean,1,ENSG00000181264,,,0.24504095315933228
random,mean,1,ENSG00000104643,,,0.2611166834831238
random,mean,1,ENSG00000116030,,,0.43728694319725037
random,mean,1,ENSG00000166192,,,0.25879257917404175
random,mean,1,ENSG00000069431,,,0.2714751660823822
random,mean,1,ENSG00000104361,,,0.3081289827823639
random,mean,1,ENSG00000121039,0.0,,0.2353277951478958
random,mean,1,ENSG00000013619,,,0.23119771480560303
random,mean,1,ENSG00000185008,0.0,,0.08032756298780441
random,mean,1,ENSG00000077984,,,0.38025930523872375
random,mean,1,ENSG00000161526,,,0.775560200214386
random,mean,1,ENSG00000109618,0.0,,0.2491658627986908
random,mean,1,ENSG00000019995,0.0,,0.1392344981431961
random,mean,1,ENSG00000120314,0.0,,0.40614181756973267
random,mean,1,ENSG00000155749,0.0,,0.18198449909687042
random,mean,1,ENSG00000129116,,,0.5699458122253418
random,mean,1,ENSG00000109743,,,0.23674464225769043
random,mean,1,ENSG00000089060,,,0.3963259160518646
random,mean,1,ENSG00000120800,,,0.543768048286438
random,mean,1,ENSG00000117069,0.0,,0.28244948387145996
random,mean,1,ENSG00000104427,,,0.3088267743587494
random,mean,1,ENSG00000268651,,,0.08027289807796478
random,mean,1,ENSG00000070731,0.0,,0.8702651262283325
random,mean,1,ENSG00000142731,,,0.1870090365409851
random,mean,1,ENSG00000172578,0.0,,0.24394609034061432
random,mean,1,ENSG00000172508,0.0,,0.24467550218105316
random,mean,1,ENSG00000164975,0.0,,0.2988528609275818
random,mean,1,ENSG00000147789,,,0.4990103244781494
random,mean,1,ENSG00000164330,0.0,,0.36167243123054504
random,mean,1,ENSG00000166451,0.0,,0.2944073975086212
random,mean,1,ENSG00000197302,,,0.29675984382629395
random,mean,1,ENSG00000168298,,,0.3386680781841278
random,mean,1,ENSG00000205238,,,0.17901979386806488
random,mean,1,ENSG00000137812,,,0.22146661579608917
random,mean,1,ENSG00000269439,,,0.2456853985786438
random,mean,1,ENSG00000115271,,,0.3430003225803375
random,mean,1,ENSG00000078596,,,0.47155407071113586
random,mean,1,ENSG00000162882,,,0.014184470288455486
random,mean,1,ENSG00000179820,,,0.7539264559745789
random,mean,1,ENSG00000159023,,,0.2024233490228653
random,mean,1,ENSG00000196873,,,0.4252392053604126
random,mean,1,ENSG00000067715,0.0,,0.17879211902618408
random,mean,1,ENSG00000245164,,,0.2573462724685669
random,mean,1,ENSG00000054967,,,0.37429431080818176
random,mean,1,ENSG00000000971,,,0.5839892029762268
random,mean,1,ENSG00000189362,,,0.27686530351638794
random,mean,1,ENSG00000171016,0.0,,0.2912609279155731
random,mean,1,ENSG00000132704,,,0.27751269936561584
random,mean,1,ENSG00000116830,,,0.3025442063808441
random,mean,1,ENSG00000171241,,,0.46033915877342224
random,mean,1,ENSG00000136504,,,0.429032564163208
random,mean,1,ENSG00000169629,,,0.23133449256420135
random,mean,1,ENSG00000274419,0.0,,0.5253853797912598
random,mean,1,ENSG00000141480,0.0,,0.6299777626991272
random,mean,1,ENSG00000042980,,,0.22903560101985931
random,mean,1,ENSG00000122122,0.0,,0.4377433657646179
random,mean,1,ENSG00000077585,0.0,,0.356973797082901
random,mean,1,ENSG00000140323,,,0.1415286660194397
random,mean,1,ENSG00000125266,0.0,,0.3339986503124237
random,mean,1,ENSG00000167685,,,0.4367358982563019
random,mean,1,ENSG00000219626,,,0.17749352753162384
random,mean,1,ENSG00000101811,,,0.2177966684103012
random,mean,1,ENSG00000196664,,,0.14653214812278748
random,mean,1,ENSG00000128578,,,0.37832123041152954
random,mean,1,ENSG00000177463,,,0.3805861175060272
random,mean,1,ENSG00000135365,,,0.4713805317878723
random,mean,1,ENSG00000185189,,,0.5272397398948669
random,mean,1,ENSG00000264575,,,0.07693741470575333
random,mean,1,ENSG00000163683,,,0.47266221046447754
random,mean,1,ENSG00000158966,,,0.09825674444437027
random,mean,1,ENSG00000182162,0.0,,0.21642692387104034
random,mean,1,ENSG00000168071,,,0.49873095750808716
random,mean,1,ENSG00000079101,,,0.11668337881565094
random,mean,1,ENSG00000196476,,,0.2879791855812073
random,mean,1,ENSG00000231106,,,0.11458579450845718
random,pca_ridge,1,ENSG00000281383,0.5845986058628645,0.6502351319490011,0.9859448075294495
random,pca_ridge,1,ENSG00000251562,0.6466869269705595,0.7269779250865681,0.7242475748062134
random,pca_ridge,1,ENSG00000137077,0.6620773525626205,0.5220844354091463,0.9207099676132202
random,pca_ridge,1,ENSG00000254709,0.6136078142796043,0.5601632213651427,1.0451176166534424
random,pca_ridge,1,ENSG00000118785,0.6744968218141608,0.6380699946829357,0.9910695552825928
random,pca_ridge,1,ENSG00000108821,0.650350800050889,0.6170712039233067,0.9454074501991272
random,pca_ridge,1,ENSG00000156738,0.7968442361328615,0.5742808582408826,0.46530696749687195
random,pca_ridge,1,ENSG00000019582,0.7554480121178743,0.7494338127591453,0.7857488989830017
random,pca_ridge,1,ENSG00000132465,0.5545034620279147,0.5051441771636624,0.74417644739151
random,pca_ridge,1,ENSG00000169442,0.7440379287105489,0.5960368501346106,0.712016761302948
random,pca_ridge,1,ENSG00000182492,0.7668554403800515,0.7398359725003392,0.8218407034873962
random,pca_ridge,1,ENSG00000101335,0.47608472775552096,0.4414712212261467,0.93577641248703
random,pca_ridge,1,ENSG00000105369,0.6811537352815406,0.4483345829447955,0.5317972302436829
random,pca_ridge,1,ENSG00000168542,0.5368540723718591,0.5156300906141825,0.9521244764328003
random,pca_ridge,1,ENSG00000204382,0.6798242283314238,0.5395569826365016,0.4346019923686981
random,pca_ridge,1,ENSG00000261857,0.7684809750324333,0.8052307421870223,0.7951370477676392
random,pca_ridge,1,ENSG00000185664,0.9040879945395405,0.8424113982848904,0.8418681621551514
random,pca_ridge,1,ENSG00000245532,0.7397707626252271,0.7686288399595123,0.8159176111221313
random,pca_ridge,1,ENSG00000153064,0.48543341735899154,0.2666560752459579,0.29492345452308655
random,pca_ridge,1,ENSG00000137818,0.58276416738366,0.5336131996420475,0.5339038968086243
random,pca_ridge,1,ENSG00000104921,0.5874139801447238,0.3625868790916342,0.4521723985671997
random,pca_ridge,1,ENSG00000164692,0.48428813420577016,0.46781860533410125,0.9803942441940308
random,pca_ridge,1,ENSG00000160307,0.8717568277491704,0.8782848398024017,0.7177790403366089
random,pca_ridge,1,ENSG00000126709,0.7773610959692361,0.7648111009808594,0.8500496745109558
random,pca_ridge,1,ENSG00000204287,0.66136905980452,0.6526888094280701,0.8622941374778748
random,pca_ridge,1,ENSG00000105664,0.2809383546921292,0.23961548418963383,0.4518091678619385
random,pca_ridge,1,ENSG00000227507,0.7066983980057021,0.5368589479163114,0.5737202763557434
random,pca_ridge,1,ENSG00000234745,0.810021645537157,0.8061748109798578,0.7276396155357361
random,pca_ridge,1,ENSG00000104894,0.5989620067727153,0.496943519104127,0.5968741774559021
random,pca_ridge,1,ENSG00000196092,0.4252511334082679,0.29967785585890266,0.30820372700691223
random,pca_ridge,1,ENSG00000129538,0.7323549594686689,0.717684643306678,0.8079833388328552
random,pca_ridge,1,ENSG00000143341,0.6672521339615731,0.5815970988565105,0.7823445200920105
random,pca_ridge,1,ENSG00000139329,0.4327689792826067,0.40299143974560586,0.6926421523094177
random,pca_ridge,1,ENSG00000087086,0.45019132071929613,0.5290005985000817,0.7062612771987915
random,pca_ridge,1,ENSG00000140105,0.6180239459038205,0.5962110440399337,0.8376737236976624
random,pca_ridge,1,ENSG00000162511,0.665029762128676,0.6558654985402352,0.8726579546928406
random,pca_ridge,1,ENSG00000110799,0.4402383037482534,0.41276413810092205,0.7020681500434875
random,pca_ridge,1,ENSG00000107317,0.6551661707815896,0.4628431557747036,0.627654492855072
random,pca_ridge,1,ENSG00000173369,0.67261394796879,0.6810107534768816,0.8366344571113586
random,pca_ridge,1,ENSG00000011465,0.47942414751063195,0.4431621259794267,0.7065125703811646
random,pca_ridge,1,ENSG00000115306,0.7191809781757273,0.7302400855099351,0.766816258430481
random,pca_ridge,1,ENSG00000102879,0.5263444129843265,0.36421047599981193,0.7361942529678345
random,pca_ridge,1,ENSG00000104419,0.7503659267107438,0.7322969655403592,0.8412121534347534
random,pca_ridge,1,ENSG00000255823,0.6170900503101139,0.6175209575564679,0.8587113618850708
random,pca_ridge,1,ENSG00000115461,0.6947773007594703,0.620041892407002,0.7461307048797607
random,pca_ridge,1,ENSG00000068831,0.4518884786174982,0.3316295700618007,0.4891325533390045
random,pca_ridge,1,ENSG00000125730,0.5936691767130681,0.5084794709275173,0.6379906535148621
random,pca_ridge,1,ENSG00000206503,0.7201109309461315,0.7610929597431971,0.7657236456871033
random,pca_ridge,1,ENSG00000007312,0.5743808066826751,0.37813249963288015,0.5233472585678101
random,pca_ridge,1,ENSG00000145824,0.36481255311985156,0.3607102656957836,0.5015864372253418
random,pca_ridge,1,ENSG00000152556,0.15791591542034303,0.2387618806461755,0.5831719040870667
random,pca_ridge,1,ENSG00000273576,-0.09174560197195811,-0.0944375778772785,0.17794640362262726
random,pca_ridge,1,ENSG00000266074,0.05502361009352195,0.07254017235105956,0.4443242847919464
random,pca_ridge,1,ENSG00000198466,0.14948220300721657,0.14467289747198334,0.3706327974796295
random,pca_ridge,1,ENSG00000169884,-0.04331448634838177,-0.04721878893863925,0.12265680730342865
random,pca_ridge,1,ENSG00000126001,0.18723277558637827,0.2202171276811754,0.4190789759159088
random,pca_ridge,1,ENSG00000185963,0.11375244180286184,0.15099498970653857,0.501241147518158
random,pca_ridge,1,ENSG00000215845,0.38344134588749795,0.40752740120365105,0.5040743350982666
random,pca_ridge,1,ENSG00000172936,0.2160652123311216,0.24679566260939048,0.2968943119049072
random,pca_ridge,1,ENSG00000179104,0.3511245080428011,0.2741317519105913,0.3188009560108185
random,pca_ridge,1,ENSG00000006282,0.48397363203850674,0.4341543467789893,0.5761178731918335
random,pca_ridge,1,ENSG00000188917,0.13170745645300108,0.14659034819554334,0.2580667734146118
random,pca_ridge,1,ENSG00000258130,0.01297445676685115,-0.021943176743090553,0.15525925159454346
random,pca_ridge,1,ENSG00000149418,0.02797953124852272,0.06225542320864178,0.3318798840045929
random,pca_ridge,1,ENSG00000092020,0.19484520051756132,0.18211400201630684,0.3728006184101105
random,pca_ridge,1,ENSG00000163564,0.0574818916153158,0.061010899393589994,0.21954581141471863
random,pca_ridge,1,ENSG00000182185,0.08064668618955231,0.1049585788371556,0.2242843210697174
random,pca_ridge,1,ENSG00000124588,0.18291331408514158,0.2177302314514707,0.5910847187042236
random,pca_ridge,1,ENSG00000172113,-0.029276306075826413,-0.02378947247140169,0.33173081278800964
random,pca_ridge,1,ENSG00000181450,0.053037492295363316,0.03856415607701302,0.19984884560108185
random,pca_ridge,1,ENSG00000173706,0.1993081742813437,0.1843994974791899,0.34447428584098816
random,pca_ridge,1,ENSG00000159239,0.09079499298198339,0.06729768915405845,0.168111652135849
random,pca_ridge,1,ENSG00000115474,0.13622935265441322,0.12551723465506368,0.25435760617256165
random,pca_ridge,1,ENSG00000162739,0.2251868332848073,0.2125185450827463,0.37471291422843933
random,pca_ridge,1,ENSG00000154175,0.08062444787303343,0.06433968881413987,0.12286043912172318
random,pca_ridge,1,ENSG00000181264,0.10555085967564279,0.09658387191560223,0.2439386546611786
random,pca_ridge,1,ENSG00000104643,0.0006389395723192825,0.03397016159962868,0.2648586928844452
random,pca_ridge,1,ENSG00000116030,0.26045133794650355,0.32809128560088857,0.4225342273712158
random,pca_ridge,1,ENSG00000166192,-0.024672663930186186,-0.025952973717603516,0.2601943016052246
random,pca_ridge,1,ENSG00000069431,0.09778189482464669,0.07099492718938989,0.2703995406627655
random,pca_ridge,1,ENSG00000104361,0.07574635009581902,0.11956813136695957,0.30991941690444946
random,pca_ridge,1,ENSG00000121039,-0.08185461205150743,-0.11990712537280399,0.24054986238479614
random,pca_ridge,1,ENSG00000013619,0.17005023090654073,0.17287819241840918,0.2280098795890808
random,pca_ridge,1,ENSG00000185008,0.08464407322708846,0.09648333610170554,0.0824030414223671
random,pca_ridge,1,ENSG00000077984,0.3103044438535808,0.2853895821757554,0.36477896571159363
random,pca_ridge,1,ENSG00000161526,0.058033159803546466,0.07807565882737924,0.7818219065666199
random,pca_ridge,1,ENSG00000109618,-0.061521256711374005,-0.0905055196964693,0.256845086812973
random,pca_ridge,1,ENSG00000019995,0.04247438440181427,0.034649147586243635,0.1406368613243103
random,pca_ridge,1,ENSG00000120314,0.04236339005909607,0.11747591642138391,0.4094691276550293
random,pca_ridge,1,ENSG00000155749,0.1344229202145295,0.12236215819518577,0.18219639360904694
random,pca_ridge,1,ENSG00000129116,0.24145857076548108,0.206143167149123,0.5530668497085571
random,pca_ridge,1,ENSG00000109743,0.17863726122112053,0.16869802231496797,0.23365569114685059
random,pca_ridge,1,ENSG00000089060,-0.07956767095182891,-0.033579557140745,0.4115890860557556
random,pca_ridge,1,ENSG00000120800,0.2512778681760082,0.22797143282729854,0.5282618999481201
random,pca_ridge,1,ENSG00000117069,0.20773610482340651,0.18581813914499556,0.2769775092601776
random,pca_ridge,1,ENSG00000104427,0.05856295553197022,0.08297710498807373,0.3094715178012848
random,pca_ridge,1,ENSG00000268651,0.19489454120746255,0.1658608307465017,0.08196583390235901
random,pca_ridge,1,ENSG00000070731,0.6917564534194323,0.6577172245061109,0.6338502168655396
random,pca_ridge,1,ENSG00000142731,0.06618238169493404,0.10955532079510667,0.18715539574623108
random,pca_ridge,1,ENSG00000172578,0.0433631272685611,0.0642567961171912,0.2557592988014221
random,pca_ridge,1,ENSG00000172508,0.11466046363757998,0.14055683910403952,0.2431764155626297
random,pca_ridge,1,ENSG00000164975,0.01843174603986748,0.03639109445121154,0.3042462468147278
random,pca_ridge,1,ENSG00000147789,0.09740840644416884,0.12592922926545347,0.4980572760105133
random,pca_ridge,1,ENSG00000164330,0.1189675187393553,0.11559750085406362,0.3597126603126526
random,pca_ridge,1,ENSG00000166451,0.15440149688829574,0.18501277162215835,0.29213419556617737
random,pca_ridge,1,ENSG00000197302,0.16776974876346135,0.1672135773277825,0.292656809091568
random,pca_ridge,1,ENSG00000168298,0.16504029998416972,0.1323690619776891,0.3339475393295288
random,pca_ridge,1,ENSG00000205238,0.05297244469437402,0.014869525259611672,0.17981326580047607
random,pca_ridge,1,ENSG00000137812,0.24046035287955092,0.24540013939639377,0.21514254808425903
random,pca_ridge,1,ENSG00000269439,0.09726353431994682,0.07122938985632009,0.24464744329452515
random,pca_ridge,1,ENSG00000115271,0.22806633134024062,0.2802286001850681,0.33402058482170105
random,pca_ridge,1,ENSG00000078596,0.37181699798773077,0.3756618547054813,0.44323405623435974
random,pca_ridge,1,ENSG00000162882,,,0.025074101984500885
random,pca_ridge,1,ENSG00000179820,0.46029518678952386,0.38677342930244557,0.6701006293296814
random,pca_ridge,1,ENSG00000159023,0.031171132035459275,0.019607710225556754,0.20594380795955658
random,pca_ridge,1,ENSG00000196873,-0.1461204381382079,-0.053596001477913165,0.4376188814640045
random,pca_ridge,1,ENSG00000067715,0.12248068752920531,0.152075252925737,0.17755992710590363
random,pca_ridge,1,ENSG00000245164,0.3406179668959394,0.1960846273890871,0.24217230081558228
random,pca_ridge,1,ENSG00000054967,0.18241668158417618,0.18873319422983867,0.3684234321117401
random,pca_ridge,1,ENSG00000000971,0.27480545808769763,0.29615478482728597,0.560936450958252
random,pca_ridge,1,ENSG00000189362,0.03834527519541493,0.044312494413646354,0.27808570861816406
random,pca_ridge,1,ENSG00000171016,0.30856289215878474,0.2976689997745517,0.27913162112236023
random,pca_ridge,1,ENSG00000132704,0.27017944365104996,0.222747308946008,0.26863527297973633
random,pca_ridge,1,ENSG00000116830,-0.03650710908007006,0.022260875972884456,0.3092100918292999
random,pca_ridge,1,ENSG00000171241,0.18540339424461766,0.2643099648325429,0.45218992233276367
random,pca_ridge,1,ENSG00000136504,0.08113148025738146,0.16317546983434061,0.4283273220062256
random,pca_ridge,1,ENSG00000169629,0.046259113032564816,0.05817652949575918,0.2317177653312683
random,pca_ridge,1,ENSG00000274419,0.11645145682908715,0.10540745117747752,0.5220795273780823
random,pca_ridge,1,ENSG00000141480,0.1672416765101367,0.20334922980676226,0.622702956199646
random,pca_ridge,1,ENSG00000042980,0.3979477461663663,0.24267197083780315,0.2147231549024582
random,pca_ridge,1,ENSG00000122122,0.393133683255586,0.30431776715643866,0.40311145782470703
random,pca_ridge,1,ENSG00000077585,0.24396257684070422,0.22978387192775146,0.34618353843688965
random,pca_ridge,1,ENSG00000140323,0.11133592543754692,0.11564961844117648,0.14068405330181122
random,pca_ridge,1,ENSG00000125266,0.23314169770780904,0.2579963631491646,0.3252684473991394
random,pca_ridge,1,ENSG00000167685,0.19075781754401586,0.23162172532326106,0.4292203485965729
random,pca_ridge,1,ENSG00000219626,0.13039505563593282,0.06646536923872724,0.17778082191944122
random,pca_ridge,1,ENSG00000101811,0.12214838274712905,0.11984211898075729,0.21660253405570984
random,pca_ridge,1,ENSG00000196664,0.12094241715837922,0.12081401011004382,0.14676779508590698
random,pca_ridge,1,ENSG00000128578,0.2481259979907231,0.25108002024581827,0.3698631823062897
random,pca_ridge,1,ENSG00000177463,0.16548411470711458,0.17212256298120918,0.37549352645874023
random,pca_ridge,1,ENSG00000135365,0.1600628184327643,0.1481278021907751,0.4652462303638458
random,pca_ridge,1,ENSG00000185189,0.23551204058671507,0.2471029909506017,0.5132908821105957
random,pca_ridge,1,ENSG00000264575,0.15776833372982157,0.14472500415255832,0.0762440636754036
random,pca_ridge,1,ENSG00000163683,0.2476329788484679,0.1788122895624179,0.45988479256629944
random,pca_ridge,1,ENSG00000158966,0.014385939872213434,0.02510589157688037,0.10040438175201416
random,pca_ridge,1,ENSG00000182162,0.18404048178946525,0.1059555744870436,0.21694302558898926
random,pca_ridge,1,ENSG00000168071,0.3852842375201699,0.2712326144960463,0.46003150939941406
random,pca_ridge,1,ENSG00000079101,0.14335603073937903,0.12491924524190824,0.1160452663898468
random,pca_ridge,1,ENSG00000196476,-0.06121579083291603,-0.04217266157148621,0.2946348786354065
random,pca_ridge,1,ENSG00000231106,0.03819295157041712,0.03234708160113799,0.12207580357789993
random,spatial_knn,1,ENSG00000281383,0.1376948093950511,0.1874092812340413,1.245323660032353
random,spatial_knn,1,ENSG00000251562,0.18828981583860085,0.1876376460743553,0.9674825391178461
random,spatial_knn,1,ENSG00000137077,0.05284196212324858,-0.0026797650920021517,1.2579545563991783
random,spatial_knn,1,ENSG00000254709,-0.09169745642567151,-0.044218008964549235,1.4612734547784247
random,spatial_knn,1,ENSG00000118785,-0.029673556377102613,-0.022665676396008277,1.464987837808098
random,spatial_knn,1,ENSG00000108821,-0.04204271852026502,0.007616867157757135,1.327981309583478
random,spatial_knn,1,ENSG00000156738,0.09733715241096659,0.08759247090162273,0.7991730383727335
random,spatial_knn,1,ENSG00000019582,-0.0636676921967289,-0.043655176966893396,1.3023261116957185
random,spatial_knn,1,ENSG00000132465,-0.09721371578485294,-0.05762775476626118,0.9904415127849104
random,spatial_knn,1,ENSG00000169442,0.14341825518076612,0.14619201882389743,1.083422884721301
random,spatial_knn,1,ENSG00000182492,-0.086917990967197,-0.07484549153794272,1.3584623514227572
random,spatial_knn,1,ENSG00000101335,0.08290908042320833,0.03980337454216513,1.0896663392427792
random,spatial_knn,1,ENSG00000105369,0.08709495283330154,0.11858444326830737,0.7546981361230367
random,spatial_knn,1,ENSG00000168542,-0.04545469437508111,-0.02203540043828557,1.2230055839915637
random,spatial_knn,1,ENSG00000204382,-0.10384433785038014,-0.09413967719675014,0.6372500063066395
random,spatial_knn,1,ENSG00000261857,-0.023891439842651026,-0.07992614582317346,1.3085119963569438
random,spatial_knn,1,ENSG00000185664,-0.15927025584403168,-0.1785539565781258,2.1214171172637135
random,spatial_knn,1,ENSG00000245532,-0.10283845338592983,-0.131479554714613,1.3074113070406996
random,spatial_knn,1,ENSG00000153064,0.01298916697613218,0.04824177126494609,0.3545116704297217
random,spatial_knn,1,ENSG00000137818,-0.02173593369289017,0.0024915190568398763,0.6599986212542134
random,spatial_knn,1,ENSG00000104921,0.10644087637167665,0.08187751649867706,0.5533210296807343
random,spatial_knn,1,ENSG00000164692,0.020596134674049922,0.03842819255688044,1.18113143155912
random,spatial_knn,1,ENSG00000160307,-0.027854269410180828,-0.06649123417685794,1.5424317580609967
random,spatial_knn,1,ENSG00000126709,-0.05566066520925338,-0.07928147059014014,1.4365620523042915
random,spatial_knn,1,ENSG00000204287,-0.039325259256268966,-0.045696708370977446,1.2427395661283527
random,spatial_knn,1,ENSG00000105664,-0.03585773172470189,0.0018238352669417582,0.5007299236245427
random,spatial_knn,1,ENSG00000227507,0.053445028849639406,0.037640566632624904,0.8452507642269214
random,spatial_knn,1,ENSG00000234745,-0.1095678776622757,-0.07142863995832663,1.3602748480530134
random,spatial_knn,1,ENSG00000104894,0.07806110623299559,0.06908840601517867,0.7771036808077079
random,spatial_knn,1,ENSG00000196092,0.06535947055380915,0.057176762593508866,0.35482050950748345
random,spatial_knn,1,ENSG00000129538,-0.14074708936710553,-0.1452029899094022,1.2814613745312569
random,spatial_knn,1,ENSG00000143341,0.03395040844968841,0.008076271248926747,1.0958907596965477
random,spatial_knn,1,ENSG00000139329,-0.014052425189378617,0.0013299735303063957,0.8227530648993793
random,spatial_knn,1,ENSG00000087086,-0.006267722060962957,-0.12030119335977713,0.8203646200171192
random,spatial_knn,1,ENSG00000140105,-0.009031232110010707,-0.0033091104370424266,1.1264384109333547
random,spatial_knn,1,ENSG00000162511,0.0005685575189777398,-0.006508948656950198,1.2239874527056587
random,spatial_knn,1,ENSG00000110799,0.128176128997599,0.12424928961563776,0.8011950209252936
random,spatial_knn,1,ENSG00000107317,0.0681040308603109,0.05406480071794357,0.8363185068858048
random,spatial_knn,1,ENSG00000173369,-0.10614023423384562,-0.1109470127275049,1.2361138376804885
random,spatial_knn,1,ENSG00000011465,-0.11002061907120203,-0.12136208393196338,0.8807554184754949
random,spatial_knn,1,ENSG00000115306,-0.0402109696777782,-0.0776641346363642,1.1599572308911146
random,spatial_knn,1,ENSG00000102879,0.07284723588366727,0.05752667031453391,0.8978620047374873
random,spatial_knn,1,ENSG00000104419,0.020380829426002087,0.03726490520653555,1.325840906218532
random,spatial_knn,1,ENSG00000255823,-0.017183387103513026,-0.013219521171276755,1.1775664922466935
random,spatial_knn,1,ENSG00000115461,-0.005202712654784768,-0.016911218187102728,1.0929404967022136
random,spatial_knn,1,ENSG00000068831,-0.017883936211309934,-0.02728628976351678,0.5809622606839056
random,spatial_knn,1,ENSG00000125730,-0.10796458996766413,-0.12648992377884005,0.8414870041507474
random,spatial_knn,1,ENSG00000206503,0.02636688316380675,0.012896823138757708,1.1529092480027456
random,spatial_knn,1,ENSG00000007312,0.0032132363196891987,0.02560730928959963,0.683640689934062
random,spatial_knn,1,ENSG00000145824,-0.11375686433038484,-0.1132534565900076,0.5786085551421724
random,spatial_knn,1,ENSG00000152556,-0.07479060384480188,-0.04459042792942934,0.6298513630630748
random,spatial_knn,1,ENSG00000273576,-0.02648285078509159,-0.03489742692581433,0.1795461161436804
random,spatial_knn,1,ENSG00000266074,-0.05934285693281244,-0.04121568295256817,0.462702658425319
random,spatial_knn,1,ENSG00000198466,-0.049213836348377754,-0.05327197904256659,0.40962964721582934
random,spatial_knn,1,ENSG00000169884,-0.0009890674934525019,0.07090021446849781,0.1315906648262372
random,spatial_knn,1,ENSG00000126001,-0.006297189679668944,-0.03937232876509823,0.44624462226233735
random,spatial_knn,1,ENSG00000185963,-0.01629002062491845,-0.002932329875563,0.5383027483003997
random,spatial_knn,1,ENSG00000215845,0.05185049839713059,0.03904883296673036,0.5558419062352875
random,spatial_knn,1,ENSG00000172936,0.008864238602152403,0.04808284284001903,0.33035741961719717
random,spatial_knn,1,ENSG00000179104,-0.05821412833201105,-0.016155514076289595,0.3580317108377695
random,spatial_knn,1,ENSG00000006282,-0.11012663920224953,-0.0978734384136811,0.7111334608251992
random,spatial_knn,1,ENSG00000188917,0.00233894744382474,0.024037889686634728,0.2832404001555952
random,spatial_knn,1,ENSG00000258130,-0.002687505453710618,0.055309126198425984,0.1634521552512524
random,spatial_knn,1,ENSG00000149418,0.08912809352278386,0.10157468405761372,0.33166626028146345
random,spatial_knn,1,ENSG00000092020,-0.04361337978166082,-0.0249478166733623,0.40483738430689636
random,spatial_knn,1,ENSG00000163564,0.04892183981569565,-0.02068819857387459,0.22365856295717737
random,spatial_knn,1,ENSG00000182185,0.002021726240265255,0.035497431100041305,0.2348264986506941
random,spatial_knn,1,ENSG00000124588,-0.13625272342813857,-0.07437204766513669,0.652830922482935
random,spatial_knn,1,ENSG00000172113,3.204382577537372e-05,0.009346252169326713,0.34496265282068894
random,spatial_knn,1,ENSG00000181450,0.004996162504841013,-0.020128024862621767,0.20595471733362644
random,spatial_knn,1,ENSG00000173706,0.1097122535073474,0.06894999913415867,0.3649284367898198
random,spatial_knn,1,ENSG00000159239,-0.017096288920275222,-0.032149543947605955,0.1764483425719583
random,spatial_knn,1,ENSG00000115474,-0.028525021109905825,-0.025571764787876334,0.2708635645565484
random,spatial_knn,1,ENSG00000162739,0.10335960974715469,0.14021775835898023,0.39166874063007623
random,spatial_knn,1,ENSG00000154175,0.07760387484667798,0.0799197436187838,0.12940622729305723
random,spatial_knn,1,ENSG00000181264,-0.04548786930261202,-0.009732646468503685,0.25564628810252715
random,spatial_knn,1,ENSG00000104643,-0.07002221671242206,-0.0956649137282509,0.2872639775607988
random,spatial_knn,1,ENSG00000116030,0.026785172547002536,0.0407937753301824,0.4597761675968412
random,spatial_knn,1,ENSG00000166192,0.03767364246409354,0.17389288657010255,0.25981452150368806
random,spatial_knn,1,ENSG00000069431,0.10486224411727564,0.05069694101297435,0.2724168784608761
random,spatial_knn,1,ENSG00000104361,0.1589713403351333,0.08893717642883806,0.3050158480520025
random,spatial_knn,1,ENSG00000121039,-0.07806420974300536,-0.06185131463785856,0.2680978769269769
random,spatial_knn,1,ENSG00000013619,-0.05741352884676307,-0.05697617711558804,0.24517266377782998
random,spatial_knn,1,ENSG00000185008,-0.03350547245549529,-0.046534208926869935,0.09031176146987842
random,spatial_knn,1,ENSG00000077984,0.08129116956068397,0.04110292102431787,0.38570494978231157
random,spatial_knn,1,ENSG00000161526,0.07238982409257386,0.0509153947293747,0.7910282818717219
random,spatial_knn,1,ENSG00000109618,-0.06361546491574693,-0.05111333438757406,0.26214905740544336
random,spatial_knn,1,ENSG00000019995,-0.02795982325960611,-0.045786201844661686,0.1527704031738301
random,spatial_knn,1,ENSG00000120314,0.0018977954535576637,0.013473224137288232,0.43126707157732735
random,spatial_knn,1,ENSG00000155749,-0.020914506740941644,-0.005955098545942786,0.19550472134384045
random,spatial_knn,1,ENSG00000129116,0.010294016603381362,-0.01490204316787734,0.601144076191761
random,spatial_knn,1,ENSG00000109743,-0.016971258337037613,-0.11994796653751032,0.25334605424975765
random,spatial_knn,1,ENSG00000089060,-0.1132843253891383,-0.10453746461237501,0.4378982059504276
random,spatial_knn,1,ENSG00000120800,0.0064818629251212284,0.0618142567243072,0.5713791526296037
random,spatial_knn,1,ENSG00000117069,0.04453588110504758,0.04853844585793406,0.28646578827990554
random,spatial_knn,1,ENSG00000104427,0.007214377527259389,-0.04217511711945466,0.3139589498931759
random,spatial_knn,1,ENSG00000268651,-0.04467066740723678,-0.0541897887955749,0.08934946642067187
random,spatial_knn,1,ENSG00000070731,0.025795204718429082,-0.0028289904730406006,0.9065907154959064
random,spatial_knn,1,ENSG00000142731,-0.07560378317966435,-0.09550194139862068,0.1969627456131645
random,spatial_knn,1,ENSG00000172578,-0.09171271724719211,-0.09278737735115127,0.2673361772290821
random,spatial_knn,1,ENSG00000172508,-0.05904155536228537,-0.07996774526033584,0.2521314072601577
random,spatial_knn,1,ENSG00000164975,0.03121708681561197,0.06288385927461775,0.3121194513476133
random,spatial_knn,1,ENSG00000147789,0.017978020654721438,0.006335601777941524,0.5167648583241649
random,spatial_knn,1,ENSG00000164330,0.04384022838763694,0.03199881089269859,0.36639910222052313
random,spatial_knn,1,ENSG00000166451,0.1717139318628807,0.08662303342276911,0.29314393144614553
random,spatial_knn,1,ENSG00000197302,0.007370030384010803,0.043293276093588684,0.30547280084054473
random,spatial_knn,1,ENSG00000168298,0.05719717521556957,0.08763912426046501,0.34902551590693703
random,spatial_knn,1,ENSG00000205238,-0.04607416470773339,-0.06440688680734315,0.18824089888971893
random,spatial_knn,1,ENSG00000137812,0.020170326593863086,0.05716238678416724,0.2405551092734213
random,spatial_knn,1,ENSG00000269439,0.17203560408761315,0.04445654775795207,0.24245501834921226
random,spatial_knn,1,ENSG00000115271,-0.0593480143275809,-0.02195799358626805,0.3679795761323608
random,spatial_knn,1,ENSG00000078596,-0.12512901641151167,-0.11065437893412604,0.5299359456566735
random,spatial_knn,1,ENSG00000162882,,,0.04075739849827657
random,spatial_knn,1,ENSG00000179820,0.09905995669283177,0.058513799474495164,0.7668478503979098
random,spatial_knn,1,ENSG00000159023,-0.009909593320235097,-0.029122092460501247,0.22753472378084535
random,spatial_knn,1,ENSG00000196873,0.028590966997189292,0.09407308548961917,0.44803620908538766
random,spatial_knn,1,ENSG00000067715,-0.03734844357735289,-0.05480827608908566,0.18430891874876323
random,spatial_knn,1,ENSG00000245164,-0.008671910414702671,0.0618360625297391,0.27677878076587403
random,spatial_knn,1,ENSG00000054967,0.041561806844457094,0.020922074780740443,0.3906317173051029
random,spatial_knn,1,ENSG00000000971,0.03582149266029568,0.02593436297419148,0.6094820619766572
random,spatial_knn,1,ENSG00000189362,-0.038478342301156425,-0.047578655071085274,0.2955324510545396
random,spatial_knn,1,ENSG00000171016,-0.034188665492086,-0.0570269868104391,0.2992775784655189
random,spatial_knn,1,ENSG00000132704,-0.012676621916296113,0.0847942313598104,0.29296672129530055
random,spatial_knn,1,ENSG00000116830,0.06593510922064676,0.10510167073658601,0.3188198630364427
random,spatial_knn,1,ENSG00000171241,-0.06371967598197936,-0.046129400292984374,0.4809475346837657
random,spatial_knn,1,ENSG00000136504,0.004555152261236143,-0.015885903692213352,0.4407058904521224
random,spatial_knn,1,ENSG00000169629,0.026922439041065234,0.04842509466520776,0.23458250591929225
random,spatial_knn,1,ENSG00000274419,-0.03491161977307951,-0.08682288145700406,0.5440172719731664
random,spatial_knn,1,ENSG00000141480,0.061555386620810004,0.07069801827369636,0.6473376458888447
random,spatial_knn,1,ENSG00000042980,0.14729699012249706,0.1029707517221414,0.24139129002194526
random,spatial_knn,1,ENSG00000122122,0.07001640220971649,0.1543032340886292,0.454078160197061
random,spatial_knn,1,ENSG00000077585,0.03154930617807728,0.06634764112825191,0.37730572337165474
random,spatial_knn,1,ENSG00000140323,-0.013649215112447776,0.02016897618416862,0.15958067830816677
random,spatial_knn,1,ENSG00000125266,-0.13134670945798216,-0.1415951583035166,0.35672854387752057
random,spatial_knn,1,ENSG00000167685,-0.07657760893949307,-0.05149909446307083,0.4760850907947788
random,spatial_knn,1,ENSG00000219626,-0.09767187470975786,-0.1217877620322098,0.209579843404289
random,spatial_knn,1,ENSG00000101811,0.025883391800873127,0.01921135674732552,0.23149692188212945
random,spatial_knn,1,ENSG00000196664,0.06355268900863494,0.08139346808937636,0.16019052145239235
random,spatial_knn,1,ENSG00000128578,-0.0490286102906798,0.048152493851828335,0.39463689350784303
random,spatial_knn,1,ENSG00000177463,-0.040433938193751504,-0.04020355554955253,0.40195952429545373
random,spatial_knn,1,ENSG00000135365,0.030468535446969723,0.05451922837397516,0.4930445030112872
random,spatial_knn,1,ENSG00000185189,0.05877972667963889,0.05790497269942422,0.5444743772645414
random,spatial_knn,1,ENSG00000264575,-0.027431738511238472,-0.03533216210894204,0.08324626118542229
random,spatial_knn,1,ENSG00000163683,-0.07782752643507997,-0.029432404692240014,0.5193646377770736
random,spatial_knn,1,ENSG00000158966,0.017429433962875326,0.05213184334901281,0.11299385252077834
random,spatial_knn,1,ENSG00000182162,0.07648635928040629,0.08827494685697139,0.22898261261574793
random,spatial_knn,1,ENSG00000168071,0.0847692582537964,0.09993906560466245,0.5130666640949807
random,spatial_knn,1,ENSG00000079101,0.053293706462341696,0.07136594585691526,0.11973572515473584
random,spatial_knn,1,ENSG00000196476,-0.045407870494059595,0.002208235456078553,0.3077978388094587
random,spatial_knn,1,ENSG00000231106,-0.03526917931396041,-0.05233421455536924,0.12863673285498387
random,mean,2,ENSG00000281383,,,1.2166509628295898
random,mean,2,ENSG00000251562,,,0.8405564427375793
random,mean,2,ENSG00000137077,,,1.220371127128601
random,mean,2,ENSG00000254709,,,1.4466654062271118
random,mean,2,ENSG00000118785,,,1.3622947931289673
random,mean,2,ENSG00000108821,0.0,,1.2909107208251953
random,mean,2,ENSG00000156738,,,0.8930820822715759
random,mean,2,ENSG00000019582,0.0,,1.2290866374969482
random,mean,2,ENSG00000132465,0.0,,1.050593614578247
random,mean,2,ENSG00000169442,0.0,,1.1482114791870117
random,mean,2,ENSG00000182492,0.0,,1.2474806308746338
random,mean,2,ENSG00000101335,0.0,,1.045731782913208
random,mean,2,ENSG00000105369,,,0.7981483936309814
random,mean,2,ENSG00000168542,,,1.2053431272506714
random,mean,2,ENSG00000204382,,,0.5363559126853943
random,mean,2,ENSG00000261857,,,1.3032875061035156
random,mean,2,ENSG00000185664,,,2.044316291809082
random,mean,2,ENSG00000245532,,,1.1504708528518677
random,mean,2,ENSG00000153064,,,0.4237716495990753
random,mean,2,ENSG00000137818,0.0,,0.4120486080646515
random,mean,2,ENSG00000104921,,,0.5232755541801453
random,mean,2,ENSG00000164692,,,1.1151357889175415
random,mean,2,ENSG00000160307,,,1.6135426759719849
random,mean,2,ENSG00000126709,,,1.3238388299942017
random,mean,2,ENSG00000204287,0.0,,1.1568717956542969
random,mean,2,ENSG00000105664,0.0,,0.5986515283584595
random,mean,2,ENSG00000227507,,,0.930436372756958
random,mean,2,ENSG00000234745,,,1.2363042831420898
random,mean,2,ENSG00000104894,,,0.7626554369926453
random,mean,2,ENSG00000196092,,,0.37991929054260254
random,mean,2,ENSG00000129538,,,1.1810897588729858
random,mean,2,ENSG00000143341,0.0,,0.9765996336936951
random,mean,2,ENSG00000139329,,,0.8749828934669495
random,mean,2,ENSG00000087086,0.0,,0.6681039333343506
random,mean,2,ENSG00000140105,,,1.081363558769226
random,mean,2,ENSG00000162511,0.0,,1.1395151615142822
random,mean,2,ENSG00000110799,,,0.8761938214302063
random,mean,2,ENSG00000107317,,,0.7949451208114624
random,mean,2,ENSG00000173369,,,1.1140143871307373
random,mean,2,ENSG00000011465,0.0,,0.8408910036087036
random,mean,2,ENSG00000115306,,,0.9821089506149292
random,mean,2,ENSG00000102879,,,0.8734367489814758
random,mean,2,ENSG00000104419,0.0,,1.2257790565490723
random,mean,2,ENSG00000255823,,,1.1538442373275757
random,mean,2,ENSG00000115461,,,1.0442348718643188
random,mean,2,ENSG00000068831,,,0.6073370575904846
random,mean,2,ENSG00000125730,,,0.7601034641265869
random,mean,2,ENSG00000206503,0.0,,1.034926414489746
random,mean,2,ENSG00000007312,0.0,,0.8511566519737244
random,mean,2,ENSG00000145824,0.0,,0.5005099773406982
random,mean,2,ENSG00000152556,,,0.5768905282020569
random,mean,2,ENSG00000273576,,,0.10737777501344681
random,mean,2,ENSG00000266074,,,0.3068310618400574
random,mean,2,ENSG00000198466,0.0,,0.41126593947410583
random,mean,2,ENSG00000169884,,,0.23503223061561584
random,mean,2,ENSG00000126001,0.0,,0.4414636790752411
random,mean,2,ENSG00000185963,,,0.5301734805107117
random,mean,2,ENSG00000215845,,,0.41069453954696655
random,mean,2,ENSG00000172936,,,0.4252775013446808
random,mean,2,ENSG00000179104,0.0,,0.35136649012565613
random,mean,2,ENSG00000006282,,,0.727486252784729
random,mean,2,ENSG00000188917,,,0.24557983875274658
random,mean,2,ENSG00000258130,0.0,,0.1900048553943634
random,mean,2,ENSG00000149418,,,0.19034405052661896
random,mean,2,ENSG00000092020,,,0.3823186159133911
random,mean,2,ENSG00000163564,,,0.25657764077186584
random,mean,2,ENSG00000182185,0.0,,0.12774111330509186
random,mean,2,ENSG00000124588,0.0,,0.6709029674530029
random,mean,2,ENSG00000172113,,,0.3483870029449463
random,mean,2,ENSG00000181450,,,0.17096032202243805
random,mean,2,ENSG00000173706,,,0.46316421031951904
random,mean,2,ENSG00000159239,0.0,,0.19931724667549133
random,mean,2,ENSG00000115474,,,0.3451465964317322
random,mean,2,ENSG00000162739,,,0.31901854276657104
random,mean,2,ENSG00000154175,,,0.3382052481174469
random,mean,2,ENSG00000181264,0.0,,0.19422611594200134
random,mean,2,ENSG00000104643,,,0.2824770510196686
random,mean,2,ENSG00000116030,,,0.3893696367740631
random,mean,2,ENSG00000166192,,,0.014535519294440746
random,mean,2,ENSG00000069431,,,0.2158217430114746
random,mean,2,ENSG00000104361,,,0.18962471187114716
random,mean,2,ENSG00000121039,,,0.32475969195365906
random,mean,2,ENSG00000013619,0.0,,0.19937017560005188
random,mean,2,ENSG00000185008,,,0.12590722739696503
random,mean,2,ENSG00000077984,0.0,,0.3100062310695648
random,mean,2,ENSG00000161526,,,0.7440373301506042
random,mean,2,ENSG00000109618,,,0.2518795132637024
random,mean,2,ENSG00000019995,,,0.17944738268852234
random,mean,2,ENSG00000120314,,,0.4283306300640106
random,mean,2,ENSG00000155749,,,0.26369568705558777
random,mean,2,ENSG00000129116,,,0.5466597080230713
random,mean,2,ENSG00000109743,,,0.22078976035118103
random,mean,2,ENSG00000089060,,,0.4824727475643158
random,mean,2,ENSG00000120800,,,0.558467447757721
random,mean,2,ENSG00000117069,,,0.21191705763339996
random,mean,2,ENSG00000104427,,,0.13323287665843964
random,mean,2,ENSG00000268651,,,0.04059050232172012
random,mean,2,ENSG00000070731,0.0,,0.817410945892334
random,mean,2,ENSG00000142731,,,0.11703836172819138
random,mean,2,ENSG00000172578,,,0.3808145225048065
random,mean,2,ENSG00000172508,0.0,,0.188418447971344
random,mean,2,ENSG00000164975,,,0.36979272961616516
random,mean,2,ENSG00000147789,,,0.44466665387153625
random,mean,2,ENSG00000164330,,,0.3462845981121063
random,mean,2,ENSG00000166451,0.0,,0.23943984508514404
random,mean,2,ENSG00000197302,,,0.19515083730220795
random,mean,2,ENSG00000168298,,,0.3005690276622772
random,mean,2,ENSG00000205238,,,0.17851747572422028
random,mean,2,ENSG00000137812,,,0.28126290440559387
random,mean,2,ENSG00000269439,,,0.15221498906612396
random,mean,2,ENSG00000115271,,,0.24896679818630219
random,mean,2,ENSG00000078596,,,0.6313510537147522
random,mean,2,ENSG00000162882,,,0.1268095225095749
random,mean,2,ENSG00000179820,0.0,,0.6687479615211487
random,mean,2,ENSG00000159023,0.0,,0.29790404438972473
random,mean,2,ENSG00000196873,,,0.45271745324134827
random,mean,2,ENSG00000067715,,,0.14196014404296875
random,mean,2,ENSG00000245164,,,0.2326672524213791
random,mean,2,ENSG00000054967,,,0.32493093609809875
random,mean,2,ENSG00000000971,0.0,,0.6691839098930359
random,mean,2,ENSG00000189362,,,0.23123209178447723
random,mean,2,ENSG00000171016,,,0.15020185708999634
random,mean,2,ENSG00000132704,0.0,,0.34212949872016907
random,mean,2,ENSG00000116830,,,0.3092309832572937
random,mean,2,ENSG00000171241,,,0.3329957127571106
random,mean,2,ENSG00000136504,0.0,,0.4304715394973755
random,mean,2,ENSG00000169629,,,0.09075871109962463
random,mean,2,ENSG00000274419,,,0.5071176290512085
random,mean,2,ENSG00000141480,0.0,,0.6248498558998108
random,mean,2,ENSG00000042980,0.0,,0.3069886565208435
random,mean,2,ENSG00000122122,,,0.43532708287239075
random,mean,2,ENSG00000077585,0.0,,0.4132925868034363
random,mean,2,ENSG00000140323,,,0.15680818259716034
random,mean,2,ENSG00000125266,,,0.2567405104637146
random,mean,2,ENSG00000167685,,,0.4619075357913971
random,mean,2,ENSG00000219626,,,0.25195813179016113
random,mean,2,ENSG00000101811,0.0,,0.243184894323349
random,mean,2,ENSG00000196664,,,0.16377153992652893
random,mean,2,ENSG00000128578,,,0.35991525650024414
random,mean,2,ENSG00000177463,,,0.3391319215297699
random,mean,2,ENSG00000135365,,,0.5335754752159119
random,mean,2,ENSG00000185189,,,0.4812920391559601
random,mean,2,ENSG00000264575,,,0.04129986837506294
random,mean,2,ENSG00000163683,,,0.5381752848625183
random,mean,2,ENSG00000158966,,,0.07432430237531662
random,mean,2,ENSG00000182162,,,0.3026719093322754
random,mean,2,ENSG00000168071,,,0.5699639916419983
random,mean,2,ENSG00000079101,,,0.11196800321340561
random,mean,2,ENSG00000196476,,,0.20746257901191711
random,mean,2,ENSG00000231106,,,0.17924727499485016
random,pca_ridge,2,ENSG00000281383,0.7444606314199618,0.7530731319407842,0.8151185512542725
random,pca_ridge,2,ENSG00000251562,0.6723768506046874,0.6940100049007368,0.6234750747680664
random,pca_ridge,2,ENSG00000137077,0.7091942193431646,0.6324577399899309,0.8585096597671509
random,pca_ridge,2,ENSG00000254709,0.7192799006083104,0.6464766820955993,1.0071406364440918
random,pca_ridge,2,ENSG00000118785,0.7537663531454012,0.6530891202650345,0.9006864428520203
random,pca_ridge,2,ENSG00000108821,0.6671295216860939,0.6468092112920305,0.9618080854415894
random,pca_ridge,2,ENSG00000156738,0.7801252858109484,0.6145838689877527,0.5581567287445068
random,pca_ridge,2,ENSG00000019582,0.7823997575414386,0.7968693147119388,0.7651010155677795
random,pca_ridge,2,ENSG00000132465,0.5865739031310198,0.5056591076624117,0.8511286973953247
random,pca_ridge,2,ENSG00000169442,0.7817071565570229,0.6470025507105479,0.7169684767723083
random,pca_ridge,2,ENSG00000182492,0.7394013162008959,0.704241283797337,0.8396597504615784
random,pca_ridge,2,ENSG00000101335,0.4956875848326799,0.5016881097326334,0.9121077060699463
random,pca_ridge,2,ENSG00000105369,0.7261843355102245,0.5082659274470485,0.5485451221466064
random,pca_ridge,2,ENSG00000168542,0.6091651404245498,0.5687760210867102,0.964514970779419
random,pca_ridge,2,ENSG00000204382,0.6819419720323221,0.5076259144704978,0.3959626257419586
random,pca_ridge,2,ENSG00000261857,0.8345510206347474,0.8438130668430205,0.721009373664856
random,pca_ridge,2,ENSG00000185664,0.9209377717964745,0.8442944949621888,0.7967106699943542
random,pca_ridge,2,ENSG00000245532,0.7531995641803645,0.7516629724486872,0.7570646405220032
random,pca_ridge,2,ENSG00000153064,0.473806943828946,0.3645488311475872,0.3733372688293457
random,pca_ridge,2,ENSG00000137818,0.4079993996017209,0.38837840818017444,0.37956079840660095
random,pca_ridge,2,ENSG00000104921,0.5104216671790093,0.4005963320945948,0.44938963651657104
random,pca_ridge,2,ENSG00000164692,0.580258426964933,0.5747023522411875,0.9090762138366699
random,pca_ridge,2,ENSG00000160307,0.898047868896071,0.9074073428079397,0.7147747278213501
random,pca_ridge,2,ENSG00000126709,0.7611850223007608,0.7503393009157344,0.8582310080528259
random,pca_ridge,2,ENSG00000204287,0.7342526180304559,0.7323368648056402,0.7853224277496338
random,pca_ridge,2,ENSG00000105664,0.5052337911826151,0.446829002235539,0.5199080109596252
random,pca_ridge,2,ENSG00000227507,0.7526925665356782,0.6073425387402,0.6105818748474121
random,pca_ridge,2,ENSG00000234745,0.7763294904490117,0.7962963039807871,0.779626190662384
random,pca_ridge,2,ENSG00000104894,0.7318966865697879,0.5346915917414393,0.5226842761039734
random,pca_ridge,2,ENSG00000196092,0.5354195766044715,0.385391197269624,0.32389211654663086
random,pca_ridge,2,ENSG00000129538,0.7362461238971889,0.7345775465592137,0.8027788400650024
random,pca_ridge,2,ENSG00000143341,0.6972032567280079,0.649873902119344,0.6994395852088928
random,pca_ridge,2,ENSG00000139329,0.437117157855447,0.4113934964617348,0.7896884083747864
random,pca_ridge,2,ENSG00000087086,0.5311957118525166,0.6139328145023536,0.5671445727348328
random,pca_ridge,2,ENSG00000140105,0.5377110785175994,0.5252430786155219,0.9105369448661804
random,pca_ridge,2,ENSG00000162511,0.7054689670113217,0.7020869749743293,0.8072347044944763
random,pca_ridge,2,ENSG00000110799,0.4801965865909674,0.48371053444486495,0.7689358592033386
random,pca_ridge,2,ENSG00000107317,0.609580383649129,0.5051503582074816,0.6324260234832764
random,pca_ridge,2,ENSG00000173369,0.6307169059674113,0.6158920216257924,0.86811763048172
random,pca_ridge,2,ENSG00000011465,0.46235431517846937,0.4302807225387586,0.7454125285148621
random,pca_ridge,2,ENSG00000115306,0.7072796948481246,0.7209768888281786,0.6942466497421265
random,pca_ridge,2,ENSG00000102879,0.6654325042463857,0.486521800578054,0.6527263522148132
random,pca_ridge,2,ENSG00000104419,0.733171568901416,0.7149528699799472,0.8332445621490479
random,pca_ridge,2,ENSG00000255823,0.6094932869360958,0.5812313561211063,0.9159167408943176
random,pca_ridge,2,ENSG00000115461,0.6689404423229185,0.6180063455650202,0.7777099609375
random,pca_ridge,2,ENSG00000068831,0.5602112215939057,0.40078085911288225,0.5021385550498962
random,pca_ridge,2,ENSG00000125730,0.5293615210865963,0.4253010756692272,0.6505360007286072
random,pca_ridge,2,ENSG00000206503,0.6736648052086314,0.7353289673939564,0.7644843459129333
random,pca_ridge,2,ENSG00000007312,0.7041729655752451,0.5577818997292273,0.6048797965049744
random,pca_ridge,2,ENSG00000145824,0.39226357542838,0.3477510005066546,0.46512457728385925
random,pca_ridge,2,ENSG00000152556,0.20260515105692858,0.24828173995977995,0.5655420422554016
random,pca_ridge,2,ENSG00000273576,-0.06052062625696511,-0.07323730529258332,0.11051585525274277
random,pca_ridge,2,ENSG00000266074,0.11324354049436763,0.1174782716642374,0.30854663252830505
random,pca_ridge,2,ENSG00000198466,0.14668642409033486,0.15871399253783652,0.40784990787506104
random,pca_ridge,2,ENSG00000169884,0.07507776106463676,0.10364607198448855,0.234328031539917
random,pca_ridge,2,ENSG00000126001,0.07019236167001432,0.09002707322442699,0.44211018085479736
random,pca_ridge,2,ENSG00000185963,0.14192080323313996,0.1471181244614435,0.5256590843200684
random,pca_ridge,2,ENSG00000215845,0.4145786572423849,0.3325453309884206,0.3748089075088501
random,pca_ridge,2,ENSG00000172936,0.1675293077841497,0.19839238895989333,0.4201280474662781
random,pca_ridge,2,ENSG00000179104,0.2207086042590223,0.2113534945822574,0.3435816466808319
random,pca_ridge,2,ENSG00000006282,0.4482879780154727,0.4163500404382797,0.6507226824760437
random,pca_ridge,2,ENSG00000188917,0.08175113941239036,0.0889019858052549,0.24528202414512634
random,pca_ridge,2,ENSG00000258130,-0.005775469473623915,-0.05917424678042578,0.1959805190563202
random,pca_ridge,2,ENSG00000149418,-0.012947237320126896,0.009106722163785507,0.19411404430866241
random,pca_ridge,2,ENSG00000092020,0.18148115870040551,0.21377422141306895,0.37650808691978455
random,pca_ridge,2,ENSG00000163564,0.1035981603069469,0.11830225356555538,0.25566366314888
random,pca_ridge,2,ENSG00000182185,0.04731090408516714,0.0365388442830404,0.12920212745666504
random,pca_ridge,2,ENSG00000124588,0.36825594842361276,0.4105979363559976,0.6239779591560364
random,pca_ridge,2,ENSG00000172113,0.04698491027905856,0.06526028995223697,0.34949564933776855
random,pca_ridge,2,ENSG00000181450,0.01152355941442406,0.03185829894086836,0.17269131541252136
random,pca_ridge,2,ENSG00000173706,0.16350923406640122,0.16533927821511554,0.4579088091850281
random,pca_ridge,2,ENSG00000159239,-0.050407724186706436,-0.020551885433173312,0.20278063416481018
random,pca_ridge,2,ENSG00000115474,0.10842409509286277,0.1733352903367409,0.3446066081523895
random,pca_ridge,2,ENSG00000162739,0.21838187627625288,0.22932378360029812,0.316278874874115
random,pca_ridge,2,ENSG00000154175,0.07360744353603486,0.1048563424310026,0.33905452489852905
random,pca_ridge,2,ENSG00000181264,0.12097024667032029,0.13986314392682692,0.1929401308298111
random,pca_ridge,2,ENSG00000104643,0.03473013730993999,0.0619147528290978,0.28480756282806396
random,pca_ridge,2,ENSG00000116030,0.31875020780535707,0.3584460581813984,0.36891359090805054
random,pca_ridge,2,ENSG00000166192,,,0.027498429641127586
random,pca_ridge,2,ENSG00000069431,0.08713979757624297,0.10746284296417613,0.21595564484596252
random,pca_ridge,2,ENSG00000104361,0.13268996825709453,0.16910865434935873,0.1942155659198761
random,pca_ridge,2,ENSG00000121039,-0.07886342523265567,-0.05078980777016536,0.3294668197631836
random,pca_ridge,2,ENSG00000013619,0.1641478373466974,0.15612697731400277,0.19664525985717773
random,pca_ridge,2,ENSG00000185008,0.15425372859361475,0.1427083966578413,0.12470901012420654
random,pca_ridge,2,ENSG00000077984,0.2505180466805173,0.2105228758531252,0.30018410086631775
random,pca_ridge,2,ENSG00000161526,0.14668090332318717,0.12965100967823126,0.7372235655784607
random,pca_ridge,2,ENSG00000109618,-0.025574676754842002,-0.0739223329537095,0.25595608353614807
random,pca_ridge,2,ENSG00000019995,0.010202891543366557,-0.018707620872001028,0.1808212697505951
random,pca_ridge,2,ENSG00000120314,0.09628105962853882,0.12764365750284634,0.4268914759159088
random,pca_ridge,2,ENSG00000155749,0.20061218328391964,0.21427173486048673,0.2588590979576111
random,pca_ridge,2,ENSG00000129116,0.17266357453250644,0.12043700381028018,0.5435053706169128
random,pca_ridge,2,ENSG00000109743,0.09474705466877927,0.14527628547756338,0.22603055834770203
random,pca_ridge,2,ENSG00000089060,-0.018582798131237078,-0.019381280815672083,0.4916733503341675
random,pca_ridge,2,ENSG00000120800,0.2633007398786153,0.2656917099282443,0.5393236875534058
random,pca_ridge,2,ENSG00000117069,0.232945516456844,0.15200751459715794,0.2066066712141037
random,pca_ridge,2,ENSG00000104427,0.1212107422769769,0.15561631808974832,0.1350797712802887
random,pca_ridge,2,ENSG00000268651,0.1603965570555069,0.10889230918502518,0.04904211685061455
random,pca_ridge,2,ENSG00000070731,0.5390822720313828,0.5007097154417649,0.6949475407600403
random,pca_ridge,2,ENSG00000142731,-0.018284075726014908,-0.019910242358279293,0.12231624126434326
random,pca_ridge,2,ENSG00000172578,0.2554985396828424,0.20740779134145546,0.3677103817462921
random,pca_ridge,2,ENSG00000172508,0.025317673501877986,0.031839685644713865,0.19078302383422852
random,pca_ridge,2,ENSG00000164975,0.16745886518098596,0.18499320344710188,0.364607036113739
random,pca_ridge,2,ENSG00000147789,0.08090393279392102,0.07272103764978849,0.4443605840206146
random,pca_ridge,2,ENSG00000164330,0.2216751823558792,0.2266871951670874,0.33786749839782715
random,pca_ridge,2,ENSG00000166451,0.17654386374529296,0.20636674482278303,0.2374916523694992
random,pca_ridge,2,ENSG00000197302,0.037538979116101594,-0.006477490371576284,0.20084837079048157
random,pca_ridge,2,ENSG00000168298,0.14451051984975727,0.154525234480625,0.2983022630214691
random,pca_ridge,2,ENSG00000205238,0.03486605537655759,0.03152494667165335,0.1796516329050064
random,pca_ridge,2,ENSG00000137812,0.22885296610830447,0.2296075613972703,0.274027556180954
random,pca_ridge,2,ENSG00000269439,-0.031440670472891896,-0.0250078730743231,0.15740437805652618
random,pca_ridge,2,ENSG00000115271,0.17103430219738913,0.22136563063411424,0.2497386932373047
random,pca_ridge,2,ENSG00000078596,0.36284478551987065,0.3595243219386288,0.5885440707206726
random,pca_ridge,2,ENSG00000162882,-0.01114498200658696,-0.003765883736532056,0.12839502096176147
random,pca_ridge,2,ENSG00000179820,0.4555025390733355,0.36475649350527684,0.5963127613067627
random,pca_ridge,2,ENSG00000159023,0.06567989489724561,0.09823615861421262,0.29798728227615356
random,pca_ridge,2,ENSG00000196873,0.018507048995990746,0.04297195796602476,0.45590445399284363
random,pca_ridge,2,ENSG00000067715,0.13694080908091025,0.1457603782868775,0.1406646966934204
random,pca_ridge,2,ENSG00000245164,0.2128649166492038,0.1773500523679739,0.23778556287288666
random,pca_ridge,2,ENSG00000054967,0.15600114820495,0.13719239692010607,0.32165512442588806
random,pca_ridge,2,ENSG00000000971,0.22883980022803707,0.2584492976504885,0.6517284512519836
random,pca_ridge,2,ENSG00000189362,0.049380660061237654,0.04063033363573393,0.23300865292549133
random,pca_ridge,2,ENSG00000171016,0.3743360272912139,0.2579628801110657,0.13910067081451416
random,pca_ridge,2,ENSG00000132704,0.45946312158944264,0.3660078318999298,0.3079510033130646
random,pca_ridge,2,ENSG00000116830,0.0628624689267709,0.10678747421732858,0.3100716471672058
random,pca_ridge,2,ENSG00000171241,0.1745103188572419,0.18404298211266631,0.32868263125419617
random,pca_ridge,2,ENSG00000136504,0.027310769462234947,0.07221989034970207,0.43406975269317627
random,pca_ridge,2,ENSG00000169629,-0.10877770848205236,-0.11045429984032137,0.1009083241224289
random,pca_ridge,2,ENSG00000274419,-0.015447869525463663,-0.003888367168318141,0.5127598643302917
random,pca_ridge,2,ENSG00000141480,0.1766817762275023,0.1675954716261559,0.6169775128364563
random,pca_ridge,2,ENSG00000042980,0.4004961695527548,0.2530456786038353,0.285035103559494
random,pca_ridge,2,ENSG00000122122,0.2990677380707987,0.2330940570788475,0.4206729829311371
random,pca_ridge,2,ENSG00000077585,0.21413369103652566,0.2548104850082542,0.40369972586631775
random,pca_ridge,2,ENSG00000140323,0.09420599145887822,0.11864592834015944,0.15628351271152496
random,pca_ridge,2,ENSG00000125266,0.15555654684243325,0.1335791387561948,0.25411200523376465
random,pca_ridge,2,ENSG00000167685,0.12911505544598967,0.13058767325852164,0.45986804366111755
random,pca_ridge,2,ENSG00000219626,0.055523707346574185,0.0696569942369346,0.25450167059898376
random,pca_ridge,2,ENSG00000101811,-0.03550611179043544,0.0051220975484720845,0.24824436008930206
random,pca_ridge,2,ENSG00000196664,-0.01625751063536512,0.010296722152553069,0.17274248600006104
random,pca_ridge,2,ENSG00000128578,0.11521138342689514,0.11000662105619637,0.3577927350997925
random,pca_ridge,2,ENSG00000177463,0.08490825905573554,0.05988696119382096,0.3408346176147461
random,pca_ridge,2,ENSG00000135365,0.13003028607689385,0.09279686716148064,0.5301865339279175
random,pca_ridge,2,ENSG00000185189,0.2993279978597086,0.3680384234971287,0.45957064628601074
random,pca_ridge,2,ENSG00000264575,-0.0011552469534434238,-0.0038545950153991227,0.045593127608299255
random,pca_ridge,2,ENSG00000163683,0.3620001141875922,0.2978292826203591,0.502457857131958
random,pca_ridge,2,ENSG00000158966,0.07977080929405517,0.04440692578523792,0.07790520787239075
random,pca_ridge,2,ENSG00000182162,0.13794391248582832,0.1322021783465424,0.30387797951698303
random,pca_ridge,2,ENSG00000168071,0.4954615181779855,0.3889288349758579,0.49650412797927856
random,pca_ridge,2,ENSG00000079101,0.15635873243509443,0.11530794775285876,0.1115751713514328
random,pca_ridge,2,ENSG00000196476,0.010311892812336708,0.06145722573332574,0.21210592985153198
random,pca_ridge,2,ENSG00000231106,0.02392960632549992,0.054942545040580125,0.18275883793830872
random,spatial_knn,2,ENSG00000281383,0.17720142611691178,0.2560459374739937,1.2552147255123773
random,spatial_knn,2,ENSG00000251562,0.22303365112175122,0.2420584944566192,0.8630837544364977
random,spatial_knn,2,ENSG00000137077,0.04236305890411355,0.049075866758285305,1.2776809513158491
random,spatial_knn,2,ENSG00000254709,-0.04675717334327347,-0.03172076232477434,1.5586900532521253
random,spatial_knn,2,ENSG00000118785,-0.06031441911667265,-0.06762447975935623,1.480286916959296
random,spatial_knn,2,ENSG00000108821,-0.15751458704120924,-0.15319290232494587,1.4326040147342134
random,spatial_knn,2,ENSG00000156738,0.06505868240579615,0.058375346857891454,0.9273784451951015
random,spatial_knn,2,ENSG00000019582,-0.06929831553303989,-0.05620281827900544,1.342750462157798
random,spatial_knn,2,ENSG00000132465,-0.034472205835240646,-0.022525994711982557,1.1076096311644354
random,spatial_knn,2,ENSG00000169442,0.05042708137319848,0.06536623183342025,1.2011906357135607
random,spatial_knn,2,ENSG00000182492,-0.10761855233742909,-0.07795415273505454,1.3524733952339805
random,spatial_knn,2,ENSG00000101335,-0.03656414433199737,-0.046312047037834925,1.1189158194080417
random,spatial_knn,2,ENSG00000105369,0.11140141654133433,0.0653171396403849,0.8179411195667055
random,spatial_knn,2,ENSG00000168542,-0.15110962287103302,-0.15551611114722,1.3356912769058091
random,spatial_knn,2,ENSG00000204382,-0.13658700637144605,-0.13041224719535316,0.5970863503275199
random,spatial_knn,2,ENSG00000261857,-0.07596229288438085,-0.08926501783388129,1.4030787059271534
random,spatial_knn,2,ENSG00000185664,-0.190492545097711,-0.24639337289599342,2.196409029537257
random,spatial_knn,2,ENSG00000245532,-0.018883493929957987,-0.03985795146631053,1.222998139814343
random,spatial_knn,2,ENSG00000153064,0.059464657035897636,0.11239450337950051,0.4365501645752051
random,spatial_knn,2,ENSG00000137818,-0.023841690948577625,-0.04246720724273724,0.4485280647895102
random,spatial_knn,2,ENSG00000104921,0.07488675173630369,0.130206579950259,0.5413628705015422
random,spatial_knn,2,ENSG00000164692,-0.0328627188831084,-0.025888347136698932,1.2053684382552223
random,spatial_knn,2,ENSG00000160307,-0.059074259540011616,-0.10390104895990333,1.7226998363875798
random,spatial_knn,2,ENSG00000126709,-0.13816015565571887,-0.14569123943315418,1.4377077963492124
random,spatial_knn,2,ENSG00000204287,-0.006938651540527627,-0.02260918070696717,1.236056140876848
random,spatial_knn,2,ENSG00000105664,0.0014987847725921482,0.04025025776461084,0.6254188107910998
random,spatial_knn,2,ENSG00000227507,0.04928978880921162,0.08281954063465838,0.9709201083400916
random,spatial_knn,2,ENSG00000234745,-0.10626462803304569,-0.08427654765328885,1.3540062413346594
random,spatial_knn,2,ENSG00000104894,0.16806126243994265,0.13625729852281443,0.7680682976876699
random,spatial_knn,2,ENSG00000196092,0.030440559820653083,0.025566230189798374,0.4016871214905499
random,spatial_knn,2,ENSG00000129538,-0.039216392490498235,-0.03414014581214574,1.2425584972427641
random,spatial_knn,2,ENSG00000143341,-0.010116957436354653,-0.011505715078236693,1.0386405948415232
random,spatial_knn,2,ENSG00000139329,-0.06333676177112241,-0.04204272661096313,0.9367662594807015
random,spatial_knn,2,ENSG00000087086,0.14447517745851415,0.012839023975283012,0.6751987411420527
random,spatial_knn,2,ENSG00000140105,-0.05704128985490542,-0.0827812174940615,1.1702550210385902
random,spatial_knn,2,ENSG00000162511,-0.0892711823435104,-0.06298254506737645,1.2428837711949012
random,spatial_knn,2,ENSG00000110799,0.08251900246134831,0.07763307337952088,0.8973934212124233
random,spatial_knn,2,ENSG00000107317,-0.06258485766850647,-0.06922462105843985,0.8613103210069942
random,spatial_knn,2,ENSG00000173369,-0.06240263070827968,-0.057242362459698874,1.1922837184704966
random,spatial_knn,2,ENSG00000011465,-0.03359601365534589,-0.04774019976246744,0.8944614210024312
random,spatial_knn,2,ENSG00000115306,-0.10382435528147639,-0.11797736379730102,1.0846801914729343
random,spatial_knn,2,ENSG00000102879,0.01617061985715403,0.055854456264644366,0.9157800025668227
random,spatial_knn,2,ENSG00000104419,0.03364812321894973,0.02820282497705992,1.2732369996052975
random,spatial_knn,2,ENSG00000255823,0.08970908208774933,0.09325625162177843,1.1908265925168016
random,spatial_knn,2,ENSG00000115461,-0.17305482829236965,-0.16733053857623398,1.1481751364021922
random,spatial_knn,2,ENSG00000068831,-0.003389896067366541,0.03331620889038176,0.6413814927410388
random,spatial_knn,2,ENSG00000125730,-0.024105454994823246,0.0005474564919722584,0.812949160178614
random,spatial_knn,2,ENSG00000206503,-0.005240366861813942,-0.04230591644709217,1.096701039907934
random,spatial_knn,2,ENSG00000007312,0.06999207238234667,0.06751168238065476,0.8793197876559076
random,spatial_knn,2,ENSG00000145824,-0.07403988752584133,-0.06387272394683148,0.5511692989459197
random,spatial_knn,2,ENSG00000152556,-0.034532128787534706,-0.023146133645491358,0.6059572480288281
random,spatial_knn,2,ENSG00000273576,-0.02893546817318781,-0.033664326564460195,0.11117420738542123
random,spatial_knn,2,ENSG00000266074,0.008970435499720824,0.051773450285994865,0.3304953204808595
random,spatial_knn,2,ENSG00000198466,-0.009308686410919228,0.014519417022755759,0.43055662015647966
random,spatial_knn,2,ENSG00000169884,-0.0284555744795148,-0.006962430573751622,0.23845925500069867
random,spatial_knn,2,ENSG00000126001,-0.0728249654889691,-0.07714407826344791,0.46700293992551495
random,spatial_knn,2,ENSG00000185963,-0.02097466598791576,-0.012312215242839724,0.5633076483591513
random,spatial_knn,2,ENSG00000215845,0.06314606256025901,0.10312868313043379,0.42934853103766357
random,spatial_knn,2,ENSG00000172936,-0.03430483381681049,0.003079867378444801,0.4504663086220724
random,spatial_knn,2,ENSG00000179104,-0.01611143919387888,0.023442903722066033,0.3661876231925104
random,spatial_knn,2,ENSG00000006282,-0.0687669270023712,-0.11830250461406992,0.779635430436811
random,spatial_knn,2,ENSG00000188917,-0.05272638879968819,-0.01240905561357791,0.2636959910322259
random,spatial_knn,2,ENSG00000258130,-0.02503961914318925,-0.017940870052367285,0.20389868590885354
random,spatial_knn,2,ENSG00000149418,0.0308155965157254,-0.0017335701678382663,0.20337683291084505
random,spatial_knn,2,ENSG00000092020,-0.04330085101676965,-0.019322099749817086,0.4188074058954283
random,spatial_knn,2,ENSG00000163564,0.25059023457185026,0.11099141191677679,0.2491500889460567
random,spatial_knn,2,ENSG00000182185,-0.07360328956742557,-0.09049446019865283,0.13609538518770015
random,spatial_knn,2,ENSG00000124588,-0.06511606145195721,-0.06470522129318751,0.7115345260671847
random,spatial_knn,2,ENSG00000172113,-0.03583613113342776,-0.02729529796837314,0.3651794247313808
random,spatial_knn,2,ENSG00000181450,0.023995241425362718,0.05553536023773795,0.17894018624167585
random,spatial_knn,2,ENSG00000173706,0.014248816891666502,0.07056057827250076,0.4891209168446733
random,spatial_knn,2,ENSG00000159239,-0.03641766722733226,-0.054354955169575545,0.20784022709496694
random,spatial_knn,2,ENSG00000115474,-0.08670596229038355,-0.09281417962550245,0.35577194433407855
random,spatial_knn,2,ENSG00000162739,0.005401517776641087,0.015224177220339597,0.3402596999413421
random,spatial_knn,2,ENSG00000154175,-0.05908995485388375,-0.09305238556698613,0.3512545234532855
random,spatial_knn,2,ENSG00000181264,-0.038867083433365306,-0.013324653754740444,0.2076397724932114
random,spatial_knn,2,ENSG00000104643,-0.020950438933712928,-0.022486043860914587,0.3062790019219524
random,spatial_knn,2,ENSG00000116030,-0.06803783138063633,-0.04767886147212893,0.42409569736118724
random,spatial_knn,2,ENSG00000166192,,,0.0492644991347072
random,spatial_knn,2,ENSG00000069431,-0.05060453193862087,-0.07106369935778972,0.2310248998554339
random,spatial_knn,2,ENSG00000104361,0.009260306176404422,0.05802804629930652,0.20613312256363217
random,spatial_knn,2,ENSG00000121039,0.013699872161815204,0.047711414040931696,0.3302913071902721
random,spatial_knn,2,ENSG00000013619,-0.03101677319542509,-0.011243183112476194,0.21174001570897868
random,spatial_knn,2,ENSG00000185008,-0.03374050432452662,-0.054042594498723596,0.14207771813701142
random,spatial_knn,2,ENSG00000077984,-0.06149057162005974,-0.03597453496188937,0.34352579497881686
random,spatial_knn,2,ENSG00000161526,-0.031614048446824486,0.022749528135016652,0.7937655151727278
random,spatial_knn,2,ENSG00000109618,-0.007435338933857269,0.004370164427886675,0.27122852142402576
random,spatial_knn,2,ENSG00000019995,-0.03455709005538878,-0.05925235104729632,0.19608896672228995
random,spatial_knn,2,ENSG00000120314,0.0864486303951939,0.04496204053601863,0.4325672620695944
random,spatial_knn,2,ENSG00000155749,-0.019005893743895424,-0.009362382874132854,0.26875709449262647
random,spatial_knn,2,ENSG00000129116,0.04594376934428822,0.05178026346879834,0.5807426189515729
random,spatial_knn,2,ENSG00000109743,0.10056054491803137,0.11014646690815487,0.22919840659216756
random,spatial_knn,2,ENSG00000089060,0.049481758770110795,0.026192800452578578,0.49205844188250597
random,spatial_knn,2,ENSG00000120800,0.04339803637281449,0.05763633967784222,0.5751588163685089
random,spatial_knn,2,ENSG00000117069,-0.017383894194822842,-0.01649307805759554,0.2178894665276783
random,spatial_knn,2,ENSG00000104427,0.07316425914728479,0.02244861110824499,0.1481823347640343
random,spatial_knn,2,ENSG00000268651,-0.024777616204294757,-0.03241711747391814,0.054854209606787815
random,spatial_knn,2,ENSG00000070731,-0.056443910754182536,-0.02710898541385558,0.867601749950129
random,spatial_knn,2,ENSG00000142731,0.13220672290669805,0.1684912775828663,0.11922352059647615
random,spatial_knn,2,ENSG00000172578,-0.03249012757360976,-0.018417922906764073,0.3982775274103846
random,spatial_knn,2,ENSG00000172508,-0.04019800977821443,-0.02165517374504314,0.20005011533748485
random,spatial_knn,2,ENSG00000164975,-0.05361323562277617,-0.039591585954285316,0.4016631029754277
random,spatial_knn,2,ENSG00000147789,-0.029176802606273384,0.00838315370713998,0.4748049398826607
random,spatial_knn,2,ENSG00000164330,0.00409871728822274,0.03348969177392983,0.3546484875514837
random,spatial_knn,2,ENSG00000166451,-0.005419334745502192,0.06465972948316887,0.2732393624421103
random,spatial_knn,2,ENSG00000197302,-0.06351800706536441,-0.03467122129039457,0.2184297875507801
random,spatial_knn,2,ENSG00000168298,0.07852630922459002,0.11625967547462518,0.3059665838532268
random,spatial_knn,2,ENSG00000205238,-0.03620529826166959,-0.05711435517669951,0.20042172126633967
random,spatial_knn,2,ENSG00000137812,0.018972298429323447,0.06459686604871324,0.2906861831330168
random,spatial_knn,2,ENSG00000269439,-0.04625991934914163,-0.06282680105291721,0.16391090984058754
random,spatial_knn,2,ENSG00000115271,0.02694038186018075,0.08536884053636822,0.2831414907375214
random,spatial_knn,2,ENSG00000078596,-0.04472138034183707,-0.03174486256286492,0.6680411793694537
random,spatial_knn,2,ENSG00000162882,-0.03434157092978246,-0.04048062979293332,0.1303352964214266
random,spatial_knn,2,ENSG00000179820,-0.04189759192829425,-0.04285594656725024,0.7254296398631904
random,spatial_knn,2,ENSG00000159023,-0.035449645468658864,-0.05399731120283726,0.31711998398490027
random,spatial_knn,2,ENSG00000196873,0.10094518356617671,0.11544538629780389,0.4565640169790204
random,spatial_knn,2,ENSG00000067715,-0.03827644528890735,-0.046578415241556585,0.1447198389944518
random,spatial_knn,2,ENSG00000245164,-0.05955372314256325,-0.017360462441190553,0.2565818825047088
random,spatial_knn,2,ENSG00000054967,0.018358206838680478,-0.02517268230115866,0.3512532021799749
random,spatial_knn,2,ENSG00000000971,0.018971258432427807,-0.007504547923394839,0.6924692100387048
random,spatial_knn,2,ENSG00000189362,-0.031064974476520835,-0.006696307816667586,0.2529450763289254
random,spatial_knn,2,ENSG00000171016,0.01620569665504611,0.03912700202529338,0.15935185299883478
random,spatial_knn,2,ENSG00000132704,0.04137607761336976,0.08101141405109868,0.3463791053177651
random,spatial_knn,2,ENSG00000116830,0.006447924352010633,-0.023732124572647954,0.3284535862740086
random,spatial_knn,2,ENSG00000171241,-0.041940655130170305,0.05722626178310469,0.35737705787460505
random,spatial_knn,2,ENSG00000136504,-0.10115174575802643,-0.061451355075768106,0.4577830350002877
random,spatial_knn,2,ENSG00000169629,-0.03729602768699549,-0.052904958809101454,0.11032605623448231
random,spatial_knn,2,ENSG00000274419,0.001921269610065762,0.009615314303171899,0.523043972234199
random,spatial_knn,2,ENSG00000141480,0.055733281352926094,0.04617204606839397,0.6480625347767031
random,spatial_knn,2,ENSG00000042980,-0.06388385832217708,-0.030683983600699162,0.3322422380935157
random,spatial_knn,2,ENSG00000122122,0.02674300921332631,0.032475159738916,0.4588792493885679
random,spatial_knn,2,ENSG00000077585,0.02230962863006747,0.07343165521172931,0.43762813261498995
random,spatial_knn,2,ENSG00000140323,-0.038147096507212666,-0.04891663455721603,0.16290430009258244
random,spatial_knn,2,ENSG00000125266,0.06664545317989959,0.10299842983017929,0.27798895002085783
random,spatial_knn,2,ENSG00000167685,-0.012199072544104177,-0.05637454854581246,0.4819854766195978
random,spatial_knn,2,ENSG00000219626,-0.1287549706141567,-0.15755648081312904,0.2686740683331147
random,spatial_knn,2,ENSG00000101811,-0.06382312065543093,-0.024285045035406353,0.25265043591117187
random,spatial_knn,2,ENSG00000196664,-0.015737753930842417,-0.0372657943619772,0.17957605501387222
random,spatial_knn,2,ENSG00000128578,0.03466129862091529,0.12381059131020763,0.37046883153922433
random,spatial_knn,2,ENSG00000177463,-0.07935114288507682,-0.07826209870334486,0.36400112339345697
random,spatial_knn,2,ENSG00000135365,-0.03336890373817467,-0.00027001062366284446,0.5565583930332401
random,spatial_knn,2,ENSG00000185189,-0.04989815147772529,-0.021198711544099295,0.5237241925533641
random,spatial_knn,2,ENSG00000264575,-0.01864149858184332,-0.025862611326560467,0.0610280375474443
random,spatial_knn,2,ENSG00000163683,-0.02321475925608834,-0.027008481822569923,0.5729807920902149
random,spatial_knn,2,ENSG00000158966,-0.04517903152391978,-0.06141280301394097,0.09262818230524714
random,spatial_knn,2,ENSG00000182162,-0.019622539051728973,0.01631700925617257,0.33109369075384926
random,spatial_knn,2,ENSG00000168071,0.005490270921121957,-0.002921580133596578,0.5975153416811865
random,spatial_knn,2,ENSG00000079101,-0.055242158739224285,-0.07432871845977654,0.12120723566601606
random,spatial_knn,2,ENSG00000196476,-0.04734529023872528,-0.04327467064113403,0.22528659251698593
random,spatial_knn,2,ENSG00000231106,-0.021387745461315322,0.015468140101956851,0.18792568512275276
random,mean,3,ENSG00000281383,,,1.1713693141937256
random,mean,3,ENSG00000251562,,,1.036948800086975
random,mean,3,ENSG00000137077,,,1.015545129776001
random,mean,3,ENSG00000254709,,,1.2155804634094238
random,mean,3,ENSG00000118785,,,1.2803399562835693
random,mean,3,ENSG00000108821,,,1.279235601425171
random,mean,3,ENSG00000156738,,,0.7709621787071228
random,mean,3,ENSG00000019582,0.0,,1.2383713722229004
random,mean,3,ENSG00000132465,,,0.8498823642730713
random,mean,3,ENSG00000169442,,,1.0418875217437744
random,mean,3,ENSG00000182492,0.0,,1.2993606328964233
random,mean,3,ENSG00000101335,0.0,,1.0562688112258911
random,mean,3,ENSG00000105369,0.0,,0.6962834000587463
random,mean,3,ENSG00000168542,,,1.1721434593200684
random,mean,3,ENSG00000204382,,,0.5410258769989014
random,mean,3,ENSG00000261857,0.0,,1.1562005281448364
random,mean,3,ENSG00000185664,0.0,,2.039740562438965
random,mean,3,ENSG00000245532,,,1.2213343381881714
random,mean,3,ENSG00000153064,0.0,,0.23700188100337982
random,mean,3,ENSG00000137818,0.0,,0.49261894822120667
random,mean,3,ENSG00000104921,,,0.39623764157295227
random,mean,3,ENSG00000164692,0.0,,1.0994716882705688
random,mean,3,ENSG00000160307,,,1.4298006296157837
random,mean,3,ENSG00000126709,,,1.3538264036178589
random,mean,3,ENSG00000204287,,,1.1215393543243408
random,mean,3,ENSG00000105664,0.0,,0.4968840479850769
random,mean,3,ENSG00000227507,,,0.7673187255859375
random,mean,3,ENSG00000234745,,,1.3395863771438599
random,mean,3,ENSG00000104894,,,0.6407715678215027
random,mean,3,ENSG00000196092,,,0.43292567133903503
random,mean,3,ENSG00000129538,,,1.1754652261734009
random,mean,3,ENSG00000143341,,,1.0207555294036865
random,mean,3,ENSG00000139329,0.0,,0.8319924473762512
random,mean,3,ENSG00000087086,,,0.675761342048645
random,mean,3,ENSG00000140105,,,1.028800368309021
random,mean,3,ENSG00000162511,,,1.1139411926269531
random,mean,3,ENSG00000110799,,,0.8315744996070862
random,mean,3,ENSG00000107317,,,0.6981748342514038
random,mean,3,ENSG00000173369,,,1.161466121673584
random,mean,3,ENSG00000011465,0.0,,0.7529661655426025
random,mean,3,ENSG00000115306,0.0,,1.0500671863555908
random,mean,3,ENSG00000102879,0.0,,0.8531712889671326
random,mean,3,ENSG00000104419,,,1.306746482849121
random,mean,3,ENSG00000255823,0.0,,1.1236845254898071
random,mean,3,ENSG00000115461,,,1.086984634399414
random,mean,3,ENSG00000068831,,,0.47749707102775574
random,mean,3,ENSG00000125730,,,0.6402996182441711
random,mean,3,ENSG00000206503,,,1.1476984024047852
random,mean,3,ENSG00000007312,,,0.6509158611297607
random,mean,3,ENSG00000145824,,,0.4664350748062134
random,mean,3,ENSG00000152556,,,0.497957706451416
random,mean,3,ENSG00000273576,,,0.0999382734298706
random,mean,3,ENSG00000266074,,,0.34110915660858154
random,mean,3,ENSG00000198466,,,0.4183924198150635
random,mean,3,ENSG00000169884,,,0.18638058006763458
random,mean,3,ENSG00000126001,,,0.46009165048599243
random,mean,3,ENSG00000185963,,,0.5124238729476929
random,mean,3,ENSG00000215845,,,0.4191933870315552
random,mean,3,ENSG00000172936,,,0.4276108145713806
random,mean,3,ENSG00000179104,,,0.39750543236732483
random,mean,3,ENSG00000006282,,,0.6829244494438171
random,mean,3,ENSG00000188917,,,0.2663055658340454
random,mean,3,ENSG00000258130,,,0.14175739884376526
random,mean,3,ENSG00000149418,,,0.2170400172472
random,mean,3,ENSG00000092020,0.0,,0.382363885641098
random,mean,3,ENSG00000163564,,,0.13960514962673187
random,mean,3,ENSG00000182185,,,0.1756354719400406
random,mean,3,ENSG00000124588,,,0.631707489490509
random,mean,3,ENSG00000172113,,,0.3138960897922516
random,mean,3,ENSG00000181450,,,0.23828795552253723
random,mean,3,ENSG00000173706,0.0,,0.5022311210632324
random,mean,3,ENSG00000159239,0.0,,0.21575848758220673
random,mean,3,ENSG00000115474,0.0,,0.26987403631210327
random,mean,3,ENSG00000162739,,,0.34481656551361084
random,mean,3,ENSG00000154175,0.0,,0.17474597692489624
random,mean,3,ENSG00000181264,0.0,,0.22302226722240448
random,mean,3,ENSG00000104643,,,0.26955854892730713
random,mean,3,ENSG00000116030,,,0.44000789523124695
random,mean,3,ENSG00000166192,,,0.014656119979918003
random,mean,3,ENSG00000069431,,,0.06917069107294083
random,mean,3,ENSG00000104361,,,0.24275603890419006
random,mean,3,ENSG00000121039,,,0.2848623991012573
random,mean,3,ENSG00000013619,,,0.21413487195968628
random,mean,3,ENSG00000185008,0.0,,0.11623185127973557
random,mean,3,ENSG00000077984,,,0.2757765054702759
random,mean,3,ENSG00000161526,0.0,,0.6849347352981567
random,mean,3,ENSG00000109618,0.0,,0.1911754608154297
random,mean,3,ENSG00000019995,,,0.17044363915920258
random,mean,3,ENSG00000120314,,,0.43178752064704895
random,mean,3,ENSG00000155749,0.0,,0.19165809452533722
random,mean,3,ENSG00000129116,,,0.5387930870056152
random,mean,3,ENSG00000109743,0.0,,0.3677164316177368
random,mean,3,ENSG00000089060,,,0.35088542103767395
random,mean,3,ENSG00000120800,,,0.6389893889427185
random,mean,3,ENSG00000117069,,,0.22122353315353394
random,mean,3,ENSG00000104427,,,0.20020630955696106
random,mean,3,ENSG00000268651,0.0,,0.14832167327404022
random,mean,3,ENSG00000070731,,,0.789085328578949
random,mean,3,ENSG00000142731,,,0.19829519093036652
random,mean,3,ENSG00000172578,,,0.27378320693969727
random,mean,3,ENSG00000172508,,,0.19547750055789948
random,mean,3,ENSG00000164975,,,0.4308554232120514
random,mean,3,ENSG00000147789,0.0,,0.4923287630081177
random,mean,3,ENSG00000164330,,,0.20712320506572723
random,mean,3,ENSG00000166451,,,0.2943156957626343
random,mean,3,ENSG00000197302,,,0.26268696784973145
random,mean,3,ENSG00000168298,0.0,,0.29401448369026184
random,mean,3,ENSG00000205238,,,0.1868605762720108
random,mean,3,ENSG00000137812,,,0.1881086826324463
random,mean,3,ENSG00000269439,,,0.23196324706077576
random,mean,3,ENSG00000115271,,,0.4374862015247345
random,mean,3,ENSG00000078596,0.0,,0.4430636465549469
random,mean,3,ENSG00000162882,0.0,,0.09332994371652603
random,mean,3,ENSG00000179820,,,0.6575801372528076
random,mean,3,ENSG00000159023,,,0.2707456946372986
random,mean,3,ENSG00000196873,,,0.4257444739341736
random,mean,3,ENSG00000067715,,,0.15224045515060425
random,mean,3,ENSG00000245164,,,0.29841580986976624
random,mean,3,ENSG00000054967,,,0.3666478097438812
random,mean,3,ENSG00000000971,0.0,,0.6264721751213074
random,mean,3,ENSG00000189362,,,0.2765597999095917
random,mean,3,ENSG00000171016,0.0,,0.3715786337852478
random,mean,3,ENSG00000132704,,,0.24086718261241913
random,mean,3,ENSG00000116830,,,0.35679423809051514
random,mean,3,ENSG00000171241,0.0,,0.4449867010116577
random,mean,3,ENSG00000136504,0.0,,0.3914453089237213
random,mean,3,ENSG00000169629,,,0.1739652454853058
random,mean,3,ENSG00000274419,,,0.40723639726638794
random,mean,3,ENSG00000141480,,,0.6535512804985046
random,mean,3,ENSG00000042980,,,0.30582159757614136
random,mean,3,ENSG00000122122,0.0,,0.44639867544174194
random,mean,3,ENSG00000077585,,,0.386872798204422
random,mean,3,ENSG00000140323,0.0,,0.08323819935321808
random,mean,3,ENSG00000125266,,,0.2812058925628662
random,mean,3,ENSG00000167685,,,0.4407217800617218
random,mean,3,ENSG00000219626,0.0,,0.2747856378555298
random,mean,3,ENSG00000101811,,,0.3193785846233368
random,mean,3,ENSG00000196664,,,0.23163634538650513
random,mean,3,ENSG00000128578,,,0.290364146232605
random,mean,3,ENSG00000177463,,,0.27130502462387085
random,mean,3,ENSG00000135365,,,0.5751246809959412
random,mean,3,ENSG00000185189,,,0.5900799632072449
random,mean,3,ENSG00000264575,,,0.09565867483615875
random,mean,3,ENSG00000163683,,,0.5418844819068909
random,mean,3,ENSG00000158966,,,0.19179467856884003
random,mean,3,ENSG00000182162,,,0.15828794240951538
random,mean,3,ENSG00000168071,,,0.43182891607284546
random,mean,3,ENSG00000079101,,,0.07874441146850586
random,mean,3,ENSG00000196476,,,0.370161235332489
random,mean,3,ENSG00000231106,,,0.16164298355579376
random,pca_ridge,3,ENSG00000281383,0.8072323195059248,0.7975191174974803,0.6966938376426697
random,pca_ridge,3,ENSG00000251562,0.6121754659643116,0.7038812520213777,0.8210488557815552
random,pca_ridge,3,ENSG00000137077,0.6207784611202422,0.46374287340462217,0.7884272336959839
random,pca_ridge,3,ENSG00000254709,0.5911508674788589,0.5385969991449139,0.9788891077041626
random,pca_ridge,3,ENSG00000118785,0.6584119846962748,0.6037197812616375,0.9752658605575562
random,pca_ridge,3,ENSG00000108821,0.7137380019231213,0.6973326890062177,0.8974568247795105
random,pca_ridge,3,ENSG00000156738,0.7724061255182488,0.5431115180110992,0.4873419404029846
random,pca_ridge,3,ENSG00000019582,0.7333128463418365,0.7359996728527164,0.8372704982757568
random,pca_ridge,3,ENSG00000132465,0.5528041405291311,0.5329344635994887,0.7051794528961182
random,pca_ridge,3,ENSG00000169442,0.7424947316935756,0.5942413147482329,0.698531985282898
random,pca_ridge,3,ENSG00000182492,0.803104476360063,0.7906764511611127,0.7775595188140869
random,pca_ridge,3,ENSG00000101335,0.5683611173237344,0.5432721019794974,0.867960512638092
random,pca_ridge,3,ENSG00000105369,0.6900867324595936,0.4465869378457098,0.5032088160514832
random,pca_ridge,3,ENSG00000168542,0.6324438567749882,0.595768107011437,0.9173457622528076
random,pca_ridge,3,ENSG00000204382,0.7411157034827167,0.5144466511882747,0.36363187432289124
random,pca_ridge,3,ENSG00000261857,0.784243757518219,0.7907437328784388,0.716825008392334
random,pca_ridge,3,ENSG00000185664,0.9205731806434877,0.8211516927220475,0.796719491481781
random,pca_ridge,3,ENSG00000245532,0.7863447584755046,0.7892490515324275,0.7548328638076782
random,pca_ridge,3,ENSG00000153064,0.49848338366273653,0.3088593109636227,0.20898234844207764
random,pca_ridge,3,ENSG00000137818,0.44862599183897406,0.47174493975792203,0.43786072731018066
random,pca_ridge,3,ENSG00000104921,0.5605230048997598,0.3012141691324628,0.32712411880493164
random,pca_ridge,3,ENSG00000164692,0.666685359594395,0.6687621477126713,0.8256651759147644
random,pca_ridge,3,ENSG00000160307,0.8677872039197856,0.8483457700965084,0.7098087668418884
random,pca_ridge,3,ENSG00000126709,0.8216750417465618,0.7969374831610558,0.7729889154434204
random,pca_ridge,3,ENSG00000204287,0.7020810021517794,0.6890102347408854,0.7914589047431946
random,pca_ridge,3,ENSG00000105664,0.5120333581888966,0.3926447897434688,0.427203893661499
random,pca_ridge,3,ENSG00000227507,0.7499280819517281,0.5171184625713895,0.5050143599510193
random,pca_ridge,3,ENSG00000234745,0.7805949404376104,0.7836419586674004,0.8307817578315735
random,pca_ridge,3,ENSG00000104894,0.7312491267828286,0.4828386522820952,0.4354463517665863
random,pca_ridge,3,ENSG00000196092,0.6185173172467924,0.41287936584592233,0.35186952352523804
random,pca_ridge,3,ENSG00000129538,0.707029842529759,0.696744318931983,0.8317816257476807
random,pca_ridge,3,ENSG00000143341,0.7151115318351586,0.6285065939716743,0.7149813175201416
random,pca_ridge,3,ENSG00000139329,0.5113161859697977,0.42185756924252493,0.7209699749946594
random,pca_ridge,3,ENSG00000087086,0.5730087708729953,0.5991178205022064,0.5543897151947021
random,pca_ridge,3,ENSG00000140105,0.5455844718701731,0.5296686937531937,0.8672380447387695
random,pca_ridge,3,ENSG00000162511,0.6631664099942224,0.6648339087052876,0.8392853736877441
random,pca_ridge,3,ENSG00000110799,0.5375206005328567,0.5479566202936645,0.7014278173446655
random,pca_ridge,3,ENSG00000107317,0.5094069723329386,0.363844670416892,0.6022874712944031
random,pca_ridge,3,ENSG00000173369,0.7136959782872945,0.7168559751354376,0.8163029551506042
random,pca_ridge,3,ENSG00000011465,0.40296121217705844,0.37791341244597415,0.6887726783752441
random,pca_ridge,3,ENSG00000115306,0.6889694838783659,0.7243399077686312,0.7662637829780579
random,pca_ridge,3,ENSG00000102879,0.6757172541677685,0.4519290405526674,0.6399907469749451
random,pca_ridge,3,ENSG00000104419,0.7981983528948959,0.7630706346680279,0.7952037453651428
random,pca_ridge,3,ENSG00000255823,0.6142610221999598,0.608999615177921,0.8880923986434937
random,pca_ridge,3,ENSG00000115461,0.7091769196380528,0.6594670870059938,0.7684788703918457
random,pca_ridge,3,ENSG00000068831,0.5340195148107598,0.35060624774823795,0.40103527903556824
random,pca_ridge,3,ENSG00000125730,0.5206607799556592,0.4467989789386609,0.5451690554618835
random,pca_ridge,3,ENSG00000206503,0.7015279543468665,0.7502833136979538,0.8103131651878357
random,pca_ridge,3,ENSG00000007312,0.6577193556272961,0.4302628653328943,0.48921331763267517
random,pca_ridge,3,ENSG00000145824,0.41768564848579603,0.3325710781322541,0.42436468601226807
random,pca_ridge,3,ENSG00000152556,0.25110403427678885,0.3023037588947725,0.48238784074783325
random,pca_ridge,3,ENSG00000273576,0.03828191755465552,0.05369155635713674,0.1011819839477539
random,pca_ridge,3,ENSG00000266074,0.1423896123843077,0.16597308954821488,0.3408616781234741
random,pca_ridge,3,ENSG00000198466,0.17997460501598536,0.20691987048114394,0.4115581810474396
random,pca_ridge,3,ENSG00000169884,0.08168206210175151,0.12441880491597769,0.18591457605361938
random,pca_ridge,3,ENSG00000126001,0.08835143436055315,0.16363074865190194,0.4605627655982971
random,pca_ridge,3,ENSG00000185963,0.11246169061503135,0.15419804938161702,0.5128929018974304
random,pca_ridge,3,ENSG00000215845,0.37902767675545745,0.30239115296325697,0.3882266879081726
random,pca_ridge,3,ENSG00000172936,0.20065421449730939,0.3497208791036628,0.41887345910072327
random,pca_ridge,3,ENSG00000179104,0.19933779648657943,0.25177668631449185,0.3904597759246826
random,pca_ridge,3,ENSG00000006282,0.446312451788852,0.40931293699908683,0.6117559671401978
random,pca_ridge,3,ENSG00000188917,0.028630904563259618,0.03690228881460442,0.2680371403694153
random,pca_ridge,3,ENSG00000258130,0.119106309290733,0.1066201811539288,0.1421448439359665
random,pca_ridge,3,ENSG00000149418,0.03167982860476655,0.03488990451233914,0.2187429517507553
random,pca_ridge,3,ENSG00000092020,0.09082822052617585,0.14125824253979716,0.3824017345905304
random,pca_ridge,3,ENSG00000163564,0.009122613231089741,0.01391284824885454,0.148317351937294
random,pca_ridge,3,ENSG00000182185,-0.029119143572202164,-0.04795968721674916,0.17878171801567078
random,pca_ridge,3,ENSG00000124588,0.3428539318761465,0.3496903693203263,0.5937366485595703
random,pca_ridge,3,ENSG00000172113,-0.02550176695114828,-0.002679255953938637,0.320209264755249
random,pca_ridge,3,ENSG00000181450,-0.04119384817097457,-0.007529150495523572,0.24031496047973633
random,pca_ridge,3,ENSG00000173706,0.21589099577222226,0.17642828103619349,0.49095267057418823
random,pca_ridge,3,ENSG00000159239,0.1449710682002938,0.16753466061635056,0.21352867782115936
random,pca_ridge,3,ENSG00000115474,0.20884074442868147,0.1870013754621185,0.2642032504081726
random,pca_ridge,3,ENSG00000162739,0.28604369896305337,0.26737094818956414,0.3304380774497986
random,pca_ridge,3,ENSG00000154175,0.0022126783031568027,0.03873246965989111,0.18226540088653564
random,pca_ridge,3,ENSG00000181264,-0.011095503562598169,0.07054089944320482,0.22622281312942505
random,pca_ridge,3,ENSG00000104643,0.09389483080970312,0.13160942112260465,0.2691875696182251
random,pca_ridge,3,ENSG00000116030,0.22638148123118948,0.2586962869275777,0.4300552308559418
random,pca_ridge,3,ENSG00000166192,,,0.02429664134979248
random,pca_ridge,3,ENSG00000069431,-0.024940768967357876,-0.03661865264629166,0.07939092069864273
random,pca_ridge,3,ENSG00000104361,0.06847978727805934,0.11583645313210866,0.2457731068134308
random,pca_ridge,3,ENSG00000121039,0.03310582538798305,0.038312707881496114,0.28530970215797424
random,pca_ridge,3,ENSG00000013619,0.12427056551136845,0.12526833322925737,0.21264025568962097
random,pca_ridge,3,ENSG00000185008,-0.022914462963348307,-0.04840127456140041,0.1191832572221756
random,pca_ridge,3,ENSG00000077984,0.30428060564154397,0.24945424676432532,0.2619623839855194
random,pca_ridge,3,ENSG00000161526,0.1613607645154299,0.1336006480121441,0.6763714551925659
random,pca_ridge,3,ENSG00000109618,0.0925315053284378,0.11557091119812293,0.19194269180297852
random,pca_ridge,3,ENSG00000019995,-0.042502102226111706,-0.0050401594872834755,0.17338554561138153
random,pca_ridge,3,ENSG00000120314,-0.09708241650687884,-0.010091951499707708,0.44609418511390686
random,pca_ridge,3,ENSG00000155749,0.17022172435177207,0.1416331055921953,0.1890878975391388
random,pca_ridge,3,ENSG00000129116,0.32264138741209897,0.24875699763532694,0.5101367235183716
random,pca_ridge,3,ENSG00000109743,0.2386721594408396,0.27744395929470217,0.35814836621284485
random,pca_ridge,3,ENSG00000089060,0.031508481617285485,-0.024253936359488755,0.3569631576538086
random,pca_ridge,3,ENSG00000120800,0.3396044525492237,0.30501049109837314,0.5991525650024414
random,pca_ridge,3,ENSG00000117069,0.1909609260787006,0.19464497484961563,0.21707800030708313
random,pca_ridge,3,ENSG00000104427,0.1556150636136038,0.13824088515742153,0.19814828038215637
random,pca_ridge,3,ENSG00000268651,0.2352067203510053,0.21120210331520203,0.14419583976268768
random,pca_ridge,3,ENSG00000070731,0.6005679785679658,0.5672923113952341,0.636125385761261
random,pca_ridge,3,ENSG00000142731,0.022493804709932674,0.074252705653881,0.20044545829296112
random,pca_ridge,3,ENSG00000172578,0.09933750936947397,0.14169108054756677,0.2787399888038635
random,pca_ridge,3,ENSG00000172508,0.20688487028193098,0.18487304999355791,0.19155322015285492
random,pca_ridge,3,ENSG00000164975,-0.014647455462462872,0.010936575214446024,0.4362001121044159
random,pca_ridge,3,ENSG00000147789,-0.045696797157411345,-0.008676440877041528,0.49965623021125793
random,pca_ridge,3,ENSG00000164330,0.0772141761955475,0.08452567799512099,0.21095624566078186
random,pca_ridge,3,ENSG00000166451,0.08649167015403009,0.13889813360125705,0.2989318072795868
random,pca_ridge,3,ENSG00000197302,0.0487074047759382,0.05821446882468391,0.26471054553985596
random,pca_ridge,3,ENSG00000168298,0.16078967241333203,0.1667966342239788,0.29030272364616394
random,pca_ridge,3,ENSG00000205238,0.10740611576028217,0.09940667636088435,0.1859167367219925
random,pca_ridge,3,ENSG00000137812,0.24759054488061225,0.24771180294929698,0.18337959051132202
random,pca_ridge,3,ENSG00000269439,0.022505784893383566,0.042876127939128955,0.23348362743854523
random,pca_ridge,3,ENSG00000115271,0.19609256307614817,0.28847152681086563,0.42982035875320435
random,pca_ridge,3,ENSG00000078596,0.4197025620216749,0.4020054378801961,0.414926141500473
random,pca_ridge,3,ENSG00000162882,0.0314161893518215,0.028191824083205252,0.09480194747447968
random,pca_ridge,3,ENSG00000179820,0.44119002220679554,0.35303434225974545,0.5911247134208679
random,pca_ridge,3,ENSG00000159023,0.12998500095972823,0.09636001742535434,0.2684628367424011
random,pca_ridge,3,ENSG00000196873,0.07966330123150511,0.11707839973689145,0.4245724380016327
random,pca_ridge,3,ENSG00000067715,0.22165977394124034,0.17885455829462643,0.14862485229969025
random,pca_ridge,3,ENSG00000245164,0.3722661858023133,0.2065971736512909,0.2789658308029175
random,pca_ridge,3,ENSG00000054967,0.10352981809915168,0.14744766004345305,0.36610865592956543
random,pca_ridge,3,ENSG00000000971,0.21776277772840122,0.2810004971937141,0.6114671230316162
random,pca_ridge,3,ENSG00000189362,0.13919992327528893,0.12669179474036854,0.2739272117614746
random,pca_ridge,3,ENSG00000171016,0.16970160822987831,0.25140573568269875,0.36649295687675476
random,pca_ridge,3,ENSG00000132704,0.4376551125971229,0.26304049739384483,0.21669115126132965
random,pca_ridge,3,ENSG00000116830,0.11371456784097378,0.1275417167400456,0.35472896695137024
random,pca_ridge,3,ENSG00000171241,0.11128990205866192,0.1321290510660792,0.4432416558265686
random,pca_ridge,3,ENSG00000136504,0.15625784863343575,0.1809049675014961,0.38681235909461975
random,pca_ridge,3,ENSG00000169629,-0.009060096848387982,0.012499181284627927,0.1783970445394516
random,pca_ridge,3,ENSG00000274419,0.07763207135890808,0.12584553442764512,0.4079185724258423
random,pca_ridge,3,ENSG00000141480,0.11837159634109506,0.12569998628541745,0.6561971306800842
random,pca_ridge,3,ENSG00000042980,0.35476101091201107,0.23198489871975567,0.28504160046577454
random,pca_ridge,3,ENSG00000122122,0.35618486784381265,0.26278168888108655,0.4179493486881256
random,pca_ridge,3,ENSG00000077585,0.1792268766131043,0.22060636384918755,0.38171520829200745
random,pca_ridge,3,ENSG00000140323,0.1586684347413281,0.13443856246480873,0.08268452435731888
random,pca_ridge,3,ENSG00000125266,0.12998471952100546,0.07651541959967437,0.2813771665096283
random,pca_ridge,3,ENSG00000167685,0.00887172677012261,0.02221646092538667,0.4581747353076935
random,pca_ridge,3,ENSG00000219626,0.12276518212519047,0.09524495106658032,0.2732074558734894
random,pca_ridge,3,ENSG00000101811,-0.05744969158138323,0.07286345838749744,0.3245472013950348
random,pca_ridge,3,ENSG00000196664,0.14014590528417645,0.15762356033474523,0.22965353727340698
random,pca_ridge,3,ENSG00000128578,0.19385845127717,0.18857500214052322,0.2849244177341461
random,pca_ridge,3,ENSG00000177463,0.022698355325007653,-0.03386453992037542,0.2832013964653015
random,pca_ridge,3,ENSG00000135365,-0.06965773365451595,-0.048179828614416186,0.5888215899467468
random,pca_ridge,3,ENSG00000185189,0.20110744690603263,0.267092879776501,0.580089807510376
random,pca_ridge,3,ENSG00000264575,0.054080440540244246,0.029080991076553098,0.09586533904075623
random,pca_ridge,3,ENSG00000163683,0.23810801073323437,0.23130874932480253,0.5273999571800232
random,pca_ridge,3,ENSG00000158966,-0.004886475372319003,0.02723968381900633,0.1931934654712677
random,pca_ridge,3,ENSG00000182162,0.260016518781748,0.19630722381154578,0.15879997611045837
random,pca_ridge,3,ENSG00000168071,0.3768859554577967,0.27516742837727876,0.3991324007511139
random,pca_ridge,3,ENSG00000079101,0.14367230989803356,0.12154273528677688,0.08111140877008438
random,pca_ridge,3,ENSG00000196476,-0.13223436580106332,-0.10172199178508523,0.37795743346214294
random,pca_ridge,3,ENSG00000231106,0.07750734079911678,0.09016196566375796,0.16387611627578735
random,spatial_knn,3,ENSG00000281383,0.19222045769629625,0.21502861845451096,1.1965523417490618
random,spatial_knn,3,ENSG00000251562,0.28852261355197756,0.28170636847914776,0.9976970034970645
random,spatial_knn,3,ENSG00000137077,0.13231873526920063,0.11925321564199216,1.0446907621815997
random,spatial_knn,3,ENSG00000254709,-0.054602285089604165,-0.08754340977565024,1.3477610587742075
random,spatial_knn,3,ENSG00000118785,0.08222487567640953,0.03836035701864331,1.3302090811828133
random,spatial_knn,3,ENSG00000108821,0.10770091831761174,0.09754983853969651,1.3023051521705056
random,spatial_knn,3,ENSG00000156738,-0.02876924271082153,-0.016791314984833085,0.8398929688913485
random,spatial_knn,3,ENSG00000019582,-0.048537080436590885,-0.02232610838772825,1.3330131455711167
random,spatial_knn,3,ENSG00000132465,-0.07265441522641054,-0.0961771231229756,0.9499388367148198
random,spatial_knn,3,ENSG00000169442,0.0988114305293954,0.11296927850967163,1.0796044862752006
random,spatial_knn,3,ENSG00000182492,-0.03068497465841313,-0.025485284603295487,1.3636428479994922
random,spatial_knn,3,ENSG00000101335,0.008348032231211106,-0.007064130414876195,1.102490904414334
random,spatial_knn,3,ENSG00000105369,-0.06609482900946614,-0.06610754915291413,0.7711164470530745
random,spatial_knn,3,ENSG00000168542,0.015780247019069164,-0.007503999486520411,1.2299235630359877
random,spatial_knn,3,ENSG00000204382,-0.11018948557927531,-0.1333045777561968,0.5913601712843939
random,spatial_knn,3,ENSG00000261857,-0.14014691682925196,-0.13330517326887836,1.2966029772540044
random,spatial_knn,3,ENSG00000185664,-0.2352600632367121,-0.23661479753753462,2.2268892621689824
random,spatial_knn,3,ENSG00000245532,-0.03714226270831765,-0.05099041665566357,1.2772258841309527
random,spatial_knn,3,ENSG00000153064,0.009792717488540811,0.04976096511884843,0.2570570205355376
random,spatial_knn,3,ENSG00000137818,5.933489623505249e-05,-0.005606258148631029,0.518959641193111
random,spatial_knn,3,ENSG00000104921,0.08191571588817094,0.07388084793541995,0.41816539810228515
random,spatial_knn,3,ENSG00000164692,0.08950600308969192,0.061253405510025075,1.1345195021042043
random,spatial_knn,3,ENSG00000160307,-0.1531954977724377,-0.21664291152640028,1.5919759575356136
random,spatial_knn,3,ENSG00000126709,-0.10820185431293197,-0.10173669997800712,1.456713943227372
random,spatial_knn,3,ENSG00000204287,0.013315264085935176,0.017297207967157505,1.193966072658705
random,spatial_knn,3,ENSG00000105664,-0.06107210946916016,-0.07597503951521146,0.5441451978339397
random,spatial_knn,3,ENSG00000227507,-0.056936112529318746,-0.04576634630316211,0.8401145563678493
random,spatial_knn,3,ENSG00000234745,0.01053483300986319,-0.011653110290600777,1.3918139827323397
random,spatial_knn,3,ENSG00000104894,0.03072599357569033,0.034565620636231455,0.69722846919809
random,spatial_knn,3,ENSG00000196092,0.013585847317807292,-7.808055870281567e-05,0.45101259706210844
random,spatial_knn,3,ENSG00000129538,-0.03781960609482769,-0.047617030466821995,1.2474061053507202
random,spatial_knn,3,ENSG00000143341,-0.030682856236674102,-0.0248300008236981,1.0888887779411833
random,spatial_knn,3,ENSG00000139329,0.07399687081196933,0.07694561928665615,0.8594766588296626
random,spatial_knn,3,ENSG00000087086,-0.011247958888214641,-0.045388715398067776,0.7116471028595173
random,spatial_knn,3,ENSG00000140105,-0.02420573061138119,-0.020570692428846578,1.1006206487554386
random,spatial_knn,3,ENSG00000162511,0.032364552906978664,0.03022901490312314,1.1696987973123032
random,spatial_knn,3,ENSG00000110799,-0.02745570351707378,-0.03243284734031302,0.8828212932134777
random,spatial_knn,3,ENSG00000107317,-0.1082922509035725,-0.1117532136926334,0.7658185612515036
random,spatial_knn,3,ENSG00000173369,-0.12914783109476127,-0.13027589902105494,1.2543422001623001
random,spatial_knn,3,ENSG00000011465,-0.03115614253112927,-0.010764331063988615,0.8138968556722919
random,spatial_knn,3,ENSG00000115306,0.02360624729936182,0.02162583492453111,1.087683459055367
random,spatial_knn,3,ENSG00000102879,0.020420220697423302,0.03808980930081982,0.8941173894547337
random,spatial_knn,3,ENSG00000104419,-0.0634810986720994,-0.051312051190592047,1.3929194720216513
random,spatial_knn,3,ENSG00000255823,0.13089068260376394,0.13003053428339176,1.1504098597176267
random,spatial_knn,3,ENSG00000115461,0.00660980954269413,-0.0021724363698236468,1.1276554033018704
random,spatial_knn,3,ENSG00000068831,-0.024690615035079973,-0.019693674023183408,0.5273331640649689
random,spatial_knn,3,ENSG00000125730,-0.029788497698702846,-0.00428880786933507,0.7064688615239467
random,spatial_knn,3,ENSG00000206503,-0.029603592952734726,-0.011973664528839837,1.2241533687490362
random,spatial_knn,3,ENSG00000007312,-0.046887701589912886,-0.08311624135195687,0.7198362204973071
random,spatial_knn,3,ENSG00000145824,-0.12194761217661516,-0.11456256374558044,0.5195795254887111
random,spatial_knn,3,ENSG00000152556,0.07186628939054812,0.10188651130338502,0.5163682684505392
random,spatial_knn,3,ENSG00000273576,0.072138091570729,0.04321641693573624,0.11533261633569399
random,spatial_knn,3,ENSG00000266074,0.0454867029094675,0.06956217716820401,0.3586533389131501
random,spatial_knn,3,ENSG00000198466,-0.036420685230958975,0.0006548964768201149,0.44029501036707386
random,spatial_knn,3,ENSG00000169884,-0.02332288122003931,0.02591921432571061,0.19186415687823227
random,spatial_knn,3,ENSG00000126001,-0.021963101002653508,0.0233058427761516,0.47811895737281707
random,spatial_knn,3,ENSG00000185963,-0.046535849218490036,-0.02183257699773187,0.5485939413501595
random,spatial_knn,3,ENSG00000215845,-0.07291350360966714,-0.09237496812171105,0.4556032208379476
random,spatial_knn,3,ENSG00000172936,0.05547320948025616,0.07502091234143739,0.4405943399179198
random,spatial_knn,3,ENSG00000179104,0.020242796523014864,0.023968002026409765,0.4072484379804997
random,spatial_knn,3,ENSG00000006282,-0.06709282720955433,-0.05762301560690029,0.7311070898183356
random,spatial_knn,3,ENSG00000188917,0.01635176465365388,0.02094174266490643,0.2776281489788434
random,spatial_knn,3,ENSG00000258130,-0.0023948877647239322,0.03953335875414622,0.15887478769145025
random,spatial_knn,3,ENSG00000149418,0.011091606033299988,0.05076703094962698,0.2267280753582307
random,spatial_knn,3,ENSG00000092020,-0.10232194856371639,-0.0978782346571694,0.41750128962019817
random,spatial_knn,3,ENSG00000163564,0.17215658047174087,0.15557790612508612,0.14266430822661977
random,spatial_knn,3,ENSG00000182185,-0.039497038491419625,-0.024180920757925817,0.1944792272443726
random,spatial_knn,3,ENSG00000124588,0.028423438183589386,0.010689764979676518,0.6623000793718689
random,spatial_knn,3,ENSG00000172113,-0.10289087560984171,-0.08349481702674331,0.3508204685901785
random,spatial_knn,3,ENSG00000181450,-0.04470580606372287,0.0020646257031403906,0.24627344252645356
random,spatial_knn,3,ENSG00000173706,0.10791200460688619,0.08871783581863402,0.5053067320592263
random,spatial_knn,3,ENSG00000159239,-0.0432563874732077,-0.07590937316424623,0.2230624573287649
random,spatial_knn,3,ENSG00000115474,0.02125900543543605,-0.04528340926381834,0.2887012849275451
random,spatial_knn,3,ENSG00000162739,0.021922117364770868,0.019223314448711545,0.3621290873620619
random,spatial_knn,3,ENSG00000154175,-0.05411616163401197,-0.07983828608061794,0.1986439705167183
random,spatial_knn,3,ENSG00000181264,-0.05430657748776397,-0.03596654793599914,0.23147946745316078
random,spatial_knn,3,ENSG00000104643,-0.07219570218568125,-0.07204743636569387,0.29353374369952195
random,spatial_knn,3,ENSG00000116030,-0.03602342839333764,-0.05380415798115048,0.478899782995312
random,spatial_knn,3,ENSG00000166192,,,0.04624617799499228
random,spatial_knn,3,ENSG00000069431,-0.03196186554124446,-0.042499614472222835,0.08915981529369062
random,spatial_knn,3,ENSG00000104361,-0.043570939523203435,-0.017709040691638707,0.2689907396559282
random,spatial_knn,3,ENSG00000121039,0.0022869882647975903,0.02752420004057143,0.2965523789993348
random,spatial_knn,3,ENSG00000013619,-0.031820960231092855,0.0067142683219700225,0.22458780297578312
random,spatial_knn,3,ENSG00000185008,-0.05051363597106208,-0.06355897496353949,0.12292895456791807
random,spatial_knn,3,ENSG00000077984,0.045150104352537225,0.044085113476907724,0.29667930381292174
random,spatial_knn,3,ENSG00000161526,0.08612611439171527,0.10495683779580806,0.7018877004910413
random,spatial_knn,3,ENSG00000109618,-0.012676564232139273,0.03309239630578872,0.2123376887069634
random,spatial_knn,3,ENSG00000019995,-0.004248371720102271,0.009770366118113664,0.17968464411880267
random,spatial_knn,3,ENSG00000120314,0.10436006818828708,0.14809497951048095,0.4370890491174029
random,spatial_knn,3,ENSG00000155749,-0.028163681767041412,-0.004239303616328131,0.20925389510937453
random,spatial_knn,3,ENSG00000129116,0.023814340097814607,0.04274026942709588,0.5622605918192523
random,spatial_knn,3,ENSG00000109743,-0.0919662880274279,-0.1278181432899763,0.3860618203026132
random,spatial_knn,3,ENSG00000089060,0.010342047465014898,0.07050404492745918,0.3646431723572597
random,spatial_knn,3,ENSG00000120800,-0.05300181361296911,-0.05304028431860999,0.6675466933848909
random,spatial_knn,3,ENSG00000117069,0.03188575144729932,0.0052677868971063605,0.22686025592116255
random,spatial_knn,3,ENSG00000104427,0.08083892842772124,0.05798886845331047,0.2066280286974998
random,spatial_knn,3,ENSG00000268651,-0.022926751201952592,-0.013327446325415224,0.15394266963984568
random,spatial_knn,3,ENSG00000070731,-0.03641695702899066,0.0076871392574655055,0.8436912105960288
random,spatial_knn,3,ENSG00000142731,0.012470130802191812,0.07532323525913684,0.20527247197897272
random,spatial_knn,3,ENSG00000172578,0.08426867537482736,0.10346336176140927,0.2833747994232863
random,spatial_knn,3,ENSG00000172508,-0.03340178324922553,-0.0007740575091741737,0.20434040717785848
random,spatial_knn,3,ENSG00000164975,-0.06054637621846304,-0.034080900922888104,0.45743514054461903
random,spatial_knn,3,ENSG00000147789,0.011230624031352717,0.039978015607939586,0.5212083688047777
random,spatial_knn,3,ENSG00000164330,0.06154146842524876,-0.015280502647455172,0.22442425905784896
random,spatial_knn,3,ENSG00000166451,0.03680143755485222,0.0669210922549403,0.30465680033369685
random,spatial_knn,3,ENSG00000197302,0.04786215043064272,0.09867246133044058,0.2698005856676962
random,spatial_knn,3,ENSG00000168298,0.05747201373909827,0.08667712035072724,0.30440709122554277
random,spatial_knn,3,ENSG00000205238,-0.042087801554556714,-0.05480827608908566,0.1934242477049846
random,spatial_knn,3,ENSG00000137812,0.01739900155589977,0.0824225752763124,0.21349509076071155
random,spatial_knn,3,ENSG00000269439,-0.022444686865386858,-0.03883930621124208,0.26209867487709193
random,spatial_knn,3,ENSG00000115271,0.017994697017363007,0.003737131486786251,0.46190686882725535
random,spatial_knn,3,ENSG00000078596,-0.05371809746468642,-0.10441557325501773,0.4843028274899994
random,spatial_knn,3,ENSG00000162882,-0.02295060877684604,-0.030462342096723338,0.09741656242895155
random,spatial_knn,3,ENSG00000179820,0.01676263419475057,0.039130654680049545,0.6906912330010292
random,spatial_knn,3,ENSG00000159023,-0.05554846193806411,-0.05075632369846129,0.29187700167512304
random,spatial_knn,3,ENSG00000196873,-0.005177772492813032,0.06440839784066336,0.44396795351196194
random,spatial_knn,3,ENSG00000067715,-0.03591527787530882,-0.05120443699814267,0.1627679397576334
random,spatial_knn,3,ENSG00000245164,0.1005966860429432,0.12692770513448023,0.3040395841844342
random,spatial_knn,3,ENSG00000054967,0.06844077185567274,0.060390028634608336,0.37353430715245256
random,spatial_knn,3,ENSG00000000971,-0.06685885154075666,-0.002081803407823346,0.675009136527433
random,spatial_knn,3,ENSG00000189362,-0.04565965340426679,-0.006979214334418585,0.29347652313048744
random,spatial_knn,3,ENSG00000171016,0.08023151542125512,0.018484103233099597,0.3721978410680152
random,spatial_knn,3,ENSG00000132704,-0.05283120907140261,-0.06648622296274204,0.26205448473075316
random,spatial_knn,3,ENSG00000116830,0.0017578218819276903,0.040553555768501816,0.3716972289898641
random,spatial_knn,3,ENSG00000171241,-0.03713612686412133,0.0059570982845162275,0.46325642270211365
random,spatial_knn,3,ENSG00000136504,0.027327337540039187,0.021817196470969535,0.40523891920524674
random,spatial_knn,3,ENSG00000169629,0.031225579018452673,0.026883608876048713,0.18338159300090562
random,spatial_knn,3,ENSG00000274419,-0.010458784058596933,0.04384249180476958,0.42782721384429995
random,spatial_knn,3,ENSG00000141480,0.050494869818474286,0.026466109169172365,0.6797060648304396
random,spatial_knn,3,ENSG00000042980,-0.011847915784024582,-0.02133141547562105,0.32709332010892234
random,spatial_knn,3,ENSG00000122122,-0.04882516305906776,-0.037751154600052815,0.48094644920028407
random,spatial_knn,3,ENSG00000077585,-0.062151108664409975,-0.035357339160821816,0.42033834025832534
random,spatial_knn,3,ENSG00000140323,-0.03282628007710076,-0.042942126617366405,0.09375655656028613
random,spatial_knn,3,ENSG00000125266,0.035238044871075014,0.10083901430770019,0.2912031917740365
random,spatial_knn,3,ENSG00000167685,-0.06502086824925361,-0.06327223128318253,0.46588017504045026
random,spatial_knn,3,ENSG00000219626,0.0575175997411287,-0.017403302507332838,0.2796723833410129
random,spatial_knn,3,ENSG00000101811,0.01594573366667439,0.051755353682060475,0.32877524879672854
random,spatial_knn,3,ENSG00000196664,-0.00432701179527316,-0.009290661888890647,0.23911786165057938
random,spatial_knn,3,ENSG00000128578,-0.030508635991446112,-0.02063313709643795,0.31085183117335247
random,spatial_knn,3,ENSG00000177463,-0.07139239913181053,-0.0466572950657275,0.30117299565640837
random,spatial_knn,3,ENSG00000135365,0.030101831936002924,0.021482507125025474,0.5885465402595602
random,spatial_knn,3,ENSG00000185189,0.0162290808981204,0.011315863646855872,0.6099932623189199
random,spatial_knn,3,ENSG00000264575,-0.024620642397514974,-0.04233241825085109,0.11254412640615065
random,spatial_knn,3,ENSG00000163683,-0.031292213884815234,-0.009778960506989358,0.5729195027532012
random,spatial_knn,3,ENSG00000158966,0.029346852470729653,0.09643814376739908,0.19670381496750822
random,spatial_knn,3,ENSG00000182162,0.023661735748074,-0.034347430241161124,0.2031711998286681
random,spatial_knn,3,ENSG00000168071,-0.06048115099636205,-0.0642903504139189,0.4793241081909626
random,spatial_knn,3,ENSG00000079101,0.14502103866504426,0.17923427217980367,0.08806901387568578
random,spatial_knn,3,ENSG00000196476,0.04111641421660811,0.11136954260033124,0.3762602514890641
random,spatial_knn,3,ENSG00000231106,-0.027793971238942065,0.0014537046963027463,0.17104574992673158
random,mean,4,ENSG00000281383,0.0,,1.2137621641159058
random,mean,4,ENSG00000251562,0.0,,0.978427529335022
random,mean,4,ENSG00000137077,0.0,,1.1179604530334473
random,mean,4,ENSG00000254709,0.0,,1.4818010330200195
random,mean,4,ENSG00000118785,,,1.3534263372421265
random,mean,4,ENSG00000108821,,,1.2950431108474731
random,mean,4,ENSG00000156738,,,0.9292660355567932
random,mean,4,ENSG00000019582,,,1.1984003782272339
random,mean,4,ENSG00000132465,0.0,,1.0586926937103271
random,mean,4,ENSG00000169442,,,1.1562719345092773
random,mean,4,ENSG00000182492,,,1.255345106124878
random,mean,4,ENSG00000101335,0.0,,1.0090283155441284
random,mean,4,ENSG00000105369,,,0.8043209910392761
random,mean,4,ENSG00000168542,,,1.205201268196106
random,mean,4,ENSG00000204382,,,0.5591019988059998
random,mean,4,ENSG00000261857,0.0,,1.2831414937973022
random,mean,4,ENSG00000185664,,,1.9854495525360107
random,mean,4,ENSG00000245532,,,1.162476658821106
random,mean,4,ENSG00000153064,,,0.3555866777896881
random,mean,4,ENSG00000137818,,,0.45687079429626465
random,mean,4,ENSG00000104921,,,0.42744195461273193
random,mean,4,ENSG00000164692,,,1.199946403503418
random,mean,4,ENSG00000160307,0.0,,1.5599548816680908
random,mean,4,ENSG00000126709,,,1.362186312675476
random,mean,4,ENSG00000204287,0.0,,1.2355858087539673
random,mean,4,ENSG00000105664,,,0.5509294271469116
random,mean,4,ENSG00000227507,,,0.857875645160675
random,mean,4,ENSG00000234745,0.0,,1.1685049533843994
random,mean,4,ENSG00000104894,,,0.7362604141235352
random,mean,4,ENSG00000196092,0.0,,0.4338969588279724
random,mean,4,ENSG00000129538,,,1.1712863445281982
random,mean,4,ENSG00000143341,,,0.9582438468933105
random,mean,4,ENSG00000139329,0.0,,0.8824568390846252
random,mean,4,ENSG00000087086,,,0.6800268888473511
random,mean,4,ENSG00000140105,,,1.047433614730835
random,mean,4,ENSG00000162511,,,1.1737229824066162
random,mean,4,ENSG00000110799,,,0.8130162954330444
random,mean,4,ENSG00000107317,,,0.8599176406860352
random,mean,4,ENSG00000173369,,,1.1418935060501099
random,mean,4,ENSG00000011465,,,0.8955772519111633
random,mean,4,ENSG00000115306,0.0,,1.0125172138214111
random,mean,4,ENSG00000102879,,,0.9221144914627075
random,mean,4,ENSG00000104419,,,1.225765585899353
random,mean,4,ENSG00000255823,,,1.1253288984298706
random,mean,4,ENSG00000115461,,,1.0688586235046387
random,mean,4,ENSG00000068831,,,0.6313886046409607
random,mean,4,ENSG00000125730,,,0.7873537540435791
random,mean,4,ENSG00000206503,,,0.9864280223846436
random,mean,4,ENSG00000007312,0.0,,0.857240617275238
random,mean,4,ENSG00000145824,,,0.588081419467926
random,mean,4,ENSG00000152556,0.0,,0.5540647506713867
random,mean,4,ENSG00000273576,,,0.10552340745925903
random,mean,4,ENSG00000266074,,,0.3639993667602539
random,mean,4,ENSG00000198466,0.0,,0.34572720527648926
random,mean,4,ENSG00000169884,,,0.1898442655801773
random,mean,4,ENSG00000126001,,,0.4560835659503937
random,mean,4,ENSG00000185963,,,0.5260570645332336
random,mean,4,ENSG00000215845,0.0,,0.4510863423347473
random,mean,4,ENSG00000172936,0.0,,0.5062287449836731
random,mean,4,ENSG00000179104,,,0.36907172203063965
random,mean,4,ENSG00000006282,,,0.8006013035774231
random,mean,4,ENSG00000188917,,,0.2342635989189148
random,mean,4,ENSG00000258130,0.0,,0.17285460233688354
random,mean,4,ENSG00000149418,,,0.18322286009788513
random,mean,4,ENSG00000092020,,,0.3466712236404419
random,mean,4,ENSG00000163564,,,0.3173992931842804
random,mean,4,ENSG00000182185,,,0.11473273485898972
random,mean,4,ENSG00000124588,,,0.599290132522583
random,mean,4,ENSG00000172113,,,0.3419966697692871
random,mean,4,ENSG00000181450,0.0,,0.25619444251060486
random,mean,4,ENSG00000173706,0.0,,0.4585719108581543
random,mean,4,ENSG00000159239,,,0.17389777302742004
random,mean,4,ENSG00000115474,,,0.27003487944602966
random,mean,4,ENSG00000162739,,,0.3733256459236145
random,mean,4,ENSG00000154175,0.0,,0.28068268299102783
random,mean,4,ENSG00000181264,0.0,,0.33076125383377075
random,mean,4,ENSG00000104643,,,0.26993218064308167
random,mean,4,ENSG00000116030,,,0.4270234704017639
random,mean,4,ENSG00000166192,0.0,,0.19495898485183716
random,mean,4,ENSG00000069431,,,0.13544100522994995
random,mean,4,ENSG00000104361,,,0.25993719696998596
random,mean,4,ENSG00000121039,,,0.18837787210941315
random,mean,4,ENSG00000013619,,,0.23437894880771637
random,mean,4,ENSG00000185008,,,0.11135125905275345
random,mean,4,ENSG00000077984,,,0.3809298574924469
random,mean,4,ENSG00000161526,0.0,,0.6465641260147095
random,mean,4,ENSG00000109618,,,0.3085348606109619
random,mean,4,ENSG00000019995,0.0,,0.2462373673915863
random,mean,4,ENSG00000120314,0.0,,0.44947129487991333
random,mean,4,ENSG00000155749,,,0.25156503915786743
random,mean,4,ENSG00000129116,,,0.5753076672554016
random,mean,4,ENSG00000109743,0.0,,0.259925901889801
random,mean,4,ENSG00000089060,,,0.42337459325790405
random,mean,4,ENSG00000120800,,,0.5425546169281006
random,mean,4,ENSG00000117069,,,0.21938182413578033
random,mean,4,ENSG00000104427,,,0.2709927260875702
random,mean,4,ENSG00000268651,,,0.10057263821363449
random,mean,4,ENSG00000070731,,,0.787535548210144
random,mean,4,ENSG00000142731,,,0.15088419616222382
random,mean,4,ENSG00000172578,,,0.3225710093975067
random,mean,4,ENSG00000172508,0.0,,0.17312730848789215
random,mean,4,ENSG00000164975,0.0,,0.4239521026611328
random,mean,4,ENSG00000147789,,,0.4962112307548523
random,mean,4,ENSG00000164330,,,0.3019331991672516
random,mean,4,ENSG00000166451,0.0,,0.21697673201560974
random,mean,4,ENSG00000197302,,,0.2699933648109436
random,mean,4,ENSG00000168298,,,0.3224295675754547
random,mean,4,ENSG00000205238,,,0.16500353813171387
random,mean,4,ENSG00000137812,,,0.1571063995361328
random,mean,4,ENSG00000269439,,,0.21371489763259888
random,mean,4,ENSG00000115271,,,0.4349934458732605
random,mean,4,ENSG00000078596,,,0.5461505055427551
random,mean,4,ENSG00000162882,,,0.16460993885993958
random,mean,4,ENSG00000179820,,,0.7478888630867004
random,mean,4,ENSG00000159023,,,0.19567400217056274
random,mean,4,ENSG00000196873,,,0.36380642652511597
random,mean,4,ENSG00000067715,,,0.13280239701271057
random,mean,4,ENSG00000245164,,,0.3488893210887909
random,mean,4,ENSG00000054967,0.0,,0.34061333537101746
random,mean,4,ENSG00000000971,0.0,,0.5823883414268494
random,mean,4,ENSG00000189362,0.0,,0.18378303945064545
random,mean,4,ENSG00000171016,,,0.30408763885498047
random,mean,4,ENSG00000132704,,,0.2528136968612671
random,mean,4,ENSG00000116830,,,0.2802015542984009
random,mean,4,ENSG00000171241,,,0.4003094434738159
random,mean,4,ENSG00000136504,0.0,,0.4284149706363678
random,mean,4,ENSG00000169629,,,0.2520223557949066
random,mean,4,ENSG00000274419,,,0.43628382682800293
random,mean,4,ENSG00000141480,,,0.7072922587394714
random,mean,4,ENSG00000042980,0.0,,0.4413348138332367
random,mean,4,ENSG00000122122,,,0.4852173626422882
random,mean,4,ENSG00000077585,0.0,,0.5464358329772949
random,mean,4,ENSG00000140323,,,0.06687123328447342
random,mean,4,ENSG00000125266,,,0.37933704257011414
random,mean,4,ENSG00000167685,,,0.47205880284309387
random,mean,4,ENSG00000219626,0.0,,0.3549635410308838
random,mean,4,ENSG00000101811,,,0.3390340209007263
random,mean,4,ENSG00000196664,,,0.1656298041343689
random,mean,4,ENSG00000128578,0.0,,0.2555236518383026
random,mean,4,ENSG00000177463,,,0.345178484916687
random,mean,4,ENSG00000135365,0.0,,0.5527492165565491
random,mean,4,ENSG00000185189,0.0,,0.5195578932762146
random,mean,4,ENSG00000264575,0.0,,0.08843036741018295
random,mean,4,ENSG00000163683,0.0,,0.6131121516227722
random,mean,4,ENSG00000158966,0.0,,0.21746131777763367
random,mean,4,ENSG00000182162,,,0.2679877281188965
random,mean,4,ENSG00000168071,,,0.6313972473144531
random,mean,4,ENSG00000079101,,,0.12094243615865707
random,mean,4,ENSG00000196476,,,0.17101076245307922
random,mean,4,ENSG00000231106,,,0.1369646042585373
random,pca_ridge,4,ENSG00000281383,0.7033912081188202,0.7142157037254241,0.8630358576774597
random,pca_ridge,4,ENSG00000251562,0.6063976478401119,0.6828727698149205,0.7783109545707703
random,pca_ridge,4,ENSG00000137077,0.6187390286333966,0.5210551602307407,0.8894291520118713
random,pca_ridge,4,ENSG00000254709,0.7143234711028827,0.6679721246060625,1.0384248495101929
random,pca_ridge,4,ENSG00000118785,0.7310740869766854,0.6854451569447467,0.9245833158493042
random,pca_ridge,4,ENSG00000108821,0.6802356712506165,0.6451807739901989,0.9461143016815186
random,pca_ridge,4,ENSG00000156738,0.7584654482600074,0.6305321873544135,0.603263795375824
random,pca_ridge,4,ENSG00000019582,0.7281695859286862,0.7360092070030777,0.8243314623832703
random,pca_ridge,4,ENSG00000132465,0.6236464069199439,0.5598604798276449,0.8295500874519348
random,pca_ridge,4,ENSG00000169442,0.7717878190722524,0.6914973039732114,0.7324052453041077
random,pca_ridge,4,ENSG00000182492,0.7997134595468872,0.7705134856562604,0.750788688659668
random,pca_ridge,4,ENSG00000101335,0.5337922987275457,0.5195725218571678,0.8545967936515808
random,pca_ridge,4,ENSG00000105369,0.7454467768554313,0.6093373268549,0.5372654795646667
random,pca_ridge,4,ENSG00000168542,0.5936227337818148,0.5705779723954822,0.9707372784614563
random,pca_ridge,4,ENSG00000204382,0.7272892952195058,0.5537210265331528,0.38464003801345825
random,pca_ridge,4,ENSG00000261857,0.8534777419831014,0.8650954062949257,0.6705412864685059
random,pca_ridge,4,ENSG00000185664,0.9186778971174879,0.8002028859894378,0.7871982455253601
random,pca_ridge,4,ENSG00000245532,0.7563581564375649,0.7858761373942239,0.7641767859458923
random,pca_ridge,4,ENSG00000153064,0.5807663144243417,0.4020279216394988,0.2897607982158661
random,pca_ridge,4,ENSG00000137818,0.5152172309174157,0.4461298048027222,0.3915759325027466
random,pca_ridge,4,ENSG00000104921,0.46292343388954066,0.3591951249325035,0.38972505927085876
random,pca_ridge,4,ENSG00000164692,0.6368875295549505,0.6710779502805304,0.9295415282249451
random,pca_ridge,4,ENSG00000160307,0.8800555797232142,0.875085487964902,0.7383392453193665
random,pca_ridge,4,ENSG00000126709,0.7228863732299806,0.7211898612801634,0.9434733390808105
random,pca_ridge,4,ENSG00000204287,0.751526469642536,0.736235844446768,0.8167705535888672
random,pca_ridge,4,ENSG00000105664,0.49996893986454466,0.4520308849553884,0.4777877926826477
random,pca_ridge,4,ENSG00000227507,0.7594072780729565,0.6301514709430617,0.5581359267234802
random,pca_ridge,4,ENSG00000234745,0.7871845651674686,0.79938117007626,0.7200807929039001
random,pca_ridge,4,ENSG00000104894,0.7497168403807155,0.6096264963400506,0.4887791872024536
random,pca_ridge,4,ENSG00000196092,0.5842433606825516,0.4237626239243235,0.35300275683403015
random,pca_ridge,4,ENSG00000129538,0.7466995446368427,0.7515361905394496,0.7860044836997986
random,pca_ridge,4,ENSG00000143341,0.7198892496954452,0.6456411027763678,0.6669834852218628
random,pca_ridge,4,ENSG00000139329,0.5367047817770095,0.4981754754130265,0.7549116611480713
random,pca_ridge,4,ENSG00000087086,0.5135242844321523,0.5525225410994262,0.5839157104492188
random,pca_ridge,4,ENSG00000140105,0.5499127547434182,0.5475046069038997,0.8748131394386292
random,pca_ridge,4,ENSG00000162511,0.7246912922847587,0.7149223101514505,0.8127272129058838
random,pca_ridge,4,ENSG00000110799,0.5208795578630598,0.5059998626970942,0.6956555843353271
random,pca_ridge,4,ENSG00000107317,0.6402052324436083,0.5791506104301537,0.6607880592346191
random,pca_ridge,4,ENSG00000173369,0.756124229787166,0.7403418259071458,0.7575399875640869
random,pca_ridge,4,ENSG00000011465,0.5137678420113095,0.4637779635852841,0.7697819471359253
random,pca_ridge,4,ENSG00000115306,0.6623289537811425,0.6779120857128196,0.762967050075531
random,pca_ridge,4,ENSG00000102879,0.6774720021954947,0.5472650861321502,0.679505467414856
random,pca_ridge,4,ENSG00000104419,0.7723598568449921,0.7333657206754285,0.7856104373931885
random,pca_ridge,4,ENSG00000255823,0.583607858530916,0.5370190168899424,0.9130615592002869
random,pca_ridge,4,ENSG00000115461,0.6865474703077673,0.6703063206721023,0.777336597442627
random,pca_ridge,4,ENSG00000068831,0.49008389033569266,0.39837194163723444,0.5484983325004578
random,pca_ridge,4,ENSG00000125730,0.5730534478626504,0.5161634439999192,0.6467186808586121
random,pca_ridge,4,ENSG00000206503,0.7265855355665942,0.7671462148048855,0.6765672564506531
random,pca_ridge,4,ENSG00000007312,0.7602266670862156,0.5954125564051241,0.5682164430618286
random,pca_ridge,4,ENSG00000145824,0.5761456047667441,0.5508569676783404,0.4866117835044861
random,pca_ridge,4,ENSG00000152556,0.23817597729349846,0.2926127724093143,0.538291871547699
random,pca_ridge,4,ENSG00000273576,0.047774185654944054,0.06050345561155161,0.10617223381996155
random,pca_ridge,4,ENSG00000266074,0.09642790600751916,0.13956399264518782,0.36628687381744385
random,pca_ridge,4,ENSG00000198466,0.06742259805564711,0.0549336184173234,0.3501306176185608
random,pca_ridge,4,ENSG00000169884,0.06144319224206867,0.1291787427563433,0.1897965520620346
random,pca_ridge,4,ENSG00000126001,0.04062834081014624,0.11689975122671355,0.45956477522850037
random,pca_ridge,4,ENSG00000185963,0.09441833365054048,0.1392668297267526,0.5277402997016907
random,pca_ridge,4,ENSG00000215845,0.43526146697455986,0.41037267529828425,0.4058047831058502
random,pca_ridge,4,ENSG00000172936,0.08984491452670541,0.19977752129070603,0.5065392255783081
random,pca_ridge,4,ENSG00000179104,0.2289960899861547,0.25645318797269906,0.36006245017051697
random,pca_ridge,4,ENSG00000006282,0.3921074974848385,0.4458066167741947,0.737068235874176
random,pca_ridge,4,ENSG00000188917,0.13117411305814455,0.14951288811862812,0.232376828789711
random,pca_ridge,4,ENSG00000258130,0.09515245038326159,0.0590059331975477,0.1734723150730133
random,pca_ridge,4,ENSG00000149418,0.048071302311078735,0.0464162579558954,0.18487437069416046
random,pca_ridge,4,ENSG00000092020,0.12624364468600377,0.1405959310259442,0.34498360753059387
random,pca_ridge,4,ENSG00000163564,0.09462668224203943,0.1320234344949946,0.31590643525123596
random,pca_ridge,4,ENSG00000182185,0.007956636797255378,0.0031117463352059956,0.11758798360824585
random,pca_ridge,4,ENSG00000124588,0.33696786972467835,0.34663732840377437,0.5647327899932861
random,pca_ridge,4,ENSG00000172113,-0.08919380347196837,-0.017515961287108382,0.34971901774406433
random,pca_ridge,4,ENSG00000181450,-0.1073467315063965,-0.01836806528052412,0.26084181666374207
random,pca_ridge,4,ENSG00000173706,0.15708684653634072,0.18177503845506382,0.45396363735198975
random,pca_ridge,4,ENSG00000159239,0.07859631635355961,0.07592604625316138,0.17385652661323547
random,pca_ridge,4,ENSG00000115474,0.20680241802240992,0.17271673184818498,0.2642631530761719
random,pca_ridge,4,ENSG00000162739,0.32295528666301215,0.28189557724644254,0.3533191382884979
random,pca_ridge,4,ENSG00000154175,0.23639133746823687,0.22813258509501566,0.27284470200538635
random,pca_ridge,4,ENSG00000181264,0.005132040731783159,0.07951977661148994,0.33208489418029785
random,pca_ridge,4,ENSG00000104643,0.029905496305887208,0.039938214625248235,0.2721790373325348
random,pca_ridge,4,ENSG00000116030,0.2334028811148147,0.2717591961245959,0.41711923480033875
random,pca_ridge,4,ENSG00000166192,0.01792760000853793,0.030325082322405373,0.19528450071811676
random,pca_ridge,4,ENSG00000069431,0.1273808930623474,0.12043778952296627,0.13715335726737976
random,pca_ridge,4,ENSG00000104361,0.11119704733489999,0.15437809740653172,0.2605171501636505
random,pca_ridge,4,ENSG00000121039,0.0006127592961166135,-0.01990309446862017,0.1909421980381012
random,pca_ridge,4,ENSG00000013619,0.1374871518400062,0.16277992071814903,0.23229657113552094
random,pca_ridge,4,ENSG00000185008,0.006915753865111544,0.028740746313217116,0.11487454175949097
random,pca_ridge,4,ENSG00000077984,0.07688954019236532,0.12645379511436575,0.38530415296554565
random,pca_ridge,4,ENSG00000161526,0.16600365777842072,0.18807728910287383,0.639999270439148
random,pca_ridge,4,ENSG00000109618,0.026419517153091893,0.004957140328299141,0.310260534286499
random,pca_ridge,4,ENSG00000019995,-0.07967989834392096,-0.07518545013482818,0.2495284378528595
random,pca_ridge,4,ENSG00000120314,0.03036567649963473,0.13712462365692174,0.4516447186470032
random,pca_ridge,4,ENSG00000155749,0.1684555085223017,0.14824227587685773,0.2479303479194641
random,pca_ridge,4,ENSG00000129116,0.18396852807267855,0.15989723233386516,0.5700193643569946
random,pca_ridge,4,ENSG00000109743,0.16168139681541668,0.1993582045402196,0.2580829858779907
random,pca_ridge,4,ENSG00000089060,0.21956977626036706,0.222999611309804,0.41339606046676636
random,pca_ridge,4,ENSG00000120800,0.3512763568907525,0.31549728470445515,0.508983314037323
random,pca_ridge,4,ENSG00000117069,0.16651459883719308,0.175413312326514,0.21634866297245026
random,pca_ridge,4,ENSG00000104427,-0.032182809790258726,0.016629279903869452,0.27567991614341736
random,pca_ridge,4,ENSG00000268651,0.2543381600869587,0.20381938495599267,0.09769497066736221
random,pca_ridge,4,ENSG00000070731,0.5853752664621719,0.5637130959168063,0.6432451605796814
random,pca_ridge,4,ENSG00000142731,0.1692583345380039,0.1788112172761422,0.14868485927581787
random,pca_ridge,4,ENSG00000172578,0.2442191889680012,0.236704269046358,0.3132569193840027
random,pca_ridge,4,ENSG00000172508,0.05137612009832445,0.052887457019957326,0.17522256076335907
random,pca_ridge,4,ENSG00000164975,0.074472645689754,0.16691936003852711,0.423446923494339
random,pca_ridge,4,ENSG00000147789,0.007268674669730413,0.0672043109710312,0.5002248287200928
random,pca_ridge,4,ENSG00000164330,0.1292772124963081,0.12049114870628579,0.3011242151260376
random,pca_ridge,4,ENSG00000166451,0.2171073123207603,0.22746180894701523,0.21259504556655884
random,pca_ridge,4,ENSG00000197302,0.055971784690323226,0.014480108910890428,0.2717031240463257
random,pca_ridge,4,ENSG00000168298,0.12093408249153308,0.12353896405225008,0.3207533657550812
random,pca_ridge,4,ENSG00000205238,0.009211237353582402,-0.005299048135814984,0.1670667976140976
random,pca_ridge,4,ENSG00000137812,0.17342942157239286,0.1629416031917813,0.1566045731306076
random,pca_ridge,4,ENSG00000269439,0.012430835336087695,0.02455968493476244,0.21539823710918427
random,pca_ridge,4,ENSG00000115271,0.06423651527633614,0.12376732962722184,0.4374810457229614
random,pca_ridge,4,ENSG00000078596,0.37882416700531113,0.37541731355830044,0.5064212679862976
random,pca_ridge,4,ENSG00000162882,0.09010634940337876,0.026528256555310523,0.16398851573467255
random,pca_ridge,4,ENSG00000179820,0.46498337903050657,0.4275365854756706,0.661526620388031
random,pca_ridge,4,ENSG00000159023,0.05915926897092338,0.07655421236828483,0.19714586436748505
random,pca_ridge,4,ENSG00000196873,0.06413655424434889,0.07859664848047716,0.3642221689224243
random,pca_ridge,4,ENSG00000067715,0.03830268960053437,0.0644552443809645,0.13561299443244934
random,pca_ridge,4,ENSG00000245164,0.3646725930448439,0.30699703092319675,0.3252558410167694
random,pca_ridge,4,ENSG00000054967,0.1410095893038055,0.10171236601418629,0.3382216989994049
random,pca_ridge,4,ENSG00000000971,0.16889915391989327,0.19334872741985695,0.5808972716331482
random,pca_ridge,4,ENSG00000189362,0.05390793213594418,0.04767088406000773,0.18661615252494812
random,pca_ridge,4,ENSG00000171016,0.21023184708129025,0.23084550144199442,0.2971738576889038
random,pca_ridge,4,ENSG00000132704,0.5477109011746496,0.35532990415437227,0.21341143548488617
random,pca_ridge,4,ENSG00000116830,0.04795878178483317,0.061371163599583105,0.28167635202407837
random,pca_ridge,4,ENSG00000171241,0.04603148152960664,0.12270968649144759,0.4045502245426178
random,pca_ridge,4,ENSG00000136504,0.04279835482912084,0.10913176219644545,0.4305938482284546
random,pca_ridge,4,ENSG00000169629,-0.01045535063713841,-0.04223407380306322,0.25406545400619507
random,pca_ridge,4,ENSG00000274419,0.09101022074745732,0.06490775704668197,0.43556126952171326
random,pca_ridge,4,ENSG00000141480,0.08492105944291396,0.1934559263820939,0.714727520942688
random,pca_ridge,4,ENSG00000042980,0.34506471721065274,0.32352337122066804,0.4127245247364044
random,pca_ridge,4,ENSG00000122122,0.3116371218726739,0.3079503467168951,0.4616265892982483
random,pca_ridge,4,ENSG00000077585,0.05223741989815073,0.187216989127486,0.5492328405380249
random,pca_ridge,4,ENSG00000140323,0.02205109464388301,0.029873111369343196,0.06948591023683548
random,pca_ridge,4,ENSG00000125266,0.08137324440653976,0.0852679055260515,0.38054245710372925
random,pca_ridge,4,ENSG00000167685,0.08518662003018909,0.14728148800315166,0.4758386015892029
random,pca_ridge,4,ENSG00000219626,0.07916224506076966,0.09258803401036028,0.3548823595046997
random,pca_ridge,4,ENSG00000101811,0.045983421573312006,0.11857027764085051,0.33965277671813965
random,pca_ridge,4,ENSG00000196664,0.038193465430096114,0.07890022877377562,0.1702866107225418
random,pca_ridge,4,ENSG00000128578,0.07899767219100753,0.07026460934217314,0.25668463110923767
random,pca_ridge,4,ENSG00000177463,0.2007171479715375,0.13638967733284693,0.3381801247596741
random,pca_ridge,4,ENSG00000135365,-0.045788079356203965,-0.012101788188125316,0.5646762847900391
random,pca_ridge,4,ENSG00000185189,0.27533049844400354,0.3247182822738645,0.4995647668838501
random,pca_ridge,4,ENSG00000264575,0.10241468665316084,0.09925582164652738,0.08823047578334808
random,pca_ridge,4,ENSG00000163683,0.30006425406674525,0.21614692549280498,0.5839157104492188
random,pca_ridge,4,ENSG00000158966,0.011165006832182897,0.05621412935895104,0.21826164424419403
random,pca_ridge,4,ENSG00000182162,0.26652773544603026,0.2128913686883824,0.260911226272583
random,pca_ridge,4,ENSG00000168071,0.49408311952061335,0.45925290460030527,0.555080771446228
random,pca_ridge,4,ENSG00000079101,0.09079049515914972,0.1148250829293934,0.12198945134878159
random,pca_ridge,4,ENSG00000196476,-0.05345762688458092,-0.04640381404914617,0.17790193855762482
random,pca_ridge,4,ENSG00000231106,0.1101078393601293,0.045400956808489594,0.13884012401103973
random,spatial_knn,4,ENSG00000281383,0.15552269048329842,0.16412159566221607,1.239981325740072
random,spatial_knn,4,ENSG00000251562,0.22358834888031084,0.2364755216329084,0.9794224981588493
random,spatial_knn,4,ENSG00000137077,0.09499808564376216,0.10074474568651365,1.1554177746620689
random,spatial_knn,4,ENSG00000254709,-0.06700545337161698,-0.07818591896468145,1.584170940862727
random,spatial_knn,4,ENSG00000118785,0.017504384334454972,0.00312345713899849,1.4464612342980707
random,spatial_knn,4,ENSG00000108821,0.03664596540605537,0.05683785671867472,1.3617107433229938
random,spatial_knn,4,ENSG00000156738,0.03966340617895908,0.05998999023000702,0.9675820042886397
random,spatial_knn,4,ENSG00000019582,-0.0067116731846537415,-0.03473183496536757,1.2805429246169284
random,spatial_knn,4,ENSG00000132465,-0.04430818934804017,-0.05543986947414909,1.113737350366247
random,spatial_knn,4,ENSG00000169442,0.0947520654096848,0.10059354040827681,1.1912211603313287
random,spatial_knn,4,ENSG00000182492,-0.00442414254648762,-0.0029999234675552634,1.3266153657234656
random,spatial_knn,4,ENSG00000101335,0.05731441567108479,0.03254383351639918,1.0463896245618722
random,spatial_knn,4,ENSG00000105369,0.04329241420159655,0.08766461625488363,0.8385538896331965
random,spatial_knn,4,ENSG00000168542,0.06882847657006652,0.060664753289120625,1.2422824439351627
random,spatial_knn,4,ENSG00000204382,-0.024696965817895936,0.00895764483464093,0.5857965410014127
random,spatial_knn,4,ENSG00000261857,0.002364399260750822,-0.04666958887210094,1.3564478729112448
random,spatial_knn,4,ENSG00000185664,-0.14552525708661815,-0.1586114059686231,2.126840149220653
random,spatial_knn,4,ENSG00000245532,-0.05558844630841148,-0.09103826913986278,1.247138410746481
random,spatial_knn,4,ENSG00000153064,-0.021427744307304743,0.06678284401074158,0.3921611052729531
random,spatial_knn,4,ENSG00000137818,0.09266845652740556,0.02389247968043496,0.47015271671741393
random,spatial_knn,4,ENSG00000104921,0.15989531053292594,0.17422305592681547,0.43417911155606603
random,spatial_knn,4,ENSG00000164692,0.057741903991254215,0.06400737561070691,1.2434284133602165
random,spatial_knn,4,ENSG00000160307,-0.03503060545528422,-0.08246559120560605,1.6739145652736502
random,spatial_knn,4,ENSG00000126709,-0.04938758978024727,-0.07827893330125667,1.4417551224821685
random,spatial_knn,4,ENSG00000204287,0.10308644544176242,0.09018546485276402,1.2643705739909457
random,spatial_knn,4,ENSG00000105664,0.01822315530199566,0.00045044465633439014,0.5741502399304087
random,spatial_knn,4,ENSG00000227507,-0.07060126046624823,-0.06480633719007835,0.9375627021398902
random,spatial_knn,4,ENSG00000234745,-0.002141483569839687,-0.02402620667271651,1.2463994421167008
random,spatial_knn,4,ENSG00000104894,0.07560155083167971,0.09583890704942442,0.7595097653162944
random,spatial_knn,4,ENSG00000196092,-0.030971461433239113,0.013800160620645853,0.4590126471315625
random,spatial_knn,4,ENSG00000129538,0.0399650571174055,0.03461181740178875,1.2109161901809433
random,spatial_knn,4,ENSG00000143341,0.054365404212666536,0.03848941018308895,1.008240411130211
random,spatial_knn,4,ENSG00000139329,-0.015136980401383896,-0.024225508824882138,0.9278939309802353
random,spatial_knn,4,ENSG00000087086,0.13222264700214117,0.032842365338271534,0.6860613486356304
random,spatial_knn,4,ENSG00000140105,0.06928233162664596,0.08127841769602807,1.082720835831197
random,spatial_knn,4,ENSG00000162511,0.08399807449404254,0.07120940709309762,1.2136094568240197
random,spatial_knn,4,ENSG00000110799,0.06583150015301437,0.052590375875302665,0.8514745519665455
random,spatial_knn,4,ENSG00000107317,-0.017491183177600903,0.011933023716843441,0.9097078745674105
random,spatial_knn,4,ENSG00000173369,0.01085003931745383,0.011683520177752725,1.1927379624044592
random,spatial_knn,4,ENSG00000011465,-0.055768707364190546,-0.07199579269216187,0.9492830139749272
random,spatial_knn,4,ENSG00000115306,0.05809430679008497,0.01658837200296803,1.0475168803788548
random,spatial_knn,4,ENSG00000102879,0.06552256051868517,0.07451644787094755,0.9510346059092991
random,spatial_knn,4,ENSG00000104419,0.056353946324991584,0.04406560589788028,1.2635130883360228
random,spatial_knn,4,ENSG00000255823,0.019060977066065347,0.036723266177713355,1.190833390145242
random,spatial_knn,4,ENSG00000115461,-0.11176638034928103,-0.12229288057505106,1.153857312878703
random,spatial_knn,4,ENSG00000068831,-0.018851036389370506,0.02038982373405555,0.6634068273706052
random,spatial_knn,4,ENSG00000125730,-0.0739351321087815,-0.09692307717482265,0.8403866130111064
random,spatial_knn,4,ENSG00000206503,-0.016949696515956302,-0.011612413815539856,1.0603128092140883
random,spatial_knn,4,ENSG00000007312,-0.028768757683177007,-0.009370185825085245,0.9041882101863224
random,spatial_knn,4,ENSG00000145824,-0.026656345811567544,0.008418551789364823,0.6223170171574889
random,spatial_knn,4,ENSG00000152556,-0.11371103107468329,-0.10480601826914421,0.6021788223998211
random,spatial_knn,4,ENSG00000273576,-0.012174075397732877,0.015615381759785428,0.11965139840764864
random,spatial_knn,4,ENSG00000266074,-0.05087700953724454,-0.025515804727808858,0.3897791573159448
random,spatial_knn,4,ENSG00000198466,-0.04718928060588178,-0.08224460046283846,0.3701023461497189
random,spatial_knn,4,ENSG00000169884,0.03764733079803788,0.11135165529130345,0.1941343679226473
random,spatial_knn,4,ENSG00000126001,-0.0812047831225832,-0.10317600038676228,0.4886436082970851
random,spatial_knn,4,ENSG00000185963,-0.13725745739694406,-0.11733051194470989,0.572483130877857
random,spatial_knn,4,ENSG00000215845,-0.04571969934444067,0.015578529665165004,0.4748349840775739
random,spatial_knn,4,ENSG00000172936,0.020306510184426942,0.05923258993150917,0.5194569436125018
random,spatial_knn,4,ENSG00000179104,-0.004373018464714248,0.013292809086466024,0.3849007285064787
random,spatial_knn,4,ENSG00000006282,0.05043670909883828,0.06865864208085044,0.8188548471191694
random,spatial_knn,4,ENSG00000188917,-0.014693651731175605,0.033804500474901106,0.2488259618319174
random,spatial_knn,4,ENSG00000258130,-0.0028591287610386664,0.09438148121987881,0.18726297817587245
random,spatial_knn,4,ENSG00000149418,0.03698289627405223,0.08516027796170608,0.1931301746172397
random,spatial_knn,4,ENSG00000092020,-0.004323438535569036,0.029743607434603643,0.37413232796332263
random,spatial_knn,4,ENSG00000163564,0.06432186039117571,0.07266277482991995,0.3245172523561682
random,spatial_knn,4,ENSG00000182185,0.049103431080888646,0.007489031810951974,0.12255245844010354
random,spatial_knn,4,ENSG00000124588,-0.014547329013619504,-0.006156399559595507,0.6421182181935084
random,spatial_knn,4,ENSG00000172113,0.03877200797924436,0.07744266421320516,0.35954920038259
random,spatial_knn,4,ENSG00000181450,0.0026307697665615636,0.07154146814731772,0.2632541586526976
random,spatial_knn,4,ENSG00000173706,-0.03795618374363029,-0.006457296851848944,0.48462436729481895
random,spatial_knn,4,ENSG00000159239,-0.018951156224756207,-0.04099769588867697,0.1941544433075064
random,spatial_knn,4,ENSG00000115474,-0.044468025012054546,-0.03948901732297662,0.2890918457525221
random,spatial_knn,4,ENSG00000162739,0.050281788403209744,0.061269743254242046,0.3889097478630861
random,spatial_knn,4,ENSG00000154175,0.00551097796799518,-0.020341818063155163,0.2902153215522123
random,spatial_knn,4,ENSG00000181264,-0.032934148756968464,0.03478803698262334,0.3375058216939275
random,spatial_knn,4,ENSG00000104643,0.0767566684406452,0.07213009991409601,0.27786559952375356
random,spatial_knn,4,ENSG00000116030,0.04495788004719112,0.05827500560908799,0.45570859735355596
random,spatial_knn,4,ENSG00000166192,-0.03291658417857324,-0.05018121227733802,0.2047640082023056
random,spatial_knn,4,ENSG00000069431,0.13738025376497098,0.07789634709371834,0.13834289035780398
random,spatial_knn,4,ENSG00000104361,-0.04402314246225792,-0.07693917713759447,0.2735303331416565
random,spatial_knn,4,ENSG00000121039,-0.0865656430552465,-0.1264609024639807,0.20122725233571231
random,spatial_knn,4,ENSG00000013619,-0.04441054550627315,-0.009962548449535112,0.24345658319531166
random,spatial_knn,4,ENSG00000185008,-0.04893688854800705,-0.06632986802722174,0.12173576920467519
random,spatial_knn,4,ENSG00000077984,0.015833196997928404,0.06500963090265925,0.39609843193374106
random,spatial_knn,4,ENSG00000161526,-0.029054262199890338,-0.02490117655413113,0.6958393599704067
random,spatial_knn,4,ENSG00000109618,-0.07926733109673631,-0.12238185250118136,0.3278374479458531
random,spatial_knn,4,ENSG00000019995,-0.006025808152037542,0.04377153974114912,0.24976510832889423
random,spatial_knn,4,ENSG00000120314,-0.02786400629101945,-0.017886792786908245,0.4683056515552845
random,spatial_knn,4,ENSG00000155749,0.014134824975693598,0.08823363666532266,0.2566713306769934
random,spatial_knn,4,ENSG00000129116,0.05894896008584865,0.008048209189164377,0.5965070740785157
random,spatial_knn,4,ENSG00000109743,0.007223524347647453,0.02270393245101292,0.27523731535065266
random,spatial_knn,4,ENSG00000089060,-0.06788231916477619,-0.04861751503265207,0.4485134512662183
random,spatial_knn,4,ENSG00000120800,0.01100269908875817,0.012734002930381929,0.5697887707120061
random,spatial_knn,4,ENSG00000117069,0.06776065517195207,-0.0068968337355993625,0.22480041554530467
random,spatial_knn,4,ENSG00000104427,-0.042115417421820525,-0.03674798733407414,0.2818336173615573
random,spatial_knn,4,ENSG00000268651,-0.04743132182129376,-0.07106518841545857,0.11823957241867471
random,spatial_knn,4,ENSG00000070731,-0.059464721550451766,-0.052149495376360974,0.8561277011263708
random,spatial_knn,4,ENSG00000142731,0.006672514049079032,0.013148482129171099,0.1671182206435082
random,spatial_knn,4,ENSG00000172578,-0.01896527839446531,0.014300636483819143,0.33719959491329254
random,spatial_knn,4,ENSG00000172508,-0.04470767584920526,-0.06736416844580445,0.18751534573027637
random,spatial_knn,4,ENSG00000164975,-0.024883543014124543,0.029260355522284075,0.4382147503127842
random,spatial_knn,4,ENSG00000147789,-0.10309449881124155,-0.11885551828604278,0.5568750027762375
random,spatial_knn,4,ENSG00000164330,-0.012165903939801836,0.0414902939469315,0.3132077143371055
random,spatial_knn,4,ENSG00000166451,-0.052692983254841584,-0.017078301860201962,0.23897618336215187
random,spatial_knn,4,ENSG00000197302,0.08530048184841306,0.19456542473076407,0.27571044660042054
random,spatial_knn,4,ENSG00000168298,0.033922061373555926,0.061073884414833746,0.3331245182584991
random,spatial_knn,4,ENSG00000205238,-0.05129581203209633,-0.0609894170863951,0.17236583238024414
random,spatial_knn,4,ENSG00000137812,-0.02414958550183574,0.031965409970470086,0.175497965186821
random,spatial_knn,4,ENSG00000269439,-0.03248585290027697,-0.08554545195526908,0.24568487397611863
random,spatial_knn,4,ENSG00000115271,-0.06497286030444548,-0.04297596226532002,0.4684169935509696
random,spatial_knn,4,ENSG00000078596,-0.018862146077496866,0.0015042846908300124,0.5732690323091587
random,spatial_knn,4,ENSG00000162882,-0.04279473421977761,-0.0529825199507743,0.1680296827789299
random,spatial_knn,4,ENSG00000179820,0.1279085678595833,0.1092169546526972,0.7551236322966107
random,spatial_knn,4,ENSG00000159023,0.08280197175869589,-0.011065241661163384,0.2017490351876889
random,spatial_knn,4,ENSG00000196873,0.18365206742842918,0.13059044140395024,0.3615144062581532
random,spatial_knn,4,ENSG00000067715,-0.045559647381055966,-0.06185048012936581,0.14314437777783717
random,spatial_knn,4,ENSG00000245164,-0.00536166633508215,0.042953234248692816,0.36159222756052656
random,spatial_knn,4,ENSG00000054967,-0.026938858684403055,-0.0009179884769938683,0.36552688735257766
random,spatial_knn,4,ENSG00000000971,0.0038449349330005054,0.0338351110981484,0.6102417671942832
random,spatial_knn,4,ENSG00000189362,0.06042849874510712,0.08976873810187569,0.18997213901099863
random,spatial_knn,4,ENSG00000171016,0.07937441258734297,0.021052510119420338,0.30750454018479567
random,spatial_knn,4,ENSG00000132704,-0.010426882891794088,0.04278106808880066,0.2654257847617852
random,spatial_knn,4,ENSG00000116830,0.06874876491616166,0.09426087962548992,0.2908549671513007
random,spatial_knn,4,ENSG00000171241,-0.04477500596936599,-0.05097377739201693,0.42137248963917273
random,spatial_knn,4,ENSG00000136504,0.07966317622594035,0.019449620304179342,0.4352274234640642
random,spatial_knn,4,ENSG00000169629,-0.05979650082331246,-0.08942310518863841,0.2623090840148733
random,spatial_knn,4,ENSG00000274419,-0.11543805328888487,-0.12643561093459796,0.48445801209694467
random,spatial_knn,4,ENSG00000141480,-0.029496088509881863,-0.03874960799082391,0.7425698824919805
random,spatial_knn,4,ENSG00000042980,0.06746566546052088,-0.001031152850502342,0.4473166898581961
random,spatial_knn,4,ENSG00000122122,0.06567487123352424,0.041689833977979214,0.4991622746697842
random,spatial_knn,4,ENSG00000077585,0.028974361918881836,0.08788924131341672,0.5601983147557323
random,spatial_knn,4,ENSG00000140323,-0.02274484137012381,-0.032834570148238255,0.09068641929781932
random,spatial_knn,4,ENSG00000125266,-0.0544720505617853,-0.061222349267552545,0.39292755563224047
random,spatial_knn,4,ENSG00000167685,-0.07255581505256753,-0.04346847776589773,0.5027184852598269
random,spatial_knn,4,ENSG00000219626,-0.04096805992005765,-0.08075664338786405,0.36886913780503816
random,spatial_knn,4,ENSG00000101811,0.039214653579929,0.001986475268964887,0.3423935340171716
random,spatial_knn,4,ENSG00000196664,0.029815642077989164,0.051613632394118425,0.1853880826402305
random,spatial_knn,4,ENSG00000128578,-0.0680518369426564,-0.10880317113561576,0.28110286997364065
random,spatial_knn,4,ENSG00000177463,0.1587314302924443,-0.003578331963172734,0.34634701521805317
random,spatial_knn,4,ENSG00000135365,-0.025829320115681995,-0.008858316368647751,0.5793947803479013
random,spatial_knn,4,ENSG00000185189,-0.008078186925551192,0.02554626213235806,0.5572588733643633
random,spatial_knn,4,ENSG00000264575,-0.015649430525575308,-0.02445710871812335,0.10227567855152193
random,spatial_knn,4,ENSG00000163683,-0.05663241679328334,-0.018052548036822907,0.6486593079628705
random,spatial_knn,4,ENSG00000158966,-0.010003747114375586,0.019107737391454535,0.22377713183329204
random,spatial_knn,4,ENSG00000182162,0.0807927078936064,0.10155211993023329,0.27924497387698
random,spatial_knn,4,ENSG00000168071,-0.013482867050738697,-0.01941560557473589,0.658466337556153
random,spatial_knn,4,ENSG00000079101,0.04758062155768575,0.027614479861068023,0.12645578338211735
random,spatial_knn,4,ENSG00000196476,0.04530988084552558,0.0465178674528841,0.1906461087291089
random,spatial_knn,4,ENSG00000231106,-0.01871590183083691,-0.0025389668837024707,0.14372130076509482
