split,model,seed,gene,pearson,spearman,rmse
random,mean,0,SCGB2A2,0.0,,1.5260955095291138
random,mean,0,SCGB1D2,0.0,,1.1881873607635498
random,mean,0,MBP,,,1.2244096994400024
random,mean,0,GFAP,0.0,,1.2161943912506104
random,mean,0,PLP1,0.0,,1.2873411178588867
random,mean,0,SAA1,,,0.8479355573654175
random,mean,0,MGP,,,1.0417487621307373
random,mean,0,IGKC,0.0,,1.0231213569641113
random,mean,0,FABP4,0.0,,0.75333172082901
random,mean,0,MOBP,0.0,,0.8757466673851013
random,mean,0,HBB,0.0,,0.8265683054924011
random,mean,0,NEFL,,,1.0246171951293945
random,mean,0,TF,,,0.962047815322876
random,mean,0,IGHG3,0.0,,0.4862040877342224
random,mean,0,CNP,0.0,,1.0893088579177856
random,mean,0,CPB1,,,0.4990309178829193
random,mean,0,CRYAB,0.0,,1.0944702625274658
random,mean,0,IGHA1,0.0,,0.6461802124977112
random,mean,0,KRT8,,,0.9121165871620178
random,mean,0,MUC1,,,0.9765438437461853
random,mean,0,KRT19,0.0,,1.0154904127120972
random,mean,0,IGLC2,,,0.6882953643798828
random,mean,0,TFF1,,,0.7999631762504578
random,mean,0,MAG,0.0,,0.7437504529953003
random,mean,0,ERMN,0.0,,0.6331012845039368
random,mean,0,CLDN11,0.0,,0.6921517252922058
random,mean,0,CLDND1,0.0,,0.8982813358306885
random,mean,0,SPP1,,,0.7916843295097351
random,mean,0,PPP1R14A,0.0,,0.8183345794677734
random,mean,0,S100B,,,1.0543240308761597
random,mean,0,MOG,,,0.5525256991386414
random,mean,0,MALAT1,,,1.051291584968567
random,mean,0,CARNS1,,,0.5767807960510254
random,mean,0,IGHG4,,,0.4568954408168793
random,mean,0,KRT18,,,0.8334740996360779
random,mean,0,BCAS1,0.0,,0.6902703642845154
random,mean,0,PTGDS,0.0,,0.9432082176208496
random,mean,0,SAA2,,,0.39118582010269165
random,mean,0,SEPT4,,,0.8633534908294678
random,mean,0,TFF3,0.0,,0.8542214035987854
random,mean,0,HPCAL1,,,0.9251964092254639
random,mean,0,S100A11,,,0.8854035139083862
random,mean,0,ALB,,,0.16254232823848724
random,mean,0,RNASE1,,,0.8561606407165527
random,mean,0,TMEM144,,,0.5660213232040405
random,mean,0,ENPP2,,,0.6566016674041748
random,mean,0,MAL,0.0,,0.6533122658729553
random,mean,0,NKX6-2,,,0.50164794921875
random,mean,0,HSPA2,0.0,,0.6045392751693726
random,mean,0,G0S2,0.0,,0.4559672474861145
random,pca_ridge,0,SCGB2A2,0.2913108016328203,0.2877636210295362,1.4599545001983643
random,pca_ridge,0,SCGB1D2,0.2400092376733839,0.23713763494337517,1.1535394191741943
random,pca_ridge,0,MBP,0.5289670647670925,0.43532296744780064,1.039260745048523
random,pca_ridge,0,GFAP,0.47632159235885047,0.42717342480982384,1.069374918937683
random,pca_ridge,0,PLP1,0.5342073821263146,0.40032076597810357,1.088169813156128
random,pca_ridge,0,SAA1,0.1434989785611016,0.12411655032446596,0.839174211025238
random,pca_ridge,0,MGP,0.133064076821159,0.1145388581422675,1.0330785512924194
random,pca_ridge,0,IGKC,0.035346066328297183,0.02861206023823328,1.0253546237945557
random,pca_ridge,0,FABP4,0.12061054789046113,0.09563231689557897,0.7480871081352234
random,pca_ridge,0,MOBP,0.5008851859102648,0.32312729548943897,0.7580531239509583
random,pca_ridge,0,HBB,0.08046428774434031,0.07947157063712607,0.8240106105804443
random,pca_ridge,0,NEFL,0.4997717671119546,0.43060428821250735,0.887736439704895
random,pca_ridge,0,TF,0.49742485300014616,0.33541726781234205,0.8346686959266663
random,pca_ridge,0,IGHG3,0.03744751320634379,0.039454617239213896,0.4860410988330841
random,pca_ridge,0,CNP,0.4624431789767366,0.3164521080861902,0.9660068154335022
random,pca_ridge,0,CPB1,0.08339858759840965,0.09538731559608798,0.4973074197769165
random,pca_ridge,0,CRYAB,0.43944565040400363,0.3100096557795871,0.9832901358604431
random,pca_ridge,0,IGHA1,0.06632906419231248,0.03873387921646894,0.6451753973960876
random,pca_ridge,0,KRT8,0.2729693343272884,0.219439398507372,0.8774684071540833
random,pca_ridge,0,MUC1,0.2531583726378961,0.23562980122759447,0.9449013471603394
random,pca_ridge,0,KRT19,0.22876488870757572,0.20300630272646558,0.9885715246200562
random,pca_ridge,0,IGLC2,0.06394640946618194,0.04155041714691533,0.6871996521949768
random,pca_ridge,0,TFF1,0.12150451513010445,0.13029909666906908,0.7947626113891602
random,pca_ridge,0,MAG,0.47548077308968295,0.3067172577970993,0.6545068025588989
random,pca_ridge,0,ERMN,0.4689085662620669,0.29402165089548266,0.5593053698539734
random,pca_ridge,0,CLDN11,0.46597465394572957,0.29952299995345444,0.6125503778457642
random,pca_ridge,0,CLDND1,0.4355091096966255,0.29621914401775573,0.8087871074676514
random,pca_ridge,0,SPP1,0.4429479004323408,0.29770135212588034,0.7097733020782471
random,pca_ridge,0,PPP1R14A,0.4063706828709701,0.256039585125957,0.7480145692825317
random,pca_ridge,0,S100B,0.37080930977791166,0.2989291354737398,0.9793453216552734
random,pca_ridge,0,MOG,0.44013097108371374,0.2674397394186261,0.49619510769844055
random,pca_ridge,0,MALAT1,0.21388612095942156,0.2420677028914593,1.0270469188690186
random,pca_ridge,0,CARNS1,0.4447020528708622,0.2734654251617378,0.5166941285133362
random,pca_ridge,0,IGHG4,0.01638362994082674,0.022424832475812537,0.45745858550071716
random,pca_ridge,0,KRT18,0.24465212601779002,0.18820650386163068,0.8081746697425842
random,pca_ridge,0,BCAS1,0.36342093352774196,0.2509091464592042,0.6430014371871948
random,pca_ridge,0,PTGDS,0.35019858342416593,0.3260102029576294,0.8835976123809814
random,pca_ridge,0,SAA2,0.096208540089688,0.0908832122797672,0.389385849237442
random,pca_ridge,0,SEPT4,0.35486939528586536,0.26238312995145074,0.8071796298027039
random,pca_ridge,0,TFF3,0.15792783339607006,0.14528873597817166,0.8435224294662476
random,pca_ridge,0,HPCAL1,0.22956202124637926,0.23658803444674056,0.9005826711654663
random,pca_ridge,0,S100A11,0.24668660382935687,0.18779390257430784,0.8583357334136963
random,pca_ridge,0,ALB,0.03306774483085773,0.023518083975187214,0.16249796748161316
random,pca_ridge,0,RNASE1,0.3701216495258062,0.24835095536687998,0.7954010963439941
random,pca_ridge,0,TMEM144,0.41127181510881267,0.2585378195291318,0.5160523653030396
random,pca_ridge,0,ENPP2,0.37414680899516345,0.24521060246495943,0.6092795729637146
random,pca_ridge,0,MAL,0.3913747528550946,0.25105021071069245,0.6013689637184143
random,pca_ridge,0,NKX6-2,0.3929180582541687,0.25037126439383506,0.46133214235305786
random,pca_ridge,0,HSPA2,0.3908625790993153,0.2493335560048488,0.5564611554145813
random,pca_ridge,0,G0S2,0.11392385120907862,0.10036166779479656,0.45301198959350586
random,spatial_knn,0,SCGB2A2,0.711820744117748,0.6996394512961125,1.0760349947045071
random,spatial_knn,0,SCGB1D2,0.5789299607372738,0.5777488150138129,0.9765013562176447
random,spatial_knn,0,MBP,0.4921049649238402,0.43668188889979814,1.076925184189049
random,spatial_knn,0,GFAP,0.26238505413274743,0.2355644187512886,1.194857986899473
random,spatial_knn,0,PLP1,0.4616755249621125,0.3814978550440536,1.1552381818962802
random,spatial_knn,0,SAA1,0.4867722073680147,0.43258890071488326,0.750642248954629
random,spatial_knn,0,MGP,0.4392274131957869,0.4035151397557701,0.946848381469695
random,spatial_knn,0,IGKC,0.3491790475341866,0.33997224643356816,0.9788545773882009
random,spatial_knn,0,FABP4,0.43574366060207465,0.397495657728534,0.690351797210755
random,spatial_knn,0,MOBP,0.4040407934776469,0.28343231283530274,0.810092244309586
random,spatial_knn,0,HBB,0.3200449184679258,0.24548464802049585,0.8001889999136078
random,spatial_knn,0,NEFL,0.1970853090678827,0.17611289054429335,1.0320133548071466
random,spatial_knn,0,TF,0.3488414237248782,0.26525506366066426,0.9154872835117441
random,spatial_knn,0,IGHG3,0.2619569125030612,0.1700847352828256,0.4844363189574388
random,spatial_knn,0,CNP,0.33512679013017854,0.25906407029012907,1.0424648907119565
random,spatial_knn,0,CPB1,0.38340971682116765,0.33540892668640065,0.46637815629126733
random,spatial_knn,0,CRYAB,0.2980286498760436,0.2349852421464972,1.0665026235273798
random,spatial_knn,0,IGHA1,0.24623436061739612,0.254263372571789,0.6462571887387644
random,spatial_knn,0,KRT8,0.34608378811913654,0.3136288578671548,0.8691605518276749
random,spatial_knn,0,MUC1,0.32751633668580976,0.3345799482843831,0.9369941168793223
random,spatial_knn,0,KRT19,0.3209329173678892,0.32053143962724423,0.9773733761521101
random,spatial_knn,0,IGLC2,0.2657541914552586,0.24381222440713607,0.6811710470123981
random,spatial_knn,0,TFF1,0.3193891708384027,0.334240387587625,0.773958300520869
random,spatial_knn,0,MAG,0.3024959489183733,0.21232258169204576,0.7216809571459745
random,spatial_knn,0,ERMN,0.3058706933159394,0.21676038246971313,0.6138485834094123
random,spatial_knn,0,CLDN11,0.28311701403930256,0.19589837707555946,0.6768478199371366
random,spatial_knn,0,CLDND1,0.28993810045945645,0.21794970884382883,0.8753303843150009
random,spatial_knn,0,SPP1,0.25869221452278135,0.19257541853379723,0.7856701447224411
random,spatial_knn,0,PPP1R14A,0.2680836103967119,0.19747301068666656,0.8075078278533888
random,spatial_knn,0,S100B,0.19271846022138023,0.16088960116109155,1.0587879541285845
random,spatial_knn,0,MOG,0.2728418999628238,0.19185955384427572,0.5421407578223165
random,spatial_knn,0,MALAT1,0.2100473103521895,0.19811978597797034,1.0526840104999708
random,spatial_knn,0,CARNS1,0.22156093786180836,0.1831440872934802,0.5790383674902014
random,spatial_knn,0,IGHG4,0.19790856838265466,0.15471271534365955,0.46559677886453527
random,spatial_knn,0,KRT18,0.28485458093518956,0.27521569895382225,0.8113400572411094
random,spatial_knn,0,BCAS1,0.2609305650655036,0.19471562463567188,0.6776438591013965
random,spatial_knn,0,PTGDS,0.10634175959712357,0.11103377567102822,0.9750603413215383
random,spatial_knn,0,SAA2,0.2640304094091567,0.2730097068309397,0.3853337757433966
random,spatial_knn,0,SEPT4,0.22574081549083472,0.17455534542424084,0.8613759337311906
random,spatial_knn,0,TFF3,0.210067559175451,0.2227718246980954,0.8607875583238261
random,spatial_knn,0,HPCAL1,0.11938743608116108,0.11762360442145064,0.9548338726599959
random,spatial_knn,0,S100A11,0.270472721856864,0.22506299576874692,0.8692775220174496
random,spatial_knn,0,ALB,0.33047043280589805,0.1601358672804656,0.15636173274650306
random,spatial_knn,0,RNASE1,0.21814962493507803,0.17213096393531424,0.8577429224729295
random,spatial_knn,0,TMEM144,0.22325939206613502,0.17199313648629938,0.5668969330368973
random,spatial_knn,0,ENPP2,0.24316334115720317,0.1553295979362539,0.6502615120420716
random,spatial_knn,0,MAL,0.22917987109883972,0.17774188984621161,0.6514816500424663
random,spatial_knn,0,NKX6-2,0.24545554962240126,0.19369020721316668,0.49549598109622217
random,spatial_knn,0,HSPA2,0.23004274901857166,0.17734974213812688,0.6019429038920759
random,spatial_knn,0,G0S2,0.23349014559105757,0.24453926862607567,0.45552093871545346
matched_hop0,mean,0,SCGB2A2,,,1.4139487743377686
matched_hop0,mean,0,SCGB1D2,,,1.1176453828811646
matched_hop0,mean,0,MBP,0.0,,1.0693893432617188
matched_hop0,mean,0,GFAP,0.0,,1.1063594818115234
matched_hop0,mean,0,PLP1,,,1.1206802129745483
matched_hop0,mean,0,SAA1,,,1.011454701423645
matched_hop0,mean,0,MGP,,,1.1461459398269653
matched_hop0,mean,0,IGKC,0.0,,0.9216110110282898
matched_hop0,mean,0,FABP4,0.0,,0.9048886299133301
matched_hop0,mean,0,MOBP,,,0.6536226272583008
matched_hop0,mean,0,HBB,0.0,,0.9039648175239563
matched_hop0,mean,0,NEFL,,,0.9691310524940491
matched_hop0,mean,0,TF,,,0.7882503867149353
matched_hop0,mean,0,IGHG3,0.0,,0.510532021522522
matched_hop0,mean,0,CNP,,,0.9277656078338623
matched_hop0,mean,0,CPB1,0.0,,0.6304104924201965
matched_hop0,mean,0,CRYAB,,,0.9600686430931091
matched_hop0,mean,0,IGHA1,0.0,,0.5359525084495544
matched_hop0,mean,0,KRT8,0.0,,0.7662706971168518
matched_hop0,mean,0,MUC1,0.0,,0.9118691086769104
matched_hop0,mean,0,KRT19,,,0.9444860816001892
matched_hop0,mean,0,IGLC2,,,0.594475507736206
matched_hop0,mean,0,TFF1,0.0,,0.7942260503768921
matched_hop0,mean,0,MAG,,,0.5911601185798645
matched_hop0,mean,0,ERMN,0.0,,0.4793073534965515
matched_hop0,mean,0,CLDN11,,,0.5350720882415771
matched_hop0,mean,0,CLDND1,0.0,,0.7523654699325562
matched_hop0,mean,0,SPP1,,,0.6306937336921692
matched_hop0,mean,0,PPP1R14A,,,0.6692310571670532
matched_hop0,mean,0,S100B,,,0.9636619687080383
matched_hop0,mean,0,MOG,,,0.3979949355125427
matched_hop0,mean,0,MALAT1,,,1.005491018295288
matched_hop0,mean,0,CARNS1,,,0.4451145529747009
matched_hop0,mean,0,IGHG4,0.0,,0.4408128261566162
matched_hop0,mean,0,KRT18,,,0.6983206272125244
matched_hop0,mean,0,BCAS1,0.0,,0.5288259983062744
matched_hop0,mean,0,PTGDS,0.0,,0.8508158922195435
matched_hop0,mean,0,SAA2,0.0,,0.5073491334915161
matched_hop0,mean,0,SEPT4,0.0,,0.7457103729248047
matched_hop0,mean,0,TFF3,,,0.8343944549560547
matched_hop0,mean,0,HPCAL1,,,0.9244716763496399
matched_hop0,mean,0,S100A11,,,0.7645299434661865
matched_hop0,mean,0,ALB,0.0,,0.0933074802160263
matched_hop0,mean,0,RNASE1,,,0.7596101760864258
matched_hop0,mean,0,TMEM144,,,0.44381076097488403
matched_hop0,mean,0,ENPP2,0.0,,0.5507875084877014
matched_hop0,mean,0,MAL,,,0.5452921390533447
matched_hop0,mean,0,NKX6-2,,,0.37749728560447693
matched_hop0,mean,0,HSPA2,0.0,,0.4789656400680542
matched_hop0,mean,0,G0S2,0.0,,0.5528850555419922
matched_hop0,pca_ridge,0,SCGB2A2,0.17410796057913622,0.16609819794203545,1.4131319522857666
matched_hop0,pca_ridge,0,SCGB1D2,0.16579783865893677,0.1630254378067878,1.1121021509170532
matched_hop0,pca_ridge,0,MBP,0.36748388353752875,0.3746204974457967,0.9975517392158508
matched_hop0,pca_ridge,0,GFAP,0.4113173263403401,0.3558328316796826,1.0087370872497559
matched_hop0,pca_ridge,0,PLP1,0.3243319908299171,0.296106449376437,1.061481237411499
matched_hop0,pca_ridge,0,SAA1,0.19035978433969822,0.1694021529182898,0.9967265129089355
matched_hop0,pca_ridge,0,MGP,0.17775888230146553,0.1537989030572077,1.1302629709243774
matched_hop0,pca_ridge,0,IGKC,0.04782108922593916,0.0425596283747498,0.9218131899833679
matched_hop0,pca_ridge,0,FABP4,0.20479417580502354,0.1656914874673212,0.8904524445533752
matched_hop0,pca_ridge,0,MOBP,0.20025966243859264,0.1870782007674372,0.6419478058815002
matched_hop0,pca_ridge,0,HBB,0.028919164972515288,0.06629809914773747,0.9039984345436096
matched_hop0,pca_ridge,0,NEFL,0.48919657630022584,0.40809598778887646,0.8451673984527588
matched_hop0,pca_ridge,0,TF,0.2484869035135352,0.23998765783643633,0.7640042304992676
matched_hop0,pca_ridge,0,IGHG3,0.01764530020033206,0.037306893586996,0.5109021067619324
matched_hop0,pca_ridge,0,CNP,0.24939931765051612,0.22156852074064462,0.8986775875091553
matched_hop0,pca_ridge,0,CPB1,0.09300949284046833,0.11105401993656512,0.6278878450393677
matched_hop0,pca_ridge,0,CRYAB,0.18646662914253492,0.1637361403653896,0.9447862505912781
matched_hop0,pca_ridge,0,IGHA1,0.0096243351952664,-0.000508299225008465,0.5390461683273315
matched_hop0,pca_ridge,0,KRT8,0.10929828047971536,0.09477556299066701,0.7645995616912842
matched_hop0,pca_ridge,0,MUC1,0.13823143603514987,0.1365900077668745,0.9064990878105164
matched_hop0,pca_ridge,0,KRT19,0.15771144790045472,0.14654698604932373,0.9331153035163879
matched_hop0,pca_ridge,0,IGLC2,0.019734199115483034,-0.00029803640188257903,0.5957629680633545
matched_hop0,pca_ridge,0,TFF1,0.14367874982313406,0.1572242356081738,0.7867060899734497
matched_hop0,pca_ridge,0,MAG,0.19032135251838894,0.17773881236523958,0.5809307098388672
matched_hop0,pca_ridge,0,ERMN,0.187978021128428,0.1789576766481517,0.4713049530982971
matched_hop0,pca_ridge,0,CLDN11,0.17409240548662777,0.16959857755138935,0.5277215838432312
matched_hop0,pca_ridge,0,CLDND1,0.20005218659384544,0.21464844196160568,0.7381764650344849
matched_hop0,pca_ridge,0,SPP1,0.21454093108453992,0.22267743598707213,0.6166576743125916
matched_hop0,pca_ridge,0,PPP1R14A,0.1482496051870812,0.146560399658806,0.663776695728302
matched_hop0,pca_ridge,0,S100B,0.2325168346102854,0.2223805880679408,0.9378875494003296
matched_hop0,pca_ridge,0,MOG,0.14509452747034968,0.14001049489743567,0.3948422968387604
matched_hop0,pca_ridge,0,MALAT1,0.1870245448580641,0.21700684724480085,0.9871774315834045
matched_hop0,pca_ridge,0,CARNS1,0.17191001238929704,0.17818167666862886,0.43910571932792664
matched_hop0,pca_ridge,0,IGHG4,0.017622773284859356,0.02649927057139595,0.4412734806537628
matched_hop0,pca_ridge,0,KRT18,0.09761660756138553,0.07920323496988103,0.6973764896392822
matched_hop0,pca_ridge,0,BCAS1,0.14772732280729264,0.1532378424927887,0.5240465998649597
matched_hop0,pca_ridge,0,PTGDS,0.18317419837684068,0.19996024660992337,0.8368998765945435
matched_hop0,pca_ridge,0,SAA2,0.10132012745514091,0.09222456062153725,0.5050361156463623
matched_hop0,pca_ridge,0,SEPT4,0.20573411473554976,0.23176462170909104,0.7301405072212219
matched_hop0,pca_ridge,0,TFF3,0.14824780975152363,0.1479583926297557,0.8253639340400696
matched_hop0,pca_ridge,0,HPCAL1,0.2258107433100897,0.23147752373864694,0.8994857668876648
matched_hop0,pca_ridge,0,S100A11,0.11206134520850444,0.08962615224504022,0.7623298168182373
matched_hop0,pca_ridge,0,ALB,0.005862422274395195,0.004083680074464463,0.09394626319408417
matched_hop0,pca_ridge,0,RNASE1,0.15447418043879907,0.1505890063260703,0.75064617395401
matched_hop0,pca_ridge,0,TMEM144,0.1481929394103727,0.15522260964982468,0.439741849899292
matched_hop0,pca_ridge,0,ENPP2,0.14830882124011874,0.16622133722219265,0.5453218817710876
matched_hop0,pca_ridge,0,MAL,0.1279998557028948,0.1318710486221027,0.5415083765983582
matched_hop0,pca_ridge,0,NKX6-2,0.1431008933441138,0.1442940070455179,0.3738170266151428
matched_hop0,pca_ridge,0,HSPA2,0.13835715309809044,0.13102121914143142,0.47481203079223633
matched_hop0,pca_ridge,0,G0S2,0.11773699784740488,0.09734020481968908,0.549152135848999
matched_hop0,spatial_knn,0,SCGB2A2,0.4285930920298521,0.3967746482794313,1.4542286661638697
matched_hop0,spatial_knn,0,SCGB1D2,0.34364666838772573,0.3370699871191905,1.1297294207390676
matched_hop0,spatial_knn,0,MBP,0.28276809909488665,0.23711825235018108,1.0242416207162268
matched_hop0,spatial_knn,0,GFAP,0.04971834722886368,0.05429744800628848,1.1491054231546438
matched_hop0,spatial_knn,0,PLP1,0.20706603626695175,0.18109524317294953,1.1049565828483559
matched_hop0,spatial_knn,0,SAA1,0.4013278421960847,0.41248468458456455,0.9223097504856995
matched_hop0,spatial_knn,0,MGP,0.18128043644544484,0.1931460373767169,1.1751935309302783
matched_hop0,spatial_knn,0,IGKC,0.32691582339060443,0.3294787483285705,0.8982426598638126
matched_hop0,spatial_knn,0,FABP4,0.37635239459602976,0.36085276006838013,0.8334460959695249
matched_hop0,spatial_knn,0,MOBP,0.13865018277551885,0.0873735949793941,0.6523248228909567
matched_hop0,spatial_knn,0,HBB,0.26603975644077776,0.21471218923809773,0.8773204257952872
matched_hop0,spatial_knn,0,NEFL,0.1619062963856279,0.1369995762544064,0.9814118127299357
matched_hop0,spatial_knn,0,TF,0.13171025930398703,0.09947001621619167,0.7904135120438606
matched_hop0,spatial_knn,0,IGHG3,0.21229937272452457,0.19481927344705366,0.5030201744658623
matched_hop0,spatial_knn,0,CNP,0.11123106170381958,0.09106289793799867,0.9326212051432506
matched_hop0,spatial_knn,0,CPB1,0.35027194001354606,0.3383968236513721,0.5871809236639638
matched_hop0,spatial_knn,0,CRYAB,0.06413633460385523,0.05555705559625859,0.9802475933619104
matched_hop0,spatial_knn,0,IGHA1,0.11254256518943717,0.14221103213892275,0.5360405723783221
matched_hop0,spatial_knn,0,KRT8,0.11624382831395058,0.09495484823602003,0.7786293469201735
matched_hop0,spatial_knn,0,MUC1,0.1696036068343833,0.17394684858170112,0.9297258349401701
matched_hop0,spatial_knn,0,KRT19,0.19801681856586673,0.16907022931237273,0.9685736140777899
matched_hop0,spatial_knn,0,IGLC2,0.19301802673784357,0.21056577165055132,0.5860062898907527
matched_hop0,spatial_knn,0,TFF1,0.16722359897614578,0.17149489415248126,0.8033304493523549
matched_hop0,spatial_knn,0,MAG,0.08270616560057108,0.05395960387462166,0.6021777751153969
matched_hop0,spatial_knn,0,ERMN,0.09672065082591418,0.059313807930101686,0.48372998520889093
matched_hop0,spatial_knn,0,CLDN11,0.04066846155212807,0.02482015752262819,0.5520541105963918
matched_hop0,spatial_knn,0,CLDND1,0.09511318214326811,0.0623819000624438,0.759569207653765
matched_hop0,spatial_knn,0,SPP1,0.10101919936548093,0.07122938753361258,0.6398635620030164
matched_hop0,spatial_knn,0,PPP1R14A,0.03029656062421991,0.020559028200354563,0.6839395537464547
matched_hop0,spatial_knn,0,S100B,0.03650094372764923,0.034682968570662887,0.9880363716110155
matched_hop0,spatial_knn,0,MOG,0.07580599815454753,0.05233991178593533,0.4026605634914489
matched_hop0,spatial_knn,0,MALAT1,0.13160470542570302,0.16026945530189152,1.0095347419247878
matched_hop0,spatial_knn,0,CARNS1,0.014064977728216231,0.018106724164629804,0.4577480168813881
matched_hop0,spatial_knn,0,IGHG4,0.19270786659417694,0.16924687502132033,0.43974123812756777
matched_hop0,spatial_knn,0,KRT18,0.11384384899350117,0.10172304887215648,0.7122357570381972
matched_hop0,spatial_knn,0,BCAS1,0.07532254304374598,0.054499153736722795,0.5364616829601571
matched_hop0,spatial_knn,0,PTGDS,-0.005013239826088534,0.003361504258010276,0.8887482936343328
matched_hop0,spatial_knn,0,SAA2,0.10992213185632291,0.19428263963044984,0.5226503818339744
matched_hop0,spatial_knn,0,SEPT4,0.07269654764025268,0.04829072234405787,0.7634713638646539
matched_hop0,spatial_knn,0,TFF3,0.02794338992852025,0.03682262625444809,0.8727093104520417
matched_hop0,spatial_knn,0,HPCAL1,0.09000847007949,0.08688922160863889,0.9498728029402578
matched_hop0,spatial_knn,0,S100A11,0.03238969672591258,0.030076895079745807,0.7936957632582741
matched_hop0,spatial_knn,0,ALB,-0.0011912379600899857,-0.004113401239380397,0.09384011262447114
matched_hop0,spatial_knn,0,RNASE1,0.05441200634371357,0.041527947939698044,0.7695774844232723
matched_hop0,spatial_knn,0,TMEM144,0.03767509235691471,0.015242811631007354,0.4565138550201107
matched_hop0,spatial_knn,0,ENPP2,0.043842903758736326,0.03305304877946596,0.5674457311521196
matched_hop0,spatial_knn,0,MAL,0.038785355385568814,0.022874907176817824,0.5576610982959411
matched_hop0,spatial_knn,0,NKX6-2,0.07009790509649758,0.04804145818022564,0.3841527822511354
matched_hop0,spatial_knn,0,HSPA2,0.00020901037947908903,0.0007522258739220363,0.49129881854227525
matched_hop0,spatial_knn,0,G0S2,0.24599886958787343,0.23372001383854382,0.5471747008640305
matched_hop1,mean,0,SCGB2A2,,,1.4139487743377686
matched_hop1,mean,0,SCGB1D2,,,1.1176453828811646
matched_hop1,mean,0,MBP,0.0,,1.0693893432617188
matched_hop1,mean,0,GFAP,0.0,,1.1063594818115234
matched_hop1,mean,0,PLP1,,,1.1206802129745483
matched_hop1,mean,0,SAA1,,,1.011454701423645
matched_hop1,mean,0,MGP,,,1.1461459398269653
matched_hop1,mean,0,IGKC,0.0,,0.9216110110282898
matched_hop1,mean,0,FABP4,0.0,,0.9048886299133301
matched_hop1,mean,0,MOBP,,,0.6536226272583008
matched_hop1,mean,0,HBB,0.0,,0.9039648175239563
matched_hop1,mean,0,NEFL,,,0.9691310524940491
matched_hop1,mean,0,TF,,,0.7882503867149353
matched_hop1,mean,0,IGHG3,0.0,,0.510532021522522
matched_hop1,mean,0,CNP,,,0.9277656078338623
matched_hop1,mean,0,CPB1,0.0,,0.6304104924201965
matched_hop1,mean,0,CRYAB,,,0.9600686430931091
matched_hop1,mean,0,IGHA1,0.0,,0.5359525084495544
matched_hop1,mean,0,KRT8,0.0,,0.7662706971168518
matched_hop1,mean,0,MUC1,0.0,,0.9118691086769104
matched_hop1,mean,0,KRT19,,,0.9444860816001892
matched_hop1,mean,0,IGLC2,,,0.594475507736206
matched_hop1,mean,0,TFF1,0.0,,0.7942260503768921
matched_hop1,mean,0,MAG,,,0.5911601185798645
matched_hop1,mean,0,ERMN,0.0,,0.4793073534965515
matched_hop1,mean,0,CLDN11,,,0.5350720882415771
matched_hop1,mean,0,CLDND1,0.0,,0.7523654699325562
matched_hop1,mean,0,SPP1,,,0.6306937336921692
matched_hop1,mean,0,PPP1R14A,,,0.6692310571670532
matched_hop1,mean,0,S100B,,,0.9636619687080383
matched_hop1,mean,0,MOG,,,0.3979949355125427
matched_hop1,mean,0,MALAT1,,,1.005491018295288
matched_hop1,mean,0,CARNS1,,,0.4451145529747009
matched_hop1,mean,0,IGHG4,0.0,,0.4408128261566162
matched_hop1,mean,0,KRT18,,,0.6983206272125244
matched_hop1,mean,0,BCAS1,0.0,,0.5288259983062744
matched_hop1,mean,0,PTGDS,0.0,,0.8508158922195435
matched_hop1,mean,0,SAA2,0.0,,0.5073491334915161
matched_hop1,mean,0,SEPT4,0.0,,0.7457103729248047
matched_hop1,mean,0,TFF3,,,0.8343944549560547
matched_hop1,mean,0,HPCAL1,,,0.9244716763496399
matched_hop1,mean,0,S100A11,,,0.7645299434661865
matched_hop1,mean,0,ALB,0.0,,0.0933074802160263
matched_hop1,mean,0,RNASE1,,,0.7596101760864258
matched_hop1,mean,0,TMEM144,,,0.44381076097488403
matched_hop1,mean,0,ENPP2,0.0,,0.5507875084877014
matched_hop1,mean,0,MAL,,,0.5452921390533447
matched_hop1,mean,0,NKX6-2,,,0.37749728560447693
matched_hop1,mean,0,HSPA2,0.0,,0.4789656400680542
matched_hop1,mean,0,G0S2,0.0,,0.5528850555419922
matched_hop1,pca_ridge,0,SCGB2A2,0.17410796057913622,0.16609819794203545,1.4131319522857666
matched_hop1,pca_ridge,0,SCGB1D2,0.16579783865893677,0.1630254378067878,1.1121021509170532
matched_hop1,pca_ridge,0,MBP,0.36748388353752875,0.3746204974457967,0.9975517392158508
matched_hop1,pca_ridge,0,GFAP,0.4113173263403401,0.3558328316796826,1.0087370872497559
matched_hop1,pca_ridge,0,PLP1,0.3243319908299171,0.296106449376437,1.061481237411499
matched_hop1,pca_ridge,0,SAA1,0.19035978433969822,0.1694021529182898,0.9967265129089355
matched_hop1,pca_ridge,0,MGP,0.17775888230146553,0.1537989030572077,1.1302629709243774
matched_hop1,pca_ridge,0,IGKC,0.04782108922593916,0.0425596283747498,0.9218131899833679
matched_hop1,pca_ridge,0,FABP4,0.20479417580502354,0.1656914874673212,0.8904524445533752
matched_hop1,pca_ridge,0,MOBP,0.20025966243859264,0.1870782007674372,0.6419478058815002
matched_hop1,pca_ridge,0,HBB,0.028919164972515288,0.06629809914773747,0.9039984345436096
matched_hop1,pca_ridge,0,NEFL,0.48919657630022584,0.40809598778887646,0.8451673984527588
matched_hop1,pca_ridge,0,TF,0.2484869035135352,0.23998765783643633,0.7640042304992676
matched_hop1,pca_ridge,0,IGHG3,0.01764530020033206,0.037306893586996,0.5109021067619324
matched_hop1,pca_ridge,0,CNP,0.24939931765051612,0.22156852074064462,0.8986775875091553
matched_hop1,pca_ridge,0,CPB1,0.09300949284046833,0.11105401993656512,0.6278878450393677
matched_hop1,pca_ridge,0,CRYAB,0.18646662914253492,0.1637361403653896,0.9447862505912781
matched_hop1,pca_ridge,0,IGHA1,0.0096243351952664,-0.000508299225008465,0.5390461683273315
matched_hop1,pca_ridge,0,KRT8,0.10929828047971536,0.09477556299066701,0.7645995616912842
matched_hop1,pca_ridge,0,MUC1,0.13823143603514987,0.1365900077668745,0.9064990878105164
matched_hop1,pca_ridge,0,KRT19,0.15771144790045472,0.14654698604932373,0.9331153035163879
matched_hop1,pca_ridge,0,IGLC2,0.019734199115483034,-0.00029803640188257903,0.5957629680633545
matched_hop1,pca_ridge,0,TFF1,0.14367874982313406,0.1572242356081738,0.7867060899734497
matched_hop1,pca_ridge,0,MAG,0.19032135251838894,0.17773881236523958,0.5809307098388672
matched_hop1,pca_ridge,0,ERMN,0.187978021128428,0.1789576766481517,0.4713049530982971
matched_hop1,pca_ridge,0,CLDN11,0.17409240548662777,0.16959857755138935,0.5277215838432312
matched_hop1,pca_ridge,0,CLDND1,0.20005218659384544,0.21464844196160568,0.7381764650344849
matched_hop1,pca_ridge,0,SPP1,0.21454093108453992,0.22267743598707213,0.6166576743125916
matched_hop1,pca_ridge,0,PPP1R14A,0.1482496051870812,0.146560399658806,0.663776695728302
matched_hop1,pca_ridge,0,S100B,0.2325168346102854,0.2223805880679408,0.9378875494003296
matched_hop1,pca_ridge,0,MOG,0.14509452747034968,0.14001049489743567,0.3948422968387604
matched_hop1,pca_ridge,0,MALAT1,0.1870245448580641,0.21700684724480085,0.9871774315834045
matched_hop1,pca_ridge,0,CARNS1,0.17191001238929704,0.17818167666862886,0.43910571932792664
matched_hop1,pca_ridge,0,IGHG4,0.017622773284859356,0.02649927057139595,0.4412734806537628
matched_hop1,pca_ridge,0,KRT18,0.09761660756138553,0.07920323496988103,0.6973764896392822
matched_hop1,pca_ridge,0,BCAS1,0.14772732280729264,0.1532378424927887,0.5240465998649597
matched_hop1,pca_ridge,0,PTGDS,0.18317419837684068,0.19996024660992337,0.8368998765945435
matched_hop1,pca_ridge,0,SAA2,0.10132012745514091,0.09222456062153725,0.5050361156463623
matched_hop1,pca_ridge,0,SEPT4,0.20573411473554976,0.23176462170909104,0.7301405072212219
matched_hop1,pca_ridge,0,TFF3,0.14824780975152363,0.1479583926297557,0.8253639340400696
matched_hop1,pca_ridge,0,HPCAL1,0.2258107433100897,0.23147752373864694,0.8994857668876648
matched_hop1,pca_ridge,0,S100A11,0.11206134520850444,0.08962615224504022,0.7623298168182373
matched_hop1,pca_ridge,0,ALB,0.005862422274395195,0.004083680074464463,0.09394626319408417
matched_hop1,pca_ridge,0,RNASE1,0.15447418043879907,0.1505890063260703,0.75064617395401
matched_hop1,pca_ridge,0,TMEM144,0.1481929394103727,0.15522260964982468,0.439741849899292
matched_hop1,pca_ridge,0,ENPP2,0.14830882124011874,0.16622133722219265,0.5453218817710876
matched_hop1,pca_ridge,0,MAL,0.1279998557028948,0.1318710486221027,0.5415083765983582
matched_hop1,pca_ridge,0,NKX6-2,0.1431008933441138,0.1442940070455179,0.3738170266151428
matched_hop1,pca_ridge,0,HSPA2,0.13835715309809044,0.13102121914143142,0.47481203079223633
matched_hop1,pca_ridge,0,G0S2,0.11773699784740488,0.09734020481968908,0.549152135848999
matched_hop1,spatial_knn,0,SCGB2A2,0.4285930920298521,0.3967746482794313,1.4542286661638697
matched_hop1,spatial_knn,0,SCGB1D2,0.34364666838772573,0.3370699871191905,1.1297294207390676
matched_hop1,spatial_knn,0,MBP,0.28276809909488665,0.23711825235018108,1.0242416207162268
matched_hop1,spatial_knn,0,GFAP,0.04971834722886368,0.05429744800628848,1.1491054231546438
matched_hop1,spatial_knn,0,PLP1,0.20706603626695175,0.18109524317294953,1.1049565828483559
matched_hop1,spatial_knn,0,SAA1,0.4013278421960847,0.41248468458456455,0.9223097504856995
matched_hop1,spatial_knn,0,MGP,0.18128043644544484,0.1931460373767169,1.1751935309302783
matched_hop1,spatial_knn,0,IGKC,0.32691582339060443,0.3294787483285705,0.8982426598638126
matched_hop1,spatial_knn,0,FABP4,0.37635239459602976,0.36085276006838013,0.8334460959695249
matched_hop1,spatial_knn,0,MOBP,0.13865018277551885,0.0873735949793941,0.6523248228909567
matched_hop1,spatial_knn,0,HBB,0.26603975644077776,0.21471218923809773,0.8773204257952872
matched_hop1,spatial_knn,0,NEFL,0.1619062963856279,0.1369995762544064,0.9814118127299357
matched_hop1,spatial_knn,0,TF,0.13171025930398703,0.09947001621619167,0.7904135120438606
matched_hop1,spatial_knn,0,IGHG3,0.21229937272452457,0.19481927344705366,0.5030201744658623
matched_hop1,spatial_knn,0,CNP,0.11123106170381958,0.09106289793799867,0.9326212051432506
matched_hop1,spatial_knn,0,CPB1,0.35027194001354606,0.3383968236513721,0.5871809236639638
matched_hop1,spatial_knn,0,CRYAB,0.06413633460385523,0.05555705559625859,0.9802475933619104
matched_hop1,spatial_knn,0,IGHA1,0.11254256518943717,0.14221103213892275,0.5360405723783221
matched_hop1,spatial_knn,0,KRT8,0.11624382831395058,0.09495484823602003,0.7786293469201735
matched_hop1,spatial_knn,0,MUC1,0.1696036068343833,0.17394684858170112,0.9297258349401701
matched_hop1,spatial_knn,0,KRT19,0.19801681856586673,0.16907022931237273,0.9685736140777899
matched_hop1,spatial_knn,0,IGLC2,0.19301802673784357,0.21056577165055132,0.5860062898907527
matched_hop1,spatial_knn,0,TFF1,0.16722359897614578,0.17149489415248126,0.8033304493523549
matched_hop1,spatial_knn,0,MAG,0.08270616560057108,0.05395960387462166,0.6021777751153969
matched_hop1,spatial_knn,0,ERMN,0.09672065082591418,0.059313807930101686,0.48372998520889093
matched_hop1,spatial_knn,0,CLDN11,0.04066846155212807,0.02482015752262819,0.5520541105963918
matched_hop1,spatial_knn,0,CLDND1,0.09511318214326811,0.0623819000624438,0.759569207653765
matched_hop1,spatial_knn,0,SPP1,0.10101919936548093,0.07122938753361258,0.6398635620030164
matched_hop1,spatial_knn,0,PPP1R14A,0.03029656062421991,0.020559028200354563,0.6839395537464547
matched_hop1,spatial_knn,0,S100B,0.03650094372764923,0.034682968570662887,0.9880363716110155
matched_hop1,spatial_knn,0,MOG,0.07580599815454753,0.05233991178593533,0.4026605634914489
matched_hop1,spatial_knn,0,MALAT1,0.13160470542570302,0.16026945530189152,1.0095347419247878
matched_hop1,spatial_knn,0,CARNS1,0.014064977728216231,0.018106724164629804,0.4577480168813881
matched_hop1,spatial_knn,0,IGHG4,0.19270786659417694,0.16924687502132033,0.43974123812756777
matched_hop1,spatial_knn,0,KRT18,0.11384384899350117,0.10172304887215648,0.7122357570381972
matched_hop1,spatial_knn,0,BCAS1,0.07532254304374598,0.054499153736722795,0.5364616829601571
matched_hop1,spatial_knn,0,PTGDS,-0.005013239826088534,0.003361504258010276,0.8887482936343328
matched_hop1,spatial_knn,0,SAA2,0.10992213185632291,0.19428263963044984,0.5226503818339744
matched_hop1,spatial_knn,0,SEPT4,0.07269654764025268,0.04829072234405787,0.7634713638646539
matched_hop1,spatial_knn,0,TFF3,0.02794338992852025,0.03682262625444809,0.8727093104520417
matched_hop1,spatial_knn,0,HPCAL1,0.09000847007949,0.08688922160863889,0.9498728029402578
matched_hop1,spatial_knn,0,S100A11,0.03238969672591258,0.030076895079745807,0.7936957632582741
matched_hop1,spatial_knn,0,ALB,-0.0011912379600899857,-0.004113401239380397,0.09384011262447114
matched_hop1,spatial_knn,0,RNASE1,0.05441200634371357,0.041527947939698044,0.7695774844232723
matched_hop1,spatial_knn,0,TMEM144,0.03767509235691471,0.015242811631007354,0.4565138550201107
matched_hop1,spatial_knn,0,ENPP2,0.043842903758736326,0.03305304877946596,0.5674457311521196
matched_hop1,spatial_knn,0,MAL,0.038785355385568814,0.022874907176817824,0.5576610982959411
matched_hop1,spatial_knn,0,NKX6-2,0.07009790509649758,0.04804145818022564,0.3841527822511354
matched_hop1,spatial_knn,0,HSPA2,0.00020901037947908903,0.0007522258739220363,0.49129881854227525
matched_hop1,spatial_knn,0,G0S2,0.24599886958787343,0.23372001383854382,0.5471747008640305
matched_hop2,mean,0,SCGB2A2,,,1.3873172998428345
matched_hop2,mean,0,SCGB1D2,,,1.1115057468414307
matched_hop2,mean,0,MBP,,,1.0684243440628052
matched_hop2,mean,0,GFAP,0.0,,1.1030998229980469
matched_hop2,mean,0,PLP1,,,1.1102752685546875
matched_hop2,mean,0,SAA1,,,1.010852575302124
matched_hop2,mean,0,MGP,,,1.2063438892364502
matched_hop2,mean,0,IGKC,0.0,,0.9266694784164429
matched_hop2,mean,0,FABP4,,,0.8947488069534302
matched_hop2,mean,0,MOBP,,,0.6411145329475403
matched_hop2,mean,0,HBB,,,0.8793225288391113
matched_hop2,mean,0,NEFL,,,0.9704298377037048
matched_hop2,mean,0,TF,,,0.7703765034675598
matched_hop2,mean,0,IGHG3,0.0,,0.5224723815917969
matched_hop2,mean,0,CNP,0.0,,0.9177826642990112
matched_hop2,mean,0,CPB1,,,0.6489312648773193
matched_hop2,mean,0,CRYAB,,,0.9577669501304626
matched_hop2,mean,0,IGHA1,,,0.5400282740592957
matched_hop2,mean,0,KRT8,0.0,,0.7699484825134277
matched_hop2,mean,0,MUC1,,,0.9190834760665894
matched_hop2,mean,0,KRT19,,,0.9499954581260681
matched_hop2,mean,0,IGLC2,0.0,,0.6011926531791687
matched_hop2,mean,0,TFF1,0.0,,0.8091177344322205
matched_hop2,mean,0,MAG,,,0.5723167657852173
matched_hop2,mean,0,ERMN,,,0.47138911485671997
matched_hop2,mean,0,CLDN11,,,0.5252813696861267
matched_hop2,mean,0,CLDND1,0.0,,0.7392701506614685
matched_hop2,mean,0,SPP1,0.0,,0.6111365556716919
matched_hop2,mean,0,PPP1R14A,,,0.6607685089111328
matched_hop2,mean,0,S100B,,,0.9652079939842224
matched_hop2,mean,0,MOG,,,0.38538461923599243
matched_hop2,mean,0,MALAT1,,,1.0120303630828857
matched_hop2,mean,0,CARNS1,,,0.43915554881095886
matched_hop2,mean,0,IGHG4,0.0,,0.45047950744628906
matched_hop2,mean,0,KRT18,,,0.7060807347297668
matched_hop2,mean,0,BCAS1,,,0.525619626045227
matched_hop2,mean,0,PTGDS,0.0,,0.8449100852012634
matched_hop2,mean,0,SAA2,0.0,,0.5107913017272949
matched_hop2,mean,0,SEPT4,0.0,,0.7404705882072449
matched_hop2,mean,0,TFF3,,,0.8516880869865417
matched_hop2,mean,0,HPCAL1,,,0.933452308177948
matched_hop2,mean,0,S100A11,,,0.7697810530662537
matched_hop2,mean,0,ALB,0.0,,0.10335521399974823
matched_hop2,mean,0,RNASE1,,,0.7520654201507568
matched_hop2,mean,0,TMEM144,,,0.4388653337955475
matched_hop2,mean,0,ENPP2,0.0,,0.5400475859642029
matched_hop2,mean,0,MAL,0.0,,0.5388563275337219
matched_hop2,mean,0,NKX6-2,,,0.3636772930622101
matched_hop2,mean,0,HSPA2,0.0,,0.47238776087760925
matched_hop2,mean,0,G0S2,0.0,,0.5288030505180359
matched_hop2,pca_ridge,0,SCGB2A2,0.16391119966018983,0.1555356857504482,1.3920339345932007
matched_hop2,pca_ridge,0,SCGB1D2,0.16051222777413957,0.15949228915478947,1.1070685386657715
matched_hop2,pca_ridge,0,MBP,0.3542987151439757,0.372574982652931,1.0016180276870728
matched_hop2,pca_ridge,0,GFAP,0.4094537155399643,0.3562833403057303,1.006652593612671
matched_hop2,pca_ridge,0,PLP1,0.31713280786983045,0.3011171556447619,1.0544148683547974
matched_hop2,pca_ridge,0,SAA1,0.19401391696184195,0.1745067324605515,0.995444118976593
matched_hop2,pca_ridge,0,MGP,0.20489369939106045,0.181005281068121,1.1862022876739502
matched_hop2,pca_ridge,0,IGKC,0.05529799115694167,0.04939343691284455,0.9260321855545044
matched_hop2,pca_ridge,0,FABP4,0.21205292131785816,0.1697633315858936,0.8795392513275146
matched_hop2,pca_ridge,0,MOBP,0.16947007287438964,0.17385013772073923,0.634746789932251
matched_hop2,pca_ridge,0,HBB,0.008249872294081828,0.04980802781004731,0.8813524842262268
matched_hop2,pca_ridge,0,NEFL,0.48248555941772236,0.41017682632123736,0.8502224683761597
matched_hop2,pca_ridge,0,TF,0.23419598520149715,0.23865158999930627,0.7498959898948669
matched_hop2,pca_ridge,0,IGHG3,0.008557277443007117,0.02913573982155029,0.5231095552444458
matched_hop2,pca_ridge,0,CNP,0.230556674492478,0.21162774069693285,0.8940982818603516
matched_hop2,pca_ridge,0,CPB1,0.09512380912456929,0.11285959396673675,0.6463566422462463
matched_hop2,pca_ridge,0,CRYAB,0.17064588454578528,0.15713665370263202,0.9463275671005249
matched_hop2,pca_ridge,0,IGHA1,0.010806933204395843,0.0009465908553143144,0.5429786443710327
matched_hop2,pca_ridge,0,KRT8,0.11941194464803942,0.10499375203920037,0.7663369178771973
matched_hop2,pca_ridge,0,MUC1,0.1391736659566206,0.13740516698349733,0.9132848381996155
matched_hop2,pca_ridge,0,KRT19,0.1625048867386985,0.15331433676620793,0.9380783438682556
matched_hop2,pca_ridge,0,IGLC2,0.027497535602905323,0.0043817641150278456,0.6020282506942749
matched_hop2,pca_ridge,0,TFF1,0.1545502265922369,0.16397920553853235,0.7995612025260925
matched_hop2,pca_ridge,0,MAG,0.15109376984867232,0.15708882060084192,0.5678844451904297
matched_hop2,pca_ridge,0,ERMN,0.16513471234034025,0.171005389213422,0.4659087061882019
matched_hop2,pca_ridge,0,CLDN11,0.1570912830978878,0.1603243214992484,0.5200538635253906
matched_hop2,pca_ridge,0,CLDND1,0.17546886287726415,0.19997292658508048,0.7299753427505493
matched_hop2,pca_ridge,0,SPP1,0.2000856392442196,0.21899988518764052,0.5999870300292969
matched_hop2,pca_ridge,0,PPP1R14A,0.12813787794399978,0.137055266089392,0.6581987738609314
matched_hop2,pca_ridge,0,S100B,0.233330738536961,0.22292441871513646,0.939221978187561
matched_hop2,pca_ridge,0,MOG,0.13561930993767068,0.14136394868236765,0.38319116830825806
matched_hop2,pca_ridge,0,MALAT1,0.18163893255033395,0.21326411352973182,0.9948613047599792
matched_hop2,pca_ridge,0,CARNS1,0.15879114521156257,0.17382845201739588,0.43446147441864014
matched_hop2,pca_ridge,0,IGHG4,0.0149769770569851,0.023166413636519147,0.4509899616241455
matched_hop2,pca_ridge,0,KRT18,0.09956963247948246,0.07802645917785889,0.7047054767608643
matched_hop2,pca_ridge,0,BCAS1,0.13085222703448368,0.14671041002164342,0.5224419832229614
matched_hop2,pca_ridge,0,PTGDS,0.18309195943947193,0.2042844732482762,0.8311853408813477
matched_hop2,pca_ridge,0,SAA2,0.10648382159748249,0.092932350972206,0.5082919597625732
matched_hop2,pca_ridge,0,SEPT4,0.19599130488423852,0.22652989571640234,0.7266570329666138
matched_hop2,pca_ridge,0,TFF3,0.14977907538555588,0.1500430032152874,0.8421515226364136
matched_hop2,pca_ridge,0,HPCAL1,0.22202187139009327,0.22669678909199267,0.9084921479225159
matched_hop2,pca_ridge,0,S100A11,0.11739862130336616,0.09432824793973718,0.7666579484939575
matched_hop2,pca_ridge,0,ALB,0.009050080120297819,0.006838225222443775,0.10391063988208771
matched_hop2,pca_ridge,0,RNASE1,0.13153109173167793,0.14073107438936194,0.7465105056762695
matched_hop2,pca_ridge,0,TMEM144,0.14005775265778542,0.15512050745033196,0.43549609184265137
matched_hop2,pca_ridge,0,ENPP2,0.135605661855304,0.16434595304376143,0.5361185669898987
matched_hop2,pca_ridge,0,MAL,0.10576123398360812,0.12073675849744327,0.5371971726417542
matched_hop2,pca_ridge,0,NKX6-2,0.12583440824781672,0.13964431500278157,0.36134833097457886
matched_hop2,pca_ridge,0,HSPA2,0.11552806308524134,0.11942761772082362,0.4701802432537079
matched_hop2,pca_ridge,0,G0S2,0.12240054714126927,0.10347694474256701,0.5249510407447815
matched_hop2,spatial_knn,0,SCGB2A2,0.3360698047876429,0.30094587474032836,1.5683102529287434
matched_hop2,spatial_knn,0,SCGB1D2,0.2722762222287963,0.27095493542085597,1.1911931170482415
matched_hop2,spatial_knn,0,MBP,0.2359770273074457,0.20085001342218076,1.035469090687879
matched_hop2,spatial_knn,0,GFAP,0.010538561896613691,0.02272139232115694,1.157414479322789
matched_hop2,spatial_knn,0,PLP1,0.16720863870608302,0.1532797458477003,1.1067606298581687
matched_hop2,spatial_knn,0,SAA1,0.35499793701101096,0.375350947040345,0.947235049962755
matched_hop2,spatial_knn,0,MGP,0.15962359215737684,0.17144600905447924,1.2484644978074781
matched_hop2,spatial_knn,0,IGKC,0.3022080727264376,0.30373998522927836,0.9195769260901924
matched_hop2,spatial_knn,0,FABP4,0.3412246684391134,0.33156175020885836,0.8416984741727198
matched_hop2,spatial_knn,0,MOBP,0.09342889607685553,0.06117895479520866,0.645097982258292
matched_hop2,spatial_knn,0,HBB,0.22130262108115814,0.1766493213576341,0.8700354329104378
matched_hop2,spatial_knn,0,NEFL,0.1375975210773691,0.11563020236241717,0.9910236890847665
matched_hop2,spatial_knn,0,TF,0.09994762785140456,0.07571406497991215,0.7774396915712284
matched_hop2,spatial_knn,0,IGHG3,0.2101926731794693,0.18026894673185137,0.5147703503802954
matched_hop2,spatial_knn,0,CNP,0.08042912072432525,0.06810044012259599,0.9279123629875408
matched_hop2,spatial_knn,0,CPB1,0.3544277092099175,0.3397408229566976,0.6043149031179378
matched_hop2,spatial_knn,0,CRYAB,0.04244189852536623,0.03872767494976032,0.982357419450682
matched_hop2,spatial_knn,0,IGHA1,0.10093726981560773,0.13097586176479128,0.541840486188459
matched_hop2,spatial_knn,0,KRT8,0.09992776994242712,0.07830866562625029,0.7879127562760936
matched_hop2,spatial_knn,0,MUC1,0.14028274295886178,0.14623875198540437,0.9510676971564351
matched_hop2,spatial_knn,0,KRT19,0.15916260337995206,0.126536496897321,0.9943489371145972
matched_hop2,spatial_knn,0,IGLC2,0.1822685716472261,0.19881318039070894,0.5945608620762476
matched_hop2,spatial_knn,0,TFF1,0.12376848807646701,0.12610532329255475,0.8330240440880128
matched_hop2,spatial_knn,0,MAG,0.0479209162792184,0.029054081164242247,0.5884448612049733
matched_hop2,spatial_knn,0,ERMN,0.06404579873026416,0.04153893681395839,0.47855796251281124
matched_hop2,spatial_knn,0,CLDN11,0.001974565937884692,0.00217294786381745,0.5480359165247033
matched_hop2,spatial_knn,0,CLDND1,0.06411966260286685,0.044997600301127656,0.7488804233322147
matched_hop2,spatial_knn,0,SPP1,0.06780999524898663,0.044706795753003674,0.6242312953178936
matched_hop2,spatial_knn,0,PPP1R14A,0.004586232637608059,-0.000360080057273183,0.6786511579481549
matched_hop2,spatial_knn,0,S100B,0.02246420558789371,0.022605283912561676,0.9917045066264917
matched_hop2,spatial_knn,0,MOG,0.07196467203392372,0.05075104298492053,0.38931214390856916
matched_hop2,spatial_knn,0,MALAT1,0.11876256187472416,0.14682658139156538,1.019600556836297
matched_hop2,spatial_knn,0,CARNS1,-0.0009117465051378948,0.008052182176645991,0.4526563153921743
matched_hop2,spatial_knn,0,IGHG4,0.18948272530590374,0.15952581826946005,0.4490417553829284
matched_hop2,spatial_knn,0,KRT18,0.09833834882442859,0.08344704661438382,0.7258454448488473
matched_hop2,spatial_knn,0,BCAS1,0.04719016371750789,0.03645182675437982,0.5344536289032431
matched_hop2,spatial_knn,0,PTGDS,-0.011690678360305485,-0.007546284650136985,0.8840993067345668
matched_hop2,spatial_knn,0,SAA2,0.06845293818956438,0.16109308382028872,0.536340597751172
matched_hop2,spatial_knn,0,SEPT4,0.05264552516922075,0.03427325392724689,0.7590917341717739
matched_hop2,spatial_knn,0,TFF3,-0.009755063950283258,-0.0017276599339937852,0.904093013563133
matched_hop2,spatial_knn,0,HPCAL1,0.08057027699134468,0.0772874072336961,0.9603428711033272
matched_hop2,spatial_knn,0,S100A11,0.01974974393596232,0.017398175480382545,0.8031003409413312
matched_hop2,spatial_knn,0,ALB,-0.001734296963973759,-0.0051958998747794255,0.10413993857277412
matched_hop2,spatial_knn,0,RNASE1,0.046124263276068396,0.03946420901886362,0.7620490405455824
matched_hop2,spatial_knn,0,TMEM144,0.028512041029163188,0.010832872280856524,0.45188818833563577
matched_hop2,spatial_knn,0,ENPP2,0.029116830733237595,0.02016753338867033,0.5588178982269106
matched_hop2,spatial_knn,0,MAL,0.00868434408804048,0.003457264490038603,0.5531308953798887
matched_hop2,spatial_knn,0,NKX6-2,0.038029650780752974,0.02441550689903836,0.3719336815568155
matched_hop2,spatial_knn,0,HSPA2,-0.008772487341761634,-0.006953917060572026,0.4849564962276028
matched_hop2,spatial_knn,0,G0S2,0.22243336761828714,0.21162219186348177,0.5346407542630386
matched_hop5,mean,0,SCGB2A2,,,1.4532526731491089
matched_hop5,mean,0,SCGB1D2,,,1.2067776918411255
matched_hop5,mean,0,MBP,0.0,,1.179374098777771
matched_hop5,mean,0,GFAP,0.0,,1.1239252090454102
matched_hop5,mean,0,PLP1,0.0,,1.2001100778579712
matched_hop5,mean,0,SAA1,,,1.0591659545898438
matched_hop5,mean,0,MGP,,,1.3558194637298584
matched_hop5,mean,0,IGKC,,,0.9839009642601013
matched_hop5,mean,0,FABP4,,,0.8715185523033142
matched_hop5,mean,0,MOBP,0.0,,0.6422760486602783
matched_hop5,mean,0,HBB,,,0.8478977680206299
matched_hop5,mean,0,NEFL,,,1.0408227443695068
matched_hop5,mean,0,TF,,,0.7213059067726135
matched_hop5,mean,0,IGHG3,0.0,,0.5525694489479065
matched_hop5,mean,0,CNP,,,0.928162693977356
matched_hop5,mean,0,CPB1,,,0.681553304195404
matched_hop5,mean,0,CRYAB,,,1.0293219089508057
matched_hop5,mean,0,IGHA1,0.0,,0.6699293255805969
matched_hop5,mean,0,KRT8,0.0,,0.8099066615104675
matched_hop5,mean,0,MUC1,0.0,,1.0249896049499512
matched_hop5,mean,0,KRT19,,,1.0209234952926636
matched_hop5,mean,0,IGLC2,,,0.6981037855148315
matched_hop5,mean,0,TFF1,,,0.9085178971290588
matched_hop5,mean,0,MAG,,,0.5905563235282898
matched_hop5,mean,0,ERMN,0.0,,0.4103470742702484
matched_hop5,mean,0,CLDN11,,,0.464781790971756
matched_hop5,mean,0,CLDND1,0.0,,0.7130602598190308
matched_hop5,mean,0,SPP1,,,0.6484143137931824
matched_hop5,mean,0,PPP1R14A,,,0.6259915232658386
matched_hop5,mean,0,S100B,,,1.0227184295654297
matched_hop5,mean,0,MOG,,,0.3761293292045593
matched_hop5,mean,0,MALAT1,,,1.0879437923431396
matched_hop5,mean,0,CARNS1,,,0.33457595109939575
matched_hop5,mean,0,IGHG4,0.0,,0.50066739320755
matched_hop5,mean,0,KRT18,,,0.7740634083747864
matched_hop5,mean,0,BCAS1,,,0.4957045912742615
matched_hop5,mean,0,PTGDS,0.0,,0.8972506523132324
matched_hop5,mean,0,SAA2,,,0.6334280967712402
matched_hop5,mean,0,SEPT4,0.0,,0.7352898716926575
matched_hop5,mean,0,TFF3,0.0,,0.9688730835914612
matched_hop5,mean,0,HPCAL1,,,1.0200481414794922
matched_hop5,mean,0,S100A11,,,0.8467932939529419
matched_hop5,mean,0,ALB,,,0.12649711966514587
matched_hop5,mean,0,RNASE1,,,0.7569320797920227
matched_hop5,mean,0,TMEM144,,,0.41455450654029846
matched_hop5,mean,0,ENPP2,0.0,,0.5074785947799683
matched_hop5,mean,0,MAL,0.0,,0.4862331748008728
matched_hop5,mean,0,NKX6-2,,,0.36573418974876404
matched_hop5,mean,0,HSPA2,,,0.4173511266708374
matched_hop5,mean,0,G0S2,,,0.49203264713287354
matched_hop5,pca_ridge,0,SCGB2A2,0.15877210283557355,0.1733220847416262,1.4641783237457275
matched_hop5,pca_ridge,0,SCGB1D2,0.2500255234410237,0.255472977921029,1.1675411462783813
matched_hop5,pca_ridge,0,MBP,0.3096650591254282,0.3418856814542203,1.1030890941619873
matched_hop5,pca_ridge,0,GFAP,0.4666337459006762,0.43685465042830024,0.9989527463912964
matched_hop5,pca_ridge,0,PLP1,0.2663568381214008,0.2724248570920765,1.143675684928894
matched_hop5,pca_ridge,0,SAA1,0.20042535168422831,0.1888814369380058,1.038686752319336
matched_hop5,pca_ridge,0,MGP,0.319163994901314,0.2955745001080689,1.310115933418274
matched_hop5,pca_ridge,0,IGKC,0.11317004641456212,0.08951666137719913,0.9768511652946472
matched_hop5,pca_ridge,0,FABP4,0.2701031042818838,0.23438780375054094,0.8472813963890076
matched_hop5,pca_ridge,0,MOBP,0.14760876984150473,0.1625989659370174,0.637281060218811
matched_hop5,pca_ridge,0,HBB,0.044836053281693634,0.07023057639197682,0.8486397862434387
matched_hop5,pca_ridge,0,NEFL,0.47795124517639864,0.4059486247815873,0.9118083715438843
matched_hop5,pca_ridge,0,TF,0.15197571366677579,0.1713994111784118,0.7152549028396606
matched_hop5,pca_ridge,0,IGHG3,0.0033785399304894167,0.029883410307437828,0.5535520911216736
matched_hop5,pca_ridge,0,CNP,0.13036103939449661,0.12454864779752726,0.923952043056488
matched_hop5,pca_ridge,0,CPB1,0.12443845463625106,0.13347884515234473,0.6783984899520874
matched_hop5,pca_ridge,0,CRYAB,0.1257894018017929,0.11846041430847554,1.0246187448501587
matched_hop5,pca_ridge,0,IGHA1,0.06057477191922822,0.048107550931971964,0.6692371368408203
matched_hop5,pca_ridge,0,KRT8,0.15736305276232415,0.14582869232334764,0.7989609241485596
matched_hop5,pca_ridge,0,MUC1,0.2690779231300825,0.2792269769308419,0.9929120540618896
matched_hop5,pca_ridge,0,KRT19,0.1450649688529948,0.13419635311805528,1.013296127319336
matched_hop5,pca_ridge,0,IGLC2,0.128510506654641,0.08621799477356071,0.6932201981544495
matched_hop5,pca_ridge,0,TFF1,0.17199217525476035,0.17974709720354273,0.8965269327163696
matched_hop5,pca_ridge,0,MAG,0.10160219306025464,0.11563096827100076,0.5925441384315491
matched_hop5,pca_ridge,0,ERMN,0.09139996492160737,0.12174529736135768,0.41186392307281494
matched_hop5,pca_ridge,0,CLDN11,0.06497064019554442,0.08293981791984664,0.4695858061313629
matched_hop5,pca_ridge,0,CLDND1,0.07532261627046094,0.13745632410191258,0.7177964448928833
matched_hop5,pca_ridge,0,SPP1,0.12351798762709318,0.1706223459920871,0.6482490301132202
matched_hop5,pca_ridge,0,PPP1R14A,0.12187289776086094,0.11908264957943314,0.6226868629455566
matched_hop5,pca_ridge,0,S100B,0.21813109951245596,0.23662215823657967,0.9983626008033752
matched_hop5,pca_ridge,0,MOG,0.0763026619840724,0.09548684996241964,0.3787159025669098
matched_hop5,pca_ridge,0,MALAT1,0.14029534126709065,0.16779763783883866,1.0787378549575806
matched_hop5,pca_ridge,0,CARNS1,0.09606154917928199,0.11569223492865117,0.3365302085876465
matched_hop5,pca_ridge,0,IGHG4,0.07566995762363588,0.05743389905308441,0.4993246793746948
matched_hop5,pca_ridge,0,KRT18,0.13748335313233653,0.12266547838550866,0.7673748731613159
matched_hop5,pca_ridge,0,BCAS1,0.03770038694447252,0.07164344035452816,0.5004115700721741
matched_hop5,pca_ridge,0,PTGDS,0.18177414154626936,0.16882382057046103,0.8836823105812073
matched_hop5,pca_ridge,0,SAA2,0.11837593070289762,0.09501662038172197,0.6293826103210449
matched_hop5,pca_ridge,0,SEPT4,0.13560964386322655,0.18122867846927004,0.7278552055358887
matched_hop5,pca_ridge,0,TFF3,0.24754454653766317,0.22853955026957415,0.9450443983078003
matched_hop5,pca_ridge,0,HPCAL1,0.2012905037095548,0.1957037401733417,0.991346001625061
matched_hop5,pca_ridge,0,S100A11,0.1646964055069218,0.15726809101515826,0.8350871205329895
matched_hop5,pca_ridge,0,ALB,0.050049057806170735,0.035757160748398756,0.1266171783208847
matched_hop5,pca_ridge,0,RNASE1,0.11149758200817628,0.11432792180189395,0.7543397545814514
matched_hop5,pca_ridge,0,TMEM144,0.14637282339372532,0.18608839522672815,0.41005176305770874
matched_hop5,pca_ridge,0,ENPP2,0.07640754623532908,0.10214628944016724,0.5096395015716553
matched_hop5,pca_ridge,0,MAL,0.055830942683856744,0.08421212544487212,0.489197313785553
matched_hop5,pca_ridge,0,NKX6-2,0.017771804641829127,0.05457771540290089,0.37061595916748047
matched_hop5,pca_ridge,0,HSPA2,0.18655460729899126,0.19413169652425843,0.40842878818511963
matched_hop5,pca_ridge,0,G0S2,0.15347341833328468,0.11498740130115792,0.4865809977054596
matched_hop5,spatial_knn,0,SCGB2A2,0.09342402238108545,0.059934316189910894,1.9774325296559538
matched_hop5,spatial_knn,0,SCGB1D2,0.18680758361765443,0.21587792223321955,1.366874086902782
matched_hop5,spatial_knn,0,MBP,0.0901366436382452,0.06951314676023156,1.1608128636572703
matched_hop5,spatial_knn,0,GFAP,0.004994632004839482,0.04790817278101359,1.2090660285315025
matched_hop5,spatial_knn,0,PLP1,0.033207608971207364,0.022971522419544903,1.2433856160696584
matched_hop5,spatial_knn,0,SAA1,0.1314140603155209,0.16617278174365377,1.1158361052405648
matched_hop5,spatial_knn,0,MGP,0.3037589818871294,0.3003596641182575,1.372115141631355
matched_hop5,spatial_knn,0,IGKC,0.16011773860964373,0.09999486794348529,1.0132064219254382
matched_hop5,spatial_knn,0,FABP4,0.2451036473693936,0.2550218567750912,0.880727675951988
matched_hop5,spatial_knn,0,MOBP,0.04046743495834029,0.03170080416007488,0.6469038062036201
matched_hop5,spatial_knn,0,HBB,-0.05840272562473592,-0.06724115593230487,0.9127511888225013
matched_hop5,spatial_knn,0,NEFL,0.02955725005706019,0.048786085193419454,1.0916400844130205
matched_hop5,spatial_knn,0,TF,0.0272093049426904,0.03352028708159373,0.7438720930169852
matched_hop5,spatial_knn,0,IGHG3,0.15510209452718654,0.04149955327926458,0.552692733397298
matched_hop5,spatial_knn,0,CNP,0.10733057354388745,0.10949886677469624,0.9381873523645147
matched_hop5,spatial_knn,0,CPB1,0.329111342629947,0.2925013442704035,0.6327149295258694
matched_hop5,spatial_knn,0,CRYAB,0.040101380966873754,0.04097302530875063,1.052324207548779
matched_hop5,spatial_knn,0,IGHA1,0.07011017544557044,0.07717677214434183,0.6793759640037186
matched_hop5,spatial_knn,0,KRT8,0.07135677674944552,0.05908595732104813,0.8350416481761891
matched_hop5,spatial_knn,0,MUC1,0.1230506718989625,0.1271164638739108,1.1124601643601084
matched_hop5,spatial_knn,0,KRT19,-0.013827418063567477,-0.05098607572039011,1.1556161058768217
matched_hop5,spatial_knn,0,IGLC2,0.0972074041992606,0.08860678831930982,0.703926481566211
matched_hop5,spatial_knn,0,TFF1,0.11021065729644024,0.055463725431219794,0.9596282795258916
matched_hop5,spatial_knn,0,MAG,-0.011929573675897956,-0.021509178901761728,0.6122686963269706
matched_hop5,spatial_knn,0,ERMN,-0.025385378466104787,-0.006978374262066903,0.4251563817734704
matched_hop5,spatial_knn,0,CLDN11,0.0008867217628036883,0.002165772355236773,0.4980493935861801
matched_hop5,spatial_knn,0,CLDND1,-0.010565567746268899,-0.007512571898173645,0.7270125683093714
matched_hop5,spatial_knn,0,SPP1,0.007051348792309987,-0.02467083988731439,0.6674834978354836
matched_hop5,spatial_knn,0,PPP1R14A,0.05209796177962284,0.050965717688721955,0.6431835603616316
matched_hop5,spatial_knn,0,S100B,-0.030800084849373077,-0.06943536911869443,1.0445380009950227
matched_hop5,spatial_knn,0,MOG,0.0027558326828116247,0.01661943202812746,0.3812374750848645
matched_hop5,spatial_knn,0,MALAT1,0.050985269366279076,0.0762418596134948,1.108605707101089
matched_hop5,spatial_knn,0,CARNS1,-0.0773956440823784,-0.08139432038283782,0.3542686321611985
matched_hop5,spatial_knn,0,IGHG4,0.1082945123351965,0.06849760884192391,0.5066482887359829
matched_hop5,spatial_knn,0,KRT18,0.04215246323681407,0.002231449761309207,0.8241539679745671
matched_hop5,spatial_knn,0,BCAS1,0.05723422483922715,0.04208146567489577,0.4964389462390426
matched_hop5,spatial_knn,0,PTGDS,-0.00047368159003539044,-0.013080164611906328,0.929114629590701
matched_hop5,spatial_knn,0,SAA2,-0.12012009271107287,-0.10548822371428249,0.7125489455871384
matched_hop5,spatial_knn,0,SEPT4,0.007231605786693521,-0.005456431788427211,0.7548142845302139
matched_hop5,spatial_knn,0,TFF3,-0.08328397394874504,-0.0638308159578986,1.0561105356410538
matched_hop5,spatial_knn,0,HPCAL1,-0.03381204442348208,-0.04619127034093217,1.0743560518511481
matched_hop5,spatial_knn,0,S100A11,-0.08102683551527556,-0.08377496535921983,0.9112708274225786
matched_hop5,spatial_knn,0,ALB,-0.026799898796956156,-0.028261772935100928,0.128518669315657
matched_hop5,spatial_knn,0,RNASE1,0.0246444077011852,0.028048713249346154,0.7677538096968729
matched_hop5,spatial_knn,0,TMEM144,-0.027423494562622594,-0.047203559606549574,0.44345847074852174
matched_hop5,spatial_knn,0,ENPP2,-0.02698132654414319,-0.016691145895868117,0.5390929024053558
matched_hop5,spatial_knn,0,MAL,-0.013798358718550266,-0.014060042215083331,0.49551082319357875
matched_hop5,spatial_knn,0,NKX6-2,0.038306256470800985,0.07288731903092018,0.3726399493559022
matched_hop5,spatial_knn,0,HSPA2,-0.058118459281177384,-0.04050686561368342,0.437946820994118
matched_hop5,spatial_knn,0,G0S2,0.16483273104234164,0.14302699961107068,0.5202384281963623
matched_coord0.25,mean,0,SCGB2A2,,,1.3840235471725464
matched_coord0.25,mean,0,SCGB1D2,,,1.1205037832260132
matched_coord0.25,mean,0,MBP,0.0,,1.0621262788772583
matched_coord0.25,mean,0,GFAP,,,1.1027553081512451
matched_coord0.25,mean,0,PLP1,0.0,,1.1045879125595093
matched_coord0.25,mean,0,SAA1,,,1.0281920433044434
matched_coord0.25,mean,0,MGP,,,1.2710542678833008
matched_coord0.25,mean,0,IGKC,,,0.9353394508361816
matched_coord0.25,mean,0,FABP4,0.0,,0.8956312537193298
matched_coord0.25,mean,0,MOBP,,,0.6201744079589844
matched_coord0.25,mean,0,HBB,,,0.8442485332489014
matched_coord0.25,mean,0,NEFL,,,0.9643225073814392
matched_coord0.25,mean,0,TF,0.0,,0.7555582523345947
matched_coord0.25,mean,0,IGHG3,0.0,,0.5373063683509827
matched_coord0.25,mean,0,CNP,0.0,,0.9083936810493469
matched_coord0.25,mean,0,CPB1,,,0.6270085573196411
matched_coord0.25,mean,0,CRYAB,,,0.9447774887084961
matched_coord0.25,mean,0,IGHA1,0.0,,0.5437616109848022
matched_coord0.25,mean,0,KRT8,,,0.7635787725448608
matched_coord0.25,mean,0,MUC1,,,0.9288972616195679
matched_coord0.25,mean,0,KRT19,,,0.9523875117301941
matched_coord0.25,mean,0,IGLC2,,,0.6054626703262329
matched_coord0.25,mean,0,TFF1,,,0.836262047290802
matched_coord0.25,mean,0,MAG,,,0.5622616410255432
matched_coord0.25,mean,0,ERMN,0.0,,0.45828449726104736
matched_coord0.25,mean,0,CLDN11,0.0,,0.5185528993606567
matched_coord0.25,mean,0,CLDND1,0.0,,0.7316581010818481
matched_coord0.25,mean,0,SPP1,,,0.6041063666343689
matched_coord0.25,mean,0,PPP1R14A,0.0,,0.6457245349884033
matched_coord0.25,mean,0,S100B,,,0.9589992165565491
matched_coord0.25,mean,0,MOG,,,0.3752085566520691
matched_coord0.25,mean,0,MALAT1,,,1.0080257654190063
matched_coord0.25,mean,0,CARNS1,0.0,,0.43106546998023987
matched_coord0.25,mean,0,IGHG4,0.0,,0.4558047652244568
matched_coord0.25,mean,0,KRT18,,,0.7056764364242554
matched_coord0.25,mean,0,BCAS1,0.0,,0.5199959874153137
matched_coord0.25,mean,0,PTGDS,0.0,,0.8357070088386536
matched_coord0.25,mean,0,SAA2,,,0.5249505639076233
matched_coord0.25,mean,0,SEPT4,,,0.7333821654319763
matched_coord0.25,mean,0,TFF3,,,0.8700556755065918
matched_coord0.25,mean,0,HPCAL1,,,0.9341500997543335
matched_coord0.25,mean,0,S100A11,,,0.7669863104820251
matched_coord0.25,mean,0,ALB,,,0.10774502158164978
matched_coord0.25,mean,0,RNASE1,,,0.7397512793540955
matched_coord0.25,mean,0,TMEM144,,,0.42660775780677795
matched_coord0.25,mean,0,ENPP2,,,0.5345322489738464
matched_coord0.25,mean,0,MAL,0.0,,0.5348120331764221
matched_coord0.25,mean,0,NKX6-2,,,0.3624848425388336
matched_coord0.25,mean,0,HSPA2,,,0.46560782194137573
matched_coord0.25,mean,0,G0S2,,,0.5212962031364441
matched_coord0.25,pca_ridge,0,SCGB2A2,0.17559359675469466,0.17004499052074892,1.3828538656234741
matched_coord0.25,pca_ridge,0,SCGB1D2,0.1796950334405883,0.17868080387390128,1.1086982488632202
matched_coord0.25,pca_ridge,0,MBP,0.33865989393909235,0.36350407148747654,1.001259446144104
matched_coord0.25,pca_ridge,0,GFAP,0.39452468448854916,0.34065407789121044,1.0124003887176514
matched_coord0.25,pca_ridge,0,PLP1,0.2983579415057776,0.2908148923701316,1.0561884641647339
matched_coord0.25,pca_ridge,0,SAA1,0.1805634038696129,0.16328301805230877,1.0125707387924194
matched_coord0.25,pca_ridge,0,MGP,0.24307649662197406,0.2213838072101612,1.2454259395599365
matched_coord0.25,pca_ridge,0,IGKC,0.06958881844810436,0.060828855807617974,0.9331911206245422
matched_coord0.25,pca_ridge,0,FABP4,0.20558021737770488,0.1649994403614319,0.8802443146705627
matched_coord0.25,pca_ridge,0,MOBP,0.14865162548189134,0.16376780325064713,0.6176608204841614
matched_coord0.25,pca_ridge,0,HBB,-0.013558405597987657,0.03742766607400845,0.8483279347419739
matched_coord0.25,pca_ridge,0,NEFL,0.48295058536513147,0.4096397910341887,0.8449339270591736
matched_coord0.25,pca_ridge,0,TF,0.2063701815441938,0.22278198522054066,0.7414345741271973
matched_coord0.25,pca_ridge,0,IGHG3,0.00181067376910885,0.019964428062471118,0.5381266474723816
matched_coord0.25,pca_ridge,0,CNP,0.20361503303819,0.19120226927114897,0.8919726610183716
matched_coord0.25,pca_ridge,0,CPB1,0.09670822384442772,0.11383020243408053,0.6245832443237305
matched_coord0.25,pca_ridge,0,CRYAB,0.1476243463814778,0.14143894709319293,0.9388646483421326
matched_coord0.25,pca_ridge,0,IGHA1,0.019214406802822374,0.00817546891589458,0.5460804104804993
matched_coord0.25,pca_ridge,0,KRT8,0.12037886532569168,0.10507260371695495,0.7593291401863098
matched_coord0.25,pca_ridge,0,MUC1,0.14763165932591232,0.14645680436155487,0.9212549328804016
matched_coord0.25,pca_ridge,0,KRT19,0.1758582751482719,0.16056195399091566,0.937842071056366
matched_coord0.25,pca_ridge,0,IGLC2,0.028568226026830672,-0.0018401176354414532,0.606177031993866
matched_coord0.25,pca_ridge,0,TFF1,0.1680905924444785,0.17680787541524692,0.8241670727729797
matched_coord0.25,pca_ridge,0,MAG,0.13150287054330062,0.1474917277257147,0.560533881187439
matched_coord0.25,pca_ridge,0,ERMN,0.1358563010335309,0.15357916838981023,0.45611003041267395
matched_coord0.25,pca_ridge,0,CLDN11,0.13494982571030203,0.15348379298422335,0.5159153342247009
matched_coord0.25,pca_ridge,0,CLDND1,0.1521648165028318,0.18575454772800656,0.7266143560409546
matched_coord0.25,pca_ridge,0,SPP1,0.18121601074320337,0.20921844160292755,0.5959668755531311
matched_coord0.25,pca_ridge,0,PPP1R14A,0.12039480426033622,0.1392786090001236,0.6444288492202759
matched_coord0.25,pca_ridge,0,S100B,0.21664835153037343,0.20807401437869186,0.9367935061454773
matched_coord0.25,pca_ridge,0,MOG,0.10564280347526592,0.11744647082146562,0.3756011128425598
matched_coord0.25,pca_ridge,0,MALAT1,0.1834637086918426,0.21261575457089218,0.9909122586250305
matched_coord0.25,pca_ridge,0,CARNS1,0.13913705837391693,0.16206568042424369,0.42833638191223145
matched_coord0.25,pca_ridge,0,IGHG4,0.017159568689295225,0.021916467494340085,0.45623478293418884
matched_coord0.25,pca_ridge,0,KRT18,0.0982205967366796,0.07123119599087564,0.704056441783905
matched_coord0.25,pca_ridge,0,BCAS1,0.10672042733827944,0.12786727401658285,0.5192396640777588
matched_coord0.25,pca_ridge,0,PTGDS,0.1569489549676809,0.17826466768848193,0.8270191550254822
matched_coord0.25,pca_ridge,0,SAA2,0.09992796992925704,0.08692366425789859,0.5223737359046936
matched_coord0.25,pca_ridge,0,SEPT4,0.18308866401442997,0.2175191491889107,0.7219572067260742
matched_coord0.25,pca_ridge,0,TFF3,0.16345949652377345,0.16362354829142503,0.8584208488464355
matched_coord0.25,pca_ridge,0,HPCAL1,0.22855887093581567,0.23191193087922216,0.9072557687759399
matched_coord0.25,pca_ridge,0,S100A11,0.1208153761485235,0.09849267713483599,0.7630857229232788
matched_coord0.25,pca_ridge,0,ALB,0.007424758400431726,0.001901193967037117,0.10829805582761765
matched_coord0.25,pca_ridge,0,RNASE1,0.1075921650888125,0.12359973064804926,0.7377455830574036
matched_coord0.25,pca_ridge,0,TMEM144,0.12892277602608307,0.15177844563838339,0.42438390851020813
matched_coord0.25,pca_ridge,0,ENPP2,0.11413487026126577,0.15458055778651333,0.5328817367553711
matched_coord0.25,pca_ridge,0,MAL,0.0845374937948482,0.1092208007564485,0.535081148147583
matched_coord0.25,pca_ridge,0,NKX6-2,0.12087611957413832,0.1392196258043042,0.3604310154914856
matched_coord0.25,pca_ridge,0,HSPA2,0.09509733461160183,0.10244550090571296,0.4650857746601105
matched_coord0.25,pca_ridge,0,G0S2,0.1285477757043446,0.10604779865489809,0.5170405507087708
matched_coord0.25,spatial_knn,0,SCGB2A2,0.261242316411046,0.2156243456014362,1.6726930902240085
matched_coord0.25,spatial_knn,0,SCGB1D2,0.21288211277185148,0.21393477361795257,1.2552186849716798
matched_coord0.25,spatial_knn,0,MBP,0.2025292991867541,0.17665988188004159,1.034512028683507
matched_coord0.25,spatial_knn,0,GFAP,-0.015553640225088787,0.004636409232718167,1.157583061148061
matched_coord0.25,spatial_knn,0,PLP1,0.13406995297990998,0.13234136416153258,1.109418312452258
matched_coord0.25,spatial_knn,0,SAA1,0.30894553014187204,0.33261357867246144,0.9815222151248348
matched_coord0.25,spatial_knn,0,MGP,0.12849073016112497,0.1330905376867083,1.3263188890673128
matched_coord0.25,spatial_knn,0,IGKC,0.26865045602883064,0.2737963140660674,0.952851460899761
matched_coord0.25,spatial_knn,0,FABP4,0.3081917981029191,0.3004816232617641,0.8586814644706293
matched_coord0.25,spatial_knn,0,MOBP,0.05391128082134489,0.033502498723568204,0.6263621664603036
matched_coord0.25,spatial_knn,0,HBB,0.1577475047511246,0.12351496605945199,0.8580604776195836
matched_coord0.25,spatial_knn,0,NEFL,0.13990631817952667,0.11683515686352412,0.9861479696331137
matched_coord0.25,spatial_knn,0,TF,0.09564059016068135,0.0741125230283909,0.7635075075563259
matched_coord0.25,spatial_knn,0,IGHG3,0.21234322477613027,0.16718421819720902,0.5284821402408537
matched_coord0.25,spatial_knn,0,CNP,0.04606803026729962,0.04343797486620279,0.9246399098502417
matched_coord0.25,spatial_knn,0,CPB1,0.3706953967790366,0.33518433228437355,0.5851083811857682
matched_coord0.25,spatial_knn,0,CRYAB,0.02537787666800525,0.022166971386327727,0.9728683588924102
matched_coord0.25,spatial_knn,0,IGHA1,0.0996739922742332,0.1270989958793529,0.544955486716614
matched_coord0.25,spatial_knn,0,KRT8,0.08594198840313035,0.05393449535540765,0.7849798550098969
matched_coord0.25,spatial_knn,0,MUC1,0.11566384344383654,0.12303108435711806,0.9747311883649411
matched_coord0.25,spatial_knn,0,KRT19,0.09672148330542762,0.06435467878089433,1.0155440646304836
matched_coord0.25,spatial_knn,0,IGLC2,0.1582236691033423,0.17445973719249255,0.6042734967138365
matched_coord0.25,spatial_knn,0,TFF1,0.07661336833961797,0.08051879541805464,0.8745666026317775
matched_coord0.25,spatial_knn,0,MAG,0.041444618605220945,0.022872814143732278,0.5790854529222752
matched_coord0.25,spatial_knn,0,ERMN,0.034737301500552084,0.02287703760424126,0.467605515055055
matched_coord0.25,spatial_knn,0,CLDN11,-0.013845822499606964,-0.00741414766558549,0.5439344567581238
matched_coord0.25,spatial_knn,0,CLDND1,0.04108349222471448,0.03069045921758599,0.7430777093721455
matched_coord0.25,spatial_knn,0,SPP1,0.05303094843267504,0.027811961917000035,0.6186122095608747
matched_coord0.25,spatial_knn,0,PPP1R14A,-0.005291384310079229,-0.00506619275930303,0.6643984745936333
matched_coord0.25,spatial_knn,0,S100B,0.014575389651610024,0.012664911825003088,0.9875104720743675
matched_coord0.25,spatial_knn,0,MOG,0.054849459051710125,0.030065454989152817,0.37901449037911433
matched_coord0.25,spatial_knn,0,MALAT1,0.11467060628941092,0.14386520483070842,1.0193374940586175
matched_coord0.25,spatial_knn,0,CARNS1,-0.026772606192087496,-0.014001702525586655,0.44680094807244725
matched_coord0.25,spatial_knn,0,IGHG4,0.19514745313626763,0.1563387405955772,0.4533588832436451
matched_coord0.25,spatial_knn,0,KRT18,0.07851200657238525,0.05780739035983213,0.7294567660693918
matched_coord0.25,spatial_knn,0,BCAS1,0.043736913074890416,0.0298195963818816,0.5276608762647118
matched_coord0.25,spatial_knn,0,PTGDS,0.0010317050185399603,0.005289849900941018,0.8755792691414243
matched_coord0.25,spatial_knn,0,SAA2,0.03794346323309321,0.12663649658151546,0.5564216612177192
matched_coord0.25,spatial_knn,0,SEPT4,0.026977936620035475,0.022049129499251217,0.7521116106094827
matched_coord0.25,spatial_knn,0,TFF3,-0.059237089056559465,-0.052344358598806595,0.9378319369955603
matched_coord0.25,spatial_knn,0,HPCAL1,0.08298023544584432,0.08129822979483618,0.9578922312653826
matched_coord0.25,spatial_knn,0,S100A11,0.0019228881809427386,-0.005958292909099309,0.8039253224369798
matched_coord0.25,spatial_knn,0,ALB,0.00024948030900297995,-0.0045075065764997035,0.1086720896846103
matched_coord0.25,spatial_knn,0,RNASE1,0.032590965701114076,0.0295691308726954,0.7515461431854912
matched_coord0.25,spatial_knn,0,TMEM144,0.008739015173792422,-0.006973704919665594,0.4421608950146467
matched_coord0.25,spatial_knn,0,ENPP2,0.02203212508196115,0.014651199729229387,0.5530475037579637
matched_coord0.25,spatial_knn,0,MAL,-0.0024310325307652543,7.866683513998537e-05,0.5488531476787554
matched_coord0.25,spatial_knn,0,NKX6-2,0.02433131068448753,0.0196598897464899,0.370480413962043
matched_coord0.25,spatial_knn,0,HSPA2,-0.027516582511151223,-0.017364601239649426,0.4792977648283139
matched_coord0.25,spatial_knn,0,G0S2,0.21131737917734156,0.20355051367114357,0.534439845847345
matched_coord0.5,mean,0,SCGB2A2,,,1.4219822883605957
matched_coord0.5,mean,0,SCGB1D2,,,1.1827055215835571
matched_coord0.5,mean,0,MBP,0.0,,1.0744096040725708
matched_coord0.5,mean,0,GFAP,,,1.0895030498504639
matched_coord0.5,mean,0,PLP1,,,1.1204663515090942
matched_coord0.5,mean,0,SAA1,0.0,,1.0659998655319214
matched_coord0.5,mean,0,MGP,,,1.3940613269805908
matched_coord0.5,mean,0,IGKC,,,0.9867113828659058
matched_coord0.5,mean,0,FABP4,,,0.9148542284965515
matched_coord0.5,mean,0,MOBP,0.0,,0.607843279838562
matched_coord0.5,mean,0,HBB,,,0.7361423373222351
matched_coord0.5,mean,0,NEFL,0.0,,0.9743790030479431
matched_coord0.5,mean,0,TF,,,0.7128268480300903
matched_coord0.5,mean,0,IGHG3,0.0,,0.6331708431243896
matched_coord0.5,mean,0,CNP,,,0.8898983597755432
matched_coord0.5,mean,0,CPB1,,,0.5672116875648499
matched_coord0.5,mean,0,CRYAB,,,0.9458537101745605
matched_coord0.5,mean,0,IGHA1,0.0,,0.5798502564430237
matched_coord0.5,mean,0,KRT8,0.0,,0.7567967772483826
matched_coord0.5,mean,0,MUC1,,,0.992189884185791
matched_coord0.5,mean,0,KRT19,,,0.9659683704376221
matched_coord0.5,mean,0,IGLC2,,,0.6451469659805298
matched_coord0.5,mean,0,TFF1,0.0,,0.9215385913848877
matched_coord0.5,mean,0,MAG,,,0.5335244536399841
matched_coord0.5,mean,0,ERMN,,,0.42418643832206726
matched_coord0.5,mean,0,CLDN11,,,0.47468382120132446
matched_coord0.5,mean,0,CLDND1,0.0,,0.7106403708457947
matched_coord0.5,mean,0,SPP1,,,0.612260639667511
matched_coord0.5,mean,0,PPP1R14A,,,0.6193724274635315
matched_coord0.5,mean,0,S100B,,,0.9656569361686707
matched_coord0.5,mean,0,MOG,,,0.3388385772705078
matched_coord0.5,mean,0,MALAT1,,,1.0362370014190674
matched_coord0.5,mean,0,CARNS1,,,0.4106573462486267
matched_coord0.5,mean,0,IGHG4,0.0,,0.5015259385108948
matched_coord0.5,mean,0,KRT18,0.0,,0.7128379344940186
matched_coord0.5,mean,0,BCAS1,0.0,,0.4814624786376953
matched_coord0.5,mean,0,PTGDS,0.0,,0.8312053084373474
matched_coord0.5,mean,0,SAA2,,,0.5661441087722778
matched_coord0.5,mean,0,SEPT4,0.0,,0.7319636940956116
matched_coord0.5,mean,0,TFF3,,,0.930597186088562
matched_coord0.5,mean,0,HPCAL1,,,0.9500075578689575
matched_coord0.5,mean,0,S100A11,,,0.8015046119689941
matched_coord0.5,mean,0,ALB,0.0,,0.13767923414707184
matched_coord0.5,mean,0,RNASE1,,,0.7271988391876221
matched_coord0.5,mean,0,TMEM144,0.0,,0.4023124873638153
matched_coord0.5,mean,0,ENPP2,0.0,,0.4979010224342346
matched_coord0.5,mean,0,MAL,0.0,,0.5234412550926208
matched_coord0.5,mean,0,NKX6-2,,,0.34588906168937683
matched_coord0.5,mean,0,HSPA2,,,0.4417862296104431
matched_coord0.5,mean,0,G0S2,0.0,,0.5581739544868469
matched_coord0.5,pca_ridge,0,SCGB2A2,0.17278745616247335,0.16998262595991834,1.4222837686538696
matched_coord0.5,pca_ridge,0,SCGB1D2,0.21862733472040763,0.20949393371815725,1.1571427583694458
matched_coord0.5,pca_ridge,0,MBP,0.3291219442651129,0.3731420450398548,1.0117895603179932
matched_coord0.5,pca_ridge,0,GFAP,0.41419330911087193,0.37318805464713417,0.9928098917007446
matched_coord0.5,pca_ridge,0,PLP1,0.2995311565246127,0.29526405689548135,1.0675445795059204
matched_coord0.5,pca_ridge,0,SAA1,0.16430764583716462,0.14909215850806515,1.0468732118606567
matched_coord0.5,pca_ridge,0,MGP,0.2807599374273508,0.26274577190604004,1.3599563837051392
matched_coord0.5,pca_ridge,0,IGKC,0.07517319546656256,0.05154734197628087,0.9837824106216431
matched_coord0.5,pca_ridge,0,FABP4,0.19204976621996345,0.1428012253085079,0.8975265026092529
matched_coord0.5,pca_ridge,0,MOBP,0.14147886211813152,0.16455450141450575,0.6059376001358032
matched_coord0.5,pca_ridge,0,HBB,0.027926065183708264,0.08232994054961998,0.738290548324585
matched_coord0.5,pca_ridge,0,NEFL,0.4880620477997366,0.4320921855922185,0.8515774607658386
matched_coord0.5,pca_ridge,0,TF,0.18731519883669764,0.21136287881998697,0.7032983899116516
matched_coord0.5,pca_ridge,0,IGHG3,-0.024181255105921746,0.0023998359282713165,0.6348163485527039
matched_coord0.5,pca_ridge,0,CNP,0.1644572543498374,0.1645665197600312,0.8836572170257568
matched_coord0.5,pca_ridge,0,CPB1,0.06833222658774897,0.08866621555703418,0.5664329528808594
matched_coord0.5,pca_ridge,0,CRYAB,0.11339058457577536,0.1132305381133966,0.9477517604827881
matched_coord0.5,pca_ridge,0,IGHA1,-0.010751297272012968,-0.031247682081172668,0.584208071231842
matched_coord0.5,pca_ridge,0,KRT8,0.1387633031059056,0.10949898970035682,0.7487214207649231
matched_coord0.5,pca_ridge,0,MUC1,0.21573628407081946,0.210474800701266,0.9704689383506775
matched_coord0.5,pca_ridge,0,KRT19,0.17372744811906793,0.1446478676857345,0.9530718326568604
matched_coord0.5,pca_ridge,0,IGLC2,0.07548179660643534,0.03419856193041072,0.6433436870574951
matched_coord0.5,pca_ridge,0,TFF1,0.17289984012037057,0.177104759377666,0.9070347547531128
matched_coord0.5,pca_ridge,0,MAG,0.07350028562148697,0.10708080852498775,0.5401052832603455
matched_coord0.5,pca_ridge,0,ERMN,0.11040302608819122,0.14639895228180233,0.4252297580242157
matched_coord0.5,pca_ridge,0,CLDN11,0.09568409027912075,0.12637025705486207,0.47748756408691406
matched_coord0.5,pca_ridge,0,CLDND1,0.13334165931420455,0.17607636943657765,0.7092705965042114
matched_coord0.5,pca_ridge,0,SPP1,0.15785793371732942,0.1968589165499236,0.6070103645324707
matched_coord0.5,pca_ridge,0,PPP1R14A,0.12802258160060814,0.15714710835992501,0.6171234846115112
matched_coord0.5,pca_ridge,0,S100B,0.20335493128382287,0.19808599860678797,0.9459183812141418
matched_coord0.5,pca_ridge,0,MOG,0.08052424376790648,0.11309030575193113,0.3419685661792755
matched_coord0.5,pca_ridge,0,MALAT1,0.21008064972826992,0.2404127700775164,1.0149800777435303
matched_coord0.5,pca_ridge,0,CARNS1,0.11437524352978151,0.141909162160556,0.4105699062347412
matched_coord0.5,pca_ridge,0,IGHG4,0.008423032999033958,-0.00456323052610749,0.5021689534187317
matched_coord0.5,pca_ridge,0,KRT18,0.09245338824712397,0.08301905879837448,0.7117846608161926
matched_coord0.5,pca_ridge,0,BCAS1,0.08559921517697086,0.10935335442869785,0.4832333028316498
matched_coord0.5,pca_ridge,0,PTGDS,0.18860524656981353,0.1833736287313521,0.8166576027870178
matched_coord0.5,pca_ridge,0,SAA2,0.031048354840064532,0.013854166931703351,0.5645067691802979
matched_coord0.5,pca_ridge,0,SEPT4,0.1936408275950391,0.23602547349533828,0.7185000777244568
matched_coord0.5,pca_ridge,0,TFF3,0.20230783341360656,0.19635547793866207,0.9128819704055786
matched_coord0.5,pca_ridge,0,HPCAL1,0.21144546920473423,0.21586828451876616,0.9247269034385681
matched_coord0.5,pca_ridge,0,S100A11,0.10692804254217575,0.08351722414818476,0.8000326156616211
matched_coord0.5,pca_ridge,0,ALB,0.014019326241194912,0.00967130102058976,0.13805963099002838
matched_coord0.5,pca_ridge,0,RNASE1,0.07477172544618584,0.08451327428865192,0.7301818132400513
matched_coord0.5,pca_ridge,0,TMEM144,0.1315756886268272,0.15926256610710318,0.4001430869102478
matched_coord0.5,pca_ridge,0,ENPP2,0.10722844301054531,0.15013332380752964,0.4977734088897705
matched_coord0.5,pca_ridge,0,MAL,0.08271540786491392,0.10979042249154335,0.5240679979324341
matched_coord0.5,pca_ridge,0,NKX6-2,0.06424763056204047,0.0956439447238455,0.34764376282691956
matched_coord0.5,pca_ridge,0,HSPA2,0.1257672644693616,0.1279987990847214,0.43900763988494873
matched_coord0.5,pca_ridge,0,G0S2,0.09747485170820167,0.07150402453562327,0.5543172359466553
matched_coord0.5,spatial_knn,0,SCGB2A2,0.08469310347765166,0.025189014453889193,1.9039239523702165
matched_coord0.5,spatial_knn,0,SCGB1D2,0.11269766691778774,0.11562591787505544,1.3877736577705233
matched_coord0.5,spatial_knn,0,MBP,0.14714253607858213,0.13022951355353304,1.0462946935457462
matched_coord0.5,spatial_knn,0,GFAP,-0.011442225008110828,0.000870242653089662,1.140757398877472
matched_coord0.5,spatial_knn,0,PLP1,0.09612767739177883,0.103525295951514,1.1272164012089219
matched_coord0.5,spatial_knn,0,SAA1,0.20023199186154866,0.219191097973188,1.056741919674145
matched_coord0.5,spatial_knn,0,MGP,0.13678021939529506,0.12371931187484213,1.4467092433160424
matched_coord0.5,spatial_knn,0,IGKC,0.1785525781202041,0.16367811920450318,1.0595635040610907
matched_coord0.5,spatial_knn,0,FABP4,0.22455563603416498,0.21916957175048035,0.9164933294767039
matched_coord0.5,spatial_knn,0,MOBP,0.043645400487049055,0.04010060356160495,0.6112076243347438
matched_coord0.5,spatial_knn,0,HBB,0.001573435962599015,-0.01660431934168159,0.8089834476186059
matched_coord0.5,spatial_knn,0,NEFL,0.12967730936736194,0.10803359200825809,1.0058972409452271
matched_coord0.5,spatial_knn,0,TF,0.07273422485276368,0.058373270713901526,0.7243082956401257
matched_coord0.5,spatial_knn,0,IGHG3,0.2335222827803518,0.15530522527101173,0.6173409339487677
matched_coord0.5,spatial_knn,0,CNP,0.03842906786082413,0.04133434563151512,0.9109243887977561
matched_coord0.5,spatial_knn,0,CPB1,0.3044752658292995,0.22276516044321998,0.5448779895516
matched_coord0.5,spatial_knn,0,CRYAB,0.05015578631252152,0.05648265862044721,0.9649338617699965
matched_coord0.5,spatial_knn,0,IGHA1,0.10896709761284146,0.11289662309834111,0.5780305062293831
matched_coord0.5,spatial_knn,0,KRT8,0.007158737833829957,-0.023485991939777077,0.7893462338495132
matched_coord0.5,spatial_knn,0,MUC1,0.07896662478348906,0.07816745154481715,1.0703572839949276
matched_coord0.5,spatial_knn,0,KRT19,-0.01701609234116939,-0.017589733532278048,1.063002541888006
matched_coord0.5,spatial_knn,0,IGLC2,0.0968821312206797,0.10664780603646233,0.6574852174440218
matched_coord0.5,spatial_knn,0,TFF1,0.06907281752271802,0.06377237676749105,0.9660155145983996
matched_coord0.5,spatial_knn,0,MAG,0.03905704208872206,0.03244233588052561,0.5456228583274084
matched_coord0.5,spatial_knn,0,ERMN,-0.031532052222712575,-0.031367867366952296,0.4378087898301391
matched_coord0.5,spatial_knn,0,CLDN11,-0.04236248993073904,-0.033003142030710135,0.5044757688282383
matched_coord0.5,spatial_knn,0,CLDND1,0.003443431310722722,0.006275224666182444,0.7226088798186544
matched_coord0.5,spatial_knn,0,SPP1,0.03381924089685744,0.015831366514122834,0.6275856903287914
matched_coord0.5,spatial_knn,0,PPP1R14A,0.05079412732233846,0.0409150505022909,0.629793678004606
matched_coord0.5,spatial_knn,0,S100B,0.03723504140618204,0.03718606057690102,0.9868053639053945
matched_coord0.5,spatial_knn,0,MOG,0.018407316907678,0.021052924351636013,0.341998639544725
matched_coord0.5,spatial_knn,0,MALAT1,0.09724895300234307,0.13309285492312464,1.056061622963975
matched_coord0.5,spatial_knn,0,CARNS1,-0.06285235245708734,-0.04319610737901487,0.4314851616036928
matched_coord0.5,spatial_knn,0,IGHG4,0.19978579850298986,0.14900396799274349,0.496114501698003
matched_coord0.5,spatial_knn,0,KRT18,0.02050189926101133,-0.0006526940776369527,0.752799386568825
matched_coord0.5,spatial_knn,0,BCAS1,0.02483754427722741,0.016053129855585706,0.48525302373929907
matched_coord0.5,spatial_knn,0,PTGDS,0.012053700282483384,0.013314924849574606,0.8748698695193077
matched_coord0.5,spatial_knn,0,SAA2,-0.04615050674227267,-0.0013487539008810213,0.6138456104893287
matched_coord0.5,spatial_knn,0,SEPT4,0.010550584037110223,0.007779018468781373,0.7507625390055117
matched_coord0.5,spatial_knn,0,TFF3,-0.11412826422959452,-0.1033718366504971,1.0237510811266353
matched_coord0.5,spatial_knn,0,HPCAL1,0.053997575422500756,0.052288398771052784,0.9781909405136106
matched_coord0.5,spatial_knn,0,S100A11,-0.03784161779170682,-0.04618260287436821,0.8516023376309266
matched_coord0.5,spatial_knn,0,ALB,-0.026624086425298267,-0.02838140567407483,0.13948512350484774
matched_coord0.5,spatial_knn,0,RNASE1,-0.04160334657533476,-0.03759847508029559,0.748557898498539
matched_coord0.5,spatial_knn,0,TMEM144,0.024403762464406318,0.010660116025669124,0.41687481443316354
matched_coord0.5,spatial_knn,0,ENPP2,0.015838652994360047,0.009261314162663622,0.5204776393875941
matched_coord0.5,spatial_knn,0,MAL,-0.004674542442100919,0.013380104028303181,0.5348323138003108
matched_coord0.5,spatial_knn,0,NKX6-2,0.03163492620942707,0.024139953027824002,0.3533096541038807
matched_coord0.5,spatial_knn,0,HSPA2,-0.05036407518381254,-0.029060100046667373,0.45800624416070085
matched_coord0.5,spatial_knn,0,G0S2,0.18058725013426669,0.18637854687555486,0.5746620306455806
patient_Br5292,mean,0,SCGB2A2,,,1.6204487085342407
patient_Br5292,mean,0,SCGB1D2,0.0,,1.276859998703003
patient_Br5292,mean,0,MBP,,,1.4520559310913086
patient_Br5292,mean,0,GFAP,,,1.3325011730194092
patient_Br5292,mean,0,PLP1,,,1.4378418922424316
patient_Br5292,mean,0,SAA1,,,0.9085155725479126
patient_Br5292,mean,0,MGP,,,1.148736596107483
patient_Br5292,mean,0,IGKC,0.0,,1.0877217054367065
patient_Br5292,mean,0,FABP4,0.0,,0.8159447908401489
patient_Br5292,mean,0,MOBP,0.0,,0.8242551684379578
patient_Br5292,mean,0,HBB,,,0.857284665107727
patient_Br5292,mean,0,NEFL,,,1.160760760307312
patient_Br5292,mean,0,TF,0.0,,0.9359437823295593
patient_Br5292,mean,0,IGHG3,0.0,,0.5236350297927856
patient_Br5292,mean,0,CNP,0.0,,1.1366459131240845
patient_Br5292,mean,0,CPB1,,,0.4837057292461395
patient_Br5292,mean,0,CRYAB,,,1.1668596267700195
patient_Br5292,mean,0,IGHA1,,,0.7018231153488159
patient_Br5292,mean,0,KRT8,0.0,,0.9679968953132629
patient_Br5292,mean,0,MUC1,,,1.0503826141357422
patient_Br5292,mean,0,KRT19,,,1.0839505195617676
patient_Br5292,mean,0,IGLC2,,,0.744706392288208
patient_Br5292,mean,0,TFF1,,,0.8895866274833679
patient_Br5292,mean,0,MAG,,,0.6746985912322998
patient_Br5292,mean,0,ERMN,,,0.5635484457015991
patient_Br5292,mean,0,CLDN11,,,0.6173886060714722
patient_Br5292,mean,0,CLDND1,0.0,,0.8793749809265137
patient_Br5292,mean,0,SPP1,,,0.7360819578170776
patient_Br5292,mean,0,PPP1R14A,0.0,,0.7971930503845215
patient_Br5292,mean,0,S100B,,,1.141444206237793
patient_Br5292,mean,0,MOG,,,0.48785585165023804
patient_Br5292,mean,0,MALAT1,,,1.1246155500411987
patient_Br5292,mean,0,CARNS1,0.0,,0.497444748878479
patient_Br5292,mean,0,IGHG4,,,0.4905960261821747
patient_Br5292,mean,0,KRT18,,,0.8755063414573669
patient_Br5292,mean,0,BCAS1,,,0.6253153085708618
patient_Br5292,mean,0,PTGDS,0.0,,1.0815967321395874
patient_Br5292,mean,0,SAA2,,,0.42203378677368164
patient_Br5292,mean,0,SEPT4,,,0.8681023120880127
patient_Br5292,mean,0,TFF3,,,0.919789731502533
patient_Br5292,mean,0,HPCAL1,,,1.0370209217071533
patient_Br5292,mean,0,S100A11,,,0.9593353271484375
patient_Br5292,mean,0,ALB,,,0.17218580842018127
patient_Br5292,mean,0,RNASE1,0.0,,0.8556162118911743
patient_Br5292,mean,0,TMEM144,,,0.5188032388687134
patient_Br5292,mean,0,ENPP2,,,0.6134684085845947
patient_Br5292,mean,0,MAL,,,0.6142541766166687
patient_Br5292,mean,0,NKX6-2,,,0.4225948452949524
patient_Br5292,mean,0,HSPA2,0.0,,0.5602724552154541
patient_Br5292,mean,0,G0S2,,,0.4946098029613495
patient_Br5292,pca_ridge,0,SCGB2A2,0.20222793856093027,0.22320171770657501,1.6064763069152832
patient_Br5292,pca_ridge,0,SCGB1D2,0.1722297709814079,0.17483155733968964,1.2651907205581665
patient_Br5292,pca_ridge,0,MBP,0.3072035811590882,0.23484294127066854,1.3210278749465942
patient_Br5292,pca_ridge,0,GFAP,0.3964542304966375,0.38323512099081186,1.223486065864563
patient_Br5292,pca_ridge,0,PLP1,0.3366127264158288,0.23578815335850026,1.285555124282837
patient_Br5292,pca_ridge,0,SAA1,0.08521262131941647,0.09544746905375051,0.9063267707824707
patient_Br5292,pca_ridge,0,MGP,0.11914732575893752,0.11151856502901665,1.1402629613876343
patient_Br5292,pca_ridge,0,IGKC,0.06582643711731226,0.05487518222210192,1.0872775316238403
patient_Br5292,pca_ridge,0,FABP4,0.10076107985356438,0.10242316913765007,0.8117537498474121
patient_Br5292,pca_ridge,0,MOBP,0.3042394715855761,0.14844450778108792,0.7759082317352295
patient_Br5292,pca_ridge,0,HBB,-0.01314248056667194,-0.014911019015171143,0.865373969078064
patient_Br5292,pca_ridge,0,NEFL,0.44723047397863325,0.39571046817371236,1.0130912065505981
patient_Br5292,pca_ridge,0,TF,0.29600778364442704,0.16778388842647762,0.873058557510376
patient_Br5292,pca_ridge,0,IGHG3,0.021245992087976395,0.02292809318887836,0.5242806673049927
patient_Br5292,pca_ridge,0,CNP,0.25969112790106014,0.14858156738790587,1.0565217733383179
patient_Br5292,pca_ridge,0,CPB1,0.03066834193418173,0.04105316432136249,0.4863649308681488
patient_Br5292,pca_ridge,0,CRYAB,0.2898894164183374,0.2100521324162754,1.1056362390518188
patient_Br5292,pca_ridge,0,IGHA1,0.07057397922251903,0.06608589190935422,0.7006131410598755
patient_Br5292,pca_ridge,0,KRT8,0.19921570223368545,0.16148926396782495,0.954984724521637
patient_Br5292,pca_ridge,0,MUC1,0.1669819539411546,0.1624354676973485,1.0407623052597046
patient_Br5292,pca_ridge,0,KRT19,0.173712546272268,0.1668999947587567,1.072482705116272
patient_Br5292,pca_ridge,0,IGLC2,0.06011238735533791,0.046444634299626836,0.7440125942230225
patient_Br5292,pca_ridge,0,TFF1,0.10894608513837419,0.1139748366861838,0.886650562286377
patient_Br5292,pca_ridge,0,MAG,0.26887178009036033,0.14048612173472821,0.640560507774353
patient_Br5292,pca_ridge,0,ERMN,0.2699442340694883,0.13202956866767596,0.5367913246154785
patient_Br5292,pca_ridge,0,CLDN11,0.263297261794383,0.1285883098630746,0.5887038707733154
patient_Br5292,pca_ridge,0,CLDND1,0.23502750729900884,0.12279562799074702,0.8318747878074646
patient_Br5292,pca_ridge,0,SPP1,0.26217472768038447,0.14162755917646103,0.6953501105308533
patient_Br5292,pca_ridge,0,PPP1R14A,0.2650994282180765,0.14121845399026775,0.7573301196098328
patient_Br5292,pca_ridge,0,S100B,0.24445707688824303,0.21944257945406903,1.1130993366241455
patient_Br5292,pca_ridge,0,MOG,0.26500670713735663,0.13431213659938435,0.47024083137512207
patient_Br5292,pca_ridge,0,MALAT1,0.09887284921547482,0.11182836445302564,1.1344021558761597
patient_Br5292,pca_ridge,0,CARNS1,0.2268420633071073,0.10224142481860393,0.4825764298439026
patient_Br5292,pca_ridge,0,IGHG4,0.031168668669666978,0.02681980731703479,0.49091094732284546
patient_Br5292,pca_ridge,0,KRT18,0.1865029152745716,0.14978007606452498,0.8635048866271973
patient_Br5292,pca_ridge,0,BCAS1,0.21162777464479748,0.11241283002640524,0.6047042012214661
patient_Br5292,pca_ridge,0,PTGDS,0.23558778257595334,0.22814163492614778,1.0424351692199707
patient_Br5292,pca_ridge,0,SAA2,0.04948973454839144,0.06635128804119203,0.4218524396419525
patient_Br5292,pca_ridge,0,SEPT4,0.20002764294157838,0.11633078689495505,0.824241042137146
patient_Br5292,pca_ridge,0,TFF3,0.11395935239471636,0.10709065131262703,0.9168829321861267
patient_Br5292,pca_ridge,0,HPCAL1,0.25092310043918975,0.24937785539928223,1.015758991241455
patient_Br5292,pca_ridge,0,S100A11,0.2030803462307565,0.16495926701572974,0.941321611404419
patient_Br5292,pca_ridge,0,ALB,0.027821193492119745,0.02342355807975205,0.1723245233297348
patient_Br5292,pca_ridge,0,RNASE1,0.20459755238923255,0.11106459683739417,0.8270793557167053
patient_Br5292,pca_ridge,0,TMEM144,0.24559906115497335,0.13060466653440553,0.49805089831352234
patient_Br5292,pca_ridge,0,ENPP2,0.2311282136515617,0.12312143989922013,0.5877763628959656
patient_Br5292,pca_ridge,0,MAL,0.21735591770606574,0.10773554277997409,0.5939739942550659
patient_Br5292,pca_ridge,0,NKX6-2,0.23134924789429584,0.11164088635761925,0.4088899493217468
patient_Br5292,pca_ridge,0,HSPA2,0.23025208249132165,0.12366708177405367,0.5431503653526306
patient_Br5292,pca_ridge,0,G0S2,0.07457993994510032,0.08171223385691251,0.49323171377182007
patient_Br5292,spatial_knn,0,SCGB2A2,0.696427032357145,0.6881294579880818,1.1708468940868815
patient_Br5292,spatial_knn,0,SCGB1D2,0.565005713584662,0.5681975542016441,1.0589611754442525
patient_Br5292,spatial_knn,0,MBP,0.4658716369781268,0.4180128977804983,1.326917655258273
patient_Br5292,spatial_knn,0,GFAP,0.01603255045390745,-0.0012657671809779862,1.4707259933404817
patient_Br5292,spatial_knn,0,PLP1,0.4055850769474047,0.33355998574733575,1.351645921235988
patient_Br5292,spatial_knn,0,SAA1,0.5066546797806946,0.44353760556248895,0.7836944043322123
patient_Br5292,spatial_knn,0,MGP,0.4174351028705891,0.39388429543679726,1.0476906053472492
patient_Br5292,spatial_knn,0,IGKC,0.3142704128086756,0.3152074292343856,1.0549210950675263
patient_Br5292,spatial_knn,0,FABP4,0.4516964859417927,0.39843618382455487,0.728542996876497
patient_Br5292,spatial_knn,0,MOBP,0.3227387811863542,0.22449731724292438,0.8218614500158612
patient_Br5292,spatial_knn,0,HBB,0.3096337247423946,0.23164727031028967,0.8289717572281637
patient_Br5292,spatial_knn,0,NEFL,0.04948561473012322,0.025118053936343976,1.2309575408794997
patient_Br5292,spatial_knn,0,TF,0.27043574855114544,0.2024526435904782,0.9488708430745773
patient_Br5292,spatial_knn,0,IGHG3,0.2620812275184327,0.17631346519665042,0.518057922844352
patient_Br5292,spatial_knn,0,CNP,0.26339026046964575,0.20265074048559054,1.1314576460644437
patient_Br5292,spatial_knn,0,CPB1,0.33481707923027143,0.29457868336109955,0.4657252444225353
patient_Br5292,spatial_knn,0,CRYAB,0.21718761662282837,0.15653232788507607,1.180587544479098
patient_Br5292,spatial_knn,0,IGHA1,0.2639227567639469,0.2524810906104859,0.6892375387218304
patient_Br5292,spatial_knn,0,KRT8,0.28620553306804275,0.2712431045101178,0.94583610507277
patient_Br5292,spatial_knn,0,MUC1,0.29041030382634586,0.3020663025412956,1.0222708041984285
patient_Br5292,spatial_knn,0,KRT19,0.2646261478873813,0.2652267109386633,1.069197690509904
patient_Br5292,spatial_knn,0,IGLC2,0.23409094441363562,0.22541549939440736,0.7443725490173497
patient_Br5292,spatial_knn,0,TFF1,0.3133610185705914,0.32380463570150936,0.8532906384498371
patient_Br5292,spatial_knn,0,MAG,0.22098199544122604,0.16002609968963707,0.7092218376415824
patient_Br5292,spatial_knn,0,ERMN,0.23492836031343167,0.1634252153544355,0.5909940450242452
patient_Br5292,spatial_knn,0,CLDN11,0.20944180862291858,0.14523639050282805,0.6486721147411253
patient_Br5292,spatial_knn,0,CLDND1,0.20089930241874981,0.14812147211110274,0.9078660148247353
patient_Br5292,spatial_knn,0,SPP1,0.22953427820742614,0.16653968823276558,0.757558273367251
patient_Br5292,spatial_knn,0,PPP1R14A,0.22255991866131125,0.15164670709740288,0.8120077663378826
patient_Br5292,spatial_knn,0,S100B,0.0432892517256945,0.013974348881056555,1.213593102413542
patient_Br5292,spatial_knn,0,MOG,0.19384560018374097,0.12605580353336618,0.5129781514305151
patient_Br5292,spatial_knn,0,MALAT1,0.09233203030919863,0.09354656874933531,1.1801620956320933
patient_Br5292,spatial_knn,0,CARNS1,0.16027299212011115,0.11213507161957473,0.5386719291605515
patient_Br5292,spatial_knn,0,IGHG4,0.19730344284617174,0.1412417659439616,0.49845901768028833
patient_Br5292,spatial_knn,0,KRT18,0.23694162234496527,0.2382574197508881,0.868380639119659
patient_Br5292,spatial_knn,0,BCAS1,0.19660761394933898,0.1394249338570987,0.6490682092546329
patient_Br5292,spatial_knn,0,PTGDS,0.027869633257440657,0.023433784970451534,1.1296086348513517
patient_Br5292,spatial_knn,0,SAA2,0.2654759888032154,0.26522798342214793,0.4091999413272233
patient_Br5292,spatial_knn,0,SEPT4,0.19325579333474752,0.14779575696503847,0.8810677811545315
patient_Br5292,spatial_knn,0,TFF3,0.20958436067627118,0.2235438274548931,0.9208102629572886
patient_Br5292,spatial_knn,0,HPCAL1,0.0944411772959208,0.09404264837838978,1.0653523768537367
patient_Br5292,spatial_knn,0,S100A11,0.23922970209753494,0.21202274229041035,0.9486928938159142
patient_Br5292,spatial_knn,0,ALB,0.2289161664683435,0.13112472331666802,0.1702185505359236
patient_Br5292,spatial_knn,0,RNASE1,0.14476158438768766,0.10722882611562068,0.8930637466087007
patient_Br5292,spatial_knn,0,TMEM144,0.17852239719887783,0.12851227325681372,0.545016265821288
patient_Br5292,spatial_knn,0,ENPP2,0.1703824437226313,0.11389493820415279,0.6425317970049247
patient_Br5292,spatial_knn,0,MAL,0.16035586584593814,0.11702043300020934,0.6458342828270438
patient_Br5292,spatial_knn,0,NKX6-2,0.17524425367024452,0.1290515710997386,0.45036833334757653
patient_Br5292,spatial_knn,0,HSPA2,0.16026241633968744,0.1010073180907612,0.5869357391552601
patient_Br5292,spatial_knn,0,G0S2,0.243190314035693,0.22308302343604347,0.4837428112132534
patient_Br5595,mean,0,SCGB2A2,,,1.5163569450378418
patient_Br5595,mean,0,SCGB1D2,,,1.1728689670562744
patient_Br5595,mean,0,MBP,,,0.9823256731033325
patient_Br5595,mean,0,GFAP,,,1.0795994997024536
patient_Br5595,mean,0,PLP1,,,1.1178895235061646
patient_Br5595,mean,0,SAA1,,,0.8517646789550781
patient_Br5595,mean,0,MGP,,,1.0126597881317139
patient_Br5595,mean,0,IGKC,,,0.9760425090789795
patient_Br5595,mean,0,FABP4,,,0.7621944546699524
patient_Br5595,mean,0,MOBP,,,0.7098761200904846
patient_Br5595,mean,0,HBB,,,0.7327943444252014
patient_Br5595,mean,0,NEFL,,,0.9544317126274109
patient_Br5595,mean,0,TF,0.0,,0.8183639049530029
patient_Br5595,mean,0,IGHG3,,,0.45260703563690186
patient_Br5595,mean,0,CNP,0.0,,0.9529872536659241
patient_Br5595,mean,0,CPB1,,,0.40261319279670715
patient_Br5595,mean,0,CRYAB,,,0.9886065721511841
patient_Br5595,mean,0,IGHA1,0.0,,0.6089487075805664
patient_Br5595,mean,0,KRT8,,,0.8666303157806396
patient_Br5595,mean,0,MUC1,,,0.9255176186561584
patient_Br5595,mean,0,KRT19,,,0.9684687852859497
patient_Br5595,mean,0,IGLC2,,,0.6500387787818909
patient_Br5595,mean,0,TFF1,0.0,,0.7694690823554993
patient_Br5595,mean,0,MAG,,,0.623500645160675
patient_Br5595,mean,0,ERMN,,,0.5226386785507202
patient_Br5595,mean,0,CLDN11,,,0.5606454610824585
patient_Br5595,mean,0,CLDND1,0.0,,0.7870561480522156
patient_Br5595,mean,0,SPP1,,,0.6556851863861084
patient_Br5595,mean,0,PPP1R14A,,,0.7167227268218994
patient_Br5595,mean,0,S100B,0.0,,0.9532685875892639
patient_Br5595,mean,0,MOG,,,0.4313576817512512
patient_Br5595,mean,0,MALAT1,,,1.130386233329773
patient_Br5595,mean,0,CARNS1,,,0.458797812461853
patient_Br5595,mean,0,IGHG4,,,0.42930760979652405
patient_Br5595,mean,0,KRT18,,,0.7776566743850708
patient_Br5595,mean,0,BCAS1,,,0.5859450101852417
patient_Br5595,mean,0,PTGDS,0.0,,0.8622621893882751
patient_Br5595,mean,0,SAA2,0.0,,0.38393640518188477
patient_Br5595,mean,0,SEPT4,,,0.7808108329772949
patient_Br5595,mean,0,TFF3,0.0,,0.8016191124916077
patient_Br5595,mean,0,HPCAL1,,,0.8690686821937561
patient_Br5595,mean,0,S100A11,0.0,,0.8395398855209351
patient_Br5595,mean,0,ALB,0.0,,0.12481967359781265
patient_Br5595,mean,0,RNASE1,0.0,,0.7823051810264587
patient_Br5595,mean,0,TMEM144,0.0,,0.4749487638473511
patient_Br5595,mean,0,ENPP2,,,0.5562628507614136
patient_Br5595,mean,0,MAL,,,0.5874464511871338
patient_Br5595,mean,0,NKX6-2,,,0.4013359546661377
patient_Br5595,mean,0,HSPA2,0.0,,0.5049443244934082
patient_Br5595,mean,0,G0S2,,,0.4674564599990845
patient_Br5595,pca_ridge,0,SCGB2A2,0.2688356029727239,0.2541319302263029,1.4704182147979736
patient_Br5595,pca_ridge,0,SCGB1D2,0.2087116367967134,0.20293036631481254,1.1544795036315918
patient_Br5595,pca_ridge,0,MBP,0.30750702475198183,0.32306972449096755,0.9408981204032898
patient_Br5595,pca_ridge,0,GFAP,0.2450845953258847,0.23874670520071353,1.0393226146697998
patient_Br5595,pca_ridge,0,PLP1,0.31812119493363133,0.30565952852935135,1.0575519800186157
patient_Br5595,pca_ridge,0,SAA1,0.08684505072517426,0.10325290325099949,0.8487160205841064
patient_Br5595,pca_ridge,0,MGP,0.11025016714653896,0.10342678808006053,1.0120848417282104
patient_Br5595,pca_ridge,0,IGKC,0.0874013877666607,0.06903220904577781,0.9725857377052307
patient_Br5595,pca_ridge,0,FABP4,0.11333716405403393,0.11687080033952169,0.7570889592170715
patient_Br5595,pca_ridge,0,MOBP,0.17046676155610335,0.16992910709952225,0.7095927596092224
patient_Br5595,pca_ridge,0,HBB,0.08014463650029599,0.07745430837214215,0.7283163666725159
patient_Br5595,pca_ridge,0,NEFL,0.4322650533834089,0.3416636011079158,0.8522202372550964
patient_Br5595,pca_ridge,0,TF,0.21890518205205572,0.21101646782106404,0.7922323346138
patient_Br5595,pca_ridge,0,IGHG3,0.022481840210953587,0.01904617248815394,0.45312416553497314
patient_Br5595,pca_ridge,0,CNP,0.21879558656262577,0.2026778418592314,0.9321422576904297
patient_Br5595,pca_ridge,0,CPB1,0.022609787143594094,0.02187429271142184,0.40505144000053406
patient_Br5595,pca_ridge,0,CRYAB,0.22467706808520743,0.21467838015208826,0.9651126861572266
patient_Br5595,pca_ridge,0,IGHA1,0.0768842990666226,0.06428745796134941,0.6077573299407959
patient_Br5595,pca_ridge,0,KRT8,0.25661267941975385,0.18548629968649893,0.8351693749427795
patient_Br5595,pca_ridge,0,MUC1,0.23267909696554526,0.20788668080102585,0.9009020924568176
patient_Br5595,pca_ridge,0,KRT19,0.20847528915515173,0.16787570023032444,0.9434542655944824
patient_Br5595,pca_ridge,0,IGLC2,0.052578282061029984,0.038142248031844295,0.6498401165008545
patient_Br5595,pca_ridge,0,TFF1,0.10346862427247076,0.12452087380293494,0.7694423794746399
patient_Br5595,pca_ridge,0,MAG,0.17243581727840882,0.1662203388494409,0.6243382096290588
patient_Br5595,pca_ridge,0,ERMN,0.1451794324310716,0.14279978853710157,0.5289206504821777
patient_Br5595,pca_ridge,0,CLDN11,0.1415600819613359,0.13816584154839578,0.5654988884925842
patient_Br5595,pca_ridge,0,CLDND1,0.193414444150656,0.19007381790086209,0.7787492275238037
patient_Br5595,pca_ridge,0,SPP1,0.18953369403763684,0.1868866322012841,0.6419686079025269
patient_Br5595,pca_ridge,0,PPP1R14A,0.15489461035997049,0.1518749652462322,0.7192615866661072
patient_Br5595,pca_ridge,0,S100B,0.1138300457833945,0.12562618963662842,0.9544104933738708
patient_Br5595,pca_ridge,0,MOG,0.135344895097334,0.13343460405651714,0.4378470182418823
patient_Br5595,pca_ridge,0,MALAT1,0.11252895018609009,0.1180583171667746,1.0988447666168213
patient_Br5595,pca_ridge,0,CARNS1,0.13627421897049846,0.139145389570087,0.4610249102115631
patient_Br5595,pca_ridge,0,IGHG4,0.01451584951778061,0.01606380468220877,0.430163711309433
patient_Br5595,pca_ridge,0,KRT18,0.21265404370947374,0.16197181087236354,0.7575840353965759
patient_Br5595,pca_ridge,0,BCAS1,0.09345544341386683,0.10135220791039085,0.5961124300956726
patient_Br5595,pca_ridge,0,PTGDS,0.09887600859221776,0.13540323843035562,0.8720713257789612
patient_Br5595,pca_ridge,0,SAA2,0.06288242769861342,0.07098785148646763,0.3833424150943756
patient_Br5595,pca_ridge,0,SEPT4,0.15228328726986812,0.1619117126413131,0.7807942628860474
patient_Br5595,pca_ridge,0,TFF3,0.13488942076399724,0.1354245683152165,0.7950108051300049
patient_Br5595,pca_ridge,0,HPCAL1,0.15904269309016833,0.16415185344053507,0.8619182109832764
patient_Br5595,pca_ridge,0,S100A11,0.25353503428040197,0.18671970816799793,0.8095188736915588
patient_Br5595,pca_ridge,0,ALB,0.0006790099091589057,-0.002263777491970588,0.12514078617095947
patient_Br5595,pca_ridge,0,RNASE1,0.16359637119141998,0.16210882105558194,0.7783715724945068
patient_Br5595,pca_ridge,0,TMEM144,0.12534830502963906,0.13074424072088148,0.4800170660018921
patient_Br5595,pca_ridge,0,ENPP2,0.1374092091812404,0.14006264890773182,0.5556392073631287
patient_Br5595,pca_ridge,0,MAL,0.12339886095717761,0.12531943813854046,0.5927004218101501
patient_Br5595,pca_ridge,0,NKX6-2,0.0924603108943915,0.09894807169637809,0.4104138910770416
patient_Br5595,pca_ridge,0,HSPA2,0.11672276247868545,0.11297343786004907,0.5089088678359985
patient_Br5595,pca_ridge,0,G0S2,0.08019755464687445,0.0785823424214485,0.46586617827415466
patient_Br5595,spatial_knn,0,SCGB2A2,0.7036975448457253,0.6981982833797697,1.094246517548599
patient_Br5595,spatial_knn,0,SCGB1D2,0.5869129187130102,0.5887475197013656,0.961727891560382
patient_Br5595,spatial_knn,0,MBP,0.38765631427364056,0.427710166781294,1.0602230163665616
patient_Br5595,spatial_knn,0,GFAP,0.09151442428750514,0.07436532696411088,1.2305716464806775
patient_Br5595,spatial_knn,0,PLP1,0.3241176081629882,0.3134410087604952,1.2088345464704606
patient_Br5595,spatial_knn,0,SAA1,0.5130102646838672,0.45859656856312897,0.734643653076463
patient_Br5595,spatial_knn,0,MGP,0.44493501665133484,0.40342435909422153,0.9210830785421216
patient_Br5595,spatial_knn,0,IGKC,0.34111222247160383,0.3312189975855423,0.9423352019470117
patient_Br5595,spatial_knn,0,FABP4,0.4639333321317563,0.4055993809209798,0.6792912569337067
patient_Br5595,spatial_knn,0,MOBP,0.19943825062561182,0.17964875169115763,0.863845135916347
patient_Br5595,spatial_knn,0,HBB,0.30046922469899506,0.24174189580845606,0.7371335153139303
patient_Br5595,spatial_knn,0,NEFL,0.08278336157256957,0.06436555768159524,1.0304008413732302
patient_Br5595,spatial_knn,0,TF,0.17583682578245471,0.17140524207951863,0.9636994384419638
patient_Br5595,spatial_knn,0,IGHG3,0.2655237512498168,0.18129025595029072,0.45404876728786836
patient_Br5595,spatial_knn,0,CNP,0.17328569082994505,0.1568775357483813,1.0842897751337717
patient_Br5595,spatial_knn,0,CPB1,0.3476917774100695,0.3034672783547338,0.3990766659656357
patient_Br5595,spatial_knn,0,CRYAB,0.1740810383783535,0.1513935960648538,1.1004303524108496
patient_Br5595,spatial_knn,0,IGHA1,0.24324821073005592,0.24329372457645637,0.616036644251118
patient_Br5595,spatial_knn,0,KRT8,0.3178797155698374,0.30236879535064476,0.8462661363514707
patient_Br5595,spatial_knn,0,MUC1,0.3141197098007765,0.3230429608442643,0.9008750439504437
patient_Br5595,spatial_knn,0,KRT19,0.28713888264581516,0.2952343684397408,0.9594406662700581
patient_Br5595,spatial_knn,0,IGLC2,0.24579849138294987,0.23486239139064913,0.6540116887320403
patient_Br5595,spatial_knn,0,TFF1,0.3328331926461915,0.33771796979676755,0.7404494777394682
patient_Br5595,spatial_knn,0,MAG,0.12861193180504193,0.1212157072858698,0.7457072655523023
patient_Br5595,spatial_knn,0,ERMN,0.1196048576530046,0.10428585495544915,0.6417631602084198
patient_Br5595,spatial_knn,0,CLDN11,0.11829754944626142,0.11022530582213318,0.6741066238405234
patient_Br5595,spatial_knn,0,CLDND1,0.1491920073289206,0.14224167645459634,0.8917168208124704
patient_Br5595,spatial_knn,0,SPP1,0.14807656545386416,0.1413606360069996,0.7705947376426354
patient_Br5595,spatial_knn,0,PPP1R14A,0.1234867124037562,0.11007759291796727,0.832283089242951
patient_Br5595,spatial_knn,0,S100B,0.06121835677114178,0.049180402164781034,1.0621852929161597
patient_Br5595,spatial_knn,0,MOG,0.08171033046762838,0.08408606580557554,0.5362388566900007
patient_Br5595,spatial_knn,0,MALAT1,0.20292659660757767,0.20481511599135901,1.1255855229853535
patient_Br5595,spatial_knn,0,CARNS1,0.07977205934059622,0.08283921507902069,0.5643670994605772
patient_Br5595,spatial_knn,0,IGHG4,0.19865159430795687,0.150078135570741,0.4394213843551745
patient_Br5595,spatial_knn,0,KRT18,0.23980660722800523,0.23677451635276256,0.7839829353656413
patient_Br5595,spatial_knn,0,BCAS1,0.10603876226888682,0.10415761947473559,0.6757295338969983
patient_Br5595,spatial_knn,0,PTGDS,0.033244256573173356,0.03572730913839932,0.9580048966788578
patient_Br5595,spatial_knn,0,SAA2,0.2562581831163169,0.2601809214675808,0.37878351712832453
patient_Br5595,spatial_knn,0,SEPT4,0.12227217175756622,0.10937999018827187,0.8642988272735334
patient_Br5595,spatial_knn,0,TFF3,0.23080445652382986,0.24858732364245978,0.8061680538141732
patient_Br5595,spatial_knn,0,HPCAL1,0.0771507757368309,0.07416023011932431,0.9287391714816436
patient_Br5595,spatial_knn,0,S100A11,0.2601483530993538,0.2251522815034561,0.8371388046358091
patient_Br5595,spatial_knn,0,ALB,0.2745917174402427,0.12238733673904098,0.13156234018232998
patient_Br5595,spatial_knn,0,RNASE1,0.11159628336424036,0.10425177441734286,0.8697968752512739
patient_Br5595,spatial_knn,0,TMEM144,0.08218469648969033,0.07778383864995903,0.5669228871892754
patient_Br5595,spatial_knn,0,ENPP2,0.0924954252679997,0.08747174234768176,0.6501363162437496
patient_Br5595,spatial_knn,0,MAL,0.08877090553572695,0.09368352821430186,0.6700017346467196
patient_Br5595,spatial_knn,0,NKX6-2,0.0766586929134339,0.0868296889880656,0.4819325747249937
patient_Br5595,spatial_knn,0,HSPA2,0.07730271324650961,0.07033683928430874,0.5963331771417351
patient_Br5595,spatial_knn,0,G0S2,0.2709923858556444,0.24118972280603782,0.45502692266378586
patient_Br8100,mean,0,SCGB2A2,0.0,,1.467328667640686
patient_Br8100,mean,0,SCGB1D2,,,1.1239312887191772
patient_Br8100,mean,0,MBP,,,1.4872063398361206
patient_Br8100,mean,0,GFAP,,,1.225871205329895
patient_Br8100,mean,0,PLP1,,,1.5359985828399658
patient_Br8100,mean,0,SAA1,,,0.7188018560409546
patient_Br8100,mean,0,MGP,0.0,,0.9718940854072571
patient_Br8100,mean,0,IGKC,,,1.0171644687652588
patient_Br8100,mean,0,FABP4,0.0,,0.648289680480957
patient_Br8100,mean,0,MOBP,,,1.129440188407898
patient_Br8100,mean,0,HBB,,,0.8880317211151123
patient_Br8100,mean,0,NEFL,,,0.935682475566864
patient_Br8100,mean,0,TF,0.0,,1.2197233438491821
patient_Br8100,mean,0,IGHG3,,,0.5123629570007324
patient_Br8100,mean,0,CNP,,,1.293102741241455
patient_Br8100,mean,0,CPB1,,,0.5369076132774353
patient_Br8100,mean,0,CRYAB,0.0,,1.1723220348358154
patient_Br8100,mean,0,IGHA1,,,0.6395111680030823
patient_Br8100,mean,0,KRT8,0.0,,0.8820167183876038
patient_Br8100,mean,0,MUC1,,,0.9046418070793152
patient_Br8100,mean,0,KRT19,,,0.987791121006012
patient_Br8100,mean,0,IGLC2,,,0.7079964876174927
patient_Br8100,mean,0,TFF1,0.0,,0.7408480048179626
patient_Br8100,mean,0,MAG,,,0.9761269092559814
patient_Br8100,mean,0,ERMN,,,0.8578921556472778
patient_Br8100,mean,0,CLDN11,0.0,,0.900844395160675
patient_Br8100,mean,0,CLDND1,0.0,,1.069105863571167
patient_Br8100,mean,0,SPP1,0.0,,1.0227042436599731
patient_Br8100,mean,0,PPP1R14A,0.0,,0.9861111044883728
patient_Br8100,mean,0,S100B,0.0,,1.0300228595733643
patient_Br8100,mean,0,MOG,,,0.7130492925643921
patient_Br8100,mean,0,MALAT1,,,0.9655685424804688
patient_Br8100,mean,0,CARNS1,,,0.7941965460777283
patient_Br8100,mean,0,IGHG4,,,0.4973984360694885
patient_Br8100,mean,0,KRT18,,,0.8054884672164917
patient_Br8100,mean,0,BCAS1,0.0,,0.8382741212844849
patient_Br8100,mean,0,PTGDS,,,0.9018175005912781
patient_Br8100,mean,0,SAA2,,,0.31144896149635315
patient_Br8100,mean,0,SEPT4,0.0,,0.9845956563949585
patient_Br8100,mean,0,TFF3,,,0.8188372254371643
patient_Br8100,mean,0,HPCAL1,0.0,,0.8530789017677307
patient_Br8100,mean,0,S100A11,,,0.8294649124145508
patient_Br8100,mean,0,ALB,0.0,,0.17493842542171478
patient_Br8100,mean,0,RNASE1,,,0.9817255139350891
patient_Br8100,mean,0,TMEM144,,,0.7385252118110657
patient_Br8100,mean,0,ENPP2,,,0.8477384448051453
patient_Br8100,mean,0,MAL,,,0.7925871014595032
patient_Br8100,mean,0,NKX6-2,0.0,,0.6490913033485413
patient_Br8100,mean,0,HSPA2,,,0.7488417625427246
patient_Br8100,mean,0,G0S2,,,0.37636226415634155
patient_Br8100,pca_ridge,0,SCGB2A2,0.2947174993731212,0.3066132750794786,1.4061198234558105
patient_Br8100,pca_ridge,0,SCGB1D2,0.23816483456081933,0.25419936232238594,1.0930531024932861
patient_Br8100,pca_ridge,0,MBP,0.6593281511402613,0.5633012695918592,1.22153639793396
patient_Br8100,pca_ridge,0,GFAP,0.6120292432622705,0.5713802050778539,1.0415589809417725
patient_Br8100,pca_ridge,0,PLP1,0.6624012951253647,0.5481297720333989,1.208876609802246
patient_Br8100,pca_ridge,0,SAA1,-0.02602163862053148,-0.051940100922521895,0.7319499850273132
patient_Br8100,pca_ridge,0,MGP,0.035087715138085646,0.027729289224488265,0.987233579158783
patient_Br8100,pca_ridge,0,IGKC,0.0780020878386278,0.047320854396227574,1.0171059370040894
patient_Br8100,pca_ridge,0,FABP4,0.017443204399574218,-0.007812390549041421,0.6555282473564148
patient_Br8100,pca_ridge,0,MOBP,0.630232388630236,0.4795793890647038,0.974898636341095
patient_Br8100,pca_ridge,0,HBB,0.023116165209466414,0.06023543752481146,0.8857970833778381
patient_Br8100,pca_ridge,0,NEFL,0.4804845740838425,0.4325620540860847,0.8186862468719482
patient_Br8100,pca_ridge,0,TF,0.6179417773101725,0.4858557436429752,1.0358294248580933
patient_Br8100,pca_ridge,0,IGHG3,0.01587710986601748,0.022223977386131303,0.5125930905342102
patient_Br8100,pca_ridge,0,CNP,0.5748924060842372,0.46381486311394177,1.0950121879577637
patient_Br8100,pca_ridge,0,CPB1,0.05324912479890226,0.06640089455996635,0.536990225315094
patient_Br8100,pca_ridge,0,CRYAB,0.6064550879635484,0.4806838241014371,0.9732129573822021
patient_Br8100,pca_ridge,0,IGHA1,0.07193203429820592,0.036564231849701284,0.6398844718933105
patient_Br8100,pca_ridge,0,KRT8,0.32862666205238034,0.27963099349312154,0.8375102281570435
patient_Br8100,pca_ridge,0,MUC1,0.25410102598410134,0.25064304592809616,0.8748409152030945
patient_Br8100,pca_ridge,0,KRT19,0.2576022074237194,0.26178512835183515,0.960085391998291
patient_Br8100,pca_ridge,0,IGLC2,0.08250754022931339,0.044814631582237925,0.7070944309234619
patient_Br8100,pca_ridge,0,TFF1,0.11752869849217895,0.135062826442417,0.7372380495071411
patient_Br8100,pca_ridge,0,MAG,0.5791314326430539,0.4470827302810814,0.8632973432540894
patient_Br8100,pca_ridge,0,ERMN,0.567208591737451,0.44056285747729645,0.7690784335136414
patient_Br8100,pca_ridge,0,CLDN11,0.5693552956474242,0.4392981650924754,0.8057959079742432
patient_Br8100,pca_ridge,0,CLDND1,0.5324876900063239,0.4431617335233609,0.9332473278045654
patient_Br8100,pca_ridge,0,SPP1,0.5688135940989798,0.4494477511647111,0.903740406036377
patient_Br8100,pca_ridge,0,PPP1R14A,0.5687357912496316,0.4351123960907059,0.8637067675590515
patient_Br8100,pca_ridge,0,S100B,0.5173514499859199,0.45205277956405726,0.921825110912323
patient_Br8100,pca_ridge,0,MOG,0.5524592022929968,0.42710700540812296,0.6431204676628113
patient_Br8100,pca_ridge,0,MALAT1,0.16351379053335602,0.2222389715365127,0.9602417349815369
patient_Br8100,pca_ridge,0,CARNS1,0.5340888436024707,0.41513957882267977,0.7287747859954834
patient_Br8100,pca_ridge,0,IGHG4,0.037706537309596874,0.03925590485337804,0.4970833361148834
patient_Br8100,pca_ridge,0,KRT18,0.28084311130791967,0.24325357024248034,0.7751995325088501
patient_Br8100,pca_ridge,0,BCAS1,0.48006435341492215,0.39338013847197983,0.7738628387451172
patient_Br8100,pca_ridge,0,PTGDS,0.47967130426947563,0.44849648254494084,0.8153039813041687
patient_Br8100,pca_ridge,0,SAA2,0.006535617267863761,0.007287229605230506,0.3128478527069092
patient_Br8100,pca_ridge,0,SEPT4,0.4247405794321394,0.3789839318254007,0.8924481272697449
patient_Br8100,pca_ridge,0,TFF3,0.16579695639754544,0.17374084129593415,0.8076668977737427
patient_Br8100,pca_ridge,0,HPCAL1,0.2512969212055465,0.25605474678763035,0.8247732520103455
patient_Br8100,pca_ridge,0,S100A11,0.30444393095397526,0.2510858298596456,0.7916772961616516
patient_Br8100,pca_ridge,0,ALB,0.00589344558786194,0.003201734073244362,0.17506980895996094
patient_Br8100,pca_ridge,0,RNASE1,0.5097868450429498,0.4113382006773988,0.8791220784187317
patient_Br8100,pca_ridge,0,TMEM144,0.5153590172348674,0.4008454251077327,0.6723423004150391
patient_Br8100,pca_ridge,0,ENPP2,0.49489565098791083,0.3882464584626529,0.7720997929573059
patient_Br8100,pca_ridge,0,MAL,0.49720030063700094,0.3901075361920197,0.7220228314399719
patient_Br8100,pca_ridge,0,NKX6-2,0.48129360632362383,0.3827128000375249,0.6028947234153748
patient_Br8100,pca_ridge,0,HSPA2,0.5138384989113713,0.3963129704369833,0.6814832091331482
patient_Br8100,pca_ridge,0,G0S2,0.020380791739236973,0.003969670349405252,0.3781587481498718
patient_Br8100,spatial_knn,0,SCGB2A2,0.6664409474590427,0.6537773772543362,1.1167394437099367
patient_Br8100,spatial_knn,0,SCGB1D2,0.5469840440978929,0.5504905605417654,0.9657800676855655
patient_Br8100,spatial_knn,0,MBP,0.6724675119585379,0.5932571636065932,1.2852204769299425
patient_Br8100,spatial_knn,0,GFAP,0.1673237727012126,0.14882926214236744,1.243293128398169
patient_Br8100,spatial_knn,0,PLP1,0.5989422889608573,0.5131307736583142,1.3267777505848808
patient_Br8100,spatial_knn,0,SAA1,0.4568701951797256,0.43497391864656904,0.6883202556076999
patient_Br8100,spatial_knn,0,MGP,0.37114804993055894,0.3504416137827949,0.9426427551969919
patient_Br8100,spatial_knn,0,IGKC,0.3291887773271497,0.3055332236055858,0.9828438337769667
patient_Br8100,spatial_knn,0,FABP4,0.3920924176084722,0.37349395359892273,0.6381029783159891
patient_Br8100,spatial_knn,0,MOBP,0.4864190521331662,0.3713879173482161,1.0239471206839863
patient_Br8100,spatial_knn,0,HBB,0.32763915669172283,0.2401347397812243,0.8462944948811392
patient_Br8100,spatial_knn,0,NEFL,0.04335592047949051,0.03003449506383401,1.0238631830692018
patient_Br8100,spatial_knn,0,TF,0.4241887702313968,0.34785694270827666,1.1277006457669356
patient_Br8100,spatial_knn,0,IGHG3,0.24278252939363665,0.14658243442247818,0.5093216571807653
patient_Br8100,spatial_knn,0,CNP,0.4194684000825021,0.35000386518705323,1.1956735610177338
patient_Br8100,spatial_knn,0,CPB1,0.38255681711753253,0.3502730635582726,0.496949002601194
patient_Br8100,spatial_knn,0,CRYAB,0.40022890344802275,0.3290429592773511,1.078143082831054
patient_Br8100,spatial_knn,0,IGHA1,0.2562433273991862,0.25859297511034995,0.6347849307841292
patient_Br8100,spatial_knn,0,KRT8,0.3265350230053188,0.30433978213261165,0.8513051603309294
patient_Br8100,spatial_knn,0,MUC1,0.26836700085312204,0.2838529302536728,0.9078908700764767
patient_Br8100,spatial_knn,0,KRT19,0.30704964817616026,0.3101896686876787,0.960636367604314
patient_Br8100,spatial_knn,0,IGLC2,0.2503751558780918,0.22306447800966273,0.7002457731779521
patient_Br8100,spatial_knn,0,TFF1,0.2764826122976294,0.2966971669579488,0.7445048391008982
patient_Br8100,spatial_knn,0,MAG,0.3564958130965315,0.2886062700698408,0.9212377766131791
patient_Br8100,spatial_knn,0,ERMN,0.3523303255320798,0.2747329382927468,0.8109369096107859
patient_Br8100,spatial_knn,0,CLDN11,0.3363846869199962,0.259825168262688,0.8559879362107415
patient_Br8100,spatial_knn,0,CLDND1,0.3565735271279149,0.2927829099338827,1.0075040566652056
patient_Br8100,spatial_knn,0,SPP1,0.3675754197397064,0.29687016730563237,0.9622416686526709
patient_Br8100,spatial_knn,0,PPP1R14A,0.3351824508443242,0.2527330107371759,0.9329506010608671
patient_Br8100,spatial_knn,0,S100B,0.1149470102673915,0.08747283589322245,1.0524254362462389
patient_Br8100,spatial_knn,0,MOG,0.2994613161899409,0.23964813094105214,0.6822087728452967
patient_Br8100,spatial_knn,0,MALAT1,0.2027417430108237,0.17390637757971586,0.9917618215451095
patient_Br8100,spatial_knn,0,CARNS1,0.26110502143651515,0.21049535581262208,0.7700132228708204
patient_Br8100,spatial_knn,0,IGHG4,0.21237496638309666,0.12449996062872114,0.49479105903893905
patient_Br8100,spatial_knn,0,KRT18,0.2624468720079691,0.2608723447524556,0.7942931651386715
patient_Br8100,spatial_knn,0,BCAS1,0.30834299484688577,0.24889675856980029,0.8019093953507971
patient_Br8100,spatial_knn,0,PTGDS,0.059377320261015054,0.04686678851269449,0.9438124578976052
patient_Br8100,spatial_knn,0,SAA2,0.2520219531687661,0.27310305321343625,0.3213669884721325
patient_Br8100,spatial_knn,0,SEPT4,0.28827317571000655,0.23633947768648003,0.947825359250841
patient_Br8100,spatial_knn,0,TFF3,0.1971484636441157,0.21940805831201216,0.8349689055702247
patient_Br8100,spatial_knn,0,HPCAL1,0.09317231026555481,0.0953609356692718,0.8957550685648152
patient_Br8100,spatial_knn,0,S100A11,0.2655878364151099,0.23443398270593416,0.8222893318872647
patient_Br8100,spatial_knn,0,ALB,0.30206565690930637,0.19605496691922522,0.1673209046943117
patient_Br8100,spatial_knn,0,RNASE1,0.26305118092329355,0.21597439853918024,0.9506350875577957
patient_Br8100,spatial_knn,0,TMEM144,0.2540976218847475,0.19089115440128507,0.7156020718992383
patient_Br8100,spatial_knn,0,ENPP2,0.26571220567340514,0.20135897891087562,0.8188851489869702
patient_Br8100,spatial_knn,0,MAL,0.2763168244773059,0.22248413460753413,0.7627517818995518
patient_Br8100,spatial_knn,0,NKX6-2,0.25221825166117706,0.2029369140733571,0.629224412114874
patient_Br8100,spatial_knn,0,HSPA2,0.2519463813732348,0.1854652468395118,0.7259013618852952
patient_Br8100,spatial_knn,0,G0S2,0.22133342521326574,0.22871941955526237,0.39674038911299575
region_hop5,mean,0,SCGB2A2,,,1.7735775709152222
region_hop5,mean,0,SCGB1D2,0.0,,1.354814052581787
region_hop5,mean,0,MBP,,,1.1546152830123901
region_hop5,mean,0,GFAP,0.0,,1.1743968725204468
region_hop5,mean,0,PLP1,,,1.2294970750808716
region_hop5,mean,0,SAA1,,,0.8335463404655457
region_hop5,mean,0,MGP,,,1.10474693775177
region_hop5,mean,0,IGKC,,,1.0235676765441895
region_hop5,mean,0,FABP4,,,0.7174451351165771
region_hop5,mean,0,MOBP,,,0.7992750406265259
region_hop5,mean,0,HBB,0.0,,0.948300302028656
region_hop5,mean,0,NEFL,,,1.0389527082443237
region_hop5,mean,0,TF,,,0.9175994992256165
region_hop5,mean,0,IGHG3,,,0.37374356389045715
region_hop5,mean,0,CNP,0.0,,1.0471832752227783
region_hop5,mean,0,CPB1,,,0.5651950240135193
region_hop5,mean,0,CRYAB,,,1.0598325729370117
region_hop5,mean,0,IGHA1,,,0.7139147520065308
region_hop5,mean,0,KRT8,,,0.8958346843719482
region_hop5,mean,0,MUC1,,,1.000077486038208
region_hop5,mean,0,KRT19,,,1.0374577045440674
region_hop5,mean,0,IGLC2,0.0,,0.6945610046386719
region_hop5,mean,0,TFF1,0.0,,0.8077381253242493
region_hop5,mean,0,MAG,,,0.6982621550559998
region_hop5,mean,0,ERMN,,,0.5731337070465088
region_hop5,mean,0,CLDN11,,,0.6368227005004883
region_hop5,mean,0,CLDND1,,,0.857939600944519
region_hop5,mean,0,SPP1,,,0.7391824722290039
region_hop5,mean,0,PPP1R14A,,,0.7707905173301697
region_hop5,mean,0,S100B,,,1.0428186655044556
region_hop5,mean,0,MOG,,,0.47782400250434875
region_hop5,mean,0,MALAT1,,,1.117824673652649
region_hop5,mean,0,CARNS1,,,0.5271043181419373
region_hop5,mean,0,IGHG4,,,0.37497594952583313
region_hop5,mean,0,KRT18,,,0.8045692443847656
region_hop5,mean,0,BCAS1,0.0,,0.6440885066986084
region_hop5,mean,0,PTGDS,,,0.9668871760368347
region_hop5,mean,0,SAA2,,,0.3677351772785187
region_hop5,mean,0,SEPT4,0.0,,0.824446976184845
region_hop5,mean,0,TFF3,,,0.8692010641098022
region_hop5,mean,0,HPCAL1,,,0.9324730634689331
region_hop5,mean,0,S100A11,0.0,,0.896320104598999
region_hop5,mean,0,ALB,0.0,,0.24927988648414612
region_hop5,mean,0,RNASE1,0.0,,0.8307451605796814
region_hop5,mean,0,TMEM144,0.0,,0.5253242254257202
region_hop5,mean,0,ENPP2,,,0.6247418522834778
region_hop5,mean,0,MAL,0.0,,0.6192147135734558
region_hop5,mean,0,NKX6-2,,,0.44284141063690186
region_hop5,mean,0,HSPA2,,,0.548987865447998
region_hop5,mean,0,G0S2,0.0,,0.4038044214248657
region_hop5,pca_ridge,0,SCGB2A2,0.27443913650097546,0.2637703417425534,1.70604407787323
region_hop5,pca_ridge,0,SCGB1D2,0.2288461286826279,0.21858504168736942,1.3190932273864746
region_hop5,pca_ridge,0,MBP,0.38488097941135113,0.3827175104650711,1.0812976360321045
region_hop5,pca_ridge,0,GFAP,0.3658479651878438,0.37708349518750345,1.1009349822998047
region_hop5,pca_ridge,0,PLP1,0.3945200826578494,0.369313715375588,1.1473983526229858
region_hop5,pca_ridge,0,SAA1,0.022297138552599807,0.0011310069120533427,0.8452272415161133
region_hop5,pca_ridge,0,MGP,0.09187339305133563,0.08254856935818854,1.1029752492904663
region_hop5,pca_ridge,0,IGKC,0.12634750043991994,0.08933982452013614,1.0152088403701782
region_hop5,pca_ridge,0,FABP4,0.03924284965287042,0.017754393661488222,0.7258129119873047
region_hop5,pca_ridge,0,MOBP,0.2764729198173772,0.22561891363899328,0.7842658162117004
region_hop5,pca_ridge,0,HBB,0.0060293253646736406,0.010079653461604225,0.9531505703926086
region_hop5,pca_ridge,0,NEFL,0.45118571215427117,0.37515830398791034,0.9261940717697144
region_hop5,pca_ridge,0,TF,0.31202697343241215,0.266327470284664,0.8841023445129395
region_hop5,pca_ridge,0,IGHG3,0.02911404478081279,0.03653433254906249,0.37874042987823486
region_hop5,pca_ridge,0,CNP,0.2928722465179127,0.24813744171358226,1.014484167098999
region_hop5,pca_ridge,0,CPB1,0.04639263618561844,0.0531818907081442,0.5642628073692322
region_hop5,pca_ridge,0,CRYAB,0.26336564321056255,0.24088388174939437,1.0310817956924438
region_hop5,pca_ridge,0,IGHA1,0.13223197799097888,0.09007615755388153,0.7085015773773193
region_hop5,pca_ridge,0,KRT8,0.22154028740130505,0.17804317758659197,0.8704876899719238
region_hop5,pca_ridge,0,MUC1,0.2034442329253611,0.19591189131576023,0.9697090983390808
region_hop5,pca_ridge,0,KRT19,0.2284507555978751,0.19806930955433485,1.0065652132034302
region_hop5,pca_ridge,0,IGLC2,0.07657417028626202,0.04348462695764213,0.693461537361145
region_hop5,pca_ridge,0,TFF1,0.06833107187323081,0.09203965352296478,0.8029370903968811
region_hop5,pca_ridge,0,MAG,0.2486297491623912,0.2064248190398229,0.6885581016540527
region_hop5,pca_ridge,0,ERMN,0.23616161508520944,0.19909189276165631,0.5678431391716003
region_hop5,pca_ridge,0,CLDN11,0.2588466349322857,0.2120956440870503,0.6242145299911499
region_hop5,pca_ridge,0,CLDND1,0.24456811243653614,0.20904742486131295,0.8426264524459839
region_hop5,pca_ridge,0,SPP1,0.27290264257125324,0.2265667142197097,0.7193690538406372
region_hop5,pca_ridge,0,PPP1R14A,0.24063325407090566,0.20183916546348962,0.7559448480606079
region_hop5,pca_ridge,0,S100B,0.19331472859031731,0.20422921183447548,1.0292547941207886
region_hop5,pca_ridge,0,MOG,0.22250178233048085,0.18046895842936983,0.47510963678359985
region_hop5,pca_ridge,0,MALAT1,0.14849124456459076,0.18333357970923553,1.0966663360595703
region_hop5,pca_ridge,0,CARNS1,0.22745060562397426,0.1891926864775002,0.5226415395736694
region_hop5,pca_ridge,0,IGHG4,0.01476198622159004,0.02130508245057961,0.3790258467197418
region_hop5,pca_ridge,0,KRT18,0.176150434717254,0.14834007210315175,0.7904036045074463
region_hop5,pca_ridge,0,BCAS1,0.1917700860619847,0.16905730505109953,0.639285147190094
region_hop5,pca_ridge,0,PTGDS,0.17794107551695057,0.2125282953791859,0.9521304368972778
region_hop5,pca_ridge,0,SAA2,0.03684595411507829,0.031479025183289155,0.36881354451179504
region_hop5,pca_ridge,0,SEPT4,0.2146996625799107,0.19880775302780146,0.8102059364318848
region_hop5,pca_ridge,0,TFF3,0.11886270807758474,0.12218714790577231,0.8578953146934509
region_hop5,pca_ridge,0,HPCAL1,0.197480062364474,0.19646299225227778,0.9153277277946472
region_hop5,pca_ridge,0,S100A11,0.23374398917044292,0.189509886646083,0.8685766458511353
region_hop5,pca_ridge,0,ALB,0.006866350886688775,0.008520638181147176,0.24934719502925873
region_hop5,pca_ridge,0,RNASE1,0.21520459246670676,0.18886349212792272,0.8160001635551453
region_hop5,pca_ridge,0,TMEM144,0.2035257856114128,0.17510844075324686,0.5223431587219238
region_hop5,pca_ridge,0,ENPP2,0.21655988020421602,0.18486013795460912,0.6168627738952637
region_hop5,pca_ridge,0,MAL,0.20354572969335452,0.17731371762975998,0.6107404232025146
region_hop5,pca_ridge,0,NKX6-2,0.18722475326584354,0.15234683016131123,0.4427722692489624
region_hop5,pca_ridge,0,HSPA2,0.1915905676418489,0.1595629177617282,0.5466191172599792
region_hop5,pca_ridge,0,G0S2,0.046405266266144427,0.032432262362735054,0.4057597815990448
region_hop5,spatial_knn,0,SCGB2A2,0.6575510154276346,0.6483621545504609,1.3155294041178738
region_hop5,spatial_knn,0,SCGB1D2,0.5521451388311154,0.5466308721333792,1.1464031131380112
region_hop5,spatial_knn,0,MBP,0.4017683416813311,0.40495745262967886,1.0930274340587425
region_hop5,spatial_knn,0,GFAP,0.10302089494804527,0.09501499592756109,1.2722784352566128
region_hop5,spatial_knn,0,PLP1,0.31161009595955697,0.2850179315003275,1.1923986525487926
region_hop5,spatial_knn,0,SAA1,0.146605642813721,0.1219016761324055,0.9887084058640415
region_hop5,spatial_knn,0,MGP,0.07578641972771244,0.14117685744176645,1.2303937521101465
region_hop5,spatial_knn,0,IGKC,-0.023525004466225713,0.02255384875254851,1.088415920126997
region_hop5,spatial_knn,0,FABP4,0.19234899293639743,0.13823698122146383,0.792608449366913
region_hop5,spatial_knn,0,MOBP,0.2166164816317439,0.17373635199062598,0.8229672343370393
region_hop5,spatial_knn,0,HBB,-0.027729742644206856,-0.02162466750902715,1.0097334097821207
region_hop5,spatial_knn,0,NEFL,0.1257492588326635,0.10420810293117805,1.0634453676344438
region_hop5,spatial_knn,0,TF,0.18033828262045268,0.12997032034974781,0.9155812693429969
region_hop5,spatial_knn,0,IGHG3,0.023712673803050675,0.030256724586339715,0.35487673564499334
region_hop5,spatial_knn,0,CNP,0.21850054589638584,0.20314645281495095,1.0495585723637293
region_hop5,spatial_knn,0,CPB1,0.3349526410001629,0.30237011539213576,0.5448835263216044
region_hop5,spatial_knn,0,CRYAB,0.18472500308323542,0.17620752114424876,1.090516764707361
region_hop5,spatial_knn,0,IGHA1,-0.009280644335623952,0.03490631105432,0.7516792370550777
region_hop5,spatial_knn,0,KRT8,0.1575905373152171,0.13447609733421798,0.9777535560279119
region_hop5,spatial_knn,0,MUC1,0.2762939523705386,0.26950530844773257,0.9486255323019865
region_hop5,spatial_knn,0,KRT19,0.17332196708199155,0.17833461797111516,1.0452504260657434
region_hop5,spatial_knn,0,IGLC2,0.06600103683721086,0.0692376324905197,0.7206753102456623
region_hop5,spatial_knn,0,TFF1,0.259145750496447,0.237190489763685,0.7726153913576781
region_hop5,spatial_knn,0,MAG,0.15918816146125847,0.13475972521561144,0.7051217039522666
region_hop5,spatial_knn,0,ERMN,0.16050395089545186,0.1191344895451619,0.5865085694952108
region_hop5,spatial_knn,0,CLDN11,0.1502040692841594,0.10757522970436535,0.6485925375235156
region_hop5,spatial_knn,0,CLDND1,0.19122976385226095,0.17387873106080062,0.8748698175445241
region_hop5,spatial_knn,0,SPP1,0.1781507507887876,0.1646853520780117,0.7522577166825388
region_hop5,spatial_knn,0,PPP1R14A,0.15853041579419994,0.14325003712816325,0.7841599006455581
region_hop5,spatial_knn,0,S100B,0.036000380623068144,0.05394223029060025,1.0868725986416627
region_hop5,spatial_knn,0,MOG,0.13885971438998157,0.0959143266143821,0.48917704421812164
region_hop5,spatial_knn,0,MALAT1,0.10633184886915643,0.1008043031036003,1.1105688337979323
region_hop5,spatial_knn,0,CARNS1,0.09316568723085616,0.08613485558736582,0.5480389099045493
region_hop5,spatial_knn,0,IGHG4,0.02311572612143261,0.023592593564961475,0.38519014460686873
region_hop5,spatial_knn,0,KRT18,0.164730459409272,0.1510999840573945,0.8285334867559284
region_hop5,spatial_knn,0,BCAS1,0.151269361798473,0.13190713652620673,0.6457663564680279
region_hop5,spatial_knn,0,PTGDS,0.030737332173839785,0.04747155904334016,1.0008179540597828
region_hop5,spatial_knn,0,SAA2,-0.041151521500761845,-0.023504454334473707,0.4284951513250712
region_hop5,spatial_knn,0,SEPT4,0.10956025476993059,0.06454004059678062,0.8519665277597799
region_hop5,spatial_knn,0,TFF3,0.20697212187973332,0.2018038968047888,0.8567707614220003
region_hop5,spatial_knn,0,HPCAL1,0.08870950307825577,0.08438452535421685,0.9685605820895962
region_hop5,spatial_knn,0,S100A11,0.2005571164814854,0.12419504473776033,0.8820424015604527
region_hop5,spatial_knn,0,ALB,-0.015438470440975025,-0.010821646587213565,0.2528042266692626
region_hop5,spatial_knn,0,RNASE1,0.12183317707907404,0.11209269762718041,0.8730676242083244
region_hop5,spatial_knn,0,TMEM144,0.12401784491447444,0.0880447276578721,0.550520785922868
region_hop5,spatial_knn,0,ENPP2,0.11967376209059376,0.08710291739561134,0.6425271999696992
region_hop5,spatial_knn,0,MAL,0.10213333512842616,0.06188956047319603,0.6385814400119496
region_hop5,spatial_knn,0,NKX6-2,0.11783398139990425,0.0898856766724024,0.4536429365075767
region_hop5,spatial_knn,0,HSPA2,0.07941005390184724,0.061438526291690124,0.5604731077669781
region_hop5,spatial_knn,0,G0S2,0.09981163226555695,0.054864637838996894,0.45506403199867246
region_hop10,mean,0,SCGB2A2,,,1.7549294233322144
region_hop10,mean,0,SCGB1D2,,,1.346134901046753
region_hop10,mean,0,MBP,0.0,,1.1073497533798218
region_hop10,mean,0,GFAP,,,1.144565463066101
region_hop10,mean,0,PLP1,0.0,,1.1937345266342163
region_hop10,mean,0,SAA1,,,0.8593240976333618
region_hop10,mean,0,MGP,,,1.04557204246521
region_hop10,mean,0,IGKC,0.0,,1.0210368633270264
region_hop10,mean,0,FABP4,0.0,,0.7309570908546448
region_hop10,mean,0,MOBP,0.0,,0.7528631687164307
region_hop10,mean,0,HBB,,,1.019465446472168
region_hop10,mean,0,NEFL,,,1.0361424684524536
region_hop10,mean,0,TF,0.0,,0.8956763744354248
region_hop10,mean,0,IGHG3,,,0.36153170466423035
region_hop10,mean,0,CNP,0.0,,1.0175492763519287
region_hop10,mean,0,CPB1,,,0.6359730362892151
region_hop10,mean,0,CRYAB,,,1.0405082702636719
region_hop10,mean,0,IGHA1,,,0.7118074297904968
region_hop10,mean,0,KRT8,,,0.8719385266304016
region_hop10,mean,0,MUC1,,,0.9910516142845154
region_hop10,mean,0,KRT19,,,1.024828553199768
region_hop10,mean,0,IGLC2,,,0.7050555348396301
region_hop10,mean,0,TFF1,0.0,,0.7912219762802124
region_hop10,mean,0,MAG,0.0,,0.6708646416664124
region_hop10,mean,0,ERMN,,,0.5493333339691162
region_hop10,mean,0,CLDN11,,,0.6148322224617004
region_hop10,mean,0,CLDND1,,,0.8368394374847412
region_hop10,mean,0,SPP1,0.0,,0.7104704976081848
region_hop10,mean,0,PPP1R14A,,,0.7520396709442139
region_hop10,mean,0,S100B,0.0,,1.0299649238586426
region_hop10,mean,0,MOG,,,0.4636386036872864
region_hop10,mean,0,MALAT1,,,1.1226701736450195
region_hop10,mean,0,CARNS1,,,0.5042873620986938
region_hop10,mean,0,IGHG4,0.0,,0.37021604180336
region_hop10,mean,0,KRT18,,,0.7848774194717407
region_hop10,mean,0,BCAS1,0.0,,0.6116260886192322
region_hop10,mean,0,PTGDS,,,0.9639014601707458
region_hop10,mean,0,SAA2,,,0.39146238565444946
region_hop10,mean,0,SEPT4,,,0.8100954294204712
region_hop10,mean,0,TFF3,,,0.8551824688911438
region_hop10,mean,0,HPCAL1,,,0.9399580359458923
region_hop10,mean,0,S100A11,0.0,,0.8783930540084839
region_hop10,mean,0,ALB,0.0,,0.10853920131921768
region_hop10,mean,0,RNASE1,,,0.8152667880058289
region_hop10,mean,0,TMEM144,0.0,,0.4991215467453003
region_hop10,mean,0,ENPP2,,,0.6067579388618469
region_hop10,mean,0,MAL,0.0,,0.610984742641449
region_hop10,mean,0,NKX6-2,,,0.41491469740867615
region_hop10,mean,0,HSPA2,0.0,,0.526820719242096
region_hop10,mean,0,G0S2,,,0.419068843126297
region_hop10,pca_ridge,0,SCGB2A2,0.22473982785523872,0.2133943755555427,1.7045403718948364
region_hop10,pca_ridge,0,SCGB1D2,0.1847753918932279,0.1758527477989171,1.3205647468566895
region_hop10,pca_ridge,0,MBP,0.31668571649564004,0.32266844168162384,1.0699079036712646
region_hop10,pca_ridge,0,GFAP,0.32731713688243214,0.3277408066952584,1.0883066654205322
region_hop10,pca_ridge,0,PLP1,0.3267376778175282,0.308892782664781,1.1534076929092407
region_hop10,pca_ridge,0,SAA1,0.050285544124255746,0.0298213750649566,0.8667779564857483
region_hop10,pca_ridge,0,MGP,0.0838587623950406,0.07370436866206219,1.042220115661621
region_hop10,pca_ridge,0,IGKC,0.08961982127806394,0.055552881967399395,1.017486810684204
region_hop10,pca_ridge,0,FABP4,0.06159601441046253,0.03874865060782827,0.735849142074585
region_hop10,pca_ridge,0,MOBP,0.20513813995735306,0.17524679331821677,0.759113073348999
region_hop10,pca_ridge,0,HBB,0.005351228546973767,0.00647052546465911,1.0255855321884155
region_hop10,pca_ridge,0,NEFL,0.44346819398016235,0.36357434104542163,0.9252647161483765
region_hop10,pca_ridge,0,TF,0.2551499237352895,0.22539629540387734,0.8835639953613281
region_hop10,pca_ridge,0,IGHG3,0.026303708485396076,0.03368590336040198,0.3670290410518646
region_hop10,pca_ridge,0,CNP,0.23585049727350998,0.20383672938746963,1.0068309307098389
region_hop10,pca_ridge,0,CPB1,0.04094208109174125,0.04596477770230854,0.6345745325088501
region_hop10,pca_ridge,0,CRYAB,0.21170898293064944,0.20264922897527865,1.0296872854232788
region_hop10,pca_ridge,0,IGHA1,0.11139836082171534,0.06517154590836863,0.70849609375
region_hop10,pca_ridge,0,KRT8,0.1720150105521373,0.13733626785950193,0.8552944660186768
region_hop10,pca_ridge,0,MUC1,0.1702813093873538,0.16253021126034678,0.9651773571968079
region_hop10,pca_ridge,0,KRT19,0.211287872412112,0.17679229233020163,0.9956664443016052
region_hop10,pca_ridge,0,IGLC2,0.04991127335669521,0.018157237831214992,0.705889880657196
region_hop10,pca_ridge,0,TFF1,0.0511909971824477,0.07142115037064985,0.7881761789321899
region_hop10,pca_ridge,0,MAG,0.19600535566204852,0.16507127764032267,0.6735033988952637
region_hop10,pca_ridge,0,ERMN,0.18380799851046614,0.1613730161079789,0.5532999634742737
region_hop10,pca_ridge,0,CLDN11,0.1922027153194919,0.1618315766557405,0.6167750358581543
region_hop10,pca_ridge,0,CLDND1,0.19275016388816174,0.1785815178186978,0.8357426524162292
region_hop10,pca_ridge,0,SPP1,0.2143041051690157,0.1810613347095035,0.7043789029121399
region_hop10,pca_ridge,0,PPP1R14A,0.18309106837895728,0.16704791820717207,0.7507396936416626
region_hop10,pca_ridge,0,S100B,0.1572742551102368,0.17132611279258944,1.0253533124923706
region_hop10,pca_ridge,0,MOG,0.17030925402156602,0.1469203879884969,0.46836328506469727
region_hop10,pca_ridge,0,MALAT1,0.10942280673831653,0.14383521955891265,1.0998777151107788
region_hop10,pca_ridge,0,CARNS1,0.1647765413534098,0.14111197549686844,0.5105708241462708
region_hop10,pca_ridge,0,IGHG4,0.019191211700645125,0.020078857758793218,0.3741919994354248
region_hop10,pca_ridge,0,KRT18,0.16363639924926088,0.13020801554465783,0.7707685232162476
region_hop10,pca_ridge,0,BCAS1,0.13300077002059982,0.11378722916409657,0.6160545349121094
region_hop10,pca_ridge,0,PTGDS,0.1531300390060072,0.1889980706130432,0.9497171640396118
region_hop10,pca_ridge,0,SAA2,0.062023317000958644,0.05634890710712237,0.39119309186935425
region_hop10,pca_ridge,0,SEPT4,0.15688978208948798,0.1533462079096813,0.8077186942100525
region_hop10,pca_ridge,0,TFF3,0.10963893941720591,0.11286753126981125,0.8437988758087158
region_hop10,pca_ridge,0,HPCAL1,0.19594312080410375,0.1968101440892762,0.9225993752479553
region_hop10,pca_ridge,0,S100A11,0.2012801030018767,0.15713365462581136,0.8554292321205139
region_hop10,pca_ridge,0,ALB,0.008077130474431357,0.011752598587888945,0.10862276703119278
region_hop10,pca_ridge,0,RNASE1,0.174278168510898,0.15910074017835762,0.8086348176002502
region_hop10,pca_ridge,0,TMEM144,0.15742212897113517,0.1444800119573957,0.5025554299354553
region_hop10,pca_ridge,0,ENPP2,0.17077122912542492,0.15290260129928673,0.6066705584526062
region_hop10,pca_ridge,0,MAL,0.15139752291964093,0.1355881886591059,0.6106447577476501
region_hop10,pca_ridge,0,NKX6-2,0.10857742671721757,0.09429869618147142,0.4252898395061493
region_hop10,pca_ridge,0,HSPA2,0.15113469838040772,0.12249441546997777,0.529028594493866
region_hop10,pca_ridge,0,G0S2,0.05844334334229392,0.04315584744673463,0.42005375027656555
region_hop10,spatial_knn,0,SCGB2A2,0.6612928258551158,0.6551532114600116,1.3008225869330021
region_hop10,spatial_knn,0,SCGB1D2,0.5508248668564022,0.5495342567591288,1.1474884315889644
region_hop10,spatial_knn,0,MBP,0.33647845498620726,0.3389836265834253,1.0925932023489249
region_hop10,spatial_knn,0,GFAP,0.013905862201030492,0.011450332698197922,1.264959342441364
region_hop10,spatial_knn,0,PLP1,0.2677285547178295,0.24816589608861742,1.1902893992336925
region_hop10,spatial_knn,0,SAA1,0.13774606861583732,0.11190410829839934,1.0337874746802813
region_hop10,spatial_knn,0,MGP,0.049239577853981704,0.1310399673171806,1.1812298821813465
region_hop10,spatial_knn,0,IGKC,0.054274388629306745,0.09350716708292003,1.0529801171489828
region_hop10,spatial_knn,0,FABP4,0.2036290623972516,0.15255490465666846,0.8118353805026285
region_hop10,spatial_knn,0,MOBP,0.16458619162821092,0.12005709356494478,0.8130963048821345
region_hop10,spatial_knn,0,HBB,-0.025837421413863797,-0.019144037910819242,1.0769882828380484
region_hop10,spatial_knn,0,NEFL,0.10663376861491874,0.07437143437692462,1.058165508517485
region_hop10,spatial_knn,0,TF,0.14981688022322723,0.10685660317637502,0.9030825259565189
region_hop10,spatial_knn,0,IGHG3,0.01991193484109282,0.025690695869734166,0.34177433753524766
region_hop10,spatial_knn,0,CNP,0.1584536174396794,0.15156009205287072,1.0517127794544483
region_hop10,spatial_knn,0,CPB1,0.30408240643030776,0.29436408980286993,0.6168302366193555
region_hop10,spatial_knn,0,CRYAB,0.15909043492742514,0.15520377643954583,1.0893544844041678
region_hop10,spatial_knn,0,IGHA1,0.017783643368039705,0.043330402074095276,0.7394394765851662
region_hop10,spatial_knn,0,KRT8,0.10146390674531566,0.07911919387166184,0.9697671789224265
region_hop10,spatial_knn,0,MUC1,0.2624871872725644,0.2565076793500202,0.9396207754978414
region_hop10,spatial_knn,0,KRT19,0.17888516759081075,0.18495893214166517,1.041512234056362
region_hop10,spatial_knn,0,IGLC2,0.09613874321539728,0.09598997434000305,0.726462986168126
region_hop10,spatial_knn,0,TFF1,0.23207904148723618,0.20603716793491747,0.760081060507501
region_hop10,spatial_knn,0,MAG,0.11868092386728016,0.10605484242483497,0.6947719075862728
region_hop10,spatial_knn,0,ERMN,0.11258263436461262,0.0714713256767401,0.5799254065882355
region_hop10,spatial_knn,0,CLDN11,0.10490211896829782,0.08046854757491469,0.639902425932667
region_hop10,spatial_knn,0,CLDND1,0.1522519725450383,0.14605799149300336,0.8706305396791846
region_hop10,spatial_knn,0,SPP1,0.13207443596473978,0.13313323803146188,0.7432349610041674
region_hop10,spatial_knn,0,PPP1R14A,0.11892144041326916,0.11059788262727525,0.7801740880314915
region_hop10,spatial_knn,0,S100B,-0.0005832674289420771,0.012988536846390357,1.0808427180162703
region_hop10,spatial_knn,0,MOG,0.10361571884937909,0.062164270600453285,0.4864756786983482
region_hop10,spatial_knn,0,MALAT1,0.029647528493699123,0.026955524006947573,1.1078239375013381
region_hop10,spatial_knn,0,CARNS1,0.061237448030963176,0.06300430671124778,0.5353362786939075
region_hop10,spatial_knn,0,IGHG4,0.01662050892370969,0.02032354091870114,0.3832219037983145
region_hop10,spatial_knn,0,KRT18,0.14205688064265326,0.12914116517809182,0.8187410508375234
region_hop10,spatial_knn,0,BCAS1,0.11931011586253007,0.10520243940392816,0.6190533494257103
region_hop10,spatial_knn,0,PTGDS,-0.010310223192702514,0.002127850538023716,1.0070922034630105
region_hop10,spatial_knn,0,SAA2,-0.05159837001711164,-0.026497540724297615,0.45709747009072543
region_hop10,spatial_knn,0,SEPT4,0.0729891537339875,0.03546319768974658,0.8502958414342018
region_hop10,spatial_knn,0,TFF3,0.1874866595428884,0.18506060761650323,0.8440317232269744
region_hop10,spatial_knn,0,HPCAL1,0.07682504727705428,0.06972247572695006,0.9830113016834465
region_hop10,spatial_knn,0,S100A11,0.13645250660577024,0.07371398371584643,0.8754543925680719
region_hop10,spatial_knn,0,ALB,-0.01554739214740956,-0.016798418026299323,0.1155639185514137
region_hop10,spatial_knn,0,RNASE1,0.0631813447414166,0.055419313120872275,0.8745967650570663
region_hop10,spatial_knn,0,TMEM144,0.08399189292096879,0.05575858997230756,0.5416705223434536
region_hop10,spatial_knn,0,ENPP2,0.09579494678675429,0.08074643441131096,0.6306478522905336
region_hop10,spatial_knn,0,MAL,0.06381019084508331,0.03393352667915599,0.6455038351774167
region_hop10,spatial_knn,0,NKX6-2,0.07384472075369895,0.05055431852555042,0.43827490309422285
region_hop10,spatial_knn,0,HSPA2,0.042434104148128454,0.033650071852351846,0.5394912658097687
region_hop10,spatial_knn,0,G0S2,0.10695269200315913,0.06109524358611104,0.47432910937795414
random,mean,1,SCGB2A2,0.0,,1.5318517684936523
random,mean,1,SCGB1D2,,,1.2002233266830444
random,mean,1,MBP,,,1.2154383659362793
random,mean,1,GFAP,,,1.2107042074203491
random,mean,1,PLP1,,,1.2807164192199707
random,mean,1,SAA1,,,0.8548987507820129
random,mean,1,MGP,,,1.0605649948120117
random,mean,1,IGKC,,,1.0423023700714111
random,mean,1,FABP4,,,0.7532438039779663
random,mean,1,MOBP,,,0.8462451100349426
random,mean,1,HBB,0.0,,0.8341593146324158
random,mean,1,NEFL,,,1.0264312028884888
random,mean,1,TF,0.0,,0.9501499533653259
random,mean,1,IGHG3,0.0,,0.5163031816482544
random,mean,1,CNP,,,1.0779616832733154
random,mean,1,CPB1,,,0.4680134057998657
random,mean,1,CRYAB,0.0,,1.0955958366394043
random,mean,1,IGHA1,0.0,,0.6474552750587463
random,mean,1,KRT8,,,0.9146732687950134
random,mean,1,MUC1,0.0,,0.9639825820922852
random,mean,1,KRT19,0.0,,1.0189368724822998
random,mean,1,IGLC2,,,0.7075583338737488
random,mean,1,TFF1,0.0,,0.8226432800292969
random,mean,1,MAG,0.0,,0.7339638471603394
random,mean,1,ERMN,,,0.6349840760231018
random,mean,1,CLDN11,,,0.6639683246612549
random,mean,1,CLDND1,0.0,,0.8818156123161316
random,mean,1,SPP1,0.0,,0.7764993906021118
random,mean,1,PPP1R14A,,,0.8218880295753479
random,mean,1,S100B,,,1.0441886186599731
random,mean,1,MOG,0.0,,0.5503674149513245
random,mean,1,MALAT1,0.0,,1.056640863418579
random,mean,1,CARNS1,,,0.5654124021530151
random,mean,1,IGHG4,,,0.4752552807331085
random,mean,1,KRT18,,,0.8224425911903381
random,mean,1,BCAS1,,,0.6692967414855957
random,mean,1,PTGDS,0.0,,0.9467843770980835
random,mean,1,SAA2,,,0.39218103885650635
random,mean,1,SEPT4,,,0.854497492313385
random,mean,1,TFF3,0.0,,0.8506238460540771
random,mean,1,HPCAL1,,,0.9201422929763794
random,mean,1,S100A11,,,0.8870440721511841
random,mean,1,ALB,,,0.16330084204673767
random,mean,1,RNASE1,0.0,,0.8603774309158325
random,mean,1,TMEM144,0.0,,0.5600801110267639
random,mean,1,ENPP2,,,0.664272665977478
random,mean,1,MAL,,,0.6474174857139587
random,mean,1,NKX6-2,0.0,,0.4915632903575897
random,mean,1,HSPA2,0.0,,0.6028850078582764
random,mean,1,G0S2,0.0,,0.4441857933998108
random,pca_ridge,1,SCGB2A2,0.29382212112777256,0.2961678558721107,1.4641910791397095
random,pca_ridge,1,SCGB1D2,0.2420754926817824,0.23619301328162126,1.1645219326019287
random,pca_ridge,1,MBP,0.5265561963811346,0.42741204843121483,1.0335469245910645
random,pca_ridge,1,GFAP,0.47900005560618175,0.425069543207114,1.0628015995025635
random,pca_ridge,1,PLP1,0.5274214739315997,0.39977136716714085,1.0881062746047974
random,pca_ridge,1,SAA1,0.14368584105648174,0.11715330681488169,0.8460100889205933
random,pca_ridge,1,MGP,0.1698258978211056,0.15396942114760367,1.0452080965042114
random,pca_ridge,1,IGKC,0.09296754552323833,0.07592140981112522,1.0378189086914062
random,pca_ridge,1,FABP4,0.1295770730033255,0.0922591897388452,0.7469680905342102
random,pca_ridge,1,MOBP,0.4886557561165163,0.2951851733523977,0.7384946942329407
random,pca_ridge,1,HBB,0.108949777949022,0.11894178553748491,0.8292598128318787
random,pca_ridge,1,NEFL,0.46334104970526824,0.3981445517721757,0.9099543690681458
random,pca_ridge,1,TF,0.48799002274043246,0.330182433110895,0.8293787837028503
random,pca_ridge,1,IGHG3,0.04972192431884371,0.06545178725391726,0.5156772136688232
random,pca_ridge,1,CNP,0.44704930998109893,0.3028048730743542,0.9642327427864075
random,pca_ridge,1,CPB1,0.04974943294573318,0.057560102275330344,0.46803712844848633
random,pca_ridge,1,CRYAB,0.42483781301266255,0.3083387999810421,0.9917551875114441
random,pca_ridge,1,IGHA1,0.06563640342077026,0.0358433343059213,0.6465579867362976
random,pca_ridge,1,KRT8,0.29346451969925363,0.23769108529768324,0.8745959997177124
random,pca_ridge,1,MUC1,0.2249168198537145,0.21588898859543101,0.9393174648284912
random,pca_ridge,1,KRT19,0.2197533369462405,0.19578482323229085,0.9940618276596069
random,pca_ridge,1,IGLC2,0.0744629115783755,0.05003916054687404,0.7056785821914673
random,pca_ridge,1,TFF1,0.14940242644514873,0.15375102866020746,0.8133735060691833
random,pca_ridge,1,MAG,0.4533077813544858,0.28760036710236614,0.6542274951934814
random,pca_ridge,1,ERMN,0.4556168957501152,0.2924121419027291,0.5652716755867004
random,pca_ridge,1,CLDN11,0.43212501275779913,0.2732124523092307,0.5991277098655701
random,pca_ridge,1,CLDND1,0.4235180228613348,0.2901354309377142,0.7988848090171814
random,pca_ridge,1,SPP1,0.4577927050387318,0.311278649243101,0.6903764605522156
random,pca_ridge,1,PPP1R14A,0.4180560896914368,0.2657558375331325,0.7465624809265137
random,pca_ridge,1,S100B,0.36098047504611663,0.30768546384539475,0.9738329648971558
random,pca_ridge,1,MOG,0.4596985555484333,0.283809067045071,0.48941075801849365
random,pca_ridge,1,MALAT1,0.19792747775184158,0.22661367594999815,1.0357667207717896
random,pca_ridge,1,CARNS1,0.42223636116094976,0.2717357041065262,0.512596607208252
random,pca_ridge,1,IGHG4,0.04897455556617784,0.05083138325346659,0.4747318923473358
random,pca_ridge,1,KRT18,0.24114916491066302,0.19862094916199471,0.7981756925582886
random,pca_ridge,1,BCAS1,0.3662147112537253,0.24520248221075405,0.6227893829345703
random,pca_ridge,1,PTGDS,0.29915751943915597,0.26842910395177344,0.9041405916213989
random,pca_ridge,1,SAA2,0.07863579796230116,0.08104373878453547,0.39100414514541626
random,pca_ridge,1,SEPT4,0.36405054631547,0.2781672757669374,0.7958279848098755
random,pca_ridge,1,TFF3,0.1576267281360526,0.15049053241297625,0.8400181531906128
random,pca_ridge,1,HPCAL1,0.258705397331584,0.25776933357771586,0.8889069557189941
random,pca_ridge,1,S100A11,0.26448660222830983,0.207454964458874,0.8554767370223999
random,pca_ridge,1,ALB,0.05576469303053837,0.046828070333115854,0.16304729878902435
random,pca_ridge,1,RNASE1,0.37240512704052386,0.24574851948811455,0.7985241413116455
random,pca_ridge,1,TMEM144,0.40490224899208604,0.24660250206299272,0.5121655464172363
random,pca_ridge,1,ENPP2,0.39891020037887004,0.26844674367192584,0.609149158000946
random,pca_ridge,1,MAL,0.38185128628025167,0.24910967626728414,0.5984106063842773
random,pca_ridge,1,NKX6-2,0.39525712819071085,0.2540629472770428,0.45166364312171936
random,pca_ridge,1,HSPA2,0.3797544156006737,0.24057165372958625,0.5577067136764526
random,pca_ridge,1,G0S2,0.08073868837291676,0.06370548133198184,0.4429698586463928
random,spatial_knn,1,SCGB2A2,0.701315806104748,0.6916294146050583,1.098789894093529
random,spatial_knn,1,SCGB1D2,0.5953333537816472,0.5926484129602938,0.9702344518399753
random,spatial_knn,1,MBP,0.5124361880301378,0.4658817682088699,1.050756506642933
random,spatial_knn,1,GFAP,0.23136820769581992,0.20917567788373762,1.20663305432713
random,spatial_knn,1,PLP1,0.467759159522089,0.3968687486349647,1.1437836405179183
random,spatial_knn,1,SAA1,0.5107551276869522,0.46676894785786427,0.7399321976886692
random,spatial_knn,1,MGP,0.428329115487934,0.3893115438200773,0.96904159016671
random,spatial_knn,1,IGKC,0.33961868611346613,0.32332883654168926,0.9999851289982739
random,spatial_knn,1,FABP4,0.4526257466358038,0.4053689422858427,0.6781165633481193
random,spatial_knn,1,MOBP,0.3860115283003963,0.26641655531424135,0.7946920865079526
random,spatial_knn,1,HBB,0.329639940786676,0.2515318966426399,0.8004265944631461
random,spatial_knn,1,NEFL,0.18280521413794348,0.16356499174080108,1.038849981283817
random,spatial_knn,1,TF,0.33883733077320277,0.26008243893449323,0.9093625814210783
random,spatial_knn,1,IGHG3,0.2579733093210278,0.1877370841284212,0.5094729589082732
random,spatial_knn,1,CNP,0.3209341754184114,0.24163737381192385,1.0382401908978272
random,spatial_knn,1,CPB1,0.3619827519720795,0.3283968427311078,0.4431276731047718
random,spatial_knn,1,CRYAB,0.3162309992923242,0.2539274725799358,1.0560400206268992
random,spatial_knn,1,IGHA1,0.2701684025241347,0.2517255120505375,0.6415548247889968
random,spatial_knn,1,KRT8,0.3460253227281632,0.3260350219804512,0.8707532925882965
random,spatial_knn,1,MUC1,0.32148010740704525,0.33398016842827283,0.9297503564280477
random,spatial_knn,1,KRT19,0.3208703610978873,0.31943075315579733,0.9787820569789089
random,spatial_knn,1,IGLC2,0.24644002203992024,0.23317869800162394,0.7049806921133083
random,spatial_knn,1,TFF1,0.3391468091944136,0.344473799885644,0.7843330282720994
random,spatial_knn,1,MAG,0.3148509793740073,0.2248862828345861,0.7076648694578431
random,spatial_knn,1,ERMN,0.3071801904313065,0.2088133516409748,0.6151608558308288
random,spatial_knn,1,CLDN11,0.27795314200879223,0.19149949033466518,0.6536026447852272
random,spatial_knn,1,CLDND1,0.2773714666998055,0.1962735908707891,0.8648899827526512
random,spatial_knn,1,SPP1,0.28856436111230194,0.21080174687941977,0.7574830101391894
random,spatial_knn,1,PPP1R14A,0.27264740242566043,0.192891978092495,0.8082075818252872
random,spatial_knn,1,S100B,0.14666945486144614,0.12135581386943961,1.0659447786602672
random,spatial_knn,1,MOG,0.27529011169029693,0.20949857739170116,0.5380171450976355
random,spatial_knn,1,MALAT1,0.20772235835555042,0.20639294769243255,1.0591314409851595
random,spatial_knn,1,CARNS1,0.2481468820447469,0.17976419477577044,0.5585958751544017
random,spatial_knn,1,IGHG4,0.1729016137797256,0.15865831880800663,0.4846861624968474
random,spatial_knn,1,KRT18,0.24133260917664218,0.24209376315403686,0.8179888439203399
random,spatial_knn,1,BCAS1,0.2434686263343475,0.18497817976127137,0.6646491763158575
random,spatial_knn,1,PTGDS,0.11790202219528544,0.11859659106367983,0.9717637030813019
random,spatial_knn,1,SAA2,0.2880132491444594,0.28022347855106877,0.38083123409312664
random,spatial_knn,1,SEPT4,0.2417408411647604,0.1908535600273947,0.8473399310266323
random,spatial_knn,1,TFF3,0.22608045416196676,0.23980032036582039,0.8506210539240173
random,spatial_knn,1,HPCAL1,0.12491905670946452,0.11902156619706451,0.9459439264691407
random,spatial_knn,1,S100A11,0.25553989593683024,0.21053650478908342,0.8771313172199118
random,spatial_knn,1,ALB,0.21809809575964023,0.1955009825202501,0.16849571040840733
random,spatial_knn,1,RNASE1,0.21485774160548687,0.15958519919686845,0.860735092823308
random,spatial_knn,1,TMEM144,0.23711421308102462,0.17577511567449375,0.5576553245362034
random,spatial_knn,1,ENPP2,0.24185142432166692,0.16132074157354298,0.6583130329355935
random,spatial_knn,1,MAL,0.22289091514697645,0.17468403463934165,0.6478483787632415
random,spatial_knn,1,NKX6-2,0.22755894158701762,0.16368596463021237,0.48898344468947763
random,spatial_knn,1,HSPA2,0.2295194665535581,0.16249322619924783,0.5984640402275345
random,spatial_knn,1,G0S2,0.25677280758839477,0.24139472132115022,0.43818631497988525
matched_hop0,mean,1,SCGB2A2,,,1.4139487743377686
matched_hop0,mean,1,SCGB1D2,,,1.1176453828811646
matched_hop0,mean,1,MBP,0.0,,1.0693893432617188
matched_hop0,mean,1,GFAP,0.0,,1.1063594818115234
matched_hop0,mean,1,PLP1,,,1.1206802129745483
matched_hop0,mean,1,SAA1,,,1.011454701423645
matched_hop0,mean,1,MGP,,,1.1461459398269653
matched_hop0,mean,1,IGKC,0.0,,0.9216110110282898
matched_hop0,mean,1,FABP4,0.0,,0.9048886299133301
matched_hop0,mean,1,MOBP,,,0.6536226272583008
matched_hop0,mean,1,HBB,0.0,,0.9039648175239563
matched_hop0,mean,1,NEFL,,,0.9691310524940491
matched_hop0,mean,1,TF,,,0.7882503867149353
matched_hop0,mean,1,IGHG3,0.0,,0.510532021522522
matched_hop0,mean,1,CNP,,,0.9277656078338623
matched_hop0,mean,1,CPB1,0.0,,0.6304104924201965
matched_hop0,mean,1,CRYAB,,,0.9600686430931091
matched_hop0,mean,1,IGHA1,0.0,,0.5359525084495544
matched_hop0,mean,1,KRT8,0.0,,0.7662706971168518
matched_hop0,mean,1,MUC1,0.0,,0.9118691086769104
matched_hop0,mean,1,KRT19,,,0.9444860816001892
matched_hop0,mean,1,IGLC2,,,0.594475507736206
matched_hop0,mean,1,TFF1,0.0,,0.7942260503768921
matched_hop0,mean,1,MAG,,,0.5911601185798645
matched_hop0,mean,1,ERMN,0.0,,0.4793073534965515
matched_hop0,mean,1,CLDN11,,,0.5350720882415771
matched_hop0,mean,1,CLDND1,0.0,,0.7523654699325562
matched_hop0,mean,1,SPP1,,,0.6306937336921692
matched_hop0,mean,1,PPP1R14A,,,0.6692310571670532
matched_hop0,mean,1,S100B,,,0.9636619687080383
matched_hop0,mean,1,MOG,,,0.3979949355125427
matched_hop0,mean,1,MALAT1,,,1.005491018295288
matched_hop0,mean,1,CARNS1,,,0.4451145529747009
matched_hop0,mean,1,IGHG4,0.0,,0.4408128261566162
matched_hop0,mean,1,KRT18,,,0.6983206272125244
matched_hop0,mean,1,BCAS1,0.0,,0.5288259983062744
matched_hop0,mean,1,PTGDS,0.0,,0.8508158922195435
matched_hop0,mean,1,SAA2,0.0,,0.5073491334915161
matched_hop0,mean,1,SEPT4,0.0,,0.7457103729248047
matched_hop0,mean,1,TFF3,,,0.8343944549560547
matched_hop0,mean,1,HPCAL1,,,0.9244716763496399
matched_hop0,mean,1,S100A11,,,0.7645299434661865
matched_hop0,mean,1,ALB,0.0,,0.0933074802160263
matched_hop0,mean,1,RNASE1,,,0.7596101760864258
matched_hop0,mean,1,TMEM144,,,0.44381076097488403
matched_hop0,mean,1,ENPP2,0.0,,0.5507875084877014
matched_hop0,mean,1,MAL,,,0.5452921390533447
matched_hop0,mean,1,NKX6-2,,,0.37749728560447693
matched_hop0,mean,1,HSPA2,0.0,,0.4789656400680542
matched_hop0,mean,1,G0S2,0.0,,0.5528850555419922
matched_hop0,pca_ridge,1,SCGB2A2,0.17831110458380053,0.17208505573136457,1.4117531776428223
matched_hop0,pca_ridge,1,SCGB1D2,0.16794696827443029,0.16608239133228245,1.1118791103363037
matched_hop0,pca_ridge,1,MBP,0.3699093085142535,0.3766391462134452,0.9964127540588379
matched_hop0,pca_ridge,1,GFAP,0.4096902205844176,0.35563160231321345,1.0095027685165405
matched_hop0,pca_ridge,1,PLP1,0.32759368953571105,0.29974925733970964,1.0601521730422974
matched_hop0,pca_ridge,1,SAA1,0.19303382726860402,0.17289849382359831,0.996341347694397
matched_hop0,pca_ridge,1,MGP,0.18325281663260748,0.16194999823985456,1.129131555557251
matched_hop0,pca_ridge,1,IGKC,0.05141588041158076,0.04530946970823141,0.9214142560958862
matched_hop0,pca_ridge,1,FABP4,0.20600740457392322,0.1685868348651184,0.8902081847190857
matched_hop0,pca_ridge,1,MOBP,0.20355421132417448,0.19137102287634766,0.6413569450378418
matched_hop0,pca_ridge,1,HBB,0.03195405329229566,0.06730230899221706,0.9038844704627991
matched_hop0,pca_ridge,1,NEFL,0.48794220143438666,0.40661807092967894,0.8458533883094788
matched_hop0,pca_ridge,1,TF,0.25161966686532883,0.24303898493673795,0.7633273005485535
matched_hop0,pca_ridge,1,IGHG3,0.023668282678819125,0.04327557074329502,0.5107137560844421
matched_hop0,pca_ridge,1,CNP,0.24978893112384096,0.2224941721229081,0.8986021280288696
matched_hop0,pca_ridge,1,CPB1,0.09825965903206033,0.11717119295574328,0.6276720762252808
matched_hop0,pca_ridge,1,CRYAB,0.1883650333447363,0.1659199416608609,0.9443859457969666
matched_hop0,pca_ridge,1,IGHA1,0.012387860267189042,0.0016804816711089587,0.5388386249542236
matched_hop0,pca_ridge,1,KRT8,0.1095804599818812,0.09482632592609531,0.7646264433860779
matched_hop0,pca_ridge,1,MUC1,0.14062551145178803,0.14025896585826897,0.9061800241470337
matched_hop0,pca_ridge,1,KRT19,0.15840299710018013,0.14798266344615718,0.9330269694328308
matched_hop0,pca_ridge,1,IGLC2,0.017448869169965003,-0.0007099717180270174,0.5958440899848938
matched_hop0,pca_ridge,1,TFF1,0.14538373332662527,0.15987103472525807,0.7865706086158752
matched_hop0,pca_ridge,1,MAG,0.19250937089693468,0.18263685378574315,0.5806242823600769
matched_hop0,pca_ridge,1,ERMN,0.18829795786644718,0.18122038879279825,0.47126317024230957
matched_hop0,pca_ridge,1,CLDN11,0.17486360175951657,0.17268693437140267,0.5276596546173096
matched_hop0,pca_ridge,1,CLDND1,0.20095365468049542,0.2174353558822604,0.738014280796051
matched_hop0,pca_ridge,1,SPP1,0.21517696204611417,0.22344680514147303,0.6165593862533569
matched_hop0,pca_ridge,1,PPP1R14A,0.14913658886592004,0.149072282123261,0.6636698842048645
matched_hop0,pca_ridge,1,S100B,0.2344107586003634,0.2231988231823195,0.9374958276748657
matched_hop0,pca_ridge,1,MOG,0.1463825039331479,0.14173411158436208,0.3947436213493347
matched_hop0,pca_ridge,1,MALAT1,0.18471427739535956,0.21331634032047717,0.9875876307487488
matched_hop0,pca_ridge,1,CARNS1,0.1731078606733915,0.18244563854670637,0.4389899671077728
matched_hop0,pca_ridge,1,IGHG4,0.015422818630488727,0.02559372909822425,0.4413645267486572
matched_hop0,pca_ridge,1,KRT18,0.10287299584653355,0.08475748460657997,0.6969985961914062
matched_hop0,pca_ridge,1,BCAS1,0.1477208346256589,0.15318022805941656,0.5240352749824524
matched_hop0,pca_ridge,1,PTGDS,0.19199513796494852,0.21064251405552548,0.8352986574172974
matched_hop0,pca_ridge,1,SAA2,0.10281430126524832,0.0949447241813485,0.504997193813324
matched_hop0,pca_ridge,1,SEPT4,0.2064026753966012,0.23182308491434186,0.7300094962120056
matched_hop0,pca_ridge,1,TFF3,0.1516502614680684,0.15321983749013326,0.8249329328536987
matched_hop0,pca_ridge,1,HPCAL1,0.225311183747566,0.23048465949496377,0.8995564579963684
matched_hop0,pca_ridge,1,S100A11,0.11254063267810628,0.09102483314569908,0.7623275518417358
matched_hop0,pca_ridge,1,ALB,0.0018009358092922667,0.0013211940051501066,0.09410576522350311
matched_hop0,pca_ridge,1,RNASE1,0.15607761711019122,0.15338302559170094,0.7504647374153137
matched_hop0,pca_ridge,1,TMEM144,0.14870234858610942,0.15636826917581978,0.43968623876571655
matched_hop0,pca_ridge,1,ENPP2,0.14867169888583456,0.16644833091756622,0.5453187227249146
matched_hop0,pca_ridge,1,MAL,0.12998063102898114,0.1360803372509853,0.541313111782074
matched_hop0,pca_ridge,1,NKX6-2,0.1428497545051684,0.1435373104456869,0.3738369941711426
matched_hop0,pca_ridge,1,HSPA2,0.1387770268021679,0.13216517480582685,0.47478199005126953
matched_hop0,pca_ridge,1,G0S2,0.11748832619794242,0.09650154634591147,0.5491369962692261
matched_hop0,spatial_knn,1,SCGB2A2,0.4285930920298521,0.3967746482794313,1.4542286661638697
matched_hop0,spatial_knn,1,SCGB1D2,0.34364666838772573,0.3370699871191905,1.1297294207390676
matched_hop0,spatial_knn,1,MBP,0.28276809909488665,0.23711825235018108,1.0242416207162268
matched_hop0,spatial_knn,1,GFAP,0.04971834722886368,0.05429744800628848,1.1491054231546438
matched_hop0,spatial_knn,1,PLP1,0.20706603626695175,0.18109524317294953,1.1049565828483559
matched_hop0,spatial_knn,1,SAA1,0.4013278421960847,0.41248468458456455,0.9223097504856995
matched_hop0,spatial_knn,1,MGP,0.18128043644544484,0.1931460373767169,1.1751935309302783
matched_hop0,spatial_knn,1,IGKC,0.32691582339060443,0.3294787483285705,0.8982426598638126
matched_hop0,spatial_knn,1,FABP4,0.37635239459602976,0.36085276006838013,0.8334460959695249
matched_hop0,spatial_knn,1,MOBP,0.13865018277551885,0.0873735949793941,0.6523248228909567
matched_hop0,spatial_knn,1,HBB,0.26603975644077776,0.21471218923809773,0.8773204257952872
matched_hop0,spatial_knn,1,NEFL,0.1619062963856279,0.1369995762544064,0.9814118127299357
matched_hop0,spatial_knn,1,TF,0.13171025930398703,0.09947001621619167,0.7904135120438606
matched_hop0,spatial_knn,1,IGHG3,0.21229937272452457,0.19481927344705366,0.5030201744658623
matched_hop0,spatial_knn,1,CNP,0.11123106170381958,0.09106289793799867,0.9326212051432506
matched_hop0,spatial_knn,1,CPB1,0.35027194001354606,0.3383968236513721,0.5871809236639638
matched_hop0,spatial_knn,1,CRYAB,0.06413633460385523,0.05555705559625859,0.9802475933619104
matched_hop0,spatial_knn,1,IGHA1,0.11254256518943717,0.14221103213892275,0.5360405723783221
matched_hop0,spatial_knn,1,KRT8,0.11624382831395058,0.09495484823602003,0.7786293469201735
matched_hop0,spatial_knn,1,MUC1,0.1696036068343833,0.17394684858170112,0.9297258349401701
matched_hop0,spatial_knn,1,KRT19,0.19801681856586673,0.16907022931237273,0.9685736140777899
matched_hop0,spatial_knn,1,IGLC2,0.19301802673784357,0.21056577165055132,0.5860062898907527
matched_hop0,spatial_knn,1,TFF1,0.16722359897614578,0.17149489415248126,0.8033304493523549
matched_hop0,spatial_knn,1,MAG,0.08270616560057108,0.05395960387462166,0.6021777751153969
matched_hop0,spatial_knn,1,ERMN,0.09672065082591418,0.059313807930101686,0.48372998520889093
matched_hop0,spatial_knn,1,CLDN11,0.04066846155212807,0.02482015752262819,0.5520541105963918
matched_hop0,spatial_knn,1,CLDND1,0.09511318214326811,0.0623819000624438,0.759569207653765
matched_hop0,spatial_knn,1,SPP1,0.10101919936548093,0.07122938753361258,0.6398635620030164
matched_hop0,spatial_knn,1,PPP1R14A,0.03029656062421991,0.020559028200354563,0.6839395537464547
matched_hop0,spatial_knn,1,S100B,0.03650094372764923,0.034682968570662887,0.9880363716110155
matched_hop0,spatial_knn,1,MOG,0.07580599815454753,0.05233991178593533,0.4026605634914489
matched_hop0,spatial_knn,1,MALAT1,0.13160470542570302,0.16026945530189152,1.0095347419247878
matched_hop0,spatial_knn,1,CARNS1,0.014064977728216231,0.018106724164629804,0.4577480168813881
matched_hop0,spatial_knn,1,IGHG4,0.19270786659417694,0.16924687502132033,0.43974123812756777
matched_hop0,spatial_knn,1,KRT18,0.11384384899350117,0.10172304887215648,0.7122357570381972
matched_hop0,spatial_knn,1,BCAS1,0.07532254304374598,0.054499153736722795,0.5364616829601571
matched_hop0,spatial_knn,1,PTGDS,-0.005013239826088534,0.003361504258010276,0.8887482936343328
matched_hop0,spatial_knn,1,SAA2,0.10992213185632291,0.19428263963044984,0.5226503818339744
matched_hop0,spatial_knn,1,SEPT4,0.07269654764025268,0.04829072234405787,0.7634713638646539
matched_hop0,spatial_knn,1,TFF3,0.02794338992852025,0.03682262625444809,0.8727093104520417
matched_hop0,spatial_knn,1,HPCAL1,0.09000847007949,0.08688922160863889,0.9498728029402578
matched_hop0,spatial_knn,1,S100A11,0.03238969672591258,0.030076895079745807,0.7936957632582741
matched_hop0,spatial_knn,1,ALB,-0.0011912379600899857,-0.004113401239380397,0.09384011262447114
matched_hop0,spatial_knn,1,RNASE1,0.05441200634371357,0.041527947939698044,0.7695774844232723
matched_hop0,spatial_knn,1,TMEM144,0.03767509235691471,0.015242811631007354,0.4565138550201107
matched_hop0,spatial_knn,1,ENPP2,0.043842903758736326,0.03305304877946596,0.5674457311521196
matched_hop0,spatial_knn,1,MAL,0.038785355385568814,0.022874907176817824,0.5576610982959411
matched_hop0,spatial_knn,1,NKX6-2,0.07009790509649758,0.04804145818022564,0.3841527822511354
matched_hop0,spatial_knn,1,HSPA2,0.00020901037947908903,0.0007522258739220363,0.49129881854227525
matched_hop0,spatial_knn,1,G0S2,0.24599886958787343,0.23372001383854382,0.5471747008640305
matched_hop1,mean,1,SCGB2A2,,,1.4139487743377686
matched_hop1,mean,1,SCGB1D2,,,1.1176453828811646
matched_hop1,mean,1,MBP,0.0,,1.0693893432617188
matched_hop1,mean,1,GFAP,0.0,,1.1063594818115234
matched_hop1,mean,1,PLP1,,,1.1206802129745483
matched_hop1,mean,1,SAA1,,,1.011454701423645
matched_hop1,mean,1,MGP,,,1.1461459398269653
matched_hop1,mean,1,IGKC,0.0,,0.9216110110282898
matched_hop1,mean,1,FABP4,0.0,,0.9048886299133301
matched_hop1,mean,1,MOBP,,,0.6536226272583008
matched_hop1,mean,1,HBB,0.0,,0.9039648175239563
matched_hop1,mean,1,NEFL,,,0.9691310524940491
matched_hop1,mean,1,TF,,,0.7882503867149353
matched_hop1,mean,1,IGHG3,0.0,,0.510532021522522
matched_hop1,mean,1,CNP,,,0.9277656078338623
matched_hop1,mean,1,CPB1,0.0,,0.6304104924201965
matched_hop1,mean,1,CRYAB,,,0.9600686430931091
matched_hop1,mean,1,IGHA1,0.0,,0.5359525084495544
matched_hop1,mean,1,KRT8,0.0,,0.7662706971168518
matched_hop1,mean,1,MUC1,0.0,,0.9118691086769104
matched_hop1,mean,1,KRT19,,,0.9444860816001892
matched_hop1,mean,1,IGLC2,,,0.594475507736206
matched_hop1,mean,1,TFF1,0.0,,0.7942260503768921
matched_hop1,mean,1,MAG,,,0.5911601185798645
matched_hop1,mean,1,ERMN,0.0,,0.4793073534965515
matched_hop1,mean,1,CLDN11,,,0.5350720882415771
matched_hop1,mean,1,CLDND1,0.0,,0.7523654699325562
matched_hop1,mean,1,SPP1,,,0.6306937336921692
matched_hop1,mean,1,PPP1R14A,,,0.6692310571670532
matched_hop1,mean,1,S100B,,,0.9636619687080383
matched_hop1,mean,1,MOG,,,0.3979949355125427
matched_hop1,mean,1,MALAT1,,,1.005491018295288
matched_hop1,mean,1,CARNS1,,,0.4451145529747009
matched_hop1,mean,1,IGHG4,0.0,,0.4408128261566162
matched_hop1,mean,1,KRT18,,,0.6983206272125244
matched_hop1,mean,1,BCAS1,0.0,,0.5288259983062744
matched_hop1,mean,1,PTGDS,0.0,,0.8508158922195435
matched_hop1,mean,1,SAA2,0.0,,0.5073491334915161
matched_hop1,mean,1,SEPT4,0.0,,0.7457103729248047
matched_hop1,mean,1,TFF3,,,0.8343944549560547
matched_hop1,mean,1,HPCAL1,,,0.9244716763496399
matched_hop1,mean,1,S100A11,,,0.7645299434661865
matched_hop1,mean,1,ALB,0.0,,0.0933074802160263
matched_hop1,mean,1,RNASE1,,,0.7596101760864258
matched_hop1,mean,1,TMEM144,,,0.44381076097488403
matched_hop1,mean,1,ENPP2,0.0,,0.5507875084877014
matched_hop1,mean,1,MAL,,,0.5452921390533447
matched_hop1,mean,1,NKX6-2,,,0.37749728560447693
matched_hop1,mean,1,HSPA2,0.0,,0.4789656400680542
matched_hop1,mean,1,G0S2,0.0,,0.5528850555419922
matched_hop1,pca_ridge,1,SCGB2A2,0.17831110458380053,0.17208505573136457,1.4117531776428223
matched_hop1,pca_ridge,1,SCGB1D2,0.16794696827443029,0.16608239133228245,1.1118791103363037
matched_hop1,pca_ridge,1,MBP,0.3699093085142535,0.3766391462134452,0.9964127540588379
matched_hop1,pca_ridge,1,GFAP,0.4096902205844176,0.35563160231321345,1.0095027685165405
matched_hop1,pca_ridge,1,PLP1,0.32759368953571105,0.29974925733970964,1.0601521730422974
matched_hop1,pca_ridge,1,SAA1,0.19303382726860402,0.17289849382359831,0.996341347694397
matched_hop1,pca_ridge,1,MGP,0.18325281663260748,0.16194999823985456,1.129131555557251
matched_hop1,pca_ridge,1,IGKC,0.05141588041158076,0.04530946970823141,0.9214142560958862
matched_hop1,pca_ridge,1,FABP4,0.20600740457392322,0.1685868348651184,0.8902081847190857
matched_hop1,pca_ridge,1,MOBP,0.20355421132417448,0.19137102287634766,0.6413569450378418
matched_hop1,pca_ridge,1,HBB,0.03195405329229566,0.06730230899221706,0.9038844704627991
matched_hop1,pca_ridge,1,NEFL,0.48794220143438666,0.40661807092967894,0.8458533883094788
matched_hop1,pca_ridge,1,TF,0.25161966686532883,0.24303898493673795,0.7633273005485535
matched_hop1,pca_ridge,1,IGHG3,0.023668282678819125,0.04327557074329502,0.5107137560844421
matched_hop1,pca_ridge,1,CNP,0.24978893112384096,0.2224941721229081,0.8986021280288696
matched_hop1,pca_ridge,1,CPB1,0.09825965903206033,0.11717119295574328,0.6276720762252808
matched_hop1,pca_ridge,1,CRYAB,0.1883650333447363,0.1659199416608609,0.9443859457969666
matched_hop1,pca_ridge,1,IGHA1,0.012387860267189042,0.0016804816711089587,0.5388386249542236
matched_hop1,pca_ridge,1,KRT8,0.1095804599818812,0.09482632592609531,0.7646264433860779
matched_hop1,pca_ridge,1,MUC1,0.14062551145178803,0.14025896585826897,0.9061800241470337
matched_hop1,pca_ridge,1,KRT19,0.15840299710018013,0.14798266344615718,0.9330269694328308
matched_hop1,pca_ridge,1,IGLC2,0.017448869169965003,-0.0007099717180270174,0.5958440899848938
matched_hop1,pca_ridge,1,TFF1,0.14538373332662527,0.15987103472525807,0.7865706086158752
matched_hop1,pca_ridge,1,MAG,0.19250937089693468,0.18263685378574315,0.5806242823600769
matched_hop1,pca_ridge,1,ERMN,0.18829795786644718,0.18122038879279825,0.47126317024230957
matched_hop1,pca_ridge,1,CLDN11,0.17486360175951657,0.17268693437140267,0.5276596546173096
matched_hop1,pca_ridge,1,CLDND1,0.20095365468049542,0.2174353558822604,0.738014280796051
matched_hop1,pca_ridge,1,SPP1,0.21517696204611417,0.22344680514147303,0.6165593862533569
matched_hop1,pca_ridge,1,PPP1R14A,0.14913658886592004,0.149072282123261,0.6636698842048645
matched_hop1,pca_ridge,1,S100B,0.2344107586003634,0.2231988231823195,0.9374958276748657
matched_hop1,pca_ridge,1,MOG,0.1463825039331479,0.14173411158436208,0.3947436213493347
matched_hop1,pca_ridge,1,MALAT1,0.18471427739535956,0.21331634032047717,0.9875876307487488
matched_hop1,pca_ridge,1,CARNS1,0.1731078606733915,0.18244563854670637,0.4389899671077728
matched_hop1,pca_ridge,1,IGHG4,0.015422818630488727,0.02559372909822425,0.4413645267486572
matched_hop1,pca_ridge,1,KRT18,0.10287299584653355,0.08475748460657997,0.6969985961914062
matched_hop1,pca_ridge,1,BCAS1,0.1477208346256589,0.15318022805941656,0.5240352749824524
matched_hop1,pca_ridge,1,PTGDS,0.19199513796494852,0.21064251405552548,0.8352986574172974
matched_hop1,pca_ridge,1,SAA2,0.10281430126524832,0.0949447241813485,0.504997193813324
matched_hop1,pca_ridge,1,SEPT4,0.2064026753966012,0.23182308491434186,0.7300094962120056
matched_hop1,pca_ridge,1,TFF3,0.1516502614680684,0.15321983749013326,0.8249329328536987
matched_hop1,pca_ridge,1,HPCAL1,0.225311183747566,0.23048465949496377,0.8995564579963684
matched_hop1,pca_ridge,1,S100A11,0.11254063267810628,0.09102483314569908,0.7623275518417358
matched_hop1,pca_ridge,1,ALB,0.0018009358092922667,0.0013211940051501066,0.09410576522350311
matched_hop1,pca_ridge,1,RNASE1,0.15607761711019122,0.15338302559170094,0.7504647374153137
matched_hop1,pca_ridge,1,TMEM144,0.14870234858610942,0.15636826917581978,0.43968623876571655
matched_hop1,pca_ridge,1,ENPP2,0.14867169888583456,0.16644833091756622,0.5453187227249146
matched_hop1,pca_ridge,1,MAL,0.12998063102898114,0.1360803372509853,0.541313111782074
matched_hop1,pca_ridge,1,NKX6-2,0.1428497545051684,0.1435373104456869,0.3738369941711426
matched_hop1,pca_ridge,1,HSPA2,0.1387770268021679,0.13216517480582685,0.47478199005126953
matched_hop1,pca_ridge,1,G0S2,0.11748832619794242,0.09650154634591147,0.5491369962692261
matched_hop1,spatial_knn,1,SCGB2A2,0.4285930920298521,0.3967746482794313,1.4542286661638697
matched_hop1,spatial_knn,1,SCGB1D2,0.34364666838772573,0.3370699871191905,1.1297294207390676
matched_hop1,spatial_knn,1,MBP,0.28276809909488665,0.23711825235018108,1.0242416207162268
matched_hop1,spatial_knn,1,GFAP,0.04971834722886368,0.05429744800628848,1.1491054231546438
matched_hop1,spatial_knn,1,PLP1,0.20706603626695175,0.18109524317294953,1.1049565828483559
matched_hop1,spatial_knn,1,SAA1,0.4013278421960847,0.41248468458456455,0.9223097504856995
matched_hop1,spatial_knn,1,MGP,0.18128043644544484,0.1931460373767169,1.1751935309302783
matched_hop1,spatial_knn,1,IGKC,0.32691582339060443,0.3294787483285705,0.8982426598638126
matched_hop1,spatial_knn,1,FABP4,0.37635239459602976,0.36085276006838013,0.8334460959695249
matched_hop1,spatial_knn,1,MOBP,0.13865018277551885,0.0873735949793941,0.6523248228909567
matched_hop1,spatial_knn,1,HBB,0.26603975644077776,0.21471218923809773,0.8773204257952872
matched_hop1,spatial_knn,1,NEFL,0.1619062963856279,0.1369995762544064,0.9814118127299357
matched_hop1,spatial_knn,1,TF,0.13171025930398703,0.09947001621619167,0.7904135120438606
matched_hop1,spatial_knn,1,IGHG3,0.21229937272452457,0.19481927344705366,0.5030201744658623
matched_hop1,spatial_knn,1,CNP,0.11123106170381958,0.09106289793799867,0.9326212051432506
matched_hop1,spatial_knn,1,CPB1,0.35027194001354606,0.3383968236513721,0.5871809236639638
matched_hop1,spatial_knn,1,CRYAB,0.06413633460385523,0.05555705559625859,0.9802475933619104
matched_hop1,spatial_knn,1,IGHA1,0.11254256518943717,0.14221103213892275,0.5360405723783221
matched_hop1,spatial_knn,1,KRT8,0.11624382831395058,0.09495484823602003,0.7786293469201735
matched_hop1,spatial_knn,1,MUC1,0.1696036068343833,0.17394684858170112,0.9297258349401701
matched_hop1,spatial_knn,1,KRT19,0.19801681856586673,0.16907022931237273,0.9685736140777899
matched_hop1,spatial_knn,1,IGLC2,0.19301802673784357,0.21056577165055132,0.5860062898907527
matched_hop1,spatial_knn,1,TFF1,0.16722359897614578,0.17149489415248126,0.8033304493523549
matched_hop1,spatial_knn,1,MAG,0.08270616560057108,0.05395960387462166,0.6021777751153969
matched_hop1,spatial_knn,1,ERMN,0.09672065082591418,0.059313807930101686,0.48372998520889093
matched_hop1,spatial_knn,1,CLDN11,0.04066846155212807,0.02482015752262819,0.5520541105963918
matched_hop1,spatial_knn,1,CLDND1,0.09511318214326811,0.0623819000624438,0.759569207653765
matched_hop1,spatial_knn,1,SPP1,0.10101919936548093,0.07122938753361258,0.6398635620030164
matched_hop1,spatial_knn,1,PPP1R14A,0.03029656062421991,0.020559028200354563,0.6839395537464547
matched_hop1,spatial_knn,1,S100B,0.03650094372764923,0.034682968570662887,0.9880363716110155
matched_hop1,spatial_knn,1,MOG,0.07580599815454753,0.05233991178593533,0.4026605634914489
matched_hop1,spatial_knn,1,MALAT1,0.13160470542570302,0.16026945530189152,1.0095347419247878
matched_hop1,spatial_knn,1,CARNS1,0.014064977728216231,0.018106724164629804,0.4577480168813881
matched_hop1,spatial_knn,1,IGHG4,0.19270786659417694,0.16924687502132033,0.43974123812756777
matched_hop1,spatial_knn,1,KRT18,0.11384384899350117,0.10172304887215648,0.7122357570381972
matched_hop1,spatial_knn,1,BCAS1,0.07532254304374598,0.054499153736722795,0.5364616829601571
matched_hop1,spatial_knn,1,PTGDS,-0.005013239826088534,0.003361504258010276,0.8887482936343328
matched_hop1,spatial_knn,1,SAA2,0.10992213185632291,0.19428263963044984,0.5226503818339744
matched_hop1,spatial_knn,1,SEPT4,0.07269654764025268,0.04829072234405787,0.7634713638646539
matched_hop1,spatial_knn,1,TFF3,0.02794338992852025,0.03682262625444809,0.8727093104520417
matched_hop1,spatial_knn,1,HPCAL1,0.09000847007949,0.08688922160863889,0.9498728029402578
matched_hop1,spatial_knn,1,S100A11,0.03238969672591258,0.030076895079745807,0.7936957632582741
matched_hop1,spatial_knn,1,ALB,-0.0011912379600899857,-0.004113401239380397,0.09384011262447114
matched_hop1,spatial_knn,1,RNASE1,0.05441200634371357,0.041527947939698044,0.7695774844232723
matched_hop1,spatial_knn,1,TMEM144,0.03767509235691471,0.015242811631007354,0.4565138550201107
matched_hop1,spatial_knn,1,ENPP2,0.043842903758736326,0.03305304877946596,0.5674457311521196
matched_hop1,spatial_knn,1,MAL,0.038785355385568814,0.022874907176817824,0.5576610982959411
matched_hop1,spatial_knn,1,NKX6-2,0.07009790509649758,0.04804145818022564,0.3841527822511354
matched_hop1,spatial_knn,1,HSPA2,0.00020901037947908903,0.0007522258739220363,0.49129881854227525
matched_hop1,spatial_knn,1,G0S2,0.24599886958787343,0.23372001383854382,0.5471747008640305
matched_hop2,mean,1,SCGB2A2,,,1.3873172998428345
matched_hop2,mean,1,SCGB1D2,,,1.1115057468414307
matched_hop2,mean,1,MBP,,,1.0684243440628052
matched_hop2,mean,1,GFAP,0.0,,1.1030998229980469
matched_hop2,mean,1,PLP1,,,1.1102752685546875
matched_hop2,mean,1,SAA1,,,1.010852575302124
matched_hop2,mean,1,MGP,,,1.2063438892364502
matched_hop2,mean,1,IGKC,0.0,,0.9266694784164429
matched_hop2,mean,1,FABP4,,,0.8947488069534302
matched_hop2,mean,1,MOBP,,,0.6411145329475403
matched_hop2,mean,1,HBB,,,0.8793225288391113
matched_hop2,mean,1,NEFL,,,0.9704298377037048
matched_hop2,mean,1,TF,,,0.7703765034675598
matched_hop2,mean,1,IGHG3,0.0,,0.5224723815917969
matched_hop2,mean,1,CNP,0.0,,0.9177826642990112
matched_hop2,mean,1,CPB1,,,0.6489312648773193
matched_hop2,mean,1,CRYAB,,,0.9577669501304626
matched_hop2,mean,1,IGHA1,,,0.5400282740592957
matched_hop2,mean,1,KRT8,0.0,,0.7699484825134277
matched_hop2,mean,1,MUC1,,,0.9190834760665894
matched_hop2,mean,1,KRT19,,,0.9499954581260681
matched_hop2,mean,1,IGLC2,0.0,,0.6011926531791687
matched_hop2,mean,1,TFF1,0.0,,0.8091177344322205
matched_hop2,mean,1,MAG,,,0.5723167657852173
matched_hop2,mean,1,ERMN,,,0.47138911485671997
matched_hop2,mean,1,CLDN11,,,0.5252813696861267
matched_hop2,mean,1,CLDND1,0.0,,0.7392701506614685
matched_hop2,mean,1,SPP1,0.0,,0.6111365556716919
matched_hop2,mean,1,PPP1R14A,,,0.6607685089111328
matched_hop2,mean,1,S100B,,,0.9652079939842224
matched_hop2,mean,1,MOG,,,0.38538461923599243
matched_hop2,mean,1,MALAT1,,,1.0120303630828857
matched_hop2,mean,1,CARNS1,,,0.43915554881095886
matched_hop2,mean,1,IGHG4,0.0,,0.45047950744628906
matched_hop2,mean,1,KRT18,,,0.7060807347297668
matched_hop2,mean,1,BCAS1,,,0.525619626045227
matched_hop2,mean,1,PTGDS,0.0,,0.8449100852012634
matched_hop2,mean,1,SAA2,0.0,,0.5107913017272949
matched_hop2,mean,1,SEPT4,0.0,,0.7404705882072449
matched_hop2,mean,1,TFF3,,,0.8516880869865417
matched_hop2,mean,1,HPCAL1,,,0.933452308177948
matched_hop2,mean,1,S100A11,,,0.7697810530662537
matched_hop2,mean,1,ALB,0.0,,0.10335521399974823
matched_hop2,mean,1,RNASE1,,,0.7520654201507568
matched_hop2,mean,1,TMEM144,,,0.4388653337955475
matched_hop2,mean,1,ENPP2,0.0,,0.5400475859642029
matched_hop2,mean,1,MAL,0.0,,0.5388563275337219
matched_hop2,mean,1,NKX6-2,,,0.3636772930622101
matched_hop2,mean,1,HSPA2,0.0,,0.47238776087760925
matched_hop2,mean,1,G0S2,0.0,,0.5288030505180359
matched_hop2,pca_ridge,1,SCGB2A2,0.16763829250226284,0.16118734249521396,1.390828251838684
matched_hop2,pca_ridge,1,SCGB1D2,0.16243718257563014,0.16204051082025483,1.106878399848938
matched_hop2,pca_ridge,1,MBP,0.35743011211119785,0.37529654259262984,1.0002142190933228
matched_hop2,pca_ridge,1,GFAP,0.4083549150345214,0.35676173093913705,1.0071841478347778
matched_hop2,pca_ridge,1,PLP1,0.3203483203971569,0.3046116653834293,1.0531127452850342
matched_hop2,pca_ridge,1,SAA1,0.19571105095073899,0.17659231000822959,0.9951555132865906
matched_hop2,pca_ridge,1,MGP,0.2125096813347043,0.19091270778060124,1.1845896244049072
matched_hop2,pca_ridge,1,IGKC,0.06034747841608668,0.05321402790913251,0.925503671169281
matched_hop2,pca_ridge,1,FABP4,0.2095389898708077,0.16996836888395717,0.8796103596687317
matched_hop2,pca_ridge,1,MOBP,0.1727946029746335,0.17819605337362907,0.6341778635978699
matched_hop2,pca_ridge,1,HBB,0.01308655305725737,0.05261776231205716,0.8811436295509338
matched_hop2,pca_ridge,1,NEFL,0.48114858086176415,0.40903427085464983,0.8509576916694641
matched_hop2,pca_ridge,1,TF,0.23716275530657055,0.24162714037104271,0.7492737174034119
matched_hop2,pca_ridge,1,IGHG3,0.017370860316154927,0.03830763727774677,0.5228337049484253
matched_hop2,pca_ridge,1,CNP,0.23090148757008727,0.21285253539398982,0.8940621614456177
matched_hop2,pca_ridge,1,CPB1,0.10287049562301996,0.12092880026388725,0.6460185050964355
matched_hop2,pca_ridge,1,CRYAB,0.17249553674476248,0.15921337115969036,0.9459654688835144
matched_hop2,pca_ridge,1,IGHA1,0.014875830451831622,0.003327721912638359,0.5427077412605286
matched_hop2,pca_ridge,1,KRT8,0.11692122495154406,0.1019546031263011,0.7668192982673645
matched_hop2,pca_ridge,1,MUC1,0.14036060509250792,0.1414681177801327,0.9132031202316284
matched_hop2,pca_ridge,1,KRT19,0.15917022031639969,0.1508385902671959,0.9387499094009399
matched_hop2,pca_ridge,1,IGLC2,0.02190983788075381,0.0017058753452758452,0.6022871136665344
matched_hop2,pca_ridge,1,TFF1,0.15866139914975225,0.17025642866578244,0.7990151047706604
matched_hop2,pca_ridge,1,MAG,0.15244892706690782,0.16089269972517634,0.5677167773246765
matched_hop2,pca_ridge,1,ERMN,0.1663946148137125,0.17435818602641864,0.4657737910747528
matched_hop2,pca_ridge,1,CLDN11,0.1579095060230796,0.1638828738389266,0.520006000995636
matched_hop2,pca_ridge,1,CLDND1,0.17747094158741158,0.20325618780301172,0.7296326756477356
matched_hop2,pca_ridge,1,SPP1,0.19947124651809683,0.2179890535827318,0.6000884771347046
matched_hop2,pca_ridge,1,PPP1R14A,0.12961095934953545,0.13958734535306094,0.6580427289009094
matched_hop2,pca_ridge,1,S100B,0.23464899237240305,0.22223897964179382,0.9389559030532837
matched_hop2,pca_ridge,1,MOG,0.13774589520629377,0.14427609813556277,0.38302603363990784
matched_hop2,pca_ridge,1,MALAT1,0.1781457754153189,0.2078805320978523,0.9954514503479004
matched_hop2,pca_ridge,1,CARNS1,0.15961321059796874,0.17763131817696426,0.4343961477279663
matched_hop2,pca_ridge,1,IGHG4,0.013101168688436249,0.02342111127705139,0.45107895135879517
matched_hop2,pca_ridge,1,KRT18,0.10277887444055976,0.08277495399022942,0.7045981884002686
matched_hop2,pca_ridge,1,BCAS1,0.13041751444432376,0.14630136651634382,0.5224732756614685
matched_hop2,pca_ridge,1,PTGDS,0.19301921939677683,0.21573438800915834,0.8293778896331787
matched_hop2,pca_ridge,1,SAA2,0.10748536010736591,0.09491957786071406,0.5082702040672302
matched_hop2,pca_ridge,1,SEPT4,0.1963892933316249,0.22656349295771688,0.7265728116035461
matched_hop2,pca_ridge,1,TFF3,0.1530939908059191,0.15547185653860718,0.8416982293128967
matched_hop2,pca_ridge,1,HPCAL1,0.2219902645553315,0.2265507003680821,0.9084305763244629
matched_hop2,pca_ridge,1,S100A11,0.11907927500581648,0.09618002657474278,0.7664475440979004
matched_hop2,pca_ridge,1,ALB,0.0032733557214534746,0.002341508559760096,0.1040777936577797
matched_hop2,pca_ridge,1,RNASE1,0.13608455222680546,0.14608417729737463,0.7459341883659363
matched_hop2,pca_ridge,1,TMEM144,0.14051940100660093,0.15625770668062608,0.43545395135879517
matched_hop2,pca_ridge,1,ENPP2,0.13508243390372476,0.16363140359836445,0.5362236499786377
matched_hop2,pca_ridge,1,MAL,0.1078156801928622,0.12545995883695923,0.5370087623596191
matched_hop2,pca_ridge,1,NKX6-2,0.12544782861117684,0.13953185908536697,0.3613812029361725
matched_hop2,pca_ridge,1,HSPA2,0.1150474531901642,0.11924916469797406,0.47025197744369507
matched_hop2,pca_ridge,1,G0S2,0.1220672053581977,0.10219738161548361,0.5249441862106323
matched_hop2,spatial_knn,1,SCGB2A2,0.3360698047876429,0.30094587474032836,1.5683102529287434
matched_hop2,spatial_knn,1,SCGB1D2,0.2722762222287963,0.27095493542085597,1.1911931170482415
matched_hop2,spatial_knn,1,MBP,0.2359770273074457,0.20085001342218076,1.035469090687879
matched_hop2,spatial_knn,1,GFAP,0.010538561896613691,0.02272139232115694,1.157414479322789
matched_hop2,spatial_knn,1,PLP1,0.16720863870608302,0.1532797458477003,1.1067606298581687
matched_hop2,spatial_knn,1,SAA1,0.35499793701101096,0.375350947040345,0.947235049962755
matched_hop2,spatial_knn,1,MGP,0.15962359215737684,0.17144600905447924,1.2484644978074781
matched_hop2,spatial_knn,1,IGKC,0.3022080727264376,0.30373998522927836,0.9195769260901924
matched_hop2,spatial_knn,1,FABP4,0.3412246684391134,0.33156175020885836,0.8416984741727198
matched_hop2,spatial_knn,1,MOBP,0.09342889607685553,0.06117895479520866,0.645097982258292
matched_hop2,spatial_knn,1,HBB,0.22130262108115814,0.1766493213576341,0.8700354329104378
matched_hop2,spatial_knn,1,NEFL,0.1375975210773691,0.11563020236241717,0.9910236890847665
matched_hop2,spatial_knn,1,TF,0.09994762785140456,0.07571406497991215,0.7774396915712284
matched_hop2,spatial_knn,1,IGHG3,0.2101926731794693,0.18026894673185137,0.5147703503802954
matched_hop2,spatial_knn,1,CNP,0.08042912072432525,0.06810044012259599,0.9279123629875408
matched_hop2,spatial_knn,1,CPB1,0.3544277092099175,0.3397408229566976,0.6043149031179378
matched_hop2,spatial_knn,1,CRYAB,0.04244189852536623,0.03872767494976032,0.982357419450682
matched_hop2,spatial_knn,1,IGHA1,0.10093726981560773,0.13097586176479128,0.541840486188459
matched_hop2,spatial_knn,1,KRT8,0.09992776994242712,0.07830866562625029,0.7879127562760936
matched_hop2,spatial_knn,1,MUC1,0.14028274295886178,0.14623875198540437,0.9510676971564351
matched_hop2,spatial_knn,1,KRT19,0.15916260337995206,0.126536496897321,0.9943489371145972
matched_hop2,spatial_knn,1,IGLC2,0.1822685716472261,0.19881318039070894,0.5945608620762476
matched_hop2,spatial_knn,1,TFF1,0.12376848807646701,0.12610532329255475,0.8330240440880128
matched_hop2,spatial_knn,1,MAG,0.0479209162792184,0.029054081164242247,0.5884448612049733
matched_hop2,spatial_knn,1,ERMN,0.06404579873026416,0.04153893681395839,0.47855796251281124
matched_hop2,spatial_knn,1,CLDN11,0.001974565937884692,0.00217294786381745,0.5480359165247033
matched_hop2,spatial_knn,1,CLDND1,0.06411966260286685,0.044997600301127656,0.7488804233322147
matched_hop2,spatial_knn,1,SPP1,0.06780999524898663,0.044706795753003674,0.6242312953178936
matched_hop2,spatial_knn,1,PPP1R14A,0.004586232637608059,-0.000360080057273183,0.6786511579481549
matched_hop2,spatial_knn,1,S100B,0.02246420558789371,0.022605283912561676,0.9917045066264917
matched_hop2,spatial_knn,1,MOG,0.07196467203392372,0.05075104298492053,0.38931214390856916
matched_hop2,spatial_knn,1,MALAT1,0.11876256187472416,0.14682658139156538,1.019600556836297
matched_hop2,spatial_knn,1,CARNS1,-0.0009117465051378948,0.008052182176645991,0.4526563153921743
matched_hop2,spatial_knn,1,IGHG4,0.18948272530590374,0.15952581826946005,0.4490417553829284
matched_hop2,spatial_knn,1,KRT18,0.09833834882442859,0.08344704661438382,0.7258454448488473
matched_hop2,spatial_knn,1,BCAS1,0.04719016371750789,0.03645182675437982,0.5344536289032431
matched_hop2,spatial_knn,1,PTGDS,-0.011690678360305485,-0.007546284650136985,0.8840993067345668
matched_hop2,spatial_knn,1,SAA2,0.06845293818956438,0.16109308382028872,0.536340597751172
matched_hop2,spatial_knn,1,SEPT4,0.05264552516922075,0.03427325392724689,0.7590917341717739
matched_hop2,spatial_knn,1,TFF3,-0.009755063950283258,-0.0017276599339937852,0.904093013563133
matched_hop2,spatial_knn,1,HPCAL1,0.08057027699134468,0.0772874072336961,0.9603428711033272
matched_hop2,spatial_knn,1,S100A11,0.01974974393596232,0.017398175480382545,0.8031003409413312
matched_hop2,spatial_knn,1,ALB,-0.001734296963973759,-0.0051958998747794255,0.10413993857277412
matched_hop2,spatial_knn,1,RNASE1,0.046124263276068396,0.03946420901886362,0.7620490405455824
matched_hop2,spatial_knn,1,TMEM144,0.028512041029163188,0.010832872280856524,0.45188818833563577
matched_hop2,spatial_knn,1,ENPP2,0.029116830733237595,0.02016753338867033,0.5588178982269106
matched_hop2,spatial_knn,1,MAL,0.00868434408804048,0.003457264490038603,0.5531308953798887
matched_hop2,spatial_knn,1,NKX6-2,0.038029650780752974,0.02441550689903836,0.3719336815568155
matched_hop2,spatial_knn,1,HSPA2,-0.008772487341761634,-0.006953917060572026,0.4849564962276028
matched_hop2,spatial_knn,1,G0S2,0.22243336761828714,0.21162219186348177,0.5346407542630386
matched_hop5,mean,1,SCGB2A2,,,1.4532526731491089
matched_hop5,mean,1,SCGB1D2,,,1.2067776918411255
matched_hop5,mean,1,MBP,0.0,,1.179374098777771
matched_hop5,mean,1,GFAP,0.0,,1.1239252090454102
matched_hop5,mean,1,PLP1,0.0,,1.2001100778579712
matched_hop5,mean,1,SAA1,,,1.0591659545898438
matched_hop5,mean,1,MGP,,,1.3558194637298584
matched_hop5,mean,1,IGKC,,,0.9839009642601013
matched_hop5,mean,1,FABP4,,,0.8715185523033142
matched_hop5,mean,1,MOBP,0.0,,0.6422760486602783
matched_hop5,mean,1,HBB,,,0.8478977680206299
matched_hop5,mean,1,NEFL,,,1.0408227443695068
matched_hop5,mean,1,TF,,,0.7213059067726135
matched_hop5,mean,1,IGHG3,0.0,,0.5525694489479065
matched_hop5,mean,1,CNP,,,0.928162693977356
matched_hop5,mean,1,CPB1,,,0.681553304195404
matched_hop5,mean,1,CRYAB,,,1.0293219089508057
matched_hop5,mean,1,IGHA1,0.0,,0.6699293255805969
matched_hop5,mean,1,KRT8,0.0,,0.8099066615104675
matched_hop5,mean,1,MUC1,0.0,,1.0249896049499512
matched_hop5,mean,1,KRT19,,,1.0209234952926636
matched_hop5,mean,1,IGLC2,,,0.6981037855148315
matched_hop5,mean,1,TFF1,,,0.9085178971290588
matched_hop5,mean,1,MAG,,,0.5905563235282898
matched_hop5,mean,1,ERMN,0.0,,0.4103470742702484
matched_hop5,mean,1,CLDN11,,,0.464781790971756
matched_hop5,mean,1,CLDND1,0.0,,0.7130602598190308
matched_hop5,mean,1,SPP1,,,0.6484143137931824
matched_hop5,mean,1,PPP1R14A,,,0.6259915232658386
matched_hop5,mean,1,S100B,,,1.0227184295654297
matched_hop5,mean,1,MOG,,,0.3761293292045593
matched_hop5,mean,1,MALAT1,,,1.0879437923431396
matched_hop5,mean,1,CARNS1,,,0.33457595109939575
matched_hop5,mean,1,IGHG4,0.0,,0.50066739320755
matched_hop5,mean,1,KRT18,,,0.7740634083747864
matched_hop5,mean,1,BCAS1,,,0.4957045912742615
matched_hop5,mean,1,PTGDS,0.0,,0.8972506523132324
matched_hop5,mean,1,SAA2,,,0.6334280967712402
matched_hop5,mean,1,SEPT4,0.0,,0.7352898716926575
matched_hop5,mean,1,TFF3,0.0,,0.9688730835914612
matched_hop5,mean,1,HPCAL1,,,1.0200481414794922
matched_hop5,mean,1,S100A11,,,0.8467932939529419
matched_hop5,mean,1,ALB,,,0.12649711966514587
matched_hop5,mean,1,RNASE1,,,0.7569320797920227
matched_hop5,mean,1,TMEM144,,,0.41455450654029846
matched_hop5,mean,1,ENPP2,0.0,,0.5074785947799683
matched_hop5,mean,1,MAL,0.0,,0.4862331748008728
matched_hop5,mean,1,NKX6-2,,,0.36573418974876404
matched_hop5,mean,1,HSPA2,,,0.4173511266708374
matched_hop5,mean,1,G0S2,,,0.49203264713287354
matched_hop5,pca_ridge,1,SCGB2A2,0.17179975321175017,0.18808936851389937,1.45878267288208
matched_hop5,pca_ridge,1,SCGB1D2,0.25855108724613685,0.261169110519828,1.164633870124817
matched_hop5,pca_ridge,1,MBP,0.30513455459582417,0.3361838100511994,1.1038671731948853
matched_hop5,pca_ridge,1,GFAP,0.46621713703342693,0.4375440971551418,1.0001109838485718
matched_hop5,pca_ridge,1,PLP1,0.2644887228622195,0.2699083850531528,1.1435643434524536
matched_hop5,pca_ridge,1,SAA1,0.21279085505789358,0.20211142750129205,1.0370967388153076
matched_hop5,pca_ridge,1,MGP,0.334177555303818,0.3117814390953863,1.3074544668197632
matched_hop5,pca_ridge,1,IGKC,0.14096388742561597,0.11292047335137728,0.9741072654724121
matched_hop5,pca_ridge,1,FABP4,0.26539758175100214,0.2323852022462642,0.8475133776664734
matched_hop5,pca_ridge,1,MOBP,0.145762554282439,0.15625253986417859,0.6374039053916931
matched_hop5,pca_ridge,1,HBB,0.03991242252386977,0.06969301015358553,0.8491036295890808
matched_hop5,pca_ridge,1,NEFL,0.474399617178087,0.40010207483730853,0.9140341877937317
matched_hop5,pca_ridge,1,TF,0.14746355803427702,0.1635740333163611,0.7159405946731567
matched_hop5,pca_ridge,1,IGHG3,0.03681455113445022,0.05029153844529803,0.5524486303329468
matched_hop5,pca_ridge,1,CNP,0.13783479863321368,0.1305180359180234,0.9220858216285706
matched_hop5,pca_ridge,1,CPB1,0.17497192917722593,0.1749818129823844,0.6764373183250427
matched_hop5,pca_ridge,1,CRYAB,0.1328309404261755,0.12639488154519765,1.0225462913513184
matched_hop5,pca_ridge,1,IGHA1,0.0668016877098678,0.0549631774280174,0.6688161492347717
matched_hop5,pca_ridge,1,KRT8,0.16531726328066385,0.15480608296350737,0.7973753809928894
matched_hop5,pca_ridge,1,MUC1,0.2601465673168568,0.2705725839078211,0.9948295950889587
matched_hop5,pca_ridge,1,KRT19,0.13850500020552897,0.13366157318776556,1.0149258375167847
matched_hop5,pca_ridge,1,IGLC2,0.11800951722590777,0.08456384349690647,0.6937020421028137
matched_hop5,pca_ridge,1,TFF1,0.17028013927215935,0.18340764866831663,0.8968958854675293
matched_hop5,pca_ridge,1,MAG,0.09689631146133212,0.11440929926270511,0.5932634472846985
matched_hop5,pca_ridge,1,ERMN,0.08311008719635019,0.11869402658950516,0.4124703109264374
matched_hop5,pca_ridge,1,CLDN11,0.07781713439335228,0.09708263052894305,0.46814265847206116
matched_hop5,pca_ridge,1,CLDND1,0.07791313747261568,0.14033910773799915,0.7169204950332642
matched_hop5,pca_ridge,1,SPP1,0.14366382672709022,0.19088922918034393,0.6450583934783936
matched_hop5,pca_ridge,1,PPP1R14A,0.11510591000367817,0.11368872467946234,0.6235645413398743
matched_hop5,pca_ridge,1,S100B,0.21004298615357653,0.23299189417275798,1.0002843141555786
matched_hop5,pca_ridge,1,MOG,0.0787875609992835,0.09682325973045933,0.3785210847854614
matched_hop5,pca_ridge,1,MALAT1,0.14317033294270182,0.1666977605423115,1.0779458284378052
matched_hop5,pca_ridge,1,CARNS1,0.10036044126382826,0.12388838240788634,0.33593854308128357
matched_hop5,pca_ridge,1,IGHG4,0.07979224946955582,0.059706290556789894,0.499193400144577
matched_hop5,pca_ridge,1,KRT18,0.13360362003633747,0.10917297984513705,0.7680655121803284
matched_hop5,pca_ridge,1,BCAS1,0.030288111496317802,0.06534494584400874,0.5009306073188782
matched_hop5,pca_ridge,1,PTGDS,0.21259456611396205,0.19028649097961667,0.876973032951355
matched_hop5,pca_ridge,1,SAA2,0.133333970348003,0.11332288222230592,0.6290159225463867
matched_hop5,pca_ridge,1,SEPT4,0.13328463177100364,0.17610194175768798,0.7280451655387878
matched_hop5,pca_ridge,1,TFF3,0.25782237365650607,0.2285746500133634,0.9433906674385071
matched_hop5,pca_ridge,1,HPCAL1,0.1933199535393312,0.18594196822883902,0.9929823875427246
matched_hop5,pca_ridge,1,S100A11,0.1793086843414139,0.17252649020661678,0.8326792120933533
matched_hop5,pca_ridge,1,ALB,0.0469559168529908,0.04798842861979479,0.1266920268535614
matched_hop5,pca_ridge,1,RNASE1,0.11168866288043955,0.11823346548153513,0.7542653679847717
matched_hop5,pca_ridge,1,TMEM144,0.15625880841051887,0.19867615838453415,0.4090929925441742
matched_hop5,pca_ridge,1,ENPP2,0.07618437359983915,0.09901467232572628,0.5096362829208374
matched_hop5,pca_ridge,1,MAL,0.048378688838991706,0.07932103715983019,0.4897770285606384
matched_hop5,pca_ridge,1,NKX6-2,0.020017291920706524,0.057097984313106864,0.3704931139945984
matched_hop5,pca_ridge,1,HSPA2,0.18286067854761684,0.19069495814638643,0.40865373611450195
matched_hop5,pca_ridge,1,G0S2,0.1698366468655817,0.13218855196347937,0.4857584238052368
matched_hop5,spatial_knn,1,SCGB2A2,0.09342402238108545,0.059934316189910894,1.9774325296559538
matched_hop5,spatial_knn,1,SCGB1D2,0.18680758361765443,0.21587792223321955,1.366874086902782
matched_hop5,spatial_knn,1,MBP,0.0901366436382452,0.06951314676023156,1.1608128636572703
matched_hop5,spatial_knn,1,GFAP,0.004994632004839482,0.04790817278101359,1.2090660285315025
matched_hop5,spatial_knn,1,PLP1,0.033207608971207364,0.022971522419544903,1.2433856160696584
matched_hop5,spatial_knn,1,SAA1,0.1314140603155209,0.16617278174365377,1.1158361052405648
matched_hop5,spatial_knn,1,MGP,0.3037589818871294,0.3003596641182575,1.372115141631355
matched_hop5,spatial_knn,1,IGKC,0.16011773860964373,0.09999486794348529,1.0132064219254382
matched_hop5,spatial_knn,1,FABP4,0.2451036473693936,0.2550218567750912,0.880727675951988
matched_hop5,spatial_knn,1,MOBP,0.04046743495834029,0.03170080416007488,0.6469038062036201
matched_hop5,spatial_knn,1,HBB,-0.05840272562473592,-0.06724115593230487,0.9127511888225013
matched_hop5,spatial_knn,1,NEFL,0.02955725005706019,0.048786085193419454,1.0916400844130205
matched_hop5,spatial_knn,1,TF,0.0272093049426904,0.03352028708159373,0.7438720930169852
matched_hop5,spatial_knn,1,IGHG3,0.15510209452718654,0.04149955327926458,0.552692733397298
matched_hop5,spatial_knn,1,CNP,0.10733057354388745,0.10949886677469624,0.9381873523645147
matched_hop5,spatial_knn,1,CPB1,0.329111342629947,0.2925013442704035,0.6327149295258694
matched_hop5,spatial_knn,1,CRYAB,0.040101380966873754,0.04097302530875063,1.052324207548779
matched_hop5,spatial_knn,1,IGHA1,0.07011017544557044,0.07717677214434183,0.6793759640037186
matched_hop5,spatial_knn,1,KRT8,0.07135677674944552,0.05908595732104813,0.8350416481761891
matched_hop5,spatial_knn,1,MUC1,0.1230506718989625,0.1271164638739108,1.1124601643601084
matched_hop5,spatial_knn,1,KRT19,-0.013827418063567477,-0.05098607572039011,1.1556161058768217
matched_hop5,spatial_knn,1,IGLC2,0.0972074041992606,0.08860678831930982,0.703926481566211
matched_hop5,spatial_knn,1,TFF1,0.11021065729644024,0.055463725431219794,0.9596282795258916
matched_hop5,spatial_knn,1,MAG,-0.011929573675897956,-0.021509178901761728,0.6122686963269706
matched_hop5,spatial_knn,1,ERMN,-0.025385378466104787,-0.006978374262066903,0.4251563817734704
matched_hop5,spatial_knn,1,CLDN11,0.0008867217628036883,0.002165772355236773,0.4980493935861801
matched_hop5,spatial_knn,1,CLDND1,-0.010565567746268899,-0.007512571898173645,0.7270125683093714
matched_hop5,spatial_knn,1,SPP1,0.007051348792309987,-0.02467083988731439,0.6674834978354836
matched_hop5,spatial_knn,1,PPP1R14A,0.05209796177962284,0.050965717688721955,0.6431835603616316
matched_hop5,spatial_knn,1,S100B,-0.030800084849373077,-0.06943536911869443,1.0445380009950227
matched_hop5,spatial_knn,1,MOG,0.0027558326828116247,0.01661943202812746,0.3812374750848645
matched_hop5,spatial_knn,1,MALAT1,0.050985269366279076,0.0762418596134948,1.108605707101089
matched_hop5,spatial_knn,1,CARNS1,-0.0773956440823784,-0.08139432038283782,0.3542686321611985
matched_hop5,spatial_knn,1,IGHG4,0.1082945123351965,0.06849760884192391,0.5066482887359829
matched_hop5,spatial_knn,1,KRT18,0.04215246323681407,0.002231449761309207,0.8241539679745671
matched_hop5,spatial_knn,1,BCAS1,0.05723422483922715,0.04208146567489577,0.4964389462390426
matched_hop5,spatial_knn,1,PTGDS,-0.00047368159003539044,-0.013080164611906328,0.929114629590701
matched_hop5,spatial_knn,1,SAA2,-0.12012009271107287,-0.10548822371428249,0.7125489455871384
matched_hop5,spatial_knn,1,SEPT4,0.007231605786693521,-0.005456431788427211,0.7548142845302139
matched_hop5,spatial_knn,1,TFF3,-0.08328397394874504,-0.0638308159578986,1.0561105356410538
matched_hop5,spatial_knn,1,HPCAL1,-0.03381204442348208,-0.04619127034093217,1.0743560518511481
matched_hop5,spatial_knn,1,S100A11,-0.08102683551527556,-0.08377496535921983,0.9112708274225786
matched_hop5,spatial_knn,1,ALB,-0.026799898796956156,-0.028261772935100928,0.128518669315657
matched_hop5,spatial_knn,1,RNASE1,0.0246444077011852,0.028048713249346154,0.7677538096968729
matched_hop5,spatial_knn,1,TMEM144,-0.027423494562622594,-0.047203559606549574,0.44345847074852174
matched_hop5,spatial_knn,1,ENPP2,-0.02698132654414319,-0.016691145895868117,0.5390929024053558
matched_hop5,spatial_knn,1,MAL,-0.013798358718550266,-0.014060042215083331,0.49551082319357875
matched_hop5,spatial_knn,1,NKX6-2,0.038306256470800985,0.07288731903092018,0.3726399493559022
matched_hop5,spatial_knn,1,HSPA2,-0.058118459281177384,-0.04050686561368342,0.437946820994118
matched_hop5,spatial_knn,1,G0S2,0.16483273104234164,0.14302699961107068,0.5202384281963623
matched_coord0.25,mean,1,SCGB2A2,,,1.3840235471725464
matched_coord0.25,mean,1,SCGB1D2,,,1.1205037832260132
matched_coord0.25,mean,1,MBP,0.0,,1.0621262788772583
matched_coord0.25,mean,1,GFAP,,,1.1027553081512451
matched_coord0.25,mean,1,PLP1,0.0,,1.1045879125595093
matched_coord0.25,mean,1,SAA1,,,1.0281920433044434
matched_coord0.25,mean,1,MGP,,,1.2710542678833008
matched_coord0.25,mean,1,IGKC,,,0.9353394508361816
matched_coord0.25,mean,1,FABP4,0.0,,0.8956312537193298
matched_coord0.25,mean,1,MOBP,,,0.6201744079589844
matched_coord0.25,mean,1,HBB,,,0.8442485332489014
matched_coord0.25,mean,1,NEFL,,,0.9643225073814392
matched_coord0.25,mean,1,TF,0.0,,0.7555582523345947
matched_coord0.25,mean,1,IGHG3,0.0,,0.5373063683509827
matched_coord0.25,mean,1,CNP,0.0,,0.9083936810493469
matched_coord0.25,mean,1,CPB1,,,0.6270085573196411
matched_coord0.25,mean,1,CRYAB,,,0.9447774887084961
matched_coord0.25,mean,1,IGHA1,0.0,,0.5437616109848022
matched_coord0.25,mean,1,KRT8,,,0.7635787725448608
matched_coord0.25,mean,1,MUC1,,,0.9288972616195679
matched_coord0.25,mean,1,KRT19,,,0.9523875117301941
matched_coord0.25,mean,1,IGLC2,,,0.6054626703262329
matched_coord0.25,mean,1,TFF1,,,0.836262047290802
matched_coord0.25,mean,1,MAG,,,0.5622616410255432
matched_coord0.25,mean,1,ERMN,0.0,,0.45828449726104736
matched_coord0.25,mean,1,CLDN11,0.0,,0.5185528993606567
matched_coord0.25,mean,1,CLDND1,0.0,,0.7316581010818481
matched_coord0.25,mean,1,SPP1,,,0.6041063666343689
matched_coord0.25,mean,1,PPP1R14A,0.0,,0.6457245349884033
matched_coord0.25,mean,1,S100B,,,0.9589992165565491
matched_coord0.25,mean,1,MOG,,,0.3752085566520691
matched_coord0.25,mean,1,MALAT1,,,1.0080257654190063
matched_coord0.25,mean,1,CARNS1,0.0,,0.43106546998023987
matched_coord0.25,mean,1,IGHG4,0.0,,0.4558047652244568
matched_coord0.25,mean,1,KRT18,,,0.7056764364242554
matched_coord0.25,mean,1,BCAS1,0.0,,0.5199959874153137
matched_coord0.25,mean,1,PTGDS,0.0,,0.8357070088386536
matched_coord0.25,mean,1,SAA2,,,0.5249505639076233
matched_coord0.25,mean,1,SEPT4,,,0.7333821654319763
matched_coord0.25,mean,1,TFF3,,,0.8700556755065918
matched_coord0.25,mean,1,HPCAL1,,,0.9341500997543335
matched_coord0.25,mean,1,S100A11,,,0.7669863104820251
matched_coord0.25,mean,1,ALB,,,0.10774502158164978
matched_coord0.25,mean,1,RNASE1,,,0.7397512793540955
matched_coord0.25,mean,1,TMEM144,,,0.42660775780677795
matched_coord0.25,mean,1,ENPP2,,,0.5345322489738464
matched_coord0.25,mean,1,MAL,0.0,,0.5348120331764221
matched_coord0.25,mean,1,NKX6-2,,,0.3624848425388336
matched_coord0.25,mean,1,HSPA2,,,0.46560782194137573
matched_coord0.25,mean,1,G0S2,,,0.5212962031364441
matched_coord0.25,pca_ridge,1,SCGB2A2,0.18166088310391848,0.17849373124239754,1.3804235458374023
matched_coord0.25,pca_ridge,1,SCGB1D2,0.18540374341819565,0.18503234235967972,1.1072298288345337
matched_coord0.25,pca_ridge,1,MBP,0.3397288254326331,0.3643376103342454,1.0006284713745117
matched_coord0.25,pca_ridge,1,GFAP,0.39361771590888384,0.3410482920235644,1.0128295421600342
matched_coord0.25,pca_ridge,1,PLP1,0.3005715048100118,0.29336693344870396,1.055299162864685
matched_coord0.25,pca_ridge,1,SAA1,0.18268590000036458,0.16571931901399803,1.0122966766357422
matched_coord0.25,pca_ridge,1,MGP,0.2518952280292479,0.2323348449163621,1.243304967880249
matched_coord0.25,pca_ridge,1,IGKC,0.07585519132396387,0.06614283408888494,0.9325714707374573
matched_coord0.25,pca_ridge,1,FABP4,0.20237123379026958,0.16479542994492202,0.88041090965271
matched_coord0.25,pca_ridge,1,MOBP,0.1504977425711317,0.1666955283593908,0.61733478307724
matched_coord0.25,pca_ridge,1,HBB,-0.008335486583532541,0.04250155469328475,0.8481087684631348
matched_coord0.25,pca_ridge,1,NEFL,0.48179796499546745,0.40860982393634177,0.8455720543861389
matched_coord0.25,pca_ridge,1,TF,0.21070743297561145,0.2276338520025268,0.7405580282211304
matched_coord0.25,pca_ridge,1,IGHG3,0.009871107324084707,0.028354154937036948,0.5378713011741638
matched_coord0.25,pca_ridge,1,CNP,0.2057123990818827,0.19458885817194901,0.8915253281593323
matched_coord0.25,pca_ridge,1,CPB1,0.10106312831472603,0.11795927189973363,0.6243811845779419
matched_coord0.25,pca_ridge,1,CRYAB,0.1502237461966522,0.143597342180758,0.9383524060249329
matched_coord0.25,pca_ridge,1,IGHA1,0.024152320831048242,0.011479852589018878,0.5457921028137207
matched_coord0.25,pca_ridge,1,KRT8,0.11958951669973698,0.10352157398038334,0.7595508098602295
matched_coord0.25,pca_ridge,1,MUC1,0.15160720782767756,0.15265466445253517,0.9205237030982971
matched_coord0.25,pca_ridge,1,KRT19,0.17020332438512387,0.1563920601624901,0.9389418363571167
matched_coord0.25,pca_ridge,1,IGLC2,0.022806159748693308,-0.004298695767402078,0.6064648032188416
matched_coord0.25,pca_ridge,1,TFF1,0.17359258784694262,0.18584213985198889,0.8233276009559631
matched_coord0.25,pca_ridge,1,MAG,0.132593384907793,0.1501346715812494,0.5604166984558105
matched_coord0.25,pca_ridge,1,ERMN,0.13588824278080436,0.15533245164315057,0.4561004042625427
matched_coord0.25,pca_ridge,1,CLDN11,0.1371708806601602,0.15702202825387765,0.5157256126403809
matched_coord0.25,pca_ridge,1,CLDND1,0.15350176960778095,0.18853072486261388,0.7264050841331482
matched_coord0.25,pca_ridge,1,SPP1,0.1809510462395832,0.20901844458750424,0.5960077047348022
matched_coord0.25,pca_ridge,1,PPP1R14A,0.12066972456239591,0.14040676778635997,0.6444392204284668
matched_coord0.25,pca_ridge,1,S100B,0.21777094899201666,0.20718729430551786,0.9365732669830322
matched_coord0.25,pca_ridge,1,MOG,0.10886254578926957,0.1207505579464862,0.37535178661346436
matched_coord0.25,pca_ridge,1,MALAT1,0.18159719743583502,0.20835114326139761,0.9912530779838562
matched_coord0.25,pca_ridge,1,CARNS1,0.1410255413302432,0.16556191696773082,0.4281741678714752
matched_coord0.25,pca_ridge,1,IGHG4,0.017362558079806488,0.02321253262860732,0.45626357197761536
matched_coord0.25,pca_ridge,1,KRT18,0.10247901081249952,0.07715178267888509,0.7038142681121826
matched_coord0.25,pca_ridge,1,BCAS1,0.10511550152535429,0.12624008711922893,0.5193841457366943
matched_coord0.25,pca_ridge,1,PTGDS,0.1664662447341247,0.1893353764787983,0.8253917694091797
matched_coord0.25,pca_ridge,1,SAA2,0.10096088010994256,0.08856983962075565,0.5223550200462341
matched_coord0.25,pca_ridge,1,SEPT4,0.1823732524670344,0.216164700245111,0.7220417857170105
matched_coord0.25,pca_ridge,1,TFF3,0.1661818441796713,0.1670674309468208,0.8579753637313843
matched_coord0.25,pca_ridge,1,HPCAL1,0.2283860226469674,0.23203026612350605,0.9072214365005493
matched_coord0.25,pca_ridge,1,S100A11,0.12482588421386134,0.10256570585345176,0.7625141739845276
matched_coord0.25,pca_ridge,1,ALB,0.0025390866622248933,-0.001297296226015873,0.10846111923456192
matched_coord0.25,pca_ridge,1,RNASE1,0.1118073947519347,0.1286423190467859,0.7372422218322754
matched_coord0.25,pca_ridge,1,TMEM144,0.1301766358196296,0.15356013383530576,0.42427125573158264
matched_coord0.25,pca_ridge,1,ENPP2,0.11413965304858252,0.1542497356449455,0.532940149307251
matched_coord0.25,pca_ridge,1,MAL,0.0843302551064579,0.11217951787573761,0.5351076722145081
matched_coord0.25,pca_ridge,1,NKX6-2,0.12032765373668128,0.1392395200273394,0.36047330498695374
matched_coord0.25,pca_ridge,1,HSPA2,0.09532544395045536,0.10191487479017519,0.4651057720184326
matched_coord0.25,pca_ridge,1,G0S2,0.12855355776414892,0.10467179180838324,0.5170109272003174
matched_coord0.25,spatial_knn,1,SCGB2A2,0.261242316411046,0.2156243456014362,1.6726930902240085
matched_coord0.25,spatial_knn,1,SCGB1D2,0.21288211277185148,0.21393477361795257,1.2552186849716798
matched_coord0.25,spatial_knn,1,MBP,0.2025292991867541,0.17665988188004159,1.034512028683507
matched_coord0.25,spatial_knn,1,GFAP,-0.015553640225088787,0.004636409232718167,1.157583061148061
matched_coord0.25,spatial_knn,1,PLP1,0.13406995297990998,0.13234136416153258,1.109418312452258
matched_coord0.25,spatial_knn,1,SAA1,0.30894553014187204,0.33261357867246144,0.9815222151248348
matched_coord0.25,spatial_knn,1,MGP,0.12849073016112497,0.1330905376867083,1.3263188890673128
matched_coord0.25,spatial_knn,1,IGKC,0.26865045602883064,0.2737963140660674,0.952851460899761
matched_coord0.25,spatial_knn,1,FABP4,0.3081917981029191,0.3004816232617641,0.8586814644706293
matched_coord0.25,spatial_knn,1,MOBP,0.05391128082134489,0.033502498723568204,0.6263621664603036
matched_coord0.25,spatial_knn,1,HBB,0.1577475047511246,0.12351496605945199,0.8580604776195836
matched_coord0.25,spatial_knn,1,NEFL,0.13990631817952667,0.11683515686352412,0.9861479696331137
matched_coord0.25,spatial_knn,1,TF,0.09564059016068135,0.0741125230283909,0.7635075075563259
matched_coord0.25,spatial_knn,1,IGHG3,0.21234322477613027,0.16718421819720902,0.5284821402408537
matched_coord0.25,spatial_knn,1,CNP,0.04606803026729962,0.04343797486620279,0.9246399098502417
matched_coord0.25,spatial_knn,1,CPB1,0.3706953967790366,0.33518433228437355,0.5851083811857682
matched_coord0.25,spatial_knn,1,CRYAB,0.02537787666800525,0.022166971386327727,0.9728683588924102
matched_coord0.25,spatial_knn,1,IGHA1,0.0996739922742332,0.1270989958793529,0.544955486716614
matched_coord0.25,spatial_knn,1,KRT8,0.08594198840313035,0.05393449535540765,0.7849798550098969
matched_coord0.25,spatial_knn,1,MUC1,0.11566384344383654,0.12303108435711806,0.9747311883649411
matched_coord0.25,spatial_knn,1,KRT19,0.09672148330542762,0.06435467878089433,1.0155440646304836
matched_coord0.25,spatial_knn,1,IGLC2,0.1582236691033423,0.17445973719249255,0.6042734967138365
matched_coord0.25,spatial_knn,1,TFF1,0.07661336833961797,0.08051879541805464,0.8745666026317775
matched_coord0.25,spatial_knn,1,MAG,0.041444618605220945,0.022872814143732278,0.5790854529222752
matched_coord0.25,spatial_knn,1,ERMN,0.034737301500552084,0.02287703760424126,0.467605515055055
matched_coord0.25,spatial_knn,1,CLDN11,-0.013845822499606964,-0.00741414766558549,0.5439344567581238
matched_coord0.25,spatial_knn,1,CLDND1,0.04108349222471448,0.03069045921758599,0.7430777093721455
matched_coord0.25,spatial_knn,1,SPP1,0.05303094843267504,0.027811961917000035,0.6186122095608747
matched_coord0.25,spatial_knn,1,PPP1R14A,-0.005291384310079229,-0.00506619275930303,0.6643984745936333
matched_coord0.25,spatial_knn,1,S100B,0.014575389651610024,0.012664911825003088,0.9875104720743675
matched_coord0.25,spatial_knn,1,MOG,0.054849459051710125,0.030065454989152817,0.37901449037911433
matched_coord0.25,spatial_knn,1,MALAT1,0.11467060628941092,0.14386520483070842,1.0193374940586175
matched_coord0.25,spatial_knn,1,CARNS1,-0.026772606192087496,-0.014001702525586655,0.44680094807244725
matched_coord0.25,spatial_knn,1,IGHG4,0.19514745313626763,0.1563387405955772,0.4533588832436451
matched_coord0.25,spatial_knn,1,KRT18,0.07851200657238525,0.05780739035983213,0.7294567660693918
matched_coord0.25,spatial_knn,1,BCAS1,0.043736913074890416,0.0298195963818816,0.5276608762647118
matched_coord0.25,spatial_knn,1,PTGDS,0.0010317050185399603,0.005289849900941018,0.8755792691414243
matched_coord0.25,spatial_knn,1,SAA2,0.03794346323309321,0.12663649658151546,0.5564216612177192
matched_coord0.25,spatial_knn,1,SEPT4,0.026977936620035475,0.022049129499251217,0.7521116106094827
matched_coord0.25,spatial_knn,1,TFF3,-0.059237089056559465,-0.052344358598806595,0.9378319369955603
matched_coord0.25,spatial_knn,1,HPCAL1,0.08298023544584432,0.08129822979483618,0.9578922312653826
matched_coord0.25,spatial_knn,1,S100A11,0.0019228881809427386,-0.005958292909099309,0.8039253224369798
matched_coord0.25,spatial_knn,1,ALB,0.00024948030900297995,-0.0045075065764997035,0.1086720896846103
matched_coord0.25,spatial_knn,1,RNASE1,0.032590965701114076,0.0295691308726954,0.7515461431854912
matched_coord0.25,spatial_knn,1,TMEM144,0.008739015173792422,-0.006973704919665594,0.4421608950146467
matched_coord0.25,spatial_knn,1,ENPP2,0.02203212508196115,0.014651199729229387,0.5530475037579637
matched_coord0.25,spatial_knn,1,MAL,-0.0024310325307652543,7.866683513998537e-05,0.5488531476787554
matched_coord0.25,spatial_knn,1,NKX6-2,0.02433131068448753,0.0196598897464899,0.370480413962043
matched_coord0.25,spatial_knn,1,HSPA2,-0.027516582511151223,-0.017364601239649426,0.4792977648283139
matched_coord0.25,spatial_knn,1,G0S2,0.21131737917734156,0.20355051367114357,0.534439845847345
matched_coord0.5,mean,1,SCGB2A2,,,1.4219822883605957
matched_coord0.5,mean,1,SCGB1D2,,,1.1827055215835571
matched_coord0.5,mean,1,MBP,0.0,,1.0744096040725708
matched_coord0.5,mean,1,GFAP,,,1.0895030498504639
matched_coord0.5,mean,1,PLP1,,,1.1204663515090942
matched_coord0.5,mean,1,SAA1,0.0,,1.0659998655319214
matched_coord0.5,mean,1,MGP,,,1.3940613269805908
matched_coord0.5,mean,1,IGKC,,,0.9867113828659058
matched_coord0.5,mean,1,FABP4,,,0.9148542284965515
matched_coord0.5,mean,1,MOBP,0.0,,0.607843279838562
matched_coord0.5,mean,1,HBB,,,0.7361423373222351
matched_coord0.5,mean,1,NEFL,0.0,,0.9743790030479431
matched_coord0.5,mean,1,TF,,,0.7128268480300903
matched_coord0.5,mean,1,IGHG3,0.0,,0.6331708431243896
matched_coord0.5,mean,1,CNP,,,0.8898983597755432
matched_coord0.5,mean,1,CPB1,,,0.5672116875648499
matched_coord0.5,mean,1,CRYAB,,,0.9458537101745605
matched_coord0.5,mean,1,IGHA1,0.0,,0.5798502564430237
matched_coord0.5,mean,1,KRT8,0.0,,0.7567967772483826
matched_coord0.5,mean,1,MUC1,,,0.992189884185791
matched_coord0.5,mean,1,KRT19,,,0.9659683704376221
matched_coord0.5,mean,1,IGLC2,,,0.6451469659805298
matched_coord0.5,mean,1,TFF1,0.0,,0.9215385913848877
matched_coord0.5,mean,1,MAG,,,0.5335244536399841
matched_coord0.5,mean,1,ERMN,,,0.42418643832206726
matched_coord0.5,mean,1,CLDN11,,,0.47468382120132446
matched_coord0.5,mean,1,CLDND1,0.0,,0.7106403708457947
matched_coord0.5,mean,1,SPP1,,,0.612260639667511
matched_coord0.5,mean,1,PPP1R14A,,,0.6193724274635315
matched_coord0.5,mean,1,S100B,,,0.9656569361686707
matched_coord0.5,mean,1,MOG,,,0.3388385772705078
matched_coord0.5,mean,1,MALAT1,,,1.0362370014190674
matched_coord0.5,mean,1,CARNS1,,,0.4106573462486267
matched_coord0.5,mean,1,IGHG4,0.0,,0.5015259385108948
matched_coord0.5,mean,1,KRT18,0.0,,0.7128379344940186
matched_coord0.5,mean,1,BCAS1,0.0,,0.4814624786376953
matched_coord0.5,mean,1,PTGDS,0.0,,0.8312053084373474
matched_coord0.5,mean,1,SAA2,,,0.5661441087722778
matched_coord0.5,mean,1,SEPT4,0.0,,0.7319636940956116
matched_coord0.5,mean,1,TFF3,,,0.930597186088562
matched_coord0.5,mean,1,HPCAL1,,,0.9500075578689575
matched_coord0.5,mean,1,S100A11,,,0.8015046119689941
matched_coord0.5,mean,1,ALB,0.0,,0.13767923414707184
matched_coord0.5,mean,1,RNASE1,,,0.7271988391876221
matched_coord0.5,mean,1,TMEM144,0.0,,0.4023124873638153
matched_coord0.5,mean,1,ENPP2,0.0,,0.4979010224342346
matched_coord0.5,mean,1,MAL,0.0,,0.5234412550926208
matched_coord0.5,mean,1,NKX6-2,,,0.34588906168937683
matched_coord0.5,mean,1,HSPA2,,,0.4417862296104431
matched_coord0.5,mean,1,G0S2,0.0,,0.5581739544868469
matched_coord0.5,pca_ridge,1,SCGB2A2,0.17713840831554736,0.17735693224846266,1.4206993579864502
matched_coord0.5,pca_ridge,1,SCGB1D2,0.22675660589546365,0.218207168941651,1.1545878648757935
matched_coord0.5,pca_ridge,1,MBP,0.32961967576188844,0.3730752606827763,1.0108712911605835
matched_coord0.5,pca_ridge,1,GFAP,0.41774058560661026,0.3764271953909218,0.991218626499176
matched_coord0.5,pca_ridge,1,PLP1,0.29907171524077897,0.29445674915730136,1.067460060119629
matched_coord0.5,pca_ridge,1,SAA1,0.1734021279548818,0.15439954371874548,1.0453773736953735
matched_coord0.5,pca_ridge,1,MGP,0.29027954848021426,0.2758837316787879,1.358023762702942
matched_coord0.5,pca_ridge,1,IGKC,0.09676938309826223,0.07277089021721801,0.9818029403686523
matched_coord0.5,pca_ridge,1,FABP4,0.18602609055675878,0.13631000258462414,0.897557258605957
matched_coord0.5,pca_ridge,1,MOBP,0.14607388866317983,0.17051366199608142,0.6050499081611633
matched_coord0.5,pca_ridge,1,HBB,0.03546079184192959,0.09536624190619741,0.7377634644508362
matched_coord0.5,pca_ridge,1,NEFL,0.4872924613507359,0.43141566851657204,0.8520208597183228
matched_coord0.5,pca_ridge,1,TF,0.18873562459495224,0.2115996082185508,0.7028364539146423
matched_coord0.5,pca_ridge,1,IGHG3,-0.014273559336552255,0.010155180578318988,0.6345059871673584
matched_coord0.5,pca_ridge,1,CNP,0.16937584544846718,0.17065240568255027,0.882552981376648
matched_coord0.5,pca_ridge,1,CPB1,0.07714041636621202,0.09587189617460078,0.5661758780479431
matched_coord0.5,pca_ridge,1,CRYAB,0.12343777889523866,0.12162356325560131,0.9454455971717834
matched_coord0.5,pca_ridge,1,IGHA1,0.0069231582999589895,-0.01726160756849708,0.5831100940704346
matched_coord0.5,pca_ridge,1,KRT8,0.1435320523463598,0.11658382736030763,0.7478880286216736
matched_coord0.5,pca_ridge,1,MUC1,0.21178575701550373,0.21042466543658256,0.9711860418319702
matched_coord0.5,pca_ridge,1,KRT19,0.16143265959713732,0.1389210294283313,0.9556273818016052
matched_coord0.5,pca_ridge,1,IGLC2,0.07324253875887195,0.03174014570334741,0.6434565782546997
matched_coord0.5,pca_ridge,1,TFF1,0.18070323120991405,0.18695724503176323,0.9059040546417236
matched_coord0.5,pca_ridge,1,MAG,0.07334962424094023,0.10744461334891317,0.5400570631027222
matched_coord0.5,pca_ridge,1,ERMN,0.11295209534525294,0.1499205704219041,0.42493709921836853
matched_coord0.5,pca_ridge,1,CLDN11,0.10352792671965688,0.1327423564209552,0.476663202047348
matched_coord0.5,pca_ridge,1,CLDND1,0.13866505398474765,0.18388290838837887,0.7082365155220032
matched_coord0.5,pca_ridge,1,SPP1,0.16196370890517475,0.20045218875863682,0.6063587069511414
matched_coord0.5,pca_ridge,1,PPP1R14A,0.12647778248231145,0.15733798364628088,0.6173171997070312
matched_coord0.5,pca_ridge,1,S100B,0.20337414230630665,0.19787853533055527,0.9458490610122681
matched_coord0.5,pca_ridge,1,MOG,0.08950976070534844,0.12042860231320703,0.34127312898635864
matched_coord0.5,pca_ridge,1,MALAT1,0.20645562929823713,0.23115902153606313,1.0155692100524902
matched_coord0.5,pca_ridge,1,CARNS1,0.11730889228856856,0.14726255854782191,0.4103337526321411
matched_coord0.5,pca_ridge,1,IGHG4,0.007893392547573189,-0.0025923788903988968,0.5022248029708862
matched_coord0.5,pca_ridge,1,KRT18,0.09971841648447889,0.09069557068086741,0.7110831141471863
matched_coord0.5,pca_ridge,1,BCAS1,0.07972727066059596,0.10469470613728206,0.4836583435535431
matched_coord0.5,pca_ridge,1,PTGDS,0.20166711551286598,0.1969589879986679,0.8140950202941895
matched_coord0.5,pca_ridge,1,SAA2,0.03934585306701469,0.02803705972605372,0.5642890930175781
matched_coord0.5,pca_ridge,1,SEPT4,0.19942862511687354,0.2403935535723153,0.7175014019012451
matched_coord0.5,pca_ridge,1,TFF3,0.20915816198224257,0.20339280081580363,0.911814272403717
matched_coord0.5,pca_ridge,1,HPCAL1,0.2101870891852697,0.2147707404270024,0.9248870015144348
matched_coord0.5,pca_ridge,1,S100A11,0.11382103480538051,0.08654812231789033,0.7990155220031738
matched_coord0.5,pca_ridge,1,ALB,0.025294779880529052,0.02360908614697928,0.13798119127750397
matched_coord0.5,pca_ridge,1,RNASE1,0.08222049862445852,0.09377419141567905,0.7291616201400757
matched_coord0.5,pca_ridge,1,TMEM144,0.13610028832888754,0.16423076796111252,0.3997318148612976
matched_coord0.5,pca_ridge,1,ENPP2,0.10979192417998784,0.15226469317208444,0.49748432636260986
matched_coord0.5,pca_ridge,1,MAL,0.08187915844829188,0.11528486171155741,0.5241619348526001
matched_coord0.5,pca_ridge,1,NKX6-2,0.06627037985410356,0.09881737904663852,0.34753474593162537
matched_coord0.5,pca_ridge,1,HSPA2,0.12548967936904548,0.12856087512863124,0.4390189051628113
matched_coord0.5,pca_ridge,1,G0S2,0.097248287690857,0.07154614369274537,0.5542213320732117
matched_coord0.5,spatial_knn,1,SCGB2A2,0.08469310347765166,0.025189014453889193,1.9039239523702165
matched_coord0.5,spatial_knn,1,SCGB1D2,0.11269766691778774,0.11562591787505544,1.3877736577705233
matched_coord0.5,spatial_knn,1,MBP,0.14714253607858213,0.13022951355353304,1.0462946935457462
matched_coord0.5,spatial_knn,1,GFAP,-0.011442225008110828,0.000870242653089662,1.140757398877472
matched_coord0.5,spatial_knn,1,PLP1,0.09612767739177883,0.103525295951514,1.1272164012089219
matched_coord0.5,spatial_knn,1,SAA1,0.20023199186154866,0.219191097973188,1.056741919674145
matched_coord0.5,spatial_knn,1,MGP,0.13678021939529506,0.12371931187484213,1.4467092433160424
matched_coord0.5,spatial_knn,1,IGKC,0.1785525781202041,0.16367811920450318,1.0595635040610907
matched_coord0.5,spatial_knn,1,FABP4,0.22455563603416498,0.21916957175048035,0.9164933294767039
matched_coord0.5,spatial_knn,1,MOBP,0.043645400487049055,0.04010060356160495,0.6112076243347438
matched_coord0.5,spatial_knn,1,HBB,0.001573435962599015,-0.01660431934168159,0.8089834476186059
matched_coord0.5,spatial_knn,1,NEFL,0.12967730936736194,0.10803359200825809,1.0058972409452271
matched_coord0.5,spatial_knn,1,TF,0.07273422485276368,0.058373270713901526,0.7243082956401257
matched_coord0.5,spatial_knn,1,IGHG3,0.2335222827803518,0.15530522527101173,0.6173409339487677
matched_coord0.5,spatial_knn,1,CNP,0.03842906786082413,0.04133434563151512,0.9109243887977561
matched_coord0.5,spatial_knn,1,CPB1,0.3044752658292995,0.22276516044321998,0.5448779895516
matched_coord0.5,spatial_knn,1,CRYAB,0.05015578631252152,0.05648265862044721,0.9649338617699965
matched_coord0.5,spatial_knn,1,IGHA1,0.10896709761284146,0.11289662309834111,0.5780305062293831
matched_coord0.5,spatial_knn,1,KRT8,0.007158737833829957,-0.023485991939777077,0.7893462338495132
matched_coord0.5,spatial_knn,1,MUC1,0.07896662478348906,0.07816745154481715,1.0703572839949276
matched_coord0.5,spatial_knn,1,KRT19,-0.01701609234116939,-0.017589733532278048,1.063002541888006
matched_coord0.5,spatial_knn,1,IGLC2,0.0968821312206797,0.10664780603646233,0.6574852174440218
matched_coord0.5,spatial_knn,1,TFF1,0.06907281752271802,0.06377237676749105,0.9660155145983996
matched_coord0.5,spatial_knn,1,MAG,0.03905704208872206,0.03244233588052561,0.5456228583274084
matched_coord0.5,spatial_knn,1,ERMN,-0.031532052222712575,-0.031367867366952296,0.4378087898301391
matched_coord0.5,spatial_knn,1,CLDN11,-0.04236248993073904,-0.033003142030710135,0.5044757688282383
matched_coord0.5,spatial_knn,1,CLDND1,0.003443431310722722,0.006275224666182444,0.7226088798186544
matched_coord0.5,spatial_knn,1,SPP1,0.03381924089685744,0.015831366514122834,0.6275856903287914
matched_coord0.5,spatial_knn,1,PPP1R14A,0.05079412732233846,0.0409150505022909,0.629793678004606
matched_coord0.5,spatial_knn,1,S100B,0.03723504140618204,0.03718606057690102,0.9868053639053945
matched_coord0.5,spatial_knn,1,MOG,0.018407316907678,0.021052924351636013,0.341998639544725
matched_coord0.5,spatial_knn,1,MALAT1,0.09724895300234307,0.13309285492312464,1.056061622963975
matched_coord0.5,spatial_knn,1,CARNS1,-0.06285235245708734,-0.04319610737901487,0.4314851616036928
matched_coord0.5,spatial_knn,1,IGHG4,0.19978579850298986,0.14900396799274349,0.496114501698003
matched_coord0.5,spatial_knn,1,KRT18,0.02050189926101133,-0.0006526940776369527,0.752799386568825
matched_coord0.5,spatial_knn,1,BCAS1,0.02483754427722741,0.016053129855585706,0.48525302373929907
matched_coord0.5,spatial_knn,1,PTGDS,0.012053700282483384,0.013314924849574606,0.8748698695193077
matched_coord0.5,spatial_knn,1,SAA2,-0.04615050674227267,-0.0013487539008810213,0.6138456104893287
matched_coord0.5,spatial_knn,1,SEPT4,0.010550584037110223,0.007779018468781373,0.7507625390055117
matched_coord0.5,spatial_knn,1,TFF3,-0.11412826422959452,-0.1033718366504971,1.0237510811266353
matched_coord0.5,spatial_knn,1,HPCAL1,0.053997575422500756,0.052288398771052784,0.9781909405136106
matched_coord0.5,spatial_knn,1,S100A11,-0.03784161779170682,-0.04618260287436821,0.8516023376309266
matched_coord0.5,spatial_knn,1,ALB,-0.026624086425298267,-0.02838140567407483,0.13948512350484774
matched_coord0.5,spatial_knn,1,RNASE1,-0.04160334657533476,-0.03759847508029559,0.748557898498539
matched_coord0.5,spatial_knn,1,TMEM144,0.024403762464406318,0.010660116025669124,0.41687481443316354
matched_coord0.5,spatial_knn,1,ENPP2,0.015838652994360047,0.009261314162663622,0.5204776393875941
matched_coord0.5,spatial_knn,1,MAL,-0.004674542442100919,0.013380104028303181,0.5348323138003108
matched_coord0.5,spatial_knn,1,NKX6-2,0.03163492620942707,0.024139953027824002,0.3533096541038807
matched_coord0.5,spatial_knn,1,HSPA2,-0.05036407518381254,-0.029060100046667373,0.45800624416070085
matched_coord0.5,spatial_knn,1,G0S2,0.18058725013426669,0.18637854687555486,0.5746620306455806
random,mean,2,SCGB2A2,0.0,,1.5471028089523315
random,mean,2,SCGB1D2,,,1.1927071809768677
random,mean,2,MBP,0.0,,1.1954655647277832
random,mean,2,GFAP,0.0,,1.2068119049072266
random,mean,2,PLP1,0.0,,1.2776813507080078
random,mean,2,SAA1,0.0,,0.8428788781166077
random,mean,2,MGP,0.0,,1.0511066913604736
random,mean,2,IGKC,,,1.0346794128417969
random,mean,2,FABP4,0.0,,0.7671451568603516
random,mean,2,MOBP,,,0.8501794934272766
random,mean,2,HBB,0.0,,0.8111608028411865
random,mean,2,NEFL,0.0,,1.030486822128296
random,mean,2,TF,0.0,,0.9562135934829712
random,mean,2,IGHG3,0.0,,0.4998442232608795
random,mean,2,CNP,,,1.070157766342163
random,mean,2,CPB1,,,0.49271726608276367
random,mean,2,CRYAB,0.0,,1.0865229368209839
random,mean,2,IGHA1,,,0.6411355137825012
random,mean,2,KRT8,,,0.9030712842941284
random,mean,2,MUC1,0.0,,0.9642629623413086
random,mean,2,KRT19,0.0,,1.0210696458816528
random,mean,2,IGLC2,0.0,,0.696072518825531
random,mean,2,TFF1,,,0.8097177147865295
random,mean,2,MAG,,,0.7257269620895386
random,mean,2,ERMN,,,0.6234425902366638
random,mean,2,CLDN11,,,0.6773600578308105
random,mean,2,CLDND1,0.0,,0.8802571892738342
random,mean,2,SPP1,,,0.768061101436615
random,mean,2,PPP1R14A,,,0.8055452108383179
random,mean,2,S100B,,,1.0456581115722656
random,mean,2,MOG,0.0,,0.5306498408317566
random,mean,2,MALAT1,,,1.0554944276809692
random,mean,2,CARNS1,,,0.5638022422790527
random,mean,2,IGHG4,,,0.47687071561813354
random,mean,2,KRT18,,,0.8230515122413635
random,mean,2,BCAS1,0.0,,0.6551511883735657
random,mean,2,PTGDS,,,0.9381412267684937
random,mean,2,SAA2,,,0.38253146409988403
random,mean,2,SEPT4,,,0.8421509861946106
random,mean,2,TFF3,,,0.8528592586517334
random,mean,2,HPCAL1,,,0.9191534519195557
random,mean,2,S100A11,,,0.8725420236587524
random,mean,2,ALB,0.0,,0.16789770126342773
random,mean,2,RNASE1,0.0,,0.8516789078712463
random,mean,2,TMEM144,,,0.5642483234405518
random,mean,2,ENPP2,0.0,,0.6355876326560974
random,mean,2,MAL,,,0.6427193880081177
random,mean,2,NKX6-2,,,0.4922172725200653
random,mean,2,HSPA2,,,0.5949240326881409
random,mean,2,G0S2,0.0,,0.4603404700756073
random,pca_ridge,2,SCGB2A2,0.2961284664034378,0.2916714404723779,1.4777246713638306
random,pca_ridge,2,SCGB1D2,0.23162383468108216,0.22730299644257201,1.1605498790740967
random,pca_ridge,2,MBP,0.5091573960616467,0.4049891498692316,1.0288739204406738
random,pca_ridge,2,GFAP,0.48923070160803594,0.4382219045001924,1.052717685699463
random,pca_ridge,2,PLP1,0.5103295277702948,0.3931343306986602,1.0988383293151855
random,pca_ridge,2,SAA1,0.11851858142458248,0.09773255718775699,0.8373342752456665
random,pca_ridge,2,MGP,0.16161077059709378,0.14609531641988593,1.0373175144195557
random,pca_ridge,2,IGKC,0.06468877431346616,0.03855998469885033,1.033339023590088
random,pca_ridge,2,FABP4,0.1359660620634025,0.10695860544566219,0.7600507140159607
random,pca_ridge,2,MOBP,0.4624938861147406,0.28198402278567014,0.7540475726127625
random,pca_ridge,2,HBB,0.09866529270940808,0.11844834233665073,0.807208240032196
random,pca_ridge,2,NEFL,0.47593456960306585,0.4076202040144431,0.9063234925270081
random,pca_ridge,2,TF,0.46378772656975537,0.3072135635898068,0.847274899482727
random,pca_ridge,2,IGHG3,0.03189791768580716,0.03469410916193045,0.4998333752155304
random,pca_ridge,2,CNP,0.4448147616351882,0.31260407781886473,0.9585034251213074
random,pca_ridge,2,CPB1,0.096194734457416,0.09870201831013238,0.49043384194374084
random,pca_ridge,2,CRYAB,0.4228101946386693,0.32075152485458575,0.9846186637878418
random,pca_ridge,2,IGHA1,0.07480459000877386,0.06196356321529541,0.6395280957221985
random,pca_ridge,2,KRT8,0.26005604676964245,0.19403391026708344,0.8721203207969666
random,pca_ridge,2,MUC1,0.22743669524532562,0.20936406996508786,0.9390449523925781
random,pca_ridge,2,KRT19,0.20895418631676238,0.18570383291987982,0.9987691044807434
random,pca_ridge,2,IGLC2,0.07544215149748926,0.05069229274630526,0.6941577196121216
random,pca_ridge,2,TFF1,0.1356695077742992,0.1469415019313434,0.802446722984314
random,pca_ridge,2,MAG,0.45065507848919173,0.29116027674602485,0.6478685140609741
random,pca_ridge,2,ERMN,0.4297148348992245,0.27883716234475014,0.5631027817726135
random,pca_ridge,2,CLDN11,0.4446284397655638,0.29581452723138296,0.6067493557929993
random,pca_ridge,2,CLDND1,0.4258993467685218,0.3123351434116043,0.7964198589324951
random,pca_ridge,2,SPP1,0.4416841909753605,0.3062315102005661,0.6890978217124939
random,pca_ridge,2,PPP1R14A,0.4290536542263834,0.282145961795355,0.727666437625885
random,pca_ridge,2,S100B,0.3578515087577697,0.31053442795623676,0.9765260815620422
random,pca_ridge,2,MOG,0.4034017410740098,0.24676093968040036,0.48584431409835815
random,pca_ridge,2,MALAT1,0.18112898983964,0.21327866791771358,1.0387094020843506
random,pca_ridge,2,CARNS1,0.3997529890360736,0.25561312618222826,0.5171600580215454
random,pca_ridge,2,IGHG4,0.028636945229849407,0.03323619899051275,0.4769532084465027
random,pca_ridge,2,KRT18,0.2429174394086234,0.19008396464292995,0.798427402973175
random,pca_ridge,2,BCAS1,0.35385795973671363,0.24048271571104132,0.6128377318382263
random,pca_ridge,2,PTGDS,0.3120411377645831,0.27981803470342653,0.8915296196937561
random,pca_ridge,2,SAA2,0.06643241469658953,0.0646228542972984,0.3818659782409668
random,pca_ridge,2,SEPT4,0.3522114763052354,0.2714049824278222,0.7882283926010132
random,pca_ridge,2,TFF3,0.17906652087854913,0.16690185877086414,0.8391441106796265
random,pca_ridge,2,HPCAL1,0.23829138099832434,0.24124987020654548,0.892684817314148
random,pca_ridge,2,S100A11,0.26872123534166625,0.20161692757557173,0.8404317498207092
random,pca_ridge,2,ALB,0.016374401296425603,0.02265987315423651,0.16804148256778717
random,pca_ridge,2,RNASE1,0.3713649085537637,0.2512962137255946,0.7907841205596924
random,pca_ridge,2,TMEM144,0.39685320507795263,0.2641214194418401,0.5179148316383362
random,pca_ridge,2,ENPP2,0.3971788970454288,0.2659556843056629,0.5833204984664917
random,pca_ridge,2,MAL,0.32532132650796286,0.21920170621235982,0.6086838841438293
random,pca_ridge,2,NKX6-2,0.3761958290000287,0.2269305155749308,0.456117182970047
random,pca_ridge,2,HSPA2,0.3596501813532129,0.22075246213979519,0.5552091598510742
random,pca_ridge,2,G0S2,0.09557221326537889,0.07735563146140782,0.4582929313182831
random,spatial_knn,2,SCGB2A2,0.717391225371175,0.7102599029479358,1.0817052253860844
random,spatial_knn,2,SCGB1D2,0.5918467508986733,0.5896027408094694,0.9686547737034461
random,spatial_knn,2,MBP,0.4855987012483213,0.44646461956617634,1.0589732246803072
random,spatial_knn,2,GFAP,0.22756719340349438,0.20140501781990836,1.2061811239516953
random,spatial_knn,2,PLP1,0.4678173592651005,0.39836667507057694,1.1415293702538243
random,spatial_knn,2,SAA1,0.5275113891661838,0.4746236874571905,0.7211527310262918
random,spatial_knn,2,MGP,0.4159589330780531,0.3799151275374558,0.9691058623939114
random,spatial_knn,2,IGKC,0.3115208421027271,0.3081836651281315,1.0123276558487115
random,spatial_knn,2,FABP4,0.45389321498853286,0.4035532522500641,0.6908981017658457
random,spatial_knn,2,MOBP,0.4049606537574033,0.2889128788438483,0.7884590177215436
random,spatial_knn,2,HBB,0.3394347238966806,0.25904499989174706,0.7777805769338808
random,spatial_knn,2,NEFL,0.18621698538130388,0.16248336925541706,1.0404332645675236
random,spatial_knn,2,TF,0.36613460603665526,0.2738862457503831,0.9023251429598782
random,spatial_knn,2,IGHG3,0.2877422300692897,0.18769867530504744,0.492235076030808
random,spatial_knn,2,CNP,0.34268537611340416,0.2664318031653976,1.02206157034402
random,spatial_knn,2,CPB1,0.37057609777404255,0.32696388627492917,0.463647140329144
random,spatial_knn,2,CRYAB,0.3007861498771869,0.23811635787159482,1.0579504467318726
random,spatial_knn,2,IGHA1,0.25884240216653265,0.26024110479512497,0.6378843130937016
random,spatial_knn,2,KRT8,0.3357730153825048,0.31588713761783976,0.8653440212178352
random,spatial_knn,2,MUC1,0.32840544323640064,0.33345430150558886,0.9260748497606072
random,spatial_knn,2,KRT19,0.30769013103681975,0.30722440584377686,0.988687050131349
random,spatial_knn,2,IGLC2,0.24046522708036333,0.23010940579277572,0.6971487431912996
random,spatial_knn,2,TFF1,0.32309979806374367,0.32730975477264884,0.7818005389880337
random,spatial_knn,2,MAG,0.296929277870139,0.21259467241260788,0.7090957864435683
random,spatial_knn,2,ERMN,0.31695693206804504,0.23640752539063994,0.6033351553735591
random,spatial_knn,2,CLDN11,0.28350826023482045,0.19705780367361753,0.664218445841441
random,spatial_knn,2,CLDND1,0.27994670122242243,0.21021362886322806,0.8642458634608363
random,spatial_knn,2,SPP1,0.2830304444913784,0.20124679059344988,0.7550329641277818
random,spatial_knn,2,PPP1R14A,0.27349862716391804,0.189728522691785,0.7942696312338925
random,spatial_knn,2,S100B,0.1356098342655233,0.1139398500327893,1.0748692475873423
random,spatial_knn,2,MOG,0.27416879998668475,0.19585681747770414,0.5214430535776071
random,spatial_knn,2,MALAT1,0.18851440105584188,0.17739152712486345,1.065488486979682
random,spatial_knn,2,CARNS1,0.24476007704832015,0.1708963411047801,0.5618236598845202
random,spatial_knn,2,IGHG4,0.1802299026527213,0.14872965164922108,0.4899944517881497
random,spatial_knn,2,KRT18,0.2605545808680356,0.2536032725465312,0.8123887167254589
random,spatial_knn,2,BCAS1,0.22063662071730455,0.16290887033596418,0.6606273245432962
random,spatial_knn,2,PTGDS,0.09714579957629425,0.10910716852306884,0.9730393787516204
random,spatial_knn,2,SAA2,0.24288728525564957,0.26443662708992566,0.3809119824481938
random,spatial_knn,2,SEPT4,0.22637258803850419,0.17975064067798172,0.8433808575680214
random,spatial_knn,2,TFF3,0.2371473670316817,0.25205379897083097,0.8491218354051152
random,spatial_knn,2,HPCAL1,0.1051130481682852,0.10763105525650317,0.9533937037610699
random,spatial_knn,2,S100A11,0.2511815342994206,0.22081538775972506,0.8661732400091106
random,spatial_knn,2,ALB,0.2574930958550449,0.1650938657337224,0.1649098906300116
random,spatial_knn,2,RNASE1,0.20556805641880238,0.14965063254004357,0.8591738668553598
random,spatial_knn,2,TMEM144,0.22363602123456405,0.1757990620454554,0.5651137439301132
random,spatial_knn,2,ENPP2,0.23764949478821884,0.1594332646554323,0.6358395913221582
random,spatial_knn,2,MAL,0.206047643668621,0.16776333435206237,0.6499715412909964
random,spatial_knn,2,NKX6-2,0.20225222940669754,0.16384652748441342,0.4962032600266195
random,spatial_knn,2,HSPA2,0.2153378548161538,0.14603266774963647,0.5983689082791509
random,spatial_knn,2,G0S2,0.22416112906148516,0.2282880530238981,0.4611246817540075
matched_hop0,mean,2,SCGB2A2,,,1.8303215503692627
matched_hop0,mean,2,SCGB1D2,0.0,,1.4025323390960693
matched_hop0,mean,2,MBP,0.0,,1.2161623239517212
matched_hop0,mean,2,GFAP,,,1.2538398504257202
matched_hop0,mean,2,PLP1,,,1.2972012758255005
matched_hop0,mean,2,SAA1,,,0.8156663179397583
matched_hop0,mean,2,MGP,,,1.1421955823898315
matched_hop0,mean,2,IGKC,,,1.0290876626968384
matched_hop0,mean,2,FABP4,,,0.692505955696106
matched_hop0,mean,2,MOBP,,,0.861838698387146
matched_hop0,mean,2,HBB,,,0.8596293926239014
matched_hop0,mean,2,NEFL,,,1.0693084001541138
matched_hop0,mean,2,TF,0.0,,0.9663010835647583
matched_hop0,mean,2,IGHG3,,,0.381303608417511
matched_hop0,mean,2,CNP,0.0,,1.0911567211151123
matched_hop0,mean,2,CPB1,,,0.31987541913986206
matched_hop0,mean,2,CRYAB,0.0,,1.119158148765564
matched_hop0,mean,2,IGHA1,,,0.7477021813392639
matched_hop0,mean,2,KRT8,,,0.9364780783653259
matched_hop0,mean,2,MUC1,,,0.998070240020752
matched_hop0,mean,2,KRT19,0.0,,1.0426346063613892
matched_hop0,mean,2,IGLC2,0.0,,0.7020143866539001
matched_hop0,mean,2,TFF1,,,0.8073089718818665
matched_hop0,mean,2,MAG,,,0.7397215366363525
matched_hop0,mean,2,ERMN,,,0.6202026605606079
matched_hop0,mean,2,CLDN11,,,0.6780166029930115
matched_hop0,mean,2,CLDND1,0.0,,0.9005054831504822
matched_hop0,mean,2,SPP1,,,0.7930356860160828
matched_hop0,mean,2,PPP1R14A,,,0.8124641180038452
matched_hop0,mean,2,S100B,,,1.0854840278625488
matched_hop0,mean,2,MOG,0.0,,0.5285449624061584
matched_hop0,mean,2,MALAT1,,,1.0994551181793213
matched_hop0,mean,2,CARNS1,,,0.5647571682929993
matched_hop0,mean,2,IGHG4,,,0.3792537450790405
matched_hop0,mean,2,KRT18,,,0.8370165228843689
matched_hop0,mean,2,BCAS1,,,0.6900399327278137
matched_hop0,mean,2,PTGDS,,,1.005098819732666
matched_hop0,mean,2,SAA2,,,0.36326950788497925
matched_hop0,mean,2,SEPT4,0.0,,0.8602162599563599
matched_hop0,mean,2,TFF3,,,0.8558735847473145
matched_hop0,mean,2,HPCAL1,,,0.9389869570732117
matched_hop0,mean,2,S100A11,,,0.9418619871139526
matched_hop0,mean,2,ALB,,,0.27894559502601624
matched_hop0,mean,2,RNASE1,0.0,,0.8653433322906494
matched_hop0,mean,2,TMEM144,,,0.5691818594932556
matched_hop0,mean,2,ENPP2,,,0.65111243724823
matched_hop0,mean,2,MAL,,,0.6492317914962769
matched_hop0,mean,2,NKX6-2,,,0.4716479778289795
matched_hop0,mean,2,HSPA2,0.0,,0.5893785357475281
matched_hop0,mean,2,G0S2,0.0,,0.3980262279510498
matched_hop0,pca_ridge,2,SCGB2A2,0.39083856132218203,0.3846853403700361,1.727178931236267
matched_hop0,pca_ridge,2,SCGB1D2,0.3262438954769345,0.31317939615048535,1.350572943687439
matched_hop0,pca_ridge,2,MBP,0.4542875544738003,0.4341118851724834,1.0887962579727173
matched_hop0,pca_ridge,2,GFAP,0.4281484721848246,0.44090116828539433,1.1340917348861694
matched_hop0,pca_ridge,2,PLP1,0.47444303431361606,0.4191270892025613,1.1451900005340576
matched_hop0,pca_ridge,2,SAA1,0.019184090935581783,-0.0101652987629478,0.827658474445343
matched_hop0,pca_ridge,2,MGP,0.09940880754641603,0.08250757731376504,1.1423306465148926
matched_hop0,pca_ridge,2,IGKC,0.0807027241841213,0.05333187852507852,1.0260189771652222
matched_hop0,pca_ridge,2,FABP4,0.02959432036822805,0.0023105971882867804,0.7015125751495361
matched_hop0,pca_ridge,2,MOBP,0.3942774306812802,0.2976280645119981,0.7967462539672852
matched_hop0,pca_ridge,2,HBB,0.06506047653756275,0.05125570318979828,0.858059823513031
matched_hop0,pca_ridge,2,NEFL,0.4684995705864754,0.406381764938199,0.9447121620178223
matched_hop0,pca_ridge,2,TF,0.40338254938709095,0.3145045816352923,0.8880016803741455
matched_hop0,pca_ridge,2,IGHG3,0.023959218676046005,0.02815908483611643,0.38252291083335876
matched_hop0,pca_ridge,2,CNP,0.3851165009345968,0.30619955856841985,1.0101779699325562
matched_hop0,pca_ridge,2,CPB1,0.03648772494412986,0.04194330205498773,0.3254374861717224
matched_hop0,pca_ridge,2,CRYAB,0.3597822365237089,0.30370712479946965,1.0460618734359741
matched_hop0,pca_ridge,2,IGHA1,0.07938636075166317,0.05587908276572952,0.7457290291786194
matched_hop0,pca_ridge,2,KRT8,0.28933361261731866,0.23337118964344664,0.8971408009529114
matched_hop0,pca_ridge,2,MUC1,0.2795281418567986,0.2552004517165533,0.9612388014793396
matched_hop0,pca_ridge,2,KRT19,0.23812166742651947,0.20339485177898897,1.0136456489562988
matched_hop0,pca_ridge,2,IGLC2,0.05801900234484345,0.03283825105160153,0.7012158036231995
matched_hop0,pca_ridge,2,TFF1,0.11606943566255142,0.09891769181027399,0.8019371628761292
matched_hop0,pca_ridge,2,MAG,0.36429584149619887,0.271634334915452,0.6923882365226746
matched_hop0,pca_ridge,2,ERMN,0.3447553649516782,0.25407365253534925,0.5865663290023804
matched_hop0,pca_ridge,2,CLDN11,0.35485695260219174,0.266421307625003,0.6370068788528442
matched_hop0,pca_ridge,2,CLDND1,0.3493224336506599,0.27542256237726376,0.8465828895568848
matched_hop0,pca_ridge,2,SPP1,0.36510320593238527,0.2787855325571186,0.7412852048873901
matched_hop0,pca_ridge,2,PPP1R14A,0.34772099662974576,0.26600136517224165,0.7637187242507935
matched_hop0,pca_ridge,2,S100B,0.26882717914201787,0.26550866172158333,1.0478858947753906
matched_hop0,pca_ridge,2,MOG,0.332640156322256,0.24733099166004996,0.5015465021133423
matched_hop0,pca_ridge,2,MALAT1,0.1587470034626118,0.20168381433057495,1.0862746238708496
matched_hop0,pca_ridge,2,CARNS1,0.33982239204314957,0.2498763165741111,0.5338674187660217
matched_hop0,pca_ridge,2,IGHG4,0.04154879345612687,0.04414242025372966,0.3793550133705139
matched_hop0,pca_ridge,2,KRT18,0.23291485660091787,0.20049065335907015,0.813817024230957
matched_hop0,pca_ridge,2,BCAS1,0.283769764943371,0.22977202294766644,0.6640268564224243
matched_hop0,pca_ridge,2,PTGDS,0.25664757140454664,0.27534480717916904,0.9709153175354004
matched_hop0,pca_ridge,2,SAA2,0.025197262126324876,0.013514756409587872,0.3648218810558319
matched_hop0,pca_ridge,2,SEPT4,0.3046462314269158,0.2658196796624257,0.8204955458641052
matched_hop0,pca_ridge,2,TFF3,0.16011082242209868,0.15116666072896684,0.8440107703208923
matched_hop0,pca_ridge,2,HPCAL1,0.21684148288221589,0.21340962671802768,0.9162757396697998
matched_hop0,pca_ridge,2,S100A11,0.27571470076612886,0.22947854575400178,0.9061673283576965
matched_hop0,pca_ridge,2,ALB,0.01946717816346213,0.024048809673162943,0.27892011404037476
matched_hop0,pca_ridge,2,RNASE1,0.31338079385393913,0.25185011814598945,0.8224727511405945
matched_hop0,pca_ridge,2,TMEM144,0.3152147262534941,0.24138516503299612,0.5423641800880432
matched_hop0,pca_ridge,2,ENPP2,0.32160936358566133,0.24914962461906637,0.6181806325912476
matched_hop0,pca_ridge,2,MAL,0.29979388665267387,0.23092898402732462,0.6208443641662598
matched_hop0,pca_ridge,2,NKX6-2,0.2862826097273992,0.21441451047647173,0.45484352111816406
matched_hop0,pca_ridge,2,HSPA2,0.2785101304539354,0.21435381534809791,0.5698180794715881
matched_hop0,pca_ridge,2,G0S2,0.027129588852674816,0.007423584643954601,0.4009675085544586
matched_hop0,spatial_knn,2,SCGB2A2,0.7600645357829893,0.714665445231426,1.2195266700718008
matched_hop0,spatial_knn,2,SCGB1D2,0.5910948121255682,0.6194606156105376,1.1696966149049206
matched_hop0,spatial_knn,2,MBP,0.46703586676356645,0.505096955918324,1.1375599292980596
matched_hop0,spatial_knn,2,GFAP,0.17735996606668952,0.1974653676863465,1.2843479410567296
matched_hop0,spatial_knn,2,PLP1,0.4328216743671743,0.4302310699586144,1.2185566912837835
matched_hop0,spatial_knn,2,SAA1,0.3647551145342522,0.2455866966023474,0.7716793149419587
matched_hop0,spatial_knn,2,MGP,0.23451755125566418,0.24383995255529084,1.1836871357483307
matched_hop0,spatial_knn,2,IGKC,0.20855270268373152,0.22220145180171474,1.0421743225434614
matched_hop0,spatial_knn,2,FABP4,0.2954065662969901,0.22929429727770115,0.659660413633095
matched_hop0,spatial_knn,2,MOBP,0.3193074320168116,0.28573048898029785,0.8739331324256745
matched_hop0,spatial_knn,2,HBB,0.2762175769508504,0.21352594558817936,0.8404746095188336
matched_hop0,spatial_knn,2,NEFL,0.1641953545490764,0.16364354267420436,1.089342064106336
matched_hop0,spatial_knn,2,TF,0.2898070905709631,0.26799285985499677,0.999597021643345
matched_hop0,spatial_knn,2,IGHG3,0.11464632668482892,0.09469274665391347,0.37747211397838937
matched_hop0,spatial_knn,2,CNP,0.2693687349610987,0.24815109727187565,1.0918955827043841
matched_hop0,spatial_knn,2,CPB1,0.1444175477396036,0.12845048902617798,0.2957170984329348
matched_hop0,spatial_knn,2,CRYAB,0.23362783261597656,0.23308886387629457,1.1565053948130133
matched_hop0,spatial_knn,2,IGHA1,0.2096250568184756,0.2464208803607434,0.7371399199578212
matched_hop0,spatial_knn,2,KRT8,0.32881562019354027,0.22690198417236387,0.9215326707831376
matched_hop0,spatial_knn,2,MUC1,0.36754916537050963,0.3793551070708019,0.9332480169710861
matched_hop0,spatial_knn,2,KRT19,0.23820079047901216,0.2118604694609869,1.029549903048164
matched_hop0,spatial_knn,2,IGLC2,0.11670147784012827,0.1566715905638714,0.7224076769903577
matched_hop0,spatial_knn,2,TFF1,0.2704715498610101,0.2850572915129798,0.793089803834133
matched_hop0,spatial_knn,2,MAG,0.2606459756509765,0.23135370871650413,0.7507652167593646
matched_hop0,spatial_knn,2,ERMN,0.19108256568465729,0.1917416619935613,0.6815828365766221
matched_hop0,spatial_knn,2,CLDN11,0.19762553968034532,0.1933061452419344,0.716091305673279
matched_hop0,spatial_knn,2,CLDND1,0.20400908906207324,0.19434993569181805,0.9116353706340613
matched_hop0,spatial_knn,2,SPP1,0.22414395957637578,0.2107352811416781,0.8074577744932667
matched_hop0,spatial_knn,2,PPP1R14A,0.22603650844514478,0.1987120122134552,0.8740344544301079
matched_hop0,spatial_knn,2,S100B,0.08059041715343489,0.1053853945405723,1.1389243977524361
matched_hop0,spatial_knn,2,MOG,0.19303117805557646,0.17836899559482672,0.5526311410765772
matched_hop0,spatial_knn,2,MALAT1,0.17004330745367882,0.1758396338315389,1.129252664774039
matched_hop0,spatial_knn,2,CARNS1,0.16396873360490963,0.16023507089818864,0.5859337614122274
matched_hop0,spatial_knn,2,IGHG4,0.04979522635468186,0.054982322051887494,0.3811959705023844
matched_hop0,spatial_knn,2,KRT18,0.2696334467339941,0.17920040378612165,0.8411970142855671
matched_hop0,spatial_knn,2,BCAS1,0.20478630761877592,0.19506293375980602,0.7213155129973331
matched_hop0,spatial_knn,2,PTGDS,0.04727165725238925,0.02965678945184872,1.0186736173600932
matched_hop0,spatial_knn,2,SAA2,0.2583345497620688,0.19571961475693103,0.3582548243114563
matched_hop0,spatial_knn,2,SEPT4,0.14951419909454153,0.14186338488957295,0.9301481826854339
matched_hop0,spatial_knn,2,TFF3,0.20855901471081983,0.23568246410500512,0.8503434834720545
matched_hop0,spatial_knn,2,HPCAL1,0.15103744570133906,0.14739683873371467,0.9828616246079743
matched_hop0,spatial_knn,2,S100A11,0.32580029844158837,0.25016772427050654,0.9088082839293016
matched_hop0,spatial_knn,2,ALB,0.25925787911081427,0.27234118330134033,0.27117961495064963
matched_hop0,spatial_knn,2,RNASE1,0.18569424404487578,0.17809282108123606,0.8897098376267334
matched_hop0,spatial_knn,2,TMEM144,0.15249495042944103,0.14018558626905736,0.5778542637923167
matched_hop0,spatial_knn,2,ENPP2,0.20732755967097422,0.18581424758780193,0.6445345115264749
matched_hop0,spatial_knn,2,MAL,0.19425437710815022,0.17824462619033743,0.651259704771354
matched_hop0,spatial_knn,2,NKX6-2,0.17270937064245562,0.15932183255811289,0.4833893570703271
matched_hop0,spatial_knn,2,HSPA2,0.1386492725708985,0.12633098225872977,0.6121507557690401
matched_hop0,spatial_knn,2,G0S2,0.1397484296372131,0.11432336268153635,0.39683925627195776
matched_hop1,mean,2,SCGB2A2,,,1.8303215503692627
matched_hop1,mean,2,SCGB1D2,0.0,,1.4025323390960693
matched_hop1,mean,2,MBP,0.0,,1.2161623239517212
matched_hop1,mean,2,GFAP,,,1.2538398504257202
matched_hop1,mean,2,PLP1,,,1.2972012758255005
matched_hop1,mean,2,SAA1,,,0.8156663179397583
matched_hop1,mean,2,MGP,,,1.1421955823898315
matched_hop1,mean,2,IGKC,,,1.0290876626968384
matched_hop1,mean,2,FABP4,,,0.692505955696106
matched_hop1,mean,2,MOBP,,,0.861838698387146
matched_hop1,mean,2,HBB,,,0.8596293926239014
matched_hop1,mean,2,NEFL,,,1.0693084001541138
matched_hop1,mean,2,TF,0.0,,0.9663010835647583
matched_hop1,mean,2,IGHG3,,,0.381303608417511
matched_hop1,mean,2,CNP,0.0,,1.0911567211151123
matched_hop1,mean,2,CPB1,,,0.31987541913986206
matched_hop1,mean,2,CRYAB,0.0,,1.119158148765564
matched_hop1,mean,2,IGHA1,,,0.7477021813392639
matched_hop1,mean,2,KRT8,,,0.9364780783653259
matched_hop1,mean,2,MUC1,,,0.998070240020752
matched_hop1,mean,2,KRT19,0.0,,1.0426346063613892
matched_hop1,mean,2,IGLC2,0.0,,0.7020143866539001
matched_hop1,mean,2,TFF1,,,0.8073089718818665
matched_hop1,mean,2,MAG,,,0.7397215366363525
matched_hop1,mean,2,ERMN,,,0.6202026605606079
matched_hop1,mean,2,CLDN11,,,0.6780166029930115
matched_hop1,mean,2,CLDND1,0.0,,0.9005054831504822
matched_hop1,mean,2,SPP1,,,0.7930356860160828
matched_hop1,mean,2,PPP1R14A,,,0.8124641180038452
matched_hop1,mean,2,S100B,,,1.0854840278625488
matched_hop1,mean,2,MOG,0.0,,0.5285449624061584
matched_hop1,mean,2,MALAT1,,,1.0994551181793213
matched_hop1,mean,2,CARNS1,,,0.5647571682929993
matched_hop1,mean,2,IGHG4,,,0.3792537450790405
matched_hop1,mean,2,KRT18,,,0.8370165228843689
matched_hop1,mean,2,BCAS1,,,0.6900399327278137
matched_hop1,mean,2,PTGDS,,,1.005098819732666
matched_hop1,mean,2,SAA2,,,0.36326950788497925
matched_hop1,mean,2,SEPT4,0.0,,0.8602162599563599
matched_hop1,mean,2,TFF3,,,0.8558735847473145
matched_hop1,mean,2,HPCAL1,,,0.9389869570732117
matched_hop1,mean,2,S100A11,,,0.9418619871139526
matched_hop1,mean,2,ALB,,,0.27894559502601624
matched_hop1,mean,2,RNASE1,0.0,,0.8653433322906494
matched_hop1,mean,2,TMEM144,,,0.5691818594932556
matched_hop1,mean,2,ENPP2,,,0.65111243724823
matched_hop1,mean,2,MAL,,,0.6492317914962769
matched_hop1,mean,2,NKX6-2,,,0.4716479778289795
matched_hop1,mean,2,HSPA2,0.0,,0.5893785357475281
matched_hop1,mean,2,G0S2,0.0,,0.3980262279510498
matched_hop1,pca_ridge,2,SCGB2A2,0.39083856132218203,0.3846853403700361,1.727178931236267
matched_hop1,pca_ridge,2,SCGB1D2,0.3262438954769345,0.31317939615048535,1.350572943687439
matched_hop1,pca_ridge,2,MBP,0.4542875544738003,0.4341118851724834,1.0887962579727173
matched_hop1,pca_ridge,2,GFAP,0.4281484721848246,0.44090116828539433,1.1340917348861694
matched_hop1,pca_ridge,2,PLP1,0.47444303431361606,0.4191270892025613,1.1451900005340576
matched_hop1,pca_ridge,2,SAA1,0.019184090935581783,-0.0101652987629478,0.827658474445343
matched_hop1,pca_ridge,2,MGP,0.09940880754641603,0.08250757731376504,1.1423306465148926
matched_hop1,pca_ridge,2,IGKC,0.0807027241841213,0.05333187852507852,1.0260189771652222
matched_hop1,pca_ridge,2,FABP4,0.02959432036822805,0.0023105971882867804,0.7015125751495361
matched_hop1,pca_ridge,2,MOBP,0.3942774306812802,0.2976280645119981,0.7967462539672852
matched_hop1,pca_ridge,2,HBB,0.06506047653756275,0.05125570318979828,0.858059823513031
matched_hop1,pca_ridge,2,NEFL,0.4684995705864754,0.406381764938199,0.9447121620178223
matched_hop1,pca_ridge,2,TF,0.40338254938709095,0.3145045816352923,0.8880016803741455
matched_hop1,pca_ridge,2,IGHG3,0.023959218676046005,0.02815908483611643,0.38252291083335876
matched_hop1,pca_ridge,2,CNP,0.3851165009345968,0.30619955856841985,1.0101779699325562
matched_hop1,pca_ridge,2,CPB1,0.03648772494412986,0.04194330205498773,0.3254374861717224
matched_hop1,pca_ridge,2,CRYAB,0.3597822365237089,0.30370712479946965,1.0460618734359741
matched_hop1,pca_ridge,2,IGHA1,0.07938636075166317,0.05587908276572952,0.7457290291786194
matched_hop1,pca_ridge,2,KRT8,0.28933361261731866,0.23337118964344664,0.8971408009529114
matched_hop1,pca_ridge,2,MUC1,0.2795281418567986,0.2552004517165533,0.9612388014793396
matched_hop1,pca_ridge,2,KRT19,0.23812166742651947,0.20339485177898897,1.0136456489562988
matched_hop1,pca_ridge,2,IGLC2,0.05801900234484345,0.03283825105160153,0.7012158036231995
matched_hop1,pca_ridge,2,TFF1,0.11606943566255142,0.09891769181027399,0.8019371628761292
matched_hop1,pca_ridge,2,MAG,0.36429584149619887,0.271634334915452,0.6923882365226746
matched_hop1,pca_ridge,2,ERMN,0.3447553649516782,0.25407365253534925,0.5865663290023804
matched_hop1,pca_ridge,2,CLDN11,0.35485695260219174,0.266421307625003,0.6370068788528442
matched_hop1,pca_ridge,2,CLDND1,0.3493224336506599,0.27542256237726376,0.8465828895568848
matched_hop1,pca_ridge,2,SPP1,0.36510320593238527,0.2787855325571186,0.7412852048873901
matched_hop1,pca_ridge,2,PPP1R14A,0.34772099662974576,0.26600136517224165,0.7637187242507935
matched_hop1,pca_ridge,2,S100B,0.26882717914201787,0.26550866172158333,1.0478858947753906
matched_hop1,pca_ridge,2,MOG,0.332640156322256,0.24733099166004996,0.5015465021133423
matched_hop1,pca_ridge,2,MALAT1,0.1587470034626118,0.20168381433057495,1.0862746238708496
matched_hop1,pca_ridge,2,CARNS1,0.33982239204314957,0.2498763165741111,0.5338674187660217
matched_hop1,pca_ridge,2,IGHG4,0.04154879345612687,0.04414242025372966,0.3793550133705139
matched_hop1,pca_ridge,2,KRT18,0.23291485660091787,0.20049065335907015,0.813817024230957
matched_hop1,pca_ridge,2,BCAS1,0.283769764943371,0.22977202294766644,0.6640268564224243
matched_hop1,pca_ridge,2,PTGDS,0.25664757140454664,0.27534480717916904,0.9709153175354004
matched_hop1,pca_ridge,2,SAA2,0.025197262126324876,0.013514756409587872,0.3648218810558319
matched_hop1,pca_ridge,2,SEPT4,0.3046462314269158,0.2658196796624257,0.8204955458641052
matched_hop1,pca_ridge,2,TFF3,0.16011082242209868,0.15116666072896684,0.8440107703208923
matched_hop1,pca_ridge,2,HPCAL1,0.21684148288221589,0.21340962671802768,0.9162757396697998
matched_hop1,pca_ridge,2,S100A11,0.27571470076612886,0.22947854575400178,0.9061673283576965
matched_hop1,pca_ridge,2,ALB,0.01946717816346213,0.024048809673162943,0.27892011404037476
matched_hop1,pca_ridge,2,RNASE1,0.31338079385393913,0.25185011814598945,0.8224727511405945
matched_hop1,pca_ridge,2,TMEM144,0.3152147262534941,0.24138516503299612,0.5423641800880432
matched_hop1,pca_ridge,2,ENPP2,0.32160936358566133,0.24914962461906637,0.6181806325912476
matched_hop1,pca_ridge,2,MAL,0.29979388665267387,0.23092898402732462,0.6208443641662598
matched_hop1,pca_ridge,2,NKX6-2,0.2862826097273992,0.21441451047647173,0.45484352111816406
matched_hop1,pca_ridge,2,HSPA2,0.2785101304539354,0.21435381534809791,0.5698180794715881
matched_hop1,pca_ridge,2,G0S2,0.027129588852674816,0.007423584643954601,0.4009675085544586
matched_hop1,spatial_knn,2,SCGB2A2,0.7600645357829893,0.714665445231426,1.2195266700718008
matched_hop1,spatial_knn,2,SCGB1D2,0.5910948121255682,0.6194606156105376,1.1696966149049206
matched_hop1,spatial_knn,2,MBP,0.46703586676356645,0.505096955918324,1.1375599292980596
matched_hop1,spatial_knn,2,GFAP,0.17735996606668952,0.1974653676863465,1.2843479410567296
matched_hop1,spatial_knn,2,PLP1,0.4328216743671743,0.4302310699586144,1.2185566912837835
matched_hop1,spatial_knn,2,SAA1,0.3647551145342522,0.2455866966023474,0.7716793149419587
matched_hop1,spatial_knn,2,MGP,0.23451755125566418,0.24383995255529084,1.1836871357483307
matched_hop1,spatial_knn,2,IGKC,0.20855270268373152,0.22220145180171474,1.0421743225434614
matched_hop1,spatial_knn,2,FABP4,0.2954065662969901,0.22929429727770115,0.659660413633095
matched_hop1,spatial_knn,2,MOBP,0.3193074320168116,0.28573048898029785,0.8739331324256745
matched_hop1,spatial_knn,2,HBB,0.2762175769508504,0.21352594558817936,0.8404746095188336
matched_hop1,spatial_knn,2,NEFL,0.1641953545490764,0.16364354267420436,1.089342064106336
matched_hop1,spatial_knn,2,TF,0.2898070905709631,0.26799285985499677,0.999597021643345
matched_hop1,spatial_knn,2,IGHG3,0.11464632668482892,0.09469274665391347,0.37747211397838937
matched_hop1,spatial_knn,2,CNP,0.2693687349610987,0.24815109727187565,1.0918955827043841
matched_hop1,spatial_knn,2,CPB1,0.1444175477396036,0.12845048902617798,0.2957170984329348
matched_hop1,spatial_knn,2,CRYAB,0.23362783261597656,0.23308886387629457,1.1565053948130133
matched_hop1,spatial_knn,2,IGHA1,0.2096250568184756,0.2464208803607434,0.7371399199578212
matched_hop1,spatial_knn,2,KRT8,0.32881562019354027,0.22690198417236387,0.9215326707831376
matched_hop1,spatial_knn,2,MUC1,0.36754916537050963,0.3793551070708019,0.9332480169710861
matched_hop1,spatial_knn,2,KRT19,0.23820079047901216,0.2118604694609869,1.029549903048164
matched_hop1,spatial_knn,2,IGLC2,0.11670147784012827,0.1566715905638714,0.7224076769903577
matched_hop1,spatial_knn,2,TFF1,0.2704715498610101,0.2850572915129798,0.793089803834133
matched_hop1,spatial_knn,2,MAG,0.2606459756509765,0.23135370871650413,0.7507652167593646
matched_hop1,spatial_knn,2,ERMN,0.19108256568465729,0.1917416619935613,0.6815828365766221
matched_hop1,spatial_knn,2,CLDN11,0.19762553968034532,0.1933061452419344,0.716091305673279
matched_hop1,spatial_knn,2,CLDND1,0.20400908906207324,0.19434993569181805,0.9116353706340613
matched_hop1,spatial_knn,2,SPP1,0.22414395957637578,0.2107352811416781,0.8074577744932667
matched_hop1,spatial_knn,2,PPP1R14A,0.22603650844514478,0.1987120122134552,0.8740344544301079
matched_hop1,spatial_knn,2,S100B,0.08059041715343489,0.1053853945405723,1.1389243977524361
matched_hop1,spatial_knn,2,MOG,0.19303117805557646,0.17836899559482672,0.5526311410765772
matched_hop1,spatial_knn,2,MALAT1,0.17004330745367882,0.1758396338315389,1.129252664774039
matched_hop1,spatial_knn,2,CARNS1,0.16396873360490963,0.16023507089818864,0.5859337614122274
matched_hop1,spatial_knn,2,IGHG4,0.04979522635468186,0.054982322051887494,0.3811959705023844
matched_hop1,spatial_knn,2,KRT18,0.2696334467339941,0.17920040378612165,0.8411970142855671
matched_hop1,spatial_knn,2,BCAS1,0.20478630761877592,0.19506293375980602,0.7213155129973331
matched_hop1,spatial_knn,2,PTGDS,0.04727165725238925,0.02965678945184872,1.0186736173600932
matched_hop1,spatial_knn,2,SAA2,0.2583345497620688,0.19571961475693103,0.3582548243114563
matched_hop1,spatial_knn,2,SEPT4,0.14951419909454153,0.14186338488957295,0.9301481826854339
matched_hop1,spatial_knn,2,TFF3,0.20855901471081983,0.23568246410500512,0.8503434834720545
matched_hop1,spatial_knn,2,HPCAL1,0.15103744570133906,0.14739683873371467,0.9828616246079743
matched_hop1,spatial_knn,2,S100A11,0.32580029844158837,0.25016772427050654,0.9088082839293016
matched_hop1,spatial_knn,2,ALB,0.25925787911081427,0.27234118330134033,0.27117961495064963
matched_hop1,spatial_knn,2,RNASE1,0.18569424404487578,0.17809282108123606,0.8897098376267334
matched_hop1,spatial_knn,2,TMEM144,0.15249495042944103,0.14018558626905736,0.5778542637923167
matched_hop1,spatial_knn,2,ENPP2,0.20732755967097422,0.18581424758780193,0.6445345115264749
matched_hop1,spatial_knn,2,MAL,0.19425437710815022,0.17824462619033743,0.651259704771354
matched_hop1,spatial_knn,2,NKX6-2,0.17270937064245562,0.15932183255811289,0.4833893570703271
matched_hop1,spatial_knn,2,HSPA2,0.1386492725708985,0.12633098225872977,0.6121507557690401
matched_hop1,spatial_knn,2,G0S2,0.1397484296372131,0.11432336268153635,0.39683925627195776
matched_hop2,mean,2,SCGB2A2,,,1.8788979053497314
matched_hop2,mean,2,SCGB1D2,0.0,,1.459329605102539
matched_hop2,mean,2,MBP,0.0,,1.2013744115829468
matched_hop2,mean,2,GFAP,0.0,,1.2470996379852295
matched_hop2,mean,2,PLP1,,,1.284501075744629
matched_hop2,mean,2,SAA1,,,0.8203458786010742
matched_hop2,mean,2,MGP,,,1.1949084997177124
matched_hop2,mean,2,IGKC,,,1.0656163692474365
matched_hop2,mean,2,FABP4,,,0.6971386075019836
matched_hop2,mean,2,MOBP,,,0.8510388731956482
matched_hop2,mean,2,HBB,,,0.8441981077194214
matched_hop2,mean,2,NEFL,,,1.0768837928771973
matched_hop2,mean,2,TF,0.0,,0.9582693576812744
matched_hop2,mean,2,IGHG3,,,0.39250367879867554
matched_hop2,mean,2,CNP,0.0,,1.0841842889785767
matched_hop2,mean,2,CPB1,,,0.2847495675086975
matched_hop2,mean,2,CRYAB,0.0,,1.1133110523223877
matched_hop2,mean,2,IGHA1,0.0,,0.7863809466362
matched_hop2,mean,2,KRT8,,,0.955086350440979
matched_hop2,mean,2,MUC1,,,1.015001654624939
matched_hop2,mean,2,KRT19,,,1.0512382984161377
matched_hop2,mean,2,IGLC2,0.0,,0.7295645475387573
matched_hop2,mean,2,TFF1,,,0.8423483967781067
matched_hop2,mean,2,MAG,,,0.7331761121749878
matched_hop2,mean,2,ERMN,0.0,,0.612395167350769
matched_hop2,mean,2,CLDN11,,,0.6687915921211243
matched_hop2,mean,2,CLDND1,0.0,,0.8960855603218079
matched_hop2,mean,2,SPP1,,,0.7867959141731262
matched_hop2,mean,2,PPP1R14A,,,0.8065640330314636
matched_hop2,mean,2,S100B,,,1.0893781185150146
matched_hop2,mean,2,MOG,0.0,,0.5240192413330078
matched_hop2,mean,2,MALAT1,,,1.1013225317001343
matched_hop2,mean,2,CARNS1,,,0.555267333984375
matched_hop2,mean,2,IGHG4,,,0.3934573531150818
matched_hop2,mean,2,KRT18,,,0.8494393825531006
matched_hop2,mean,2,BCAS1,,,0.6941761374473572
matched_hop2,mean,2,PTGDS,,,1.0165711641311646
matched_hop2,mean,2,SAA2,,,0.3606526255607605
matched_hop2,mean,2,SEPT4,0.0,,0.8571926951408386
matched_hop2,mean,2,TFF3,,,0.8750811815261841
matched_hop2,mean,2,HPCAL1,,,0.9379990696907043
matched_hop2,mean,2,S100A11,0.0,,0.9597653150558472
matched_hop2,mean,2,ALB,0.0,,0.2917053997516632
matched_hop2,mean,2,RNASE1,0.0,,0.8558875918388367
matched_hop2,mean,2,TMEM144,,,0.5590848326683044
matched_hop2,mean,2,ENPP2,0.0,,0.6423922181129456
matched_hop2,mean,2,MAL,,,0.6462169289588928
matched_hop2,mean,2,NKX6-2,,,0.4669356644153595
matched_hop2,mean,2,HSPA2,,,0.5839868187904358
matched_hop2,mean,2,G0S2,0.0,,0.4042927324771881
matched_hop2,pca_ridge,2,SCGB2A2,0.41082042942514385,0.40807152825976756,1.7673591375350952
matched_hop2,pca_ridge,2,SCGB1D2,0.34423501451667976,0.3345313982013534,1.402868390083313
matched_hop2,pca_ridge,2,MBP,0.4311175445327436,0.42745905553277685,1.091044306755066
matched_hop2,pca_ridge,2,GFAP,0.4042189719327937,0.4271450964967625,1.142552137374878
matched_hop2,pca_ridge,2,PLP1,0.45015145585325345,0.4099438145867447,1.150989055633545
matched_hop2,pca_ridge,2,SAA1,0.018275428816274968,-0.011626973246551443,0.8323373198509216
matched_hop2,pca_ridge,2,MGP,0.09910348571373478,0.08346027837075036,1.1958534717559814
matched_hop2,pca_ridge,2,IGKC,0.10184010008712793,0.07643140339946648,1.060056209564209
matched_hop2,pca_ridge,2,FABP4,0.03367059881790036,0.007421745023544889,0.7055054306983948
matched_hop2,pca_ridge,2,MOBP,0.35506032842560736,0.2827735905622676,0.8029268980026245
matched_hop2,pca_ridge,2,HBB,0.0452413946718234,0.03333082201518071,0.8443166017532349
matched_hop2,pca_ridge,2,NEFL,0.4634323335364098,0.3990923231038805,0.9540107250213623
matched_hop2,pca_ridge,2,TF,0.3712398585627239,0.30291017353589766,0.8950883746147156
matched_hop2,pca_ridge,2,IGHG3,0.028877850175107547,0.03413611902904643,0.39350181818008423
matched_hop2,pca_ridge,2,CNP,0.35927039893252666,0.29523540344132365,1.0159180164337158
matched_hop2,pca_ridge,2,CPB1,0.02685363807418141,0.03305453529455111,0.29200875759124756
matched_hop2,pca_ridge,2,CRYAB,0.32887887223417805,0.2860747936605553,1.0545754432678223
matched_hop2,pca_ridge,2,IGHA1,0.09541855868341509,0.07220921113572451,0.7834252119064331
matched_hop2,pca_ridge,2,KRT8,0.3008991048231942,0.24622876132026586,0.9124990105628967
matched_hop2,pca_ridge,2,MUC1,0.2964407292595787,0.2750610761340246,0.9747232794761658
matched_hop2,pca_ridge,2,KRT19,0.24887869369154098,0.21498401703230596,1.0202003717422485
matched_hop2,pca_ridge,2,IGLC2,0.07203414202092388,0.04508845054827315,0.7277767658233643
matched_hop2,pca_ridge,2,TFF1,0.1110277245490479,0.09597485960317077,0.8375252485275269
matched_hop2,pca_ridge,2,MAG,0.33181826804728154,0.2596618286456181,0.6965028047561646
matched_hop2,pca_ridge,2,ERMN,0.3058279013888813,0.24337374679598703,0.5895689129829407
matched_hop2,pca_ridge,2,CLDN11,0.31737038880970436,0.24858462913321958,0.6391660571098328
matched_hop2,pca_ridge,2,CLDND1,0.31538050929470146,0.2556063010105145,0.8546536564826965
matched_hop2,pca_ridge,2,SPP1,0.3314540365909775,0.2645947705655584,0.7466599941253662
matched_hop2,pca_ridge,2,PPP1R14A,0.31505510150015564,0.24949037129722595,0.768848180770874
matched_hop2,pca_ridge,2,S100B,0.24373274023914931,0.24593430297365654,1.0603153705596924
matched_hop2,pca_ridge,2,MOG,0.30034042472235906,0.235776061038756,0.5041223764419556
matched_hop2,pca_ridge,2,MALAT1,0.15017754951767626,0.19593365118304729,1.0901598930358887
matched_hop2,pca_ridge,2,CARNS1,0.2941976478733697,0.22702036695751146,0.5357047319412231
matched_hop2,pca_ridge,2,IGHG4,0.04023707432100731,0.04470752414416984,0.39362579584121704
matched_hop2,pca_ridge,2,KRT18,0.23368946895957027,0.20641051619592415,0.8260321617126465
matched_hop2,pca_ridge,2,BCAS1,0.25244964373866463,0.21235884434756935,0.6751881241798401
matched_hop2,pca_ridge,2,PTGDS,0.23152984332321858,0.2587889240286943,0.9887290596961975
matched_hop2,pca_ridge,2,SAA2,0.020819378483622853,0.009091137655272275,0.36239293217658997
matched_hop2,pca_ridge,2,SEPT4,0.28043720797574956,0.2545930928975841,0.8246686458587646
matched_hop2,pca_ridge,2,TFF3,0.16201344530482154,0.1549901829233356,0.8631600141525269
matched_hop2,pca_ridge,2,HPCAL1,0.2082763895009588,0.206168008574337,0.9170587062835693
matched_hop2,pca_ridge,2,S100A11,0.28344577173684116,0.23778457361386282,0.9217376708984375
matched_hop2,pca_ridge,2,ALB,0.01680774434073348,0.02409677967874564,0.29169636964797974
matched_hop2,pca_ridge,2,RNASE1,0.2812415230181666,0.23880552027543345,0.8231250047683716
matched_hop2,pca_ridge,2,TMEM144,0.2837468195267626,0.23086527114097447,0.5394937992095947
matched_hop2,pca_ridge,2,ENPP2,0.2919603404428499,0.2371614405067894,0.6170862913131714
matched_hop2,pca_ridge,2,MAL,0.26086853747875927,0.21648450368052835,0.6268550157546997
matched_hop2,pca_ridge,2,NKX6-2,0.25084839018467575,0.19880332245756804,0.45636019110679626
matched_hop2,pca_ridge,2,HSPA2,0.24197174516459274,0.1983700484932571,0.5722598433494568
matched_hop2,pca_ridge,2,G0S2,0.024415346832882753,0.005874243751203537,0.40735405683517456
matched_hop2,spatial_knn,2,SCGB2A2,0.7586844342260737,0.6997779383761014,1.261281241804352
matched_hop2,spatial_knn,2,SCGB1D2,0.5847674205093073,0.6139199852539005,1.2258362559523217
matched_hop2,spatial_knn,2,MBP,0.4608606768823929,0.5149059806161648,1.1420960419836357
matched_hop2,spatial_knn,2,GFAP,0.1589722225935609,0.1818563420835118,1.2971636627626295
matched_hop2,spatial_knn,2,PLP1,0.4180350080530262,0.4260909276077567,1.2280823521817672
matched_hop2,spatial_knn,2,SAA1,0.3297655297441585,0.225137223989646,0.7917921295677358
matched_hop2,spatial_knn,2,MGP,0.23357934014679432,0.24419971290594683,1.2534003435813035
matched_hop2,spatial_knn,2,IGKC,0.19655493538568392,0.21037949177523152,1.0897144162198775
matched_hop2,spatial_knn,2,FABP4,0.27452967313419513,0.20795788032841495,0.6687111115127685
matched_hop2,spatial_knn,2,MOBP,0.2943414896062994,0.26871478247068736,0.8900627331634874
matched_hop2,spatial_knn,2,HBB,0.2247532616705482,0.17333169784991417,0.8418132661549919
matched_hop2,spatial_knn,2,NEFL,0.1548604210812518,0.15501904362632193,1.1023075744671476
matched_hop2,spatial_knn,2,TF,0.26616122410185017,0.2539296397231212,1.017796654822247
matched_hop2,spatial_knn,2,IGHG3,0.0999072666480086,0.08742003812007769,0.3912819618070257
matched_hop2,spatial_knn,2,CNP,0.24446143322997202,0.23111558338657295,1.1029235679525002
matched_hop2,spatial_knn,2,CPB1,0.09669593972495057,0.08550178239274463,0.2511615213948861
matched_hop2,spatial_knn,2,CRYAB,0.21443505462058035,0.22335060325353417,1.1725270826620766
matched_hop2,spatial_knn,2,IGHA1,0.20458235362240593,0.24329961134086045,0.7751447922820573
matched_hop2,spatial_knn,2,KRT8,0.32094162996868475,0.21807445888619828,0.9512595339081835
matched_hop2,spatial_knn,2,MUC1,0.3729603264037375,0.3827348098471923,0.948307923209217
matched_hop2,spatial_knn,2,KRT19,0.23172374723549793,0.2067666224992546,1.0492206013012626
matched_hop2,spatial_knn,2,IGLC2,0.1135356507295375,0.15717135240699656,0.7553123158285908
matched_hop2,spatial_knn,2,TFF1,0.2797119486352157,0.29481155084987837,0.8299714387509078
matched_hop2,spatial_knn,2,MAG,0.24273388053791495,0.22071961869228182,0.7560711084763428
matched_hop2,spatial_knn,2,ERMN,0.17257883817905736,0.18236696609324163,0.6941282260725467
matched_hop2,spatial_knn,2,CLDN11,0.175924060136179,0.17775117057226278,0.7238336368349602
matched_hop2,spatial_knn,2,CLDND1,0.17859998960642187,0.1761766066185863,0.9199191072978338
matched_hop2,spatial_knn,2,SPP1,0.19841007473984568,0.19210367643517912,0.8153194948276445
matched_hop2,spatial_knn,2,PPP1R14A,0.20920437472943446,0.18744848137544154,0.8902600599738622
matched_hop2,spatial_knn,2,S100B,0.056129916610025164,0.08359243185651445,1.1574011987077228
matched_hop2,spatial_knn,2,MOG,0.18139749003566938,0.1685501759520199,0.5563998002305675
matched_hop2,spatial_knn,2,MALAT1,0.17192306577354613,0.18259891965039368,1.1332129271173819
matched_hop2,spatial_knn,2,CARNS1,0.14415558957335217,0.14456514430301545,0.5864296260202403
matched_hop2,spatial_knn,2,IGHG4,0.04665441641467074,0.04633081406017829,0.3963338964821182
matched_hop2,spatial_knn,2,KRT18,0.27001160155669857,0.1764612373339182,0.8584392958986727
matched_hop2,spatial_knn,2,BCAS1,0.19121822960011886,0.1834687037380134,0.7364233313536955
matched_hop2,spatial_knn,2,PTGDS,0.03723441872122476,0.017274228822100356,1.0292319970107682
matched_hop2,spatial_knn,2,SAA2,0.2294251508617653,0.16796784478700624,0.35819170287308494
matched_hop2,spatial_knn,2,SEPT4,0.12933819270621244,0.1239987201358749,0.9474558150794479
matched_hop2,spatial_knn,2,TFF3,0.20234293488740487,0.23157051167565088,0.8757205092326488
matched_hop2,spatial_knn,2,HPCAL1,0.14732132219338376,0.1437456473727222,0.9897974154890149
matched_hop2,spatial_knn,2,S100A11,0.32522174173347196,0.25558793860113965,0.9284201266335147
matched_hop2,spatial_knn,2,ALB,0.2586520283394924,0.27497816041727025,0.2831617855878161
matched_hop2,spatial_knn,2,RNASE1,0.16463710012621371,0.16010235479405696,0.8932428785499069
matched_hop2,spatial_knn,2,TMEM144,0.13823258983844278,0.12846921342133313,0.5725008794323015
matched_hop2,spatial_knn,2,ENPP2,0.18958559144495335,0.1716399816714091,0.6402131157385229
matched_hop2,spatial_knn,2,MAL,0.17607693600547797,0.16506430940742814,0.6515017870201175
matched_hop2,spatial_knn,2,NKX6-2,0.16455204794434894,0.14662559885376056,0.4822347407843061
matched_hop2,spatial_knn,2,HSPA2,0.1075337310913556,0.10153427691241698,0.6179044579777477
matched_hop2,spatial_knn,2,G0S2,0.12938386233229843,0.10033837941219403,0.40313074388494985
matched_hop5,mean,2,SCGB2A2,,,2.0728015899658203
matched_hop5,mean,2,SCGB1D2,0.0,,1.726905107498169
matched_hop5,mean,2,MBP,,,1.1578034162521362
matched_hop5,mean,2,GFAP,,,1.2243530750274658
matched_hop5,mean,2,PLP1,,,1.2498139142990112
matched_hop5,mean,2,SAA1,0.0,,0.8075985908508301
matched_hop5,mean,2,MGP,0.0,,1.3617572784423828
matched_hop5,mean,2,IGKC,,,1.1883987188339233
matched_hop5,mean,2,FABP4,,,0.6753278970718384
matched_hop5,mean,2,MOBP,0.0,,0.8372232913970947
matched_hop5,mean,2,HBB,0.0,,0.7616192102432251
matched_hop5,mean,2,NEFL,,,1.1057555675506592
matched_hop5,mean,2,TF,,,0.937431275844574
matched_hop5,mean,2,IGHG3,,,0.3858863413333893
matched_hop5,mean,2,CNP,0.0,,1.0706790685653687
matched_hop5,mean,2,CPB1,0.0,,0.24304315447807312
matched_hop5,mean,2,CRYAB,,,1.111080527305603
matched_hop5,mean,2,IGHA1,,,0.9130620956420898
matched_hop5,mean,2,KRT8,0.0,,1.0349712371826172
matched_hop5,mean,2,MUC1,,,1.1295580863952637
matched_hop5,mean,2,KRT19,0.0,,1.1131552457809448
matched_hop5,mean,2,IGLC2,,,0.8380045294761658
matched_hop5,mean,2,TFF1,,,1.0373167991638184
matched_hop5,mean,2,MAG,,,0.7223979830741882
matched_hop5,mean,2,ERMN,,,0.5955839157104492
matched_hop5,mean,2,CLDN11,0.0,,0.6305692791938782
matched_hop5,mean,2,CLDND1,,,0.8769040703773499
matched_hop5,mean,2,SPP1,,,0.7531437873840332
matched_hop5,mean,2,PPP1R14A,,,0.8109706044197083
matched_hop5,mean,2,S100B,0.0,,1.0875258445739746
matched_hop5,mean,2,MOG,0.0,,0.5115954279899597
matched_hop5,mean,2,MALAT1,,,1.1140891313552856
matched_hop5,mean,2,CARNS1,,,0.5112849473953247
matched_hop5,mean,2,IGHG4,,,0.39903494715690613
matched_hop5,mean,2,KRT18,,,0.9398192167282104
matched_hop5,mean,2,BCAS1,,,0.7005122303962708
matched_hop5,mean,2,PTGDS,,,1.060109257698059
matched_hop5,mean,2,SAA2,,,0.3435317873954773
matched_hop5,mean,2,SEPT4,0.0,,0.8492891788482666
matched_hop5,mean,2,TFF3,,,0.9866206049919128
matched_hop5,mean,2,HPCAL1,,,0.9226232767105103
matched_hop5,mean,2,S100A11,,,1.0534203052520752
matched_hop5,mean,2,ALB,,,0.21300354599952698
matched_hop5,mean,2,RNASE1,,,0.8425964117050171
matched_hop5,mean,2,TMEM144,0.0,,0.521574079990387
matched_hop5,mean,2,ENPP2,0.0,,0.6198281645774841
matched_hop5,mean,2,MAL,,,0.6178871989250183
matched_hop5,mean,2,NKX6-2,0.0,,0.44500547647476196
matched_hop5,mean,2,HSPA2,,,0.5569351315498352
matched_hop5,mean,2,G0S2,0.0,,0.3814968168735504
matched_hop5,pca_ridge,2,SCGB2A2,0.49019494882293746,0.510420290392824,1.9220383167266846
matched_hop5,pca_ridge,2,SCGB1D2,0.4209159900162629,0.4225837446839102,1.6486752033233643
matched_hop5,pca_ridge,2,MBP,0.3355976739830745,0.3823087974268662,1.1034212112426758
matched_hop5,pca_ridge,2,GFAP,0.31731975670851964,0.36305261677676265,1.1763660907745361
matched_hop5,pca_ridge,2,PLP1,0.35681622489489,0.3687369970068988,1.1758369207382202
matched_hop5,pca_ridge,2,SAA1,-0.03303144060714109,-0.058084119030148915,0.8268488049507141
matched_hop5,pca_ridge,2,MGP,0.12950130147006395,0.12177763293682514,1.3625342845916748
matched_hop5,pca_ridge,2,IGKC,0.21063167129869356,0.18199583326367413,1.1686900854110718
matched_hop5,pca_ridge,2,FABP4,0.01976986794378804,-0.005123201431978799,0.6841593980789185
matched_hop5,pca_ridge,2,MOBP,0.19757339745059335,0.19104518293343337,0.8460299372673035
matched_hop5,pca_ridge,2,HBB,0.021465323989975617,0.015112902618489353,0.7649030685424805
matched_hop5,pca_ridge,2,NEFL,0.46682791609738805,0.3854739717357024,0.9754300713539124
matched_hop5,pca_ridge,2,TF,0.2346135213445083,0.23471935568451405,0.929861843585968
matched_hop5,pca_ridge,2,IGHG3,0.03490594785890312,0.031054930782611134,0.38739827275276184
matched_hop5,pca_ridge,2,CNP,0.24958787113828643,0.23813389307248956,1.0501270294189453
matched_hop5,pca_ridge,2,CPB1,0.00728636013652172,0.017307269993684236,0.25581711530685425
matched_hop5,pca_ridge,2,CRYAB,0.24569350539871743,0.24258728716464287,1.086238980293274
matched_hop5,pca_ridge,2,IGHA1,0.1847222114151524,0.15172871641393718,0.9046556949615479
matched_hop5,pca_ridge,2,KRT8,0.3126727884958323,0.26120398213163243,0.9841719269752502
matched_hop5,pca_ridge,2,MUC1,0.3140770582154922,0.3090904118349948,1.0802950859069824
matched_hop5,pca_ridge,2,KRT19,0.29069856725555365,0.26592568377863934,1.0693470239639282
matched_hop5,pca_ridge,2,IGLC2,0.13586895952524375,0.10062151500377722,0.8313788175582886
matched_hop5,pca_ridge,2,TFF1,0.12342106975100418,0.10653139860543583,1.0304919481277466
matched_hop5,pca_ridge,2,MAG,0.16930690533941123,0.174701837927384,0.7324587106704712
matched_hop5,pca_ridge,2,ERMN,0.17933784937728459,0.1775836738382722,0.6031525731086731
matched_hop5,pca_ridge,2,CLDN11,0.1919898303450293,0.18588787840281082,0.6347529292106628
matched_hop5,pca_ridge,2,CLDND1,0.1968374291343595,0.19818109587776533,0.873867928981781
matched_hop5,pca_ridge,2,SPP1,0.18330368214765103,0.17921920552514442,0.7588071823120117
matched_hop5,pca_ridge,2,PPP1R14A,0.18941675997529234,0.1856262840446224,0.8097030520439148
matched_hop5,pca_ridge,2,S100B,0.11670813987361972,0.14478848324824586,1.1020209789276123
matched_hop5,pca_ridge,2,MOG,0.19730903469071437,0.19362709302511963,0.5117942690849304
matched_hop5,pca_ridge,2,MALAT1,0.13803118502381329,0.19551520555656451,1.1067699193954468
matched_hop5,pca_ridge,2,CARNS1,0.15625109365180084,0.16179199020291327,0.5220383405685425
matched_hop5,pca_ridge,2,IGHG4,0.028380415250398056,0.029706720544826544,0.40037766098976135
matched_hop5,pca_ridge,2,KRT18,0.23724055103659847,0.21623318715801212,0.9121530652046204
matched_hop5,pca_ridge,2,BCAS1,0.14748723509544473,0.15663554519850995,0.7025102376937866
matched_hop5,pca_ridge,2,PTGDS,0.13940676471146843,0.1869744297910959,1.053627610206604
matched_hop5,pca_ridge,2,SAA2,-0.012203611748638647,-0.016603052592345867,0.3466019332408905
matched_hop5,pca_ridge,2,SEPT4,0.21281371068799654,0.22203778954486522,0.8352737426757812
matched_hop5,pca_ridge,2,TFF3,0.1748784328046724,0.16691380172203316,0.9718165397644043
matched_hop5,pca_ridge,2,HPCAL1,0.2212091998848968,0.22418177332050682,0.895918607711792
matched_hop5,pca_ridge,2,S100A11,0.27684709782737554,0.24335537548799227,1.0108953714370728
matched_hop5,pca_ridge,2,ALB,0.007310910080081523,0.014131099134030581,0.21306976675987244
matched_hop5,pca_ridge,2,RNASE1,0.17850304900212988,0.1804364082608975,0.8383539319038391
matched_hop5,pca_ridge,2,TMEM144,0.15361223135543975,0.16951511372496353,0.5288248062133789
matched_hop5,pca_ridge,2,ENPP2,0.177716512601282,0.17672048316166641,0.6202719807624817
matched_hop5,pca_ridge,2,MAL,0.15240089722445835,0.16639199552617145,0.6216233968734741
matched_hop5,pca_ridge,2,NKX6-2,0.11239341794395084,0.12403356394190575,0.45677411556243896
matched_hop5,pca_ridge,2,HSPA2,0.1578166309580519,0.16109206773230217,0.5614219307899475
matched_hop5,pca_ridge,2,G0S2,0.02000709560618311,0.010537274386474728,0.3844260573387146
matched_hop5,spatial_knn,2,SCGB2A2,0.6891038125141222,0.5125938435480776,1.5123363495565858
matched_hop5,spatial_knn,2,SCGB1D2,0.4879284421335516,0.4642684430938997,1.543540070132035
matched_hop5,spatial_knn,2,MBP,0.39485898427417915,0.48507640829680176,1.2525247862937827
matched_hop5,spatial_knn,2,GFAP,0.1012659504795722,0.13296532498762967,1.3828963607160196
matched_hop5,spatial_knn,2,PLP1,0.33382999723886236,0.36570751381369415,1.3283524704694936
matched_hop5,spatial_knn,2,SAA1,0.08723128097455335,0.08112697439778795,0.8433321842499117
matched_hop5,spatial_knn,2,MGP,0.11584742505360693,0.1296168776278266,1.481690623644626
matched_hop5,spatial_knn,2,IGKC,0.06953212991443586,0.06655088296783954,1.277936375141065
matched_hop5,spatial_knn,2,FABP4,0.07933729964527188,0.07913089883616008,0.6719633159326804
matched_hop5,spatial_knn,2,MOBP,0.22064234254218015,0.20007026729016844,1.0107017808153043
matched_hop5,spatial_knn,2,HBB,0.12773546309168252,0.10664887294332484,0.7716911630307031
matched_hop5,spatial_knn,2,NEFL,0.13875217907329768,0.12340782806385839,1.1488855324916685
matched_hop5,spatial_knn,2,TF,0.16542708101409384,0.16405455769326643,1.1353840738035448
matched_hop5,spatial_knn,2,IGHG3,0.1009307860396358,0.12192535274218813,0.38638566802170216
matched_hop5,spatial_knn,2,CNP,0.149082571627759,0.1475892067727374,1.1851584533563662
matched_hop5,spatial_knn,2,CPB1,0.0016049545572587272,0.011728612353703009,0.1826582177106591
matched_hop5,spatial_knn,2,CRYAB,0.13933479370691595,0.15563191147817243,1.294785020913696
matched_hop5,spatial_knn,2,IGHA1,0.14923523549119297,0.19808362854487058,0.9089177230108724
matched_hop5,spatial_knn,2,KRT8,0.24215220928956985,0.18896491034249605,1.1126937592679762
matched_hop5,spatial_knn,2,MUC1,0.2854220258219019,0.27797955655909184,1.0856860446576366
matched_hop5,spatial_knn,2,KRT19,0.17541098909815928,0.17049360494449914,1.17247655361047
matched_hop5,spatial_knn,2,IGLC2,0.04943874170114688,0.09960057226724729,0.8866263977175387
matched_hop5,spatial_knn,2,TFF1,0.27723962683138287,0.2788345010168862,1.034873872953673
matched_hop5,spatial_knn,2,MAG,0.14874842393611715,0.13447295020221686,0.811946580136141
matched_hop5,spatial_knn,2,ERMN,0.10863586215406311,0.11588215121491054,0.7989677774401415
matched_hop5,spatial_knn,2,CLDN11,0.11887561323221016,0.1245335105760228,0.7843936566976625
matched_hop5,spatial_knn,2,CLDND1,0.09971495777030734,0.09629080505655106,0.9673028209037636
matched_hop5,spatial_knn,2,SPP1,0.12903247467817427,0.1155352231346921,0.8598710195338461
matched_hop5,spatial_knn,2,PPP1R14A,0.15183878379006496,0.1354025182547276,1.004275511431798
matched_hop5,spatial_knn,2,S100B,0.005890711455530456,0.03399567509682662,1.233248710801201
matched_hop5,spatial_knn,2,MOG,0.1082801632050254,0.10433060072148112,0.6081706644397258
matched_hop5,spatial_knn,2,MALAT1,0.1615541157687112,0.19048375979302717,1.1566358893184483
matched_hop5,spatial_knn,2,CARNS1,0.10057072684332734,0.1029944273668849,0.5999665390816211
matched_hop5,spatial_knn,2,IGHG4,0.02743931364972587,0.016090589275821042,0.4060119024280091
matched_hop5,spatial_knn,2,KRT18,0.2023893087635308,0.14365585766690867,1.0013473627487177
matched_hop5,spatial_knn,2,BCAS1,0.16426576679008106,0.1424367819879249,0.80647485579691
matched_hop5,spatial_knn,2,PTGDS,0.028245711555663477,-0.0012577418969711273,1.0650186393318188
matched_hop5,spatial_knn,2,SAA2,-0.015257813684008734,-0.029630275681001697,0.35078856675477477
matched_hop5,spatial_knn,2,SEPT4,0.07182515949313095,0.0659546117866783,1.0508483081697753
matched_hop5,spatial_knn,2,TFF3,0.13578348794538414,0.1695551363969698,1.0239676986038495
matched_hop5,spatial_knn,2,HPCAL1,0.17143033245924225,0.16704370069131266,0.9889872823489448
matched_hop5,spatial_knn,2,S100A11,0.27309178425837927,0.2428635315993577,1.0482682703303807
matched_hop5,spatial_knn,2,ALB,0.20215235472189363,0.21243263172644436,0.22183737590678945
matched_hop5,spatial_knn,2,RNASE1,0.10956513999589831,0.10314674804779549,0.9427893924160239
matched_hop5,spatial_knn,2,TMEM144,0.07072064512944913,0.0554660575300332,0.5725705203931655
matched_hop5,spatial_knn,2,ENPP2,0.09767607910895298,0.08928221302802608,0.643382959733281
matched_hop5,spatial_knn,2,MAL,0.10389276699693259,0.09539562659646653,0.6488060318978447
matched_hop5,spatial_knn,2,NKX6-2,0.09413090451264267,0.078444431660419,0.4921892674218808
matched_hop5,spatial_knn,2,HSPA2,0.04641835253219474,0.041628251688719926,0.6464216428704239
matched_hop5,spatial_knn,2,G0S2,-0.015350572805248486,-0.005228417021712758,0.38481313423080427
matched_coord0.25,mean,2,SCGB2A2,,,1.9528950452804565
matched_coord0.25,mean,2,SCGB1D2,,,1.5560896396636963
matched_coord0.25,mean,2,MBP,,,1.160295009613037
matched_coord0.25,mean,2,GFAP,0.0,,1.210966944694519
matched_coord0.25,mean,2,PLP1,,,1.2403160333633423
matched_coord0.25,mean,2,SAA1,,,0.8074668645858765
matched_coord0.25,mean,2,MGP,0.0,,1.270999550819397
matched_coord0.25,mean,2,IGKC,,,1.127677321434021
matched_coord0.25,mean,2,FABP4,,,0.6881387233734131
matched_coord0.25,mean,2,MOBP,,,0.8274844288825989
matched_coord0.25,mean,2,HBB,,,0.8385797739028931
matched_coord0.25,mean,2,NEFL,,,1.079107642173767
matched_coord0.25,mean,2,TF,,,0.9290875196456909
matched_coord0.25,mean,2,IGHG3,,,0.39894285798072815
matched_coord0.25,mean,2,CNP,,,1.0585116147994995
matched_coord0.25,mean,2,CPB1,0.0,,0.2672939598560333
matched_coord0.25,mean,2,CRYAB,0.0,,1.0965098142623901
matched_coord0.25,mean,2,IGHA1,,,0.849881112575531
matched_coord0.25,mean,2,KRT8,0.0,,0.9556724429130554
matched_coord0.25,mean,2,MUC1,0.0,,1.0412499904632568
matched_coord0.25,mean,2,KRT19,,,1.0665665864944458
matched_coord0.25,mean,2,IGLC2,0.0,,0.7825369834899902
matched_coord0.25,mean,2,TFF1,0.0,,0.9067826271057129
matched_coord0.25,mean,2,MAG,,,0.7060914635658264
matched_coord0.25,mean,2,ERMN,,,0.5816016793251038
matched_coord0.25,mean,2,CLDN11,0.0,,0.6354404091835022
matched_coord0.25,mean,2,CLDND1,0.0,,0.8736374378204346
matched_coord0.25,mean,2,SPP1,,,0.751892626285553
matched_coord0.25,mean,2,PPP1R14A,,,0.7896286249160767
matched_coord0.25,mean,2,S100B,0.0,,1.0777764320373535
matched_coord0.25,mean,2,MOG,,,0.4960821568965912
matched_coord0.25,mean,2,MALAT1,,,1.0998162031173706
matched_coord0.25,mean,2,CARNS1,0.0,,0.5239120125770569
matched_coord0.25,mean,2,IGHG4,,,0.4026857614517212
matched_coord0.25,mean,2,KRT18,,,0.8652004599571228
matched_coord0.25,mean,2,BCAS1,,,0.6793127059936523
matched_coord0.25,mean,2,PTGDS,,,1.0184144973754883
matched_coord0.25,mean,2,SAA2,0.0,,0.342350035905838
matched_coord0.25,mean,2,SEPT4,0.0,,0.8408914804458618
matched_coord0.25,mean,2,TFF3,,,0.9116424322128296
matched_coord0.25,mean,2,HPCAL1,,,0.9252504706382751
matched_coord0.25,mean,2,S100A11,,,0.9707202911376953
matched_coord0.25,mean,2,ALB,,,0.30523428320884705
matched_coord0.25,mean,2,RNASE1,,,0.8379501700401306
matched_coord0.25,mean,2,TMEM144,0.0,,0.5341089963912964
matched_coord0.25,mean,2,ENPP2,0.0,,0.620640754699707
matched_coord0.25,mean,2,MAL,,,0.6231250166893005
matched_coord0.25,mean,2,NKX6-2,,,0.44205060601234436
matched_coord0.25,mean,2,HSPA2,,,0.5645161867141724
matched_coord0.25,mean,2,G0S2,0.0,,0.3895622193813324
matched_coord0.25,pca_ridge,2,SCGB2A2,0.43704172619460335,0.44426116758910456,1.8313592672348022
matched_coord0.25,pca_ridge,2,SCGB1D2,0.3789072951916282,0.372586814600136,1.4928066730499268
matched_coord0.25,pca_ridge,2,MBP,0.37554649009630875,0.398390451991242,1.0876846313476562
matched_coord0.25,pca_ridge,2,GFAP,0.35471581189259477,0.3923444505929973,1.1397099494934082
matched_coord0.25,pca_ridge,2,PLP1,0.3931732278795195,0.3823649072558422,1.1482009887695312
matched_coord0.25,pca_ridge,2,SAA1,0.0036106820830166093,-0.026933610849021395,0.8217100501060486
matched_coord0.25,pca_ridge,2,MGP,0.1094026733853992,0.09679124234285238,1.2724992036819458
matched_coord0.25,pca_ridge,2,IGKC,0.15045066795622328,0.12406405045467762,1.1163339614868164
matched_coord0.25,pca_ridge,2,FABP4,0.03492374149084177,0.008105598910414508,0.6959084272384644
matched_coord0.25,pca_ridge,2,MOBP,0.2661428065049528,0.23346118183750447,0.8131682872772217
matched_coord0.25,pca_ridge,2,HBB,0.019387822717813325,0.007413948293016009,0.8406672477722168
matched_coord0.25,pca_ridge,2,NEFL,0.466361734085648,0.39464302906486876,0.9542890787124634
matched_coord0.25,pca_ridge,2,TF,0.2891865380764415,0.2608056192768272,0.901309609413147
matched_coord0.25,pca_ridge,2,IGHG3,0.02145484336931575,0.026688272567175764,0.4003911018371582
matched_coord0.25,pca_ridge,2,CNP,0.2923826461540072,0.2608374716930718,1.0210050344467163
matched_coord0.25,pca_ridge,2,CPB1,0.026588570450177068,0.03641263863735474,0.27686914801597595
matched_coord0.25,pca_ridge,2,CRYAB,0.2626679607875066,0.24843985103650595,1.065355658531189
matched_coord0.25,pca_ridge,2,IGHA1,0.14152337349518992,0.11150483782233135,0.8445554971694946
matched_coord0.25,pca_ridge,2,KRT8,0.2979326071786294,0.23951257898955386,0.913986325263977
matched_coord0.25,pca_ridge,2,MUC1,0.2963050117684481,0.2808351616495008,1.0007060766220093
matched_coord0.25,pca_ridge,2,KRT19,0.2615244360593147,0.23333300558440984,1.0321625471115112
matched_coord0.25,pca_ridge,2,IGLC2,0.1004300968716266,0.06797614396169234,0.7787399291992188
matched_coord0.25,pca_ridge,2,TFF1,0.11687945180558618,0.1030497257420502,0.9014101624488831
matched_coord0.25,pca_ridge,2,MAG,0.23369121745340263,0.20893586666513436,0.6991932392120361
matched_coord0.25,pca_ridge,2,ERMN,0.21416635447685847,0.1959747070282077,0.5818322896957397
matched_coord0.25,pca_ridge,2,CLDN11,0.2540667368876932,0.2275721822001662,0.6231579780578613
matched_coord0.25,pca_ridge,2,CLDND1,0.250542516641122,0.22513271655061548,0.8539209365844727
matched_coord0.25,pca_ridge,2,SPP1,0.25733019985449973,0.22510173150518084,0.7357495427131653
matched_coord0.25,pca_ridge,2,PPP1R14A,0.23338046038819865,0.20641784185360815,0.7763959169387817
matched_coord0.25,pca_ridge,2,S100B,0.18696735713563226,0.20782453627388955,1.0668320655822754
matched_coord0.25,pca_ridge,2,MOG,0.22964905927536633,0.2006550972307961,0.49094152450561523
matched_coord0.25,pca_ridge,2,MALAT1,0.13530509201337157,0.1838004610187221,1.092067837715149
matched_coord0.25,pca_ridge,2,CARNS1,0.20724236222340703,0.1869074603704829,0.5233907103538513
matched_coord0.25,pca_ridge,2,IGHG4,0.03268423336162813,0.03639456203613405,0.40323561429977417
matched_coord0.25,pca_ridge,2,KRT18,0.23082965653482523,0.20304293894521108,0.8420376181602478
matched_coord0.25,pca_ridge,2,BCAS1,0.1809318659110782,0.1720095373724137,0.675810694694519
matched_coord0.25,pca_ridge,2,PTGDS,0.17704701273752435,0.21773713101733966,1.0031810998916626
matched_coord0.25,pca_ridge,2,SAA2,0.010191484857945085,0.0025469989445522073,0.34456121921539307
matched_coord0.25,pca_ridge,2,SEPT4,0.22223569811111699,0.21990373005414166,0.8246049284934998
matched_coord0.25,pca_ridge,2,TFF3,0.16342416499140444,0.15361838707150777,0.8996874690055847
matched_coord0.25,pca_ridge,2,HPCAL1,0.20101880008389778,0.20115620406538676,0.9055723547935486
matched_coord0.25,pca_ridge,2,S100A11,0.2725640034471659,0.22728266638082248,0.9349511861801147
matched_coord0.25,pca_ridge,2,ALB,0.016748333713996474,0.021274321919401002,0.3052297830581665
matched_coord0.25,pca_ridge,2,RNASE1,0.20979544070220002,0.1980924696795626,0.8249055743217468
matched_coord0.25,pca_ridge,2,TMEM144,0.2008300790867279,0.19176705978933434,0.5313123464584351
matched_coord0.25,pca_ridge,2,ENPP2,0.20604258408012352,0.19007526462533803,0.6149224638938904
matched_coord0.25,pca_ridge,2,MAL,0.1950226246067494,0.1867537809159025,0.6174677014350891
matched_coord0.25,pca_ridge,2,NKX6-2,0.17130678377577185,0.15886758560947548,0.44436734914779663
matched_coord0.25,pca_ridge,2,HSPA2,0.18927746163068193,0.17622948012036513,0.5622808337211609
matched_coord0.25,pca_ridge,2,G0S2,0.022584708894271274,0.011612519289371513,0.392714262008667
matched_coord0.25,spatial_knn,2,SCGB2A2,0.7604711102669358,0.6656051958917073,1.3152679330905581
matched_coord0.25,spatial_knn,2,SCGB1D2,0.5815265306799652,0.6010300820571485,1.3139592266323494
matched_coord0.25,spatial_knn,2,MBP,0.41901191689667683,0.49614013158600295,1.1704934001882
matched_coord0.25,spatial_knn,2,GFAP,0.12668035681225148,0.1534709459648331,1.3014924715246041
matched_coord0.25,spatial_knn,2,PLP1,0.36457620513390987,0.3884501834744147,1.250204512125199
matched_coord0.25,spatial_knn,2,SAA1,0.23788538198601006,0.16269403813002858,0.8122242249514365
matched_coord0.25,spatial_knn,2,MGP,0.18705495035622788,0.1987330509056583,1.3554586651841536
matched_coord0.25,spatial_knn,2,IGKC,0.17347768200215102,0.1892424341881096,1.1676344384590203
matched_coord0.25,spatial_knn,2,FABP4,0.22441915911184518,0.160270530481328,0.6690577741932103
matched_coord0.25,spatial_knn,2,MOBP,0.265865771784494,0.24728854420433136,0.9068484662143004
matched_coord0.25,spatial_knn,2,HBB,0.15498946439198008,0.13621693626638506,0.8496946979352373
matched_coord0.25,spatial_knn,2,NEFL,0.16094141647551644,0.15344546263386172,1.1055841945468732
matched_coord0.25,spatial_knn,2,TF,0.21442372867381004,0.2150319020528334,1.0395053978157192
matched_coord0.25,spatial_knn,2,IGHG3,0.09498103654777092,0.09356789983690826,0.39994919685025654
matched_coord0.25,spatial_knn,2,CNP,0.19349915357134048,0.18983174022502047,1.1119672830998006
matched_coord0.25,spatial_knn,2,CPB1,0.06033588741797973,0.059559834208891944,0.22732325441653897
matched_coord0.25,spatial_knn,2,CRYAB,0.16919335382321882,0.19093247632765686,1.1995603811054916
matched_coord0.25,spatial_knn,2,IGHA1,0.1875389472468357,0.2366676836058676,0.8374880902668983
matched_coord0.25,spatial_knn,2,KRT8,0.27836587880572433,0.17563587727472363,0.9922136349077402
matched_coord0.25,spatial_knn,2,MUC1,0.3646921730134056,0.3688312974994495,0.9770527327953392
matched_coord0.25,spatial_knn,2,KRT19,0.21293351594620172,0.19697672251395848,1.086312430645689
matched_coord0.25,spatial_knn,2,IGLC2,0.09315936833188607,0.14581728495801186,0.8191356314235501
matched_coord0.25,spatial_knn,2,TFF1,0.29492511815623423,0.30715460184790844,0.8967725027464465
matched_coord0.25,spatial_knn,2,MAG,0.19167690546357305,0.17663492652681764,0.757534832889796
matched_coord0.25,spatial_knn,2,ERMN,0.12964727481823993,0.14422621959778834,0.7089087094575691
matched_coord0.25,spatial_knn,2,CLDN11,0.1393113068279105,0.1464781508035657,0.7253045702224238
matched_coord0.25,spatial_knn,2,CLDND1,0.13519206791938426,0.13606153662711296,0.9230071235007684
matched_coord0.25,spatial_knn,2,SPP1,0.15227677160164946,0.1475364175902705,0.8122925118952715
matched_coord0.25,spatial_knn,2,PPP1R14A,0.16961534727233044,0.15078339682219752,0.9141584914809865
matched_coord0.25,spatial_knn,2,S100B,0.02704991823171938,0.058957551384070155,1.1699154263916178
matched_coord0.25,spatial_knn,2,MOG,0.13738741475180388,0.13233204492282027,0.5519097020447138
matched_coord0.25,spatial_knn,2,MALAT1,0.1846429368544265,0.19583365161552094,1.130301957739788
matched_coord0.25,spatial_knn,2,CARNS1,0.10999583761285384,0.1148875016683084,0.5765732331326573
matched_coord0.25,spatial_knn,2,IGHG4,0.04036092570543629,0.03699297841745289,0.4073008384676745
matched_coord0.25,spatial_knn,2,KRT18,0.23107468959270694,0.13610416763315178,0.8997897557755932
matched_coord0.25,spatial_knn,2,BCAS1,0.16649172492365,0.15470382919923922,0.7475943676869975
matched_coord0.25,spatial_knn,2,PTGDS,0.03862815210966466,0.01439673794838213,1.0271491203531273
matched_coord0.25,spatial_knn,2,SAA2,0.15243598344133358,0.09712565640766965,0.3517104480909872
matched_coord0.25,spatial_knn,2,SEPT4,0.09229843225998965,0.09245356492634427,0.9688781621998006
matched_coord0.25,spatial_knn,2,TFF3,0.19409297146806367,0.22614715484048428,0.9229289678839322
matched_coord0.25,spatial_knn,2,HPCAL1,0.14922333982387667,0.14836340959563593,0.9887561295772608
matched_coord0.25,spatial_knn,2,S100A11,0.3093713637087577,0.25080377662429176,0.9519210322119533
matched_coord0.25,spatial_knn,2,ALB,0.25981240754483353,0.276198547218987,0.29541985633152434
matched_coord0.25,spatial_knn,2,RNASE1,0.11702051132809098,0.11599868673184276,0.9027300715600052
matched_coord0.25,spatial_knn,2,TMEM144,0.09787439015546395,0.0872168759723856,0.5601538185525836
matched_coord0.25,spatial_knn,2,ENPP2,0.13864603404755987,0.1213674368851437,0.6293988907354977
matched_coord0.25,spatial_knn,2,MAL,0.12682177695066563,0.12337431390496495,0.6381589088910092
matched_coord0.25,spatial_knn,2,NKX6-2,0.12216959315679798,0.10831317276901309,0.47058037559551025
matched_coord0.25,spatial_knn,2,HSPA2,0.06167522967223581,0.05523588658187548,0.6175938796552524
matched_coord0.25,spatial_knn,2,G0S2,0.09184847525106753,0.0676024766086865,0.39120573279246423
matched_coord0.5,mean,2,SCGB2A2,,,2.154296636581421
matched_coord0.5,mean,2,SCGB1D2,,,1.82610023021698
matched_coord0.5,mean,2,MBP,,,1.1015197038650513
matched_coord0.5,mean,2,GFAP,0.0,,1.1821398735046387
matched_coord0.5,mean,2,PLP1,,,1.2022026777267456
matched_coord0.5,mean,2,SAA1,0.0,,0.7940171360969543
matched_coord0.5,mean,2,MGP,,,1.391518473625183
matched_coord0.5,mean,2,IGKC,,,1.2361987829208374
matched_coord0.5,mean,2,FABP4,,,0.6481562256813049
matched_coord0.5,mean,2,MOBP,,,0.8285792469978333
matched_coord0.5,mean,2,HBB,0.0,,0.7744869589805603
matched_coord0.5,mean,2,NEFL,0.0,,1.0958044528961182
matched_coord0.5,mean,2,TF,0.0,,0.9266780614852905
matched_coord0.5,mean,2,IGHG3,,,0.3846461772918701
matched_coord0.5,mean,2,CNP,0.0,,1.0469952821731567
matched_coord0.5,mean,2,CPB1,,,0.24639101326465607
matched_coord0.5,mean,2,CRYAB,,,1.0819464921951294
matched_coord0.5,mean,2,IGHA1,,,0.9820020794868469
matched_coord0.5,mean,2,KRT8,,,1.060396671295166
matched_coord0.5,mean,2,MUC1,0.0,,1.1564360857009888
matched_coord0.5,mean,2,KRT19,0.0,,1.1202248334884644
matched_coord0.5,mean,2,IGLC2,0.0,,0.8424711227416992
matched_coord0.5,mean,2,TFF1,,,1.1219569444656372
matched_coord0.5,mean,2,MAG,,,0.7242297530174255
matched_coord0.5,mean,2,ERMN,,,0.5785880088806152
matched_coord0.5,mean,2,CLDN11,0.0,,0.615222156047821
matched_coord0.5,mean,2,CLDND1,,,0.8732979893684387
matched_coord0.5,mean,2,SPP1,0.0,,0.7391209006309509
matched_coord0.5,mean,2,PPP1R14A,,,0.797624945640564
matched_coord0.5,mean,2,S100B,,,1.070266842842102
matched_coord0.5,mean,2,MOG,,,0.4947735667228699
matched_coord0.5,mean,2,MALAT1,0.0,,1.1082494258880615
matched_coord0.5,mean,2,CARNS1,,,0.5148745775222778
matched_coord0.5,mean,2,IGHG4,0.0,,0.4258405566215515
matched_coord0.5,mean,2,KRT18,,,0.9589711427688599
matched_coord0.5,mean,2,BCAS1,0.0,,0.696546733379364
matched_coord0.5,mean,2,PTGDS,,,1.0583988428115845
matched_coord0.5,mean,2,SAA2,,,0.36194270849227905
matched_coord0.5,mean,2,SEPT4,0.0,,0.839518129825592
matched_coord0.5,mean,2,TFF3,,,1.0210202932357788
matched_coord0.5,mean,2,HPCAL1,,,0.8903139233589172
matched_coord0.5,mean,2,S100A11,0.0,,1.0613759756088257
matched_coord0.5,mean,2,ALB,,,0.20610414445400238
matched_coord0.5,mean,2,RNASE1,0.0,,0.8403819799423218
matched_coord0.5,mean,2,TMEM144,,,0.5269075632095337
matched_coord0.5,mean,2,ENPP2,0.0,,0.5987693667411804
matched_coord0.5,mean,2,MAL,0.0,,0.6102723479270935
matched_coord0.5,mean,2,NKX6-2,,,0.4210958480834961
matched_coord0.5,mean,2,HSPA2,0.0,,0.5576589703559875
matched_coord0.5,mean,2,G0S2,,,0.3695524334907532
matched_coord0.5,pca_ridge,2,SCGB2A2,0.4394581881301334,0.4695287920511853,2.0105671882629395
matched_coord0.5,pca_ridge,2,SCGB1D2,0.3789907760878739,0.3766979524462136,1.7496483325958252
matched_coord0.5,pca_ridge,2,MBP,0.28621926520939117,0.32299568571291054,1.0683070421218872
matched_coord0.5,pca_ridge,2,GFAP,0.25611287246637543,0.3120033038362943,1.1732701063156128
matched_coord0.5,pca_ridge,2,PLP1,0.30748102482946404,0.31808125827420064,1.1557230949401855
matched_coord0.5,pca_ridge,2,SAA1,-0.04644317914789676,-0.0664514713017259,0.8149575591087341
matched_coord0.5,pca_ridge,2,MGP,0.1269493253807609,0.12564947442096605,1.3966203927993774
matched_coord0.5,pca_ridge,2,IGKC,0.18397453101449981,0.16683153703194883,1.217253565788269
matched_coord0.5,pca_ridge,2,FABP4,0.03536114889248949,0.013685181396157984,0.6538918614387512
matched_coord0.5,pca_ridge,2,MOBP,0.1615438537215341,0.1609203186045168,0.8468799591064453
matched_coord0.5,pca_ridge,2,HBB,-0.00012868405850060416,-0.004451051340575198,0.7792784571647644
matched_coord0.5,pca_ridge,2,NEFL,0.4779377032131058,0.3907247895563489,0.9614964127540588
matched_coord0.5,pca_ridge,2,TF,0.2040119695773206,0.209605422493662,0.9281143546104431
matched_coord0.5,pca_ridge,2,IGHG3,0.016658509128124003,0.011844598732494233,0.38735783100128174
matched_coord0.5,pca_ridge,2,CNP,0.23770246074803936,0.2286046995282666,1.0321022272109985
matched_coord0.5,pca_ridge,2,CPB1,0.0016802902044428763,0.009157554542967527,0.26132911443710327
matched_coord0.5,pca_ridge,2,CRYAB,0.2081320334865705,0.20864970426604207,1.0724546909332275
matched_coord0.5,pca_ridge,2,IGHA1,0.1503298653112436,0.11984253369737867,0.974718451499939
matched_coord0.5,pca_ridge,2,KRT8,0.30568625021503326,0.25250628752322196,1.0081640481948853
matched_coord0.5,pca_ridge,2,MUC1,0.276514660733083,0.27390305880625754,1.109998345375061
matched_coord0.5,pca_ridge,2,KRT19,0.2840813720193641,0.25024366537595183,1.075977087020874
matched_coord0.5,pca_ridge,2,IGLC2,0.09219205162439129,0.06676677916235632,0.8380624651908875
matched_coord0.5,pca_ridge,2,TFF1,0.11363245075492276,0.09893386321003776,1.1151484251022339
matched_coord0.5,pca_ridge,2,MAG,0.13623418891795938,0.14839516945883888,0.7411944270133972
matched_coord0.5,pca_ridge,2,ERMN,0.17082064906991065,0.17029733187800744,0.5884871482849121
matched_coord0.5,pca_ridge,2,CLDN11,0.16445822800563517,0.16228019176363043,0.626690149307251
matched_coord0.5,pca_ridge,2,CLDND1,0.17202833615629096,0.18103700709731915,0.8769726157188416
matched_coord0.5,pca_ridge,2,SPP1,0.1606838684482894,0.16180723701843042,0.7505954504013062
matched_coord0.5,pca_ridge,2,PPP1R14A,0.1362584540413633,0.14301397851733896,0.8115231394767761
matched_coord0.5,pca_ridge,2,S100B,0.09362532975941226,0.12078283696858752,1.0918221473693848
matched_coord0.5,pca_ridge,2,MOG,0.1485613068140785,0.15827039201060655,0.5049577355384827
matched_coord0.5,pca_ridge,2,MALAT1,0.12357700663743872,0.1830041357966527,1.1042207479476929
matched_coord0.5,pca_ridge,2,CARNS1,0.11130843130260998,0.12178507063011523,0.5337023735046387
matched_coord0.5,pca_ridge,2,IGHG4,0.011447241133677302,0.015594674644951234,0.42784032225608826
matched_coord0.5,pca_ridge,2,KRT18,0.2154401645565711,0.18613422927883663,0.9332236647605896
matched_coord0.5,pca_ridge,2,BCAS1,0.11410398448781217,0.12584120221400522,0.7040624618530273
matched_coord0.5,pca_ridge,2,PTGDS,0.14637772310059227,0.1866412457181409,1.0510786771774292
matched_coord0.5,pca_ridge,2,SAA2,-0.005153051943022965,-0.013345414107134903,0.36467453837394714
matched_coord0.5,pca_ridge,2,SEPT4,0.1944784086458921,0.20370424484442198,0.8315404653549194
matched_coord0.5,pca_ridge,2,TFF3,0.16890683935720746,0.16244978531590165,1.0051920413970947
matched_coord0.5,pca_ridge,2,HPCAL1,0.1568671341636442,0.16201105133003602,0.8742354512214661
matched_coord0.5,pca_ridge,2,S100A11,0.24949208219873836,0.21615050470286523,1.0216896533966064
matched_coord0.5,pca_ridge,2,ALB,0.028857702058782016,0.029312732175195935,0.2060377597808838
matched_coord0.5,pca_ridge,2,RNASE1,0.1532501916479629,0.16471458155629212,0.843323826789856
matched_coord0.5,pca_ridge,2,TMEM144,0.13437601500690682,0.15667828653058252,0.536752462387085
matched_coord0.5,pca_ridge,2,ENPP2,0.16006335432306285,0.1669897357713434,0.604129433631897
matched_coord0.5,pca_ridge,2,MAL,0.12090238816295701,0.13839503152112792,0.6204517483711243
matched_coord0.5,pca_ridge,2,NKX6-2,0.10713789636467475,0.12175883216168155,0.4349308907985687
matched_coord0.5,pca_ridge,2,HSPA2,0.14736001620474004,0.16731158452233777,0.5634266138076782
matched_coord0.5,pca_ridge,2,G0S2,0.025141900416298855,0.009705337079572052,0.3718635141849518
matched_coord0.5,spatial_knn,2,SCGB2A2,0.6255561489779161,0.3361254724407765,1.5441558583896968
matched_coord0.5,spatial_knn,2,SCGB1D2,0.3809742277382934,0.29325577729654145,1.621721220044245
matched_coord0.5,spatial_knn,2,MBP,0.2844895791644469,0.38995916719796275,1.2956365592212509
matched_coord0.5,spatial_knn,2,GFAP,0.08329646074894582,0.11861350387588603,1.3882575501391514
matched_coord0.5,spatial_knn,2,PLP1,0.22953151946892456,0.2703427965825532,1.3662272797507402
matched_coord0.5,spatial_knn,2,SAA1,0.05716355241064141,0.07324285137940881,0.8394399032333564
matched_coord0.5,spatial_knn,2,MGP,0.03484246645053918,0.030352922719193775,1.4995499717459946
matched_coord0.5,spatial_knn,2,IGKC,0.07070104573647745,0.08524772395132033,1.3173992360973887
matched_coord0.5,spatial_knn,2,FABP4,-0.005058450025365984,0.023954280986761407,0.6530791996821212
matched_coord0.5,spatial_knn,2,MOBP,0.16827524131670238,0.15289626367966164,1.0554050689143895
matched_coord0.5,spatial_knn,2,HBB,0.13361644832715006,0.13053190167924816,0.7899836001142827
matched_coord0.5,spatial_knn,2,NEFL,0.15949999702104115,0.14000062253511628,1.1322335836533228
matched_coord0.5,spatial_knn,2,TF,0.11843253569606053,0.11546262887647536,1.1707580098331312
matched_coord0.5,spatial_knn,2,IGHG3,0.11622054819657378,0.1484106197620161,0.3878276577081606
matched_coord0.5,spatial_knn,2,CNP,0.07731133751044995,0.0816686036661284,1.2055462863792945
matched_coord0.5,spatial_knn,2,CPB1,-0.00291577268737144,0.010247586889999157,0.18911161125461293
matched_coord0.5,spatial_knn,2,CRYAB,0.05607530065176895,0.07726638665638734,1.322543376835842
matched_coord0.5,spatial_knn,2,IGHA1,0.11036423416308513,0.16026295034048685,0.9736668111939663
matched_coord0.5,spatial_knn,2,KRT8,0.20131288844457373,0.14877352541637226,1.1635449445404427
matched_coord0.5,spatial_knn,2,MUC1,0.2520180991018609,0.2141548780524171,1.0946041850347867
matched_coord0.5,spatial_knn,2,KRT19,0.14625731521842752,0.1435419640991773,1.1927956557997488
matched_coord0.5,spatial_knn,2,IGLC2,0.03328383267399936,0.09058355229145923,0.8962953959007292
matched_coord0.5,spatial_knn,2,TFF1,0.2232065071546173,0.201169813851066,1.1230702962402395
matched_coord0.5,spatial_knn,2,MAG,0.1095675933023794,0.0858783370400347,0.8294675006527936
matched_coord0.5,spatial_knn,2,ERMN,0.05252219969126052,0.06472700501520653,0.830281160377354
matched_coord0.5,spatial_knn,2,CLDN11,0.08068640286765548,0.08284091596028659,0.8065149361528641
matched_coord0.5,spatial_knn,2,CLDND1,0.05997050744520296,0.04856650893287371,0.9869560385215903
matched_coord0.5,spatial_knn,2,SPP1,0.0824563356010946,0.06929805368028925,0.8651924542291685
matched_coord0.5,spatial_knn,2,PPP1R14A,0.09454738990592393,0.07749442907104362,1.0336633400091646
matched_coord0.5,spatial_knn,2,S100B,-0.027929238097201194,-0.004776564252368074,1.2530743007938805
matched_coord0.5,spatial_knn,2,MOG,0.06335151382757213,0.06600687829273716,0.6168040654911945
matched_coord0.5,spatial_knn,2,MALAT1,0.18634358265005788,0.2212087098186019,1.1426469431525184
matched_coord0.5,spatial_knn,2,CARNS1,0.06797016976682824,0.059086821789478196,0.6256253603295957
matched_coord0.5,spatial_knn,2,IGHG4,0.023608013344467577,0.017336753598336842,0.43544857761362277
matched_coord0.5,spatial_knn,2,KRT18,0.1654141042932798,0.10651701391012762,1.0430143286430436
matched_coord0.5,spatial_knn,2,BCAS1,0.14486221781585842,0.11414222618878843,0.8330377719905646
matched_coord0.5,spatial_knn,2,PTGDS,0.02247155284646783,-0.010589021677449028,1.0579299936920952
matched_coord0.5,spatial_knn,2,SAA2,-0.00503947668494237,-0.031520370052555265,0.37337799971061314
matched_coord0.5,spatial_knn,2,SEPT4,0.017424607225618307,0.011449566241883494,1.090049748445764
matched_coord0.5,spatial_knn,2,TFF3,0.09800005636392925,0.12545523912663797,1.0687462853057614
matched_coord0.5,spatial_knn,2,HPCAL1,0.14300396029737522,0.14476569571013595,0.9645298342974521
matched_coord0.5,spatial_knn,2,S100A11,0.23003099801784646,0.19561672478420847,1.0718924855945546
matched_coord0.5,spatial_knn,2,ALB,0.2038909489039873,0.24569373148264498,0.21083148652283346
matched_coord0.5,spatial_knn,2,RNASE1,0.06245943939862373,0.05143322467474259,0.9656868803684534
matched_coord0.5,spatial_knn,2,TMEM144,0.028511161417505666,0.011757829440309873,0.5881779249630356
matched_coord0.5,spatial_knn,2,ENPP2,0.062126347884207074,0.04452931365995723,0.6253883013385574
matched_coord0.5,spatial_knn,2,MAL,0.03946761496168064,0.03148654371604648,0.6489633329689745
matched_coord0.5,spatial_knn,2,NKX6-2,0.06360766676075656,0.03870245496358407,0.4823725194163387
matched_coord0.5,spatial_knn,2,HSPA2,0.01734016448934376,0.009390086785068474,0.6574905493925115
matched_coord0.5,spatial_knn,2,G0S2,-0.004549320321598119,-0.0004773948779775143,0.37352796098836416
matched_coord1.0,mean,2,SCGB2A2,,,2.1708104610443115
matched_coord1.0,mean,2,SCGB1D2,,,1.995861291885376
matched_coord1.0,mean,2,MBP,,,1.0343821048736572
matched_coord1.0,mean,2,GFAP,,,1.2536591291427612
matched_coord1.0,mean,2,PLP1,,,1.2650725841522217
matched_coord1.0,mean,2,SAA1,0.0,,0.6580262184143066
matched_coord1.0,mean,2,MGP,,,1.5526949167251587
matched_coord1.0,mean,2,IGKC,,,1.137460470199585
matched_coord1.0,mean,2,FABP4,,,0.4334564805030823
matched_coord1.0,mean,2,MOBP,,,0.8500992059707642
matched_coord1.0,mean,2,HBB,,,0.5792088508605957
matched_coord1.0,mean,2,NEFL,0.0,,1.130272626876831
matched_coord1.0,mean,2,TF,,,0.9775528311729431
matched_coord1.0,mean,2,IGHG3,,,0.4353693425655365
matched_coord1.0,mean,2,CNP,,,1.0779361724853516
matched_coord1.0,mean,2,CPB1,,,0.1859990954399109
matched_coord1.0,mean,2,CRYAB,,,1.1531283855438232
matched_coord1.0,mean,2,IGHA1,0.0,,0.8050588965415955
matched_coord1.0,mean,2,KRT8,0.0,,1.2489603757858276
matched_coord1.0,mean,2,MUC1,,,1.312857985496521
matched_coord1.0,mean,2,KRT19,,,1.2764666080474854
matched_coord1.0,mean,2,IGLC2,,,1.0229982137680054
matched_coord1.0,mean,2,TFF1,0.0,,1.3977264165878296
matched_coord1.0,mean,2,MAG,,,0.7029320597648621
matched_coord1.0,mean,2,ERMN,,,0.6595960855484009
matched_coord1.0,mean,2,CLDN11,,,0.6486157774925232
matched_coord1.0,mean,2,CLDND1,0.0,,0.8957465887069702
matched_coord1.0,mean,2,SPP1,,,0.6976419687271118
matched_coord1.0,mean,2,PPP1R14A,0.0,,0.7820241451263428
matched_coord1.0,mean,2,S100B,0.0,,1.1324610710144043
matched_coord1.0,mean,2,MOG,0.0,,0.5316475033760071
matched_coord1.0,mean,2,MALAT1,,,1.1912730932235718
matched_coord1.0,mean,2,CARNS1,0.0,,0.4860842525959015
matched_coord1.0,mean,2,IGHG4,,,0.6321779489517212
matched_coord1.0,mean,2,KRT18,,,1.1313035488128662
matched_coord1.0,mean,2,BCAS1,,,0.6981069445610046
matched_coord1.0,mean,2,PTGDS,,,1.1357455253601074
matched_coord1.0,mean,2,SAA2,0.0,,0.20306439697742462
matched_coord1.0,mean,2,SEPT4,,,0.8864402174949646
matched_coord1.0,mean,2,TFF3,0.0,,1.0892419815063477
matched_coord1.0,mean,2,HPCAL1,,,0.8801882266998291
matched_coord1.0,mean,2,S100A11,,,1.2293542623519897
matched_coord1.0,mean,2,ALB,,,0.007524335291236639
matched_coord1.0,mean,2,RNASE1,,,0.7676365375518799
matched_coord1.0,mean,2,TMEM144,,,0.5086202025413513
matched_coord1.0,mean,2,ENPP2,0.0,,0.6043877601623535
matched_coord1.0,mean,2,MAL,,,0.5103082060813904
matched_coord1.0,mean,2,NKX6-2,,,0.534446656703949
matched_coord1.0,mean,2,HSPA2,,,0.5572748780250549
matched_coord1.0,mean,2,G0S2,,,0.392455130815506
matched_coord1.0,pca_ridge,2,SCGB2A2,0.3546312644488581,0.334338750282371,1.979615330696106
matched_coord1.0,pca_ridge,2,SCGB1D2,0.2772661120606244,0.2641879940307625,1.8934612274169922
matched_coord1.0,pca_ridge,2,MBP,0.16103152018032157,0.1906033884751618,1.0420353412628174
matched_coord1.0,pca_ridge,2,GFAP,0.19287367604879857,0.2177661952440909,1.2962958812713623
matched_coord1.0,pca_ridge,2,PLP1,0.2201114864065719,0.19559613038845136,1.2475463151931763
matched_coord1.0,pca_ridge,2,SAA1,-0.03645340785240355,-0.07124630525739312,0.6705102920532227
matched_coord1.0,pca_ridge,2,MGP,0.21182732642895868,0.20723217725253767,1.5474556684494019
matched_coord1.0,pca_ridge,2,IGKC,0.21568049717945273,0.18246055031154595,1.1181364059448242
matched_coord1.0,pca_ridge,2,FABP4,0.011881612094823378,-0.014490604161376307,0.43777698278427124
matched_coord1.0,pca_ridge,2,MOBP,0.007804187663268851,0.022391932878271157,0.9056773781776428
matched_coord1.0,pca_ridge,2,HBB,0.019109166753372115,0.023333154595001133,0.5911230444908142
matched_coord1.0,pca_ridge,2,NEFL,0.4960757784331482,0.38991757370573693,0.9786289930343628
matched_coord1.0,pca_ridge,2,TF,0.09371474948629542,0.11360668992105594,1.0088016986846924
matched_coord1.0,pca_ridge,2,IGHG3,0.07888745343046484,0.025374019264752516,0.43496817350387573
matched_coord1.0,pca_ridge,2,CNP,0.22042439938901434,0.1765277200288041,1.063543438911438
matched_coord1.0,pca_ridge,2,CPB1,,,0.20329608023166656
matched_coord1.0,pca_ridge,2,CRYAB,0.12625524816082287,0.12890969060476276,1.1668291091918945
matched_coord1.0,pca_ridge,2,IGHA1,0.14521679659042486,0.0937691526461896,0.7977620959281921
matched_coord1.0,pca_ridge,2,KRT8,0.345069069937489,0.24039178876506984,1.1648725271224976
matched_coord1.0,pca_ridge,2,MUC1,0.09368473161977756,0.09116039419160715,1.274766445159912
matched_coord1.0,pca_ridge,2,KRT19,0.21251495132379333,0.17345291821063136,1.2266719341278076
matched_coord1.0,pca_ridge,2,IGLC2,0.09584657687462622,0.01553571822293448,1.0160341262817383
matched_coord1.0,pca_ridge,2,TFF1,0.08753052077302977,0.05726689940725229,1.3853493928909302
matched_coord1.0,pca_ridge,2,MAG,0.06292862670526661,0.1481956180457126,0.7382804751396179
matched_coord1.0,pca_ridge,2,ERMN,0.10356658951679854,0.04350323472112617,0.6748025417327881
matched_coord1.0,pca_ridge,2,CLDN11,0.13122354641572234,0.09262031711607262,0.6627373099327087
matched_coord1.0,pca_ridge,2,CLDND1,0.26231584289977017,0.28386697802631083,0.8663564324378967
matched_coord1.0,pca_ridge,2,SPP1,-0.004586801641595231,-0.003856932697868522,0.7556939125061035
matched_coord1.0,pca_ridge,2,PPP1R14A,0.07193370590120891,0.09309550726649904,0.8123202919960022
matched_coord1.0,pca_ridge,2,S100B,0.046274060413421324,0.06491466074829688,1.17721688747406
matched_coord1.0,pca_ridge,2,MOG,0.025405225562166067,0.09821571016137955,0.5579004287719727
matched_coord1.0,pca_ridge,2,MALAT1,-0.03689049149626053,0.09232567278873907,1.2205283641815186
matched_coord1.0,pca_ridge,2,CARNS1,-0.0681106931464305,-0.03322039014790722,0.5389155149459839
matched_coord1.0,pca_ridge,2,IGHG4,0.1450506817510588,0.10390724529604402,0.6281775236129761
matched_coord1.0,pca_ridge,2,KRT18,0.3593218668853961,0.3187080674319548,1.0572534799575806
matched_coord1.0,pca_ridge,2,BCAS1,0.07002569423512889,0.07854494524413246,0.7119901776313782
matched_coord1.0,pca_ridge,2,PTGDS,0.08929598050247477,0.1550005652219061,1.144384741783142
matched_coord1.0,pca_ridge,2,SAA2,0.03268770136968973,0.0365404424136605,0.20459729433059692
matched_coord1.0,pca_ridge,2,SEPT4,0.1879013482712648,0.21869793992181513,0.8761209845542908
matched_coord1.0,pca_ridge,2,TFF3,-0.1546070085468853,-0.14356426478467932,1.1128029823303223
matched_coord1.0,pca_ridge,2,HPCAL1,-0.008302085723461207,-0.01609776918332863,0.8752536177635193
matched_coord1.0,pca_ridge,2,S100A11,0.13983022615946503,0.12663220957982607,1.182666301727295
matched_coord1.0,pca_ridge,2,ALB,,,0.008930726908147335
matched_coord1.0,pca_ridge,2,RNASE1,0.09109316187479187,0.1366061315612189,0.7906515002250671
matched_coord1.0,pca_ridge,2,TMEM144,-0.024453817868276884,-0.01700008370266915,0.5459805727005005
matched_coord1.0,pca_ridge,2,ENPP2,0.006689291512250704,0.09618065728271621,0.6408328413963318
matched_coord1.0,pca_ridge,2,MAL,0.17471331009994226,0.12803986144716384,0.5208165049552917
matched_coord1.0,pca_ridge,2,NKX6-2,0.0020532548937404445,-0.003396258777847415,0.5544841885566711
matched_coord1.0,pca_ridge,2,HSPA2,0.04977322899706187,0.039366762636536684,0.5801923871040344
matched_coord1.0,pca_ridge,2,G0S2,-0.1249225996061686,-0.11078444148905868,0.40328630805015564
matched_coord1.0,spatial_knn,2,SCGB2A2,-0.0191167440574241,0.0016508954611609752,1.7782911329562259
matched_coord1.0,spatial_knn,2,SCGB1D2,-0.13337749929167028,-0.11497312629589433,2.118465613757512
matched_coord1.0,spatial_knn,2,MBP,-0.041307386251865974,0.044384254757127824,1.6422895769179078
matched_coord1.0,spatial_knn,2,GFAP,0.1131410658931565,0.10016042903918028,1.6979327350081534
matched_coord1.0,spatial_knn,2,PLP1,0.13467502691420505,0.17133804940044042,1.602797562788823
matched_coord1.0,spatial_knn,2,SAA1,-0.06644374863836973,-0.07589361772873851,0.6172177574181599
matched_coord1.0,spatial_knn,2,MGP,-0.13082431229888744,-0.12619715315310892,1.7514043418730987
matched_coord1.0,spatial_knn,2,IGKC,-0.13384774718984832,-0.10503998714152143,1.2887738038891277
matched_coord1.0,spatial_knn,2,FABP4,-0.00023669491026362516,0.04634204609503426,0.3074086384287555
matched_coord1.0,spatial_knn,2,MOBP,0.1256614122733216,0.07905512845565899,1.3198769775173451
matched_coord1.0,spatial_knn,2,HBB,0.04520224039849045,0.051745386858395186,0.61260762101304
matched_coord1.0,spatial_knn,2,NEFL,-0.0031634806497310144,-0.0315212572443158,1.1984244207973018
matched_coord1.0,spatial_knn,2,TF,0.08067568095569352,0.08188408425010713,1.4963461212133007
matched_coord1.0,spatial_knn,2,IGHG3,0.13891658921707636,0.19641251786848446,0.43938202086957096
matched_coord1.0,spatial_knn,2,CNP,-0.03382719100496319,0.045045220217397465,1.3979295722201066
matched_coord1.0,spatial_knn,2,CPB1,,,0.02530862130904398
matched_coord1.0,spatial_knn,2,CRYAB,0.028365166230305782,0.08121006216485155,1.591736979131177
matched_coord1.0,spatial_knn,2,IGHA1,0.060926352595132675,0.11733689446617424,0.8143148328813538
matched_coord1.0,spatial_knn,2,KRT8,0.133687026420109,0.1342927852212471,1.3186771204431003
matched_coord1.0,spatial_knn,2,MUC1,0.04563746371090741,-0.039073496861381694,1.2403719737099934
matched_coord1.0,spatial_knn,2,KRT19,0.07728893195371277,0.08378570469186952,1.283879012873136
matched_coord1.0,spatial_knn,2,IGLC2,-0.1466195825213675,-0.11349570051825515,1.1178673263882308
matched_coord1.0,spatial_knn,2,TFF1,-0.11893379261419892,-0.08745951226284455,1.4175096320279248
matched_coord1.0,spatial_knn,2,MAG,-0.04297653881019135,-0.08170544026670551,1.0113316380982995
matched_coord1.0,spatial_knn,2,ERMN,0.09352831399866936,0.09322921153253949,0.9879701700669978
matched_coord1.0,spatial_knn,2,CLDN11,-0.036980281136565055,-0.01339936635463343,1.031763427908107
matched_coord1.0,spatial_knn,2,CLDND1,0.11493074850375215,0.0534666652761857,1.0920988181575833
matched_coord1.0,spatial_knn,2,SPP1,0.1002450369070812,0.054360365417246835,0.9371165145628787
matched_coord1.0,spatial_knn,2,PPP1R14A,0.028276565587412143,0.049491100554336,1.2289845548676817
matched_coord1.0,spatial_knn,2,S100B,0.009411237907669337,-0.00046566442006753264,1.5471534043128137
matched_coord1.0,spatial_knn,2,MOG,0.10746815176901084,0.03897669313338742,0.6772981914137427
matched_coord1.0,spatial_knn,2,MALAT1,0.2103983947782492,0.26379301060149724,1.2799858145068055
matched_coord1.0,spatial_knn,2,CARNS1,-0.0015141017930967037,-0.07067318577138916,0.8080607244345309
matched_coord1.0,spatial_knn,2,IGHG4,0.029530694997585087,-0.007534841450473681,0.6416784338360866
matched_coord1.0,spatial_knn,2,KRT18,0.10553687572841766,0.08931710742640252,1.1182139849248196
matched_coord1.0,spatial_knn,2,BCAS1,0.03527573460131205,0.018519479317769573,1.087584122617294
matched_coord1.0,spatial_knn,2,PTGDS,0.08618336757304654,0.08298329068713345,1.1222882420667322
matched_coord1.0,spatial_knn,2,SAA2,0.0,,0.19580841044767297
matched_coord1.0,spatial_knn,2,SEPT4,-0.10420649108650853,-0.13213247361844696,1.342704352225858
matched_coord1.0,spatial_knn,2,TFF3,0.08987472902846005,0.14766717077953173,1.1783224945667363
matched_coord1.0,spatial_knn,2,HPCAL1,0.1388693990155729,0.10574725873615003,0.8994203249571144
matched_coord1.0,spatial_knn,2,S100A11,-0.11870039267929285,-0.09070942691659732,1.2791388874737104
matched_coord1.0,spatial_knn,2,ALB,0.0,0.0,0.0
matched_coord1.0,spatial_knn,2,RNASE1,-0.006907399338491441,0.015386667412449545,1.1661259631438956
matched_coord1.0,spatial_knn,2,TMEM144,0.05102319117382854,0.0280203349284316,0.5661132918562872
matched_coord1.0,spatial_knn,2,ENPP2,-0.07782142242010076,-0.08012460110393127,0.6525241511297347
matched_coord1.0,spatial_knn,2,MAL,-0.02761243050651159,0.009942433459289808,0.5973070694880886
matched_coord1.0,spatial_knn,2,NKX6-2,0.029445513882169937,0.0073573800873747465,0.6411177358392233
matched_coord1.0,spatial_knn,2,HSPA2,0.029415709513419454,0.013466178310203377,0.6358921671274869
matched_coord1.0,spatial_knn,2,G0S2,0.0,,0.3939027391451897
random,mean,3,SCGB2A2,,,1.5530184507369995
random,mean,3,SCGB1D2,0.0,,1.2054634094238281
random,mean,3,MBP,0.0,,1.2267968654632568
random,mean,3,GFAP,,,1.2175965309143066
random,mean,3,PLP1,,,1.3025754690170288
random,mean,3,SAA1,,,0.8521763682365417
random,mean,3,MGP,,,1.0673760175704956
random,mean,3,IGKC,,,1.035991907119751
random,mean,3,FABP4,0.0,,0.7522851228713989
random,mean,3,MOBP,,,0.8649286031723022
random,mean,3,HBB,0.0,,0.8382301926612854
random,mean,3,NEFL,,,1.0337835550308228
random,mean,3,TF,0.0,,0.9661418795585632
random,mean,3,IGHG3,0.0,,0.5059224963188171
random,mean,3,CNP,,,1.083345651626587
random,mean,3,CPB1,0.0,,0.4674919545650482
random,mean,3,CRYAB,0.0,,1.1177846193313599
random,mean,3,IGHA1,,,0.6555946469306946
random,mean,3,KRT8,,,0.9076356887817383
random,mean,3,MUC1,,,0.9733886122703552
random,mean,3,KRT19,,,1.0097498893737793
random,mean,3,IGLC2,0.0,,0.7212750911712646
random,mean,3,TFF1,,,0.8163303136825562
random,mean,3,MAG,0.0,,0.7348031997680664
random,mean,3,ERMN,0.0,,0.6321908831596375
random,mean,3,CLDN11,0.0,,0.6893591284751892
random,mean,3,CLDND1,,,0.8884343504905701
random,mean,3,SPP1,0.0,,0.770691990852356
random,mean,3,PPP1R14A,,,0.8268035650253296
random,mean,3,S100B,0.0,,1.0510185956954956
random,mean,3,MOG,0.0,,0.5338561534881592
random,mean,3,MALAT1,0.0,,1.0534865856170654
random,mean,3,CARNS1,,,0.5514832735061646
random,mean,3,IGHG4,0.0,,0.500358521938324
random,mean,3,KRT18,0.0,,0.8143703937530518
random,mean,3,BCAS1,0.0,,0.6728463172912598
random,mean,3,PTGDS,,,0.9615972638130188
random,mean,3,SAA2,,,0.38104569911956787
random,mean,3,SEPT4,,,0.8613219261169434
random,mean,3,TFF3,0.0,,0.8474745750427246
random,mean,3,HPCAL1,,,0.9335718750953674
random,mean,3,S100A11,0.0,,0.8956104516983032
random,mean,3,ALB,,,0.14968717098236084
random,mean,3,RNASE1,,,0.8614919781684875
random,mean,3,TMEM144,,,0.57026606798172
random,mean,3,ENPP2,0.0,,0.6520270109176636
random,mean,3,MAL,,,0.665600061416626
random,mean,3,NKX6-2,,,0.5028510093688965
random,mean,3,HSPA2,0.0,,0.6169559955596924
random,mean,3,G0S2,0.0,,0.4731965959072113
random,pca_ridge,3,SCGB2A2,0.30285073063412205,0.30084709975210056,1.4799695014953613
random,pca_ridge,3,SCGB1D2,0.2616648211703186,0.2531684128538388,1.163421869277954
random,pca_ridge,3,MBP,0.5225260431989045,0.4064679001149867,1.0460455417633057
random,pca_ridge,3,GFAP,0.47443831796164965,0.41447562475397454,1.0721665620803833
random,pca_ridge,3,PLP1,0.5345688559250132,0.4008852783807423,1.1008579730987549
random,pca_ridge,3,SAA1,0.1462085794873199,0.130309037120672,0.8430013656616211
random,pca_ridge,3,MGP,0.18291864604475377,0.1699593871228398,1.0497039556503296
random,pca_ridge,3,IGKC,0.09737422088634023,0.08817391326233084,1.031042218208313
random,pca_ridge,3,FABP4,0.10659394532486051,0.08025286007583766,0.7487475872039795
random,pca_ridge,3,MOBP,0.5048968238351155,0.30493773237434796,0.7465497851371765
random,pca_ridge,3,HBB,0.09617739214660512,0.10917559664580968,0.8343467712402344
random,pca_ridge,3,NEFL,0.4771954538577252,0.40598782979422937,0.9083489775657654
random,pca_ridge,3,TF,0.4752240217596324,0.3011808705027187,0.8503217101097107
random,pca_ridge,3,IGHG3,0.03887888577897268,0.053284818669840306,0.5056592226028442
random,pca_ridge,3,CNP,0.46246750152877325,0.3140475844377444,0.9605910181999207
random,pca_ridge,3,CPB1,0.07826749084300341,0.09438768095017128,0.4661569595336914
random,pca_ridge,3,CRYAB,0.4528462780965471,0.32354374944810194,0.9970319271087646
random,pca_ridge,3,IGHA1,0.0772917960034249,0.06563135654174422,0.6538420915603638
random,pca_ridge,3,KRT8,0.25244227037909817,0.2052321892603955,0.8789076209068298
random,pca_ridge,3,MUC1,0.21552275015957242,0.20320109453305674,0.9509972333908081
random,pca_ridge,3,KRT19,0.22428941585590362,0.21262812071614573,0.9842028617858887
random,pca_ridge,3,IGLC2,0.07488293993759507,0.058320379821675684,0.71929532289505
random,pca_ridge,3,TFF1,0.16206066255624074,0.1740127061041777,0.8055594563484192
random,pca_ridge,3,MAG,0.48192290736096866,0.3015345112483341,0.6439008712768555
random,pca_ridge,3,ERMN,0.48964634711677857,0.28892757777998257,0.551472544670105
random,pca_ridge,3,CLDN11,0.4636865515926063,0.28681984891078505,0.6107903718948364
random,pca_ridge,3,CLDND1,0.4401043808679773,0.30000969953361684,0.7977961897850037
random,pca_ridge,3,SPP1,0.452758622392113,0.2938289160784622,0.6875405311584473
random,pca_ridge,3,PPP1R14A,0.4273345673158733,0.2655188702096464,0.7475110292434692
random,pca_ridge,3,S100B,0.3361023356530446,0.2711577352376045,0.9903942942619324
random,pca_ridge,3,MOG,0.43158300648076825,0.25440647310751163,0.48180684447288513
random,pca_ridge,3,MALAT1,0.217945830728892,0.24596904154595117,1.0281976461410522
random,pca_ridge,3,CARNS1,0.44831448555349224,0.25567284393069445,0.49324724078178406
random,pca_ridge,3,IGHG4,0.024562343435262934,0.02990834574753855,0.5005715489387512
random,pca_ridge,3,KRT18,0.2304769567728418,0.1864852064943122,0.7926958203315735
random,pca_ridge,3,BCAS1,0.368190779075943,0.23442415880441042,0.6256473660469055
random,pca_ridge,3,PTGDS,0.3331782952796668,0.292457645072629,0.9066952466964722
random,pca_ridge,3,SAA2,0.06815315998256961,0.07010395857078354,0.38029050827026367
random,pca_ridge,3,SEPT4,0.3783780282750645,0.28916859405136014,0.79728102684021
random,pca_ridge,3,TFF3,0.18496196980316382,0.18495202482783657,0.8330044746398926
random,pca_ridge,3,HPCAL1,0.26622507075458757,0.2666918339266757,0.9002097249031067
random,pca_ridge,3,S100A11,0.2662721779610189,0.21254672409091474,0.8632466793060303
random,pca_ridge,3,ALB,0.05048142029369097,0.03217414905999957,0.14950481057167053
random,pca_ridge,3,RNASE1,0.37971470384573847,0.24542555354817366,0.7970001101493835
random,pca_ridge,3,TMEM144,0.40168440469353556,0.26174348110404533,0.5223211646080017
random,pca_ridge,3,ENPP2,0.40734192973401606,0.2617723437779545,0.5955394506454468
random,pca_ridge,3,MAL,0.38991981855544583,0.24479125752498276,0.6129629611968994
random,pca_ridge,3,NKX6-2,0.3953894155205957,0.24637265874976869,0.4618901312351227
random,pca_ridge,3,HSPA2,0.41410360709616445,0.24928052944692128,0.5619559288024902
random,pca_ridge,3,G0S2,0.10170038303336865,0.08973001560694208,0.4707372486591339
random,spatial_knn,3,SCGB2A2,0.7281276012400049,0.7170654718813391,1.0665128615349049
random,spatial_knn,3,SCGB1D2,0.5940913515216146,0.5968298538307504,0.974270277330337
random,spatial_knn,3,MBP,0.4933996554819515,0.45871765968422096,1.0777261470189603
random,spatial_knn,3,GFAP,0.23731091927043546,0.2084430695562747,1.210515406853527
random,spatial_knn,3,PLP1,0.4559562563830764,0.375400506941355,1.1731973315474058
random,spatial_knn,3,SAA1,0.5110468326990265,0.45640571728353685,0.7369701389011559
random,spatial_knn,3,MGP,0.4506597422825541,0.42153954851288294,0.9615361145359719
random,spatial_knn,3,IGKC,0.3551228562848857,0.33621543802302944,0.9845241931490957
random,spatial_knn,3,FABP4,0.44371873281088325,0.39628737836917194,0.681990704675685
random,spatial_knn,3,MOBP,0.3821657223521768,0.2698535050825233,0.8136094877337411
random,spatial_knn,3,HBB,0.3452283332419043,0.26331066695347255,0.7999825785448824
random,spatial_knn,3,NEFL,0.1867970943055059,0.17004333595196106,1.0428092573606746
random,spatial_knn,3,TF,0.3368351425904098,0.2506103047102812,0.926953689843966
random,spatial_knn,3,IGHG3,0.32360655397673094,0.20977588320338236,0.4848313069742697
random,spatial_knn,3,CNP,0.33319699792022334,0.2517447453682692,1.0393915411436523
random,spatial_knn,3,CPB1,0.33393801278721247,0.30263426028523677,0.4500994263403311
random,spatial_knn,3,CRYAB,0.30280655552629054,0.23385326051677333,1.0850235796390897
random,spatial_knn,3,IGHA1,0.2723760215348885,0.27020592717233727,0.6450926182277933
random,spatial_knn,3,KRT8,0.31387647837082167,0.27966832720643847,0.8803845463957318
random,spatial_knn,3,MUC1,0.321050828239689,0.3289087557474484,0.9388807844485251
random,spatial_knn,3,KRT19,0.2774044022013864,0.2758024394567329,0.9944871069570617
random,spatial_knn,3,IGLC2,0.2902767749012351,0.26187271436189735,0.7003565753127688
random,spatial_knn,3,TFF1,0.34530018985564614,0.3484299303450939,0.7765881491897546
random,spatial_knn,3,MAG,0.3255695720818198,0.23178672735870942,0.7062865423146574
random,spatial_knn,3,ERMN,0.31697966400892863,0.2127162472804922,0.609649518079027
random,spatial_knn,3,CLDN11,0.298428979179961,0.2053222821394511,0.6694512205747012
random,spatial_knn,3,CLDND1,0.30706444267760435,0.22216802234362962,0.8598995516393946
random,spatial_knn,3,SPP1,0.27719126296023106,0.20524878912123687,0.7597914815915833
random,spatial_knn,3,PPP1R14A,0.3011778875816785,0.21346353479140773,0.8025952927240344
random,spatial_knn,3,S100B,0.17750839260447387,0.1443864728481771,1.0617420339017647
random,spatial_knn,3,MOG,0.2779065097041052,0.19436950302955947,0.5244957918023749
random,spatial_knn,3,MALAT1,0.1817645003258136,0.17892992250114695,1.0682856129586829
random,spatial_knn,3,CARNS1,0.2527781746447033,0.17471254655335455,0.5493871261588297
random,spatial_knn,3,IGHG4,0.20963402939145798,0.15288693452006438,0.5003064196154242
random,spatial_knn,3,KRT18,0.2462521554023947,0.23824000697063322,0.8103859779819672
random,spatial_knn,3,BCAS1,0.2360872712876363,0.16734803495356784,0.6726673782616315
random,spatial_knn,3,PTGDS,0.12060504259932926,0.11396795587460652,0.984948943901954
random,spatial_knn,3,SAA2,0.29890827740745995,0.283728049035625,0.3682882755681798
random,spatial_knn,3,SEPT4,0.26434204432040787,0.20742724781552968,0.8471190302715937
random,spatial_knn,3,TFF3,0.2672856974864947,0.27851089897852077,0.8312058623921288
random,spatial_knn,3,HPCAL1,0.11409235471341972,0.11397991595129377,0.9615195950845173
random,spatial_knn,3,S100A11,0.2656415927266511,0.22088852212939447,0.8804976831812362
random,spatial_knn,3,ALB,0.1864594990522121,0.17272346252078163,0.15209943776975127
random,spatial_knn,3,RNASE1,0.22255087307189592,0.16200031196149897,0.8613103312922193
random,spatial_knn,3,TMEM144,0.23912527625546987,0.17997917824633575,0.5674634717409122
random,spatial_knn,3,ENPP2,0.2155239937085023,0.15871682886725688,0.6574887377523853
random,spatial_knn,3,MAL,0.2374895082259794,0.1795500653380615,0.6605757532385771
random,spatial_knn,3,NKX6-2,0.2248922001929744,0.18767030026148898,0.5007616197830322
random,spatial_knn,3,HSPA2,0.24028114824993246,0.15380203676502055,0.6107811050136954
random,spatial_knn,3,G0S2,0.24554112607769663,0.23227959541440887,0.4669534109536858
matched_hop0,mean,3,SCGB2A2,,,1.7351688146591187
matched_hop0,mean,3,SCGB1D2,,,1.4717589616775513
matched_hop0,mean,3,MBP,,,1.196471095085144
matched_hop0,mean,3,GFAP,,,1.2112265825271606
matched_hop0,mean,3,PLP1,,,1.277259111404419
matched_hop0,mean,3,SAA1,,,1.047020673751831
matched_hop0,mean,3,MGP,0.0,,1.04844331741333
matched_hop0,mean,3,IGKC,,,1.0631182193756104
matched_hop0,mean,3,FABP4,0.0,,0.9866137504577637
matched_hop0,mean,3,MOBP,0.0,,0.8556320667266846
matched_hop0,mean,3,HBB,,,0.8388010859489441
matched_hop0,mean,3,NEFL,,,1.0368856191635132
matched_hop0,mean,3,TF,,,0.9561870098114014
matched_hop0,mean,3,IGHG3,,,0.4015555679798126
matched_hop0,mean,3,CNP,0.0,,1.072530746459961
matched_hop0,mean,3,CPB1,0.0,,0.26941123604774475
matched_hop0,mean,3,CRYAB,,,1.0919121503829956
matched_hop0,mean,3,IGHA1,0.0,,0.7874405980110168
matched_hop0,mean,3,KRT8,,,0.9243627190589905
matched_hop0,mean,3,MUC1,0.0,,1.0236953496932983
matched_hop0,mean,3,KRT19,,,1.0245288610458374
matched_hop0,mean,3,IGLC2,0.0,,0.7565217018127441
matched_hop0,mean,3,TFF1,,,0.8973193168640137
matched_hop0,mean,3,MAG,,,0.733611524105072
matched_hop0,mean,3,ERMN,,,0.6151167750358582
matched_hop0,mean,3,CLDN11,0.0,,0.6718195676803589
matched_hop0,mean,3,CLDND1,0.0,,0.8834757804870605
matched_hop0,mean,3,SPP1,0.0,,0.7747362852096558
matched_hop0,mean,3,PPP1R14A,,,0.8142162561416626
matched_hop0,mean,3,S100B,0.0,,1.0470794439315796
matched_hop0,mean,3,MOG,,,0.530798077583313
matched_hop0,mean,3,MALAT1,,,1.0532456636428833
matched_hop0,mean,3,CARNS1,,,0.5612211227416992
matched_hop0,mean,3,IGHG4,,,0.3867550790309906
matched_hop0,mean,3,KRT18,0.0,,0.824259340763092
matched_hop0,mean,3,BCAS1,0.0,,0.6793132424354553
matched_hop0,mean,3,PTGDS,,,0.9812991619110107
matched_hop0,mean,3,SAA2,,,0.4535008668899536
matched_hop0,mean,3,SEPT4,,,0.8480606079101562
matched_hop0,mean,3,TFF3,,,0.9096719622612
matched_hop0,mean,3,HPCAL1,,,0.9376829862594604
matched_hop0,mean,3,S100A11,0.0,,0.9356215596199036
matched_hop0,mean,3,ALB,,,0.11485005915164948
matched_hop0,mean,3,RNASE1,,,0.8568695187568665
matched_hop0,mean,3,TMEM144,,,0.5658063292503357
matched_hop0,mean,3,ENPP2,0.0,,0.6505285501480103
matched_hop0,mean,3,MAL,,,0.6484174132347107
matched_hop0,mean,3,NKX6-2,,,0.46885648369789124
matched_hop0,mean,3,HSPA2,,,0.58827805519104
matched_hop0,mean,3,G0S2,0.0,,0.589440643787384
matched_hop0,pca_ridge,3,SCGB2A2,0.25753640482121953,0.2499359161846045,1.6859207153320312
matched_hop0,pca_ridge,3,SCGB1D2,0.1993844017165414,0.19695047069397628,1.4455972909927368
matched_hop0,pca_ridge,3,MBP,0.4706727058669978,0.4393290841816283,1.05585515499115
matched_hop0,pca_ridge,3,GFAP,0.4180062336439459,0.4152864139716219,1.102197527885437
matched_hop0,pca_ridge,3,PLP1,0.4645258140719053,0.39791717109939495,1.1315494775772095
matched_hop0,pca_ridge,3,SAA1,0.006640837776605475,0.04365922753557283,1.0463316440582275
matched_hop0,pca_ridge,3,MGP,0.1094498328816325,0.09506265997357127,1.041330099105835
matched_hop0,pca_ridge,3,IGKC,0.1138832769974416,0.08868052357793814,1.0564367771148682
matched_hop0,pca_ridge,3,FABP4,0.0100617897163522,0.03931380090206416,0.9856789708137512
matched_hop0,pca_ridge,3,MOBP,0.38569717500889866,0.2746010867758511,0.7928206920623779
matched_hop0,pca_ridge,3,HBB,0.10793562875951734,0.10960810500363699,0.8341104984283447
matched_hop0,pca_ridge,3,NEFL,0.45934083074084714,0.39638524292564,0.9193742275238037
matched_hop0,pca_ridge,3,TF,0.39608676964552364,0.29470766225368106,0.879790186882019
matched_hop0,pca_ridge,3,IGHG3,0.02979301437042164,0.033443113569857866,0.40198618173599243
matched_hop0,pca_ridge,3,CNP,0.3738251893468045,0.2827477845924412,0.9969573616981506
matched_hop0,pca_ridge,3,CPB1,0.004603019886053131,0.018640448461370668,0.2716369330883026
matched_hop0,pca_ridge,3,CRYAB,0.3597000056112758,0.2995919684207546,1.0200037956237793
matched_hop0,pca_ridge,3,IGHA1,0.1019202526515339,0.07339718982623641,0.7832339406013489
matched_hop0,pca_ridge,3,KRT8,0.30455358626258505,0.24427064530099396,0.8831514120101929
matched_hop0,pca_ridge,3,MUC1,0.20326356446660848,0.18987847104911,1.001964807510376
matched_hop0,pca_ridge,3,KRT19,0.2449704104648653,0.20713284672809157,0.9956735968589783
matched_hop0,pca_ridge,3,IGLC2,0.07864827337042722,0.05911559448425412,0.7541050314903259
matched_hop0,pca_ridge,3,TFF1,0.07686139711901362,0.10583826932744841,0.8954680562019348
matched_hop0,pca_ridge,3,MAG,0.36542046306484205,0.26357943434469966,0.6851610541343689
matched_hop0,pca_ridge,3,ERMN,0.34901825580052387,0.2461153025242253,0.5797819495201111
matched_hop0,pca_ridge,3,CLDN11,0.3475346638774518,0.24215935854599455,0.6326534748077393
matched_hop0,pca_ridge,3,CLDND1,0.34612361679768966,0.25597874459512965,0.8302003741264343
matched_hop0,pca_ridge,3,SPP1,0.3727312864006691,0.27511766932698467,0.7202262878417969
matched_hop0,pca_ridge,3,PPP1R14A,0.32981284614639184,0.23570119693601185,0.771245539188385
matched_hop0,pca_ridge,3,S100B,0.27456616396170097,0.2682400853169796,1.0090197324752808
matched_hop0,pca_ridge,3,MOG,0.32788560268132977,0.2323882945162076,0.5039889216423035
matched_hop0,pca_ridge,3,MALAT1,0.16502395265555903,0.19614850496093433,1.0392600297927856
matched_hop0,pca_ridge,3,CARNS1,0.333378643908688,0.22757100242859102,0.5314891338348389
matched_hop0,pca_ridge,3,IGHG4,0.03018421982440192,0.023779602722109373,0.38713499903678894
matched_hop0,pca_ridge,3,KRT18,0.24963440575256307,0.21118267900978321,0.7992372512817383
matched_hop0,pca_ridge,3,BCAS1,0.2819594691070717,0.20889750010414718,0.6533121466636658
matched_hop0,pca_ridge,3,PTGDS,0.27167895256841673,0.2927936251966793,0.9451821446418762
matched_hop0,pca_ridge,3,SAA2,0.014550543938397468,0.06052719150256357,0.45336541533470154
matched_hop0,pca_ridge,3,SEPT4,0.2834599926362831,0.22837940632915235,0.8151554465293884
matched_hop0,pca_ridge,3,TFF3,0.13473405143344178,0.13740103618114322,0.901531457901001
matched_hop0,pca_ridge,3,HPCAL1,0.25698997066801477,0.259372369319671,0.9054730534553528
matched_hop0,pca_ridge,3,S100A11,0.2775907637384805,0.23211414083141876,0.8995360732078552
matched_hop0,pca_ridge,3,ALB,0.014415005275682066,0.013174737970256287,0.11538896709680557
matched_hop0,pca_ridge,3,RNASE1,0.2999804045969604,0.23024335226590484,0.818731963634491
matched_hop0,pca_ridge,3,TMEM144,0.31582941394263225,0.22806332988330794,0.5383548140525818
matched_hop0,pca_ridge,3,ENPP2,0.302233245692791,0.21542226107066925,0.6224775910377502
matched_hop0,pca_ridge,3,MAL,0.28523095214454286,0.20524378773830018,0.6236036419868469
matched_hop0,pca_ridge,3,NKX6-2,0.2833351991460631,0.2041272554686137,0.45240676403045654
matched_hop0,pca_ridge,3,HSPA2,0.28432830568376805,0.2166942827506125,0.5666577816009521
matched_hop0,pca_ridge,3,G0S2,0.0537281870456798,0.08066025370227582,0.5880362391471863
matched_hop0,spatial_knn,3,SCGB2A2,0.534278919426953,0.5325095383634958,1.522401226278501
matched_hop0,spatial_knn,3,SCGB1D2,0.4274554258542349,0.41486042156501496,1.2837679598976464
matched_hop0,spatial_knn,3,MBP,0.5298917046565953,0.5766945928097891,1.0319476727566834
matched_hop0,spatial_knn,3,GFAP,0.22585710418498162,0.20801909453786735,1.2091242014820385
matched_hop0,spatial_knn,3,PLP1,0.47360652939163994,0.47913096223659846,1.1431420392788971
matched_hop0,spatial_knn,3,SAA1,0.3832966764242294,0.35917396681019076,0.9689582779093315
matched_hop0,spatial_knn,3,MGP,0.32751617019275764,0.27437217439470596,1.0236197764610564
matched_hop0,spatial_knn,3,IGKC,0.2467749723207239,0.27123158696878064,1.062500908886093
matched_hop0,spatial_knn,3,FABP4,0.2541141773474055,0.2582817239182379,0.9686690533434691
matched_hop0,spatial_knn,3,MOBP,0.3485278748913758,0.2980460615706811,0.8228751375655151
matched_hop0,spatial_knn,3,HBB,0.3065958908249459,0.23662869110785117,0.8461838999238317
matched_hop0,spatial_knn,3,NEFL,0.1222155417851735,0.12414143731813641,1.062070113860871
matched_hop0,spatial_knn,3,TF,0.32584872224614475,0.2923756196376286,0.9359851275007627
matched_hop0,spatial_knn,3,IGHG3,0.1154774971370953,0.10384328586517524,0.4009947480391522
matched_hop0,spatial_knn,3,CNP,0.30721643456949027,0.27298308233951074,1.03374064060894
matched_hop0,spatial_knn,3,CPB1,0.034351565587429744,0.040132714610425856,0.23197541817380124
matched_hop0,spatial_knn,3,CRYAB,0.27492582944884464,0.27613551284661647,1.0765491589906135
matched_hop0,spatial_knn,3,IGHA1,0.21176030538950036,0.22003891540082512,0.7842518483227949
matched_hop0,spatial_knn,3,KRT8,0.3721402345360477,0.29080925009696384,0.8614672662411441
matched_hop0,spatial_knn,3,MUC1,0.21617617361825314,0.21028838929920843,1.0445676188563067
matched_hop0,spatial_knn,3,KRT19,0.2423709452110337,0.21238003510442446,0.991453816205539
matched_hop0,spatial_knn,3,IGLC2,0.07855250490953383,0.10456837051312956,0.7767135251878466
matched_hop0,spatial_knn,3,TFF1,0.2250433684237908,0.21334643746312532,0.8868900621332835
matched_hop0,spatial_knn,3,MAG,0.28305117269016167,0.23653946992649152,0.7199596975825129
matched_hop0,spatial_knn,3,ERMN,0.2293017062448063,0.19848998445792418,0.6259204236094305
matched_hop0,spatial_knn,3,CLDN11,0.23162616949928086,0.18631076615697334,0.6769931013654192
matched_hop0,spatial_knn,3,CLDND1,0.25229092690944005,0.22681246531347027,0.8638108702110833
matched_hop0,spatial_knn,3,SPP1,0.2758304585671798,0.24284903729285495,0.7629952916580267
matched_hop0,spatial_knn,3,PPP1R14A,0.23482736569526486,0.19806999990927696,0.8384484314724094
matched_hop0,spatial_knn,3,S100B,0.11698853961426396,0.1302509927882012,1.0700600977340027
matched_hop0,spatial_knn,3,MOG,0.23253594242127784,0.19906475870918394,0.5290337501330207
matched_hop0,spatial_knn,3,MALAT1,0.13477080664359198,0.15313826312666523,1.0906555519615966
matched_hop0,spatial_knn,3,CARNS1,0.1996997960881264,0.17877743097699392,0.5656985592370597
matched_hop0,spatial_knn,3,IGHG4,0.07199624930775682,0.06505221459631946,0.38847916016596434
matched_hop0,spatial_knn,3,KRT18,0.3090083519751117,0.24651355086389454,0.7897800165861302
matched_hop0,spatial_knn,3,BCAS1,0.23249969846777238,0.21217476275807082,0.6816564115164965
matched_hop0,spatial_knn,3,PTGDS,0.038374908759688596,0.0361025600242875,1.006113761790871
matched_hop0,spatial_knn,3,SAA2,0.20501541321997402,0.21922489369593787,0.44234019791151186
matched_hop0,spatial_knn,3,SEPT4,0.18957999800484546,0.1609978102035301,0.8581926396887348
matched_hop0,spatial_knn,3,TFF3,0.13759117056605902,0.12869002342642125,0.9498478620096907
matched_hop0,spatial_knn,3,HPCAL1,0.19553858956299977,0.20137281983157612,0.9275637267037893
matched_hop0,spatial_knn,3,S100A11,0.3349448656661579,0.2684125198817915,0.8944701828276744
matched_hop0,spatial_knn,3,ALB,0.0928563330478967,0.07202409950174488,0.12103204897386978
matched_hop0,spatial_knn,3,RNASE1,0.19588987812989384,0.16996841296665907,0.8767038608225854
matched_hop0,spatial_knn,3,TMEM144,0.1627421116792557,0.13816482374495395,0.5647682380021564
matched_hop0,spatial_knn,3,ENPP2,0.2096099693233975,0.17707110922445324,0.6419709372355411
matched_hop0,spatial_knn,3,MAL,0.20586006554376488,0.1756914681198719,0.6496923103141594
matched_hop0,spatial_knn,3,NKX6-2,0.17890216343885518,0.14906648774975934,0.470922096533226
matched_hop0,spatial_knn,3,HSPA2,0.15991071270483584,0.13317228415974453,0.5946539579724848
matched_hop0,spatial_knn,3,G0S2,0.11991472904194375,0.13386017240682035,0.5838398575496517
matched_hop1,mean,3,SCGB2A2,,,1.7351688146591187
matched_hop1,mean,3,SCGB1D2,,,1.4717589616775513
matched_hop1,mean,3,MBP,,,1.196471095085144
matched_hop1,mean,3,GFAP,,,1.2112265825271606
matched_hop1,mean,3,PLP1,,,1.277259111404419
matched_hop1,mean,3,SAA1,,,1.047020673751831
matched_hop1,mean,3,MGP,0.0,,1.04844331741333
matched_hop1,mean,3,IGKC,,,1.0631182193756104
matched_hop1,mean,3,FABP4,0.0,,0.9866137504577637
matched_hop1,mean,3,MOBP,0.0,,0.8556320667266846
matched_hop1,mean,3,HBB,,,0.8388010859489441
matched_hop1,mean,3,NEFL,,,1.0368856191635132
matched_hop1,mean,3,TF,,,0.9561870098114014
matched_hop1,mean,3,IGHG3,,,0.4015555679798126
matched_hop1,mean,3,CNP,0.0,,1.072530746459961
matched_hop1,mean,3,CPB1,0.0,,0.26941123604774475
matched_hop1,mean,3,CRYAB,,,1.0919121503829956
matched_hop1,mean,3,IGHA1,0.0,,0.7874405980110168
matched_hop1,mean,3,KRT8,,,0.9243627190589905
matched_hop1,mean,3,MUC1,0.0,,1.0236953496932983
matched_hop1,mean,3,KRT19,,,1.0245288610458374
matched_hop1,mean,3,IGLC2,0.0,,0.7565217018127441
matched_hop1,mean,3,TFF1,,,0.8973193168640137
matched_hop1,mean,3,MAG,,,0.733611524105072
matched_hop1,mean,3,ERMN,,,0.6151167750358582
matched_hop1,mean,3,CLDN11,0.0,,0.6718195676803589
matched_hop1,mean,3,CLDND1,0.0,,0.8834757804870605
matched_hop1,mean,3,SPP1,0.0,,0.7747362852096558
matched_hop1,mean,3,PPP1R14A,,,0.8142162561416626
matched_hop1,mean,3,S100B,0.0,,1.0470794439315796
matched_hop1,mean,3,MOG,,,0.530798077583313
matched_hop1,mean,3,MALAT1,,,1.0532456636428833
matched_hop1,mean,3,CARNS1,,,0.5612211227416992
matched_hop1,mean,3,IGHG4,,,0.3867550790309906
matched_hop1,mean,3,KRT18,0.0,,0.824259340763092
matched_hop1,mean,3,BCAS1,0.0,,0.6793132424354553
matched_hop1,mean,3,PTGDS,,,0.9812991619110107
matched_hop1,mean,3,SAA2,,,0.4535008668899536
matched_hop1,mean,3,SEPT4,,,0.8480606079101562
matched_hop1,mean,3,TFF3,,,0.9096719622612
matched_hop1,mean,3,HPCAL1,,,0.9376829862594604
matched_hop1,mean,3,S100A11,0.0,,0.9356215596199036
matched_hop1,mean,3,ALB,,,0.11485005915164948
matched_hop1,mean,3,RNASE1,,,0.8568695187568665
matched_hop1,mean,3,TMEM144,,,0.5658063292503357
matched_hop1,mean,3,ENPP2,0.0,,0.6505285501480103
matched_hop1,mean,3,MAL,,,0.6484174132347107
matched_hop1,mean,3,NKX6-2,,,0.46885648369789124
matched_hop1,mean,3,HSPA2,,,0.58827805519104
matched_hop1,mean,3,G0S2,0.0,,0.589440643787384
matched_hop1,pca_ridge,3,SCGB2A2,0.25753640482121953,0.2499359161846045,1.6859207153320312
matched_hop1,pca_ridge,3,SCGB1D2,0.1993844017165414,0.19695047069397628,1.4455972909927368
matched_hop1,pca_ridge,3,MBP,0.4706727058669978,0.4393290841816283,1.05585515499115
matched_hop1,pca_ridge,3,GFAP,0.4180062336439459,0.4152864139716219,1.102197527885437
matched_hop1,pca_ridge,3,PLP1,0.4645258140719053,0.39791717109939495,1.1315494775772095
matched_hop1,pca_ridge,3,SAA1,0.006640837776605475,0.04365922753557283,1.0463316440582275
matched_hop1,pca_ridge,3,MGP,0.1094498328816325,0.09506265997357127,1.041330099105835
matched_hop1,pca_ridge,3,IGKC,0.1138832769974416,0.08868052357793814,1.0564367771148682
matched_hop1,pca_ridge,3,FABP4,0.0100617897163522,0.03931380090206416,0.9856789708137512
matched_hop1,pca_ridge,3,MOBP,0.38569717500889866,0.2746010867758511,0.7928206920623779
matched_hop1,pca_ridge,3,HBB,0.10793562875951734,0.10960810500363699,0.8341104984283447
matched_hop1,pca_ridge,3,NEFL,0.45934083074084714,0.39638524292564,0.9193742275238037
matched_hop1,pca_ridge,3,TF,0.39608676964552364,0.29470766225368106,0.879790186882019
matched_hop1,pca_ridge,3,IGHG3,0.02979301437042164,0.033443113569857866,0.40198618173599243
matched_hop1,pca_ridge,3,CNP,0.3738251893468045,0.2827477845924412,0.9969573616981506
matched_hop1,pca_ridge,3,CPB1,0.004603019886053131,0.018640448461370668,0.2716369330883026
matched_hop1,pca_ridge,3,CRYAB,0.3597000056112758,0.2995919684207546,1.0200037956237793
matched_hop1,pca_ridge,3,IGHA1,0.1019202526515339,0.07339718982623641,0.7832339406013489
matched_hop1,pca_ridge,3,KRT8,0.30455358626258505,0.24427064530099396,0.8831514120101929
matched_hop1,pca_ridge,3,MUC1,0.20326356446660848,0.18987847104911,1.001964807510376
matched_hop1,pca_ridge,3,KRT19,0.2449704104648653,0.20713284672809157,0.9956735968589783
matched_hop1,pca_ridge,3,IGLC2,0.07864827337042722,0.05911559448425412,0.7541050314903259
matched_hop1,pca_ridge,3,TFF1,0.07686139711901362,0.10583826932744841,0.8954680562019348
matched_hop1,pca_ridge,3,MAG,0.36542046306484205,0.26357943434469966,0.6851610541343689
matched_hop1,pca_ridge,3,ERMN,0.34901825580052387,0.2461153025242253,0.5797819495201111
matched_hop1,pca_ridge,3,CLDN11,0.3475346638774518,0.24215935854599455,0.6326534748077393
matched_hop1,pca_ridge,3,CLDND1,0.34612361679768966,0.25597874459512965,0.8302003741264343
matched_hop1,pca_ridge,3,SPP1,0.3727312864006691,0.27511766932698467,0.7202262878417969
matched_hop1,pca_ridge,3,PPP1R14A,0.32981284614639184,0.23570119693601185,0.771245539188385
matched_hop1,pca_ridge,3,S100B,0.27456616396170097,0.2682400853169796,1.0090197324752808
matched_hop1,pca_ridge,3,MOG,0.32788560268132977,0.2323882945162076,0.5039889216423035
matched_hop1,pca_ridge,3,MALAT1,0.16502395265555903,0.19614850496093433,1.0392600297927856
matched_hop1,pca_ridge,3,CARNS1,0.333378643908688,0.22757100242859102,0.5314891338348389
matched_hop1,pca_ridge,3,IGHG4,0.03018421982440192,0.023779602722109373,0.38713499903678894
matched_hop1,pca_ridge,3,KRT18,0.24963440575256307,0.21118267900978321,0.7992372512817383
matched_hop1,pca_ridge,3,BCAS1,0.2819594691070717,0.20889750010414718,0.6533121466636658
matched_hop1,pca_ridge,3,PTGDS,0.27167895256841673,0.2927936251966793,0.9451821446418762
matched_hop1,pca_ridge,3,SAA2,0.014550543938397468,0.06052719150256357,0.45336541533470154
matched_hop1,pca_ridge,3,SEPT4,0.2834599926362831,0.22837940632915235,0.8151554465293884
matched_hop1,pca_ridge,3,TFF3,0.13473405143344178,0.13740103618114322,0.901531457901001
matched_hop1,pca_ridge,3,HPCAL1,0.25698997066801477,0.259372369319671,0.9054730534553528
matched_hop1,pca_ridge,3,S100A11,0.2775907637384805,0.23211414083141876,0.8995360732078552
matched_hop1,pca_ridge,3,ALB,0.014415005275682066,0.013174737970256287,0.11538896709680557
matched_hop1,pca_ridge,3,RNASE1,0.2999804045969604,0.23024335226590484,0.818731963634491
matched_hop1,pca_ridge,3,TMEM144,0.31582941394263225,0.22806332988330794,0.5383548140525818
matched_hop1,pca_ridge,3,ENPP2,0.302233245692791,0.21542226107066925,0.6224775910377502
matched_hop1,pca_ridge,3,MAL,0.28523095214454286,0.20524378773830018,0.6236036419868469
matched_hop1,pca_ridge,3,NKX6-2,0.2833351991460631,0.2041272554686137,0.45240676403045654
matched_hop1,pca_ridge,3,HSPA2,0.28432830568376805,0.2166942827506125,0.5666577816009521
matched_hop1,pca_ridge,3,G0S2,0.0537281870456798,0.08066025370227582,0.5880362391471863
matched_hop1,spatial_knn,3,SCGB2A2,0.534278919426953,0.5325095383634958,1.522401226278501
matched_hop1,spatial_knn,3,SCGB1D2,0.4274554258542349,0.41486042156501496,1.2837679598976464
matched_hop1,spatial_knn,3,MBP,0.5298917046565953,0.5766945928097891,1.0319476727566834
matched_hop1,spatial_knn,3,GFAP,0.22585710418498162,0.20801909453786735,1.2091242014820385
matched_hop1,spatial_knn,3,PLP1,0.47360652939163994,0.47913096223659846,1.1431420392788971
matched_hop1,spatial_knn,3,SAA1,0.3832966764242294,0.35917396681019076,0.9689582779093315
matched_hop1,spatial_knn,3,MGP,0.32751617019275764,0.27437217439470596,1.0236197764610564
matched_hop1,spatial_knn,3,IGKC,0.2467749723207239,0.27123158696878064,1.062500908886093
matched_hop1,spatial_knn,3,FABP4,0.2541141773474055,0.2582817239182379,0.9686690533434691
matched_hop1,spatial_knn,3,MOBP,0.3485278748913758,0.2980460615706811,0.8228751375655151
matched_hop1,spatial_knn,3,HBB,0.3065958908249459,0.23662869110785117,0.8461838999238317
matched_hop1,spatial_knn,3,NEFL,0.1222155417851735,0.12414143731813641,1.062070113860871
matched_hop1,spatial_knn,3,TF,0.32584872224614475,0.2923756196376286,0.9359851275007627
matched_hop1,spatial_knn,3,IGHG3,0.1154774971370953,0.10384328586517524,0.4009947480391522
matched_hop1,spatial_knn,3,CNP,0.30721643456949027,0.27298308233951074,1.03374064060894
matched_hop1,spatial_knn,3,CPB1,0.034351565587429744,0.040132714610425856,0.23197541817380124
matched_hop1,spatial_knn,3,CRYAB,0.27492582944884464,0.27613551284661647,1.0765491589906135
matched_hop1,spatial_knn,3,IGHA1,0.21176030538950036,0.22003891540082512,0.7842518483227949
matched_hop1,spatial_knn,3,KRT8,0.3721402345360477,0.29080925009696384,0.8614672662411441
matched_hop1,spatial_knn,3,MUC1,0.21617617361825314,0.21028838929920843,1.0445676188563067
matched_hop1,spatial_knn,3,KRT19,0.2423709452110337,0.21238003510442446,0.991453816205539
matched_hop1,spatial_knn,3,IGLC2,0.07855250490953383,0.10456837051312956,0.7767135251878466
matched_hop1,spatial_knn,3,TFF1,0.2250433684237908,0.21334643746312532,0.8868900621332835
matched_hop1,spatial_knn,3,MAG,0.28305117269016167,0.23653946992649152,0.7199596975825129
matched_hop1,spatial_knn,3,ERMN,0.2293017062448063,0.19848998445792418,0.6259204236094305
matched_hop1,spatial_knn,3,CLDN11,0.23162616949928086,0.18631076615697334,0.6769931013654192
matched_hop1,spatial_knn,3,CLDND1,0.25229092690944005,0.22681246531347027,0.8638108702110833
matched_hop1,spatial_knn,3,SPP1,0.2758304585671798,0.24284903729285495,0.7629952916580267
matched_hop1,spatial_knn,3,PPP1R14A,0.23482736569526486,0.19806999990927696,0.8384484314724094
matched_hop1,spatial_knn,3,S100B,0.11698853961426396,0.1302509927882012,1.0700600977340027
matched_hop1,spatial_knn,3,MOG,0.23253594242127784,0.19906475870918394,0.5290337501330207
matched_hop1,spatial_knn,3,MALAT1,0.13477080664359198,0.15313826312666523,1.0906555519615966
matched_hop1,spatial_knn,3,CARNS1,0.1996997960881264,0.17877743097699392,0.5656985592370597
matched_hop1,spatial_knn,3,IGHG4,0.07199624930775682,0.06505221459631946,0.38847916016596434
matched_hop1,spatial_knn,3,KRT18,0.3090083519751117,0.24651355086389454,0.7897800165861302
matched_hop1,spatial_knn,3,BCAS1,0.23249969846777238,0.21217476275807082,0.6816564115164965
matched_hop1,spatial_knn,3,PTGDS,0.038374908759688596,0.0361025600242875,1.006113761790871
matched_hop1,spatial_knn,3,SAA2,0.20501541321997402,0.21922489369593787,0.44234019791151186
matched_hop1,spatial_knn,3,SEPT4,0.18957999800484546,0.1609978102035301,0.8581926396887348
matched_hop1,spatial_knn,3,TFF3,0.13759117056605902,0.12869002342642125,0.9498478620096907
matched_hop1,spatial_knn,3,HPCAL1,0.19553858956299977,0.20137281983157612,0.9275637267037893
matched_hop1,spatial_knn,3,S100A11,0.3349448656661579,0.2684125198817915,0.8944701828276744
matched_hop1,spatial_knn,3,ALB,0.0928563330478967,0.07202409950174488,0.12103204897386978
matched_hop1,spatial_knn,3,RNASE1,0.19588987812989384,0.16996841296665907,0.8767038608225854
matched_hop1,spatial_knn,3,TMEM144,0.1627421116792557,0.13816482374495395,0.5647682380021564
matched_hop1,spatial_knn,3,ENPP2,0.2096099693233975,0.17707110922445324,0.6419709372355411
matched_hop1,spatial_knn,3,MAL,0.20586006554376488,0.1756914681198719,0.6496923103141594
matched_hop1,spatial_knn,3,NKX6-2,0.17890216343885518,0.14906648774975934,0.470922096533226
matched_hop1,spatial_knn,3,HSPA2,0.15991071270483584,0.13317228415974453,0.5946539579724848
matched_hop1,spatial_knn,3,G0S2,0.11991472904194375,0.13386017240682035,0.5838398575496517
matched_hop2,mean,3,SCGB2A2,,,1.7456661462783813
matched_hop2,mean,3,SCGB1D2,,,1.486307144165039
matched_hop2,mean,3,MBP,,,1.1883817911148071
matched_hop2,mean,3,GFAP,,,1.2037851810455322
matched_hop2,mean,3,PLP1,,,1.2666163444519043
matched_hop2,mean,3,SAA1,0.0,,1.1087779998779297
matched_hop2,mean,3,MGP,0.0,,1.063731074333191
matched_hop2,mean,3,IGKC,,,1.0870729684829712
matched_hop2,mean,3,FABP4,0.0,,1.0482871532440186
matched_hop2,mean,3,MOBP,0.0,,0.8289719223976135
matched_hop2,mean,3,HBB,,,0.7863306403160095
matched_hop2,mean,3,NEFL,,,1.0472203493118286
matched_hop2,mean,3,TF,,,0.9328364729881287
matched_hop2,mean,3,IGHG3,,,0.4032714068889618
matched_hop2,mean,3,CNP,0.0,,1.0564546585083008
matched_hop2,mean,3,CPB1,0.0,,0.2661404609680176
matched_hop2,mean,3,CRYAB,,,1.0798779726028442
matched_hop2,mean,3,IGHA1,0.0,,0.8136115670204163
matched_hop2,mean,3,KRT8,,,0.9267579317092896
matched_hop2,mean,3,MUC1,0.0,,1.0308374166488647
matched_hop2,mean,3,KRT19,,,1.0278079509735107
matched_hop2,mean,3,IGLC2,0.0,,0.7769010663032532
matched_hop2,mean,3,TFF1,,,0.908638596534729
matched_hop2,mean,3,MAG,,,0.7157068252563477
matched_hop2,mean,3,ERMN,,,0.5935350060462952
matched_hop2,mean,3,CLDN11,0.0,,0.6508048176765442
matched_hop2,mean,3,CLDND1,0.0,,0.8669449687004089
matched_hop2,mean,3,SPP1,0.0,,0.7534502148628235
matched_hop2,mean,3,PPP1R14A,,,0.7997661828994751
matched_hop2,mean,3,S100B,,,1.0468312501907349
matched_hop2,mean,3,MOG,,,0.5151453614234924
matched_hop2,mean,3,MALAT1,,,1.0599310398101807
matched_hop2,mean,3,CARNS1,,,0.5397713780403137
matched_hop2,mean,3,IGHG4,0.0,,0.3896373212337494
matched_hop2,mean,3,KRT18,0.0,,0.823502779006958
matched_hop2,mean,3,BCAS1,,,0.6673754453659058
matched_hop2,mean,3,PTGDS,,,0.98256915807724
matched_hop2,mean,3,SAA2,,,0.48240000009536743
matched_hop2,mean,3,SEPT4,,,0.8363493084907532
matched_hop2,mean,3,TFF3,,,0.9151983261108398
matched_hop2,mean,3,HPCAL1,,,0.9506916403770447
matched_hop2,mean,3,S100A11,0.0,,0.9401876926422119
matched_hop2,mean,3,ALB,,,0.10152104496955872
matched_hop2,mean,3,RNASE1,,,0.8424552083015442
matched_hop2,mean,3,TMEM144,,,0.5484747290611267
matched_hop2,mean,3,ENPP2,0.0,,0.631860613822937
matched_hop2,mean,3,MAL,0.0,,0.6351204514503479
matched_hop2,mean,3,NKX6-2,,,0.45194709300994873
matched_hop2,mean,3,HSPA2,,,0.5696572065353394
matched_hop2,mean,3,G0S2,0.0,,0.6291071176528931
matched_hop2,pca_ridge,3,SCGB2A2,0.25853948319497905,0.25141278629283015,1.700979471206665
matched_hop2,pca_ridge,3,SCGB1D2,0.20043026811269402,0.19687444209246818,1.4628734588623047
matched_hop2,pca_ridge,3,MBP,0.4426570083848622,0.4236147469307098,1.0653021335601807
matched_hop2,pca_ridge,3,GFAP,0.39427054829824193,0.40097970343061434,1.109675645828247
matched_hop2,pca_ridge,3,PLP1,0.4317418570847129,0.37765913714284344,1.1428948640823364
matched_hop2,pca_ridge,3,SAA1,0.0017912339557632107,0.03783442429382969,1.1077309846878052
matched_hop2,pca_ridge,3,MGP,0.0928890893898018,0.07932528170106194,1.0579451322555542
matched_hop2,pca_ridge,3,IGKC,0.12852593082372687,0.1026708351495713,1.0788321495056152
matched_hop2,pca_ridge,3,FABP4,0.006380618912531162,0.035649360678393215,1.0471669435501099
matched_hop2,pca_ridge,3,MOBP,0.338560885030761,0.24871533808003757,0.7867680191993713
matched_hop2,pca_ridge,3,HBB,0.08528822916276552,0.08562365516923306,0.7831754684448242
matched_hop2,pca_ridge,3,NEFL,0.45071039750628666,0.3891740519995272,0.9319037199020386
matched_hop2,pca_ridge,3,TF,0.3605087872991232,0.2755822111246516,0.8735839128494263
matched_hop2,pca_ridge,3,IGHG3,0.032936664922182675,0.03465395817840165,0.4034939110279083
matched_hop2,pca_ridge,3,CNP,0.3431212975139857,0.2651726146863196,0.9950204491615295
matched_hop2,pca_ridge,3,CPB1,0.011417201378453772,0.023794719626208813,0.26770371198654175
matched_hop2,pca_ridge,3,CRYAB,0.32561590222145087,0.2777897350326194,1.0235525369644165
matched_hop2,pca_ridge,3,IGHA1,0.11365454709840477,0.08450491277619405,0.8086644411087036
matched_hop2,pca_ridge,3,KRT8,0.3045392770393337,0.24080297353616537,0.8850921392440796
matched_hop2,pca_ridge,3,MUC1,0.20585670999546404,0.1913713362660562,1.0087025165557861
matched_hop2,pca_ridge,3,KRT19,0.2509370610686171,0.21346786916051622,0.9971950054168701
matched_hop2,pca_ridge,3,IGLC2,0.09007098161336767,0.070746043484597,0.773764431476593
matched_hop2,pca_ridge,3,TFF1,0.060635720009244214,0.09039146222609355,0.9086589813232422
matched_hop2,pca_ridge,3,MAG,0.3239532468644314,0.240411665504207,0.6810675263404846
matched_hop2,pca_ridge,3,ERMN,0.3015367885735403,0.22216604996124786,0.5717896819114685
matched_hop2,pca_ridge,3,CLDN11,0.30549612175396174,0.2179256587956704,0.6245753765106201
matched_hop2,pca_ridge,3,CLDND1,0.30932448526543954,0.233031636778614,0.8266850113868713
matched_hop2,pca_ridge,3,SPP1,0.3339893902069479,0.2523831966726822,0.7127171158790588
matched_hop2,pca_ridge,3,PPP1R14A,0.2928089576457397,0.213155068849073,0.7689933776855469
matched_hop2,pca_ridge,3,S100B,0.24704684339074046,0.2490625246719523,1.018060564994812
matched_hop2,pca_ridge,3,MOG,0.28674008893896735,0.20856455568820903,0.49769967794418335
matched_hop2,pca_ridge,3,MALAT1,0.15211998104177288,0.18217234192456258,1.0479532480239868
matched_hop2,pca_ridge,3,CARNS1,0.28670823177723226,0.20212449686632564,0.5216562151908875
matched_hop2,pca_ridge,3,IGHG4,0.02616433862755324,0.02095048357797468,0.3900541663169861
matched_hop2,pca_ridge,3,KRT18,0.24215817384159025,0.20659951055304024,0.7996876239776611
matched_hop2,pca_ridge,3,BCAS1,0.25085798683846355,0.1889806417720577,0.648587703704834
matched_hop2,pca_ridge,3,PTGDS,0.24502453932478355,0.27521750694688485,0.9536255598068237
matched_hop2,pca_ridge,3,SAA2,0.012495262168288997,0.062108344788841835,0.48219168186187744
matched_hop2,pca_ridge,3,SEPT4,0.2497076086716932,0.20669154213721883,0.8124169111251831
matched_hop2,pca_ridge,3,TFF3,0.13254035407558643,0.1345668829888954,0.907432496547699
matched_hop2,pca_ridge,3,HPCAL1,0.26087618839959514,0.2625224317158479,0.9162696003913879
matched_hop2,pca_ridge,3,S100A11,0.2786122799900844,0.22923636248660798,0.9038304686546326
matched_hop2,pca_ridge,3,ALB,-0.0026697945114872437,-0.0044141356389696615,0.10240612924098969
matched_hop2,pca_ridge,3,RNASE1,0.2610772517776192,0.20835734604863873,0.8160833120346069
matched_hop2,pca_ridge,3,TMEM144,0.27118379761807687,0.20325765260759113,0.5310746431350708
matched_hop2,pca_ridge,3,ENPP2,0.2679664348503844,0.19893366556410197,0.6125545501708984
matched_hop2,pca_ridge,3,MAL,0.24066160960148394,0.1835018598126579,0.6204355955123901
matched_hop2,pca_ridge,3,NKX6-2,0.24780746324272226,0.18730987724768844,0.4419099986553192
matched_hop2,pca_ridge,3,HSPA2,0.24430281869008363,0.1939472877296804,0.5569573044776917
matched_hop2,pca_ridge,3,G0S2,0.05372741246279101,0.08405852975951646,0.6275051236152649
matched_hop2,spatial_knn,3,SCGB2A2,0.517911208032917,0.5136446286400608,1.5937218933460837
matched_hop2,spatial_knn,3,SCGB1D2,0.4171926528324895,0.3995772819679081,1.323049445589572
matched_hop2,spatial_knn,3,MBP,0.5261652544711771,0.5688989956106539,1.028048635167601
matched_hop2,spatial_knn,3,GFAP,0.2075487297004945,0.1912411958491244,1.2115408445883442
matched_hop2,spatial_knn,3,PLP1,0.4598022013797484,0.46390404940933794,1.144782537579248
matched_hop2,spatial_knn,3,SAA1,0.38102535650424807,0.36678552986695356,1.0226823743919213
matched_hop2,spatial_knn,3,MGP,0.3052410591716828,0.24173861088635035,1.0511954747175323
matched_hop2,spatial_knn,3,IGKC,0.21483079338427594,0.23961765891430528,1.101438583232479
matched_hop2,spatial_knn,3,FABP4,0.2659553107501312,0.2688091449971751,1.0279462696255601
matched_hop2,spatial_knn,3,MOBP,0.32924108375541855,0.2820197150643873,0.8093347758504332
matched_hop2,spatial_knn,3,HBB,0.22838661671889157,0.1642150805022792,0.8293917437248273
matched_hop2,spatial_knn,3,NEFL,0.09306996643822266,0.09814444694790499,1.0803340576879792
matched_hop2,spatial_knn,3,TF,0.3133636985732602,0.2834480157958401,0.9217381724551387
matched_hop2,spatial_knn,3,IGHG3,0.08901110962308377,0.0788238701312657,0.4044877344174253
matched_hop2,spatial_knn,3,CNP,0.2918687915580279,0.2606109068416882,1.0236736086184737
matched_hop2,spatial_knn,3,CPB1,0.033989803121712944,0.04162555152751884,0.22807604887399957
matched_hop2,spatial_knn,3,CRYAB,0.2592657371577864,0.2653545402731015,1.0736505423928084
matched_hop2,spatial_knn,3,IGHA1,0.18803713656475973,0.1970244617085728,0.8169898447230506
matched_hop2,spatial_knn,3,KRT8,0.3671992528691969,0.2831874506188932,0.8667222551517869
matched_hop2,spatial_knn,3,MUC1,0.20732075986964968,0.19819658937729898,1.0609805789082385
matched_hop2,spatial_knn,3,KRT19,0.23567940072028154,0.20309166295027645,1.0003495589226468
matched_hop2,spatial_knn,3,IGLC2,0.05564826389415231,0.07256542985795648,0.801122297660647
matched_hop2,spatial_knn,3,TFF1,0.20053261008295623,0.18671309251367726,0.906667393844413
matched_hop2,spatial_knn,3,MAG,0.267115059162402,0.22465054052402583,0.707204313757377
matched_hop2,spatial_knn,3,ERMN,0.2143017005528046,0.18488173727219245,0.6107128520603652
matched_hop2,spatial_knn,3,CLDN11,0.2148710542146768,0.17222492270283496,0.662084305318809
matched_hop2,spatial_knn,3,CLDND1,0.23796391737153577,0.21378178155143987,0.8514862397466735
matched_hop2,spatial_knn,3,SPP1,0.2609707464555748,0.2276203223143254,0.7479459780219133
matched_hop2,spatial_knn,3,PPP1R14A,0.21671862847443327,0.1851515944758667,0.8335757721951015
matched_hop2,spatial_knn,3,S100B,0.09255559500882755,0.10856716389897544,1.077616310401163
matched_hop2,spatial_knn,3,MOG,0.22673780758800957,0.18806270137832382,0.5147988657650618
matched_hop2,spatial_knn,3,MALAT1,0.12715662856834697,0.14872792534071813,1.1005962924698156
matched_hop2,spatial_knn,3,CARNS1,0.1864873724210218,0.16514081231903277,0.5481222192469756
matched_hop2,spatial_knn,3,IGHG4,0.06149958267982682,0.046267124690604323,0.3917919736846966
matched_hop2,spatial_knn,3,KRT18,0.3002465360180967,0.2333283355113702,0.7916813928234238
matched_hop2,spatial_knn,3,BCAS1,0.22743720410226737,0.20350433909944066,0.6714422007165468
matched_hop2,spatial_knn,3,PTGDS,0.02292330052463981,0.020552513064595185,1.0101027718715216
matched_hop2,spatial_knn,3,SAA2,0.19987636632568329,0.2145952874432119,0.4701877569983014
matched_hop2,spatial_knn,3,SEPT4,0.17421725110724687,0.1454918420369949,0.8507215339324173
matched_hop2,spatial_knn,3,TFF3,0.11916951883714266,0.10180803330821697,0.965871478029506
matched_hop2,spatial_knn,3,HPCAL1,0.19475145232359856,0.19989833191453468,0.9391327712912297
matched_hop2,spatial_knn,3,S100A11,0.3278759058235977,0.26203158816635214,0.9029153378388517
matched_hop2,spatial_knn,3,ALB,0.02440931872809887,0.021844942676016527,0.11143035731000972
matched_hop2,spatial_knn,3,RNASE1,0.1723747577738458,0.14749941695031826,0.8716163869731745
matched_hop2,spatial_knn,3,TMEM144,0.1545341025277907,0.12910298351100866,0.5484042013473301
matched_hop2,spatial_knn,3,ENPP2,0.1948217519457137,0.16138433885619177,0.6264934567136997
matched_hop2,spatial_knn,3,MAL,0.19616802539245295,0.16517798081009646,0.6367114812816431
matched_hop2,spatial_knn,3,NKX6-2,0.17717999687408117,0.13468482270895188,0.45375063246452463
matched_hop2,spatial_knn,3,HSPA2,0.13710177350616065,0.11649027319571274,0.5810451897027501
matched_hop2,spatial_knn,3,G0S2,0.11810406700530074,0.12836621200639725,0.6222920014086593
matched_hop5,mean,3,SCGB2A2,0.0,,1.7097454071044922
matched_hop5,mean,3,SCGB1D2,,,1.4587655067443848
matched_hop5,mean,3,MBP,,,1.174821138381958
matched_hop5,mean,3,GFAP,,,1.1914646625518799
matched_hop5,mean,3,PLP1,,,1.2389552593231201
matched_hop5,mean,3,SAA1,0.0,,1.3610107898712158
matched_hop5,mean,3,MGP,0.0,,1.056143879890442
matched_hop5,mean,3,IGKC,,,1.1637628078460693
matched_hop5,mean,3,FABP4,,,1.2750288248062134
matched_hop5,mean,3,MOBP,0.0,,0.7269496321678162
matched_hop5,mean,3,HBB,0.0,,0.7065833210945129
matched_hop5,mean,3,NEFL,,,1.0618953704833984
matched_hop5,mean,3,TF,0.0,,0.8364956974983215
matched_hop5,mean,3,IGHG3,,,0.40387529134750366
matched_hop5,mean,3,CNP,0.0,,1.0044044256210327
matched_hop5,mean,3,CPB1,0.0,,0.257442831993103
matched_hop5,mean,3,CRYAB,,,1.0441011190414429
matched_hop5,mean,3,IGHA1,0.0,,0.8562709093093872
matched_hop5,mean,3,KRT8,,,0.8664214611053467
matched_hop5,mean,3,MUC1,,,1.027071475982666
matched_hop5,mean,3,KRT19,,,1.0142098665237427
matched_hop5,mean,3,IGLC2,,,0.8479126691818237
matched_hop5,mean,3,TFF1,0.0,,0.9393171072006226
matched_hop5,mean,3,MAG,0.0,,0.6297761797904968
matched_hop5,mean,3,ERMN,0.0,,0.502743124961853
matched_hop5,mean,3,CLDN11,0.0,,0.5659884810447693
matched_hop5,mean,3,CLDND1,,,0.7908352017402649
matched_hop5,mean,3,SPP1,0.0,,0.6537894010543823
matched_hop5,mean,3,PPP1R14A,,,0.742283284664154
matched_hop5,mean,3,S100B,,,1.0319758653640747
matched_hop5,mean,3,MOG,,,0.451472669839859
matched_hop5,mean,3,MALAT1,,,1.0672645568847656
matched_hop5,mean,3,CARNS1,,,0.4495706856250763
matched_hop5,mean,3,IGHG4,,,0.3799537122249603
matched_hop5,mean,3,KRT18,,,0.7792136669158936
matched_hop5,mean,3,BCAS1,,,0.5994243025779724
matched_hop5,mean,3,PTGDS,,,0.9744415283203125
matched_hop5,mean,3,SAA2,,,0.6050205826759338
matched_hop5,mean,3,SEPT4,0.0,,0.7805192470550537
matched_hop5,mean,3,TFF3,,,0.9445899128913879
matched_hop5,mean,3,HPCAL1,,,1.0034617185592651
matched_hop5,mean,3,S100A11,,,0.8960856199264526
matched_hop5,mean,3,ALB,,,0.09890935570001602
matched_hop5,mean,3,RNASE1,,,0.7952982187271118
matched_hop5,mean,3,TMEM144,,,0.46167874336242676
matched_hop5,mean,3,ENPP2,,,0.5701408982276917
matched_hop5,mean,3,MAL,,,0.5725175738334656
matched_hop5,mean,3,NKX6-2,,,0.37153878808021545
matched_hop5,mean,3,HSPA2,,,0.5115470886230469
matched_hop5,mean,3,G0S2,0.0,,0.777839183807373
matched_hop5,pca_ridge,3,SCGB2A2,0.2494557589328186,0.23197121501726697,1.695494294166565
matched_hop5,pca_ridge,3,SCGB1D2,0.19265367547553608,0.1827098631877192,1.4530069828033447
matched_hop5,pca_ridge,3,MBP,0.2859219177856203,0.2921798521815359,1.107348084449768
matched_hop5,pca_ridge,3,GFAP,0.3577007859600643,0.36164372569514985,1.116365909576416
matched_hop5,pca_ridge,3,PLP1,0.28156096261555885,0.2597921462644534,1.1745080947875977
matched_hop5,pca_ridge,3,SAA1,-0.022039767756231905,-0.0013998209722558197,1.3566069602966309
matched_hop5,pca_ridge,3,MGP,0.07610070243353134,0.06172364344917282,1.050761342048645
matched_hop5,pca_ridge,3,IGKC,0.18833381870666638,0.1520524909174919,1.1504547595977783
matched_hop5,pca_ridge,3,FABP4,0.005309106255960109,0.031090238898657932,1.2725377082824707
matched_hop5,pca_ridge,3,MOBP,0.15825468175152876,0.12487823565225932,0.7388760447502136
matched_hop5,pca_ridge,3,HBB,0.03996810518146538,0.04716370393219191,0.7044581770896912
matched_hop5,pca_ridge,3,NEFL,0.4395199605466443,0.3801288216808071,0.9482850432395935
matched_hop5,pca_ridge,3,TF,0.19629811174431294,0.17263650267621028,0.831947922706604
matched_hop5,pca_ridge,3,IGHG3,0.033996743471152106,0.04124644794760284,0.4035460352897644
matched_hop5,pca_ridge,3,CNP,0.17751436925411676,0.15026205355767386,0.9941979646682739
matched_hop5,pca_ridge,3,CPB1,-0.004094814625912244,0.011353000060322643,0.25740763545036316
matched_hop5,pca_ridge,3,CRYAB,0.2188234366957779,0.20273350075404376,1.0213468074798584
matched_hop5,pca_ridge,3,IGHA1,0.16865939614697106,0.12338267477332397,0.8489179015159607
matched_hop5,pca_ridge,3,KRT8,0.25506332232645257,0.18472380234372276,0.8331352472305298
matched_hop5,pca_ridge,3,MUC1,0.19078829254715832,0.18097058877267505,1.011383056640625
matched_hop5,pca_ridge,3,KRT19,0.24680007597175002,0.2068634048231118,0.9793985486030579
matched_hop5,pca_ridge,3,IGLC2,0.13616086676236763,0.1097079919649328,0.8426603078842163
matched_hop5,pca_ridge,3,TFF1,0.03670820898074257,0.06186268275507706,0.9426644444465637
matched_hop5,pca_ridge,3,MAG,0.16018969906720715,0.14925423402777774,0.6345457434654236
matched_hop5,pca_ridge,3,ERMN,0.16979942894946395,0.1448564336809529,0.5073223114013672
matched_hop5,pca_ridge,3,CLDN11,0.14500145086693128,0.115351209057197,0.5755095481872559
matched_hop5,pca_ridge,3,CLDND1,0.16198825465373853,0.14557992785660354,0.785071849822998
matched_hop5,pca_ridge,3,SPP1,0.1650449330510811,0.14648086256702206,0.6551576852798462
matched_hop5,pca_ridge,3,PPP1R14A,0.16907181283290332,0.1427084951407207,0.7415225505828857
matched_hop5,pca_ridge,3,S100B,0.18685901110723047,0.20791610363430638,1.0211714506149292
matched_hop5,pca_ridge,3,MOG,0.15805214770348497,0.12351068975166976,0.45581579208374023
matched_hop5,pca_ridge,3,MALAT1,0.15400123849431469,0.1751537286674245,1.0515432357788086
matched_hop5,pca_ridge,3,CARNS1,0.11926288312463884,0.09952954944978214,0.46153947710990906
matched_hop5,pca_ridge,3,IGHG4,0.023555819152975468,0.015115695091810369,0.379964143037796
matched_hop5,pca_ridge,3,KRT18,0.2175398553670938,0.16977578261876267,0.7566514611244202
matched_hop5,pca_ridge,3,BCAS1,0.12766813215288064,0.10647201317672003,0.6019613146781921
matched_hop5,pca_ridge,3,PTGDS,0.17700049327111128,0.22672377659152415,0.9602555632591248
matched_hop5,pca_ridge,3,SAA2,-0.01457912317634019,0.03632248822120407,0.604351818561554
matched_hop5,pca_ridge,3,SEPT4,0.12849532676192393,0.12306219043962792,0.7769774794578552
matched_hop5,pca_ridge,3,TFF3,0.1440450570138316,0.1394888265896682,0.937174916267395
matched_hop5,pca_ridge,3,HPCAL1,0.2670902302634018,0.26336035364703153,0.9562586545944214
matched_hop5,pca_ridge,3,S100A11,0.2428492252051095,0.187588485817259,0.8684626221656799
matched_hop5,pca_ridge,3,ALB,0.00497838011731076,0.006469035362261581,0.09987450391054153
matched_hop5,pca_ridge,3,RNASE1,0.10844231601421188,0.09641161823650063,0.8033348321914673
matched_hop5,pca_ridge,3,TMEM144,0.11361937769451713,0.1083418221872356,0.4708743393421173
matched_hop5,pca_ridge,3,ENPP2,0.13336436122410633,0.11870626599922464,0.5753316879272461
matched_hop5,pca_ridge,3,MAL,0.09613031492238008,0.08693434384395962,0.5820396542549133
matched_hop5,pca_ridge,3,NKX6-2,0.08099488888367799,0.08315616144059325,0.38376015424728394
matched_hop5,pca_ridge,3,HSPA2,0.11687713571730465,0.10922554253304434,0.5187150835990906
matched_hop5,pca_ridge,3,G0S2,0.05762856962407145,0.08105074613473692,0.7749164700508118
matched_hop5,spatial_knn,3,SCGB2A2,0.43090468949273236,0.3796449250654829,1.9117624350917393
matched_hop5,spatial_knn,3,SCGB1D2,0.339185181950903,0.2799790087666359,1.473169860878544
matched_hop5,spatial_knn,3,MBP,0.4486955462407003,0.3982884443421919,1.036377789018829
matched_hop5,spatial_knn,3,GFAP,0.11393035700855932,0.08113535316092689,1.230575961335659
matched_hop5,spatial_knn,3,PLP1,0.3615684660939696,0.3134016031390087,1.1446055063737006
matched_hop5,spatial_knn,3,SAA1,0.3680348310516759,0.37764725969602253,1.2252410292646987
matched_hop5,spatial_knn,3,MGP,0.20108043418573177,0.08922817121961148,1.0859614963652744
matched_hop5,spatial_knn,3,IGKC,0.13483184921287872,0.1481062016617248,1.2122813652254367
matched_hop5,spatial_knn,3,FABP4,0.29735333293060223,0.31065325340948907,1.2388397438787233
matched_hop5,spatial_knn,3,MOBP,0.24730920897403755,0.17284095688188372,0.7356981314813736
matched_hop5,spatial_knn,3,HBB,0.05366539141269005,0.02937063204019681,0.7504498152439049
matched_hop5,spatial_knn,3,NEFL,0.006712507300360556,0.009491705744872648,1.1092596208723389
matched_hop5,spatial_knn,3,TF,0.240797315958062,0.1964980387429489,0.8386451091825833
matched_hop5,spatial_knn,3,IGHG3,0.0071047836289174285,-0.009638766121104208,0.40974439081391545
matched_hop5,spatial_knn,3,CNP,0.19926443497197066,0.16178314081361858,0.9841264368828473
matched_hop5,spatial_knn,3,CPB1,0.02327906900783983,0.03438469861681819,0.2249688326473517
matched_hop5,spatial_knn,3,CRYAB,0.1651160769603178,0.16055994862579198,1.0646929180205382
matched_hop5,spatial_knn,3,IGHA1,0.08238930639065613,0.11445232705754173,0.8863635715333746
matched_hop5,spatial_knn,3,KRT8,0.27942576375638273,0.1833856043203328,0.8306064725333638
matched_hop5,spatial_knn,3,MUC1,0.14212462754289582,0.11706138467000321,1.123272129845896
matched_hop5,spatial_knn,3,KRT19,0.17829850130470137,0.11214896804300455,1.0053179602069189
matched_hop5,spatial_knn,3,IGLC2,-0.05850665571327732,-0.07566681162669997,0.8878055883912138
matched_hop5,spatial_knn,3,TFF1,0.06775297860187648,0.060122685298977345,0.9879171201569085
matched_hop5,spatial_knn,3,MAG,0.18831937288431191,0.1458106603747412,0.6274130867957516
matched_hop5,spatial_knn,3,ERMN,0.17108707387752356,0.10403111590929233,0.5293194602743838
matched_hop5,spatial_knn,3,CLDN11,0.1465784455838775,0.09649428387067362,0.5885003455942659
matched_hop5,spatial_knn,3,CLDND1,0.1559301618235248,0.11197121382391817,0.7796536784437589
matched_hop5,spatial_knn,3,SPP1,0.20364787296468242,0.14278131001077524,0.659170112796171
matched_hop5,spatial_knn,3,PPP1R14A,0.1618508593068387,0.10968823941282842,0.7835007495804653
matched_hop5,spatial_knn,3,S100B,0.05277832056256553,0.06810519065247593,1.0707576555335079
matched_hop5,spatial_knn,3,MOG,0.16477440730226525,0.11675944955383648,0.4597734423861469
matched_hop5,spatial_knn,3,MALAT1,0.11175861657849252,0.10916072821500233,1.1210859809183438
matched_hop5,spatial_knn,3,CARNS1,0.13250674245000077,0.09948715636934138,0.4611949422946166
matched_hop5,spatial_knn,3,IGHG4,-0.012350175838549592,-0.028228558868267726,0.3845488012535933
matched_hop5,spatial_knn,3,KRT18,0.22163171795210138,0.11893672725252513,0.7655191939195666
matched_hop5,spatial_knn,3,BCAS1,0.1992027331355442,0.12987077031425312,0.6044664530149657
matched_hop5,spatial_knn,3,PTGDS,0.007833511570014157,0.004690765026442498,1.0084166752251578
matched_hop5,spatial_knn,3,SAA2,0.17623703007848573,0.18703200293998606,0.5851569317976675
matched_hop5,spatial_knn,3,SEPT4,0.1346001873041423,0.0893915145581838,0.7928256301602828
matched_hop5,spatial_knn,3,TFF3,0.029203705018148198,-0.00766416392773418,1.0593508834434537
matched_hop5,spatial_knn,3,HPCAL1,0.17418921721564604,0.16215483162598343,0.9790436996864925
matched_hop5,spatial_knn,3,S100A11,0.2762195957313248,0.1844009326469404,0.8830382216136885
matched_hop5,spatial_knn,3,ALB,-0.017563596053635534,-0.02059777796615031,0.10826158008035626
matched_hop5,spatial_knn,3,RNASE1,0.09658043326645707,0.06037248999018067,0.8433781908197818
matched_hop5,spatial_knn,3,TMEM144,0.09184530065801826,0.07085428831044661,0.4681904377986016
matched_hop5,spatial_knn,3,ENPP2,0.11991491113132406,0.08595857595930081,0.5742672478942904
matched_hop5,spatial_knn,3,MAL,0.11797677741802336,0.08452666422822873,0.582377550585401
matched_hop5,spatial_knn,3,NKX6-2,0.11015635217790967,0.07460075901119552,0.3741970587359844
matched_hop5,spatial_knn,3,HSPA2,0.06649982067258198,0.04136049113379219,0.5335119464445297
matched_hop5,spatial_knn,3,G0S2,0.1084922609375263,0.11622804986215898,0.763225899543943
matched_coord0.25,mean,3,SCGB2A2,,,1.7556490898132324
matched_coord0.25,mean,3,SCGB1D2,,,1.510901689529419
matched_coord0.25,mean,3,MBP,0.0,,1.1780402660369873
matched_coord0.25,mean,3,GFAP,0.0,,1.1852315664291382
matched_coord0.25,mean,3,PLP1,,,1.2451733350753784
matched_coord0.25,mean,3,SAA1,,,1.220870852470398
matched_coord0.25,mean,3,MGP,0.0,,1.086224913597107
matched_coord0.25,mean,3,IGKC,,,1.1290496587753296
matched_coord0.25,mean,3,FABP4,0.0,,1.1452502012252808
matched_coord0.25,mean,3,MOBP,0.0,,0.7892531156539917
matched_coord0.25,mean,3,HBB,0.0,,0.7352389097213745
matched_coord0.25,mean,3,NEFL,,,1.0573872327804565
matched_coord0.25,mean,3,TF,,,0.8869405388832092
matched_coord0.25,mean,3,IGHG3,,,0.3890365660190582
matched_coord0.25,mean,3,CNP,0.0,,1.032109260559082
matched_coord0.25,mean,3,CPB1,0.0,,0.2626882791519165
matched_coord0.25,mean,3,CRYAB,,,1.0600838661193848
matched_coord0.25,mean,3,IGHA1,0.0,,0.844924807548523
matched_coord0.25,mean,3,KRT8,,,0.9010535478591919
matched_coord0.25,mean,3,MUC1,,,1.0333852767944336
matched_coord0.25,mean,3,KRT19,,,1.0280414819717407
matched_coord0.25,mean,3,IGLC2,,,0.813015878200531
matched_coord0.25,mean,3,TFF1,,,0.9336380958557129
matched_coord0.25,mean,3,MAG,,,0.6730756163597107
matched_coord0.25,mean,3,ERMN,,,0.5454855561256409
matched_coord0.25,mean,3,CLDN11,,,0.6065521240234375
matched_coord0.25,mean,3,CLDND1,,,0.8344181776046753
matched_coord0.25,mean,3,SPP1,0.0,,0.7024049758911133
matched_coord0.25,mean,3,PPP1R14A,,,0.7706176042556763
matched_coord0.25,mean,3,S100B,0.0,,1.0375159978866577
matched_coord0.25,mean,3,MOG,,,0.4795934557914734
matched_coord0.25,mean,3,MALAT1,0.0,,1.0697542428970337
matched_coord0.25,mean,3,CARNS1,0.0,,0.49532556533813477
matched_coord0.25,mean,3,IGHG4,0.0,,0.3820233941078186
matched_coord0.25,mean,3,KRT18,0.0,,0.812349796295166
matched_coord0.25,mean,3,BCAS1,0.0,,0.6337743401527405
matched_coord0.25,mean,3,PTGDS,,,0.9849406480789185
matched_coord0.25,mean,3,SAA2,,,0.537031888961792
matched_coord0.25,mean,3,SEPT4,,,0.8118414878845215
matched_coord0.25,mean,3,TFF3,,,0.9391953349113464
matched_coord0.25,mean,3,HPCAL1,,,0.9736302495002747
matched_coord0.25,mean,3,S100A11,,,0.9251786470413208
matched_coord0.25,mean,3,ALB,,,0.1035388708114624
matched_coord0.25,mean,3,RNASE1,,,0.8205597996711731
matched_coord0.25,mean,3,TMEM144,,,0.5097638368606567
matched_coord0.25,mean,3,ENPP2,,,0.5993143916130066
matched_coord0.25,mean,3,MAL,,,0.6015064120292664
matched_coord0.25,mean,3,NKX6-2,0.0,,0.4096170663833618
matched_coord0.25,mean,3,HSPA2,,,0.5444881319999695
matched_coord0.25,mean,3,G0S2,0.0,,0.6900229454040527
matched_coord0.25,pca_ridge,3,SCGB2A2,0.2647571631487512,0.2556201388533691,1.720617413520813
matched_coord0.25,pca_ridge,3,SCGB1D2,0.21230538125395423,0.20518387159203272,1.4912807941436768
matched_coord0.25,pca_ridge,3,MBP,0.37382017110149085,0.37872208314497985,1.0882642269134521
matched_coord0.25,pca_ridge,3,GFAP,0.3609301840111862,0.37861991588530747,1.110878825187683
matched_coord0.25,pca_ridge,3,PLP1,0.36494318308416074,0.3377244623075204,1.1568711996078491
matched_coord0.25,pca_ridge,3,SAA1,-0.006966923869300166,0.024667547332170903,1.2185842990875244
matched_coord0.25,pca_ridge,3,MGP,0.07915424650283343,0.06629175683387206,1.0802758932113647
matched_coord0.25,pca_ridge,3,IGKC,0.16518660121699313,0.13402557299126694,1.1173158884048462
matched_coord0.25,pca_ridge,3,FABP4,0.011877960764513388,0.039121944158918794,1.1433955430984497
matched_coord0.25,pca_ridge,3,MOBP,0.24465930454981732,0.1915753227411432,0.779214084148407
matched_coord0.25,pca_ridge,3,HBB,0.06382769247427977,0.06436822943720841,0.7329509258270264
matched_coord0.25,pca_ridge,3,NEFL,0.4426374260700539,0.38200879902392665,0.9440723657608032
matched_coord0.25,pca_ridge,3,TF,0.27749182991702487,0.23062116851153847,0.8599939346313477
matched_coord0.25,pca_ridge,3,IGHG3,0.029045322323102182,0.03195590429008954,0.38922634720802307
matched_coord0.25,pca_ridge,3,CNP,0.2538173298398583,0.20862089656956093,1.0038728713989258
matched_coord0.25,pca_ridge,3,CPB1,0.010572071774435548,0.02429673445134229,0.26366978883743286
matched_coord0.25,pca_ridge,3,CRYAB,0.25897152390058886,0.23825030743094178,1.0289555788040161
matched_coord0.25,pca_ridge,3,IGHA1,0.14425077505645179,0.10390306400942373,0.8384531736373901
matched_coord0.25,pca_ridge,3,KRT8,0.2880514253238088,0.21799449198227477,0.8629965782165527
matched_coord0.25,pca_ridge,3,MUC1,0.1896792017420024,0.1765508628859185,1.0157748460769653
matched_coord0.25,pca_ridge,3,KRT19,0.2500764168545988,0.21280836677376722,0.996015191078186
matched_coord0.25,pca_ridge,3,IGLC2,0.1126575554562061,0.08892014703404742,0.8086801171302795
matched_coord0.25,pca_ridge,3,TFF1,0.04460859399465657,0.06985014157671862,0.9353864789009094
matched_coord0.25,pca_ridge,3,MAG,0.22992518131894857,0.1945182092712686,0.6644340753555298
matched_coord0.25,pca_ridge,3,ERMN,0.21693010051050776,0.1815870660661888,0.5433436036109924
matched_coord0.25,pca_ridge,3,CLDN11,0.22147744445306597,0.17157268008535942,0.6014463305473328
matched_coord0.25,pca_ridge,3,CLDND1,0.23637237684269252,0.19516653626238792,0.8145139813423157
matched_coord0.25,pca_ridge,3,SPP1,0.25366206302580246,0.2058915088985883,0.6849798560142517
matched_coord0.25,pca_ridge,3,PPP1R14A,0.22533980573557025,0.18216901540806796,0.758253276348114
matched_coord0.25,pca_ridge,3,S100B,0.19575234540148498,0.21552011652665062,1.024804949760437
matched_coord0.25,pca_ridge,3,MOG,0.21250699541118992,0.16479139831903789,0.47615858912467957
matched_coord0.25,pca_ridge,3,MALAT1,0.15856800192373072,0.18384048233390993,1.0555723905563354
matched_coord0.25,pca_ridge,3,CARNS1,0.19273196035831697,0.15161238557231518,0.4961318373680115
matched_coord0.25,pca_ridge,3,IGHG4,0.031501560178359145,0.025665784924380763,0.38206279277801514
matched_coord0.25,pca_ridge,3,KRT18,0.22875540579520215,0.18503671448453912,0.7901999950408936
matched_coord0.25,pca_ridge,3,BCAS1,0.17662582166736315,0.14367730628261632,0.6298209428787231
matched_coord0.25,pca_ridge,3,PTGDS,0.20024745663737506,0.2438888135895581,0.9660577178001404
matched_coord0.25,pca_ridge,3,SAA2,0.001642938953820289,0.057062944927726886,0.5367063879966736
matched_coord0.25,pca_ridge,3,SEPT4,0.17893319799036855,0.16057003566397746,0.8030369877815247
matched_coord0.25,pca_ridge,3,TFF3,0.12811149475753356,0.1256608836702739,0.9324151873588562
matched_coord0.25,pca_ridge,3,HPCAL1,0.2708625099315085,0.26892378781581294,0.933388888835907
matched_coord0.25,pca_ridge,3,S100A11,0.26370688415653987,0.2089524421732295,0.8928647637367249
matched_coord0.25,pca_ridge,3,ALB,-0.003566458865769064,-0.0031635305194335447,0.10446172952651978
matched_coord0.25,pca_ridge,3,RNASE1,0.17920035946631496,0.15534391657222307,0.8146745562553406
matched_coord0.25,pca_ridge,3,TMEM144,0.18060962345607673,0.1560976435855534,0.509152352809906
matched_coord0.25,pca_ridge,3,ENPP2,0.17836555532458157,0.14842357897876263,0.5985084176063538
matched_coord0.25,pca_ridge,3,MAL,0.1599356819917312,0.13527346316713873,0.6020047664642334
matched_coord0.25,pca_ridge,3,NKX6-2,0.1535077726513382,0.13148699929311297,0.413858562707901
matched_coord0.25,pca_ridge,3,HSPA2,0.17738897378274046,0.15663415130470615,0.5431097745895386
matched_coord0.25,pca_ridge,3,G0S2,0.062280461331351504,0.08895029922007404,0.6877502799034119
matched_coord0.25,spatial_knn,3,SCGB2A2,0.49204503491984064,0.47730555806798397,1.7233708087951067
matched_coord0.25,spatial_knn,3,SCGB1D2,0.3956230768797211,0.36735083846536337,1.3967445422650926
matched_coord0.25,spatial_knn,3,MBP,0.49405044092935113,0.5244790265043542,1.0390440486355705
matched_coord0.25,spatial_knn,3,GFAP,0.16329231228960248,0.1469686770584981,1.21369072724986
matched_coord0.25,spatial_knn,3,PLP1,0.4161671361876889,0.41774921770259094,1.1507814369648597
matched_coord0.25,spatial_knn,3,SAA1,0.3889112374433506,0.38956019592371277,1.1142747329244465
matched_coord0.25,spatial_knn,3,MGP,0.2551173977461472,0.16519909842837988,1.0969263222656251
matched_coord0.25,spatial_knn,3,IGKC,0.17294104900988155,0.1946322210686855,1.1620096078720514
matched_coord0.25,spatial_knn,3,FABP4,0.2975631297685378,0.3028651369724606,1.1180068729676633
matched_coord0.25,spatial_knn,3,MOBP,0.3064004597968474,0.25255525428789066,0.7816593677326643
matched_coord0.25,spatial_knn,3,HBB,0.13571332433153754,0.09925137056497156,0.7937871464935431
matched_coord0.25,spatial_knn,3,NEFL,0.05834782207682805,0.06607915475262036,1.0972876163460232
matched_coord0.25,spatial_knn,3,TF,0.2746064982294224,0.2527417146521237,0.8917604756829386
matched_coord0.25,spatial_knn,3,IGHG3,0.031182341744433066,0.015398105599573313,0.39236928878382504
matched_coord0.25,spatial_knn,3,CNP,0.2479633385806782,0.2206968151965478,1.010021417905946
matched_coord0.25,spatial_knn,3,CPB1,0.030897954986204818,0.03738720501719644,0.22614995933502072
matched_coord0.25,spatial_knn,3,CRYAB,0.21082547170223725,0.22211022946498113,1.0738833786439714
matched_coord0.25,spatial_knn,3,IGHA1,0.14808584979458375,0.16505381936464186,0.8590712080520987
matched_coord0.25,spatial_knn,3,KRT8,0.31935258490592955,0.23534088848168608,0.861345919025222
matched_coord0.25,spatial_knn,3,MUC1,0.1660036915901715,0.15327725170054848,1.0949056743284689
matched_coord0.25,spatial_knn,3,KRT19,0.20730725034318526,0.16726450966919085,1.0158037680474308
matched_coord0.25,spatial_knn,3,IGLC2,0.0028195932022842237,0.00437549467437668,0.8465453185245294
matched_coord0.25,spatial_knn,3,TFF1,0.14447212257773157,0.12934175096703182,0.9510798943310158
matched_coord0.25,spatial_knn,3,MAG,0.22168726488935622,0.18915307140462173,0.6757347485556897
matched_coord0.25,spatial_knn,3,ERMN,0.17025667007426074,0.14644925552028965,0.5767533634910831
matched_coord0.25,spatial_knn,3,CLDN11,0.17726694534373186,0.13958039225406274,0.6286954060576081
matched_coord0.25,spatial_knn,3,CLDND1,0.20136503163156702,0.17554908157998408,0.8271015321936872
matched_coord0.25,spatial_knn,3,SPP1,0.23213530071270166,0.1940780547777442,0.7068496442242013
matched_coord0.25,spatial_knn,3,PPP1R14A,0.17680586895803868,0.14759043041499545,0.8185677133667261
matched_coord0.25,spatial_knn,3,S100B,0.060845979249545906,0.07771912712278042,1.0779669038139488
matched_coord0.25,spatial_knn,3,MOG,0.17973866024748053,0.14750149082308814,0.487596927623524
matched_coord0.25,spatial_knn,3,MALAT1,0.12743808174030197,0.1434807095238816,1.1128349534827038
matched_coord0.25,spatial_knn,3,CARNS1,0.15515423400015566,0.13640350527456283,0.5105326778220067
matched_coord0.25,spatial_knn,3,IGHG4,0.019379469627964732,0.0022495800971113248,0.3859686268068325
matched_coord0.25,spatial_knn,3,KRT18,0.2605613095539443,0.18082367648544417,0.7921971249478537
matched_coord0.25,spatial_knn,3,BCAS1,0.20539653347253758,0.17641350419741042,0.6451252769136376
matched_coord0.25,spatial_knn,3,PTGDS,0.010487255544746495,0.005701262013488276,1.0140244990661946
matched_coord0.25,spatial_knn,3,SAA2,0.19815718270929258,0.21490034476669245,0.5216755567695006
matched_coord0.25,spatial_knn,3,SEPT4,0.1396018115422365,0.10652386743222184,0.8327959083770576
matched_coord0.25,spatial_knn,3,TFF3,0.08202719180259194,0.05358643650896826,1.0149322444317643
matched_coord0.25,spatial_knn,3,HPCAL1,0.19271665960124926,0.1947488853525414,0.9568354827713108
matched_coord0.25,spatial_knn,3,S100A11,0.30564287174271165,0.23340539858269482,0.8998055446281539
matched_coord0.25,spatial_knn,3,ALB,0.005899542039771057,-0.008184711426933555,0.1142677271165968
matched_coord0.25,spatial_knn,3,RNASE1,0.12860175578981728,0.10899549458740483,0.8649760486901014
matched_coord0.25,spatial_knn,3,TMEM144,0.11848449923346326,0.09431815814186592,0.5138765985177232
matched_coord0.25,spatial_knn,3,ENPP2,0.16008231468631304,0.12290262078383127,0.5991875818269992
matched_coord0.25,spatial_knn,3,MAL,0.1551360138556517,0.1267454919280799,0.6075069667835736
matched_coord0.25,spatial_knn,3,NKX6-2,0.13919864851344366,0.10167017438748097,0.41567186162148956
matched_coord0.25,spatial_knn,3,HSPA2,0.08997938803188887,0.07133032089375267,0.5634861365908301
matched_coord0.25,spatial_knn,3,G0S2,0.1203941934860212,0.1304549941674135,0.6799760778287257
matched_coord0.5,mean,3,SCGB2A2,,,1.639739751815796
matched_coord0.5,mean,3,SCGB1D2,,,1.3976900577545166
matched_coord0.5,mean,3,MBP,,,1.1856437921524048
matched_coord0.5,mean,3,GFAP,,,1.1752105951309204
matched_coord0.5,mean,3,PLP1,,,1.2165770530700684
matched_coord0.5,mean,3,SAA1,0.0,,1.4084486961364746
matched_coord0.5,mean,3,MGP,0.0,,1.0111584663391113
matched_coord0.5,mean,3,IGKC,,,1.1594797372817993
matched_coord0.5,mean,3,FABP4,0.0,,1.3218882083892822
matched_coord0.5,mean,3,MOBP,0.0,,0.6753759384155273
matched_coord0.5,mean,3,HBB,0.0,,0.6950437426567078
matched_coord0.5,mean,3,NEFL,,,1.051668643951416
matched_coord0.5,mean,3,TF,,,0.7918035387992859
matched_coord0.5,mean,3,IGHG3,,,0.3968133330345154
matched_coord0.5,mean,3,CNP,0.0,,0.9728168249130249
matched_coord0.5,mean,3,CPB1,0.0,,0.2597893476486206
matched_coord0.5,mean,3,CRYAB,,,1.0237945318222046
matched_coord0.5,mean,3,IGHA1,,,0.849460244178772
matched_coord0.5,mean,3,KRT8,,,0.8161587715148926
matched_coord0.5,mean,3,MUC1,0.0,,1.00840425491333
matched_coord0.5,mean,3,KRT19,,,0.9880822896957397
matched_coord0.5,mean,3,IGLC2,,,0.8155043721199036
matched_coord0.5,mean,3,TFF1,,,0.9499907493591309
matched_coord0.5,mean,3,MAG,,,0.5818066000938416
matched_coord0.5,mean,3,ERMN,,,0.4534667730331421
matched_coord0.5,mean,3,CLDN11,0.0,,0.528817892074585
matched_coord0.5,mean,3,CLDND1,,,0.7642345428466797
matched_coord0.5,mean,3,SPP1,0.0,,0.6029570698738098
matched_coord0.5,mean,3,PPP1R14A,,,0.7017521262168884
matched_coord0.5,mean,3,S100B,0.0,,1.0270181894302368
matched_coord0.5,mean,3,MOG,,,0.4040026366710663
matched_coord0.5,mean,3,MALAT1,,,1.0617749691009521
matched_coord0.5,mean,3,CARNS1,0.0,,0.42129096388816833
matched_coord0.5,mean,3,IGHG4,0.0,,0.367360919713974
matched_coord0.5,mean,3,KRT18,0.0,,0.7251737117767334
matched_coord0.5,mean,3,BCAS1,,,0.5501216053962708
matched_coord0.5,mean,3,PTGDS,,,0.9513346552848816
matched_coord0.5,mean,3,SAA2,,,0.6547410488128662
matched_coord0.5,mean,3,SEPT4,0.0,,0.75266432762146
matched_coord0.5,mean,3,TFF3,,,0.9584081172943115
matched_coord0.5,mean,3,HPCAL1,,,1.0243046283721924
matched_coord0.5,mean,3,S100A11,,,0.8356235027313232
matched_coord0.5,mean,3,ALB,,,0.10361188650131226
matched_coord0.5,mean,3,RNASE1,,,0.7743606567382812
matched_coord0.5,mean,3,TMEM144,,,0.4383387565612793
matched_coord0.5,mean,3,ENPP2,,,0.5412688255310059
matched_coord0.5,mean,3,MAL,,,0.5460811853408813
matched_coord0.5,mean,3,NKX6-2,,,0.3338751792907715
matched_coord0.5,mean,3,HSPA2,,,0.48136842250823975
matched_coord0.5,mean,3,G0S2,0.0,,0.8012111783027649
matched_coord0.5,pca_ridge,3,SCGB2A2,0.22834387714586882,0.20374659435870054,1.6459298133850098
matched_coord0.5,pca_ridge,3,SCGB1D2,0.177128011932975,0.15941151720877886,1.4016717672348022
matched_coord0.5,pca_ridge,3,MBP,0.21811901341046652,0.22132075558164033,1.1164695024490356
matched_coord0.5,pca_ridge,3,GFAP,0.3640965267775083,0.36286444262333295,1.0947494506835938
matched_coord0.5,pca_ridge,3,PLP1,0.21102573607253758,0.19484841298314393,1.1611952781677246
matched_coord0.5,pca_ridge,3,SAA1,-0.06870424961671054,-0.0458452588523717,1.40317702293396
matched_coord0.5,pca_ridge,3,MGP,0.07125240721575553,0.05963609676670556,1.0075585842132568
matched_coord0.5,pca_ridge,3,IGKC,0.1951425191908033,0.15683407443009414,1.1461046934127808
matched_coord0.5,pca_ridge,3,FABP4,-0.006362695859345512,0.018095997375867832,1.3186017274856567
matched_coord0.5,pca_ridge,3,MOBP,0.11763495421340005,0.092449074217915,0.6899595260620117
matched_coord0.5,pca_ridge,3,HBB,0.03208697346613307,0.04826284088781764,0.6927433609962463
matched_coord0.5,pca_ridge,3,NEFL,0.4434546403165792,0.38434028759264316,0.9383987188339233
matched_coord0.5,pca_ridge,3,TF,0.1406045740622421,0.1322098462619824,0.7965220808982849
matched_coord0.5,pca_ridge,3,IGHG3,0.023686118260881312,0.03323377029507562,0.3965180218219757
matched_coord0.5,pca_ridge,3,CNP,0.11447677318133054,0.0994730424730696,0.9729474782943726
matched_coord0.5,pca_ridge,3,CPB1,-0.014939310978726084,-0.0011534551103591628,0.2587296962738037
matched_coord0.5,pca_ridge,3,CRYAB,0.1858951444297187,0.1768513458577168,1.0059148073196411
matched_coord0.5,pca_ridge,3,IGHA1,0.1645001393783128,0.11956216467189473,0.8427295684814453
matched_coord0.5,pca_ridge,3,KRT8,0.21188035395163965,0.14841737685343193,0.7877756953239441
matched_coord0.5,pca_ridge,3,MUC1,0.17420704222222472,0.16698367107150544,0.9982390999794006
matched_coord0.5,pca_ridge,3,KRT19,0.21120861589096943,0.17505920365683814,0.9570069313049316
matched_coord0.5,pca_ridge,3,IGLC2,0.14480380337470514,0.12568045810812892,0.8102197051048279
matched_coord0.5,pca_ridge,3,TFF1,0.04296034887585856,0.06129555813382702,0.9522905349731445
matched_coord0.5,pca_ridge,3,MAG,0.11398306608201235,0.11237833609411818,0.5919901728630066
matched_coord0.5,pca_ridge,3,ERMN,0.12970941243128783,0.11804455987850285,0.4626264274120331
matched_coord0.5,pca_ridge,3,CLDN11,0.10798197234687924,0.08591534821370662,0.5428937077522278
matched_coord0.5,pca_ridge,3,CLDND1,0.11638347264312668,0.11234919369413834,0.7634615302085876
matched_coord0.5,pca_ridge,3,SPP1,0.14164591112418456,0.1325174496057912,0.603659451007843
matched_coord0.5,pca_ridge,3,PPP1R14A,0.12036535617004744,0.10967578809288306,0.7097277641296387
matched_coord0.5,pca_ridge,3,S100B,0.21125007822789282,0.22441549950886772,1.0083318948745728
matched_coord0.5,pca_ridge,3,MOG,0.10340195454660103,0.08055324609733308,0.4158414602279663
matched_coord0.5,pca_ridge,3,MALAT1,0.1708562432168801,0.19217615145150604,1.0392329692840576
matched_coord0.5,pca_ridge,3,CARNS1,0.08916191202807411,0.06976455618585636,0.4351740777492523
matched_coord0.5,pca_ridge,3,IGHG4,0.015656489119358387,0.01038089360861263,0.3672237694263458
matched_coord0.5,pca_ridge,3,KRT18,0.17324327920288266,0.12496011520520983,0.707170307636261
matched_coord0.5,pca_ridge,3,BCAS1,0.08949949060970086,0.07273279341551343,0.5561589002609253
matched_coord0.5,pca_ridge,3,PTGDS,0.203794891404609,0.24640464135153983,0.9306256771087646
matched_coord0.5,pca_ridge,3,SAA2,-0.04260985492587976,0.012580233093278362,0.6537825465202332
matched_coord0.5,pca_ridge,3,SEPT4,0.09079347776661699,0.0922235737430224,0.7514664530754089
matched_coord0.5,pca_ridge,3,TFF3,0.14224990990566122,0.140210033514492,0.9530909061431885
matched_coord0.5,pca_ridge,3,HPCAL1,0.2581641037808019,0.2525392609627558,0.9682693481445312
matched_coord0.5,pca_ridge,3,S100A11,0.2118946215224698,0.15616963952895271,0.8135424852371216
matched_coord0.5,pca_ridge,3,ALB,-0.003888391130646638,-0.0014649348457805144,0.10470519959926605
matched_coord0.5,pca_ridge,3,RNASE1,0.09594432420312611,0.08930946617332601,0.7820248603820801
matched_coord0.5,pca_ridge,3,TMEM144,0.09508901012138415,0.09377205937815106,0.4475468099117279
matched_coord0.5,pca_ridge,3,ENPP2,0.10023135558048821,0.09438742822109962,0.5504184365272522
matched_coord0.5,pca_ridge,3,MAL,0.0532885218994381,0.052135862047940226,0.5604053139686584
matched_coord0.5,pca_ridge,3,NKX6-2,0.04179266712567622,0.05930769456566861,0.3490956425666809
matched_coord0.5,pca_ridge,3,HSPA2,0.08604374728627015,0.09653577948167083,0.49119842052459717
matched_coord0.5,pca_ridge,3,G0S2,0.044499329284104,0.06864865808681522,0.797733724117279
matched_coord0.5,spatial_knn,3,SCGB2A2,0.28249767940944354,0.20437684409216036,2.0950257483997468
matched_coord0.5,spatial_knn,3,SCGB1D2,0.21477109433219965,0.12453940061486762,1.537954030529677
matched_coord0.5,spatial_knn,3,MBP,0.3426540858759344,0.22422272997012083,1.0355437686562088
matched_coord0.5,spatial_knn,3,GFAP,0.05404474185178169,0.022271498701982372,1.226021127635798
matched_coord0.5,spatial_knn,3,PLP1,0.2605769331073352,0.19237899513903536,1.1200303455428946
matched_coord0.5,spatial_knn,3,SAA1,0.4015029370242488,0.4032975832759277,1.2394828873881072
matched_coord0.5,spatial_knn,3,MGP,0.18486424340505692,0.05998143786116321,1.0419789500805647
matched_coord0.5,spatial_knn,3,IGKC,0.16659985831768026,0.17386117240785995,1.1904471272369772
matched_coord0.5,spatial_knn,3,FABP4,0.32057295364389793,0.3387699793581056,1.2771911680092267
matched_coord0.5,spatial_knn,3,MOBP,0.1721824498014325,0.09259728893063979,0.6802899820369552
matched_coord0.5,spatial_knn,3,HBB,0.06017336321441546,0.024561812152687615,0.7150422885563408
matched_coord0.5,spatial_knn,3,NEFL,-0.057574281471877375,-0.04716026949484176,1.101883136082388
matched_coord0.5,spatial_knn,3,TF,0.2009501537343063,0.1365568021402781,0.7732198216506321
matched_coord0.5,spatial_knn,3,IGHG3,-0.014348070664803394,-0.026860212545268977,0.4037272238554086
matched_coord0.5,spatial_knn,3,CNP,0.1253434070963101,0.08669540133964,0.9483328699504677
matched_coord0.5,spatial_knn,3,CPB1,0.022113683278982013,0.03627118829853059,0.23304311618144427
matched_coord0.5,spatial_knn,3,CRYAB,0.11803844905745421,0.11259707975927817,1.0347345957172123
matched_coord0.5,spatial_knn,3,IGHA1,0.1303011760485429,0.1450477514598045,0.8756871967170571
matched_coord0.5,spatial_knn,3,KRT8,0.20656861370691604,0.0850145653497043,0.7781813473482885
matched_coord0.5,spatial_knn,3,MUC1,0.06317466007651232,0.03911281275177387,1.1536410059504931
matched_coord0.5,spatial_knn,3,KRT19,0.11354660794993379,0.0216434240385304,0.9800374321229476
matched_coord0.5,spatial_knn,3,IGLC2,-0.05857147033537606,-0.10458870571956953,0.849807962650484
matched_coord0.5,spatial_knn,3,TFF1,-0.0072893617600610725,-0.006554880969083292,1.0251068815371653
matched_coord0.5,spatial_knn,3,MAG,0.1638697495572607,0.10588365413800234,0.561841365792201
matched_coord0.5,spatial_knn,3,ERMN,0.08166127939586276,0.032887378248981594,0.4706850453794013
matched_coord0.5,spatial_knn,3,CLDN11,0.10335176631462699,0.059880145292107244,0.5433875681305205
matched_coord0.5,spatial_knn,3,CLDND1,0.10371605351019877,0.053207097087286596,0.7464233308412159
matched_coord0.5,spatial_knn,3,SPP1,0.13409488897532523,0.06593391818218292,0.594997981604765
matched_coord0.5,spatial_knn,3,PPP1R14A,0.10272532184404679,0.06188225842718807,0.733891165253836
matched_coord0.5,spatial_knn,3,S100B,0.04353105805822916,0.053627820776727994,1.0612430442141145
matched_coord0.5,spatial_knn,3,MOG,0.1271382826131357,0.06127200406007943,0.4048212798781487
matched_coord0.5,spatial_knn,3,MALAT1,0.1056992749436337,0.10157941706163848,1.131687300623525
matched_coord0.5,spatial_knn,3,CARNS1,0.0812239187231375,0.03274633266461332,0.4282755875744299
matched_coord0.5,spatial_knn,3,IGHG4,-0.02650055361586621,-0.03803519217810901,0.3719922842516848
matched_coord0.5,spatial_knn,3,KRT18,0.1328832882528132,0.012327016842630243,0.7126773722389695
matched_coord0.5,spatial_knn,3,BCAS1,0.1653919162549132,0.06488487101845467,0.5511045416592095
matched_coord0.5,spatial_knn,3,PTGDS,0.017012422256925966,0.014897154458109537,0.9869267110119175
matched_coord0.5,spatial_knn,3,SAA2,0.18363753581290443,0.19413716351236912,0.6289938566610881
matched_coord0.5,spatial_knn,3,SEPT4,0.09492918546740159,0.05784085352182697,0.7501396032226173
matched_coord0.5,spatial_knn,3,TFF3,-0.0353295031764518,-0.06865655528009937,1.1157356698250713
matched_coord0.5,spatial_knn,3,HPCAL1,0.12009767781359336,0.09213278377244953,0.9880542612958241
matched_coord0.5,spatial_knn,3,S100A11,0.19424314931984266,0.0846934552480924,0.8373277245993003
matched_coord0.5,spatial_knn,3,ALB,-0.019251558118697464,-0.02264232353069412,0.11249229333722612
matched_coord0.5,spatial_knn,3,RNASE1,0.06806918337094078,0.032977967100981824,0.8220958977640547
matched_coord0.5,spatial_knn,3,TMEM144,0.05435372882024768,0.03838462914445555,0.43855686315649045
matched_coord0.5,spatial_knn,3,ENPP2,0.09566701073774647,0.06515673914529212,0.5411249631026217
matched_coord0.5,spatial_knn,3,MAL,0.057260162527749243,0.05110976624460802,0.5580909026865165
matched_coord0.5,spatial_knn,3,NKX6-2,0.03289045813902062,0.025010286261114043,0.3344006353527022
matched_coord0.5,spatial_knn,3,HSPA2,0.0538092675887645,0.024452935621229504,0.49122860232915666
matched_coord0.5,spatial_knn,3,G0S2,0.08164807448623995,0.07029345725084953,0.782169998369194
matched_coord1.0,mean,3,SCGB2A2,,,1.7003445625305176
matched_coord1.0,mean,3,SCGB1D2,,,1.4167033433914185
matched_coord1.0,mean,3,MBP,0.0,,1.3858940601348877
matched_coord1.0,mean,3,GFAP,0.0,,1.2582424879074097
matched_coord1.0,mean,3,PLP1,,,1.306130290031433
matched_coord1.0,mean,3,SAA1,,,1.6139602661132812
matched_coord1.0,mean,3,MGP,,,0.8979679942131042
matched_coord1.0,mean,3,IGKC,,,0.7431688904762268
matched_coord1.0,mean,3,FABP4,,,1.5276148319244385
matched_coord1.0,mean,3,MOBP,0.0,,0.6375933289527893
matched_coord1.0,mean,3,HBB,,,0.7106301188468933
matched_coord1.0,mean,3,NEFL,,,1.147383689880371
matched_coord1.0,mean,3,TF,0.0,,0.7654229998588562
matched_coord1.0,mean,3,IGHG3,,,0.24833925068378448
matched_coord1.0,mean,3,CNP,0.0,,0.9990332126617432
matched_coord1.0,mean,3,CPB1,,,0.24393604695796967
matched_coord1.0,mean,3,CRYAB,,,1.0891571044921875
matched_coord1.0,mean,3,IGHA1,0.0,,0.3692243695259094
matched_coord1.0,mean,3,KRT8,,,0.7444988489151001
matched_coord1.0,mean,3,MUC1,0.0,,0.9862079620361328
matched_coord1.0,mean,3,KRT19,,,0.9931997060775757
matched_coord1.0,mean,3,IGLC2,,,0.44424599409103394
matched_coord1.0,mean,3,TFF1,,,0.9872762560844421
matched_coord1.0,mean,3,MAG,,,0.5525363683700562
matched_coord1.0,mean,3,ERMN,,,0.4190211892127991
matched_coord1.0,mean,3,CLDN11,,,0.4863497018814087
matched_coord1.0,mean,3,CLDND1,0.0,,0.740480899810791
matched_coord1.0,mean,3,SPP1,,,0.5397736430168152
matched_coord1.0,mean,3,PPP1R14A,,,0.6786338686943054
matched_coord1.0,mean,3,S100B,0.0,,1.12838613986969
matched_coord1.0,mean,3,MOG,0.0,,0.3863292634487152
matched_coord1.0,mean,3,MALAT1,,,1.1244035959243774
matched_coord1.0,mean,3,CARNS1,0.0,,0.4148222506046295
matched_coord1.0,mean,3,IGHG4,0.0,,0.2004675567150116
matched_coord1.0,mean,3,KRT18,0.0,,0.6544677019119263
matched_coord1.0,mean,3,BCAS1,0.0,,0.48810335993766785
matched_coord1.0,mean,3,PTGDS,,,1.063245177268982
matched_coord1.0,mean,3,SAA2,,,0.864962637424469
matched_coord1.0,mean,3,SEPT4,0.0,,0.7581437230110168
matched_coord1.0,mean,3,TFF3,,,0.9645209908485413
matched_coord1.0,mean,3,HPCAL1,,,1.0986275672912598
matched_coord1.0,mean,3,S100A11,0.0,,0.7773691415786743
matched_coord1.0,mean,3,ALB,,,0.09005621075630188
matched_coord1.0,mean,3,RNASE1,,,0.7642728090286255
matched_coord1.0,mean,3,TMEM144,,,0.37722259759902954
matched_coord1.0,mean,3,ENPP2,0.0,,0.48301073908805847
matched_coord1.0,mean,3,MAL,,,0.5385299324989319
matched_coord1.0,mean,3,NKX6-2,0.0,,0.32309791445732117
matched_coord1.0,mean,3,HSPA2,,,0.47899383306503296
matched_coord1.0,mean,3,G0S2,0.0,,0.8253399729728699
matched_coord1.0,pca_ridge,3,SCGB2A2,0.23167836147781362,0.23277537654676736,1.71045982837677
matched_coord1.0,pca_ridge,3,SCGB1D2,0.1811551746103142,0.1925848378172466,1.436260461807251
matched_coord1.0,pca_ridge,3,MBP,0.12281141004030352,0.09702130399398867,1.247798204421997
matched_coord1.0,pca_ridge,3,GFAP,0.34801481111316557,0.34308445634435647,1.1846318244934082
matched_coord1.0,pca_ridge,3,PLP1,0.17070351592622152,0.1624531140031503,1.1859617233276367
matched_coord1.0,pca_ridge,3,SAA1,-0.229149430354101,-0.21102170581707153,1.6205674409866333
matched_coord1.0,pca_ridge,3,MGP,0.140547689444685,0.12845999489960916,0.8993239402770996
matched_coord1.0,pca_ridge,3,IGKC,0.11120495197082944,0.09164400552433882,0.717316210269928
matched_coord1.0,pca_ridge,3,FABP4,-0.09120970427916109,-0.08168820279692841,1.53205144405365
matched_coord1.0,pca_ridge,3,MOBP,0.034635501677528206,0.002101512862838829,0.6469950675964355
matched_coord1.0,pca_ridge,3,HBB,0.0951182587893163,0.08755554623217131,0.7022464871406555
matched_coord1.0,pca_ridge,3,NEFL,0.42438441108140795,0.3747082727477328,1.007270097732544
matched_coord1.0,pca_ridge,3,TF,0.07464288394559765,0.06733152889917915,0.7593026757240295
matched_coord1.0,pca_ridge,3,IGHG3,0.04369579183420506,0.04170203312057867,0.2428201586008072
matched_coord1.0,pca_ridge,3,CNP,0.06753706184613484,0.0590345006440784,0.9755101799964905
matched_coord1.0,pca_ridge,3,CPB1,-0.024620016334346278,-0.012690273102496916,0.2371525913476944
matched_coord1.0,pca_ridge,3,CRYAB,0.2095362005045515,0.19400437571771095,1.0484789609909058
matched_coord1.0,pca_ridge,3,IGHA1,0.1100539632064805,0.09151922339290032,0.3625703752040863
matched_coord1.0,pca_ridge,3,KRT8,0.14438434187865898,0.13443167100312725,0.7020368576049805
matched_coord1.0,pca_ridge,3,MUC1,0.19255831080476765,0.19171421869987257,0.9637267589569092
matched_coord1.0,pca_ridge,3,KRT19,0.19522391532329217,0.18725545033067906,0.94102543592453
matched_coord1.0,pca_ridge,3,IGLC2,0.10135110949190568,0.09809368164066838,0.4321253001689911
matched_coord1.0,pca_ridge,3,TFF1,0.13135755654140902,0.15640140660885463,0.9885779619216919
matched_coord1.0,pca_ridge,3,MAG,0.07882163842897477,0.06057861273622913,0.5543230175971985
matched_coord1.0,pca_ridge,3,ERMN,0.11853841545107241,0.09245331394115162,0.4179665446281433
matched_coord1.0,pca_ridge,3,CLDN11,0.12020525334357113,0.11407544082368591,0.4868253767490387
matched_coord1.0,pca_ridge,3,CLDND1,0.07103867496512593,0.08772299246087008,0.7252392172813416
matched_coord1.0,pca_ridge,3,SPP1,0.13865818228003424,0.12509744523693425,0.515701949596405
matched_coord1.0,pca_ridge,3,PPP1R14A,0.1385509268347007,0.12626111589086003,0.6646772623062134
matched_coord1.0,pca_ridge,3,S100B,0.3281793386266962,0.32935697133919456,1.069097638130188
matched_coord1.0,pca_ridge,3,MOG,0.032361900627691266,0.0054485353473517194,0.40514126420021057
matched_coord1.0,pca_ridge,3,MALAT1,0.1930884527447029,0.23096679610276388,1.0923506021499634
matched_coord1.0,pca_ridge,3,CARNS1,0.0898699906225454,0.06322482550570364,0.4222777783870697
matched_coord1.0,pca_ridge,3,IGHG4,0.00415102217196488,0.0015466659828068166,0.19409850239753723
matched_coord1.0,pca_ridge,3,KRT18,0.12454601011410849,0.1335545510860002,0.6233305931091309
matched_coord1.0,pca_ridge,3,BCAS1,0.14392656116561758,0.07852296754375633,0.4718290865421295
matched_coord1.0,pca_ridge,3,PTGDS,0.20831933319720222,0.24345263661710054,1.0362504720687866
matched_coord1.0,pca_ridge,3,SAA2,-0.08596208446338635,-0.028441199949577174,0.8647200465202332
matched_coord1.0,pca_ridge,3,SEPT4,0.026874730247898937,0.06467755201603516,0.7512086629867554
matched_coord1.0,pca_ridge,3,TFF3,0.22236884803697887,0.22806759342624341,0.951386570930481
matched_coord1.0,pca_ridge,3,HPCAL1,0.2672400906602971,0.25581794143927594,1.031325340270996
matched_coord1.0,pca_ridge,3,S100A11,0.1596173992346367,0.15338108477059734,0.7535287737846375
matched_coord1.0,pca_ridge,3,ALB,0.026092238546943022,0.03318939769759503,0.09141474962234497
matched_coord1.0,pca_ridge,3,RNASE1,0.024927726160621475,0.051213999631181686,0.7746359705924988
matched_coord1.0,pca_ridge,3,TMEM144,0.08290412823513148,0.07922076278983366,0.37994620203971863
matched_coord1.0,pca_ridge,3,ENPP2,-0.011191054894581604,0.01649685842569798,0.5015621185302734
matched_coord1.0,pca_ridge,3,MAL,0.012801511555384549,0.03607522638025162,0.5537519454956055
matched_coord1.0,pca_ridge,3,NKX6-2,-0.007114891303720692,0.012585264170361734,0.33831697702407837
matched_coord1.0,pca_ridge,3,HSPA2,0.11350414266179644,0.1259161195543441,0.4799003303050995
matched_coord1.0,pca_ridge,3,G0S2,0.010901863466647897,0.04615322083659818,0.823859453201294
matched_coord1.0,spatial_knn,3,SCGB2A2,-0.10903530318356687,-0.07469770545385401,2.357120498498561
matched_coord1.0,spatial_knn,3,SCGB1D2,-0.15691127919710537,-0.11120802362149758,1.7085243749078998
matched_coord1.0,spatial_knn,3,MBP,0.030102999577941894,0.05163923651110677,1.1443793809918685
matched_coord1.0,spatial_knn,3,GFAP,-0.08491585163865498,-0.0875491255693069,1.2957057789602877
matched_coord1.0,spatial_knn,3,PLP1,0.05231358625110833,0.057992252038469486,1.1165473265995365
matched_coord1.0,spatial_knn,3,SAA1,0.4190941375560333,0.376398735692549,1.3601042563376489
matched_coord1.0,spatial_knn,3,MGP,0.014741276721213234,0.0135317106547394,0.9042731413603545
matched_coord1.0,spatial_knn,3,IGKC,0.04844714674224229,0.030214257455410964,0.5831218645058479
matched_coord1.0,spatial_knn,3,FABP4,0.25577495495768254,0.27048101632927907,1.4617013043192155
matched_coord1.0,spatial_knn,3,MOBP,-0.0027489105997851623,-0.00945525765353841,0.5861788490705853
matched_coord1.0,spatial_knn,3,HBB,0.06119418090254516,0.049653067809217556,0.7175224444302134
matched_coord1.0,spatial_knn,3,NEFL,-0.15682025801226124,-0.14000375569458018,1.2158269224729332
matched_coord1.0,spatial_knn,3,TF,0.0575802657753037,0.031545161422683515,0.6819657353219595
matched_coord1.0,spatial_knn,3,IGHG3,0.11126455213475345,0.06866648514891611,0.22256594232447224
matched_coord1.0,spatial_knn,3,CNP,0.029751398693519452,0.01920582470512937,0.9315121622549701
matched_coord1.0,spatial_knn,3,CPB1,0.005858397243518506,0.014983769345114188,0.22460559379847975
matched_coord1.0,spatial_knn,3,CRYAB,0.11936104824834118,0.1256657594491557,1.062909931661549
matched_coord1.0,spatial_knn,3,IGHA1,-0.03969981480231802,-0.05136233535364673,0.33194761415962304
matched_coord1.0,spatial_knn,3,KRT8,-0.02237611764191255,0.0009147509251783967,0.5653719094762597
matched_coord1.0,spatial_knn,3,MUC1,-0.005117710565124256,0.018114593397948443,1.097192699497544
matched_coord1.0,spatial_knn,3,KRT19,-0.11162293036357768,-0.11545106341723947,0.8208428826571835
matched_coord1.0,spatial_knn,3,IGLC2,-0.1027877911825524,-0.07811125756052255,0.4162028670793747
matched_coord1.0,spatial_knn,3,TFF1,-0.08306279546734953,-0.04641572874437796,1.082638813548144
matched_coord1.0,spatial_knn,3,MAG,0.04665982913773367,0.0614693006125694,0.49538862700291064
matched_coord1.0,spatial_knn,3,ERMN,-0.015187676221647751,-0.008931222238585976,0.37515668500970556
matched_coord1.0,spatial_knn,3,CLDN11,0.03471701060835031,0.037620408751088616,0.45735162126176326
matched_coord1.0,spatial_knn,3,CLDND1,-0.01797096025551919,-0.0336068085428054,0.6770587117756414
matched_coord1.0,spatial_knn,3,SPP1,0.0015346444086095682,-0.0007924486635210782,0.4554290511168385
matched_coord1.0,spatial_knn,3,PPP1R14A,-0.011160708301178787,-0.003174164374794991,0.6516088319936394
matched_coord1.0,spatial_knn,3,S100B,0.11660016323915498,0.10156499745397053,1.1303158586842508
matched_coord1.0,spatial_knn,3,MOG,0.06057973154165398,0.045865501619909974,0.3681668139622027
matched_coord1.0,spatial_knn,3,MALAT1,-0.0086806413705889,-0.02825488017289437,1.269844573452464
matched_coord1.0,spatial_knn,3,CARNS1,0.01727686686585379,-0.01876765566069338,0.4010282559185551
matched_coord1.0,spatial_knn,3,IGHG4,0.016687781553021863,0.030057903792053288,0.1765688786783119
matched_coord1.0,spatial_knn,3,KRT18,-0.005811190600842558,-0.00011694427232203695,0.5464366339061458
matched_coord1.0,spatial_knn,3,BCAS1,-0.0031757899982732024,-0.002627202854657728,0.451725151968768
matched_coord1.0,spatial_knn,3,PTGDS,0.04738055558748889,0.08648688005041218,1.0817485776108753
matched_coord1.0,spatial_knn,3,SAA2,0.1355606854361714,0.15125891130113164,0.8262771605328108
matched_coord1.0,spatial_knn,3,SEPT4,-0.011256885545422835,-0.005354579972210773,0.7146801840819171
matched_coord1.0,spatial_knn,3,TFF3,-0.0870695535975963,-0.0772860279764213,1.1128201332728616
matched_coord1.0,spatial_knn,3,HPCAL1,-0.06896388482734472,-0.06604770345009162,1.0691980344210446
matched_coord1.0,spatial_knn,3,S100A11,0.07473674634606037,0.06317127946518972,0.7317121070584583
matched_coord1.0,spatial_knn,3,ALB,-0.009540036365077503,-0.009839700259872441,0.09086511902956983
matched_coord1.0,spatial_knn,3,RNASE1,0.04899584932156404,0.07223273758581697,0.7587106857540734
matched_coord1.0,spatial_knn,3,TMEM144,-0.05564280104414036,-0.05004424445410546,0.3485476559206525
matched_coord1.0,spatial_knn,3,ENPP2,0.03065370532674856,0.03762779240191424,0.4536855107986671
matched_coord1.0,spatial_knn,3,MAL,-0.0637451983495399,-0.048914857395189124,0.5413223553591047
matched_coord1.0,spatial_knn,3,NKX6-2,0.0269219507328641,0.008819992190867303,0.29924341994537695
matched_coord1.0,spatial_knn,3,HSPA2,0.05343716161109484,0.04945832979206322,0.4693520815027479
matched_coord1.0,spatial_knn,3,G0S2,0.08072043704764459,0.02679447230136546,0.7975311451114022
random,mean,4,SCGB2A2,0.0,,1.5324708223342896
random,mean,4,SCGB1D2,,,1.2037891149520874
random,mean,4,MBP,0.0,,1.1878666877746582
random,mean,4,GFAP,,,1.1947755813598633
random,mean,4,PLP1,,,1.2761541604995728
random,mean,4,SAA1,,,0.8522323369979858
random,mean,4,MGP,0.0,,1.0730060338974
random,mean,4,IGKC,0.0,,1.0319255590438843
random,mean,4,FABP4,,,0.760498046875
random,mean,4,MOBP,0.0,,0.838775634765625
random,mean,4,HBB,0.0,,0.8430569171905518
random,mean,4,NEFL,0.0,,1.011099100112915
random,mean,4,TF,,,0.9365488290786743
random,mean,4,IGHG3,,,0.5075404644012451
random,mean,4,CNP,,,1.066749930381775
random,mean,4,CPB1,,,0.4849587082862854
random,mean,4,CRYAB,,,1.0914939641952515
random,mean,4,IGHA1,,,0.6556729674339294
random,mean,4,KRT8,,,0.8929675817489624
random,mean,4,MUC1,,,0.9656485319137573
random,mean,4,KRT19,0.0,,1.0116331577301025
random,mean,4,IGLC2,,,0.7097638845443726
random,mean,4,TFF1,,,0.808559000492096
random,mean,4,MAG,,,0.7312098741531372
random,mean,4,ERMN,0.0,,0.6291911005973816
random,mean,4,CLDN11,,,0.6698804497718811
random,mean,4,CLDND1,,,0.8603447675704956
random,mean,4,SPP1,0.0,,0.7621645927429199
random,mean,4,PPP1R14A,,,0.8107276558876038
random,mean,4,S100B,0.0,,1.0407016277313232
random,mean,4,MOG,,,0.5245231986045837
random,mean,4,MALAT1,,,1.056005835533142
random,mean,4,CARNS1,,,0.5555424094200134
random,mean,4,IGHG4,0.0,,0.46962323784828186
random,mean,4,KRT18,,,0.8136134147644043
random,mean,4,BCAS1,,,0.657090425491333
random,mean,4,PTGDS,0.0,,0.9353518486022949
random,mean,4,SAA2,0.0,,0.38632404804229736
random,mean,4,SEPT4,,,0.8524066805839539
random,mean,4,TFF3,,,0.8587390780448914
random,mean,4,HPCAL1,,,0.9160970449447632
random,mean,4,S100A11,,,0.8766821026802063
random,mean,4,ALB,,,0.1315188705921173
random,mean,4,RNASE1,,,0.8559267520904541
random,mean,4,TMEM144,0.0,,0.5627862811088562
random,mean,4,ENPP2,,,0.6436720490455627
random,mean,4,MAL,0.0,,0.642168402671814
random,mean,4,NKX6-2,0.0,,0.4889097809791565
random,mean,4,HSPA2,0.0,,0.5866991877555847
random,mean,4,G0S2,,,0.45505088567733765
random,pca_ridge,4,SCGB2A2,0.3035481445539287,0.3089296149414162,1.460501790046692
random,pca_ridge,4,SCGB1D2,0.26521943740935894,0.2649802728712081,1.1612406969070435
random,pca_ridge,4,MBP,0.516012272367218,0.4181721060193956,1.017522931098938
random,pca_ridge,4,GFAP,0.46575408934770246,0.40522401556510046,1.0571449995040894
random,pca_ridge,4,PLP1,0.5104645361144531,0.3872609473342635,1.0975030660629272
random,pca_ridge,4,SAA1,0.1261032157650286,0.11002303768985142,0.8455789685249329
random,pca_ridge,4,MGP,0.177632836997834,0.1602089090406478,1.0562593936920166
random,pca_ridge,4,IGKC,0.09015073246715948,0.07012969219498034,1.0277760028839111
random,pca_ridge,4,FABP4,0.14581316927244892,0.11118545316219716,0.7524001598358154
random,pca_ridge,4,MOBP,0.4673707573952419,0.29010988995554754,0.7418907284736633
random,pca_ridge,4,HBB,0.09818450243693141,0.1081065953376343,0.8390040397644043
random,pca_ridge,4,NEFL,0.47631908212221874,0.4106146833172896,0.8889618515968323
random,pca_ridge,4,TF,0.46815889355649715,0.31439512644612944,0.8277745842933655
random,pca_ridge,4,IGHG3,0.029923890068682027,0.03696971335079053,0.5075657367706299
random,pca_ridge,4,CNP,0.4485367708059822,0.31632586180702676,0.9534429907798767
random,pca_ridge,4,CPB1,0.08358378441858433,0.09481898739904596,0.48328959941864014
random,pca_ridge,4,CRYAB,0.4354163896642975,0.3187031824085595,0.9825961589813232
random,pca_ridge,4,IGHA1,0.08692648425640635,0.0674292082453465,0.6532424688339233
random,pca_ridge,4,KRT8,0.2741806661654896,0.21603219152267955,0.8586810827255249
random,pca_ridge,4,MUC1,0.2412473618694482,0.22774215212261473,0.9372391700744629
random,pca_ridge,4,KRT19,0.1937975061832422,0.179078507526381,0.9929314851760864
random,pca_ridge,4,IGLC2,0.07758147871283289,0.052368968981443574,0.7076772451400757
random,pca_ridge,4,TFF1,0.1542529107871835,0.16780300351334757,0.7989354729652405
random,pca_ridge,4,MAG,0.4448168555919636,0.28108124467071804,0.6549325585365295
random,pca_ridge,4,ERMN,0.4448038997542798,0.28458383493963546,0.5635251402854919
random,pca_ridge,4,CLDN11,0.4231300166552693,0.2548685502115345,0.6071529388427734
random,pca_ridge,4,CLDND1,0.40453198854579353,0.28008488691280636,0.7871765494346619
random,pca_ridge,4,SPP1,0.4257595978331431,0.27650343542536177,0.6899833679199219
random,pca_ridge,4,PPP1R14A,0.398269116422042,0.257602596807962,0.7439430952072144
random,pca_ridge,4,S100B,0.33710286903103226,0.2765448481175772,0.9797043204307556
random,pca_ridge,4,MOG,0.4198439243972763,0.25524693498641976,0.476214200258255
random,pca_ridge,4,MALAT1,0.17002178355787587,0.2034433832115709,1.0413691997528076
random,pca_ridge,4,CARNS1,0.4230696072244426,0.264036027113489,0.5034537315368652
random,pca_ridge,4,IGHG4,0.036825463767686334,0.03895663275018573,0.4695167541503906
random,pca_ridge,4,KRT18,0.21387362664407567,0.17488017694903327,0.7951882481575012
random,pca_ridge,4,BCAS1,0.3449366640712601,0.23762877082363898,0.6170146465301514
random,pca_ridge,4,PTGDS,0.32331160975017037,0.28990637813765663,0.8851053714752197
random,pca_ridge,4,SAA2,0.0745047968039963,0.06720851037209734,0.38533180952072144
random,pca_ridge,4,SEPT4,0.33668351836118765,0.25437777777087384,0.8028807640075684
random,pca_ridge,4,TFF3,0.15956700392340678,0.159224901718299,0.8478473424911499
random,pca_ridge,4,HPCAL1,0.23717419710071724,0.2280526008381452,0.8899656534194946
random,pca_ridge,4,S100A11,0.2685134970744735,0.21180689159958524,0.8446328043937683
random,pca_ridge,4,ALB,0.023690933642896636,0.0002595303564616642,0.1316753327846527
random,pca_ridge,4,RNASE1,0.34747360240228964,0.23650211722265024,0.8029065132141113
random,pca_ridge,4,TMEM144,0.3594347200590252,0.22815814285883546,0.5257805585861206
random,pca_ridge,4,ENPP2,0.37898864754451145,0.2430270989686879,0.5958277583122253
random,pca_ridge,4,MAL,0.3813976986716342,0.24151914583598763,0.593657910823822
random,pca_ridge,4,NKX6-2,0.37147069424082196,0.23058693096771363,0.4539368152618408
random,pca_ridge,4,HSPA2,0.3595442556590467,0.22974164986249423,0.5476983785629272
random,pca_ridge,4,G0S2,0.08180744669067519,0.06455807746803303,0.4537021517753601
random,spatial_knn,4,SCGB2A2,0.7175143059109311,0.7120288377421031,1.0716650689349345
random,spatial_knn,4,SCGB1D2,0.5876118861711563,0.5867822118254037,0.9805677766398846
random,spatial_knn,4,MBP,0.4784688776654557,0.4324009506624252,1.0585869206250442
random,spatial_knn,4,GFAP,0.19297246431143839,0.16708290942498225,1.2124790093331772
random,spatial_knn,4,PLP1,0.4333885318162014,0.364819663617141,1.1683216706358404
random,spatial_knn,4,SAA1,0.5069272364301699,0.45676401013858087,0.7404872142453905
random,spatial_knn,4,MGP,0.4491720719401685,0.41201336137175326,0.9667680651459347
random,spatial_knn,4,IGKC,0.3463732298418165,0.3410121811174111,0.9850955584741927
random,spatial_knn,4,FABP4,0.462026355071424,0.4136084629135538,0.6810018244490881
random,spatial_knn,4,MOBP,0.356845943734095,0.2484427876799627,0.8028209776893998
random,spatial_knn,4,HBB,0.3386323132548784,0.2549601522500777,0.8063125813908553
random,spatial_knn,4,NEFL,0.1889181573716815,0.1713352032762662,1.0241178708769714
random,spatial_knn,4,TF,0.3219362949501491,0.24588397442289714,0.9074862402892337
random,spatial_knn,4,IGHG3,0.2546321670617637,0.177444228016003,0.5044023647762382
random,spatial_knn,4,CNP,0.3134347992121339,0.25163906371471684,1.03249752097828
random,spatial_knn,4,CPB1,0.3613149321342267,0.3265504807305074,0.45915095949130097
random,spatial_knn,4,CRYAB,0.2943626351017563,0.23209038766483356,1.0641647777063643
random,spatial_knn,4,IGHA1,0.25247563986602867,0.255896374748052,0.6505828273315677
random,spatial_knn,4,KRT8,0.3050181846964791,0.2803872773195562,0.8714340238511985
random,spatial_knn,4,MUC1,0.32073994332219635,0.3257361708698618,0.9301059628336911
random,spatial_knn,4,KRT19,0.3151330801004918,0.3148114797228598,0.9767827116874938
random,spatial_knn,4,IGLC2,0.24623529670610833,0.2374272474814628,0.7055668040694113
random,spatial_knn,4,TFF1,0.3294138332768988,0.3327897160631359,0.7777785435653263
random,spatial_knn,4,MAG,0.2855530166097546,0.19766732004469706,0.7168636235639183
random,spatial_knn,4,ERMN,0.28614879360016165,0.19906407654155017,0.6166121140544235
random,spatial_knn,4,CLDN11,0.27319115965117957,0.18657967140498682,0.659932587032513
random,spatial_knn,4,CLDND1,0.24573281479141373,0.19330113738612253,0.8597645829463431
random,spatial_knn,4,SPP1,0.28427515803221703,0.22471998070828506,0.74654081189928
random,spatial_knn,4,PPP1R14A,0.26835618892861113,0.18621505488451542,0.7984437617478244
random,spatial_knn,4,S100B,0.13140656520758207,0.11132914071490288,1.071275612971742
random,spatial_knn,4,MOG,0.26153234206129977,0.18217367392945186,0.5204058812482573
random,spatial_knn,4,MALAT1,0.18554598043217746,0.18626749361579245,1.0692739431494038
random,spatial_knn,4,CARNS1,0.220814055457251,0.15148400087329522,0.5591828692615197
random,spatial_knn,4,IGHG4,0.19590488364420156,0.15075541688511915,0.4765712196079865
random,spatial_knn,4,KRT18,0.23872909774348006,0.23961917236048336,0.8102426043563197
random,spatial_knn,4,BCAS1,0.22412126107502528,0.16465641198165137,0.6595961902770531
random,spatial_knn,4,PTGDS,0.09651237933058202,0.10404238376977354,0.9713570412773012
random,spatial_knn,4,SAA2,0.2966112676096253,0.28024635811136983,0.37435314069586456
random,spatial_knn,4,SEPT4,0.22544072710263047,0.1768743482080397,0.8516249127307288
random,spatial_knn,4,TFF3,0.21678529393204715,0.22629741025208094,0.8604719735822995
random,spatial_knn,4,HPCAL1,0.1168673715041382,0.1205153338893293,0.9450317469732599
random,spatial_knn,4,S100A11,0.257254307699454,0.22185426176784034,0.8654975284607215
random,spatial_knn,4,ALB,0.12193282127229864,0.09376651928493766,0.14064464939120808
random,spatial_knn,4,RNASE1,0.18832874252060672,0.14022124673074013,0.8681980128830897
random,spatial_knn,4,TMEM144,0.18516060028221998,0.13844788612187708,0.5726065196827819
random,spatial_knn,4,ENPP2,0.2225651536217882,0.1552308619876851,0.6446348178031197
random,spatial_knn,4,MAL,0.20769707999448028,0.15706741871766589,0.6482213750485204
random,spatial_knn,4,NKX6-2,0.2293998063727478,0.17061761100632566,0.4863776771824636
random,spatial_knn,4,HSPA2,0.19523508841180112,0.1462221563116526,0.5940049882953331
random,spatial_knn,4,G0S2,0.2447476014733429,0.23526319597270914,0.4520770053942442
matched_hop0,mean,4,SCGB2A2,,,1.7351688146591187
matched_hop0,mean,4,SCGB1D2,,,1.4717589616775513
matched_hop0,mean,4,MBP,,,1.196471095085144
matched_hop0,mean,4,GFAP,,,1.2112265825271606
matched_hop0,mean,4,PLP1,,,1.277259111404419
matched_hop0,mean,4,SAA1,,,1.047020673751831
matched_hop0,mean,4,MGP,0.0,,1.04844331741333
matched_hop0,mean,4,IGKC,,,1.0631182193756104
matched_hop0,mean,4,FABP4,0.0,,0.9866137504577637
matched_hop0,mean,4,MOBP,0.0,,0.8556320667266846
matched_hop0,mean,4,HBB,,,0.8388010859489441
matched_hop0,mean,4,NEFL,,,1.0368856191635132
matched_hop0,mean,4,TF,,,0.9561870098114014
matched_hop0,mean,4,IGHG3,,,0.4015555679798126
matched_hop0,mean,4,CNP,0.0,,1.072530746459961
matched_hop0,mean,4,CPB1,0.0,,0.26941123604774475
matched_hop0,mean,4,CRYAB,,,1.0919121503829956
matched_hop0,mean,4,IGHA1,0.0,,0.7874405980110168
matched_hop0,mean,4,KRT8,,,0.9243627190589905
matched_hop0,mean,4,MUC1,0.0,,1.0236953496932983
matched_hop0,mean,4,KRT19,,,1.0245288610458374
matched_hop0,mean,4,IGLC2,0.0,,0.7565217018127441
matched_hop0,mean,4,TFF1,,,0.8973193168640137
matched_hop0,mean,4,MAG,,,0.733611524105072
matched_hop0,mean,4,ERMN,,,0.6151167750358582
matched_hop0,mean,4,CLDN11,0.0,,0.6718195676803589
matched_hop0,mean,4,CLDND1,0.0,,0.8834757804870605
matched_hop0,mean,4,SPP1,0.0,,0.7747362852096558
matched_hop0,mean,4,PPP1R14A,,,0.8142162561416626
matched_hop0,mean,4,S100B,0.0,,1.0470794439315796
matched_hop0,mean,4,MOG,,,0.530798077583313
matched_hop0,mean,4,MALAT1,,,1.0532456636428833
matched_hop0,mean,4,CARNS1,,,0.5612211227416992
matched_hop0,mean,4,IGHG4,,,0.3867550790309906
matched_hop0,mean,4,KRT18,0.0,,0.824259340763092
matched_hop0,mean,4,BCAS1,0.0,,0.6793132424354553
matched_hop0,mean,4,PTGDS,,,0.9812991619110107
matched_hop0,mean,4,SAA2,,,0.4535008668899536
matched_hop0,mean,4,SEPT4,,,0.8480606079101562
matched_hop0,mean,4,TFF3,,,0.9096719622612
matched_hop0,mean,4,HPCAL1,,,0.9376829862594604
matched_hop0,mean,4,S100A11,0.0,,0.9356215596199036
matched_hop0,mean,4,ALB,,,0.11485005915164948
matched_hop0,mean,4,RNASE1,,,0.8568695187568665
matched_hop0,mean,4,TMEM144,,,0.5658063292503357
matched_hop0,mean,4,ENPP2,0.0,,0.6505285501480103
matched_hop0,mean,4,MAL,,,0.6484174132347107
matched_hop0,mean,4,NKX6-2,,,0.46885648369789124
matched_hop0,mean,4,HSPA2,,,0.58827805519104
matched_hop0,mean,4,G0S2,0.0,,0.589440643787384
matched_hop0,pca_ridge,4,SCGB2A2,0.25764301015978996,0.2482109135628604,1.684725046157837
matched_hop0,pca_ridge,4,SCGB1D2,0.20002616305843035,0.19661905782944805,1.4448916912078857
matched_hop0,pca_ridge,4,MBP,0.47248016433563683,0.44121419622357644,1.0547246932983398
matched_hop0,pca_ridge,4,GFAP,0.41868681912992606,0.41588782101512384,1.1018227338790894
matched_hop0,pca_ridge,4,PLP1,0.4652042151905315,0.399380752854012,1.1310925483703613
matched_hop0,pca_ridge,4,SAA1,0.011326944466792466,0.04910412768145284,1.0461440086364746
matched_hop0,pca_ridge,4,MGP,0.10834498282815093,0.09488773565313575,1.0414339303970337
matched_hop0,pca_ridge,4,IGKC,0.10823193713300792,0.08415340503482284,1.056952714920044
matched_hop0,pca_ridge,4,FABP4,0.014963383534548043,0.04131576496899332,0.9853881597518921
matched_hop0,pca_ridge,4,MOBP,0.38701632043700884,0.2754690796447269,0.7922807335853577
matched_hop0,pca_ridge,4,HBB,0.09572635036396035,0.10280997937709488,0.8349615335464478
matched_hop0,pca_ridge,4,NEFL,0.4599280242967678,0.3968698945704524,0.9191243052482605
matched_hop0,pca_ridge,4,TF,0.39499941482675455,0.2928704529373446,0.8803286552429199
matched_hop0,pca_ridge,4,IGHG3,0.029395053885193742,0.031040918155336685,0.40213724970817566
matched_hop0,pca_ridge,4,CNP,0.3739259874042057,0.2824630815950727,0.9969319701194763
matched_hop0,pca_ridge,4,CPB1,0.001292090651631663,0.01452920836442179,0.2717191278934479
matched_hop0,pca_ridge,4,CRYAB,0.35914479146426687,0.2991541033823933,1.0203429460525513
matched_hop0,pca_ridge,4,IGHA1,0.09595988132604316,0.07012745864714198,0.7835264801979065
matched_hop0,pca_ridge,4,KRT8,0.30250997930878015,0.24408831722730762,0.883651077747345
matched_hop0,pca_ridge,4,MUC1,0.19647434537699343,0.18440639627256342,1.0034345388412476
matched_hop0,pca_ridge,4,KRT19,0.24050011551878783,0.20394969010391362,0.9962158203125
matched_hop0,pca_ridge,4,IGLC2,0.07858342980196976,0.06025416141774202,0.7541040182113647
matched_hop0,pca_ridge,4,TFF1,0.0774188868966603,0.10614031924650652,0.8953163623809814
matched_hop0,pca_ridge,4,MAG,0.36633598935311346,0.2645800289949559,0.6848580837249756
matched_hop0,pca_ridge,4,ERMN,0.34859476455167693,0.24579248629955208,0.5799108743667603
matched_hop0,pca_ridge,4,CLDN11,0.3497950917860331,0.24322688207312462,0.6319286823272705
matched_hop0,pca_ridge,4,CLDND1,0.34594381973740695,0.25531248556586894,0.8303049206733704
matched_hop0,pca_ridge,4,SPP1,0.3744531644391755,0.2759384007261008,0.7196334600448608
matched_hop0,pca_ridge,4,PPP1R14A,0.3308241310275227,0.2368168468942299,0.7709031701087952
matched_hop0,pca_ridge,4,S100B,0.27631152141384124,0.2702441273503444,1.0084127187728882
matched_hop0,pca_ridge,4,MOG,0.32826504072010926,0.2327902946782891,0.5039243698120117
matched_hop0,pca_ridge,4,MALAT1,0.1640993430286555,0.1963431042845156,1.0394024848937988
matched_hop0,pca_ridge,4,CARNS1,0.33452122924480865,0.22842809030785458,0.5312033295631409
matched_hop0,pca_ridge,4,IGHG4,0.020706324658821818,0.01888162899260863,0.38761425018310547
matched_hop0,pca_ridge,4,KRT18,0.24784099701006512,0.21101794813716943,0.7995074391365051
matched_hop0,pca_ridge,4,BCAS1,0.2823523768446776,0.20908072116606652,0.653250515460968
matched_hop0,pca_ridge,4,PTGDS,0.27498100268752046,0.2957511983991155,0.9442881345748901
matched_hop0,pca_ridge,4,SAA2,0.013532931089659384,0.059029896405604396,0.45339012145996094
matched_hop0,pca_ridge,4,SEPT4,0.28360491492265355,0.2283472852243471,0.8151513338088989
matched_hop0,pca_ridge,4,TFF3,0.12995720962574822,0.13358377124040405,0.9021309018135071
matched_hop0,pca_ridge,4,HPCAL1,0.2587108150024115,0.26111204163069307,0.905217707157135
matched_hop0,pca_ridge,4,S100A11,0.27470890898001576,0.23120297928145414,0.9003494381904602
matched_hop0,pca_ridge,4,ALB,0.012861158239490354,0.014258869883425436,0.11541922390460968
matched_hop0,pca_ridge,4,RNASE1,0.3008311394605581,0.23057943993451913,0.8184892535209656
matched_hop0,pca_ridge,4,TMEM144,0.31601432590639805,0.2282735464129429,0.5383256673812866
matched_hop0,pca_ridge,4,ENPP2,0.30214020893233756,0.21472535899989478,0.6225369572639465
matched_hop0,pca_ridge,4,MAL,0.28630152471526543,0.2076048644862217,0.6233512759208679
matched_hop0,pca_ridge,4,NKX6-2,0.2833652555570053,0.20344545465122607,0.45239606499671936
matched_hop0,pca_ridge,4,HSPA2,0.28502918585271747,0.21556006596528338,0.5665346384048462
matched_hop0,pca_ridge,4,G0S2,0.052474590874056294,0.07848905602196045,0.588068962097168
matched_hop0,spatial_knn,4,SCGB2A2,0.534278919426953,0.5325095383634958,1.522401226278501
matched_hop0,spatial_knn,4,SCGB1D2,0.4274554258542349,0.41486042156501496,1.2837679598976464
matched_hop0,spatial_knn,4,MBP,0.5298917046565953,0.5766945928097891,1.0319476727566834
matched_hop0,spatial_knn,4,GFAP,0.22585710418498162,0.20801909453786735,1.2091242014820385
matched_hop0,spatial_knn,4,PLP1,0.47360652939163994,0.47913096223659846,1.1431420392788971
matched_hop0,spatial_knn,4,SAA1,0.3832966764242294,0.35917396681019076,0.9689582779093315
matched_hop0,spatial_knn,4,MGP,0.32751617019275764,0.27437217439470596,1.0236197764610564
matched_hop0,spatial_knn,4,IGKC,0.2467749723207239,0.27123158696878064,1.062500908886093
matched_hop0,spatial_knn,4,FABP4,0.2541141773474055,0.2582817239182379,0.9686690533434691
matched_hop0,spatial_knn,4,MOBP,0.3485278748913758,0.2980460615706811,0.8228751375655151
matched_hop0,spatial_knn,4,HBB,0.3065958908249459,0.23662869110785117,0.8461838999238317
matched_hop0,spatial_knn,4,NEFL,0.1222155417851735,0.12414143731813641,1.062070113860871
matched_hop0,spatial_knn,4,TF,0.32584872224614475,0.2923756196376286,0.9359851275007627
matched_hop0,spatial_knn,4,IGHG3,0.1154774971370953,0.10384328586517524,0.4009947480391522
matched_hop0,spatial_knn,4,CNP,0.30721643456949027,0.27298308233951074,1.03374064060894
matched_hop0,spatial_knn,4,CPB1,0.034351565587429744,0.040132714610425856,0.23197541817380124
matched_hop0,spatial_knn,4,CRYAB,0.27492582944884464,0.27613551284661647,1.0765491589906135
matched_hop0,spatial_knn,4,IGHA1,0.21176030538950036,0.22003891540082512,0.7842518483227949
matched_hop0,spatial_knn,4,KRT8,0.3721402345360477,0.29080925009696384,0.8614672662411441
matched_hop0,spatial_knn,4,MUC1,0.21617617361825314,0.21028838929920843,1.0445676188563067
matched_hop0,spatial_knn,4,KRT19,0.2423709452110337,0.21238003510442446,0.991453816205539
matched_hop0,spatial_knn,4,IGLC2,0.07855250490953383,0.10456837051312956,0.7767135251878466
matched_hop0,spatial_knn,4,TFF1,0.2250433684237908,0.21334643746312532,0.8868900621332835
matched_hop0,spatial_knn,4,MAG,0.28305117269016167,0.23653946992649152,0.7199596975825129
matched_hop0,spatial_knn,4,ERMN,0.2293017062448063,0.19848998445792418,0.6259204236094305
matched_hop0,spatial_knn,4,CLDN11,0.23162616949928086,0.18631076615697334,0.6769931013654192
matched_hop0,spatial_knn,4,CLDND1,0.25229092690944005,0.22681246531347027,0.8638108702110833
matched_hop0,spatial_knn,4,SPP1,0.2758304585671798,0.24284903729285495,0.7629952916580267
matched_hop0,spatial_knn,4,PPP1R14A,0.23482736569526486,0.19806999990927696,0.8384484314724094
matched_hop0,spatial_knn,4,S100B,0.11698853961426396,0.1302509927882012,1.0700600977340027
matched_hop0,spatial_knn,4,MOG,0.23253594242127784,0.19906475870918394,0.5290337501330207
matched_hop0,spatial_knn,4,MALAT1,0.13477080664359198,0.15313826312666523,1.0906555519615966
matched_hop0,spatial_knn,4,CARNS1,0.1996997960881264,0.17877743097699392,0.5656985592370597
matched_hop0,spatial_knn,4,IGHG4,0.07199624930775682,0.06505221459631946,0.38847916016596434
matched_hop0,spatial_knn,4,KRT18,0.3090083519751117,0.24651355086389454,0.7897800165861302
matched_hop0,spatial_knn,4,BCAS1,0.23249969846777238,0.21217476275807082,0.6816564115164965
matched_hop0,spatial_knn,4,PTGDS,0.038374908759688596,0.0361025600242875,1.006113761790871
matched_hop0,spatial_knn,4,SAA2,0.20501541321997402,0.21922489369593787,0.44234019791151186
matched_hop0,spatial_knn,4,SEPT4,0.18957999800484546,0.1609978102035301,0.8581926396887348
matched_hop0,spatial_knn,4,TFF3,0.13759117056605902,0.12869002342642125,0.9498478620096907
matched_hop0,spatial_knn,4,HPCAL1,0.19553858956299977,0.20137281983157612,0.9275637267037893
matched_hop0,spatial_knn,4,S100A11,0.3349448656661579,0.2684125198817915,0.8944701828276744
matched_hop0,spatial_knn,4,ALB,0.0928563330478967,0.07202409950174488,0.12103204897386978
matched_hop0,spatial_knn,4,RNASE1,0.19588987812989384,0.16996841296665907,0.8767038608225854
matched_hop0,spatial_knn,4,TMEM144,0.1627421116792557,0.13816482374495395,0.5647682380021564
matched_hop0,spatial_knn,4,ENPP2,0.2096099693233975,0.17707110922445324,0.6419709372355411
matched_hop0,spatial_knn,4,MAL,0.20586006554376488,0.1756914681198719,0.6496923103141594
matched_hop0,spatial_knn,4,NKX6-2,0.17890216343885518,0.14906648774975934,0.470922096533226
matched_hop0,spatial_knn,4,HSPA2,0.15991071270483584,0.13317228415974453,0.5946539579724848
matched_hop0,spatial_knn,4,G0S2,0.11991472904194375,0.13386017240682035,0.5838398575496517
matched_hop1,mean,4,SCGB2A2,,,1.7351688146591187
matched_hop1,mean,4,SCGB1D2,,,1.4717589616775513
matched_hop1,mean,4,MBP,,,1.196471095085144
matched_hop1,mean,4,GFAP,,,1.2112265825271606
matched_hop1,mean,4,PLP1,,,1.277259111404419
matched_hop1,mean,4,SAA1,,,1.047020673751831
matched_hop1,mean,4,MGP,0.0,,1.04844331741333
matched_hop1,mean,4,IGKC,,,1.0631182193756104
matched_hop1,mean,4,FABP4,0.0,,0.9866137504577637
matched_hop1,mean,4,MOBP,0.0,,0.8556320667266846
matched_hop1,mean,4,HBB,,,0.8388010859489441
matched_hop1,mean,4,NEFL,,,1.0368856191635132
matched_hop1,mean,4,TF,,,0.9561870098114014
matched_hop1,mean,4,IGHG3,,,0.4015555679798126
matched_hop1,mean,4,CNP,0.0,,1.072530746459961
matched_hop1,mean,4,CPB1,0.0,,0.26941123604774475
matched_hop1,mean,4,CRYAB,,,1.0919121503829956
matched_hop1,mean,4,IGHA1,0.0,,0.7874405980110168
matched_hop1,mean,4,KRT8,,,0.9243627190589905
matched_hop1,mean,4,MUC1,0.0,,1.0236953496932983
matched_hop1,mean,4,KRT19,,,1.0245288610458374
matched_hop1,mean,4,IGLC2,0.0,,0.7565217018127441
matched_hop1,mean,4,TFF1,,,0.8973193168640137
matched_hop1,mean,4,MAG,,,0.733611524105072
matched_hop1,mean,4,ERMN,,,0.6151167750358582
matched_hop1,mean,4,CLDN11,0.0,,0.6718195676803589
matched_hop1,mean,4,CLDND1,0.0,,0.8834757804870605
matched_hop1,mean,4,SPP1,0.0,,0.7747362852096558
matched_hop1,mean,4,PPP1R14A,,,0.8142162561416626
matched_hop1,mean,4,S100B,0.0,,1.0470794439315796
matched_hop1,mean,4,MOG,,,0.530798077583313
matched_hop1,mean,4,MALAT1,,,1.0532456636428833
matched_hop1,mean,4,CARNS1,,,0.5612211227416992
matched_hop1,mean,4,IGHG4,,,0.3867550790309906
matched_hop1,mean,4,KRT18,0.0,,0.824259340763092
matched_hop1,mean,4,BCAS1,0.0,,0.6793132424354553
matched_hop1,mean,4,PTGDS,,,0.9812991619110107
matched_hop1,mean,4,SAA2,,,0.4535008668899536
matched_hop1,mean,4,SEPT4,,,0.8480606079101562
matched_hop1,mean,4,TFF3,,,0.9096719622612
matched_hop1,mean,4,HPCAL1,,,0.9376829862594604
matched_hop1,mean,4,S100A11,0.0,,0.9356215596199036
matched_hop1,mean,4,ALB,,,0.11485005915164948
matched_hop1,mean,4,RNASE1,,,0.8568695187568665
matched_hop1,mean,4,TMEM144,,,0.5658063292503357
matched_hop1,mean,4,ENPP2,0.0,,0.6505285501480103
matched_hop1,mean,4,MAL,,,0.6484174132347107
matched_hop1,mean,4,NKX6-2,,,0.46885648369789124
matched_hop1,mean,4,HSPA2,,,0.58827805519104
matched_hop1,mean,4,G0S2,0.0,,0.589440643787384
matched_hop1,pca_ridge,4,SCGB2A2,0.25764301015978996,0.2482109135628604,1.684725046157837
matched_hop1,pca_ridge,4,SCGB1D2,0.20002616305843035,0.19661905782944805,1.4448916912078857
matched_hop1,pca_ridge,4,MBP,0.47248016433563683,0.44121419622357644,1.0547246932983398
matched_hop1,pca_ridge,4,GFAP,0.41868681912992606,0.41588782101512384,1.1018227338790894
matched_hop1,pca_ridge,4,PLP1,0.4652042151905315,0.399380752854012,1.1310925483703613
matched_hop1,pca_ridge,4,SAA1,0.011326944466792466,0.04910412768145284,1.0461440086364746
matched_hop1,pca_ridge,4,MGP,0.10834498282815093,0.09488773565313575,1.0414339303970337
matched_hop1,pca_ridge,4,IGKC,0.10823193713300792,0.08415340503482284,1.056952714920044
matched_hop1,pca_ridge,4,FABP4,0.014963383534548043,0.04131576496899332,0.9853881597518921
matched_hop1,pca_ridge,4,MOBP,0.38701632043700884,0.2754690796447269,0.7922807335853577
matched_hop1,pca_ridge,4,HBB,0.09572635036396035,0.10280997937709488,0.8349615335464478
matched_hop1,pca_ridge,4,NEFL,0.4599280242967678,0.3968698945704524,0.9191243052482605
matched_hop1,pca_ridge,4,TF,0.39499941482675455,0.2928704529373446,0.8803286552429199
matched_hop1,pca_ridge,4,IGHG3,0.029395053885193742,0.031040918155336685,0.40213724970817566
matched_hop1,pca_ridge,4,CNP,0.3739259874042057,0.2824630815950727,0.9969319701194763
matched_hop1,pca_ridge,4,CPB1,0.001292090651631663,0.01452920836442179,0.2717191278934479
matched_hop1,pca_ridge,4,CRYAB,0.35914479146426687,0.2991541033823933,1.0203429460525513
matched_hop1,pca_ridge,4,IGHA1,0.09595988132604316,0.07012745864714198,0.7835264801979065
matched_hop1,pca_ridge,4,KRT8,0.30250997930878015,0.24408831722730762,0.883651077747345
matched_hop1,pca_ridge,4,MUC1,0.19647434537699343,0.18440639627256342,1.0034345388412476
matched_hop1,pca_ridge,4,KRT19,0.24050011551878783,0.20394969010391362,0.9962158203125
matched_hop1,pca_ridge,4,IGLC2,0.07858342980196976,0.06025416141774202,0.7541040182113647
matched_hop1,pca_ridge,4,TFF1,0.0774188868966603,0.10614031924650652,0.8953163623809814
matched_hop1,pca_ridge,4,MAG,0.36633598935311346,0.2645800289949559,0.6848580837249756
matched_hop1,pca_ridge,4,ERMN,0.34859476455167693,0.24579248629955208,0.5799108743667603
matched_hop1,pca_ridge,4,CLDN11,0.3497950917860331,0.24322688207312462,0.6319286823272705
matched_hop1,pca_ridge,4,CLDND1,0.34594381973740695,0.25531248556586894,0.8303049206733704
matched_hop1,pca_ridge,4,SPP1,0.3744531644391755,0.2759384007261008,0.7196334600448608
matched_hop1,pca_ridge,4,PPP1R14A,0.3308241310275227,0.2368168468942299,0.7709031701087952
matched_hop1,pca_ridge,4,S100B,0.27631152141384124,0.2702441273503444,1.0084127187728882
matched_hop1,pca_ridge,4,MOG,0.32826504072010926,0.2327902946782891,0.5039243698120117
matched_hop1,pca_ridge,4,MALAT1,0.1640993430286555,0.1963431042845156,1.0394024848937988
matched_hop1,pca_ridge,4,CARNS1,0.33452122924480865,0.22842809030785458,0.5312033295631409
matched_hop1,pca_ridge,4,IGHG4,0.020706324658821818,0.01888162899260863,0.38761425018310547
matched_hop1,pca_ridge,4,KRT18,0.24784099701006512,0.21101794813716943,0.7995074391365051
matched_hop1,pca_ridge,4,BCAS1,0.2823523768446776,0.20908072116606652,0.653250515460968
matched_hop1,pca_ridge,4,PTGDS,0.27498100268752046,0.2957511983991155,0.9442881345748901
matched_hop1,pca_ridge,4,SAA2,0.013532931089659384,0.059029896405604396,0.45339012145996094
matched_hop1,pca_ridge,4,SEPT4,0.28360491492265355,0.2283472852243471,0.8151513338088989
matched_hop1,pca_ridge,4,TFF3,0.12995720962574822,0.13358377124040405,0.9021309018135071
matched_hop1,pca_ridge,4,HPCAL1,0.2587108150024115,0.26111204163069307,0.905217707157135
matched_hop1,pca_ridge,4,S100A11,0.27470890898001576,0.23120297928145414,0.9003494381904602
matched_hop1,pca_ridge,4,ALB,0.012861158239490354,0.014258869883425436,0.11541922390460968
matched_hop1,pca_ridge,4,RNASE1,0.3008311394605581,0.23057943993451913,0.8184892535209656
matched_hop1,pca_ridge,4,TMEM144,0.31601432590639805,0.2282735464129429,0.5383256673812866
matched_hop1,pca_ridge,4,ENPP2,0.30214020893233756,0.21472535899989478,0.6225369572639465
matched_hop1,pca_ridge,4,MAL,0.28630152471526543,0.2076048644862217,0.6233512759208679
matched_hop1,pca_ridge,4,NKX6-2,0.2833652555570053,0.20344545465122607,0.45239606499671936
matched_hop1,pca_ridge,4,HSPA2,0.28502918585271747,0.21556006596528338,0.5665346384048462
matched_hop1,pca_ridge,4,G0S2,0.052474590874056294,0.07848905602196045,0.588068962097168
matched_hop1,spatial_knn,4,SCGB2A2,0.534278919426953,0.5325095383634958,1.522401226278501
matched_hop1,spatial_knn,4,SCGB1D2,0.4274554258542349,0.41486042156501496,1.2837679598976464
matched_hop1,spatial_knn,4,MBP,0.5298917046565953,0.5766945928097891,1.0319476727566834
matched_hop1,spatial_knn,4,GFAP,0.22585710418498162,0.20801909453786735,1.2091242014820385
matched_hop1,spatial_knn,4,PLP1,0.47360652939163994,0.47913096223659846,1.1431420392788971
matched_hop1,spatial_knn,4,SAA1,0.3832966764242294,0.35917396681019076,0.9689582779093315
matched_hop1,spatial_knn,4,MGP,0.32751617019275764,0.27437217439470596,1.0236197764610564
matched_hop1,spatial_knn,4,IGKC,0.2467749723207239,0.27123158696878064,1.062500908886093
matched_hop1,spatial_knn,4,FABP4,0.2541141773474055,0.2582817239182379,0.9686690533434691
matched_hop1,spatial_knn,4,MOBP,0.3485278748913758,0.2980460615706811,0.8228751375655151
matched_hop1,spatial_knn,4,HBB,0.3065958908249459,0.23662869110785117,0.8461838999238317
matched_hop1,spatial_knn,4,NEFL,0.1222155417851735,0.12414143731813641,1.062070113860871
matched_hop1,spatial_knn,4,TF,0.32584872224614475,0.2923756196376286,0.9359851275007627
matched_hop1,spatial_knn,4,IGHG3,0.1154774971370953,0.10384328586517524,0.4009947480391522
matched_hop1,spatial_knn,4,CNP,0.30721643456949027,0.27298308233951074,1.03374064060894
matched_hop1,spatial_knn,4,CPB1,0.034351565587429744,0.040132714610425856,0.23197541817380124
matched_hop1,spatial_knn,4,CRYAB,0.27492582944884464,0.27613551284661647,1.0765491589906135
matched_hop1,spatial_knn,4,IGHA1,0.21176030538950036,0.22003891540082512,0.7842518483227949
matched_hop1,spatial_knn,4,KRT8,0.3721402345360477,0.29080925009696384,0.8614672662411441
matched_hop1,spatial_knn,4,MUC1,0.21617617361825314,0.21028838929920843,1.0445676188563067
matched_hop1,spatial_knn,4,KRT19,0.2423709452110337,0.21238003510442446,0.991453816205539
matched_hop1,spatial_knn,4,IGLC2,0.07855250490953383,0.10456837051312956,0.7767135251878466
matched_hop1,spatial_knn,4,TFF1,0.2250433684237908,0.21334643746312532,0.8868900621332835
matched_hop1,spatial_knn,4,MAG,0.28305117269016167,0.23653946992649152,0.7199596975825129
matched_hop1,spatial_knn,4,ERMN,0.2293017062448063,0.19848998445792418,0.6259204236094305
matched_hop1,spatial_knn,4,CLDN11,0.23162616949928086,0.18631076615697334,0.6769931013654192
matched_hop1,spatial_knn,4,CLDND1,0.25229092690944005,0.22681246531347027,0.8638108702110833
matched_hop1,spatial_knn,4,SPP1,0.2758304585671798,0.24284903729285495,0.7629952916580267
matched_hop1,spatial_knn,4,PPP1R14A,0.23482736569526486,0.19806999990927696,0.8384484314724094
matched_hop1,spatial_knn,4,S100B,0.11698853961426396,0.1302509927882012,1.0700600977340027
matched_hop1,spatial_knn,4,MOG,0.23253594242127784,0.19906475870918394,0.5290337501330207
matched_hop1,spatial_knn,4,MALAT1,0.13477080664359198,0.15313826312666523,1.0906555519615966
matched_hop1,spatial_knn,4,CARNS1,0.1996997960881264,0.17877743097699392,0.5656985592370597
matched_hop1,spatial_knn,4,IGHG4,0.07199624930775682,0.06505221459631946,0.38847916016596434
matched_hop1,spatial_knn,4,KRT18,0.3090083519751117,0.24651355086389454,0.7897800165861302
matched_hop1,spatial_knn,4,BCAS1,0.23249969846777238,0.21217476275807082,0.6816564115164965
matched_hop1,spatial_knn,4,PTGDS,0.038374908759688596,0.0361025600242875,1.006113761790871
matched_hop1,spatial_knn,4,SAA2,0.20501541321997402,0.21922489369593787,0.44234019791151186
matched_hop1,spatial_knn,4,SEPT4,0.18957999800484546,0.1609978102035301,0.8581926396887348
matched_hop1,spatial_knn,4,TFF3,0.13759117056605902,0.12869002342642125,0.9498478620096907
matched_hop1,spatial_knn,4,HPCAL1,0.19553858956299977,0.20137281983157612,0.9275637267037893
matched_hop1,spatial_knn,4,S100A11,0.3349448656661579,0.2684125198817915,0.8944701828276744
matched_hop1,spatial_knn,4,ALB,0.0928563330478967,0.07202409950174488,0.12103204897386978
matched_hop1,spatial_knn,4,RNASE1,0.19588987812989384,0.16996841296665907,0.8767038608225854
matched_hop1,spatial_knn,4,TMEM144,0.1627421116792557,0.13816482374495395,0.5647682380021564
matched_hop1,spatial_knn,4,ENPP2,0.2096099693233975,0.17707110922445324,0.6419709372355411
matched_hop1,spatial_knn,4,MAL,0.20586006554376488,0.1756914681198719,0.6496923103141594
matched_hop1,spatial_knn,4,NKX6-2,0.17890216343885518,0.14906648774975934,0.470922096533226
matched_hop1,spatial_knn,4,HSPA2,0.15991071270483584,0.13317228415974453,0.5946539579724848
matched_hop1,spatial_knn,4,G0S2,0.11991472904194375,0.13386017240682035,0.5838398575496517
matched_hop2,mean,4,SCGB2A2,,,1.7456661462783813
matched_hop2,mean,4,SCGB1D2,,,1.486307144165039
matched_hop2,mean,4,MBP,,,1.1883817911148071
matched_hop2,mean,4,GFAP,,,1.2037851810455322
matched_hop2,mean,4,PLP1,,,1.2666163444519043
matched_hop2,mean,4,SAA1,0.0,,1.1087779998779297
matched_hop2,mean,4,MGP,0.0,,1.063731074333191
matched_hop2,mean,4,IGKC,,,1.0870729684829712
matched_hop2,mean,4,FABP4,0.0,,1.0482871532440186
matched_hop2,mean,4,MOBP,0.0,,0.8289719223976135
matched_hop2,mean,4,HBB,,,0.7863306403160095
matched_hop2,mean,4,NEFL,,,1.0472203493118286
matched_hop2,mean,4,TF,,,0.9328364729881287
matched_hop2,mean,4,IGHG3,,,0.4032714068889618
matched_hop2,mean,4,CNP,0.0,,1.0564546585083008
matched_hop2,mean,4,CPB1,0.0,,0.2661404609680176
matched_hop2,mean,4,CRYAB,,,1.0798779726028442
matched_hop2,mean,4,IGHA1,0.0,,0.8136115670204163
matched_hop2,mean,4,KRT8,,,0.9267579317092896
matched_hop2,mean,4,MUC1,0.0,,1.0308374166488647
matched_hop2,mean,4,KRT19,,,1.0278079509735107
matched_hop2,mean,4,IGLC2,0.0,,0.7769010663032532
matched_hop2,mean,4,TFF1,,,0.908638596534729
matched_hop2,mean,4,MAG,,,0.7157068252563477
matched_hop2,mean,4,ERMN,,,0.5935350060462952
matched_hop2,mean,4,CLDN11,0.0,,0.6508048176765442
matched_hop2,mean,4,CLDND1,0.0,,0.8669449687004089
matched_hop2,mean,4,SPP1,0.0,,0.7534502148628235
matched_hop2,mean,4,PPP1R14A,,,0.7997661828994751
matched_hop2,mean,4,S100B,,,1.0468312501907349
matched_hop2,mean,4,MOG,,,0.5151453614234924
matched_hop2,mean,4,MALAT1,,,1.0599310398101807
matched_hop2,mean,4,CARNS1,,,0.5397713780403137
matched_hop2,mean,4,IGHG4,0.0,,0.3896373212337494
matched_hop2,mean,4,KRT18,0.0,,0.823502779006958
matched_hop2,mean,4,BCAS1,,,0.6673754453659058
matched_hop2,mean,4,PTGDS,,,0.98256915807724
matched_hop2,mean,4,SAA2,,,0.48240000009536743
matched_hop2,mean,4,SEPT4,,,0.8363493084907532
matched_hop2,mean,4,TFF3,,,0.9151983261108398
matched_hop2,mean,4,HPCAL1,,,0.9506916403770447
matched_hop2,mean,4,S100A11,0.0,,0.9401876926422119
matched_hop2,mean,4,ALB,,,0.10152104496955872
matched_hop2,mean,4,RNASE1,,,0.8424552083015442
matched_hop2,mean,4,TMEM144,,,0.5484747290611267
matched_hop2,mean,4,ENPP2,0.0,,0.631860613822937
matched_hop2,mean,4,MAL,0.0,,0.6351204514503479
matched_hop2,mean,4,NKX6-2,,,0.45194709300994873
matched_hop2,mean,4,HSPA2,,,0.5696572065353394
matched_hop2,mean,4,G0S2,0.0,,0.6291071176528931
matched_hop2,pca_ridge,4,SCGB2A2,0.25866916510697946,0.24983649049239381,1.6996008157730103
matched_hop2,pca_ridge,4,SCGB1D2,0.20066482633136098,0.19635403832788473,1.4621824026107788
matched_hop2,pca_ridge,4,MBP,0.44502669005070183,0.42568292068398395,1.0639293193817139
matched_hop2,pca_ridge,4,GFAP,0.3950588722672099,0.40157621926969655,1.1092605590820312
matched_hop2,pca_ridge,4,PLP1,0.43280245708618775,0.37950773205822175,1.1422169208526611
matched_hop2,pca_ridge,4,SAA1,0.004647769470807482,0.0409145294576146,1.107571005821228
matched_hop2,pca_ridge,4,MGP,0.09123619081835975,0.0785919788630455,1.0581014156341553
matched_hop2,pca_ridge,4,IGKC,0.12357347974915568,0.0985781060261849,1.0792702436447144
matched_hop2,pca_ridge,4,FABP4,0.011530257447145016,0.037710639227882176,1.0467989444732666
matched_hop2,pca_ridge,4,MOBP,0.3401333888880376,0.24947754694395413,0.7861340045928955
matched_hop2,pca_ridge,4,HBB,0.07575459673809812,0.08312259231296343,0.7839930057525635
matched_hop2,pca_ridge,4,NEFL,0.45143572315139296,0.38990218086938777,0.93158358335495
matched_hop2,pca_ridge,4,TF,0.35928040276970796,0.2736694627208341,0.8741081953048706
matched_hop2,pca_ridge,4,IGHG3,0.03483803491049587,0.03478384655123803,0.40354663133621216
matched_hop2,pca_ridge,4,CNP,0.3431108504460237,0.26458161900554794,0.9950258731842041
matched_hop2,pca_ridge,4,CPB1,0.007970000686857864,0.02020052317336589,0.2676757872104645
matched_hop2,pca_ridge,4,CRYAB,0.3260147978519574,0.27834782328253255,1.0234681367874146
matched_hop2,pca_ridge,4,IGHA1,0.10808342521740912,0.08090213116761062,0.8089458346366882
matched_hop2,pca_ridge,4,KRT8,0.30156120115887763,0.24051181112401335,0.8858070373535156
matched_hop2,pca_ridge,4,MUC1,0.19907175739567795,0.18677888919040134,1.010149598121643
matched_hop2,pca_ridge,4,KRT19,0.2468082245468519,0.2107654315595005,0.9976642727851868
matched_hop2,pca_ridge,4,IGLC2,0.09050080095020921,0.07186549763973425,0.7737386226654053
matched_hop2,pca_ridge,4,TFF1,0.0615085493680988,0.09127088810135206,0.9084563255310059
matched_hop2,pca_ridge,4,MAG,0.32482989288819974,0.24115314460005668,0.6807855367660522
matched_hop2,pca_ridge,4,ERMN,0.301297661882447,0.22190887955751318,0.5718451142311096
matched_hop2,pca_ridge,4,CLDN11,0.30702778197554376,0.21840817528614467,0.6240466237068176
matched_hop2,pca_ridge,4,CLDND1,0.3096124433855353,0.23266500156004544,0.8266164064407349
matched_hop2,pca_ridge,4,SPP1,0.33597874589355187,0.2534135166580395,0.712063729763031
matched_hop2,pca_ridge,4,PPP1R14A,0.2932927869183557,0.2137277098705515,0.768822968006134
matched_hop2,pca_ridge,4,S100B,0.2489300040239153,0.25129237576236324,1.0174027681350708
matched_hop2,pca_ridge,4,MOG,0.2868783463959616,0.20845925233856974,0.49767759442329407
matched_hop2,pca_ridge,4,MALAT1,0.15119571759477643,0.1823723480485205,1.0480388402938843
matched_hop2,pca_ridge,4,CARNS1,0.2871599543875039,0.20270015015340873,0.5215306282043457
matched_hop2,pca_ridge,4,IGHG4,0.01730427888558598,0.016631629704563135,0.39050567150115967
matched_hop2,pca_ridge,4,KRT18,0.2408117537916801,0.20680799276500964,0.7998579740524292
matched_hop2,pca_ridge,4,BCAS1,0.2517858540057616,0.18922403032445154,0.648412823677063
matched_hop2,pca_ridge,4,PTGDS,0.24918904754208707,0.2782632696508008,0.9525768756866455
matched_hop2,pca_ridge,4,SAA2,0.009384945091531262,0.05836323541264074,0.48225128650665283
matched_hop2,pca_ridge,4,SEPT4,0.2499673720396465,0.20650552229323443,0.812370240688324
matched_hop2,pca_ridge,4,TFF3,0.12848091577070225,0.13176186982065244,0.9079192280769348
matched_hop2,pca_ridge,4,HPCAL1,0.26333192848918235,0.2651110080763436,0.9158705472946167
matched_hop2,pca_ridge,4,S100A11,0.27598211058020056,0.22942651926303848,0.9046257138252258
matched_hop2,pca_ridge,4,ALB,-0.0033338959045617587,-0.002750424877872523,0.10243286192417145
matched_hop2,pca_ridge,4,RNASE1,0.26245082516060264,0.20865410285723215,0.8157026171684265
matched_hop2,pca_ridge,4,TMEM144,0.271351223776239,0.20349804963538953,0.5310383439064026
matched_hop2,pca_ridge,4,ENPP2,0.2676744624284982,0.1980571631682489,0.61265629529953
matched_hop2,pca_ridge,4,MAL,0.24139287331919945,0.18525966938475372,0.620261549949646
matched_hop2,pca_ridge,4,NKX6-2,0.24746378245670697,0.18626636363486287,0.4419380724430084
matched_hop2,pca_ridge,4,HSPA2,0.24441128426264383,0.19217199854548642,0.5569444298744202
matched_hop2,pca_ridge,4,G0S2,0.0506031458202356,0.07894607668868407,0.6275601983070374
matched_hop2,spatial_knn,4,SCGB2A2,0.517911208032917,0.5136446286400608,1.5937218933460837
matched_hop2,spatial_knn,4,SCGB1D2,0.4171926528324895,0.3995772819679081,1.323049445589572
matched_hop2,spatial_knn,4,MBP,0.5261652544711771,0.5688989956106539,1.028048635167601
matched_hop2,spatial_knn,4,GFAP,0.2075487297004945,0.1912411958491244,1.2115408445883442
matched_hop2,spatial_knn,4,PLP1,0.4598022013797484,0.46390404940933794,1.144782537579248
matched_hop2,spatial_knn,4,SAA1,0.38102535650424807,0.36678552986695356,1.0226823743919213
matched_hop2,spatial_knn,4,MGP,0.3052410591716828,0.24173861088635035,1.0511954747175323
matched_hop2,spatial_knn,4,IGKC,0.21483079338427594,0.23961765891430528,1.101438583232479
matched_hop2,spatial_knn,4,FABP4,0.2659553107501312,0.2688091449971751,1.0279462696255601
matched_hop2,spatial_knn,4,MOBP,0.32924108375541855,0.2820197150643873,0.8093347758504332
matched_hop2,spatial_knn,4,HBB,0.22838661671889157,0.1642150805022792,0.8293917437248273
matched_hop2,spatial_knn,4,NEFL,0.09306996643822266,0.09814444694790499,1.0803340576879792
matched_hop2,spatial_knn,4,TF,0.3133636985732602,0.2834480157958401,0.9217381724551387
matched_hop2,spatial_knn,4,IGHG3,0.08901110962308377,0.0788238701312657,0.4044877344174253
matched_hop2,spatial_knn,4,CNP,0.2918687915580279,0.2606109068416882,1.0236736086184737
matched_hop2,spatial_knn,4,CPB1,0.033989803121712944,0.04162555152751884,0.22807604887399957
matched_hop2,spatial_knn,4,CRYAB,0.2592657371577864,0.2653545402731015,1.0736505423928084
matched_hop2,spatial_knn,4,IGHA1,0.18803713656475973,0.1970244617085728,0.8169898447230506
matched_hop2,spatial_knn,4,KRT8,0.3671992528691969,0.2831874506188932,0.8667222551517869
matched_hop2,spatial_knn,4,MUC1,0.20732075986964968,0.19819658937729898,1.0609805789082385
matched_hop2,spatial_knn,4,KRT19,0.23567940072028154,0.20309166295027645,1.0003495589226468
matched_hop2,spatial_knn,4,IGLC2,0.05564826389415231,0.07256542985795648,0.801122297660647
matched_hop2,spatial_knn,4,TFF1,0.20053261008295623,0.18671309251367726,0.906667393844413
matched_hop2,spatial_knn,4,MAG,0.267115059162402,0.22465054052402583,0.707204313757377
matched_hop2,spatial_knn,4,ERMN,0.2143017005528046,0.18488173727219245,0.6107128520603652
matched_hop2,spatial_knn,4,CLDN11,0.2148710542146768,0.17222492270283496,0.662084305318809
matched_hop2,spatial_knn,4,CLDND1,0.23796391737153577,0.21378178155143987,0.8514862397466735
matched_hop2,spatial_knn,4,SPP1,0.2609707464555748,0.2276203223143254,0.7479459780219133
matched_hop2,spatial_knn,4,PPP1R14A,0.21671862847443327,0.1851515944758667,0.8335757721951015
matched_hop2,spatial_knn,4,S100B,0.09255559500882755,0.10856716389897544,1.077616310401163
matched_hop2,spatial_knn,4,MOG,0.22673780758800957,0.18806270137832382,0.5147988657650618
matched_hop2,spatial_knn,4,MALAT1,0.12715662856834697,0.14872792534071813,1.1005962924698156
matched_hop2,spatial_knn,4,CARNS1,0.1864873724210218,0.16514081231903277,0.5481222192469756
matched_hop2,spatial_knn,4,IGHG4,0.06149958267982682,0.046267124690604323,0.3917919736846966
matched_hop2,spatial_knn,4,KRT18,0.3002465360180967,0.2333283355113702,0.7916813928234238
matched_hop2,spatial_knn,4,BCAS1,0.22743720410226737,0.20350433909944066,0.6714422007165468
matched_hop2,spatial_knn,4,PTGDS,0.02292330052463981,0.020552513064595185,1.0101027718715216
matched_hop2,spatial_knn,4,SAA2,0.19987636632568329,0.2145952874432119,0.4701877569983014
matched_hop2,spatial_knn,4,SEPT4,0.17421725110724687,0.1454918420369949,0.8507215339324173
matched_hop2,spatial_knn,4,TFF3,0.11916951883714266,0.10180803330821697,0.965871478029506
matched_hop2,spatial_knn,4,HPCAL1,0.19475145232359856,0.19989833191453468,0.9391327712912297
matched_hop2,spatial_knn,4,S100A11,0.3278759058235977,0.26203158816635214,0.9029153378388517
matched_hop2,spatial_knn,4,ALB,0.02440931872809887,0.021844942676016527,0.11143035731000972
matched_hop2,spatial_knn,4,RNASE1,0.1723747577738458,0.14749941695031826,0.8716163869731745
matched_hop2,spatial_knn,4,TMEM144,0.1545341025277907,0.12910298351100866,0.5484042013473301
matched_hop2,spatial_knn,4,ENPP2,0.1948217519457137,0.16138433885619177,0.6264934567136997
matched_hop2,spatial_knn,4,MAL,0.19616802539245295,0.16517798081009646,0.6367114812816431
matched_hop2,spatial_knn,4,NKX6-2,0.17717999687408117,0.13468482270895188,0.45375063246452463
matched_hop2,spatial_knn,4,HSPA2,0.13710177350616065,0.11649027319571274,0.5810451897027501
matched_hop2,spatial_knn,4,G0S2,0.11810406700530074,0.12836621200639725,0.6222920014086593
matched_hop5,mean,4,SCGB2A2,0.0,,1.7097454071044922
matched_hop5,mean,4,SCGB1D2,,,1.4587655067443848
matched_hop5,mean,4,MBP,,,1.174821138381958
matched_hop5,mean,4,GFAP,,,1.1914646625518799
matched_hop5,mean,4,PLP1,,,1.2389552593231201
matched_hop5,mean,4,SAA1,0.0,,1.3610107898712158
matched_hop5,mean,4,MGP,0.0,,1.056143879890442
matched_hop5,mean,4,IGKC,,,1.1637628078460693
matched_hop5,mean,4,FABP4,,,1.2750288248062134
matched_hop5,mean,4,MOBP,0.0,,0.7269496321678162
matched_hop5,mean,4,HBB,0.0,,0.7065833210945129
matched_hop5,mean,4,NEFL,,,1.0618953704833984
matched_hop5,mean,4,TF,0.0,,0.8364956974983215
matched_hop5,mean,4,IGHG3,,,0.40387529134750366
matched_hop5,mean,4,CNP,0.0,,1.0044044256210327
matched_hop5,mean,4,CPB1,0.0,,0.257442831993103
matched_hop5,mean,4,CRYAB,,,1.0441011190414429
matched_hop5,mean,4,IGHA1,0.0,,0.8562709093093872
matched_hop5,mean,4,KRT8,,,0.8664214611053467
matched_hop5,mean,4,MUC1,,,1.027071475982666
matched_hop5,mean,4,KRT19,,,1.0142098665237427
matched_hop5,mean,4,IGLC2,,,0.8479126691818237
matched_hop5,mean,4,TFF1,0.0,,0.9393171072006226
matched_hop5,mean,4,MAG,0.0,,0.6297761797904968
matched_hop5,mean,4,ERMN,0.0,,0.502743124961853
matched_hop5,mean,4,CLDN11,0.0,,0.5659884810447693
matched_hop5,mean,4,CLDND1,,,0.7908352017402649
matched_hop5,mean,4,SPP1,0.0,,0.6537894010543823
matched_hop5,mean,4,PPP1R14A,,,0.742283284664154
matched_hop5,mean,4,S100B,,,1.0319758653640747
matched_hop5,mean,4,MOG,,,0.451472669839859
matched_hop5,mean,4,MALAT1,,,1.0672645568847656
matched_hop5,mean,4,CARNS1,,,0.4495706856250763
matched_hop5,mean,4,IGHG4,,,0.3799537122249603
matched_hop5,mean,4,KRT18,,,0.7792136669158936
matched_hop5,mean,4,BCAS1,,,0.5994243025779724
matched_hop5,mean,4,PTGDS,,,0.9744415283203125
matched_hop5,mean,4,SAA2,,,0.6050205826759338
matched_hop5,mean,4,SEPT4,0.0,,0.7805192470550537
matched_hop5,mean,4,TFF3,,,0.9445899128913879
matched_hop5,mean,4,HPCAL1,,,1.0034617185592651
matched_hop5,mean,4,S100A11,,,0.8960856199264526
matched_hop5,mean,4,ALB,,,0.09890935570001602
matched_hop5,mean,4,RNASE1,,,0.7952982187271118
matched_hop5,mean,4,TMEM144,,,0.46167874336242676
matched_hop5,mean,4,ENPP2,,,0.5701408982276917
matched_hop5,mean,4,MAL,,,0.5725175738334656
matched_hop5,mean,4,NKX6-2,,,0.37153878808021545
matched_hop5,mean,4,HSPA2,,,0.5115470886230469
matched_hop5,mean,4,G0S2,0.0,,0.777839183807373
matched_hop5,pca_ridge,4,SCGB2A2,0.24545483371739824,0.22746115912192025,1.6963911056518555
matched_hop5,pca_ridge,4,SCGB1D2,0.19152201353466272,0.18235290449230046,1.4532158374786377
matched_hop5,pca_ridge,4,MBP,0.289673905679249,0.29486095498964215,1.1058424711227417
matched_hop5,pca_ridge,4,GFAP,0.3583358430764222,0.3625214079294703,1.1160508394241333
matched_hop5,pca_ridge,4,PLP1,0.2839673331478113,0.2626016335089777,1.1730742454528809
matched_hop5,pca_ridge,4,SAA1,-0.02183821369291772,-0.00022036431414766775,1.3565096855163574
matched_hop5,pca_ridge,4,MGP,0.07437211196495117,0.06168253085345959,1.050948143005371
matched_hop5,pca_ridge,4,IGKC,0.1849786829728923,0.14878699046330796,1.1506931781768799
matched_hop5,pca_ridge,4,FABP4,0.008822197485291545,0.032821828601191795,1.2721583843231201
matched_hop5,pca_ridge,4,MOBP,0.160979391334017,0.12729848027674365,0.7378008365631104
matched_hop5,pca_ridge,4,HBB,0.04223783733269905,0.05779326964711069,0.7047148942947388
matched_hop5,pca_ridge,4,NEFL,0.4412433127597329,0.3821403435442946,0.9475480914115906
matched_hop5,pca_ridge,4,TF,0.19611643311415755,0.17252659207753038,0.8317069411277771
matched_hop5,pca_ridge,4,IGHG3,0.03204848936126735,0.036034729191649253,0.40370622277259827
matched_hop5,pca_ridge,4,CNP,0.1769542964566339,0.15053918914029338,0.9941885471343994
matched_hop5,pca_ridge,4,CPB1,-0.009469021877940171,0.007715965350411173,0.2574118673801422
matched_hop5,pca_ridge,4,CRYAB,0.22210508362663203,0.2049738726325547,1.0201623439788818
matched_hop5,pca_ridge,4,IGHA1,0.16734404834809344,0.12412882038003419,0.8490374684333801
matched_hop5,pca_ridge,4,KRT8,0.24953897276615478,0.18003958139908352,0.8338665962219238
matched_hop5,pca_ridge,4,MUC1,0.18538646898670907,0.1762355639061401,1.0125709772109985
matched_hop5,pca_ridge,4,KRT19,0.24208805154056243,0.201045231650246,0.9797240495681763
matched_hop5,pca_ridge,4,IGLC2,0.1359464466105882,0.10924216985584692,0.8427116274833679
matched_hop5,pca_ridge,4,TFF1,0.03866921036821546,0.06418419164820272,0.9423668384552002
matched_hop5,pca_ridge,4,MAG,0.16034561319679982,0.14967320710065254,0.6344208717346191
matched_hop5,pca_ridge,4,ERMN,0.16905694800727422,0.14502435934024419,0.5073495507240295
matched_hop5,pca_ridge,4,CLDN11,0.14618472896077028,0.11478581879859213,0.5750184655189514
matched_hop5,pca_ridge,4,CLDND1,0.1615751218982072,0.1443650416742763,0.7851815223693848
matched_hop5,pca_ridge,4,SPP1,0.1666951083974231,0.1476309013953569,0.6545247435569763
matched_hop5,pca_ridge,4,PPP1R14A,0.16841876446764434,0.14304075832919622,0.7415657043457031
matched_hop5,pca_ridge,4,S100B,0.1882027793044839,0.20957256038796895,1.0207161903381348
matched_hop5,pca_ridge,4,MOG,0.15986445532942758,0.12466927633347011,0.45540958642959595
matched_hop5,pca_ridge,4,MALAT1,0.15584699750384579,0.17952062845165087,1.0511550903320312
matched_hop5,pca_ridge,4,CARNS1,0.12007461409710665,0.10027054422759996,0.46132349967956543
matched_hop5,pca_ridge,4,IGHG4,0.022446696679924875,0.017017282847786114,0.38014015555381775
matched_hop5,pca_ridge,4,KRT18,0.21862405790974593,0.17387857386929373,0.7561370730400085
matched_hop5,pca_ridge,4,BCAS1,0.12757420744947134,0.10492915494221122,0.6019791960716248
matched_hop5,pca_ridge,4,PTGDS,0.17904428160205704,0.2284108752582175,0.9600792527198792
matched_hop5,pca_ridge,4,SAA2,-0.016316617019462652,0.032366586215574124,0.6043927669525146
matched_hop5,pca_ridge,4,SEPT4,0.12968380042982508,0.1244024847347714,0.776711642742157
matched_hop5,pca_ridge,4,TFF3,0.14064922590651194,0.1378341957572721,0.9376101493835449
matched_hop5,pca_ridge,4,HPCAL1,0.27137806968228717,0.2685919755776846,0.9556288719177246
matched_hop5,pca_ridge,4,S100A11,0.24154477813061284,0.1895817224587163,0.8687388896942139
matched_hop5,pca_ridge,4,ALB,-0.0021849400792113938,-0.0007142524063023796,0.09998149424791336
matched_hop5,pca_ridge,4,RNASE1,0.10844811125669097,0.09551406690394172,0.8032624125480652
matched_hop5,pca_ridge,4,TMEM144,0.11294863210813376,0.10858237465624795,0.4709075689315796
matched_hop5,pca_ridge,4,ENPP2,0.13360870277122294,0.11731977690834267,0.575290322303772
matched_hop5,pca_ridge,4,MAL,0.09583448424483058,0.08856082928326088,0.5819973349571228
matched_hop5,pca_ridge,4,NKX6-2,0.08025293434475096,0.08203835670266038,0.3836495280265808
matched_hop5,pca_ridge,4,HSPA2,0.11656165969380164,0.10758137632955213,0.5186963081359863
matched_hop5,pca_ridge,4,G0S2,0.054463669475620015,0.07850552968929383,0.7749524116516113
matched_hop5,spatial_knn,4,SCGB2A2,0.43090468949273236,0.3796449250654829,1.9117624350917393
matched_hop5,spatial_knn,4,SCGB1D2,0.339185181950903,0.2799790087666359,1.473169860878544
matched_hop5,spatial_knn,4,MBP,0.4486955462407003,0.3982884443421919,1.036377789018829
matched_hop5,spatial_knn,4,GFAP,0.11393035700855932,0.08113535316092689,1.230575961335659
matched_hop5,spatial_knn,4,PLP1,0.3615684660939696,0.3134016031390087,1.1446055063737006
matched_hop5,spatial_knn,4,SAA1,0.3680348310516759,0.37764725969602253,1.2252410292646987
matched_hop5,spatial_knn,4,MGP,0.20108043418573177,0.08922817121961148,1.0859614963652744
matched_hop5,spatial_knn,4,IGKC,0.13483184921287872,0.1481062016617248,1.2122813652254367
matched_hop5,spatial_knn,4,FABP4,0.29735333293060223,0.31065325340948907,1.2388397438787233
matched_hop5,spatial_knn,4,MOBP,0.24730920897403755,0.17284095688188372,0.7356981314813736
matched_hop5,spatial_knn,4,HBB,0.05366539141269005,0.02937063204019681,0.7504498152439049
matched_hop5,spatial_knn,4,NEFL,0.006712507300360556,0.009491705744872648,1.1092596208723389
matched_hop5,spatial_knn,4,TF,0.240797315958062,0.1964980387429489,0.8386451091825833
matched_hop5,spatial_knn,4,IGHG3,0.0071047836289174285,-0.009638766121104208,0.40974439081391545
matched_hop5,spatial_knn,4,CNP,0.19926443497197066,0.16178314081361858,0.9841264368828473
matched_hop5,spatial_knn,4,CPB1,0.02327906900783983,0.03438469861681819,0.2249688326473517
matched_hop5,spatial_knn,4,CRYAB,0.1651160769603178,0.16055994862579198,1.0646929180205382
matched_hop5,spatial_knn,4,IGHA1,0.08238930639065613,0.11445232705754173,0.8863635715333746
matched_hop5,spatial_knn,4,KRT8,0.27942576375638273,0.1833856043203328,0.8306064725333638
matched_hop5,spatial_knn,4,MUC1,0.14212462754289582,0.11706138467000321,1.123272129845896
matched_hop5,spatial_knn,4,KRT19,0.17829850130470137,0.11214896804300455,1.0053179602069189
matched_hop5,spatial_knn,4,IGLC2,-0.05850665571327732,-0.07566681162669997,0.8878055883912138
matched_hop5,spatial_knn,4,TFF1,0.06775297860187648,0.060122685298977345,0.9879171201569085
matched_hop5,spatial_knn,4,MAG,0.18831937288431191,0.1458106603747412,0.6274130867957516
matched_hop5,spatial_knn,4,ERMN,0.17108707387752356,0.10403111590929233,0.5293194602743838
matched_hop5,spatial_knn,4,CLDN11,0.1465784455838775,0.09649428387067362,0.5885003455942659
matched_hop5,spatial_knn,4,CLDND1,0.1559301618235248,0.11197121382391817,0.7796536784437589
matched_hop5,spatial_knn,4,SPP1,0.20364787296468242,0.14278131001077524,0.659170112796171
matched_hop5,spatial_knn,4,PPP1R14A,0.1618508593068387,0.10968823941282842,0.7835007495804653
matched_hop5,spatial_knn,4,S100B,0.05277832056256553,0.06810519065247593,1.0707576555335079
matched_hop5,spatial_knn,4,MOG,0.16477440730226525,0.11675944955383648,0.4597734423861469
matched_hop5,spatial_knn,4,MALAT1,0.11175861657849252,0.10916072821500233,1.1210859809183438
matched_hop5,spatial_knn,4,CARNS1,0.13250674245000077,0.09948715636934138,0.4611949422946166
matched_hop5,spatial_knn,4,IGHG4,-0.012350175838549592,-0.028228558868267726,0.3845488012535933
matched_hop5,spatial_knn,4,KRT18,0.22163171795210138,0.11893672725252513,0.7655191939195666
matched_hop5,spatial_knn,4,BCAS1,0.1992027331355442,0.12987077031425312,0.6044664530149657
matched_hop5,spatial_knn,4,PTGDS,0.007833511570014157,0.004690765026442498,1.0084166752251578
matched_hop5,spatial_knn,4,SAA2,0.17623703007848573,0.18703200293998606,0.5851569317976675
matched_hop5,spatial_knn,4,SEPT4,0.1346001873041423,0.0893915145581838,0.7928256301602828
matched_hop5,spatial_knn,4,TFF3,0.029203705018148198,-0.00766416392773418,1.0593508834434537
matched_hop5,spatial_knn,4,HPCAL1,0.17418921721564604,0.16215483162598343,0.9790436996864925
matched_hop5,spatial_knn,4,S100A11,0.2762195957313248,0.1844009326469404,0.8830382216136885
matched_hop5,spatial_knn,4,ALB,-0.017563596053635534,-0.02059777796615031,0.10826158008035626
matched_hop5,spatial_knn,4,RNASE1,0.09658043326645707,0.06037248999018067,0.8433781908197818
matched_hop5,spatial_knn,4,TMEM144,0.09184530065801826,0.07085428831044661,0.4681904377986016
matched_hop5,spatial_knn,4,ENPP2,0.11991491113132406,0.08595857595930081,0.5742672478942904
matched_hop5,spatial_knn,4,MAL,0.11797677741802336,0.08452666422822873,0.582377550585401
matched_hop5,spatial_knn,4,NKX6-2,0.11015635217790967,0.07460075901119552,0.3741970587359844
matched_hop5,spatial_knn,4,HSPA2,0.06649982067258198,0.04136049113379219,0.5335119464445297
matched_hop5,spatial_knn,4,G0S2,0.1084922609375263,0.11622804986215898,0.763225899543943
matched_coord0.25,mean,4,SCGB2A2,,,1.7556490898132324
matched_coord0.25,mean,4,SCGB1D2,,,1.510901689529419
matched_coord0.25,mean,4,MBP,0.0,,1.1780402660369873
matched_coord0.25,mean,4,GFAP,0.0,,1.1852315664291382
matched_coord0.25,mean,4,PLP1,,,1.2451733350753784
matched_coord0.25,mean,4,SAA1,,,1.220870852470398
matched_coord0.25,mean,4,MGP,0.0,,1.086224913597107
matched_coord0.25,mean,4,IGKC,,,1.1290496587753296
matched_coord0.25,mean,4,FABP4,0.0,,1.1452502012252808
matched_coord0.25,mean,4,MOBP,0.0,,0.7892531156539917
matched_coord0.25,mean,4,HBB,0.0,,0.7352389097213745
matched_coord0.25,mean,4,NEFL,,,1.0573872327804565
matched_coord0.25,mean,4,TF,,,0.8869405388832092
matched_coord0.25,mean,4,IGHG3,,,0.3890365660190582
matched_coord0.25,mean,4,CNP,0.0,,1.032109260559082
matched_coord0.25,mean,4,CPB1,0.0,,0.2626882791519165
matched_coord0.25,mean,4,CRYAB,,,1.0600838661193848
matched_coord0.25,mean,4,IGHA1,0.0,,0.844924807548523
matched_coord0.25,mean,4,KRT8,,,0.9010535478591919
matched_coord0.25,mean,4,MUC1,,,1.0333852767944336
matched_coord0.25,mean,4,KRT19,,,1.0280414819717407
matched_coord0.25,mean,4,IGLC2,,,0.813015878200531
matched_coord0.25,mean,4,TFF1,,,0.9336380958557129
matched_coord0.25,mean,4,MAG,,,0.6730756163597107
matched_coord0.25,mean,4,ERMN,,,0.5454855561256409
matched_coord0.25,mean,4,CLDN11,,,0.6065521240234375
matched_coord0.25,mean,4,CLDND1,,,0.8344181776046753
matched_coord0.25,mean,4,SPP1,0.0,,0.7024049758911133
matched_coord0.25,mean,4,PPP1R14A,,,0.7706176042556763
matched_coord0.25,mean,4,S100B,0.0,,1.0375159978866577
matched_coord0.25,mean,4,MOG,,,0.4795934557914734
matched_coord0.25,mean,4,MALAT1,0.0,,1.0697542428970337
matched_coord0.25,mean,4,CARNS1,0.0,,0.49532556533813477
matched_coord0.25,mean,4,IGHG4,0.0,,0.3820233941078186
matched_coord0.25,mean,4,KRT18,0.0,,0.812349796295166
matched_coord0.25,mean,4,BCAS1,0.0,,0.6337743401527405
matched_coord0.25,mean,4,PTGDS,,,0.9849406480789185
matched_coord0.25,mean,4,SAA2,,,0.537031888961792
matched_coord0.25,mean,4,SEPT4,,,0.8118414878845215
matched_coord0.25,mean,4,TFF3,,,0.9391953349113464
matched_coord0.25,mean,4,HPCAL1,,,0.9736302495002747
matched_coord0.25,mean,4,S100A11,,,0.9251786470413208
matched_coord0.25,mean,4,ALB,,,0.1035388708114624
matched_coord0.25,mean,4,RNASE1,,,0.8205597996711731
matched_coord0.25,mean,4,TMEM144,,,0.5097638368606567
matched_coord0.25,mean,4,ENPP2,,,0.5993143916130066
matched_coord0.25,mean,4,MAL,,,0.6015064120292664
matched_coord0.25,mean,4,NKX6-2,0.0,,0.4096170663833618
matched_coord0.25,mean,4,HSPA2,,,0.5444881319999695
matched_coord0.25,mean,4,G0S2,0.0,,0.6900229454040527
matched_coord0.25,pca_ridge,4,SCGB2A2,0.26408939818138155,0.2549643167804924,1.7194770574569702
matched_coord0.25,pca_ridge,4,SCGB1D2,0.2138435889409191,0.20713354724977143,1.4903582334518433
matched_coord0.25,pca_ridge,4,MBP,0.37679304541578573,0.3811961539697283,1.0868618488311768
matched_coord0.25,pca_ridge,4,GFAP,0.36183307173581786,0.3792266136058045,1.1104472875595093
matched_coord0.25,pca_ridge,4,PLP1,0.366874833041099,0.3400148625220911,1.1557172536849976
matched_coord0.25,pca_ridge,4,SAA1,-0.005281586640096767,0.026860351954365924,1.218513011932373
matched_coord0.25,pca_ridge,4,MGP,0.07758163716120473,0.06673807711113236,1.0804190635681152
matched_coord0.25,pca_ridge,4,IGKC,0.16102605142770046,0.1309183762555746,1.1176594495773315
matched_coord0.25,pca_ridge,4,FABP4,0.015245901742322758,0.04063226024253335,1.1430338621139526
matched_coord0.25,pca_ridge,4,MOBP,0.24672411342580222,0.1930477136641854,0.7784008383750916
matched_coord0.25,pca_ridge,4,HBB,0.0586219080203788,0.0676772402185039,0.7336077094078064
matched_coord0.25,pca_ridge,4,NEFL,0.44356998679859205,0.38310224874331783,0.9436997175216675
matched_coord0.25,pca_ridge,4,TF,0.2767332934066302,0.2291967152143055,0.8601426482200623
matched_coord0.25,pca_ridge,4,IGHG3,0.029130946399800225,0.03113838157790523,0.3893727660179138
matched_coord0.25,pca_ridge,4,CNP,0.2540604801212811,0.20864313230470924,1.0036758184432983
matched_coord0.25,pca_ridge,4,CPB1,0.004433183455255829,0.019337870365109425,0.263723760843277
matched_coord0.25,pca_ridge,4,CRYAB,0.26077953439649343,0.23986304481547346,1.0283350944519043
matched_coord0.25,pca_ridge,4,IGHA1,0.14047478528345994,0.10229231886014735,0.838664710521698
matched_coord0.25,pca_ridge,4,KRT8,0.2844170281641725,0.21554246578036843,0.8636963367462158
matched_coord0.25,pca_ridge,4,MUC1,0.18574824509870985,0.1743511908856607,1.0165908336639404
matched_coord0.25,pca_ridge,4,KRT19,0.24710437885435999,0.2099421236988401,0.9961432218551636
matched_coord0.25,pca_ridge,4,IGLC2,0.11255444037171895,0.08931532901524358,0.8086885809898376
matched_coord0.25,pca_ridge,4,TFF1,0.04677512673965849,0.07163359376621344,0.9350582361221313
matched_coord0.25,pca_ridge,4,MAG,0.23117035068917946,0.19538946443160657,0.6640272736549377
matched_coord0.25,pca_ridge,4,ERMN,0.21759446909074653,0.1825498666667939,0.5431044697761536
matched_coord0.25,pca_ridge,4,CLDN11,0.22322778772108098,0.17173404397639586,0.6008228659629822
matched_coord0.25,pca_ridge,4,CLDND1,0.23607751984411285,0.19390511667276505,0.8145996332168579
matched_coord0.25,pca_ridge,4,SPP1,0.2551466486551292,0.2065747149007153,0.6844746470451355
matched_coord0.25,pca_ridge,4,PPP1R14A,0.22505766963389273,0.1820023965491196,0.7582583427429199
matched_coord0.25,pca_ridge,4,S100B,0.19756441895379312,0.21765482356923394,1.0242066383361816
matched_coord0.25,pca_ridge,4,MOG,0.21331255154074338,0.1655339781704664,0.47596752643585205
matched_coord0.25,pca_ridge,4,MALAT1,0.15940971413900257,0.18585401037655572,1.0553250312805176
matched_coord0.25,pca_ridge,4,CARNS1,0.19297040625281392,0.15185446927476054,0.4960165023803711
matched_coord0.25,pca_ridge,4,IGHG4,0.024674350539751925,0.023155792732010367,0.382463276386261
matched_coord0.25,pca_ridge,4,KRT18,0.22818010801347413,0.18643554697429968,0.7901490926742554
matched_coord0.25,pca_ridge,4,BCAS1,0.177280758223856,0.14318347833011552,0.6297359466552734
matched_coord0.25,pca_ridge,4,PTGDS,0.20386911650254863,0.24646632726944523,0.9653346538543701
matched_coord0.25,pca_ridge,4,SAA2,-0.001862518747843139,0.05323513819981307,0.5367810726165771
matched_coord0.25,pca_ridge,4,SEPT4,0.17856408517403063,0.15981782952191317,0.8031280636787415
matched_coord0.25,pca_ridge,4,TFF3,0.1250039206917107,0.12417808072494248,0.9327679872512817
matched_coord0.25,pca_ridge,4,HPCAL1,0.27402380525115,0.2726292966643817,0.932939350605011
matched_coord0.25,pca_ridge,4,S100A11,0.26301278814773654,0.2108121536770844,0.8931624889373779
matched_coord0.25,pca_ridge,4,ALB,-0.0029489511180372675,1.9641588913230875e-05,0.10447917133569717
matched_coord0.25,pca_ridge,4,RNASE1,0.18039304597163955,0.1550145786712413,0.8143470883369446
matched_coord0.25,pca_ridge,4,TMEM144,0.1807126153097159,0.15652772112899274,0.5090839266777039
matched_coord0.25,pca_ridge,4,ENPP2,0.17871131377151028,0.14749857073859743,0.5984616875648499
matched_coord0.25,pca_ridge,4,MAL,0.16066566123563453,0.13724844720516288,0.6018086671829224
matched_coord0.25,pca_ridge,4,NKX6-2,0.15276666220605864,0.1312369009682865,0.4138251543045044
matched_coord0.25,pca_ridge,4,HSPA2,0.17710230644840158,0.15455369666079305,0.5431361794471741
matched_coord0.25,pca_ridge,4,G0S2,0.059200241105614455,0.08490627954692151,0.6877986192703247
matched_coord0.25,spatial_knn,4,SCGB2A2,0.49204503491984064,0.47730555806798397,1.7233708087951067
matched_coord0.25,spatial_knn,4,SCGB1D2,0.3956230768797211,0.36735083846536337,1.3967445422650926
matched_coord0.25,spatial_knn,4,MBP,0.49405044092935113,0.5244790265043542,1.0390440486355705
matched_coord0.25,spatial_knn,4,GFAP,0.16329231228960248,0.1469686770584981,1.21369072724986
matched_coord0.25,spatial_knn,4,PLP1,0.4161671361876889,0.41774921770259094,1.1507814369648597
matched_coord0.25,spatial_knn,4,SAA1,0.3889112374433506,0.38956019592371277,1.1142747329244465
matched_coord0.25,spatial_knn,4,MGP,0.2551173977461472,0.16519909842837988,1.0969263222656251
matched_coord0.25,spatial_knn,4,IGKC,0.17294104900988155,0.1946322210686855,1.1620096078720514
matched_coord0.25,spatial_knn,4,FABP4,0.2975631297685378,0.3028651369724606,1.1180068729676633
matched_coord0.25,spatial_knn,4,MOBP,0.3064004597968474,0.25255525428789066,0.7816593677326643
matched_coord0.25,spatial_knn,4,HBB,0.13571332433153754,0.09925137056497156,0.7937871464935431
matched_coord0.25,spatial_knn,4,NEFL,0.05834782207682805,0.06607915475262036,1.0972876163460232
matched_coord0.25,spatial_knn,4,TF,0.2746064982294224,0.2527417146521237,0.8917604756829386
matched_coord0.25,spatial_knn,4,IGHG3,0.031182341744433066,0.015398105599573313,0.39236928878382504
matched_coord0.25,spatial_knn,4,CNP,0.2479633385806782,0.2206968151965478,1.010021417905946
matched_coord0.25,spatial_knn,4,CPB1,0.030897954986204818,0.03738720501719644,0.22614995933502072
matched_coord0.25,spatial_knn,4,CRYAB,0.21082547170223725,0.22211022946498113,1.0738833786439714
matched_coord0.25,spatial_knn,4,IGHA1,0.14808584979458375,0.16505381936464186,0.8590712080520987
matched_coord0.25,spatial_knn,4,KRT8,0.31935258490592955,0.23534088848168608,0.861345919025222
matched_coord0.25,spatial_knn,4,MUC1,0.1660036915901715,0.15327725170054848,1.0949056743284689
matched_coord0.25,spatial_knn,4,KRT19,0.20730725034318526,0.16726450966919085,1.0158037680474308
matched_coord0.25,spatial_knn,4,IGLC2,0.0028195932022842237,0.00437549467437668,0.8465453185245294
matched_coord0.25,spatial_knn,4,TFF1,0.14447212257773157,0.12934175096703182,0.9510798943310158
matched_coord0.25,spatial_knn,4,MAG,0.22168726488935622,0.18915307140462173,0.6757347485556897
matched_coord0.25,spatial_knn,4,ERMN,0.17025667007426074,0.14644925552028965,0.5767533634910831
matched_coord0.25,spatial_knn,4,CLDN11,0.17726694534373186,0.13958039225406274,0.6286954060576081
matched_coord0.25,spatial_knn,4,CLDND1,0.20136503163156702,0.17554908157998408,0.8271015321936872
matched_coord0.25,spatial_knn,4,SPP1,0.23213530071270166,0.1940780547777442,0.7068496442242013
matched_coord0.25,spatial_knn,4,PPP1R14A,0.17680586895803868,0.14759043041499545,0.8185677133667261
matched_coord0.25,spatial_knn,4,S100B,0.060845979249545906,0.07771912712278042,1.0779669038139488
matched_coord0.25,spatial_knn,4,MOG,0.17973866024748053,0.14750149082308814,0.487596927623524
matched_coord0.25,spatial_knn,4,MALAT1,0.12743808174030197,0.1434807095238816,1.1128349534827038
matched_coord0.25,spatial_knn,4,CARNS1,0.15515423400015566,0.13640350527456283,0.5105326778220067
matched_coord0.25,spatial_knn,4,IGHG4,0.019379469627964732,0.0022495800971113248,0.3859686268068325
matched_coord0.25,spatial_knn,4,KRT18,0.2605613095539443,0.18082367648544417,0.7921971249478537
matched_coord0.25,spatial_knn,4,BCAS1,0.20539653347253758,0.17641350419741042,0.6451252769136376
matched_coord0.25,spatial_knn,4,PTGDS,0.010487255544746495,0.005701262013488276,1.0140244990661946
matched_coord0.25,spatial_knn,4,SAA2,0.19815718270929258,0.21490034476669245,0.5216755567695006
matched_coord0.25,spatial_knn,4,SEPT4,0.1396018115422365,0.10652386743222184,0.8327959083770576
matched_coord0.25,spatial_knn,4,TFF3,0.08202719180259194,0.05358643650896826,1.0149322444317643
matched_coord0.25,spatial_knn,4,HPCAL1,0.19271665960124926,0.1947488853525414,0.9568354827713108
matched_coord0.25,spatial_knn,4,S100A11,0.30564287174271165,0.23340539858269482,0.8998055446281539
matched_coord0.25,spatial_knn,4,ALB,0.005899542039771057,-0.008184711426933555,0.1142677271165968
matched_coord0.25,spatial_knn,4,RNASE1,0.12860175578981728,0.10899549458740483,0.8649760486901014
matched_coord0.25,spatial_knn,4,TMEM144,0.11848449923346326,0.09431815814186592,0.5138765985177232
matched_coord0.25,spatial_knn,4,ENPP2,0.16008231468631304,0.12290262078383127,0.5991875818269992
matched_coord0.25,spatial_knn,4,MAL,0.1551360138556517,0.1267454919280799,0.6075069667835736
matched_coord0.25,spatial_knn,4,NKX6-2,0.13919864851344366,0.10167017438748097,0.41567186162148956
matched_coord0.25,spatial_knn,4,HSPA2,0.08997938803188887,0.07133032089375267,0.5634861365908301
matched_coord0.25,spatial_knn,4,G0S2,0.1203941934860212,0.1304549941674135,0.6799760778287257
matched_coord0.5,mean,4,SCGB2A2,,,1.639739751815796
matched_coord0.5,mean,4,SCGB1D2,,,1.3976900577545166
matched_coord0.5,mean,4,MBP,,,1.1856437921524048
matched_coord0.5,mean,4,GFAP,,,1.1752105951309204
matched_coord0.5,mean,4,PLP1,,,1.2165770530700684
matched_coord0.5,mean,4,SAA1,0.0,,1.4084486961364746
matched_coord0.5,mean,4,MGP,0.0,,1.0111584663391113
matched_coord0.5,mean,4,IGKC,,,1.1594797372817993
matched_coord0.5,mean,4,FABP4,0.0,,1.3218882083892822
matched_coord0.5,mean,4,MOBP,0.0,,0.6753759384155273
matched_coord0.5,mean,4,HBB,0.0,,0.6950437426567078
matched_coord0.5,mean,4,NEFL,,,1.051668643951416
matched_coord0.5,mean,4,TF,,,0.7918035387992859
matched_coord0.5,mean,4,IGHG3,,,0.3968133330345154
matched_coord0.5,mean,4,CNP,0.0,,0.9728168249130249
matched_coord0.5,mean,4,CPB1,0.0,,0.2597893476486206
matched_coord0.5,mean,4,CRYAB,,,1.0237945318222046
matched_coord0.5,mean,4,IGHA1,,,0.849460244178772
matched_coord0.5,mean,4,KRT8,,,0.8161587715148926
matched_coord0.5,mean,4,MUC1,0.0,,1.00840425491333
matched_coord0.5,mean,4,KRT19,,,0.9880822896957397
matched_coord0.5,mean,4,IGLC2,,,0.8155043721199036
matched_coord0.5,mean,4,TFF1,,,0.9499907493591309
matched_coord0.5,mean,4,MAG,,,0.5818066000938416
matched_coord0.5,mean,4,ERMN,,,0.4534667730331421
matched_coord0.5,mean,4,CLDN11,0.0,,0.528817892074585
matched_coord0.5,mean,4,CLDND1,,,0.7642345428466797
matched_coord0.5,mean,4,SPP1,0.0,,0.6029570698738098
matched_coord0.5,mean,4,PPP1R14A,,,0.7017521262168884
matched_coord0.5,mean,4,S100B,0.0,,1.0270181894302368
matched_coord0.5,mean,4,MOG,,,0.4040026366710663
matched_coord0.5,mean,4,MALAT1,,,1.0617749691009521
matched_coord0.5,mean,4,CARNS1,0.0,,0.42129096388816833
matched_coord0.5,mean,4,IGHG4,0.0,,0.367360919713974
matched_coord0.5,mean,4,KRT18,0.0,,0.7251737117767334
matched_coord0.5,mean,4,BCAS1,,,0.5501216053962708
matched_coord0.5,mean,4,PTGDS,,,0.9513346552848816
matched_coord0.5,mean,4,SAA2,,,0.6547410488128662
matched_coord0.5,mean,4,SEPT4,0.0,,0.75266432762146
matched_coord0.5,mean,4,TFF3,,,0.9584081172943115
matched_coord0.5,mean,4,HPCAL1,,,1.0243046283721924
matched_coord0.5,mean,4,S100A11,,,0.8356235027313232
matched_coord0.5,mean,4,ALB,,,0.10361188650131226
matched_coord0.5,mean,4,RNASE1,,,0.7743606567382812
matched_coord0.5,mean,4,TMEM144,,,0.4383387565612793
matched_coord0.5,mean,4,ENPP2,,,0.5412688255310059
matched_coord0.5,mean,4,MAL,,,0.5460811853408813
matched_coord0.5,mean,4,NKX6-2,,,0.3338751792907715
matched_coord0.5,mean,4,HSPA2,,,0.48136842250823975
matched_coord0.5,mean,4,G0S2,0.0,,0.8012111783027649
matched_coord0.5,pca_ridge,4,SCGB2A2,0.2260532743684983,0.2022955802256385,1.6465498208999634
matched_coord0.5,pca_ridge,4,SCGB1D2,0.17664501376878786,0.16253578863995505,1.402061939239502
matched_coord0.5,pca_ridge,4,MBP,0.22138826353464716,0.22332642852752344,1.1153035163879395
matched_coord0.5,pca_ridge,4,GFAP,0.36425804895393527,0.36304100121660576,1.0947691202163696
matched_coord0.5,pca_ridge,4,PLP1,0.21307774616330788,0.19763194844559712,1.1597305536270142
matched_coord0.5,pca_ridge,4,SAA1,-0.0650833724838704,-0.041668266085450954,1.4027460813522339
matched_coord0.5,pca_ridge,4,MGP,0.07115212241679884,0.0610951146499756,1.0075136423110962
matched_coord0.5,pca_ridge,4,IGKC,0.18711781366804933,0.14720686433475771,1.1466562747955322
matched_coord0.5,pca_ridge,4,FABP4,-0.0038435697104007445,0.017255578372045156,1.3181976079940796
matched_coord0.5,pca_ridge,4,MOBP,0.11904453277018968,0.09292739176135459,0.6890528798103333
matched_coord0.5,pca_ridge,4,HBB,0.042050187442508775,0.06639287641430171,0.6925473213195801
matched_coord0.5,pca_ridge,4,NEFL,0.4454584341671623,0.3864127797046614,0.9374370574951172
matched_coord0.5,pca_ridge,4,TF,0.13910771418603865,0.13116400654687888,0.7964155077934265
matched_coord0.5,pca_ridge,4,IGHG3,0.026454677395666783,0.02993287358766523,0.3965649902820587
matched_coord0.5,pca_ridge,4,CNP,0.11438330043024393,0.09906302122228637,0.9726229310035706
matched_coord0.5,pca_ridge,4,CPB1,-0.016672720584312278,-7.095502109076646e-05,0.2586483955383301
matched_coord0.5,pca_ridge,4,CRYAB,0.1879663857570692,0.17773125723809685,1.0051372051239014
matched_coord0.5,pca_ridge,4,IGHA1,0.16404381588726707,0.12133404492582646,0.8428301811218262
matched_coord0.5,pca_ridge,4,KRT8,0.2069794572608455,0.1419072782952175,0.7879380583763123
matched_coord0.5,pca_ridge,4,MUC1,0.16911324904307246,0.16205081319389728,0.9993342161178589
matched_coord0.5,pca_ridge,4,KRT19,0.204092910912388,0.16821136658883684,0.9575565457344055
matched_coord0.5,pca_ridge,4,IGLC2,0.1462407685342957,0.12510884682831688,0.810147225856781
matched_coord0.5,pca_ridge,4,TFF1,0.05141194359631599,0.0706933943243818,0.951374888420105
matched_coord0.5,pca_ridge,4,MAG,0.11323316486940223,0.11178546653062985,0.5920398831367493
matched_coord0.5,pca_ridge,4,ERMN,0.13109375695828146,0.1191000703815482,0.46211332082748413
matched_coord0.5,pca_ridge,4,CLDN11,0.10776878656720058,0.08477207908368753,0.5425479412078857
matched_coord0.5,pca_ridge,4,CLDND1,0.11749420973904556,0.11229810263175183,0.7631655335426331
matched_coord0.5,pca_ridge,4,SPP1,0.143291626242911,0.13388973631490914,0.603001058101654
matched_coord0.5,pca_ridge,4,PPP1R14A,0.12036745008995531,0.1108876965548471,0.7094376683235168
matched_coord0.5,pca_ridge,4,S100B,0.21201123623808354,0.22593905270918185,1.0080466270446777
matched_coord0.5,pca_ridge,4,MOG,0.1075761343704471,0.08399659497746553,0.4150429666042328
matched_coord0.5,pca_ridge,4,MALAT1,0.17355072418913003,0.19727690303187517,1.03871750831604
matched_coord0.5,pca_ridge,4,CARNS1,0.0881318919276956,0.07055967333587188,0.4351983964443207
matched_coord0.5,pca_ridge,4,IGHG4,0.013763365140082015,0.008530070244909017,0.36745157837867737
matched_coord0.5,pca_ridge,4,KRT18,0.17352721966868473,0.12769210029691433,0.7066129446029663
matched_coord0.5,pca_ridge,4,BCAS1,0.08984525494064051,0.07310517355611362,0.5559602379798889
matched_coord0.5,pca_ridge,4,PTGDS,0.20470170001511365,0.2466362030492362,0.9307170510292053
matched_coord0.5,pca_ridge,4,SAA2,-0.04658737347115834,0.005629135907811619,0.6538057327270508
matched_coord0.5,pca_ridge,4,SEPT4,0.091598603231801,0.0932953108306995,0.7512888312339783
matched_coord0.5,pca_ridge,4,TFF3,0.1435966083163859,0.14049581460226462,0.9528453350067139
matched_coord0.5,pca_ridge,4,HPCAL1,0.26138429692791443,0.2566244755847246,0.9679702520370483
matched_coord0.5,pca_ridge,4,S100A11,0.21099894500178565,0.1573802735698776,0.8134215474128723
matched_coord0.5,pca_ridge,4,ALB,-0.006548984887092185,-0.005256650920656875,0.10476621240377426
matched_coord0.5,pca_ridge,4,RNASE1,0.09634292486300329,0.08882216513878002,0.7818776965141296
matched_coord0.5,pca_ridge,4,TMEM144,0.0943397348056502,0.09391288017746878,0.44756606221199036
matched_coord0.5,pca_ridge,4,ENPP2,0.10005927491514308,0.09288729335340659,0.5504181385040283
matched_coord0.5,pca_ridge,4,MAL,0.051931439964328086,0.05228058467261049,0.5604354739189148
matched_coord0.5,pca_ridge,4,NKX6-2,0.0424791075104817,0.060493690765509284,0.34876301884651184
matched_coord0.5,pca_ridge,4,HSPA2,0.08683004722186319,0.09592983360717439,0.49094220995903015
matched_coord0.5,pca_ridge,4,G0S2,0.03835536513958895,0.06293870884929223,0.7978172302246094
matched_coord0.5,spatial_knn,4,SCGB2A2,0.28249767940944354,0.20437684409216036,2.0950257483997468
matched_coord0.5,spatial_knn,4,SCGB1D2,0.21477109433219965,0.12453940061486762,1.537954030529677
matched_coord0.5,spatial_knn,4,MBP,0.3426540858759344,0.22422272997012083,1.0355437686562088
matched_coord0.5,spatial_knn,4,GFAP,0.05404474185178169,0.022271498701982372,1.226021127635798
matched_coord0.5,spatial_knn,4,PLP1,0.2605769331073352,0.19237899513903536,1.1200303455428946
matched_coord0.5,spatial_knn,4,SAA1,0.4015029370242488,0.4032975832759277,1.2394828873881072
matched_coord0.5,spatial_knn,4,MGP,0.18486424340505692,0.05998143786116321,1.0419789500805647
matched_coord0.5,spatial_knn,4,IGKC,0.16659985831768026,0.17386117240785995,1.1904471272369772
matched_coord0.5,spatial_knn,4,FABP4,0.32057295364389793,0.3387699793581056,1.2771911680092267
matched_coord0.5,spatial_knn,4,MOBP,0.1721824498014325,0.09259728893063979,0.6802899820369552
matched_coord0.5,spatial_knn,4,HBB,0.06017336321441546,0.024561812152687615,0.7150422885563408
matched_coord0.5,spatial_knn,4,NEFL,-0.057574281471877375,-0.04716026949484176,1.101883136082388
matched_coord0.5,spatial_knn,4,TF,0.2009501537343063,0.1365568021402781,0.7732198216506321
matched_coord0.5,spatial_knn,4,IGHG3,-0.014348070664803394,-0.026860212545268977,0.4037272238554086
matched_coord0.5,spatial_knn,4,CNP,0.1253434070963101,0.08669540133964,0.9483328699504677
matched_coord0.5,spatial_knn,4,CPB1,0.022113683278982013,0.03627118829853059,0.23304311618144427
matched_coord0.5,spatial_knn,4,CRYAB,0.11803844905745421,0.11259707975927817,1.0347345957172123
matched_coord0.5,spatial_knn,4,IGHA1,0.1303011760485429,0.1450477514598045,0.8756871967170571
matched_coord0.5,spatial_knn,4,KRT8,0.20656861370691604,0.0850145653497043,0.7781813473482885
matched_coord0.5,spatial_knn,4,MUC1,0.06317466007651232,0.03911281275177387,1.1536410059504931
matched_coord0.5,spatial_knn,4,KRT19,0.11354660794993379,0.0216434240385304,0.9800374321229476
matched_coord0.5,spatial_knn,4,IGLC2,-0.05857147033537606,-0.10458870571956953,0.849807962650484
matched_coord0.5,spatial_knn,4,TFF1,-0.0072893617600610725,-0.006554880969083292,1.0251068815371653
matched_coord0.5,spatial_knn,4,MAG,0.1638697495572607,0.10588365413800234,0.561841365792201
matched_coord0.5,spatial_knn,4,ERMN,0.08166127939586276,0.032887378248981594,0.4706850453794013
matched_coord0.5,spatial_knn,4,CLDN11,0.10335176631462699,0.059880145292107244,0.5433875681305205
matched_coord0.5,spatial_knn,4,CLDND1,0.10371605351019877,0.053207097087286596,0.7464233308412159
matched_coord0.5,spatial_knn,4,SPP1,0.13409488897532523,0.06593391818218292,0.594997981604765
matched_coord0.5,spatial_knn,4,PPP1R14A,0.10272532184404679,0.06188225842718807,0.733891165253836
matched_coord0.5,spatial_knn,4,S100B,0.04353105805822916,0.053627820776727994,1.0612430442141145
matched_coord0.5,spatial_knn,4,MOG,0.1271382826131357,0.06127200406007943,0.4048212798781487
matched_coord0.5,spatial_knn,4,MALAT1,0.1056992749436337,0.10157941706163848,1.131687300623525
matched_coord0.5,spatial_knn,4,CARNS1,0.0812239187231375,0.03274633266461332,0.4282755875744299
matched_coord0.5,spatial_knn,4,IGHG4,-0.02650055361586621,-0.03803519217810901,0.3719922842516848
matched_coord0.5,spatial_knn,4,KRT18,0.1328832882528132,0.012327016842630243,0.7126773722389695
matched_coord0.5,spatial_knn,4,BCAS1,0.1653919162549132,0.06488487101845467,0.5511045416592095
matched_coord0.5,spatial_knn,4,PTGDS,0.017012422256925966,0.014897154458109537,0.9869267110119175
matched_coord0.5,spatial_knn,4,SAA2,0.18363753581290443,0.19413716351236912,0.6289938566610881
matched_coord0.5,spatial_knn,4,SEPT4,0.09492918546740159,0.05784085352182697,0.7501396032226173
matched_coord0.5,spatial_knn,4,TFF3,-0.0353295031764518,-0.06865655528009937,1.1157356698250713
matched_coord0.5,spatial_knn,4,HPCAL1,0.12009767781359336,0.09213278377244953,0.9880542612958241
matched_coord0.5,spatial_knn,4,S100A11,0.19424314931984266,0.0846934552480924,0.8373277245993003
matched_coord0.5,spatial_knn,4,ALB,-0.019251558118697464,-0.02264232353069412,0.11249229333722612
matched_coord0.5,spatial_knn,4,RNASE1,0.06806918337094078,0.032977967100981824,0.8220958977640547
matched_coord0.5,spatial_knn,4,TMEM144,0.05435372882024768,0.03838462914445555,0.43855686315649045
matched_coord0.5,spatial_knn,4,ENPP2,0.09566701073774647,0.06515673914529212,0.5411249631026217
matched_coord0.5,spatial_knn,4,MAL,0.057260162527749243,0.05110976624460802,0.5580909026865165
matched_coord0.5,spatial_knn,4,NKX6-2,0.03289045813902062,0.025010286261114043,0.3344006353527022
matched_coord0.5,spatial_knn,4,HSPA2,0.0538092675887645,0.024452935621229504,0.49122860232915666
matched_coord0.5,spatial_knn,4,G0S2,0.08164807448623995,0.07029345725084953,0.782169998369194
matched_coord1.0,mean,4,SCGB2A2,,,1.7003445625305176
matched_coord1.0,mean,4,SCGB1D2,,,1.4167033433914185
matched_coord1.0,mean,4,MBP,0.0,,1.3858940601348877
matched_coord1.0,mean,4,GFAP,0.0,,1.2582424879074097
matched_coord1.0,mean,4,PLP1,,,1.306130290031433
matched_coord1.0,mean,4,SAA1,,,1.6139602661132812
matched_coord1.0,mean,4,MGP,,,0.8979679942131042
matched_coord1.0,mean,4,IGKC,,,0.7431688904762268
matched_coord1.0,mean,4,FABP4,,,1.5276148319244385
matched_coord1.0,mean,4,MOBP,0.0,,0.6375933289527893
matched_coord1.0,mean,4,HBB,,,0.7106301188468933
matched_coord1.0,mean,4,NEFL,,,1.147383689880371
matched_coord1.0,mean,4,TF,0.0,,0.7654229998588562
matched_coord1.0,mean,4,IGHG3,,,0.24833925068378448
matched_coord1.0,mean,4,CNP,0.0,,0.9990332126617432
matched_coord1.0,mean,4,CPB1,,,0.24393604695796967
matched_coord1.0,mean,4,CRYAB,,,1.0891571044921875
matched_coord1.0,mean,4,IGHA1,0.0,,0.3692243695259094
matched_coord1.0,mean,4,KRT8,,,0.7444988489151001
matched_coord1.0,mean,4,MUC1,0.0,,0.9862079620361328
matched_coord1.0,mean,4,KRT19,,,0.9931997060775757
matched_coord1.0,mean,4,IGLC2,,,0.44424599409103394
matched_coord1.0,mean,4,TFF1,,,0.9872762560844421
matched_coord1.0,mean,4,MAG,,,0.5525363683700562
matched_coord1.0,mean,4,ERMN,,,0.4190211892127991
matched_coord1.0,mean,4,CLDN11,,,0.4863497018814087
matched_coord1.0,mean,4,CLDND1,0.0,,0.740480899810791
matched_coord1.0,mean,4,SPP1,,,0.5397736430168152
matched_coord1.0,mean,4,PPP1R14A,,,0.6786338686943054
matched_coord1.0,mean,4,S100B,0.0,,1.12838613986969
matched_coord1.0,mean,4,MOG,0.0,,0.3863292634487152
matched_coord1.0,mean,4,MALAT1,,,1.1244035959243774
matched_coord1.0,mean,4,CARNS1,0.0,,0.4148222506046295
matched_coord1.0,mean,4,IGHG4,0.0,,0.2004675567150116
matched_coord1.0,mean,4,KRT18,0.0,,0.6544677019119263
matched_coord1.0,mean,4,BCAS1,0.0,,0.48810335993766785
matched_coord1.0,mean,4,PTGDS,,,1.063245177268982
matched_coord1.0,mean,4,SAA2,,,0.864962637424469
matched_coord1.0,mean,4,SEPT4,0.0,,0.7581437230110168
matched_coord1.0,mean,4,TFF3,,,0.9645209908485413
matched_coord1.0,mean,4,HPCAL1,,,1.0986275672912598
matched_coord1.0,mean,4,S100A11,0.0,,0.7773691415786743
matched_coord1.0,mean,4,ALB,,,0.09005621075630188
matched_coord1.0,mean,4,RNASE1,,,0.7642728090286255
matched_coord1.0,mean,4,TMEM144,,,0.37722259759902954
matched_coord1.0,mean,4,ENPP2,0.0,,0.48301073908805847
matched_coord1.0,mean,4,MAL,,,0.5385299324989319
matched_coord1.0,mean,4,NKX6-2,0.0,,0.32309791445732117
matched_coord1.0,mean,4,HSPA2,,,0.47899383306503296
matched_coord1.0,mean,4,G0S2,0.0,,0.8253399729728699
matched_coord1.0,pca_ridge,4,SCGB2A2,0.22004055256836474,0.2207230382948641,1.7138406038284302
matched_coord1.0,pca_ridge,4,SCGB1D2,0.1661459612456005,0.1757262038572612,1.4395217895507812
matched_coord1.0,pca_ridge,4,MBP,0.12394922974571326,0.09852954672665266,1.2501399517059326
matched_coord1.0,pca_ridge,4,GFAP,0.3474859884009223,0.3437531431938993,1.1857529878616333
matched_coord1.0,pca_ridge,4,PLP1,0.16849826469257093,0.16359612801258436,1.1872498989105225
matched_coord1.0,pca_ridge,4,SAA1,-0.23901680295143368,-0.2229831452193334,1.6205761432647705
matched_coord1.0,pca_ridge,4,MGP,0.1451783039951696,0.13844091619491036,0.8987293243408203
matched_coord1.0,pca_ridge,4,IGKC,0.09766598612826316,0.08027418761391097,0.7184960246086121
matched_coord1.0,pca_ridge,4,FABP4,-0.08794223138042356,-0.08458811899239858,1.53192138671875
matched_coord1.0,pca_ridge,4,MOBP,0.0312771394710669,-0.0007723264568895487,0.6469041109085083
matched_coord1.0,pca_ridge,4,HBB,0.08189338776536673,0.09601918575849876,0.7030901312828064
matched_coord1.0,pca_ridge,4,NEFL,0.4272625687643216,0.37824908684120423,1.0054712295532227
matched_coord1.0,pca_ridge,4,TF,0.07086812723094058,0.06364491932621406,0.7594526410102844
matched_coord1.0,pca_ridge,4,IGHG3,0.047196957087606656,0.03890609932691125,0.24338217079639435
matched_coord1.0,pca_ridge,4,CNP,0.06477618362520014,0.05958033858228512,0.9767467379570007
matched_coord1.0,pca_ridge,4,CPB1,-0.008984153591760047,0.0005035263081717148,0.2369760423898697
matched_coord1.0,pca_ridge,4,CRYAB,0.21342048470947989,0.20024901599891015,1.0473905801773071
matched_coord1.0,pca_ridge,4,IGHA1,0.10466899777951032,0.08904086755282353,0.3631419837474823
matched_coord1.0,pca_ridge,4,KRT8,0.13195784568138189,0.12848963626544585,0.7046577334403992
matched_coord1.0,pca_ridge,4,MUC1,0.19001206334430903,0.18544390367625174,0.9642518758773804
matched_coord1.0,pca_ridge,4,KRT19,0.19071029555136543,0.1832386858365853,0.9427006840705872
matched_coord1.0,pca_ridge,4,IGLC2,0.09696119710587349,0.09292616828022893,0.43292802572250366
matched_coord1.0,pca_ridge,4,TFF1,0.13788785788180105,0.16553117486007735,0.9875468611717224
matched_coord1.0,pca_ridge,4,MAG,0.07059307456694808,0.05510296957912988,0.5564072132110596
matched_coord1.0,pca_ridge,4,ERMN,0.11997346736067725,0.0949184692251036,0.4171958565711975
matched_coord1.0,pca_ridge,4,CLDN11,0.11373998991721433,0.10748532174831187,0.48749276995658875
matched_coord1.0,pca_ridge,4,CLDND1,0.06828727873287903,0.08584563033101933,0.7257722020149231
matched_coord1.0,pca_ridge,4,SPP1,0.14387472184234942,0.1290947700958194,0.5141708254814148
matched_coord1.0,pca_ridge,4,PPP1R14A,0.13329125551483273,0.12157622646052654,0.6657288074493408
matched_coord1.0,pca_ridge,4,S100B,0.32615852997737804,0.3301874493120829,1.0696372985839844
matched_coord1.0,pca_ridge,4,MOG,0.03064407846844865,0.00491829893188078,0.4049587845802307
matched_coord1.0,pca_ridge,4,MALAT1,0.19290163322484352,0.23431085514134267,1.092064619064331
matched_coord1.0,pca_ridge,4,CARNS1,0.08782570208851384,0.06454981585142641,0.42250657081604004
matched_coord1.0,pca_ridge,4,IGHG4,-0.02442350583874737,-0.027121850252350796,0.195990189909935
matched_coord1.0,pca_ridge,4,KRT18,0.1317434779202272,0.14701813808389852,0.6223205327987671
matched_coord1.0,pca_ridge,4,BCAS1,0.14759750917531506,0.08249784205050871,0.4711382985115051
matched_coord1.0,pca_ridge,4,PTGDS,0.21124142672642088,0.24793755955731672,1.0359371900558472
matched_coord1.0,pca_ridge,4,SAA2,-0.09050986347569799,-0.02941739858543464,0.8646397590637207
matched_coord1.0,pca_ridge,4,SEPT4,0.029149349763222712,0.06485272814545154,0.7510086894035339
matched_coord1.0,pca_ridge,4,TFF3,0.2181811080398983,0.2256431054912262,0.9515776038169861
matched_coord1.0,pca_ridge,4,HPCAL1,0.27997751380182984,0.2713027961441463,1.0294568538665771
matched_coord1.0,pca_ridge,4,S100A11,0.14931104449697755,0.14574689344049527,0.7553746700286865
matched_coord1.0,pca_ridge,4,ALB,0.0231544135146038,0.02669205533210635,0.09153629094362259
matched_coord1.0,pca_ridge,4,RNASE1,0.02043515952947868,0.04750754879150096,0.7755393385887146
matched_coord1.0,pca_ridge,4,TMEM144,0.0800274212634949,0.07953564877067033,0.3801746666431427
matched_coord1.0,pca_ridge,4,ENPP2,-0.012328737682720341,0.017550458903460377,0.5018937587738037
matched_coord1.0,pca_ridge,4,MAL,0.010607899951623673,0.03199206293001581,0.5539573431015015
matched_coord1.0,pca_ridge,4,NKX6-2,-0.004563019702472129,0.01598936549199972,0.3374117910861969
matched_coord1.0,pca_ridge,4,HSPA2,0.11731496199001057,0.1269420838561617,0.4793195426464081
matched_coord1.0,pca_ridge,4,G0S2,-0.0014493641351974735,0.03769820261129755,0.8240619897842407
matched_coord1.0,spatial_knn,4,SCGB2A2,-0.10903530318356687,-0.07469770545385401,2.357120498498561
matched_coord1.0,spatial_knn,4,SCGB1D2,-0.15691127919710537,-0.11120802362149758,1.7085243749078998
matched_coord1.0,spatial_knn,4,MBP,0.030102999577941894,0.05163923651110677,1.1443793809918685
matched_coord1.0,spatial_knn,4,GFAP,-0.08491585163865498,-0.0875491255693069,1.2957057789602877
matched_coord1.0,spatial_knn,4,PLP1,0.05231358625110833,0.057992252038469486,1.1165473265995365
matched_coord1.0,spatial_knn,4,SAA1,0.4190941375560333,0.376398735692549,1.3601042563376489
matched_coord1.0,spatial_knn,4,MGP,0.014741276721213234,0.0135317106547394,0.9042731413603545
matched_coord1.0,spatial_knn,4,IGKC,0.04844714674224229,0.030214257455410964,0.5831218645058479
matched_coord1.0,spatial_knn,4,FABP4,0.25577495495768254,0.27048101632927907,1.4617013043192155
matched_coord1.0,spatial_knn,4,MOBP,-0.0027489105997851623,-0.00945525765353841,0.5861788490705853
matched_coord1.0,spatial_knn,4,HBB,0.06119418090254516,0.049653067809217556,0.7175224444302134
matched_coord1.0,spatial_knn,4,NEFL,-0.15682025801226124,-0.14000375569458018,1.2158269224729332
matched_coord1.0,spatial_knn,4,TF,0.0575802657753037,0.031545161422683515,0.6819657353219595
matched_coord1.0,spatial_knn,4,IGHG3,0.11126455213475345,0.06866648514891611,0.22256594232447224
matched_coord1.0,spatial_knn,4,CNP,0.029751398693519452,0.01920582470512937,0.9315121622549701
matched_coord1.0,spatial_knn,4,CPB1,0.005858397243518506,0.014983769345114188,0.22460559379847975
matched_coord1.0,spatial_knn,4,CRYAB,0.11936104824834118,0.1256657594491557,1.062909931661549
matched_coord1.0,spatial_knn,4,IGHA1,-0.03969981480231802,-0.05136233535364673,0.33194761415962304
matched_coord1.0,spatial_knn,4,KRT8,-0.02237611764191255,0.0009147509251783967,0.5653719094762597
matched_coord1.0,spatial_knn,4,MUC1,-0.005117710565124256,0.018114593397948443,1.097192699497544
matched_coord1.0,spatial_knn,4,KRT19,-0.11162293036357768,-0.11545106341723947,0.8208428826571835
matched_coord1.0,spatial_knn,4,IGLC2,-0.1027877911825524,-0.07811125756052255,0.4162028670793747
matched_coord1.0,spatial_knn,4,TFF1,-0.08306279546734953,-0.04641572874437796,1.082638813548144
matched_coord1.0,spatial_knn,4,MAG,0.04665982913773367,0.0614693006125694,0.49538862700291064
matched_coord1.0,spatial_knn,4,ERMN,-0.015187676221647751,-0.008931222238585976,0.37515668500970556
matched_coord1.0,spatial_knn,4,CLDN11,0.03471701060835031,0.037620408751088616,0.45735162126176326
matched_coord1.0,spatial_knn,4,CLDND1,-0.01797096025551919,-0.0336068085428054,0.6770587117756414
matched_coord1.0,spatial_knn,4,SPP1,0.0015346444086095682,-0.0007924486635210782,0.4554290511168385
matched_coord1.0,spatial_knn,4,PPP1R14A,-0.011160708301178787,-0.003174164374794991,0.6516088319936394
matched_coord1.0,spatial_knn,4,S100B,0.11660016323915498,0.10156499745397053,1.1303158586842508
matched_coord1.0,spatial_knn,4,MOG,0.06057973154165398,0.045865501619909974,0.3681668139622027
matched_coord1.0,spatial_knn,4,MALAT1,-0.0086806413705889,-0.02825488017289437,1.269844573452464
matched_coord1.0,spatial_knn,4,CARNS1,0.01727686686585379,-0.01876765566069338,0.4010282559185551
matched_coord1.0,spatial_knn,4,IGHG4,0.016687781553021863,0.030057903792053288,0.1765688786783119
matched_coord1.0,spatial_knn,4,KRT18,-0.005811190600842558,-0.00011694427232203695,0.5464366339061458
matched_coord1.0,spatial_knn,4,BCAS1,-0.0031757899982732024,-0.002627202854657728,0.451725151968768
matched_coord1.0,spatial_knn,4,PTGDS,0.04738055558748889,0.08648688005041218,1.0817485776108753
matched_coord1.0,spatial_knn,4,SAA2,0.1355606854361714,0.15125891130113164,0.8262771605328108
matched_coord1.0,spatial_knn,4,SEPT4,-0.011256885545422835,-0.005354579972210773,0.7146801840819171
matched_coord1.0,spatial_knn,4,TFF3,-0.0870695535975963,-0.0772860279764213,1.1128201332728616
matched_coord1.0,spatial_knn,4,HPCAL1,-0.06896388482734472,-0.06604770345009162,1.0691980344210446
matched_coord1.0,spatial_knn,4,S100A11,0.07473674634606037,0.06317127946518972,0.7317121070584583
matched_coord1.0,spatial_knn,4,ALB,-0.009540036365077503,-0.009839700259872441,0.09086511902956983
matched_coord1.0,spatial_knn,4,RNASE1,0.04899584932156404,0.07223273758581697,0.7587106857540734
matched_coord1.0,spatial_knn,4,TMEM144,-0.05564280104414036,-0.05004424445410546,0.3485476559206525
matched_coord1.0,spatial_knn,4,ENPP2,0.03065370532674856,0.03762779240191424,0.4536855107986671
matched_coord1.0,spatial_knn,4,MAL,-0.0637451983495399,-0.048914857395189124,0.5413223553591047
matched_coord1.0,spatial_knn,4,NKX6-2,0.0269219507328641,0.008819992190867303,0.29924341994537695
matched_coord1.0,spatial_knn,4,HSPA2,0.05343716161109484,0.04945832979206322,0.4693520815027479
matched_coord1.0,spatial_knn,4,G0S2,0.08072043704764459,0.02679447230136546,0.7975311451114022
random,mean,5,SCGB2A2,,,1.5412309169769287
random,mean,5,SCGB1D2,,,1.2066069841384888
random,mean,5,MBP,,,1.1652209758758545
random,mean,5,GFAP,,,1.199590802192688
random,mean,5,PLP1,,,1.278977870941162
random,mean,5,SAA1,0.0,,0.826035737991333
random,mean,5,MGP,,,1.0616523027420044
random,mean,5,IGKC,,,1.029011607170105
random,mean,5,FABP4,0.0,,0.7537239789962769
random,mean,5,MOBP,,,0.8470925688743591
random,mean,5,HBB,,,0.8165102005004883
random,mean,5,NEFL,0.0,,1.0129961967468262
random,mean,5,TF,0.0,,0.9440088272094727
random,mean,5,IGHG3,,,0.5004289150238037
random,mean,5,CNP,,,1.0628747940063477
random,mean,5,CPB1,0.0,,0.4782196879386902
random,mean,5,CRYAB,,,1.0932984352111816
random,mean,5,IGHA1,0.0,,0.6484324336051941
random,mean,5,KRT8,0.0,,0.9029484391212463
random,mean,5,MUC1,0.0,,0.969081461429596
random,mean,5,KRT19,,,1.0170952081680298
random,mean,5,IGLC2,,,0.7126309275627136
random,mean,5,TFF1,,,0.8035327196121216
random,mean,5,MAG,0.0,,0.730111300945282
random,mean,5,ERMN,,,0.6209381222724915
random,mean,5,CLDN11,,,0.669578492641449
random,mean,5,CLDND1,0.0,,0.8690776228904724
random,mean,5,SPP1,,,0.7542135715484619
random,mean,5,PPP1R14A,0.0,,0.8070045709609985
random,mean,5,S100B,0.0,,1.041433334350586
random,mean,5,MOG,,,0.5239386558532715
random,mean,5,MALAT1,,,1.052615761756897
random,mean,5,CARNS1,,,0.5613066554069519
random,mean,5,IGHG4,,,0.4725213050842285
random,mean,5,KRT18,,,0.8227155208587646
random,mean,5,BCAS1,,,0.6446064710617065
random,mean,5,PTGDS,0.0,,0.9424149394035339
random,mean,5,SAA2,,,0.3558277189731598
random,mean,5,SEPT4,0.0,,0.8342682719230652
random,mean,5,TFF3,,,0.8593572974205017
random,mean,5,HPCAL1,0.0,,0.9212960004806519
random,mean,5,S100A11,0.0,,0.8685977458953857
random,mean,5,ALB,,,0.16039615869522095
random,mean,5,RNASE1,0.0,,0.8429715633392334
random,mean,5,TMEM144,,,0.5680147409439087
random,mean,5,ENPP2,0.0,,0.6390448808670044
random,mean,5,MAL,,,0.6422119140625
random,mean,5,NKX6-2,0.0,,0.4699327349662781
random,mean,5,HSPA2,,,0.5876478552818298
random,mean,5,G0S2,0.0,,0.45540744066238403
random,pca_ridge,5,SCGB2A2,0.3109129506711352,0.31302716402850583,1.4651345014572144
random,pca_ridge,5,SCGB1D2,0.2434237994345771,0.24405327142381922,1.170353651046753
random,pca_ridge,5,MBP,0.5123156369485069,0.4083809839958451,1.001004695892334
random,pca_ridge,5,GFAP,0.4621153707310639,0.40670662142796626,1.0638376474380493
random,pca_ridge,5,PLP1,0.5076707353351375,0.3850339519762656,1.1016424894332886
random,pca_ridge,5,SAA1,0.13273047051876066,0.11306727843060548,0.8187771439552307
random,pca_ridge,5,MGP,0.15555872949776772,0.13876535112228597,1.0487812757492065
random,pca_ridge,5,IGKC,0.09626894364668775,0.07672197688700311,1.0242881774902344
random,pca_ridge,5,FABP4,0.1286750607679351,0.10002540554573355,0.7475806474685669
random,pca_ridge,5,MOBP,0.47640300920642686,0.2921626232760487,0.7447254061698914
random,pca_ridge,5,HBB,0.09798142531191581,0.10324925517102215,0.8125613331794739
random,pca_ridge,5,NEFL,0.46910814958925284,0.39427738792554307,0.8946499228477478
random,pca_ridge,5,TF,0.4743143055586968,0.3153420025142022,0.8311218023300171
random,pca_ridge,5,IGHG3,0.027959322960239976,0.03507667458856049,0.5005940794944763
random,pca_ridge,5,CNP,0.4386235330042158,0.3024332680741867,0.9551830291748047
random,pca_ridge,5,CPB1,0.08067651630704473,0.08193950484049735,0.47671258449554443
random,pca_ridge,5,CRYAB,0.4147715977319477,0.3009955791620262,0.9946438074111938
random,pca_ridge,5,IGHA1,0.08880334366769407,0.06351503678442216,0.6459128260612488
random,pca_ridge,5,KRT8,0.254590838194522,0.2017088418019541,0.8733155727386475
random,pca_ridge,5,MUC1,0.19690868180970647,0.18516150086784233,0.9508610367774963
random,pca_ridge,5,KRT19,0.22137310811816924,0.18887614177737033,0.9917936325073242
random,pca_ridge,5,IGLC2,0.07322637320253736,0.03945164016831318,0.7107932567596436
random,pca_ridge,5,TFF1,0.14072811190829057,0.1543164966974148,0.7956303954124451
random,pca_ridge,5,MAG,0.43998167287923473,0.27462441405485305,0.6556847095489502
random,pca_ridge,5,ERMN,0.4417295954922803,0.2821687081110774,0.5570051074028015
random,pca_ridge,5,CLDN11,0.44873418364371476,0.27652689865251473,0.5984147191047668
random,pca_ridge,5,CLDND1,0.42559778960351885,0.2932385929097276,0.7862597107887268
random,pca_ridge,5,SPP1,0.4417188346290815,0.28604353127802107,0.676607072353363
random,pca_ridge,5,PPP1R14A,0.41533225568156296,0.2672583339030855,0.7340168356895447
random,pca_ridge,5,S100B,0.3254349668972518,0.2595682029231822,0.9847904443740845
random,pca_ridge,5,MOG,0.3942381455379511,0.23166911161771253,0.4818421006202698
random,pca_ridge,5,MALAT1,0.18423876686242013,0.20959045599121254,1.0348600149154663
random,pca_ridge,5,CARNS1,0.43075842431589073,0.27888454405875246,0.506517231464386
random,pca_ridge,5,IGHG4,0.05947391651310037,0.05973398422623842,0.47168591618537903
random,pca_ridge,5,KRT18,0.2228323302075362,0.17897599757178884,0.802092969417572
random,pca_ridge,5,BCAS1,0.33573823301327277,0.21289317283119127,0.6076880097389221
random,pca_ridge,5,PTGDS,0.3136651976682373,0.29299457447160987,0.8948491215705872
random,pca_ridge,5,SAA2,0.05552329508874933,0.05513166613373588,0.3557073771953583
random,pca_ridge,5,SEPT4,0.3396184294379624,0.25049663516942766,0.784892737865448
random,pca_ridge,5,TFF3,0.15793489105709158,0.1533174449229026,0.8486369848251343
random,pca_ridge,5,HPCAL1,0.2279626071093478,0.23185176057717147,0.8971273303031921
random,pca_ridge,5,S100A11,0.24301502942054437,0.18601042265441486,0.8428239226341248
random,pca_ridge,5,ALB,0.022876106680606245,0.020123393601061457,0.1604609340429306
random,pca_ridge,5,RNASE1,0.36420942758620034,0.25133305903267195,0.7850478291511536
random,pca_ridge,5,TMEM144,0.3944322226079516,0.26551624825186193,0.5220230221748352
random,pca_ridge,5,ENPP2,0.3828579907084242,0.24905575609814504,0.5903605818748474
random,pca_ridge,5,MAL,0.3689096640396774,0.24015036737753306,0.5968532562255859
random,pca_ridge,5,NKX6-2,0.35390512336227853,0.218761193928687,0.43973076343536377
random,pca_ridge,5,HSPA2,0.38349136604171785,0.23938872895630553,0.5426551103591919
random,pca_ridge,5,G0S2,0.07572121601570853,0.05125409930506116,0.4543861448764801
random,spatial_knn,5,SCGB2A2,0.7132595428968836,0.7086181626072279,1.0848633483218817
random,spatial_knn,5,SCGB1D2,0.5945085781634067,0.5943262686153866,0.9758459171699051
random,spatial_knn,5,MBP,0.47779030167505054,0.4343137092669125,1.040229707459925
random,spatial_knn,5,GFAP,0.23270353278711559,0.2008702200246987,1.1946597570628568
random,spatial_knn,5,PLP1,0.4353638200283063,0.36454305850539537,1.1659408412261092
random,spatial_knn,5,SAA1,0.5156184297261839,0.45444301782004054,0.7147375023606686
random,spatial_knn,5,MGP,0.4548149976767108,0.41814941860526833,0.9534143327258277
random,spatial_knn,5,IGKC,0.33317613577265737,0.32838781382898174,0.9919559197117865
random,spatial_knn,5,FABP4,0.4545444682167611,0.40495208331710697,0.6785981336867827
random,spatial_knn,5,MOBP,0.40139782034866883,0.27744787012129757,0.785408721477846
random,spatial_knn,5,HBB,0.319260449798761,0.25970728765551876,0.7899050557202045
random,spatial_knn,5,NEFL,0.20000108214720885,0.18247964735695957,1.0173380450845744
random,spatial_knn,5,TF,0.3273454410039346,0.2572931950785533,0.908179063069081
random,spatial_knn,5,IGHG3,0.2920001230710693,0.1906108256671718,0.4887356904720718
random,spatial_knn,5,CNP,0.2958448089535328,0.230412290878692,1.0386751907243852
random,spatial_knn,5,CPB1,0.3625559455546806,0.3147502344614178,0.4515938280550646
random,spatial_knn,5,CRYAB,0.2827610914227189,0.22415647629401017,1.0704459623137679
random,spatial_knn,5,IGHA1,0.2689087484905186,0.2677428027570838,0.6407903818926397
random,spatial_knn,5,KRT8,0.31482489838257044,0.2902160091892777,0.8745215318408063
random,spatial_knn,5,MUC1,0.3274923392663466,0.327517254983589,0.9304805598529783
random,spatial_knn,5,KRT19,0.3003870120801092,0.29995412364693813,0.9892091957666954
random,spatial_knn,5,IGLC2,0.23760267833276338,0.23764273154710666,0.7109945063591019
random,spatial_knn,5,TFF1,0.30777677610592846,0.31170922692453384,0.7808863996432496
random,spatial_knn,5,MAG,0.29081314716158546,0.2044842112075722,0.7116779508879243
random,spatial_knn,5,ERMN,0.296014068446553,0.20676961760995421,0.6046411395953483
random,spatial_knn,5,CLDN11,0.2845653684516629,0.19406383963990692,0.6539846989487349
random,spatial_knn,5,CLDND1,0.26044090961785177,0.18715005597395326,0.8596276095856781
random,spatial_knn,5,SPP1,0.27386414898646383,0.19453770550284072,0.7437879872348123
random,spatial_knn,5,PPP1R14A,0.26187375138697067,0.17679838303565693,0.7967557594670615
random,spatial_knn,5,S100B,0.16240099334013045,0.12918905781973966,1.0567720916836456
random,spatial_knn,5,MOG,0.23216932653736938,0.17004094555403076,0.523851515286462
random,spatial_knn,5,MALAT1,0.18669463839349165,0.17249520058365972,1.0646471768266843
random,spatial_knn,5,CARNS1,0.22146095366348953,0.1677806431375397,0.5631428599053003
random,spatial_knn,5,IGHG4,0.20123270092489492,0.16583899105679778,0.4761259830505861
random,spatial_knn,5,KRT18,0.24273320128928394,0.24488142225281598,0.8177723665059289
random,spatial_knn,5,BCAS1,0.20902881341749924,0.14685173366559312,0.6519252102121075
random,spatial_knn,5,PTGDS,0.09942364315934962,0.10161912877569475,0.9745937250151128
random,spatial_knn,5,SAA2,0.2553328256970458,0.24835600681311204,0.35589734906003523
random,spatial_knn,5,SEPT4,0.18873521754210232,0.152629975177694,0.8498736726645303
random,spatial_knn,5,TFF3,0.22571905588180524,0.24085961226838412,0.8588988109707697
random,spatial_knn,5,HPCAL1,0.11945901173526571,0.11596086073577883,0.9496175162228783
random,spatial_knn,5,S100A11,0.2670236196584195,0.22952858796024947,0.8551994003218591
random,spatial_knn,5,ALB,0.3371851404176211,0.15130589434705638,0.15270288907020202
random,spatial_knn,5,RNASE1,0.19344434113799092,0.15015210219050276,0.8531937127830098
random,spatial_knn,5,TMEM144,0.22371111261739463,0.15700793412976344,0.5684670180114763
random,spatial_knn,5,ENPP2,0.19659586917408367,0.12093304979287589,0.6495535044814104
random,spatial_knn,5,MAL,0.21513292169686016,0.1685048542933002,0.643825035362728
random,spatial_knn,5,NKX6-2,0.1968454306204912,0.14933125919831766,0.47431298877894973
random,spatial_knn,5,HSPA2,0.20935697500585898,0.1436188220685222,0.5903296307009824
random,spatial_knn,5,G0S2,0.1936299455457592,0.1970750764049059,0.4621464483145833
matched_hop0,mean,5,SCGB2A2,,,1.4139487743377686
matched_hop0,mean,5,SCGB1D2,,,1.1176453828811646
matched_hop0,mean,5,MBP,0.0,,1.0693893432617188
matched_hop0,mean,5,GFAP,0.0,,1.1063594818115234
matched_hop0,mean,5,PLP1,,,1.1206802129745483
matched_hop0,mean,5,SAA1,,,1.011454701423645
matched_hop0,mean,5,MGP,,,1.1461459398269653
matched_hop0,mean,5,IGKC,0.0,,0.9216110110282898
matched_hop0,mean,5,FABP4,0.0,,0.9048886299133301
matched_hop0,mean,5,MOBP,,,0.6536226272583008
matched_hop0,mean,5,HBB,0.0,,0.9039648175239563
matched_hop0,mean,5,NEFL,,,0.9691310524940491
matched_hop0,mean,5,TF,,,0.7882503867149353
matched_hop0,mean,5,IGHG3,0.0,,0.510532021522522
matched_hop0,mean,5,CNP,,,0.9277656078338623
matched_hop0,mean,5,CPB1,0.0,,0.6304104924201965
matched_hop0,mean,5,CRYAB,,,0.9600686430931091
matched_hop0,mean,5,IGHA1,0.0,,0.5359525084495544
matched_hop0,mean,5,KRT8,0.0,,0.7662706971168518
matched_hop0,mean,5,MUC1,0.0,,0.9118691086769104
matched_hop0,mean,5,KRT19,,,0.9444860816001892
matched_hop0,mean,5,IGLC2,,,0.594475507736206
matched_hop0,mean,5,TFF1,0.0,,0.7942260503768921
matched_hop0,mean,5,MAG,,,0.5911601185798645
matched_hop0,mean,5,ERMN,0.0,,0.4793073534965515
matched_hop0,mean,5,CLDN11,,,0.5350720882415771
matched_hop0,mean,5,CLDND1,0.0,,0.7523654699325562
matched_hop0,mean,5,SPP1,,,0.6306937336921692
matched_hop0,mean,5,PPP1R14A,,,0.6692310571670532
matched_hop0,mean,5,S100B,,,0.9636619687080383
matched_hop0,mean,5,MOG,,,0.3979949355125427
matched_hop0,mean,5,MALAT1,,,1.005491018295288
matched_hop0,mean,5,CARNS1,,,0.4451145529747009
matched_hop0,mean,5,IGHG4,0.0,,0.4408128261566162
matched_hop0,mean,5,KRT18,,,0.6983206272125244
matched_hop0,mean,5,BCAS1,0.0,,0.5288259983062744
matched_hop0,mean,5,PTGDS,0.0,,0.8508158922195435
matched_hop0,mean,5,SAA2,0.0,,0.5073491334915161
matched_hop0,mean,5,SEPT4,0.0,,0.7457103729248047
matched_hop0,mean,5,TFF3,,,0.8343944549560547
matched_hop0,mean,5,HPCAL1,,,0.9244716763496399
matched_hop0,mean,5,S100A11,,,0.7645299434661865
matched_hop0,mean,5,ALB,0.0,,0.0933074802160263
matched_hop0,mean,5,RNASE1,,,0.7596101760864258
matched_hop0,mean,5,TMEM144,,,0.44381076097488403
matched_hop0,mean,5,ENPP2,0.0,,0.5507875084877014
matched_hop0,mean,5,MAL,,,0.5452921390533447
matched_hop0,mean,5,NKX6-2,,,0.37749728560447693
matched_hop0,mean,5,HSPA2,0.0,,0.4789656400680542
matched_hop0,mean,5,G0S2,0.0,,0.5528850555419922
matched_hop0,pca_ridge,5,SCGB2A2,0.17378754653800732,0.16713908586860343,1.4136749505996704
matched_hop0,pca_ridge,5,SCGB1D2,0.16254080298006335,0.16047292181685194,1.113381266593933
matched_hop0,pca_ridge,5,MBP,0.3674150329164107,0.37291433863159495,0.9975387454032898
matched_hop0,pca_ridge,5,GFAP,0.41010764281497497,0.355992254966926,1.0093021392822266
matched_hop0,pca_ridge,5,PLP1,0.32554832587252036,0.2971789514300472,1.060990333557129
matched_hop0,pca_ridge,5,SAA1,0.1907928129406591,0.1723265455091842,0.9963428378105164
matched_hop0,pca_ridge,5,MGP,0.1786702657881713,0.1563659159600874,1.1300488710403442
matched_hop0,pca_ridge,5,IGKC,0.04842003827240954,0.04455030476443965,0.921687662601471
matched_hop0,pca_ridge,5,FABP4,0.20237458473108486,0.16539122018489488,0.8902357220649719
matched_hop0,pca_ridge,5,MOBP,0.2036373498043744,0.19110855423472017,0.6413074135780334
matched_hop0,pca_ridge,5,HBB,0.032957865398737636,0.07048559794807932,0.9038000702857971
matched_hop0,pca_ridge,5,NEFL,0.4879094137814531,0.40718320757259263,0.8458492755889893
matched_hop0,pca_ridge,5,TF,0.2492184864559177,0.2390500819209992,0.7638532519340515
matched_hop0,pca_ridge,5,IGHG3,0.014891672659612692,0.037887836877818305,0.5109992027282715
matched_hop0,pca_ridge,5,CNP,0.2475078440521487,0.21949768374217263,0.8991605639457703
matched_hop0,pca_ridge,5,CPB1,0.0919054371482312,0.11002283017501069,0.6278776526451111
matched_hop0,pca_ridge,5,CRYAB,0.19035933852612438,0.16718573820944455,0.9438343048095703
matched_hop0,pca_ridge,5,IGHA1,0.010228956884138423,0.00035100851715213365,0.5390623211860657
matched_hop0,pca_ridge,5,KRT8,0.10947264969792952,0.09414740806041359,0.764668881893158
matched_hop0,pca_ridge,5,MUC1,0.14009358438864228,0.1402870877212267,0.9059630036354065
matched_hop0,pca_ridge,5,KRT19,0.15806998769254466,0.14459040406404536,0.9330251812934875
matched_hop0,pca_ridge,5,IGLC2,0.02047938784632333,0.0019520033888826519,0.5956546664237976
matched_hop0,pca_ridge,5,TFF1,0.14270763118208604,0.15839762423169737,0.7868902683258057
matched_hop0,pca_ridge,5,MAG,0.1938968095217062,0.1837471455873491,0.5803834795951843
matched_hop0,pca_ridge,5,ERMN,0.18730250839116028,0.17802389085704312,0.47135984897613525
matched_hop0,pca_ridge,5,CLDN11,0.17296203305931632,0.1692826934916305,0.5278480648994446
matched_hop0,pca_ridge,5,CLDND1,0.2014146300932345,0.21626842604810617,0.7379259467124939
matched_hop0,pca_ridge,5,SPP1,0.21387348592042876,0.2211323508208137,0.6167364120483398
matched_hop0,pca_ridge,5,PPP1R14A,0.1469540863406845,0.1451728321121207,0.663946270942688
matched_hop0,pca_ridge,5,S100B,0.2330198712765283,0.22307933028453367,0.9377670288085938
matched_hop0,pca_ridge,5,MOG,0.14461425024951233,0.13933709629234853,0.3949243426322937
matched_hop0,pca_ridge,5,MALAT1,0.1857501227154234,0.2161203002466088,0.9874961376190186
matched_hop0,pca_ridge,5,CARNS1,0.17165117502767405,0.17835810326079826,0.4391159415245056
matched_hop0,pca_ridge,5,IGHG4,0.018434510882897256,0.028222251990319705,0.44125935435295105
matched_hop0,pca_ridge,5,KRT18,0.10193057080000775,0.08211850339245737,0.6969005465507507
matched_hop0,pca_ridge,5,BCAS1,0.1462729489276647,0.15202578398613678,0.5241827368736267
matched_hop0,pca_ridge,5,PTGDS,0.1900455038091762,0.20644444639894485,0.8355998396873474
matched_hop0,pca_ridge,5,SAA2,0.10355427779676336,0.09792457435488176,0.5049366354942322
matched_hop0,pca_ridge,5,SEPT4,0.20597660698798914,0.23144781118264757,0.7300897240638733
matched_hop0,pca_ridge,5,TFF3,0.14746810102830232,0.14859905359020212,0.8254895210266113
matched_hop0,pca_ridge,5,HPCAL1,0.22729645459254214,0.23365367727650246,0.899140477180481
matched_hop0,pca_ridge,5,S100A11,0.10935741014067576,0.0876791396625391,0.76260906457901
matched_hop0,pca_ridge,5,ALB,0.005983367229796012,0.0029800497568411026,0.09403640776872635
matched_hop0,pca_ridge,5,RNASE1,0.15979673346796552,0.1556733981076739,0.7498886585235596
matched_hop0,pca_ridge,5,TMEM144,0.15087882900288796,0.15779765487175632,0.4394952058792114
matched_hop0,pca_ridge,5,ENPP2,0.14885998931872405,0.16605476883464718,0.5452821254730225
matched_hop0,pca_ridge,5,MAL,0.13345908627107367,0.13933318721275068,0.5409383773803711
matched_hop0,pca_ridge,5,NKX6-2,0.1411747621290623,0.1418519732710122,0.3739423453807831
matched_hop0,pca_ridge,5,HSPA2,0.14110829348356674,0.13278511804240178,0.4745705723762512
matched_hop0,pca_ridge,5,G0S2,0.11789189243006992,0.09751622324025491,0.5490722060203552
matched_hop0,spatial_knn,5,SCGB2A2,0.4285930920298521,0.3967746482794313,1.4542286661638697
matched_hop0,spatial_knn,5,SCGB1D2,0.34364666838772573,0.3370699871191905,1.1297294207390676
matched_hop0,spatial_knn,5,MBP,0.28276809909488665,0.23711825235018108,1.0242416207162268
matched_hop0,spatial_knn,5,GFAP,0.04971834722886368,0.05429744800628848,1.1491054231546438
matched_hop0,spatial_knn,5,PLP1,0.20706603626695175,0.18109524317294953,1.1049565828483559
matched_hop0,spatial_knn,5,SAA1,0.4013278421960847,0.41248468458456455,0.9223097504856995
matched_hop0,spatial_knn,5,MGP,0.18128043644544484,0.1931460373767169,1.1751935309302783
matched_hop0,spatial_knn,5,IGKC,0.32691582339060443,0.3294787483285705,0.8982426598638126
matched_hop0,spatial_knn,5,FABP4,0.37635239459602976,0.36085276006838013,0.8334460959695249
matched_hop0,spatial_knn,5,MOBP,0.13865018277551885,0.0873735949793941,0.6523248228909567
matched_hop0,spatial_knn,5,HBB,0.26603975644077776,0.21471218923809773,0.8773204257952872
matched_hop0,spatial_knn,5,NEFL,0.1619062963856279,0.1369995762544064,0.9814118127299357
matched_hop0,spatial_knn,5,TF,0.13171025930398703,0.09947001621619167,0.7904135120438606
matched_hop0,spatial_knn,5,IGHG3,0.21229937272452457,0.19481927344705366,0.5030201744658623
matched_hop0,spatial_knn,5,CNP,0.11123106170381958,0.09106289793799867,0.9326212051432506
matched_hop0,spatial_knn,5,CPB1,0.35027194001354606,0.3383968236513721,0.5871809236639638
matched_hop0,spatial_knn,5,CRYAB,0.06413633460385523,0.05555705559625859,0.9802475933619104
matched_hop0,spatial_knn,5,IGHA1,0.11254256518943717,0.14221103213892275,0.5360405723783221
matched_hop0,spatial_knn,5,KRT8,0.11624382831395058,0.09495484823602003,0.7786293469201735
matched_hop0,spatial_knn,5,MUC1,0.1696036068343833,0.17394684858170112,0.9297258349401701
matched_hop0,spatial_knn,5,KRT19,0.19801681856586673,0.16907022931237273,0.9685736140777899
matched_hop0,spatial_knn,5,IGLC2,0.19301802673784357,0.21056577165055132,0.5860062898907527
matched_hop0,spatial_knn,5,TFF1,0.16722359897614578,0.17149489415248126,0.8033304493523549
matched_hop0,spatial_knn,5,MAG,0.08270616560057108,0.05395960387462166,0.6021777751153969
matched_hop0,spatial_knn,5,ERMN,0.09672065082591418,0.059313807930101686,0.48372998520889093
matched_hop0,spatial_knn,5,CLDN11,0.04066846155212807,0.02482015752262819,0.5520541105963918
matched_hop0,spatial_knn,5,CLDND1,0.09511318214326811,0.0623819000624438,0.759569207653765
matched_hop0,spatial_knn,5,SPP1,0.10101919936548093,0.07122938753361258,0.6398635620030164
matched_hop0,spatial_knn,5,PPP1R14A,0.03029656062421991,0.020559028200354563,0.6839395537464547
matched_hop0,spatial_knn,5,S100B,0.03650094372764923,0.034682968570662887,0.9880363716110155
matched_hop0,spatial_knn,5,MOG,0.07580599815454753,0.05233991178593533,0.4026605634914489
matched_hop0,spatial_knn,5,MALAT1,0.13160470542570302,0.16026945530189152,1.0095347419247878
matched_hop0,spatial_knn,5,CARNS1,0.014064977728216231,0.018106724164629804,0.4577480168813881
matched_hop0,spatial_knn,5,IGHG4,0.19270786659417694,0.16924687502132033,0.43974123812756777
matched_hop0,spatial_knn,5,KRT18,0.11384384899350117,0.10172304887215648,0.7122357570381972
matched_hop0,spatial_knn,5,BCAS1,0.07532254304374598,0.054499153736722795,0.5364616829601571
matched_hop0,spatial_knn,5,PTGDS,-0.005013239826088534,0.003361504258010276,0.8887482936343328
matched_hop0,spatial_knn,5,SAA2,0.10992213185632291,0.19428263963044984,0.5226503818339744
matched_hop0,spatial_knn,5,SEPT4,0.07269654764025268,0.04829072234405787,0.7634713638646539
matched_hop0,spatial_knn,5,TFF3,0.02794338992852025,0.03682262625444809,0.8727093104520417
matched_hop0,spatial_knn,5,HPCAL1,0.09000847007949,0.08688922160863889,0.9498728029402578
matched_hop0,spatial_knn,5,S100A11,0.03238969672591258,0.030076895079745807,0.7936957632582741
matched_hop0,spatial_knn,5,ALB,-0.0011912379600899857,-0.004113401239380397,0.09384011262447114
matched_hop0,spatial_knn,5,RNASE1,0.05441200634371357,0.041527947939698044,0.7695774844232723
matched_hop0,spatial_knn,5,TMEM144,0.03767509235691471,0.015242811631007354,0.4565138550201107
matched_hop0,spatial_knn,5,ENPP2,0.043842903758736326,0.03305304877946596,0.5674457311521196
matched_hop0,spatial_knn,5,MAL,0.038785355385568814,0.022874907176817824,0.5576610982959411
matched_hop0,spatial_knn,5,NKX6-2,0.07009790509649758,0.04804145818022564,0.3841527822511354
matched_hop0,spatial_knn,5,HSPA2,0.00020901037947908903,0.0007522258739220363,0.49129881854227525
matched_hop0,spatial_knn,5,G0S2,0.24599886958787343,0.23372001383854382,0.5471747008640305
matched_hop1,mean,5,SCGB2A2,,,1.4139487743377686
matched_hop1,mean,5,SCGB1D2,,,1.1176453828811646
matched_hop1,mean,5,MBP,0.0,,1.0693893432617188
matched_hop1,mean,5,GFAP,0.0,,1.1063594818115234
matched_hop1,mean,5,PLP1,,,1.1206802129745483
matched_hop1,mean,5,SAA1,,,1.011454701423645
matched_hop1,mean,5,MGP,,,1.1461459398269653
matched_hop1,mean,5,IGKC,0.0,,0.9216110110282898
matched_hop1,mean,5,FABP4,0.0,,0.9048886299133301
matched_hop1,mean,5,MOBP,,,0.6536226272583008
matched_hop1,mean,5,HBB,0.0,,0.9039648175239563
matched_hop1,mean,5,NEFL,,,0.9691310524940491
matched_hop1,mean,5,TF,,,0.7882503867149353
matched_hop1,mean,5,IGHG3,0.0,,0.510532021522522
matched_hop1,mean,5,CNP,,,0.9277656078338623
matched_hop1,mean,5,CPB1,0.0,,0.6304104924201965
matched_hop1,mean,5,CRYAB,,,0.9600686430931091
matched_hop1,mean,5,IGHA1,0.0,,0.5359525084495544
matched_hop1,mean,5,KRT8,0.0,,0.7662706971168518
matched_hop1,mean,5,MUC1,0.0,,0.9118691086769104
matched_hop1,mean,5,KRT19,,,0.9444860816001892
matched_hop1,mean,5,IGLC2,,,0.594475507736206
matched_hop1,mean,5,TFF1,0.0,,0.7942260503768921
matched_hop1,mean,5,MAG,,,0.5911601185798645
matched_hop1,mean,5,ERMN,0.0,,0.4793073534965515
matched_hop1,mean,5,CLDN11,,,0.5350720882415771
matched_hop1,mean,5,CLDND1,0.0,,0.7523654699325562
matched_hop1,mean,5,SPP1,,,0.6306937336921692
matched_hop1,mean,5,PPP1R14A,,,0.6692310571670532
matched_hop1,mean,5,S100B,,,0.9636619687080383
matched_hop1,mean,5,MOG,,,0.3979949355125427
matched_hop1,mean,5,MALAT1,,,1.005491018295288
matched_hop1,mean,5,CARNS1,,,0.4451145529747009
matched_hop1,mean,5,IGHG4,0.0,,0.4408128261566162
matched_hop1,mean,5,KRT18,,,0.6983206272125244
matched_hop1,mean,5,BCAS1,0.0,,0.5288259983062744
matched_hop1,mean,5,PTGDS,0.0,,0.8508158922195435
matched_hop1,mean,5,SAA2,0.0,,0.5073491334915161
matched_hop1,mean,5,SEPT4,0.0,,0.7457103729248047
matched_hop1,mean,5,TFF3,,,0.8343944549560547
matched_hop1,mean,5,HPCAL1,,,0.9244716763496399
matched_hop1,mean,5,S100A11,,,0.7645299434661865
matched_hop1,mean,5,ALB,0.0,,0.0933074802160263
matched_hop1,mean,5,RNASE1,,,0.7596101760864258
matched_hop1,mean,5,TMEM144,,,0.44381076097488403
matched_hop1,mean,5,ENPP2,0.0,,0.5507875084877014
matched_hop1,mean,5,MAL,,,0.5452921390533447
matched_hop1,mean,5,NKX6-2,,,0.37749728560447693
matched_hop1,mean,5,HSPA2,0.0,,0.4789656400680542
matched_hop1,mean,5,G0S2,0.0,,0.5528850555419922
matched_hop1,pca_ridge,5,SCGB2A2,0.17378754653800732,0.16713908586860343,1.4136749505996704
matched_hop1,pca_ridge,5,SCGB1D2,0.16254080298006335,0.16047292181685194,1.113381266593933
matched_hop1,pca_ridge,5,MBP,0.3674150329164107,0.37291433863159495,0.9975387454032898
matched_hop1,pca_ridge,5,GFAP,0.41010764281497497,0.355992254966926,1.0093021392822266
matched_hop1,pca_ridge,5,PLP1,0.32554832587252036,0.2971789514300472,1.060990333557129
matched_hop1,pca_ridge,5,SAA1,0.1907928129406591,0.1723265455091842,0.9963428378105164
matched_hop1,pca_ridge,5,MGP,0.1786702657881713,0.1563659159600874,1.1300488710403442
matched_hop1,pca_ridge,5,IGKC,0.04842003827240954,0.04455030476443965,0.921687662601471
matched_hop1,pca_ridge,5,FABP4,0.20237458473108486,0.16539122018489488,0.8902357220649719
matched_hop1,pca_ridge,5,MOBP,0.2036373498043744,0.19110855423472017,0.6413074135780334
matched_hop1,pca_ridge,5,HBB,0.032957865398737636,0.07048559794807932,0.9038000702857971
matched_hop1,pca_ridge,5,NEFL,0.4879094137814531,0.40718320757259263,0.8458492755889893
matched_hop1,pca_ridge,5,TF,0.2492184864559177,0.2390500819209992,0.7638532519340515
matched_hop1,pca_ridge,5,IGHG3,0.014891672659612692,0.037887836877818305,0.5109992027282715
matched_hop1,pca_ridge,5,CNP,0.2475078440521487,0.21949768374217263,0.8991605639457703
matched_hop1,pca_ridge,5,CPB1,0.0919054371482312,0.11002283017501069,0.6278776526451111
matched_hop1,pca_ridge,5,CRYAB,0.19035933852612438,0.16718573820944455,0.9438343048095703
matched_hop1,pca_ridge,5,IGHA1,0.010228956884138423,0.00035100851715213365,0.5390623211860657
matched_hop1,pca_ridge,5,KRT8,0.10947264969792952,0.09414740806041359,0.764668881893158
matched_hop1,pca_ridge,5,MUC1,0.14009358438864228,0.1402870877212267,0.9059630036354065
matched_hop1,pca_ridge,5,KRT19,0.15806998769254466,0.14459040406404536,0.9330251812934875
matched_hop1,pca_ridge,5,IGLC2,0.02047938784632333,0.0019520033888826519,0.5956546664237976
matched_hop1,pca_ridge,5,TFF1,0.14270763118208604,0.15839762423169737,0.7868902683258057
matched_hop1,pca_ridge,5,MAG,0.1938968095217062,0.1837471455873491,0.5803834795951843
matched_hop1,pca_ridge,5,ERMN,0.18730250839116028,0.17802389085704312,0.47135984897613525
matched_hop1,pca_ridge,5,CLDN11,0.17296203305931632,0.1692826934916305,0.5278480648994446
matched_hop1,pca_ridge,5,CLDND1,0.2014146300932345,0.21626842604810617,0.7379259467124939
matched_hop1,pca_ridge,5,SPP1,0.21387348592042876,0.2211323508208137,0.6167364120483398
matched_hop1,pca_ridge,5,PPP1R14A,0.1469540863406845,0.1451728321121207,0.663946270942688
matched_hop1,pca_ridge,5,S100B,0.2330198712765283,0.22307933028453367,0.9377670288085938
matched_hop1,pca_ridge,5,MOG,0.14461425024951233,0.13933709629234853,0.3949243426322937
matched_hop1,pca_ridge,5,MALAT1,0.1857501227154234,0.2161203002466088,0.9874961376190186
matched_hop1,pca_ridge,5,CARNS1,0.17165117502767405,0.17835810326079826,0.4391159415245056
matched_hop1,pca_ridge,5,IGHG4,0.018434510882897256,0.028222251990319705,0.44125935435295105
matched_hop1,pca_ridge,5,KRT18,0.10193057080000775,0.08211850339245737,0.6969005465507507
matched_hop1,pca_ridge,5,BCAS1,0.1462729489276647,0.15202578398613678,0.5241827368736267
matched_hop1,pca_ridge,5,PTGDS,0.1900455038091762,0.20644444639894485,0.8355998396873474
matched_hop1,pca_ridge,5,SAA2,0.10355427779676336,0.09792457435488176,0.5049366354942322
matched_hop1,pca_ridge,5,SEPT4,0.20597660698798914,0.23144781118264757,0.7300897240638733
matched_hop1,pca_ridge,5,TFF3,0.14746810102830232,0.14859905359020212,0.8254895210266113
matched_hop1,pca_ridge,5,HPCAL1,0.22729645459254214,0.23365367727650246,0.899140477180481
matched_hop1,pca_ridge,5,S100A11,0.10935741014067576,0.0876791396625391,0.76260906457901
matched_hop1,pca_ridge,5,ALB,0.005983367229796012,0.0029800497568411026,0.09403640776872635
matched_hop1,pca_ridge,5,RNASE1,0.15979673346796552,0.1556733981076739,0.7498886585235596
matched_hop1,pca_ridge,5,TMEM144,0.15087882900288796,0.15779765487175632,0.4394952058792114
matched_hop1,pca_ridge,5,ENPP2,0.14885998931872405,0.16605476883464718,0.5452821254730225
matched_hop1,pca_ridge,5,MAL,0.13345908627107367,0.13933318721275068,0.5409383773803711
matched_hop1,pca_ridge,5,NKX6-2,0.1411747621290623,0.1418519732710122,0.3739423453807831
matched_hop1,pca_ridge,5,HSPA2,0.14110829348356674,0.13278511804240178,0.4745705723762512
matched_hop1,pca_ridge,5,G0S2,0.11789189243006992,0.09751622324025491,0.5490722060203552
matched_hop1,spatial_knn,5,SCGB2A2,0.4285930920298521,0.3967746482794313,1.4542286661638697
matched_hop1,spatial_knn,5,SCGB1D2,0.34364666838772573,0.3370699871191905,1.1297294207390676
matched_hop1,spatial_knn,5,MBP,0.28276809909488665,0.23711825235018108,1.0242416207162268
matched_hop1,spatial_knn,5,GFAP,0.04971834722886368,0.05429744800628848,1.1491054231546438
matched_hop1,spatial_knn,5,PLP1,0.20706603626695175,0.18109524317294953,1.1049565828483559
matched_hop1,spatial_knn,5,SAA1,0.4013278421960847,0.41248468458456455,0.9223097504856995
matched_hop1,spatial_knn,5,MGP,0.18128043644544484,0.1931460373767169,1.1751935309302783
matched_hop1,spatial_knn,5,IGKC,0.32691582339060443,0.3294787483285705,0.8982426598638126
matched_hop1,spatial_knn,5,FABP4,0.37635239459602976,0.36085276006838013,0.8334460959695249
matched_hop1,spatial_knn,5,MOBP,0.13865018277551885,0.0873735949793941,0.6523248228909567
matched_hop1,spatial_knn,5,HBB,0.26603975644077776,0.21471218923809773,0.8773204257952872
matched_hop1,spatial_knn,5,NEFL,0.1619062963856279,0.1369995762544064,0.9814118127299357
matched_hop1,spatial_knn,5,TF,0.13171025930398703,0.09947001621619167,0.7904135120438606
matched_hop1,spatial_knn,5,IGHG3,0.21229937272452457,0.19481927344705366,0.5030201744658623
matched_hop1,spatial_knn,5,CNP,0.11123106170381958,0.09106289793799867,0.9326212051432506
matched_hop1,spatial_knn,5,CPB1,0.35027194001354606,0.3383968236513721,0.5871809236639638
matched_hop1,spatial_knn,5,CRYAB,0.06413633460385523,0.05555705559625859,0.9802475933619104
matched_hop1,spatial_knn,5,IGHA1,0.11254256518943717,0.14221103213892275,0.5360405723783221
matched_hop1,spatial_knn,5,KRT8,0.11624382831395058,0.09495484823602003,0.7786293469201735
matched_hop1,spatial_knn,5,MUC1,0.1696036068343833,0.17394684858170112,0.9297258349401701
matched_hop1,spatial_knn,5,KRT19,0.19801681856586673,0.16907022931237273,0.9685736140777899
matched_hop1,spatial_knn,5,IGLC2,0.19301802673784357,0.21056577165055132,0.5860062898907527
matched_hop1,spatial_knn,5,TFF1,0.16722359897614578,0.17149489415248126,0.8033304493523549
matched_hop1,spatial_knn,5,MAG,0.08270616560057108,0.05395960387462166,0.6021777751153969
matched_hop1,spatial_knn,5,ERMN,0.09672065082591418,0.059313807930101686,0.48372998520889093
matched_hop1,spatial_knn,5,CLDN11,0.04066846155212807,0.02482015752262819,0.5520541105963918
matched_hop1,spatial_knn,5,CLDND1,0.09511318214326811,0.0623819000624438,0.759569207653765
matched_hop1,spatial_knn,5,SPP1,0.10101919936548093,0.07122938753361258,0.6398635620030164
matched_hop1,spatial_knn,5,PPP1R14A,0.03029656062421991,0.020559028200354563,0.6839395537464547
matched_hop1,spatial_knn,5,S100B,0.03650094372764923,0.034682968570662887,0.9880363716110155
matched_hop1,spatial_knn,5,MOG,0.07580599815454753,0.05233991178593533,0.4026605634914489
matched_hop1,spatial_knn,5,MALAT1,0.13160470542570302,0.16026945530189152,1.0095347419247878
matched_hop1,spatial_knn,5,CARNS1,0.014064977728216231,0.018106724164629804,0.4577480168813881
matched_hop1,spatial_knn,5,IGHG4,0.19270786659417694,0.16924687502132033,0.43974123812756777
matched_hop1,spatial_knn,5,KRT18,0.11384384899350117,0.10172304887215648,0.7122357570381972
matched_hop1,spatial_knn,5,BCAS1,0.07532254304374598,0.054499153736722795,0.5364616829601571
matched_hop1,spatial_knn,5,PTGDS,-0.005013239826088534,0.003361504258010276,0.8887482936343328
matched_hop1,spatial_knn,5,SAA2,0.10992213185632291,0.19428263963044984,0.5226503818339744
matched_hop1,spatial_knn,5,SEPT4,0.07269654764025268,0.04829072234405787,0.7634713638646539
matched_hop1,spatial_knn,5,TFF3,0.02794338992852025,0.03682262625444809,0.8727093104520417
matched_hop1,spatial_knn,5,HPCAL1,0.09000847007949,0.08688922160863889,0.9498728029402578
matched_hop1,spatial_knn,5,S100A11,0.03238969672591258,0.030076895079745807,0.7936957632582741
matched_hop1,spatial_knn,5,ALB,-0.0011912379600899857,-0.004113401239380397,0.09384011262447114
matched_hop1,spatial_knn,5,RNASE1,0.05441200634371357,0.041527947939698044,0.7695774844232723
matched_hop1,spatial_knn,5,TMEM144,0.03767509235691471,0.015242811631007354,0.4565138550201107
matched_hop1,spatial_knn,5,ENPP2,0.043842903758736326,0.03305304877946596,0.5674457311521196
matched_hop1,spatial_knn,5,MAL,0.038785355385568814,0.022874907176817824,0.5576610982959411
matched_hop1,spatial_knn,5,NKX6-2,0.07009790509649758,0.04804145818022564,0.3841527822511354
matched_hop1,spatial_knn,5,HSPA2,0.00020901037947908903,0.0007522258739220363,0.49129881854227525
matched_hop1,spatial_knn,5,G0S2,0.24599886958787343,0.23372001383854382,0.5471747008640305
matched_hop2,mean,5,SCGB2A2,,,1.3873172998428345
matched_hop2,mean,5,SCGB1D2,,,1.1115057468414307
matched_hop2,mean,5,MBP,,,1.0684243440628052
matched_hop2,mean,5,GFAP,0.0,,1.1030998229980469
matched_hop2,mean,5,PLP1,,,1.1102752685546875
matched_hop2,mean,5,SAA1,,,1.010852575302124
matched_hop2,mean,5,MGP,,,1.2063438892364502
matched_hop2,mean,5,IGKC,0.0,,0.9266694784164429
matched_hop2,mean,5,FABP4,,,0.8947488069534302
matched_hop2,mean,5,MOBP,,,0.6411145329475403
matched_hop2,mean,5,HBB,,,0.8793225288391113
matched_hop2,mean,5,NEFL,,,0.9704298377037048
matched_hop2,mean,5,TF,,,0.7703765034675598
matched_hop2,mean,5,IGHG3,0.0,,0.5224723815917969
matched_hop2,mean,5,CNP,0.0,,0.9177826642990112
matched_hop2,mean,5,CPB1,,,0.6489312648773193
matched_hop2,mean,5,CRYAB,,,0.9577669501304626
matched_hop2,mean,5,IGHA1,,,0.5400282740592957
matched_hop2,mean,5,KRT8,0.0,,0.7699484825134277
matched_hop2,mean,5,MUC1,,,0.9190834760665894
matched_hop2,mean,5,KRT19,,,0.9499954581260681
matched_hop2,mean,5,IGLC2,0.0,,0.6011926531791687
matched_hop2,mean,5,TFF1,0.0,,0.8091177344322205
matched_hop2,mean,5,MAG,,,0.5723167657852173
matched_hop2,mean,5,ERMN,,,0.47138911485671997
matched_hop2,mean,5,CLDN11,,,0.5252813696861267
matched_hop2,mean,5,CLDND1,0.0,,0.7392701506614685
matched_hop2,mean,5,SPP1,0.0,,0.6111365556716919
matched_hop2,mean,5,PPP1R14A,,,0.6607685089111328
matched_hop2,mean,5,S100B,,,0.9652079939842224
matched_hop2,mean,5,MOG,,,0.38538461923599243
matched_hop2,mean,5,MALAT1,,,1.0120303630828857
matched_hop2,mean,5,CARNS1,,,0.43915554881095886
matched_hop2,mean,5,IGHG4,0.0,,0.45047950744628906
matched_hop2,mean,5,KRT18,,,0.7060807347297668
matched_hop2,mean,5,BCAS1,,,0.525619626045227
matched_hop2,mean,5,PTGDS,0.0,,0.8449100852012634
matched_hop2,mean,5,SAA2,0.0,,0.5107913017272949
matched_hop2,mean,5,SEPT4,0.0,,0.7404705882072449
matched_hop2,mean,5,TFF3,,,0.8516880869865417
matched_hop2,mean,5,HPCAL1,,,0.933452308177948
matched_hop2,mean,5,S100A11,,,0.7697810530662537
matched_hop2,mean,5,ALB,0.0,,0.10335521399974823
matched_hop2,mean,5,RNASE1,,,0.7520654201507568
matched_hop2,mean,5,TMEM144,,,0.4388653337955475
matched_hop2,mean,5,ENPP2,0.0,,0.5400475859642029
matched_hop2,mean,5,MAL,0.0,,0.5388563275337219
matched_hop2,mean,5,NKX6-2,,,0.3636772930622101
matched_hop2,mean,5,HSPA2,0.0,,0.47238776087760925
matched_hop2,mean,5,G0S2,0.0,,0.5288030505180359
matched_hop2,pca_ridge,5,SCGB2A2,0.16142094406145482,0.15512712178534382,1.393707513809204
matched_hop2,pca_ridge,5,SCGB1D2,0.15667588661512097,0.15646233336282406,1.1085771322250366
matched_hop2,pca_ridge,5,MBP,0.3560592405639169,0.37191556686888666,1.000931739807129
matched_hop2,pca_ridge,5,GFAP,0.40887914565674344,0.35819235223415413,1.0069124698638916
matched_hop2,pca_ridge,5,PLP1,0.3178022023695457,0.3020817354526608,1.0541592836380005
matched_hop2,pca_ridge,5,SAA1,0.19394662905337226,0.17618415677337929,0.9951122999191284
matched_hop2,pca_ridge,5,MGP,0.20642667355925823,0.18414332490774374,1.185917615890503
matched_hop2,pca_ridge,5,IGKC,0.057204647009268035,0.052317283123367156,0.9257858991622925
matched_hop2,pca_ridge,5,FABP4,0.20940084333657238,0.16942663931978233,0.879321813583374
matched_hop2,pca_ridge,5,MOBP,0.17238446018609838,0.1772778572486382,0.6341688632965088
matched_hop2,pca_ridge,5,HBB,0.014777797089101971,0.055840802616873284,0.8809861540794373
matched_hop2,pca_ridge,5,NEFL,0.4812398012565084,0.4094496730301917,0.8508883714675903
matched_hop2,pca_ridge,5,TF,0.23376426313850224,0.2367661295852228,0.75
matched_hop2,pca_ridge,5,IGHG3,0.009660671114560745,0.03317417501616025,0.5230871438980103
matched_hop2,pca_ridge,5,CNP,0.22848972020859565,0.20904567361644924,0.8946235179901123
matched_hop2,pca_ridge,5,CPB1,0.09511343330426165,0.11194643306709226,0.6462836861610413
matched_hop2,pca_ridge,5,CRYAB,0.17516028668411113,0.1612721375598081,0.9452494382858276
matched_hop2,pca_ridge,5,IGHA1,0.012267400181128338,0.0016464236438989666,0.5429616570472717
matched_hop2,pca_ridge,5,KRT8,0.11870932754986242,0.10338975552860259,0.7665523886680603
matched_hop2,pca_ridge,5,MUC1,0.14092620804248177,0.14168307889100834,0.9127934575080872
matched_hop2,pca_ridge,5,KRT19,0.15956557366857443,0.1479899230049578,0.9386186003684998
matched_hop2,pca_ridge,5,IGLC2,0.027615042145835225,0.004197461103234537,0.6019469499588013
matched_hop2,pca_ridge,5,TFF1,0.15584680459680886,0.1677757763046422,0.799393892288208
matched_hop2,pca_ridge,5,MAG,0.1541170197262479,0.16260410775076609,0.5673853158950806
matched_hop2,pca_ridge,5,ERMN,0.16362320199185268,0.16941044283786563,0.46603596210479736
matched_hop2,pca_ridge,5,CLDN11,0.15512071554833531,0.16059890661128842,0.5202767252922058
matched_hop2,pca_ridge,5,CLDND1,0.1790529712676678,0.20299619831116192,0.7293500900268555
matched_hop2,pca_ridge,5,SPP1,0.19964656495173355,0.21702612696900142,0.6000242233276367
matched_hop2,pca_ridge,5,PPP1R14A,0.12638335301848702,0.13490729164961468,0.6584364771842957
matched_hop2,pca_ridge,5,S100B,0.2334724868303187,0.22229639912649257,0.9391607642173767
matched_hop2,pca_ridge,5,MOG,0.13574593987034494,0.14166079530181608,0.3832188546657562
matched_hop2,pca_ridge,5,MALAT1,0.1792754031813275,0.2114026887162848,0.9953842759132385
matched_hop2,pca_ridge,5,CARNS1,0.15875850280165024,0.17378884994225813,0.4344445466995239
matched_hop2,pca_ridge,5,IGHG4,0.014834587586868933,0.023715161692759706,0.4510097801685333
matched_hop2,pca_ridge,5,KRT18,0.10374034192053824,0.08105399807972756,0.7042460441589355
matched_hop2,pca_ridge,5,BCAS1,0.12842637402538074,0.1448073882036969,0.52266925573349
matched_hop2,pca_ridge,5,PTGDS,0.1891622209065367,0.20920788755847836,0.8300451040267944
matched_hop2,pca_ridge,5,SAA2,0.10867758414451892,0.09836640845936298,0.5081919431686401
matched_hop2,pca_ridge,5,SEPT4,0.19485121099559535,0.22504549943518518,0.7268301248550415
matched_hop2,pca_ridge,5,TFF3,0.14818735363009514,0.1491784669867896,0.8423576951026917
matched_hop2,pca_ridge,5,HPCAL1,0.2237183911196386,0.22917721306795397,0.9081031084060669
matched_hop2,pca_ridge,5,S100A11,0.11492836983528106,0.09337136006701106,0.7669186592102051
matched_hop2,pca_ridge,5,ALB,0.007063220246055513,0.0027298479111713004,0.10401929169893265
matched_hop2,pca_ridge,5,RNASE1,0.13943863880621837,0.1477159286467366,0.7454087734222412
matched_hop2,pca_ridge,5,TMEM144,0.14238691830516412,0.15763534425138467,0.43528783321380615
matched_hop2,pca_ridge,5,ENPP2,0.13628838750723,0.16444799542231445,0.5360656976699829
matched_hop2,pca_ridge,5,MAL,0.10956897655335966,0.12737265757098556,0.5367667078971863
matched_hop2,pca_ridge,5,NKX6-2,0.12435185714523868,0.1372766857553588,0.36143752932548523
matched_hop2,pca_ridge,5,HSPA2,0.1157433175286476,0.11857120199039597,0.4701584577560425
matched_hop2,pca_ridge,5,G0S2,0.1201134023541664,0.10245911426953946,0.5249773263931274
matched_hop2,spatial_knn,5,SCGB2A2,0.3360698047876429,0.30094587474032836,1.5683102529287434
matched_hop2,spatial_knn,5,SCGB1D2,0.2722762222287963,0.27095493542085597,1.1911931170482415
matched_hop2,spatial_knn,5,MBP,0.2359770273074457,0.20085001342218076,1.035469090687879
matched_hop2,spatial_knn,5,GFAP,0.010538561896613691,0.02272139232115694,1.157414479322789
matched_hop2,spatial_knn,5,PLP1,0.16720863870608302,0.1532797458477003,1.1067606298581687
matched_hop2,spatial_knn,5,SAA1,0.35499793701101096,0.375350947040345,0.947235049962755
matched_hop2,spatial_knn,5,MGP,0.15962359215737684,0.17144600905447924,1.2484644978074781
matched_hop2,spatial_knn,5,IGKC,0.3022080727264376,0.30373998522927836,0.9195769260901924
matched_hop2,spatial_knn,5,FABP4,0.3412246684391134,0.33156175020885836,0.8416984741727198
matched_hop2,spatial_knn,5,MOBP,0.09342889607685553,0.06117895479520866,0.645097982258292
matched_hop2,spatial_knn,5,HBB,0.22130262108115814,0.1766493213576341,0.8700354329104378
matched_hop2,spatial_knn,5,NEFL,0.1375975210773691,0.11563020236241717,0.9910236890847665
matched_hop2,spatial_knn,5,TF,0.09994762785140456,0.07571406497991215,0.7774396915712284
matched_hop2,spatial_knn,5,IGHG3,0.2101926731794693,0.18026894673185137,0.5147703503802954
matched_hop2,spatial_knn,5,CNP,0.08042912072432525,0.06810044012259599,0.9279123629875408
matched_hop2,spatial_knn,5,CPB1,0.3544277092099175,0.3397408229566976,0.6043149031179378
matched_hop2,spatial_knn,5,CRYAB,0.04244189852536623,0.03872767494976032,0.982357419450682
matched_hop2,spatial_knn,5,IGHA1,0.10093726981560773,0.13097586176479128,0.541840486188459
matched_hop2,spatial_knn,5,KRT8,0.09992776994242712,0.07830866562625029,0.7879127562760936
matched_hop2,spatial_knn,5,MUC1,0.14028274295886178,0.14623875198540437,0.9510676971564351
matched_hop2,spatial_knn,5,KRT19,0.15916260337995206,0.126536496897321,0.9943489371145972
matched_hop2,spatial_knn,5,IGLC2,0.1822685716472261,0.19881318039070894,0.5945608620762476
matched_hop2,spatial_knn,5,TFF1,0.12376848807646701,0.12610532329255475,0.8330240440880128
matched_hop2,spatial_knn,5,MAG,0.0479209162792184,0.029054081164242247,0.5884448612049733
matched_hop2,spatial_knn,5,ERMN,0.06404579873026416,0.04153893681395839,0.47855796251281124
matched_hop2,spatial_knn,5,CLDN11,0.001974565937884692,0.00217294786381745,0.5480359165247033
matched_hop2,spatial_knn,5,CLDND1,0.06411966260286685,0.044997600301127656,0.7488804233322147
matched_hop2,spatial_knn,5,SPP1,0.06780999524898663,0.044706795753003674,0.6242312953178936
matched_hop2,spatial_knn,5,PPP1R14A,0.004586232637608059,-0.000360080057273183,0.6786511579481549
matched_hop2,spatial_knn,5,S100B,0.02246420558789371,0.022605283912561676,0.9917045066264917
matched_hop2,spatial_knn,5,MOG,0.07196467203392372,0.05075104298492053,0.38931214390856916
matched_hop2,spatial_knn,5,MALAT1,0.11876256187472416,0.14682658139156538,1.019600556836297
matched_hop2,spatial_knn,5,CARNS1,-0.0009117465051378948,0.008052182176645991,0.4526563153921743
matched_hop2,spatial_knn,5,IGHG4,0.18948272530590374,0.15952581826946005,0.4490417553829284
matched_hop2,spatial_knn,5,KRT18,0.09833834882442859,0.08344704661438382,0.7258454448488473
matched_hop2,spatial_knn,5,BCAS1,0.04719016371750789,0.03645182675437982,0.5344536289032431
matched_hop2,spatial_knn,5,PTGDS,-0.011690678360305485,-0.007546284650136985,0.8840993067345668
matched_hop2,spatial_knn,5,SAA2,0.06845293818956438,0.16109308382028872,0.536340597751172
matched_hop2,spatial_knn,5,SEPT4,0.05264552516922075,0.03427325392724689,0.7590917341717739
matched_hop2,spatial_knn,5,TFF3,-0.009755063950283258,-0.0017276599339937852,0.904093013563133
matched_hop2,spatial_knn,5,HPCAL1,0.08057027699134468,0.0772874072336961,0.9603428711033272
matched_hop2,spatial_knn,5,S100A11,0.01974974393596232,0.017398175480382545,0.8031003409413312
matched_hop2,spatial_knn,5,ALB,-0.001734296963973759,-0.0051958998747794255,0.10413993857277412
matched_hop2,spatial_knn,5,RNASE1,0.046124263276068396,0.03946420901886362,0.7620490405455824
matched_hop2,spatial_knn,5,TMEM144,0.028512041029163188,0.010832872280856524,0.45188818833563577
matched_hop2,spatial_knn,5,ENPP2,0.029116830733237595,0.02016753338867033,0.5588178982269106
matched_hop2,spatial_knn,5,MAL,0.00868434408804048,0.003457264490038603,0.5531308953798887
matched_hop2,spatial_knn,5,NKX6-2,0.038029650780752974,0.02441550689903836,0.3719336815568155
matched_hop2,spatial_knn,5,HSPA2,-0.008772487341761634,-0.006953917060572026,0.4849564962276028
matched_hop2,spatial_knn,5,G0S2,0.22243336761828714,0.21162219186348177,0.5346407542630386
matched_hop5,mean,5,SCGB2A2,,,1.4532526731491089
matched_hop5,mean,5,SCGB1D2,,,1.2067776918411255
matched_hop5,mean,5,MBP,0.0,,1.179374098777771
matched_hop5,mean,5,GFAP,0.0,,1.1239252090454102
matched_hop5,mean,5,PLP1,0.0,,1.2001100778579712
matched_hop5,mean,5,SAA1,,,1.0591659545898438
matched_hop5,mean,5,MGP,,,1.3558194637298584
matched_hop5,mean,5,IGKC,,,0.9839009642601013
matched_hop5,mean,5,FABP4,,,0.8715185523033142
matched_hop5,mean,5,MOBP,0.0,,0.6422760486602783
matched_hop5,mean,5,HBB,,,0.8478977680206299
matched_hop5,mean,5,NEFL,,,1.0408227443695068
matched_hop5,mean,5,TF,,,0.7213059067726135
matched_hop5,mean,5,IGHG3,0.0,,0.5525694489479065
matched_hop5,mean,5,CNP,,,0.928162693977356
matched_hop5,mean,5,CPB1,,,0.681553304195404
matched_hop5,mean,5,CRYAB,,,1.0293219089508057
matched_hop5,mean,5,IGHA1,0.0,,0.6699293255805969
matched_hop5,mean,5,KRT8,0.0,,0.8099066615104675
matched_hop5,mean,5,MUC1,0.0,,1.0249896049499512
matched_hop5,mean,5,KRT19,,,1.0209234952926636
matched_hop5,mean,5,IGLC2,,,0.6981037855148315
matched_hop5,mean,5,TFF1,,,0.9085178971290588
matched_hop5,mean,5,MAG,,,0.5905563235282898
matched_hop5,mean,5,ERMN,0.0,,0.4103470742702484
matched_hop5,mean,5,CLDN11,,,0.464781790971756
matched_hop5,mean,5,CLDND1,0.0,,0.7130602598190308
matched_hop5,mean,5,SPP1,,,0.6484143137931824
matched_hop5,mean,5,PPP1R14A,,,0.6259915232658386
matched_hop5,mean,5,S100B,,,1.0227184295654297
matched_hop5,mean,5,MOG,,,0.3761293292045593
matched_hop5,mean,5,MALAT1,,,1.0879437923431396
matched_hop5,mean,5,CARNS1,,,0.33457595109939575
matched_hop5,mean,5,IGHG4,0.0,,0.50066739320755
matched_hop5,mean,5,KRT18,,,0.7740634083747864
matched_hop5,mean,5,BCAS1,,,0.4957045912742615
matched_hop5,mean,5,PTGDS,0.0,,0.8972506523132324
matched_hop5,mean,5,SAA2,,,0.6334280967712402
matched_hop5,mean,5,SEPT4,0.0,,0.7352898716926575
matched_hop5,mean,5,TFF3,0.0,,0.9688730835914612
matched_hop5,mean,5,HPCAL1,,,1.0200481414794922
matched_hop5,mean,5,S100A11,,,0.8467932939529419
matched_hop5,mean,5,ALB,,,0.12649711966514587
matched_hop5,mean,5,RNASE1,,,0.7569320797920227
matched_hop5,mean,5,TMEM144,,,0.41455450654029846
matched_hop5,mean,5,ENPP2,0.0,,0.5074785947799683
matched_hop5,mean,5,MAL,0.0,,0.4862331748008728
matched_hop5,mean,5,NKX6-2,,,0.36573418974876404
matched_hop5,mean,5,HSPA2,,,0.4173511266708374
matched_hop5,mean,5,G0S2,,,0.49203264713287354
matched_hop5,pca_ridge,5,SCGB2A2,0.15618447663190185,0.17416196648448465,1.4661813974380493
matched_hop5,pca_ridge,5,SCGB1D2,0.241713723618903,0.24627051204678926,1.1705683469772339
matched_hop5,pca_ridge,5,MBP,0.30682619286412477,0.3380887713754037,1.1043366193771362
matched_hop5,pca_ridge,5,GFAP,0.4674701960486227,0.4410336087131273,0.9988956451416016
matched_hop5,pca_ridge,5,PLP1,0.2605052695946952,0.26899087560666046,1.1459336280822754
matched_hop5,pca_ridge,5,SAA1,0.2083256258461008,0.18898366530593483,1.0374481678009033
matched_hop5,pca_ridge,5,MGP,0.31688288733315156,0.2875265554529326,1.3112012147903442
matched_hop5,pca_ridge,5,IGKC,0.1213878737846644,0.09624689437370235,0.9759951829910278
matched_hop5,pca_ridge,5,FABP4,0.2640279619044475,0.2291545576795838,0.8474557995796204
matched_hop5,pca_ridge,5,MOBP,0.16269863702582513,0.17761573334901712,0.6344602108001709
matched_hop5,pca_ridge,5,HBB,0.03978141895083974,0.0721942757228115,0.849097490310669
matched_hop5,pca_ridge,5,NEFL,0.4737441316939473,0.40153812971129793,0.9142277836799622
matched_hop5,pca_ridge,5,TF,0.1381787406402264,0.1531575862683207,0.7182356715202332
matched_hop5,pca_ridge,5,IGHG3,0.02803116353371046,0.0574057758568661,0.5527058839797974
matched_hop5,pca_ridge,5,CNP,0.12557501754971698,0.11683791672321431,0.9255331754684448
matched_hop5,pca_ridge,5,CPB1,0.13190032106479022,0.15061012003841215,0.6780051589012146
matched_hop5,pca_ridge,5,CRYAB,0.1349426066544321,0.12832560190613337,1.0222023725509644
matched_hop5,pca_ridge,5,IGHA1,0.05362585984472179,0.03823660371942304,0.6697997450828552
matched_hop5,pca_ridge,5,KRT8,0.17739803427680628,0.1569891847101041,0.7954152226448059
matched_hop5,pca_ridge,5,MUC1,0.2669850637303611,0.2772436844166907,0.9933122396469116
matched_hop5,pca_ridge,5,KRT19,0.14466419142104742,0.12470772023273272,1.0135140419006348
matched_hop5,pca_ridge,5,IGLC2,0.13929641296282913,0.10063464437882955,0.6925524473190308
matched_hop5,pca_ridge,5,TFF1,0.16560473320541036,0.17670036184140517,0.8974863290786743
matched_hop5,pca_ridge,5,MAG,0.07118402728275447,0.09162551204036136,0.5966440439224243
matched_hop5,pca_ridge,5,ERMN,0.07607878253047437,0.10404255486680661,0.4134942889213562
matched_hop5,pca_ridge,5,CLDN11,0.06889641302404985,0.0843577929661153,0.46921125054359436
matched_hop5,pca_ridge,5,CLDND1,0.07749725733737042,0.13704256876956453,0.7177190780639648
matched_hop5,pca_ridge,5,SPP1,0.13837451928297267,0.1865689114962649,0.6457506418228149
matched_hop5,pca_ridge,5,PPP1R14A,0.10245597336039922,0.10232221910348453,0.62563157081604
matched_hop5,pca_ridge,5,S100B,0.22074743832185936,0.2436348316988339,0.9974468350410461
matched_hop5,pca_ridge,5,MOG,0.07007958714844988,0.08784570177286978,0.3793281614780426
matched_hop5,pca_ridge,5,MALAT1,0.13988344790961244,0.16861858640664604,1.0787723064422607
matched_hop5,pca_ridge,5,CARNS1,0.0857961367679771,0.11382579053006786,0.33755531907081604
matched_hop5,pca_ridge,5,IGHG4,0.10281668992099688,0.07262098374996634,0.4984816908836365
matched_hop5,pca_ridge,5,KRT18,0.13815101422008363,0.11738978677844898,0.7673536539077759
matched_hop5,pca_ridge,5,BCAS1,0.02510524286088047,0.06120464482983455,0.5016353130340576
matched_hop5,pca_ridge,5,PTGDS,0.1881185255701602,0.1645518153952959,0.8821565508842468
matched_hop5,pca_ridge,5,SAA2,0.12926287793494637,0.11112559333508933,0.6289916634559631
matched_hop5,pca_ridge,5,SEPT4,0.12760991367647204,0.17291066945404576,0.7291911244392395
matched_hop5,pca_ridge,5,TFF3,0.2317959916964688,0.21309594302170323,0.9473271369934082
matched_hop5,pca_ridge,5,HPCAL1,0.2016684951335294,0.19850128055929087,0.9913473725318909
matched_hop5,pca_ridge,5,S100A11,0.1669677034846612,0.15710362979836312,0.8346660137176514
matched_hop5,pca_ridge,5,ALB,0.07384735512460532,0.0584547945411967,0.12635357677936554
matched_hop5,pca_ridge,5,RNASE1,0.11839685653696519,0.1289610404276819,0.7533214688301086
matched_hop5,pca_ridge,5,TMEM144,0.16622398605938082,0.19597488669057378,0.4082285463809967
matched_hop5,pca_ridge,5,ENPP2,0.08159314250274247,0.10582188118879579,0.5090583562850952
matched_hop5,pca_ridge,5,MAL,0.059462836744638065,0.08414997795346152,0.4886976480484009
matched_hop5,pca_ridge,5,NKX6-2,0.0069549202718113285,0.041376320438699224,0.3713809549808502
matched_hop5,pca_ridge,5,HSPA2,0.186311583707499,0.18783573214610733,0.4084918797016144
matched_hop5,pca_ridge,5,G0S2,0.1690570127383427,0.13540402204256274,0.48568516969680786
matched_hop5,spatial_knn,5,SCGB2A2,0.09342402238108545,0.059934316189910894,1.9774325296559538
matched_hop5,spatial_knn,5,SCGB1D2,0.18680758361765443,0.21587792223321955,1.366874086902782
matched_hop5,spatial_knn,5,MBP,0.0901366436382452,0.06951314676023156,1.1608128636572703
matched_hop5,spatial_knn,5,GFAP,0.004994632004839482,0.04790817278101359,1.2090660285315025
matched_hop5,spatial_knn,5,PLP1,0.033207608971207364,0.022971522419544903,1.2433856160696584
matched_hop5,spatial_knn,5,SAA1,0.1314140603155209,0.16617278174365377,1.1158361052405648
matched_hop5,spatial_knn,5,MGP,0.3037589818871294,0.3003596641182575,1.372115141631355
matched_hop5,spatial_knn,5,IGKC,0.16011773860964373,0.09999486794348529,1.0132064219254382
matched_hop5,spatial_knn,5,FABP4,0.2451036473693936,0.2550218567750912,0.880727675951988
matched_hop5,spatial_knn,5,MOBP,0.04046743495834029,0.03170080416007488,0.6469038062036201
matched_hop5,spatial_knn,5,HBB,-0.05840272562473592,-0.06724115593230487,0.9127511888225013
matched_hop5,spatial_knn,5,NEFL,0.02955725005706019,0.048786085193419454,1.0916400844130205
matched_hop5,spatial_knn,5,TF,0.0272093049426904,0.03352028708159373,0.7438720930169852
matched_hop5,spatial_knn,5,IGHG3,0.15510209452718654,0.04149955327926458,0.552692733397298
matched_hop5,spatial_knn,5,CNP,0.10733057354388745,0.10949886677469624,0.9381873523645147
matched_hop5,spatial_knn,5,CPB1,0.329111342629947,0.2925013442704035,0.6327149295258694
matched_hop5,spatial_knn,5,CRYAB,0.040101380966873754,0.04097302530875063,1.052324207548779
matched_hop5,spatial_knn,5,IGHA1,0.07011017544557044,0.07717677214434183,0.6793759640037186
matched_hop5,spatial_knn,5,KRT8,0.07135677674944552,0.05908595732104813,0.8350416481761891
matched_hop5,spatial_knn,5,MUC1,0.1230506718989625,0.1271164638739108,1.1124601643601084
matched_hop5,spatial_knn,5,KRT19,-0.013827418063567477,-0.05098607572039011,1.1556161058768217
matched_hop5,spatial_knn,5,IGLC2,0.0972074041992606,0.08860678831930982,0.703926481566211
matched_hop5,spatial_knn,5,TFF1,0.11021065729644024,0.055463725431219794,0.9596282795258916
matched_hop5,spatial_knn,5,MAG,-0.011929573675897956,-0.021509178901761728,0.6122686963269706
matched_hop5,spatial_knn,5,ERMN,-0.025385378466104787,-0.006978374262066903,0.4251563817734704
matched_hop5,spatial_knn,5,CLDN11,0.0008867217628036883,0.002165772355236773,0.4980493935861801
matched_hop5,spatial_knn,5,CLDND1,-0.010565567746268899,-0.007512571898173645,0.7270125683093714
matched_hop5,spatial_knn,5,SPP1,0.007051348792309987,-0.02467083988731439,0.6674834978354836
matched_hop5,spatial_knn,5,PPP1R14A,0.05209796177962284,0.050965717688721955,0.6431835603616316
matched_hop5,spatial_knn,5,S100B,-0.030800084849373077,-0.06943536911869443,1.0445380009950227
matched_hop5,spatial_knn,5,MOG,0.0027558326828116247,0.01661943202812746,0.3812374750848645
matched_hop5,spatial_knn,5,MALAT1,0.050985269366279076,0.0762418596134948,1.108605707101089
matched_hop5,spatial_knn,5,CARNS1,-0.0773956440823784,-0.08139432038283782,0.3542686321611985
matched_hop5,spatial_knn,5,IGHG4,0.1082945123351965,0.06849760884192391,0.5066482887359829
matched_hop5,spatial_knn,5,KRT18,0.04215246323681407,0.002231449761309207,0.8241539679745671
matched_hop5,spatial_knn,5,BCAS1,0.05723422483922715,0.04208146567489577,0.4964389462390426
matched_hop5,spatial_knn,5,PTGDS,-0.00047368159003539044,-0.013080164611906328,0.929114629590701
matched_hop5,spatial_knn,5,SAA2,-0.12012009271107287,-0.10548822371428249,0.7125489455871384
matched_hop5,spatial_knn,5,SEPT4,0.007231605786693521,-0.005456431788427211,0.7548142845302139
matched_hop5,spatial_knn,5,TFF3,-0.08328397394874504,-0.0638308159578986,1.0561105356410538
matched_hop5,spatial_knn,5,HPCAL1,-0.03381204442348208,-0.04619127034093217,1.0743560518511481
matched_hop5,spatial_knn,5,S100A11,-0.08102683551527556,-0.08377496535921983,0.9112708274225786
matched_hop5,spatial_knn,5,ALB,-0.026799898796956156,-0.028261772935100928,0.128518669315657
matched_hop5,spatial_knn,5,RNASE1,0.0246444077011852,0.028048713249346154,0.7677538096968729
matched_hop5,spatial_knn,5,TMEM144,-0.027423494562622594,-0.047203559606549574,0.44345847074852174
matched_hop5,spatial_knn,5,ENPP2,-0.02698132654414319,-0.016691145895868117,0.5390929024053558
matched_hop5,spatial_knn,5,MAL,-0.013798358718550266,-0.014060042215083331,0.49551082319357875
matched_hop5,spatial_knn,5,NKX6-2,0.038306256470800985,0.07288731903092018,0.3726399493559022
matched_hop5,spatial_knn,5,HSPA2,-0.058118459281177384,-0.04050686561368342,0.437946820994118
matched_hop5,spatial_knn,5,G0S2,0.16483273104234164,0.14302699961107068,0.5202384281963623
matched_coord0.25,mean,5,SCGB2A2,,,1.3840235471725464
matched_coord0.25,mean,5,SCGB1D2,,,1.1205037832260132
matched_coord0.25,mean,5,MBP,0.0,,1.0621262788772583
matched_coord0.25,mean,5,GFAP,,,1.1027553081512451
matched_coord0.25,mean,5,PLP1,0.0,,1.1045879125595093
matched_coord0.25,mean,5,SAA1,,,1.0281920433044434
matched_coord0.25,mean,5,MGP,,,1.2710542678833008
matched_coord0.25,mean,5,IGKC,,,0.9353394508361816
matched_coord0.25,mean,5,FABP4,0.0,,0.8956312537193298
matched_coord0.25,mean,5,MOBP,,,0.6201744079589844
matched_coord0.25,mean,5,HBB,,,0.8442485332489014
matched_coord0.25,mean,5,NEFL,,,0.9643225073814392
matched_coord0.25,mean,5,TF,0.0,,0.7555582523345947
matched_coord0.25,mean,5,IGHG3,0.0,,0.5373063683509827
matched_coord0.25,mean,5,CNP,0.0,,0.9083936810493469
matched_coord0.25,mean,5,CPB1,,,0.6270085573196411
matched_coord0.25,mean,5,CRYAB,,,0.9447774887084961
matched_coord0.25,mean,5,IGHA1,0.0,,0.5437616109848022
matched_coord0.25,mean,5,KRT8,,,0.7635787725448608
matched_coord0.25,mean,5,MUC1,,,0.9288972616195679
matched_coord0.25,mean,5,KRT19,,,0.9523875117301941
matched_coord0.25,mean,5,IGLC2,,,0.6054626703262329
matched_coord0.25,mean,5,TFF1,,,0.836262047290802
matched_coord0.25,mean,5,MAG,,,0.5622616410255432
matched_coord0.25,mean,5,ERMN,0.0,,0.45828449726104736
matched_coord0.25,mean,5,CLDN11,0.0,,0.5185528993606567
matched_coord0.25,mean,5,CLDND1,0.0,,0.7316581010818481
matched_coord0.25,mean,5,SPP1,,,0.6041063666343689
matched_coord0.25,mean,5,PPP1R14A,0.0,,0.6457245349884033
matched_coord0.25,mean,5,S100B,,,0.9589992165565491
matched_coord0.25,mean,5,MOG,,,0.3752085566520691
matched_coord0.25,mean,5,MALAT1,,,1.0080257654190063
matched_coord0.25,mean,5,CARNS1,0.0,,0.43106546998023987
matched_coord0.25,mean,5,IGHG4,0.0,,0.4558047652244568
matched_coord0.25,mean,5,KRT18,,,0.7056764364242554
matched_coord0.25,mean,5,BCAS1,0.0,,0.5199959874153137
matched_coord0.25,mean,5,PTGDS,0.0,,0.8357070088386536
matched_coord0.25,mean,5,SAA2,,,0.5249505639076233
matched_coord0.25,mean,5,SEPT4,,,0.7333821654319763
matched_coord0.25,mean,5,TFF3,,,0.8700556755065918
matched_coord0.25,mean,5,HPCAL1,,,0.9341500997543335
matched_coord0.25,mean,5,S100A11,,,0.7669863104820251
matched_coord0.25,mean,5,ALB,,,0.10774502158164978
matched_coord0.25,mean,5,RNASE1,,,0.7397512793540955
matched_coord0.25,mean,5,TMEM144,,,0.42660775780677795
matched_coord0.25,mean,5,ENPP2,,,0.5345322489738464
matched_coord0.25,mean,5,MAL,0.0,,0.5348120331764221
matched_coord0.25,mean,5,NKX6-2,,,0.3624848425388336
matched_coord0.25,mean,5,HSPA2,,,0.46560782194137573
matched_coord0.25,mean,5,G0S2,,,0.5212962031364441
matched_coord0.25,pca_ridge,5,SCGB2A2,0.17497048147460276,0.17120251349819737,1.3836033344268799
matched_coord0.25,pca_ridge,5,SCGB1D2,0.1763602982774226,0.17585153010805024,1.1100410223007202
matched_coord0.25,pca_ridge,5,MBP,0.33814593441040747,0.3611599498529696,1.0013995170593262
matched_coord0.25,pca_ridge,5,GFAP,0.39321808983683754,0.34160992356270176,1.0130058526992798
matched_coord0.25,pca_ridge,5,PLP1,0.2980417066906876,0.29075298947849393,1.056292176246643
matched_coord0.25,pca_ridge,5,SAA1,0.17998016275821985,0.1645909218312782,1.0123863220214844
matched_coord0.25,pca_ridge,5,MGP,0.24399439878494755,0.22357309806203274,1.2451283931732178
matched_coord0.25,pca_ridge,5,IGKC,0.07145284925884895,0.06297780789033136,0.9329991936683655
matched_coord0.25,pca_ridge,5,FABP4,0.20316064664272793,0.1647725042930569,0.8800662159919739
matched_coord0.25,pca_ridge,5,MOBP,0.1528031378203426,0.16774304276512642,0.6168836355209351
matched_coord0.25,pca_ridge,5,HBB,-0.004646598237332411,0.04572432974191619,0.8478148579597473
matched_coord0.25,pca_ridge,5,NEFL,0.4814754640263589,0.40914140711144414,0.8457279205322266
matched_coord0.25,pca_ridge,5,TF,0.20722533111634922,0.22266682490819326,0.741283118724823
matched_coord0.25,pca_ridge,5,IGHG3,0.0025060842776499035,0.023493805366528536,0.5381193161010742
matched_coord0.25,pca_ridge,5,CNP,0.2023521843147011,0.18925817773299403,0.8922922611236572
matched_coord0.25,pca_ridge,5,CPB1,0.09576518224942912,0.11308205033589666,0.6245254278182983
matched_coord0.25,pca_ridge,5,CRYAB,0.15414993208669825,0.14722264043108155,0.9373605847358704
matched_coord0.25,pca_ridge,5,IGHA1,0.022568019561450277,0.010635419013675597,0.5459683537483215
matched_coord0.25,pca_ridge,5,KRT8,0.12002668453967039,0.10449056525170185,0.7595282793045044
matched_coord0.25,pca_ridge,5,MUC1,0.14936520571979756,0.14976522335356776,0.9207571148872375
matched_coord0.25,pca_ridge,5,KRT19,0.1745813869607714,0.15622248770250047,0.9380581974983215
matched_coord0.25,pca_ridge,5,IGLC2,0.027286786965418475,-0.0009440320709121299,0.6061775088310242
matched_coord0.25,pca_ridge,5,TFF1,0.16964449466704537,0.18131172561699166,0.8239086270332336
matched_coord0.25,pca_ridge,5,MAG,0.13240926685536936,0.15072109625546706,0.560329794883728
matched_coord0.25,pca_ridge,5,ERMN,0.13340590472925956,0.14973288281390232,0.45631173253059387
matched_coord0.25,pca_ridge,5,CLDN11,0.13438353167852402,0.15314894041686966,0.5159810185432434
matched_coord0.25,pca_ridge,5,CLDND1,0.15596699940757366,0.18867008950665579,0.7259765863418579
matched_coord0.25,pca_ridge,5,SPP1,0.18074714097358136,0.20695208227723186,0.5960010290145874
matched_coord0.25,pca_ridge,5,PPP1R14A,0.11985790546269512,0.1375205305520418,0.6444948315620422
matched_coord0.25,pca_ridge,5,S100B,0.21587113422406523,0.20623653314806487,0.9369710087776184
matched_coord0.25,pca_ridge,5,MOG,0.10767770456938053,0.11900108063413836,0.3754963278770447
matched_coord0.25,pca_ridge,5,MALAT1,0.1797447524781753,0.2100338038340921,0.9916990399360657
matched_coord0.25,pca_ridge,5,CARNS1,0.14103404521994328,0.16355263777581525,0.4281339645385742
matched_coord0.25,pca_ridge,5,IGHG4,0.01824733990141934,0.023120010472903726,0.4562196135520935
matched_coord0.25,pca_ridge,5,KRT18,0.10109507930562953,0.07421223366484199,0.7037822008132935
matched_coord0.25,pca_ridge,5,BCAS1,0.10342513223758236,0.12491216082991302,0.5195379257202148
matched_coord0.25,pca_ridge,5,PTGDS,0.16284731736912758,0.18327385393431564,0.8259608745574951
matched_coord0.25,pca_ridge,5,SAA2,0.1032739925399247,0.09273471920201813,0.5222486853599548
matched_coord0.25,pca_ridge,5,SEPT4,0.18110967388657556,0.21531452366348824,0.7222437262535095
matched_coord0.25,pca_ridge,5,TFF3,0.163386570387137,0.1629554366003303,0.8583639860153198
matched_coord0.25,pca_ridge,5,HPCAL1,0.23165518530682033,0.23598704476647356,0.9065721035003662
matched_coord0.25,pca_ridge,5,S100A11,0.12135821757919718,0.10117112698092887,0.7628906965255737
matched_coord0.25,pca_ridge,5,ALB,0.007329384823887154,-0.000859068357539699,0.10838765650987625
matched_coord0.25,pca_ridge,5,RNASE1,0.11458582587638247,0.12982146018772447,0.7368118166923523
matched_coord0.25,pca_ridge,5,TMEM144,0.13264377587513348,0.15513316205056268,0.4240584075450897
matched_coord0.25,pca_ridge,5,ENPP2,0.11696998604042025,0.15623382387240856,0.5326134562492371
matched_coord0.25,pca_ridge,5,MAL,0.08877801943142341,0.11623693350456583,0.5345990061759949
matched_coord0.25,pca_ridge,5,NKX6-2,0.11874246587742023,0.1360155099384094,0.36056575179100037
matched_coord0.25,pca_ridge,5,HSPA2,0.09722972598134885,0.10093404545422412,0.4649076759815216
matched_coord0.25,pca_ridge,5,G0S2,0.12587184049266384,0.10377863411814729,0.5170919895172119
matched_coord0.25,spatial_knn,5,SCGB2A2,0.261242316411046,0.2156243456014362,1.6726930902240085
matched_coord0.25,spatial_knn,5,SCGB1D2,0.21288211277185148,0.21393477361795257,1.2552186849716798
matched_coord0.25,spatial_knn,5,MBP,0.2025292991867541,0.17665988188004159,1.034512028683507
matched_coord0.25,spatial_knn,5,GFAP,-0.015553640225088787,0.004636409232718167,1.157583061148061
matched_coord0.25,spatial_knn,5,PLP1,0.13406995297990998,0.13234136416153258,1.109418312452258
matched_coord0.25,spatial_knn,5,SAA1,0.30894553014187204,0.33261357867246144,0.9815222151248348
matched_coord0.25,spatial_knn,5,MGP,0.12849073016112497,0.1330905376867083,1.3263188890673128
matched_coord0.25,spatial_knn,5,IGKC,0.26865045602883064,0.2737963140660674,0.952851460899761
matched_coord0.25,spatial_knn,5,FABP4,0.3081917981029191,0.3004816232617641,0.8586814644706293
matched_coord0.25,spatial_knn,5,MOBP,0.05391128082134489,0.033502498723568204,0.6263621664603036
matched_coord0.25,spatial_knn,5,HBB,0.1577475047511246,0.12351496605945199,0.8580604776195836
matched_coord0.25,spatial_knn,5,NEFL,0.13990631817952667,0.11683515686352412,0.9861479696331137
matched_coord0.25,spatial_knn,5,TF,0.09564059016068135,0.0741125230283909,0.7635075075563259
matched_coord0.25,spatial_knn,5,IGHG3,0.21234322477613027,0.16718421819720902,0.5284821402408537
matched_coord0.25,spatial_knn,5,CNP,0.04606803026729962,0.04343797486620279,0.9246399098502417
matched_coord0.25,spatial_knn,5,CPB1,0.3706953967790366,0.33518433228437355,0.5851083811857682
matched_coord0.25,spatial_knn,5,CRYAB,0.02537787666800525,0.022166971386327727,0.9728683588924102
matched_coord0.25,spatial_knn,5,IGHA1,0.0996739922742332,0.1270989958793529,0.544955486716614
matched_coord0.25,spatial_knn,5,KRT8,0.08594198840313035,0.05393449535540765,0.7849798550098969
matched_coord0.25,spatial_knn,5,MUC1,0.11566384344383654,0.12303108435711806,0.9747311883649411
matched_coord0.25,spatial_knn,5,KRT19,0.09672148330542762,0.06435467878089433,1.0155440646304836
matched_coord0.25,spatial_knn,5,IGLC2,0.1582236691033423,0.17445973719249255,0.6042734967138365
matched_coord0.25,spatial_knn,5,TFF1,0.07661336833961797,0.08051879541805464,0.8745666026317775
matched_coord0.25,spatial_knn,5,MAG,0.041444618605220945,0.022872814143732278,0.5790854529222752
matched_coord0.25,spatial_knn,5,ERMN,0.034737301500552084,0.02287703760424126,0.467605515055055
matched_coord0.25,spatial_knn,5,CLDN11,-0.013845822499606964,-0.00741414766558549,0.5439344567581238
matched_coord0.25,spatial_knn,5,CLDND1,0.04108349222471448,0.03069045921758599,0.7430777093721455
matched_coord0.25,spatial_knn,5,SPP1,0.05303094843267504,0.027811961917000035,0.6186122095608747
matched_coord0.25,spatial_knn,5,PPP1R14A,-0.005291384310079229,-0.00506619275930303,0.6643984745936333
matched_coord0.25,spatial_knn,5,S100B,0.014575389651610024,0.012664911825003088,0.9875104720743675
matched_coord0.25,spatial_knn,5,MOG,0.054849459051710125,0.030065454989152817,0.37901449037911433
matched_coord0.25,spatial_knn,5,MALAT1,0.11467060628941092,0.14386520483070842,1.0193374940586175
matched_coord0.25,spatial_knn,5,CARNS1,-0.026772606192087496,-0.014001702525586655,0.44680094807244725
matched_coord0.25,spatial_knn,5,IGHG4,0.19514745313626763,0.1563387405955772,0.4533588832436451
matched_coord0.25,spatial_knn,5,KRT18,0.07851200657238525,0.05780739035983213,0.7294567660693918
matched_coord0.25,spatial_knn,5,BCAS1,0.043736913074890416,0.0298195963818816,0.5276608762647118
matched_coord0.25,spatial_knn,5,PTGDS,0.0010317050185399603,0.005289849900941018,0.8755792691414243
matched_coord0.25,spatial_knn,5,SAA2,0.03794346323309321,0.12663649658151546,0.5564216612177192
matched_coord0.25,spatial_knn,5,SEPT4,0.026977936620035475,0.022049129499251217,0.7521116106094827
matched_coord0.25,spatial_knn,5,TFF3,-0.059237089056559465,-0.052344358598806595,0.9378319369955603
matched_coord0.25,spatial_knn,5,HPCAL1,0.08298023544584432,0.08129822979483618,0.9578922312653826
matched_coord0.25,spatial_knn,5,S100A11,0.0019228881809427386,-0.005958292909099309,0.8039253224369798
matched_coord0.25,spatial_knn,5,ALB,0.00024948030900297995,-0.0045075065764997035,0.1086720896846103
matched_coord0.25,spatial_knn,5,RNASE1,0.032590965701114076,0.0295691308726954,0.7515461431854912
matched_coord0.25,spatial_knn,5,TMEM144,0.008739015173792422,-0.006973704919665594,0.4421608950146467
matched_coord0.25,spatial_knn,5,ENPP2,0.02203212508196115,0.014651199729229387,0.5530475037579637
matched_coord0.25,spatial_knn,5,MAL,-0.0024310325307652543,7.866683513998537e-05,0.5488531476787554
matched_coord0.25,spatial_knn,5,NKX6-2,0.02433131068448753,0.0196598897464899,0.370480413962043
matched_coord0.25,spatial_knn,5,HSPA2,-0.027516582511151223,-0.017364601239649426,0.4792977648283139
matched_coord0.25,spatial_knn,5,G0S2,0.21131737917734156,0.20355051367114357,0.534439845847345
matched_coord0.5,mean,5,SCGB2A2,,,1.4219822883605957
matched_coord0.5,mean,5,SCGB1D2,,,1.1827055215835571
matched_coord0.5,mean,5,MBP,0.0,,1.0744096040725708
matched_coord0.5,mean,5,GFAP,,,1.0895030498504639
matched_coord0.5,mean,5,PLP1,,,1.1204663515090942
matched_coord0.5,mean,5,SAA1,0.0,,1.0659998655319214
matched_coord0.5,mean,5,MGP,,,1.3940613269805908
matched_coord0.5,mean,5,IGKC,,,0.9867113828659058
matched_coord0.5,mean,5,FABP4,,,0.9148542284965515
matched_coord0.5,mean,5,MOBP,0.0,,0.607843279838562
matched_coord0.5,mean,5,HBB,,,0.7361423373222351
matched_coord0.5,mean,5,NEFL,0.0,,0.9743790030479431
matched_coord0.5,mean,5,TF,,,0.7128268480300903
matched_coord0.5,mean,5,IGHG3,0.0,,0.6331708431243896
matched_coord0.5,mean,5,CNP,,,0.8898983597755432
matched_coord0.5,mean,5,CPB1,,,0.5672116875648499
matched_coord0.5,mean,5,CRYAB,,,0.9458537101745605
matched_coord0.5,mean,5,IGHA1,0.0,,0.5798502564430237
matched_coord0.5,mean,5,KRT8,0.0,,0.7567967772483826
matched_coord0.5,mean,5,MUC1,,,0.992189884185791
matched_coord0.5,mean,5,KRT19,,,0.9659683704376221
matched_coord0.5,mean,5,IGLC2,,,0.6451469659805298
matched_coord0.5,mean,5,TFF1,0.0,,0.9215385913848877
matched_coord0.5,mean,5,MAG,,,0.5335244536399841
matched_coord0.5,mean,5,ERMN,,,0.42418643832206726
matched_coord0.5,mean,5,CLDN11,,,0.47468382120132446
matched_coord0.5,mean,5,CLDND1,0.0,,0.7106403708457947
matched_coord0.5,mean,5,SPP1,,,0.612260639667511
matched_coord0.5,mean,5,PPP1R14A,,,0.6193724274635315
matched_coord0.5,mean,5,S100B,,,0.9656569361686707
matched_coord0.5,mean,5,MOG,,,0.3388385772705078
matched_coord0.5,mean,5,MALAT1,,,1.0362370014190674
matched_coord0.5,mean,5,CARNS1,,,0.4106573462486267
matched_coord0.5,mean,5,IGHG4,0.0,,0.5015259385108948
matched_coord0.5,mean,5,KRT18,0.0,,0.7128379344940186
matched_coord0.5,mean,5,BCAS1,0.0,,0.4814624786376953
matched_coord0.5,mean,5,PTGDS,0.0,,0.8312053084373474
matched_coord0.5,mean,5,SAA2,,,0.5661441087722778
matched_coord0.5,mean,5,SEPT4,0.0,,0.7319636940956116
matched_coord0.5,mean,5,TFF3,,,0.930597186088562
matched_coord0.5,mean,5,HPCAL1,,,0.9500075578689575
matched_coord0.5,mean,5,S100A11,,,0.8015046119689941
matched_coord0.5,mean,5,ALB,0.0,,0.13767923414707184
matched_coord0.5,mean,5,RNASE1,,,0.7271988391876221
matched_coord0.5,mean,5,TMEM144,0.0,,0.4023124873638153
matched_coord0.5,mean,5,ENPP2,0.0,,0.4979010224342346
matched_coord0.5,mean,5,MAL,0.0,,0.5234412550926208
matched_coord0.5,mean,5,NKX6-2,,,0.34588906168937683
matched_coord0.5,mean,5,HSPA2,,,0.4417862296104431
matched_coord0.5,mean,5,G0S2,0.0,,0.5581739544868469
matched_coord0.5,pca_ridge,5,SCGB2A2,0.16880959120360434,0.16940524034752438,1.4246151447296143
matched_coord0.5,pca_ridge,5,SCGB1D2,0.20948735460797907,0.20193462574298238,1.1602981090545654
matched_coord0.5,pca_ridge,5,MBP,0.3285288641572765,0.37061607836510474,1.0118203163146973
matched_coord0.5,pca_ridge,5,GFAP,0.4156172319714327,0.3752979489309691,0.9921028017997742
matched_coord0.5,pca_ridge,5,PLP1,0.2975241358721777,0.29308469253958647,1.0682796239852905
matched_coord0.5,pca_ridge,5,SAA1,0.1673738032663882,0.1499735585186823,1.0460244417190552
matched_coord0.5,pca_ridge,5,MGP,0.2766115794044339,0.25901067341820716,1.3607341051101685
matched_coord0.5,pca_ridge,5,IGKC,0.08530208588473169,0.06377199917943273,0.9828962087631226
matched_coord0.5,pca_ridge,5,FABP4,0.1839573921088511,0.13223186490611633,0.8976497054100037
matched_coord0.5,pca_ridge,5,MOBP,0.15356842000257245,0.17499493217465997,0.6038179397583008
matched_coord0.5,pca_ridge,5,HBB,0.039551789969351124,0.09777155904107578,0.7375088930130005
matched_coord0.5,pca_ridge,5,NEFL,0.48636495141246483,0.4317587997181283,0.852506697177887
matched_coord0.5,pca_ridge,5,TF,0.18606193896474932,0.2082916743033426,0.7035080790519714
matched_coord0.5,pca_ridge,5,IGHG3,-0.0211080507871083,0.007043593729208605,0.6346659064292908
matched_coord0.5,pca_ridge,5,CNP,0.1634885725846273,0.16068731144970738,0.8839789032936096
matched_coord0.5,pca_ridge,5,CPB1,0.0796730809242602,0.10626947910550157,0.5659208297729492
matched_coord0.5,pca_ridge,5,CRYAB,0.12041503315761737,0.11834727023812819,0.9460772275924683
matched_coord0.5,pca_ridge,5,IGHA1,-0.002794191395227185,-0.024254330976096323,0.5838979482650757
matched_coord0.5,pca_ridge,5,KRT8,0.14375014003362968,0.10910676595542865,0.7478960752487183
matched_coord0.5,pca_ridge,5,MUC1,0.2128422417488982,0.20968282682939343,0.9709088206291199
matched_coord0.5,pca_ridge,5,KRT19,0.16482069543273764,0.12820385369543733,0.954825222492218
matched_coord0.5,pca_ridge,5,IGLC2,0.07773476151102796,0.04055971775062228,0.6431558728218079
matched_coord0.5,pca_ridge,5,TFF1,0.1748031572428412,0.1811650757292081,0.906680703163147
matched_coord0.5,pca_ridge,5,MAG,0.06274146508303241,0.09667408310429375,0.5412998199462891
matched_coord0.5,pca_ridge,5,ERMN,0.11225145875106128,0.14546961068084346,0.424974262714386
matched_coord0.5,pca_ridge,5,CLDN11,0.09852625717214195,0.12745553475764165,0.4771604835987091
matched_coord0.5,pca_ridge,5,CLDND1,0.13516079354362823,0.1770561894626835,0.7090464234352112
matched_coord0.5,pca_ridge,5,SPP1,0.16022205967245734,0.19706889989786838,0.6065768599510193
matched_coord0.5,pca_ridge,5,PPP1R14A,0.12042629509633845,0.14895555097196927,0.6181638240814209
matched_coord0.5,pca_ridge,5,S100B,0.2019670749450473,0.19892664063787627,0.9461827278137207
matched_coord0.5,pca_ridge,5,MOG,0.08335813534012063,0.11161176082586097,0.3418174088001251
matched_coord0.5,pca_ridge,5,MALAT1,0.20488502728722469,0.23472043481390642,1.0160179138183594
matched_coord0.5,pca_ridge,5,CARNS1,0.11079666859865332,0.13999900403780716,0.4108971655368805
matched_coord0.5,pca_ridge,5,IGHG4,0.021108646347048156,0.006211566959689355,0.5017863512039185
matched_coord0.5,pca_ridge,5,KRT18,0.09657658283095456,0.08496933044480057,0.7114049196243286
matched_coord0.5,pca_ridge,5,BCAS1,0.07247733810291762,0.09715261587705186,0.4844284951686859
matched_coord0.5,pca_ridge,5,PTGDS,0.19643965931220664,0.18910835477148863,0.8150988817214966
matched_coord0.5,pca_ridge,5,SAA2,0.03257111784795584,0.021723058934905344,0.5644466876983643
matched_coord0.5,pca_ridge,5,SEPT4,0.19623698129473893,0.2387924519352983,0.7180558443069458
matched_coord0.5,pca_ridge,5,TFF3,0.1915649047200467,0.18388131287239645,0.914238452911377
matched_coord0.5,pca_ridge,5,HPCAL1,0.2141566041809268,0.2188179289729401,0.9241299629211426
matched_coord0.5,pca_ridge,5,S100A11,0.1100364946755478,0.0866550902309648,0.7994964122772217
matched_coord0.5,pca_ridge,5,ALB,0.04398113588233933,0.03306260227793925,0.1377415657043457
matched_coord0.5,pca_ridge,5,RNASE1,0.08446277961139334,0.0955754467742804,0.7288781404495239
matched_coord0.5,pca_ridge,5,TMEM144,0.1416915251588914,0.16528867553513288,0.39927780628204346
matched_coord0.5,pca_ridge,5,ENPP2,0.11704991855458372,0.15813381036812077,0.4967232644557953
matched_coord0.5,pca_ridge,5,MAL,0.09027828053331644,0.11987220848796694,0.5232523083686829
matched_coord0.5,pca_ridge,5,NKX6-2,0.05731215458216617,0.0867441920596899,0.34809306263923645
matched_coord0.5,pca_ridge,5,HSPA2,0.12311882870845461,0.1250059473870331,0.43923869729042053
matched_coord0.5,pca_ridge,5,G0S2,0.09442273759198613,0.06844993707869777,0.5543474555015564
matched_coord0.5,spatial_knn,5,SCGB2A2,0.08469310347765166,0.025189014453889193,1.9039239523702165
matched_coord0.5,spatial_knn,5,SCGB1D2,0.11269766691778774,0.11562591787505544,1.3877736577705233
matched_coord0.5,spatial_knn,5,MBP,0.14714253607858213,0.13022951355353304,1.0462946935457462
matched_coord0.5,spatial_knn,5,GFAP,-0.011442225008110828,0.000870242653089662,1.140757398877472
matched_coord0.5,spatial_knn,5,PLP1,0.09612767739177883,0.103525295951514,1.1272164012089219
matched_coord0.5,spatial_knn,5,SAA1,0.20023199186154866,0.219191097973188,1.056741919674145
matched_coord0.5,spatial_knn,5,MGP,0.13678021939529506,0.12371931187484213,1.4467092433160424
matched_coord0.5,spatial_knn,5,IGKC,0.1785525781202041,0.16367811920450318,1.0595635040610907
matched_coord0.5,spatial_knn,5,FABP4,0.22455563603416498,0.21916957175048035,0.9164933294767039
matched_coord0.5,spatial_knn,5,MOBP,0.043645400487049055,0.04010060356160495,0.6112076243347438
matched_coord0.5,spatial_knn,5,HBB,0.001573435962599015,-0.01660431934168159,0.8089834476186059
matched_coord0.5,spatial_knn,5,NEFL,0.12967730936736194,0.10803359200825809,1.0058972409452271
matched_coord0.5,spatial_knn,5,TF,0.07273422485276368,0.058373270713901526,0.7243082956401257
matched_coord0.5,spatial_knn,5,IGHG3,0.2335222827803518,0.15530522527101173,0.6173409339487677
matched_coord0.5,spatial_knn,5,CNP,0.03842906786082413,0.04133434563151512,0.9109243887977561
matched_coord0.5,spatial_knn,5,CPB1,0.3044752658292995,0.22276516044321998,0.5448779895516
matched_coord0.5,spatial_knn,5,CRYAB,0.05015578631252152,0.05648265862044721,0.9649338617699965
matched_coord0.5,spatial_knn,5,IGHA1,0.10896709761284146,0.11289662309834111,0.5780305062293831
matched_coord0.5,spatial_knn,5,KRT8,0.007158737833829957,-0.023485991939777077,0.7893462338495132
matched_coord0.5,spatial_knn,5,MUC1,0.07896662478348906,0.07816745154481715,1.0703572839949276
matched_coord0.5,spatial_knn,5,KRT19,-0.01701609234116939,-0.017589733532278048,1.063002541888006
matched_coord0.5,spatial_knn,5,IGLC2,0.0968821312206797,0.10664780603646233,0.6574852174440218
matched_coord0.5,spatial_knn,5,TFF1,0.06907281752271802,0.06377237676749105,0.9660155145983996
matched_coord0.5,spatial_knn,5,MAG,0.03905704208872206,0.03244233588052561,0.5456228583274084
matched_coord0.5,spatial_knn,5,ERMN,-0.031532052222712575,-0.031367867366952296,0.4378087898301391
matched_coord0.5,spatial_knn,5,CLDN11,-0.04236248993073904,-0.033003142030710135,0.5044757688282383
matched_coord0.5,spatial_knn,5,CLDND1,0.003443431310722722,0.006275224666182444,0.7226088798186544
matched_coord0.5,spatial_knn,5,SPP1,0.03381924089685744,0.015831366514122834,0.6275856903287914
matched_coord0.5,spatial_knn,5,PPP1R14A,0.05079412732233846,0.0409150505022909,0.629793678004606
matched_coord0.5,spatial_knn,5,S100B,0.03723504140618204,0.03718606057690102,0.9868053639053945
matched_coord0.5,spatial_knn,5,MOG,0.018407316907678,0.021052924351636013,0.341998639544725
matched_coord0.5,spatial_knn,5,MALAT1,0.09724895300234307,0.13309285492312464,1.056061622963975
matched_coord0.5,spatial_knn,5,CARNS1,-0.06285235245708734,-0.04319610737901487,0.4314851616036928
matched_coord0.5,spatial_knn,5,IGHG4,0.19978579850298986,0.14900396799274349,0.496114501698003
matched_coord0.5,spatial_knn,5,KRT18,0.02050189926101133,-0.0006526940776369527,0.752799386568825
matched_coord0.5,spatial_knn,5,BCAS1,0.02483754427722741,0.016053129855585706,0.48525302373929907
matched_coord0.5,spatial_knn,5,PTGDS,0.012053700282483384,0.013314924849574606,0.8748698695193077
matched_coord0.5,spatial_knn,5,SAA2,-0.04615050674227267,-0.0013487539008810213,0.6138456104893287
matched_coord0.5,spatial_knn,5,SEPT4,0.010550584037110223,0.007779018468781373,0.7507625390055117
matched_coord0.5,spatial_knn,5,TFF3,-0.11412826422959452,-0.1033718366504971,1.0237510811266353
matched_coord0.5,spatial_knn,5,HPCAL1,0.053997575422500756,0.052288398771052784,0.9781909405136106
matched_coord0.5,spatial_knn,5,S100A11,-0.03784161779170682,-0.04618260287436821,0.8516023376309266
matched_coord0.5,spatial_knn,5,ALB,-0.026624086425298267,-0.02838140567407483,0.13948512350484774
matched_coord0.5,spatial_knn,5,RNASE1,-0.04160334657533476,-0.03759847508029559,0.748557898498539
matched_coord0.5,spatial_knn,5,TMEM144,0.024403762464406318,0.010660116025669124,0.41687481443316354
matched_coord0.5,spatial_knn,5,ENPP2,0.015838652994360047,0.009261314162663622,0.5204776393875941
matched_coord0.5,spatial_knn,5,MAL,-0.004674542442100919,0.013380104028303181,0.5348323138003108
matched_coord0.5,spatial_knn,5,NKX6-2,0.03163492620942707,0.024139953027824002,0.3533096541038807
matched_coord0.5,spatial_knn,5,HSPA2,-0.05036407518381254,-0.029060100046667373,0.45800624416070085
matched_coord0.5,spatial_knn,5,G0S2,0.18058725013426669,0.18637854687555486,0.5746620306455806
random,mean,6,SCGB2A2,,,1.5288097858428955
random,mean,6,SCGB1D2,,,1.1794389486312866
random,mean,6,MBP,0.0,,1.2062877416610718
random,mean,6,GFAP,,,1.209774136543274
random,mean,6,PLP1,0.0,,1.2688331604003906
random,mean,6,SAA1,,,0.8271828889846802
random,mean,6,MGP,,,1.0553494691848755
random,mean,6,IGKC,0.0,,1.009639024734497
random,mean,6,FABP4,,,0.7453405261039734
random,mean,6,MOBP,,,0.8480381369590759
random,mean,6,HBB,,,0.8221234679222107
random,mean,6,NEFL,0.0,,1.0157709121704102
random,mean,6,TF,,,0.9473023414611816
random,mean,6,IGHG3,0.0,,0.4904807209968567
random,mean,6,CNP,,,1.0759174823760986
random,mean,6,CPB1,0.0,,0.4772110879421234
random,mean,6,CRYAB,,,1.0944435596466064
random,mean,6,IGHA1,,,0.6545038223266602
random,mean,6,KRT8,,,0.9072375893592834
random,mean,6,MUC1,,,0.965636670589447
random,mean,6,KRT19,0.0,,1.003755807876587
random,mean,6,IGLC2,,,0.6928302645683289
random,mean,6,TFF1,,,0.8116034865379333
random,mean,6,MAG,,,0.7130091190338135
random,mean,6,ERMN,,,0.6289758086204529
random,mean,6,CLDN11,,,0.6688221096992493
random,mean,6,CLDND1,,,0.8784328103065491
random,mean,6,SPP1,,,0.7779414057731628
random,mean,6,PPP1R14A,,,0.8069751858711243
random,mean,6,S100B,0.0,,1.0389584302902222
random,mean,6,MOG,0.0,,0.5311383008956909
random,mean,6,MALAT1,,,1.0417059659957886
random,mean,6,CARNS1,0.0,,0.5670984387397766
random,mean,6,IGHG4,0.0,,0.4758533239364624
random,mean,6,KRT18,,,0.8186389207839966
random,mean,6,BCAS1,0.0,,0.6556081771850586
random,mean,6,PTGDS,,,0.9625270366668701
random,mean,6,SAA2,,,0.3887777626514435
random,mean,6,SEPT4,,,0.8460715413093567
random,mean,6,TFF3,0.0,,0.8527438044548035
random,mean,6,HPCAL1,0.0,,0.925006091594696
random,mean,6,S100A11,0.0,,0.8798887133598328
random,mean,6,ALB,,,0.17607226967811584
random,mean,6,RNASE1,0.0,,0.8468253016471863
random,mean,6,TMEM144,0.0,,0.5657362341880798
random,mean,6,ENPP2,,,0.637009859085083
random,mean,6,MAL,0.0,,0.6420889496803284
random,mean,6,NKX6-2,0.0,,0.48743051290512085
random,mean,6,HSPA2,0.0,,0.596149742603302
random,mean,6,G0S2,,,0.47199538350105286
random,pca_ridge,6,SCGB2A2,0.29515291076927863,0.30364720413792745,1.4607017040252686
random,pca_ridge,6,SCGB1D2,0.23840672849761857,0.24633518111559935,1.145569086074829
random,pca_ridge,6,MBP,0.5459007122100814,0.42848964360888875,1.010826587677002
random,pca_ridge,6,GFAP,0.4766980650519842,0.41519643339647144,1.063619613647461
random,pca_ridge,6,PLP1,0.5276942253400305,0.38452296827315935,1.0780894756317139
random,pca_ridge,6,SAA1,0.15127278077088124,0.12984277379276393,0.8176789879798889
random,pca_ridge,6,MGP,0.15595559639973983,0.14008710284827758,1.0424695014953613
random,pca_ridge,6,IGKC,0.0888933319872019,0.07272455692890563,1.0058010816574097
random,pca_ridge,6,FABP4,0.15513008517711974,0.1264077819566771,0.7363700866699219
random,pca_ridge,6,MOBP,0.5031944661954466,0.30522658714656564,0.7328783273696899
random,pca_ridge,6,HBB,0.08936477623752098,0.09297924801468903,0.8188857436180115
random,pca_ridge,6,NEFL,0.4777501309178326,0.4151387675742844,0.8924665451049805
random,pca_ridge,6,TF,0.5015800118800896,0.3240798840049857,0.8195779919624329
random,pca_ridge,6,IGHG3,0.03874587395817386,0.047585039681486745,0.49027904868125916
random,pca_ridge,6,CNP,0.466711322204063,0.3087939914678496,0.9516420364379883
random,pca_ridge,6,CPB1,0.07321147032544176,0.0827065890825503,0.4761318862438202
random,pca_ridge,6,CRYAB,0.4581847031542383,0.32808849633331233,0.973149299621582
random,pca_ridge,6,IGHA1,0.0632720735928129,0.05455661591793183,0.6537845730781555
random,pca_ridge,6,KRT8,0.2743264551470184,0.2107496300972543,0.872474730014801
random,pca_ridge,6,MUC1,0.23753885081026355,0.22579904005573959,0.938003659248352
random,pca_ridge,6,KRT19,0.20672504022261912,0.19299727020937274,0.98243647813797
random,pca_ridge,6,IGLC2,0.06658992998371988,0.05130750582839006,0.6916006803512573
random,pca_ridge,6,TFF1,0.1473249387313033,0.15863879225756722,0.8027536869049072
random,pca_ridge,6,MAG,0.47284600794928033,0.29977710927145496,0.6285271048545837
random,pca_ridge,6,ERMN,0.4557255713501105,0.2814640591122749,0.5598868131637573
random,pca_ridge,6,CLDN11,0.45491875137925664,0.2812756977665848,0.5956867337226868
random,pca_ridge,6,CLDND1,0.42880683026743105,0.2876035483707706,0.7936639785766602
random,pca_ridge,6,SPP1,0.4678544485460321,0.3106416630155965,0.6875730752944946
random,pca_ridge,6,PPP1R14A,0.43855365403103763,0.27720885485376245,0.7252550721168518
random,pca_ridge,6,S100B,0.35147151083684464,0.28164501978950174,0.972679853439331
random,pca_ridge,6,MOG,0.4416067262507007,0.26939721340955614,0.47654226422309875
random,pca_ridge,6,MALAT1,0.2077260158636613,0.24199166865458838,1.0189568996429443
random,pca_ridge,6,CARNS1,0.41610854684612053,0.2574644533933709,0.515869677066803
random,pca_ridge,6,IGHG4,0.018928761072067347,0.02248347219715707,0.4762782156467438
random,pca_ridge,6,KRT18,0.2614389864052312,0.20830184216317538,0.7902814149856567
random,pca_ridge,6,BCAS1,0.40534611821194944,0.2588616359440182,0.5995626449584961
random,pca_ridge,6,PTGDS,0.3332670820000106,0.29639959480517686,0.9075198173522949
random,pca_ridge,6,SAA2,0.09334230507973601,0.08851055458673872,0.38707926869392395
random,pca_ridge,6,SEPT4,0.3774595076356772,0.2800934416635467,0.7835134863853455
random,pca_ridge,6,TFF3,0.1549063364255558,0.1487749359445274,0.8424950838088989
random,pca_ridge,6,HPCAL1,0.23617677133948534,0.24965661150562785,0.8988606929779053
random,pca_ridge,6,S100A11,0.2600331712811685,0.19598903388732364,0.8496758341789246
random,pca_ridge,6,ALB,0.016179186871296804,0.008412511901761283,0.17619022727012634
random,pca_ridge,6,RNASE1,0.3805538243653635,0.2568481804953496,0.7831368446350098
random,pca_ridge,6,TMEM144,0.4180582509308067,0.25453814592173324,0.5139406323432922
random,pca_ridge,6,ENPP2,0.4169313476217383,0.2734476371693934,0.5790156126022339
random,pca_ridge,6,MAL,0.38206035063670407,0.24292163399865851,0.5933923721313477
random,pca_ridge,6,NKX6-2,0.38487224867936,0.2427584078512103,0.44990360736846924
random,pca_ridge,6,HSPA2,0.386252320756468,0.23426743636535058,0.5499029159545898
random,pca_ridge,6,G0S2,0.11526037808589129,0.09429675404325275,0.4688681662082672
random,spatial_knn,6,SCGB2A2,0.7197343451705285,0.7126203049248464,1.0657815748965878
random,spatial_knn,6,SCGB1D2,0.6021250443580608,0.6008341404693788,0.9480396711362685
random,spatial_knn,6,MBP,0.5089524060122564,0.457761240658264,1.047820238669569
random,spatial_knn,6,GFAP,0.22629221474506356,0.20767162152446697,1.2081297812690044
random,spatial_knn,6,PLP1,0.46341063280800143,0.3878212149947231,1.138735225876204
random,spatial_knn,6,SAA1,0.5121356846672415,0.4609658771007833,0.7179545993513943
random,spatial_knn,6,MGP,0.4405951095597639,0.41002698068315,0.9570103430327338
random,spatial_knn,6,IGKC,0.3521841878524844,0.3427892857059344,0.963133402989627
random,spatial_knn,6,FABP4,0.44980181769518846,0.39344396885847205,0.6752937631681118
random,spatial_knn,6,MOBP,0.40023934893023494,0.27664855457576365,0.7881984187148637
random,spatial_knn,6,HBB,0.3481588131022247,0.2689557770800125,0.7819988754184938
random,spatial_knn,6,NEFL,0.18318022238550374,0.16862201973977553,1.0293123702889935
random,spatial_knn,6,TF,0.34402342454890267,0.2583280218989934,0.9039545054117714
random,spatial_knn,6,IGHG3,0.26819981181737007,0.19391483590019953,0.4841492512519368
random,spatial_knn,6,CNP,0.32872188510918365,0.25314501338949613,1.03265551177365
random,spatial_knn,6,CPB1,0.3638921787402889,0.3340327376099224,0.45144326584058514
random,spatial_knn,6,CRYAB,0.2987166531753459,0.24000132011266415,1.0638065868143527
random,spatial_knn,6,IGHA1,0.2716332850360527,0.2684707489136607,0.6439384823269918
random,spatial_knn,6,KRT8,0.35301898230091067,0.32077401751591517,0.8590822056747782
random,spatial_knn,6,MUC1,0.3251144657093503,0.3356433469805393,0.9293235644525446
random,spatial_knn,6,KRT19,0.3118656959812316,0.3078144664288435,0.9725394688072395
random,spatial_knn,6,IGLC2,0.26004281473842894,0.24072369820653491,0.6837696466259144
random,spatial_knn,6,TFF1,0.34125542961519156,0.34489589853052505,0.7741068991284079
random,spatial_knn,6,MAG,0.2880104194848411,0.21965287260575653,0.6992080783621677
random,spatial_knn,6,ERMN,0.2968844560076881,0.21688302111742927,0.6129396103775123
random,spatial_knn,6,CLDN11,0.2929368389479601,0.2041761054837205,0.6531436400331722
random,spatial_knn,6,CLDND1,0.2791718642466666,0.21442555842680483,0.8612493804951186
random,spatial_knn,6,SPP1,0.3164660879499012,0.22731031398275006,0.7484479343280673
random,spatial_knn,6,PPP1R14A,0.2838567314806871,0.1952644302713031,0.7892251185360676
random,spatial_knn,6,S100B,0.14739011609028338,0.11732778099409492,1.0633439922087033
random,spatial_knn,6,MOG,0.26110495576544157,0.19039503618542056,0.52492115282123
random,spatial_knn,6,MALAT1,0.19639603951402296,0.18894339708097901,1.0519851553585107
random,spatial_knn,6,CARNS1,0.20715688809494148,0.15614802691762214,0.5722276147288377
random,spatial_knn,6,IGHG4,0.2091948894197901,0.14945712658132887,0.4759075613793292
random,spatial_knn,6,KRT18,0.28082144294311784,0.27336869989986706,0.7993024282125175
random,spatial_knn,6,BCAS1,0.27638408611121323,0.20901786921246568,0.6415359325994096
random,spatial_knn,6,PTGDS,0.12168446853970943,0.1290030526284027,0.9850676153384559
random,spatial_knn,6,SAA2,0.28709342619003686,0.297795437762702,0.377890904913358
random,spatial_knn,6,SEPT4,0.2172801109121284,0.1669198297559515,0.8493504980870272
random,spatial_knn,6,TFF3,0.22151280006047686,0.23581174639187383,0.8524351351593576
random,spatial_knn,6,HPCAL1,0.1395282736118474,0.14066238800150388,0.9458466735866257
random,spatial_knn,6,S100A11,0.25457292205031345,0.2141948845137384,0.8698136790899262
random,spatial_knn,6,ALB,0.2046991776446566,0.12158053166543434,0.1782353722804614
random,spatial_knn,6,RNASE1,0.2316958299767718,0.17637066802816168,0.843053604918574
random,spatial_knn,6,TMEM144,0.2111692895042362,0.14798060415053485,0.5689280511615613
random,spatial_knn,6,ENPP2,0.21570193959223732,0.1544936011389259,0.6403200713121295
random,spatial_knn,6,MAL,0.2535342214980316,0.18016734925202513,0.6332993170477176
random,spatial_knn,6,NKX6-2,0.20812371141056246,0.14483830831287534,0.48974232948861807
random,spatial_knn,6,HSPA2,0.23221554980667902,0.15687113184000892,0.5930748353547028
random,spatial_knn,6,G0S2,0.2631209426601305,0.24083625432776248,0.462305750667546
matched_hop0,mean,6,SCGB2A2,,,1.7351688146591187
matched_hop0,mean,6,SCGB1D2,,,1.4717589616775513
matched_hop0,mean,6,MBP,,,1.196471095085144
matched_hop0,mean,6,GFAP,,,1.2112265825271606
matched_hop0,mean,6,PLP1,,,1.277259111404419
matched_hop0,mean,6,SAA1,,,1.047020673751831
matched_hop0,mean,6,MGP,0.0,,1.04844331741333
matched_hop0,mean,6,IGKC,,,1.0631182193756104
matched_hop0,mean,6,FABP4,0.0,,0.9866137504577637
matched_hop0,mean,6,MOBP,0.0,,0.8556320667266846
matched_hop0,mean,6,HBB,,,0.8388010859489441
matched_hop0,mean,6,NEFL,,,1.0368856191635132
matched_hop0,mean,6,TF,,,0.9561870098114014
matched_hop0,mean,6,IGHG3,,,0.4015555679798126
matched_hop0,mean,6,CNP,0.0,,1.072530746459961
matched_hop0,mean,6,CPB1,0.0,,0.26941123604774475
matched_hop0,mean,6,CRYAB,,,1.0919121503829956
matched_hop0,mean,6,IGHA1,0.0,,0.7874405980110168
matched_hop0,mean,6,KRT8,,,0.9243627190589905
matched_hop0,mean,6,MUC1,0.0,,1.0236953496932983
matched_hop0,mean,6,KRT19,,,1.0245288610458374
matched_hop0,mean,6,IGLC2,0.0,,0.7565217018127441
matched_hop0,mean,6,TFF1,,,0.8973193168640137
matched_hop0,mean,6,MAG,,,0.733611524105072
matched_hop0,mean,6,ERMN,,,0.6151167750358582
matched_hop0,mean,6,CLDN11,0.0,,0.6718195676803589
matched_hop0,mean,6,CLDND1,0.0,,0.8834757804870605
matched_hop0,mean,6,SPP1,0.0,,0.7747362852096558
matched_hop0,mean,6,PPP1R14A,,,0.8142162561416626
matched_hop0,mean,6,S100B,0.0,,1.0470794439315796
matched_hop0,mean,6,MOG,,,0.530798077583313
matched_hop0,mean,6,MALAT1,,,1.0532456636428833
matched_hop0,mean,6,CARNS1,,,0.5612211227416992
matched_hop0,mean,6,IGHG4,,,0.3867550790309906
matched_hop0,mean,6,KRT18,0.0,,0.824259340763092
matched_hop0,mean,6,BCAS1,0.0,,0.6793132424354553
matched_hop0,mean,6,PTGDS,,,0.9812991619110107
matched_hop0,mean,6,SAA2,,,0.4535008668899536
matched_hop0,mean,6,SEPT4,,,0.8480606079101562
matched_hop0,mean,6,TFF3,,,0.9096719622612
matched_hop0,mean,6,HPCAL1,,,0.9376829862594604
matched_hop0,mean,6,S100A11,0.0,,0.9356215596199036
matched_hop0,mean,6,ALB,,,0.11485005915164948
matched_hop0,mean,6,RNASE1,,,0.8568695187568665
matched_hop0,mean,6,TMEM144,,,0.5658063292503357
matched_hop0,mean,6,ENPP2,0.0,,0.6505285501480103
matched_hop0,mean,6,MAL,,,0.6484174132347107
matched_hop0,mean,6,NKX6-2,,,0.46885648369789124
matched_hop0,mean,6,HSPA2,,,0.58827805519104
matched_hop0,mean,6,G0S2,0.0,,0.589440643787384
matched_hop0,pca_ridge,6,SCGB2A2,0.25360442146516216,0.24483319394565187,1.687826156616211
matched_hop0,pca_ridge,6,SCGB1D2,0.1944030576466473,0.19153711438858328,1.447320818901062
matched_hop0,pca_ridge,6,MBP,0.47252165471377494,0.44145410552230147,1.0546379089355469
matched_hop0,pca_ridge,6,GFAP,0.41968840134696556,0.41667404556444204,1.1011996269226074
matched_hop0,pca_ridge,6,PLP1,0.464810837743048,0.39874200226813994,1.1313481330871582
matched_hop0,pca_ridge,6,SAA1,0.0075912454827612875,0.04514411452553817,1.0463848114013672
matched_hop0,pca_ridge,6,MGP,0.10807716197279382,0.0954848562986001,1.0415124893188477
matched_hop0,pca_ridge,6,IGKC,0.11324735347016349,0.08858367082506395,1.0564970970153809
matched_hop0,pca_ridge,6,FABP4,0.015077628028782495,0.044451780187873456,0.9855034947395325
matched_hop0,pca_ridge,6,MOBP,0.38687362225681576,0.27605324867680464,0.7923493385314941
matched_hop0,pca_ridge,6,HBB,0.10142752217196792,0.10751116950723011,0.8345310091972351
matched_hop0,pca_ridge,6,NEFL,0.45950215476948775,0.39647566051244865,0.9192562699317932
matched_hop0,pca_ridge,6,TF,0.39563823333332115,0.2945190704986905,0.88003009557724
matched_hop0,pca_ridge,6,IGHG3,0.028079199313873725,0.03107958918595066,0.40205448865890503
matched_hop0,pca_ridge,6,CNP,0.373057805544191,0.2820151167520779,0.9973747730255127
matched_hop0,pca_ridge,6,CPB1,0.007958868138903633,0.01988345283703917,0.2715219557285309
matched_hop0,pca_ridge,6,CRYAB,0.35958449908640344,0.3002116603040653,1.0201013088226318
matched_hop0,pca_ridge,6,IGHA1,0.10340666996307311,0.07408555968440687,0.7831231355667114
matched_hop0,pca_ridge,6,KRT8,0.3066192594193659,0.2467009421646838,0.8826911449432373
matched_hop0,pca_ridge,6,MUC1,0.19903892302970647,0.18672818917099893,1.002885341644287
matched_hop0,pca_ridge,6,KRT19,0.24549657888469265,0.2089489729480385,0.9953341484069824
matched_hop0,pca_ridge,6,IGLC2,0.08296050189931758,0.06412758454424232,0.7538554668426514
matched_hop0,pca_ridge,6,TFF1,0.07439954172682353,0.1030298142683475,0.8957609534263611
matched_hop0,pca_ridge,6,MAG,0.3654235332568085,0.2629938794139282,0.6851555705070496
matched_hop0,pca_ridge,6,ERMN,0.3478607796997508,0.2442833818873246,0.5801392793655396
matched_hop0,pca_ridge,6,CLDN11,0.34872219514503283,0.24371697870829626,0.6322735548019409
matched_hop0,pca_ridge,6,CLDND1,0.3461678617547838,0.2562174270264003,0.8302296996116638
matched_hop0,pca_ridge,6,SPP1,0.37329810205902186,0.27573401891908267,0.720043957233429
matched_hop0,pca_ridge,6,PPP1R14A,0.3290675660925675,0.23547355268234282,0.7715256214141846
matched_hop0,pca_ridge,6,S100B,0.2757443420060024,0.2695662263001336,1.008622169494629
matched_hop0,pca_ridge,6,MOG,0.3280824837845955,0.23328637868499275,0.5039573311805725
matched_hop0,pca_ridge,6,MALAT1,0.16648249448944036,0.19889893343034973,1.0388522148132324
matched_hop0,pca_ridge,6,CARNS1,0.33337995272585647,0.22770287413985668,0.5315070152282715
matched_hop0,pca_ridge,6,IGHG4,0.02352831879116943,0.019261336480660307,0.38739049434661865
matched_hop0,pca_ridge,6,KRT18,0.24833843469454253,0.21017714730787831,0.7993464469909668
matched_hop0,pca_ridge,6,BCAS1,0.28220436453913567,0.20899667877786446,0.6532685160636902
matched_hop0,pca_ridge,6,PTGDS,0.27497311807708624,0.2957775848449483,0.9442753195762634
matched_hop0,pca_ridge,6,SAA2,0.016178832198230034,0.06138066586876562,0.45333966612815857
matched_hop0,pca_ridge,6,SEPT4,0.2826647384801681,0.2274506836247446,0.8154275417327881
matched_hop0,pca_ridge,6,TFF3,0.13202432555393825,0.1357531637628216,0.9018239974975586
matched_hop0,pca_ridge,6,HPCAL1,0.26195953494569146,0.26461727535085744,0.9044167995452881
matched_hop0,pca_ridge,6,S100A11,0.27938498457696803,0.2328782810567603,0.8991857767105103
matched_hop0,pca_ridge,6,ALB,0.014875971578938614,0.01676051368452571,0.1154552698135376
matched_hop0,pca_ridge,6,RNASE1,0.3005555358062087,0.23059545404012946,0.8185775279998779
matched_hop0,pca_ridge,6,TMEM144,0.31599717549506084,0.22932246670304118,0.5383439660072327
matched_hop0,pca_ridge,6,ENPP2,0.30312351277009986,0.2163721187470259,0.6222726106643677
matched_hop0,pca_ridge,6,MAL,0.2857116789988571,0.20651834218107598,0.6235077977180481
matched_hop0,pca_ridge,6,NKX6-2,0.2830494323854356,0.20425026181247688,0.4524926245212555
matched_hop0,pca_ridge,6,HSPA2,0.28422082423577283,0.21589835521758086,0.5667109489440918
matched_hop0,pca_ridge,6,G0S2,0.05186576182710061,0.07676319557223558,0.5881255865097046
matched_hop0,spatial_knn,6,SCGB2A2,0.534278919426953,0.5325095383634958,1.522401226278501
matched_hop0,spatial_knn,6,SCGB1D2,0.4274554258542349,0.41486042156501496,1.2837679598976464
matched_hop0,spatial_knn,6,MBP,0.5298917046565953,0.5766945928097891,1.0319476727566834
matched_hop0,spatial_knn,6,GFAP,0.22585710418498162,0.20801909453786735,1.2091242014820385
matched_hop0,spatial_knn,6,PLP1,0.47360652939163994,0.47913096223659846,1.1431420392788971
matched_hop0,spatial_knn,6,SAA1,0.3832966764242294,0.35917396681019076,0.9689582779093315
matched_hop0,spatial_knn,6,MGP,0.32751617019275764,0.27437217439470596,1.0236197764610564
matched_hop0,spatial_knn,6,IGKC,0.2467749723207239,0.27123158696878064,1.062500908886093
matched_hop0,spatial_knn,6,FABP4,0.2541141773474055,0.2582817239182379,0.9686690533434691
matched_hop0,spatial_knn,6,MOBP,0.3485278748913758,0.2980460615706811,0.8228751375655151
matched_hop0,spatial_knn,6,HBB,0.3065958908249459,0.23662869110785117,0.8461838999238317
matched_hop0,spatial_knn,6,NEFL,0.1222155417851735,0.12414143731813641,1.062070113860871
matched_hop0,spatial_knn,6,TF,0.32584872224614475,0.2923756196376286,0.9359851275007627
matched_hop0,spatial_knn,6,IGHG3,0.1154774971370953,0.10384328586517524,0.4009947480391522
matched_hop0,spatial_knn,6,CNP,0.30721643456949027,0.27298308233951074,1.03374064060894
matched_hop0,spatial_knn,6,CPB1,0.034351565587429744,0.040132714610425856,0.23197541817380124
matched_hop0,spatial_knn,6,CRYAB,0.27492582944884464,0.27613551284661647,1.0765491589906135
matched_hop0,spatial_knn,6,IGHA1,0.21176030538950036,0.22003891540082512,0.7842518483227949
matched_hop0,spatial_knn,6,KRT8,0.3721402345360477,0.29080925009696384,0.8614672662411441
matched_hop0,spatial_knn,6,MUC1,0.21617617361825314,0.21028838929920843,1.0445676188563067
matched_hop0,spatial_knn,6,KRT19,0.2423709452110337,0.21238003510442446,0.991453816205539
matched_hop0,spatial_knn,6,IGLC2,0.07855250490953383,0.10456837051312956,0.7767135251878466
matched_hop0,spatial_knn,6,TFF1,0.2250433684237908,0.21334643746312532,0.8868900621332835
matched_hop0,spatial_knn,6,MAG,0.28305117269016167,0.23653946992649152,0.7199596975825129
matched_hop0,spatial_knn,6,ERMN,0.2293017062448063,0.19848998445792418,0.6259204236094305
matched_hop0,spatial_knn,6,CLDN11,0.23162616949928086,0.18631076615697334,0.6769931013654192
matched_hop0,spatial_knn,6,CLDND1,0.25229092690944005,0.22681246531347027,0.8638108702110833
matched_hop0,spatial_knn,6,SPP1,0.2758304585671798,0.24284903729285495,0.7629952916580267
matched_hop0,spatial_knn,6,PPP1R14A,0.23482736569526486,0.19806999990927696,0.8384484314724094
matched_hop0,spatial_knn,6,S100B,0.11698853961426396,0.1302509927882012,1.0700600977340027
matched_hop0,spatial_knn,6,MOG,0.23253594242127784,0.19906475870918394,0.5290337501330207
matched_hop0,spatial_knn,6,MALAT1,0.13477080664359198,0.15313826312666523,1.0906555519615966
matched_hop0,spatial_knn,6,CARNS1,0.1996997960881264,0.17877743097699392,0.5656985592370597
matched_hop0,spatial_knn,6,IGHG4,0.07199624930775682,0.06505221459631946,0.38847916016596434
matched_hop0,spatial_knn,6,KRT18,0.3090083519751117,0.24651355086389454,0.7897800165861302
matched_hop0,spatial_knn,6,BCAS1,0.23249969846777238,0.21217476275807082,0.6816564115164965
matched_hop0,spatial_knn,6,PTGDS,0.038374908759688596,0.0361025600242875,1.006113761790871
matched_hop0,spatial_knn,6,SAA2,0.20501541321997402,0.21922489369593787,0.44234019791151186
matched_hop0,spatial_knn,6,SEPT4,0.18957999800484546,0.1609978102035301,0.8581926396887348
matched_hop0,spatial_knn,6,TFF3,0.13759117056605902,0.12869002342642125,0.9498478620096907
matched_hop0,spatial_knn,6,HPCAL1,0.19553858956299977,0.20137281983157612,0.9275637267037893
matched_hop0,spatial_knn,6,S100A11,0.3349448656661579,0.2684125198817915,0.8944701828276744
matched_hop0,spatial_knn,6,ALB,0.0928563330478967,0.07202409950174488,0.12103204897386978
matched_hop0,spatial_knn,6,RNASE1,0.19588987812989384,0.16996841296665907,0.8767038608225854
matched_hop0,spatial_knn,6,TMEM144,0.1627421116792557,0.13816482374495395,0.5647682380021564
matched_hop0,spatial_knn,6,ENPP2,0.2096099693233975,0.17707110922445324,0.6419709372355411
matched_hop0,spatial_knn,6,MAL,0.20586006554376488,0.1756914681198719,0.6496923103141594
matched_hop0,spatial_knn,6,NKX6-2,0.17890216343885518,0.14906648774975934,0.470922096533226
matched_hop0,spatial_knn,6,HSPA2,0.15991071270483584,0.13317228415974453,0.5946539579724848
matched_hop0,spatial_knn,6,G0S2,0.11991472904194375,0.13386017240682035,0.5838398575496517
matched_hop1,mean,6,SCGB2A2,,,1.7351688146591187
matched_hop1,mean,6,SCGB1D2,,,1.4717589616775513
matched_hop1,mean,6,MBP,,,1.196471095085144
matched_hop1,mean,6,GFAP,,,1.2112265825271606
matched_hop1,mean,6,PLP1,,,1.277259111404419
matched_hop1,mean,6,SAA1,,,1.047020673751831
matched_hop1,mean,6,MGP,0.0,,1.04844331741333
matched_hop1,mean,6,IGKC,,,1.0631182193756104
matched_hop1,mean,6,FABP4,0.0,,0.9866137504577637
matched_hop1,mean,6,MOBP,0.0,,0.8556320667266846
matched_hop1,mean,6,HBB,,,0.8388010859489441
matched_hop1,mean,6,NEFL,,,1.0368856191635132
matched_hop1,mean,6,TF,,,0.9561870098114014
matched_hop1,mean,6,IGHG3,,,0.4015555679798126
matched_hop1,mean,6,CNP,0.0,,1.072530746459961
matched_hop1,mean,6,CPB1,0.0,,0.26941123604774475
matched_hop1,mean,6,CRYAB,,,1.0919121503829956
matched_hop1,mean,6,IGHA1,0.0,,0.7874405980110168
matched_hop1,mean,6,KRT8,,,0.9243627190589905
matched_hop1,mean,6,MUC1,0.0,,1.0236953496932983
matched_hop1,mean,6,KRT19,,,1.0245288610458374
matched_hop1,mean,6,IGLC2,0.0,,0.7565217018127441
matched_hop1,mean,6,TFF1,,,0.8973193168640137
matched_hop1,mean,6,MAG,,,0.733611524105072
matched_hop1,mean,6,ERMN,,,0.6151167750358582
matched_hop1,mean,6,CLDN11,0.0,,0.6718195676803589
matched_hop1,mean,6,CLDND1,0.0,,0.8834757804870605
matched_hop1,mean,6,SPP1,0.0,,0.7747362852096558
matched_hop1,mean,6,PPP1R14A,,,0.8142162561416626
matched_hop1,mean,6,S100B,0.0,,1.0470794439315796
matched_hop1,mean,6,MOG,,,0.530798077583313
matched_hop1,mean,6,MALAT1,,,1.0532456636428833
matched_hop1,mean,6,CARNS1,,,0.5612211227416992
matched_hop1,mean,6,IGHG4,,,0.3867550790309906
matched_hop1,mean,6,KRT18,0.0,,0.824259340763092
matched_hop1,mean,6,BCAS1,0.0,,0.6793132424354553
matched_hop1,mean,6,PTGDS,,,0.9812991619110107
matched_hop1,mean,6,SAA2,,,0.4535008668899536
matched_hop1,mean,6,SEPT4,,,0.8480606079101562
matched_hop1,mean,6,TFF3,,,0.9096719622612
matched_hop1,mean,6,HPCAL1,,,0.9376829862594604
matched_hop1,mean,6,S100A11,0.0,,0.9356215596199036
matched_hop1,mean,6,ALB,,,0.11485005915164948
matched_hop1,mean,6,RNASE1,,,0.8568695187568665
matched_hop1,mean,6,TMEM144,,,0.5658063292503357
matched_hop1,mean,6,ENPP2,0.0,,0.6505285501480103
matched_hop1,mean,6,MAL,,,0.6484174132347107
matched_hop1,mean,6,NKX6-2,,,0.46885648369789124
matched_hop1,mean,6,HSPA2,,,0.58827805519104
matched_hop1,mean,6,G0S2,0.0,,0.589440643787384
matched_hop1,pca_ridge,6,SCGB2A2,0.25360442146516216,0.24483319394565187,1.687826156616211
matched_hop1,pca_ridge,6,SCGB1D2,0.1944030576466473,0.19153711438858328,1.447320818901062
matched_hop1,pca_ridge,6,MBP,0.47252165471377494,0.44145410552230147,1.0546379089355469
matched_hop1,pca_ridge,6,GFAP,0.41968840134696556,0.41667404556444204,1.1011996269226074
matched_hop1,pca_ridge,6,PLP1,0.464810837743048,0.39874200226813994,1.1313481330871582
matched_hop1,pca_ridge,6,SAA1,0.0075912454827612875,0.04514411452553817,1.0463848114013672
matched_hop1,pca_ridge,6,MGP,0.10807716197279382,0.0954848562986001,1.0415124893188477
matched_hop1,pca_ridge,6,IGKC,0.11324735347016349,0.08858367082506395,1.0564970970153809
matched_hop1,pca_ridge,6,FABP4,0.015077628028782495,0.044451780187873456,0.9855034947395325
matched_hop1,pca_ridge,6,MOBP,0.38687362225681576,0.27605324867680464,0.7923493385314941
matched_hop1,pca_ridge,6,HBB,0.10142752217196792,0.10751116950723011,0.8345310091972351
matched_hop1,pca_ridge,6,NEFL,0.45950215476948775,0.39647566051244865,0.9192562699317932
matched_hop1,pca_ridge,6,TF,0.39563823333332115,0.2945190704986905,0.88003009557724
matched_hop1,pca_ridge,6,IGHG3,0.028079199313873725,0.03107958918595066,0.40205448865890503
matched_hop1,pca_ridge,6,CNP,0.373057805544191,0.2820151167520779,0.9973747730255127
matched_hop1,pca_ridge,6,CPB1,0.007958868138903633,0.01988345283703917,0.2715219557285309
matched_hop1,pca_ridge,6,CRYAB,0.35958449908640344,0.3002116603040653,1.0201013088226318
matched_hop1,pca_ridge,6,IGHA1,0.10340666996307311,0.07408555968440687,0.7831231355667114
matched_hop1,pca_ridge,6,KRT8,0.3066192594193659,0.2467009421646838,0.8826911449432373
matched_hop1,pca_ridge,6,MUC1,0.19903892302970647,0.18672818917099893,1.002885341644287
matched_hop1,pca_ridge,6,KRT19,0.24549657888469265,0.2089489729480385,0.9953341484069824
matched_hop1,pca_ridge,6,IGLC2,0.08296050189931758,0.06412758454424232,0.7538554668426514
matched_hop1,pca_ridge,6,TFF1,0.07439954172682353,0.1030298142683475,0.8957609534263611
matched_hop1,pca_ridge,6,MAG,0.3654235332568085,0.2629938794139282,0.6851555705070496
matched_hop1,pca_ridge,6,ERMN,0.3478607796997508,0.2442833818873246,0.5801392793655396
matched_hop1,pca_ridge,6,CLDN11,0.34872219514503283,0.24371697870829626,0.6322735548019409
matched_hop1,pca_ridge,6,CLDND1,0.3461678617547838,0.2562174270264003,0.8302296996116638
matched_hop1,pca_ridge,6,SPP1,0.37329810205902186,0.27573401891908267,0.720043957233429
matched_hop1,pca_ridge,6,PPP1R14A,0.3290675660925675,0.23547355268234282,0.7715256214141846
matched_hop1,pca_ridge,6,S100B,0.2757443420060024,0.2695662263001336,1.008622169494629
matched_hop1,pca_ridge,6,MOG,0.3280824837845955,0.23328637868499275,0.5039573311805725
matched_hop1,pca_ridge,6,MALAT1,0.16648249448944036,0.19889893343034973,1.0388522148132324
matched_hop1,pca_ridge,6,CARNS1,0.33337995272585647,0.22770287413985668,0.5315070152282715
matched_hop1,pca_ridge,6,IGHG4,0.02352831879116943,0.019261336480660307,0.38739049434661865
matched_hop1,pca_ridge,6,KRT18,0.24833843469454253,0.21017714730787831,0.7993464469909668
matched_hop1,pca_ridge,6,BCAS1,0.28220436453913567,0.20899667877786446,0.6532685160636902
matched_hop1,pca_ridge,6,PTGDS,0.27497311807708624,0.2957775848449483,0.9442753195762634
matched_hop1,pca_ridge,6,SAA2,0.016178832198230034,0.06138066586876562,0.45333966612815857
matched_hop1,pca_ridge,6,SEPT4,0.2826647384801681,0.2274506836247446,0.8154275417327881
matched_hop1,pca_ridge,6,TFF3,0.13202432555393825,0.1357531637628216,0.9018239974975586
matched_hop1,pca_ridge,6,HPCAL1,0.26195953494569146,0.26461727535085744,0.9044167995452881
matched_hop1,pca_ridge,6,S100A11,0.27938498457696803,0.2328782810567603,0.8991857767105103
matched_hop1,pca_ridge,6,ALB,0.014875971578938614,0.01676051368452571,0.1154552698135376
matched_hop1,pca_ridge,6,RNASE1,0.3005555358062087,0.23059545404012946,0.8185775279998779
matched_hop1,pca_ridge,6,TMEM144,0.31599717549506084,0.22932246670304118,0.5383439660072327
matched_hop1,pca_ridge,6,ENPP2,0.30312351277009986,0.2163721187470259,0.6222726106643677
matched_hop1,pca_ridge,6,MAL,0.2857116789988571,0.20651834218107598,0.6235077977180481
matched_hop1,pca_ridge,6,NKX6-2,0.2830494323854356,0.20425026181247688,0.4524926245212555
matched_hop1,pca_ridge,6,HSPA2,0.28422082423577283,0.21589835521758086,0.5667109489440918
matched_hop1,pca_ridge,6,G0S2,0.05186576182710061,0.07676319557223558,0.5881255865097046
matched_hop1,spatial_knn,6,SCGB2A2,0.534278919426953,0.5325095383634958,1.522401226278501
matched_hop1,spatial_knn,6,SCGB1D2,0.4274554258542349,0.41486042156501496,1.2837679598976464
matched_hop1,spatial_knn,6,MBP,0.5298917046565953,0.5766945928097891,1.0319476727566834
matched_hop1,spatial_knn,6,GFAP,0.22585710418498162,0.20801909453786735,1.2091242014820385
matched_hop1,spatial_knn,6,PLP1,0.47360652939163994,0.47913096223659846,1.1431420392788971
matched_hop1,spatial_knn,6,SAA1,0.3832966764242294,0.35917396681019076,0.9689582779093315
matched_hop1,spatial_knn,6,MGP,0.32751617019275764,0.27437217439470596,1.0236197764610564
matched_hop1,spatial_knn,6,IGKC,0.2467749723207239,0.27123158696878064,1.062500908886093
matched_hop1,spatial_knn,6,FABP4,0.2541141773474055,0.2582817239182379,0.9686690533434691
matched_hop1,spatial_knn,6,MOBP,0.3485278748913758,0.2980460615706811,0.8228751375655151
matched_hop1,spatial_knn,6,HBB,0.3065958908249459,0.23662869110785117,0.8461838999238317
matched_hop1,spatial_knn,6,NEFL,0.1222155417851735,0.12414143731813641,1.062070113860871
matched_hop1,spatial_knn,6,TF,0.32584872224614475,0.2923756196376286,0.9359851275007627
matched_hop1,spatial_knn,6,IGHG3,0.1154774971370953,0.10384328586517524,0.4009947480391522
matched_hop1,spatial_knn,6,CNP,0.30721643456949027,0.27298308233951074,1.03374064060894
matched_hop1,spatial_knn,6,CPB1,0.034351565587429744,0.040132714610425856,0.23197541817380124
matched_hop1,spatial_knn,6,CRYAB,0.27492582944884464,0.27613551284661647,1.0765491589906135
matched_hop1,spatial_knn,6,IGHA1,0.21176030538950036,0.22003891540082512,0.7842518483227949
matched_hop1,spatial_knn,6,KRT8,0.3721402345360477,0.29080925009696384,0.8614672662411441
matched_hop1,spatial_knn,6,MUC1,0.21617617361825314,0.21028838929920843,1.0445676188563067
matched_hop1,spatial_knn,6,KRT19,0.2423709452110337,0.21238003510442446,0.991453816205539
matched_hop1,spatial_knn,6,IGLC2,0.07855250490953383,0.10456837051312956,0.7767135251878466
matched_hop1,spatial_knn,6,TFF1,0.2250433684237908,0.21334643746312532,0.8868900621332835
matched_hop1,spatial_knn,6,MAG,0.28305117269016167,0.23653946992649152,0.7199596975825129
matched_hop1,spatial_knn,6,ERMN,0.2293017062448063,0.19848998445792418,0.6259204236094305
matched_hop1,spatial_knn,6,CLDN11,0.23162616949928086,0.18631076615697334,0.6769931013654192
matched_hop1,spatial_knn,6,CLDND1,0.25229092690944005,0.22681246531347027,0.8638108702110833
matched_hop1,spatial_knn,6,SPP1,0.2758304585671798,0.24284903729285495,0.7629952916580267
matched_hop1,spatial_knn,6,PPP1R14A,0.23482736569526486,0.19806999990927696,0.8384484314724094
matched_hop1,spatial_knn,6,S100B,0.11698853961426396,0.1302509927882012,1.0700600977340027
matched_hop1,spatial_knn,6,MOG,0.23253594242127784,0.19906475870918394,0.5290337501330207
matched_hop1,spatial_knn,6,MALAT1,0.13477080664359198,0.15313826312666523,1.0906555519615966
matched_hop1,spatial_knn,6,CARNS1,0.1996997960881264,0.17877743097699392,0.5656985592370597
matched_hop1,spatial_knn,6,IGHG4,0.07199624930775682,0.06505221459631946,0.38847916016596434
matched_hop1,spatial_knn,6,KRT18,0.3090083519751117,0.24651355086389454,0.7897800165861302
matched_hop1,spatial_knn,6,BCAS1,0.23249969846777238,0.21217476275807082,0.6816564115164965
matched_hop1,spatial_knn,6,PTGDS,0.038374908759688596,0.0361025600242875,1.006113761790871
matched_hop1,spatial_knn,6,SAA2,0.20501541321997402,0.21922489369593787,0.44234019791151186
matched_hop1,spatial_knn,6,SEPT4,0.18957999800484546,0.1609978102035301,0.8581926396887348
matched_hop1,spatial_knn,6,TFF3,0.13759117056605902,0.12869002342642125,0.9498478620096907
matched_hop1,spatial_knn,6,HPCAL1,0.19553858956299977,0.20137281983157612,0.9275637267037893
matched_hop1,spatial_knn,6,S100A11,0.3349448656661579,0.2684125198817915,0.8944701828276744
matched_hop1,spatial_knn,6,ALB,0.0928563330478967,0.07202409950174488,0.12103204897386978
matched_hop1,spatial_knn,6,RNASE1,0.19588987812989384,0.16996841296665907,0.8767038608225854
matched_hop1,spatial_knn,6,TMEM144,0.1627421116792557,0.13816482374495395,0.5647682380021564
matched_hop1,spatial_knn,6,ENPP2,0.2096099693233975,0.17707110922445324,0.6419709372355411
matched_hop1,spatial_knn,6,MAL,0.20586006554376488,0.1756914681198719,0.6496923103141594
matched_hop1,spatial_knn,6,NKX6-2,0.17890216343885518,0.14906648774975934,0.470922096533226
matched_hop1,spatial_knn,6,HSPA2,0.15991071270483584,0.13317228415974453,0.5946539579724848
matched_hop1,spatial_knn,6,G0S2,0.11991472904194375,0.13386017240682035,0.5838398575496517
matched_hop2,mean,6,SCGB2A2,,,1.7456661462783813
matched_hop2,mean,6,SCGB1D2,,,1.486307144165039
matched_hop2,mean,6,MBP,,,1.1883817911148071
matched_hop2,mean,6,GFAP,,,1.2037851810455322
matched_hop2,mean,6,PLP1,,,1.2666163444519043
matched_hop2,mean,6,SAA1,0.0,,1.1087779998779297
matched_hop2,mean,6,MGP,0.0,,1.063731074333191
matched_hop2,mean,6,IGKC,,,1.0870729684829712
matched_hop2,mean,6,FABP4,0.0,,1.0482871532440186
matched_hop2,mean,6,MOBP,0.0,,0.8289719223976135
matched_hop2,mean,6,HBB,,,0.7863306403160095
matched_hop2,mean,6,NEFL,,,1.0472203493118286
matched_hop2,mean,6,TF,,,0.9328364729881287
matched_hop2,mean,6,IGHG3,,,0.4032714068889618
matched_hop2,mean,6,CNP,0.0,,1.0564546585083008
matched_hop2,mean,6,CPB1,0.0,,0.2661404609680176
matched_hop2,mean,6,CRYAB,,,1.0798779726028442
matched_hop2,mean,6,IGHA1,0.0,,0.8136115670204163
matched_hop2,mean,6,KRT8,,,0.9267579317092896
matched_hop2,mean,6,MUC1,0.0,,1.0308374166488647
matched_hop2,mean,6,KRT19,,,1.0278079509735107
matched_hop2,mean,6,IGLC2,0.0,,0.7769010663032532
matched_hop2,mean,6,TFF1,,,0.908638596534729
matched_hop2,mean,6,MAG,,,0.7157068252563477
matched_hop2,mean,6,ERMN,,,0.5935350060462952
matched_hop2,mean,6,CLDN11,0.0,,0.6508048176765442
matched_hop2,mean,6,CLDND1,0.0,,0.8669449687004089
matched_hop2,mean,6,SPP1,0.0,,0.7534502148628235
matched_hop2,mean,6,PPP1R14A,,,0.7997661828994751
matched_hop2,mean,6,S100B,,,1.0468312501907349
matched_hop2,mean,6,MOG,,,0.5151453614234924
matched_hop2,mean,6,MALAT1,,,1.0599310398101807
matched_hop2,mean,6,CARNS1,,,0.5397713780403137
matched_hop2,mean,6,IGHG4,0.0,,0.3896373212337494
matched_hop2,mean,6,KRT18,0.0,,0.823502779006958
matched_hop2,mean,6,BCAS1,,,0.6673754453659058
matched_hop2,mean,6,PTGDS,,,0.98256915807724
matched_hop2,mean,6,SAA2,,,0.48240000009536743
matched_hop2,mean,6,SEPT4,,,0.8363493084907532
matched_hop2,mean,6,TFF3,,,0.9151983261108398
matched_hop2,mean,6,HPCAL1,,,0.9506916403770447
matched_hop2,mean,6,S100A11,0.0,,0.9401876926422119
matched_hop2,mean,6,ALB,,,0.10152104496955872
matched_hop2,mean,6,RNASE1,,,0.8424552083015442
matched_hop2,mean,6,TMEM144,,,0.5484747290611267
matched_hop2,mean,6,ENPP2,0.0,,0.631860613822937
matched_hop2,mean,6,MAL,0.0,,0.6351204514503479
matched_hop2,mean,6,NKX6-2,,,0.45194709300994873
matched_hop2,mean,6,HSPA2,,,0.5696572065353394
matched_hop2,mean,6,G0S2,0.0,,0.6291071176528931
matched_hop2,pca_ridge,6,SCGB2A2,0.25564083128079956,0.24810093984797002,1.7025519609451294
matched_hop2,pca_ridge,6,SCGB1D2,0.19594786364452468,0.19245748470439664,1.4645522832870483
matched_hop2,pca_ridge,6,MBP,0.44476803879690485,0.4262164064234488,1.0639662742614746
matched_hop2,pca_ridge,6,GFAP,0.39606933184230697,0.40231845400889527,1.1086688041687012
matched_hop2,pca_ridge,6,PLP1,0.432389593501957,0.3789038941518253,1.1424508094787598
matched_hop2,pca_ridge,6,SAA1,0.001271874282403946,0.037919513263828336,1.1078239679336548
matched_hop2,pca_ridge,6,MGP,0.09089111527171134,0.07936723782436873,1.0581713914871216
matched_hop2,pca_ridge,6,IGKC,0.12922205485228194,0.10381045857425278,1.0787665843963623
matched_hop2,pca_ridge,6,FABP4,0.011930968703327301,0.041634218249653264,1.0469201803207397
matched_hop2,pca_ridge,6,MOBP,0.339757583690704,0.2499473724151268,0.7863284945487976
matched_hop2,pca_ridge,6,HBB,0.08045806727914417,0.08577516177053933,0.7835160493850708
matched_hop2,pca_ridge,6,NEFL,0.45085529433023536,0.38927354972686323,0.9317677617073059
matched_hop2,pca_ridge,6,TF,0.35973307742008576,0.27505406319386205,0.8739590644836426
matched_hop2,pca_ridge,6,IGHG3,0.03313213417015503,0.03460594933732107,0.40349146723747253
matched_hop2,pca_ridge,6,CNP,0.3426253015839223,0.26485919361052146,0.9952928423881531
matched_hop2,pca_ridge,6,CPB1,0.012566322883220144,0.023261271416083446,0.26758524775505066
matched_hop2,pca_ridge,6,CRYAB,0.32615661642573573,0.2790783091041842,1.023370385169983
matched_hop2,pca_ridge,6,IGHA1,0.11542463855921513,0.08534603466229815,0.8085394501686096
matched_hop2,pca_ridge,6,KRT8,0.30682535175920966,0.24325485370367594,0.8845636248588562
matched_hop2,pca_ridge,6,MUC1,0.2027975217031935,0.18972669709234302,1.0093759298324585
matched_hop2,pca_ridge,6,KRT19,0.2526265969654621,0.21658325333642742,0.9965640902519226
matched_hop2,pca_ridge,6,IGLC2,0.09450047935453398,0.07592591378555905,0.7735092639923096
matched_hop2,pca_ridge,6,TFF1,0.059094296096999135,0.08835669304368829,0.9088490605354309
matched_hop2,pca_ridge,6,MAG,0.3235697955410954,0.23928557535414546,0.6811767816543579
matched_hop2,pca_ridge,6,ERMN,0.29948618476770156,0.2196554359404745,0.5723758935928345
matched_hop2,pca_ridge,6,CLDN11,0.306167118457328,0.21900676609301886,0.6243448257446289
matched_hop2,pca_ridge,6,CLDND1,0.30959555492364876,0.2333387769835184,0.8266457915306091
matched_hop2,pca_ridge,6,SPP1,0.33431754523487117,0.2530366593878275,0.7126389741897583
matched_hop2,pca_ridge,6,PPP1R14A,0.2921118863283781,0.21274625615771253,0.7692473530769348
matched_hop2,pca_ridge,6,S100B,0.24845665676035705,0.250482856355717,1.0175907611846924
matched_hop2,pca_ridge,6,MOG,0.2869939795072532,0.20944291634993165,0.49765485525131226
matched_hop2,pca_ridge,6,MALAT1,0.15395894875385674,0.18592613729709737,1.0474046468734741
matched_hop2,pca_ridge,6,CARNS1,0.28688255302322935,0.20206235471379302,0.521644115447998
matched_hop2,pca_ridge,6,IGHG4,0.021130960840227822,0.018966575891954333,0.3902454078197479
matched_hop2,pca_ridge,6,KRT18,0.24191138567183273,0.20734245230577297,0.799564003944397
matched_hop2,pca_ridge,6,BCAS1,0.2519687787331232,0.18988436493188487,0.648339033126831
matched_hop2,pca_ridge,6,PTGDS,0.24860125690816276,0.27729212323809443,0.9527122378349304
matched_hop2,pca_ridge,6,SAA2,0.01236897162258331,0.06158895185347804,0.48219621181488037
matched_hop2,pca_ridge,6,SEPT4,0.2489324602904621,0.20569553179959194,0.8126710057258606
matched_hop2,pca_ridge,6,TFF3,0.12908228384371553,0.1325541062990162,0.907823920249939
matched_hop2,pca_ridge,6,HPCAL1,0.26654329708212554,0.26844406568844764,0.9150375723838806
matched_hop2,pca_ridge,6,S100A11,0.2812033059004193,0.2314668223358701,0.9033190011978149
matched_hop2,pca_ridge,6,ALB,-0.002308158255456463,-0.0013997228047615932,0.10249637067317963
matched_hop2,pca_ridge,6,RNASE1,0.2619885424255366,0.20853391845837316,0.8158565759658813
matched_hop2,pca_ridge,6,TMEM144,0.271783151401494,0.20500159637538706,0.5309751033782959
matched_hop2,pca_ridge,6,ENPP2,0.26856465975331134,0.1998110131404141,0.6124408841133118
matched_hop2,pca_ridge,6,MAL,0.24096435770124963,0.18466568132952743,0.6203939914703369
matched_hop2,pca_ridge,6,NKX6-2,0.24725416577141918,0.18689268224977276,0.44205576181411743
matched_hop2,pca_ridge,6,HSPA2,0.24347212003719426,0.19285846783984023,0.5571727156639099
matched_hop2,pca_ridge,6,G0S2,0.05088884631121065,0.07896483566820578,0.6276131868362427
matched_hop2,spatial_knn,6,SCGB2A2,0.517911208032917,0.5136446286400608,1.5937218933460837
matched_hop2,spatial_knn,6,SCGB1D2,0.4171926528324895,0.3995772819679081,1.323049445589572
matched_hop2,spatial_knn,6,MBP,0.5261652544711771,0.5688989956106539,1.028048635167601
matched_hop2,spatial_knn,6,GFAP,0.2075487297004945,0.1912411958491244,1.2115408445883442
matched_hop2,spatial_knn,6,PLP1,0.4598022013797484,0.46390404940933794,1.144782537579248
matched_hop2,spatial_knn,6,SAA1,0.38102535650424807,0.36678552986695356,1.0226823743919213
matched_hop2,spatial_knn,6,MGP,0.3052410591716828,0.24173861088635035,1.0511954747175323
matched_hop2,spatial_knn,6,IGKC,0.21483079338427594,0.23961765891430528,1.101438583232479
matched_hop2,spatial_knn,6,FABP4,0.2659553107501312,0.2688091449971751,1.0279462696255601
matched_hop2,spatial_knn,6,MOBP,0.32924108375541855,0.2820197150643873,0.8093347758504332
matched_hop2,spatial_knn,6,HBB,0.22838661671889157,0.1642150805022792,0.8293917437248273
matched_hop2,spatial_knn,6,NEFL,0.09306996643822266,0.09814444694790499,1.0803340576879792
matched_hop2,spatial_knn,6,TF,0.3133636985732602,0.2834480157958401,0.9217381724551387
matched_hop2,spatial_knn,6,IGHG3,0.08901110962308377,0.0788238701312657,0.4044877344174253
matched_hop2,spatial_knn,6,CNP,0.2918687915580279,0.2606109068416882,1.0236736086184737
matched_hop2,spatial_knn,6,CPB1,0.033989803121712944,0.04162555152751884,0.22807604887399957
matched_hop2,spatial_knn,6,CRYAB,0.2592657371577864,0.2653545402731015,1.0736505423928084
matched_hop2,spatial_knn,6,IGHA1,0.18803713656475973,0.1970244617085728,0.8169898447230506
matched_hop2,spatial_knn,6,KRT8,0.3671992528691969,0.2831874506188932,0.8667222551517869
matched_hop2,spatial_knn,6,MUC1,0.20732075986964968,0.19819658937729898,1.0609805789082385
matched_hop2,spatial_knn,6,KRT19,0.23567940072028154,0.20309166295027645,1.0003495589226468
matched_hop2,spatial_knn,6,IGLC2,0.05564826389415231,0.07256542985795648,0.801122297660647
matched_hop2,spatial_knn,6,TFF1,0.20053261008295623,0.18671309251367726,0.906667393844413
matched_hop2,spatial_knn,6,MAG,0.267115059162402,0.22465054052402583,0.707204313757377
matched_hop2,spatial_knn,6,ERMN,0.2143017005528046,0.18488173727219245,0.6107128520603652
matched_hop2,spatial_knn,6,CLDN11,0.2148710542146768,0.17222492270283496,0.662084305318809
matched_hop2,spatial_knn,6,CLDND1,0.23796391737153577,0.21378178155143987,0.8514862397466735
matched_hop2,spatial_knn,6,SPP1,0.2609707464555748,0.2276203223143254,0.7479459780219133
matched_hop2,spatial_knn,6,PPP1R14A,0.21671862847443327,0.1851515944758667,0.8335757721951015
matched_hop2,spatial_knn,6,S100B,0.09255559500882755,0.10856716389897544,1.077616310401163
matched_hop2,spatial_knn,6,MOG,0.22673780758800957,0.18806270137832382,0.5147988657650618
matched_hop2,spatial_knn,6,MALAT1,0.12715662856834697,0.14872792534071813,1.1005962924698156
matched_hop2,spatial_knn,6,CARNS1,0.1864873724210218,0.16514081231903277,0.5481222192469756
matched_hop2,spatial_knn,6,IGHG4,0.06149958267982682,0.046267124690604323,0.3917919736846966
matched_hop2,spatial_knn,6,KRT18,0.3002465360180967,0.2333283355113702,0.7916813928234238
matched_hop2,spatial_knn,6,BCAS1,0.22743720410226737,0.20350433909944066,0.6714422007165468
matched_hop2,spatial_knn,6,PTGDS,0.02292330052463981,0.020552513064595185,1.0101027718715216
matched_hop2,spatial_knn,6,SAA2,0.19987636632568329,0.2145952874432119,0.4701877569983014
matched_hop2,spatial_knn,6,SEPT4,0.17421725110724687,0.1454918420369949,0.8507215339324173
matched_hop2,spatial_knn,6,TFF3,0.11916951883714266,0.10180803330821697,0.965871478029506
matched_hop2,spatial_knn,6,HPCAL1,0.19475145232359856,0.19989833191453468,0.9391327712912297
matched_hop2,spatial_knn,6,S100A11,0.3278759058235977,0.26203158816635214,0.9029153378388517
matched_hop2,spatial_knn,6,ALB,0.02440931872809887,0.021844942676016527,0.11143035731000972
matched_hop2,spatial_knn,6,RNASE1,0.1723747577738458,0.14749941695031826,0.8716163869731745
matched_hop2,spatial_knn,6,TMEM144,0.1545341025277907,0.12910298351100866,0.5484042013473301
matched_hop2,spatial_knn,6,ENPP2,0.1948217519457137,0.16138433885619177,0.6264934567136997
matched_hop2,spatial_knn,6,MAL,0.19616802539245295,0.16517798081009646,0.6367114812816431
matched_hop2,spatial_knn,6,NKX6-2,0.17717999687408117,0.13468482270895188,0.45375063246452463
matched_hop2,spatial_knn,6,HSPA2,0.13710177350616065,0.11649027319571274,0.5810451897027501
matched_hop2,spatial_knn,6,G0S2,0.11810406700530074,0.12836621200639725,0.6222920014086593
matched_hop5,mean,6,SCGB2A2,0.0,,1.7097454071044922
matched_hop5,mean,6,SCGB1D2,,,1.4587655067443848
matched_hop5,mean,6,MBP,,,1.174821138381958
matched_hop5,mean,6,GFAP,,,1.1914646625518799
matched_hop5,mean,6,PLP1,,,1.2389552593231201
matched_hop5,mean,6,SAA1,0.0,,1.3610107898712158
matched_hop5,mean,6,MGP,0.0,,1.056143879890442
matched_hop5,mean,6,IGKC,,,1.1637628078460693
matched_hop5,mean,6,FABP4,,,1.2750288248062134
matched_hop5,mean,6,MOBP,0.0,,0.7269496321678162
matched_hop5,mean,6,HBB,0.0,,0.7065833210945129
matched_hop5,mean,6,NEFL,,,1.0618953704833984
matched_hop5,mean,6,TF,0.0,,0.8364956974983215
matched_hop5,mean,6,IGHG3,,,0.40387529134750366
matched_hop5,mean,6,CNP,0.0,,1.0044044256210327
matched_hop5,mean,6,CPB1,0.0,,0.257442831993103
matched_hop5,mean,6,CRYAB,,,1.0441011190414429
matched_hop5,mean,6,IGHA1,0.0,,0.8562709093093872
matched_hop5,mean,6,KRT8,,,0.8664214611053467
matched_hop5,mean,6,MUC1,,,1.027071475982666
matched_hop5,mean,6,KRT19,,,1.0142098665237427
matched_hop5,mean,6,IGLC2,,,0.8479126691818237
matched_hop5,mean,6,TFF1,0.0,,0.9393171072006226
matched_hop5,mean,6,MAG,0.0,,0.6297761797904968
matched_hop5,mean,6,ERMN,0.0,,0.502743124961853
matched_hop5,mean,6,CLDN11,0.0,,0.5659884810447693
matched_hop5,mean,6,CLDND1,,,0.7908352017402649
matched_hop5,mean,6,SPP1,0.0,,0.6537894010543823
matched_hop5,mean,6,PPP1R14A,,,0.742283284664154
matched_hop5,mean,6,S100B,,,1.0319758653640747
matched_hop5,mean,6,MOG,,,0.451472669839859
matched_hop5,mean,6,MALAT1,,,1.0672645568847656
matched_hop5,mean,6,CARNS1,,,0.4495706856250763
matched_hop5,mean,6,IGHG4,,,0.3799537122249603
matched_hop5,mean,6,KRT18,,,0.7792136669158936
matched_hop5,mean,6,BCAS1,,,0.5994243025779724
matched_hop5,mean,6,PTGDS,,,0.9744415283203125
matched_hop5,mean,6,SAA2,,,0.6050205826759338
matched_hop5,mean,6,SEPT4,0.0,,0.7805192470550537
matched_hop5,mean,6,TFF3,,,0.9445899128913879
matched_hop5,mean,6,HPCAL1,,,1.0034617185592651
matched_hop5,mean,6,S100A11,,,0.8960856199264526
matched_hop5,mean,6,ALB,,,0.09890935570001602
matched_hop5,mean,6,RNASE1,,,0.7952982187271118
matched_hop5,mean,6,TMEM144,,,0.46167874336242676
matched_hop5,mean,6,ENPP2,,,0.5701408982276917
matched_hop5,mean,6,MAL,,,0.5725175738334656
matched_hop5,mean,6,NKX6-2,,,0.37153878808021545
matched_hop5,mean,6,HSPA2,,,0.5115470886230469
matched_hop5,mean,6,G0S2,0.0,,0.777839183807373
matched_hop5,pca_ridge,6,SCGB2A2,0.2401425841980532,0.22293370965259626,1.6999939680099487
matched_hop5,pca_ridge,6,SCGB1D2,0.18347091509551314,0.17445781412123812,1.4560812711715698
matched_hop5,pca_ridge,6,MBP,0.29084335282812945,0.2966875644313382,1.1047180891036987
matched_hop5,pca_ridge,6,GFAP,0.3589512883215057,0.3627134525148975,1.1157668828964233
matched_hop5,pca_ridge,6,PLP1,0.28361748392268343,0.26245865738613794,1.173164963722229
matched_hop5,pca_ridge,6,SAA1,-0.02308568293919206,-0.0020914075950114,1.3567026853561401
matched_hop5,pca_ridge,6,MGP,0.0720709695926938,0.059431578143187835,1.0512670278549194
matched_hop5,pca_ridge,6,IGKC,0.19104586995396725,0.15386078923089216,1.1502583026885986
matched_hop5,pca_ridge,6,FABP4,0.009009140390839252,0.034702267872856234,1.2722904682159424
matched_hop5,pca_ridge,6,MOBP,0.1599163986878197,0.1268838803398947,0.7384020686149597
matched_hop5,pca_ridge,6,HBB,0.040830163309953885,0.052923572256099144,0.7044423818588257
matched_hop5,pca_ridge,6,NEFL,0.44031342678047025,0.38104052774937414,0.9478038549423218
matched_hop5,pca_ridge,6,TF,0.19594885800089062,0.17317031216952386,0.8321114778518677
matched_hop5,pca_ridge,6,IGHG3,0.034727245452521684,0.040172782111766406,0.40352484583854675
matched_hop5,pca_ridge,6,CNP,0.1787435026808991,0.15158782727221276,0.9938549399375916
matched_hop5,pca_ridge,6,CPB1,0.0005892140951796887,0.01790670675996128,0.25677427649497986
matched_hop5,pca_ridge,6,CRYAB,0.22113114701849518,0.20527285162100423,1.0205929279327393
matched_hop5,pca_ridge,6,IGHA1,0.17132538149777063,0.12601306396642362,0.8487924337387085
matched_hop5,pca_ridge,6,KRT8,0.2543652970456322,0.18297418193365483,0.8329367637634277
matched_hop5,pca_ridge,6,MUC1,0.18701897077559912,0.17708412306016222,1.0123333930969238
matched_hop5,pca_ridge,6,KRT19,0.24568434052940796,0.2062983497683515,0.9790071249008179
matched_hop5,pca_ridge,6,IGLC2,0.14383497231744208,0.11747637895740388,0.8422703742980957
matched_hop5,pca_ridge,6,TFF1,0.03450580245384773,0.05965540153411149,0.942986786365509
matched_hop5,pca_ridge,6,MAG,0.15763710316495247,0.1465496320702733,0.6351628303527832
matched_hop5,pca_ridge,6,ERMN,0.1662280261746335,0.14189720133836017,0.5081743001937866
matched_hop5,pca_ridge,6,CLDN11,0.14465270220330503,0.11500556561244703,0.575564444065094
matched_hop5,pca_ridge,6,CLDND1,0.16239963107640493,0.14571780849309615,0.7850579619407654
matched_hop5,pca_ridge,6,SPP1,0.16691351950174937,0.14823948284594254,0.6547228693962097
matched_hop5,pca_ridge,6,PPP1R14A,0.1683680751944368,0.14276671371357222,0.7417663931846619
matched_hop5,pca_ridge,6,S100B,0.18756305191317613,0.20886635998438516,1.0209137201309204
matched_hop5,pca_ridge,6,MOG,0.1579245120291238,0.12551551373954256,0.4558122456073761
matched_hop5,pca_ridge,6,MALAT1,0.15521997582423536,0.17936315077896783,1.0512527227401733
matched_hop5,pca_ridge,6,CARNS1,0.1192873170709137,0.10001158078789811,0.46160203218460083
matched_hop5,pca_ridge,6,IGHG4,0.02200976714262338,0.014674631890033025,0.3800008296966553
matched_hop5,pca_ridge,6,KRT18,0.21679480398284057,0.17179388541398954,0.7563299536705017
matched_hop5,pca_ridge,6,BCAS1,0.1284968202059725,0.10620269866611014,0.601764440536499
matched_hop5,pca_ridge,6,PTGDS,0.17735515896905768,0.22721425156749245,0.9603196978569031
matched_hop5,pca_ridge,6,SAA2,-0.014093811115086511,0.03712174436119212,0.6043446660041809
matched_hop5,pca_ridge,6,SEPT4,0.12848873381852752,0.12320483656273436,0.7770754098892212
matched_hop5,pca_ridge,6,TFF3,0.14191795873162377,0.13875158982885982,0.9374908208847046
matched_hop5,pca_ridge,6,HPCAL1,0.2740277679441415,0.27206625186489775,0.9547882676124573
matched_hop5,pca_ridge,6,S100A11,0.24493467664728893,0.18969752996095027,0.8680117130279541
matched_hop5,pca_ridge,6,ALB,0.004218256768807713,0.006770710513537122,0.09998542070388794
matched_hop5,pca_ridge,6,RNASE1,0.11002428494522468,0.09668758181200864,0.8030128479003906
matched_hop5,pca_ridge,6,TMEM144,0.11333571975018385,0.10952306519846441,0.47097668051719666
matched_hop5,pca_ridge,6,ENPP2,0.13514143043745885,0.1203850806100098,0.5750565528869629
matched_hop5,pca_ridge,6,MAL,0.0956453617430579,0.08833791563152535,0.5821534991264343
matched_hop5,pca_ridge,6,NKX6-2,0.0791548608800936,0.08131717499119305,0.38413336873054504
matched_hop5,pca_ridge,6,HSPA2,0.11570067848916728,0.10901369891176808,0.5189895629882812
matched_hop5,pca_ridge,6,G0S2,0.05618009816602525,0.07785587195946944,0.7750407457351685
matched_hop5,spatial_knn,6,SCGB2A2,0.43090468949273236,0.3796449250654829,1.9117624350917393
matched_hop5,spatial_knn,6,SCGB1D2,0.339185181950903,0.2799790087666359,1.473169860878544
matched_hop5,spatial_knn,6,MBP,0.4486955462407003,0.3982884443421919,1.036377789018829
matched_hop5,spatial_knn,6,GFAP,0.11393035700855932,0.08113535316092689,1.230575961335659
matched_hop5,spatial_knn,6,PLP1,0.3615684660939696,0.3134016031390087,1.1446055063737006
matched_hop5,spatial_knn,6,SAA1,0.3680348310516759,0.37764725969602253,1.2252410292646987
matched_hop5,spatial_knn,6,MGP,0.20108043418573177,0.08922817121961148,1.0859614963652744
matched_hop5,spatial_knn,6,IGKC,0.13483184921287872,0.1481062016617248,1.2122813652254367
matched_hop5,spatial_knn,6,FABP4,0.29735333293060223,0.31065325340948907,1.2388397438787233
matched_hop5,spatial_knn,6,MOBP,0.24730920897403755,0.17284095688188372,0.7356981314813736
matched_hop5,spatial_knn,6,HBB,0.05366539141269005,0.02937063204019681,0.7504498152439049
matched_hop5,spatial_knn,6,NEFL,0.006712507300360556,0.009491705744872648,1.1092596208723389
matched_hop5,spatial_knn,6,TF,0.240797315958062,0.1964980387429489,0.8386451091825833
matched_hop5,spatial_knn,6,IGHG3,0.0071047836289174285,-0.009638766121104208,0.40974439081391545
matched_hop5,spatial_knn,6,CNP,0.19926443497197066,0.16178314081361858,0.9841264368828473
matched_hop5,spatial_knn,6,CPB1,0.02327906900783983,0.03438469861681819,0.2249688326473517
matched_hop5,spatial_knn,6,CRYAB,0.1651160769603178,0.16055994862579198,1.0646929180205382
matched_hop5,spatial_knn,6,IGHA1,0.08238930639065613,0.11445232705754173,0.8863635715333746
matched_hop5,spatial_knn,6,KRT8,0.27942576375638273,0.1833856043203328,0.8306064725333638
matched_hop5,spatial_knn,6,MUC1,0.14212462754289582,0.11706138467000321,1.123272129845896
matched_hop5,spatial_knn,6,KRT19,0.17829850130470137,0.11214896804300455,1.0053179602069189
matched_hop5,spatial_knn,6,IGLC2,-0.05850665571327732,-0.07566681162669997,0.8878055883912138
matched_hop5,spatial_knn,6,TFF1,0.06775297860187648,0.060122685298977345,0.9879171201569085
matched_hop5,spatial_knn,6,MAG,0.18831937288431191,0.1458106603747412,0.6274130867957516
matched_hop5,spatial_knn,6,ERMN,0.17108707387752356,0.10403111590929233,0.5293194602743838
matched_hop5,spatial_knn,6,CLDN11,0.1465784455838775,0.09649428387067362,0.5885003455942659
matched_hop5,spatial_knn,6,CLDND1,0.1559301618235248,0.11197121382391817,0.7796536784437589
matched_hop5,spatial_knn,6,SPP1,0.20364787296468242,0.14278131001077524,0.659170112796171
matched_hop5,spatial_knn,6,PPP1R14A,0.1618508593068387,0.10968823941282842,0.7835007495804653
matched_hop5,spatial_knn,6,S100B,0.05277832056256553,0.06810519065247593,1.0707576555335079
matched_hop5,spatial_knn,6,MOG,0.16477440730226525,0.11675944955383648,0.4597734423861469
matched_hop5,spatial_knn,6,MALAT1,0.11175861657849252,0.10916072821500233,1.1210859809183438
matched_hop5,spatial_knn,6,CARNS1,0.13250674245000077,0.09948715636934138,0.4611949422946166
matched_hop5,spatial_knn,6,IGHG4,-0.012350175838549592,-0.028228558868267726,0.3845488012535933
matched_hop5,spatial_knn,6,KRT18,0.22163171795210138,0.11893672725252513,0.7655191939195666
matched_hop5,spatial_knn,6,BCAS1,0.1992027331355442,0.12987077031425312,0.6044664530149657
matched_hop5,spatial_knn,6,PTGDS,0.007833511570014157,0.004690765026442498,1.0084166752251578
matched_hop5,spatial_knn,6,SAA2,0.17623703007848573,0.18703200293998606,0.5851569317976675
matched_hop5,spatial_knn,6,SEPT4,0.1346001873041423,0.0893915145581838,0.7928256301602828
matched_hop5,spatial_knn,6,TFF3,0.029203705018148198,-0.00766416392773418,1.0593508834434537
matched_hop5,spatial_knn,6,HPCAL1,0.17418921721564604,0.16215483162598343,0.9790436996864925
matched_hop5,spatial_knn,6,S100A11,0.2762195957313248,0.1844009326469404,0.8830382216136885
matched_hop5,spatial_knn,6,ALB,-0.017563596053635534,-0.02059777796615031,0.10826158008035626
matched_hop5,spatial_knn,6,RNASE1,0.09658043326645707,0.06037248999018067,0.8433781908197818
matched_hop5,spatial_knn,6,TMEM144,0.09184530065801826,0.07085428831044661,0.4681904377986016
matched_hop5,spatial_knn,6,ENPP2,0.11991491113132406,0.08595857595930081,0.5742672478942904
matched_hop5,spatial_knn,6,MAL,0.11797677741802336,0.08452666422822873,0.582377550585401
matched_hop5,spatial_knn,6,NKX6-2,0.11015635217790967,0.07460075901119552,0.3741970587359844
matched_hop5,spatial_knn,6,HSPA2,0.06649982067258198,0.04136049113379219,0.5335119464445297
matched_hop5,spatial_knn,6,G0S2,0.1084922609375263,0.11622804986215898,0.763225899543943
matched_coord0.25,mean,6,SCGB2A2,,,1.7556490898132324
matched_coord0.25,mean,6,SCGB1D2,,,1.510901689529419
matched_coord0.25,mean,6,MBP,0.0,,1.1780402660369873
matched_coord0.25,mean,6,GFAP,0.0,,1.1852315664291382
matched_coord0.25,mean,6,PLP1,,,1.2451733350753784
matched_coord0.25,mean,6,SAA1,,,1.220870852470398
matched_coord0.25,mean,6,MGP,0.0,,1.086224913597107
matched_coord0.25,mean,6,IGKC,,,1.1290496587753296
matched_coord0.25,mean,6,FABP4,0.0,,1.1452502012252808
matched_coord0.25,mean,6,MOBP,0.0,,0.7892531156539917
matched_coord0.25,mean,6,HBB,0.0,,0.7352389097213745
matched_coord0.25,mean,6,NEFL,,,1.0573872327804565
matched_coord0.25,mean,6,TF,,,0.8869405388832092
matched_coord0.25,mean,6,IGHG3,,,0.3890365660190582
matched_coord0.25,mean,6,CNP,0.0,,1.032109260559082
matched_coord0.25,mean,6,CPB1,0.0,,0.2626882791519165
matched_coord0.25,mean,6,CRYAB,,,1.0600838661193848
matched_coord0.25,mean,6,IGHA1,0.0,,0.844924807548523
matched_coord0.25,mean,6,KRT8,,,0.9010535478591919
matched_coord0.25,mean,6,MUC1,,,1.0333852767944336
matched_coord0.25,mean,6,KRT19,,,1.0280414819717407
matched_coord0.25,mean,6,IGLC2,,,0.813015878200531
matched_coord0.25,mean,6,TFF1,,,0.9336380958557129
matched_coord0.25,mean,6,MAG,,,0.6730756163597107
matched_coord0.25,mean,6,ERMN,,,0.5454855561256409
matched_coord0.25,mean,6,CLDN11,,,0.6065521240234375
matched_coord0.25,mean,6,CLDND1,,,0.8344181776046753
matched_coord0.25,mean,6,SPP1,0.0,,0.7024049758911133
matched_coord0.25,mean,6,PPP1R14A,,,0.7706176042556763
matched_coord0.25,mean,6,S100B,0.0,,1.0375159978866577
matched_coord0.25,mean,6,MOG,,,0.4795934557914734
matched_coord0.25,mean,6,MALAT1,0.0,,1.0697542428970337
matched_coord0.25,mean,6,CARNS1,0.0,,0.49532556533813477
matched_coord0.25,mean,6,IGHG4,0.0,,0.3820233941078186
matched_coord0.25,mean,6,KRT18,0.0,,0.812349796295166
matched_coord0.25,mean,6,BCAS1,0.0,,0.6337743401527405
matched_coord0.25,mean,6,PTGDS,,,0.9849406480789185
matched_coord0.25,mean,6,SAA2,,,0.537031888961792
matched_coord0.25,mean,6,SEPT4,,,0.8118414878845215
matched_coord0.25,mean,6,TFF3,,,0.9391953349113464
matched_coord0.25,mean,6,HPCAL1,,,0.9736302495002747
matched_coord0.25,mean,6,S100A11,,,0.9251786470413208
matched_coord0.25,mean,6,ALB,,,0.1035388708114624
matched_coord0.25,mean,6,RNASE1,,,0.8205597996711731
matched_coord0.25,mean,6,TMEM144,,,0.5097638368606567
matched_coord0.25,mean,6,ENPP2,,,0.5993143916130066
matched_coord0.25,mean,6,MAL,,,0.6015064120292664
matched_coord0.25,mean,6,NKX6-2,0.0,,0.4096170663833618
matched_coord0.25,mean,6,HSPA2,,,0.5444881319999695
matched_coord0.25,mean,6,G0S2,0.0,,0.6900229454040527
matched_coord0.25,pca_ridge,6,SCGB2A2,0.2595996164353845,0.2515969223194171,1.7234419584274292
matched_coord0.25,pca_ridge,6,SCGB1D2,0.20609566152416364,0.1999559743058142,1.4936002492904663
matched_coord0.25,pca_ridge,6,MBP,0.3770661286908695,0.38184820955202387,1.086348533630371
matched_coord0.25,pca_ridge,6,GFAP,0.3627988062123517,0.38018944812932826,1.1099485158920288
matched_coord0.25,pca_ridge,6,PLP1,0.3654160537203515,0.3389467701738317,1.1565091609954834
matched_coord0.25,pca_ridge,6,SAA1,-0.009354941490300911,0.023365006996401278,1.2188315391540527
matched_coord0.25,pca_ridge,6,MGP,0.0759771164804373,0.0654534567813419,1.080636739730835
matched_coord0.25,pca_ridge,6,IGKC,0.16672172079495032,0.13516493811829952,1.1171982288360596
matched_coord0.25,pca_ridge,6,FABP4,0.014756556279143379,0.04295202514476414,1.1432216167449951
matched_coord0.25,pca_ridge,6,MOBP,0.24653907380144108,0.19348982576920196,0.77865070104599
matched_coord0.25,pca_ridge,6,HBB,0.05899532656415741,0.0649069809726583,0.7333065271377563
matched_coord0.25,pca_ridge,6,NEFL,0.44285200529985935,0.3824104282667009,0.9438706040382385
matched_coord0.25,pca_ridge,6,TF,0.2768492000037999,0.23023082504777445,0.8603377342224121
matched_coord0.25,pca_ridge,6,IGHG3,0.028714465715818243,0.031326728115774236,0.3892395496368408
matched_coord0.25,pca_ridge,6,CNP,0.25340854689564624,0.2084259708858239,1.0040929317474365
matched_coord0.25,pca_ridge,6,CPB1,0.011397276568378576,0.025489473224773396,0.263485848903656
matched_coord0.25,pca_ridge,6,CRYAB,0.2600813134397586,0.2397691099374269,1.0286110639572144
matched_coord0.25,pca_ridge,6,IGHA1,0.14671360194967442,0.10551369991808937,0.8383215069770813
matched_coord0.25,pca_ridge,6,KRT8,0.28978563941282615,0.21874526135212966,0.862516462802887
matched_coord0.25,pca_ridge,6,MUC1,0.18829288596931557,0.17664259250410258,1.0161361694335938
matched_coord0.25,pca_ridge,6,KRT19,0.25197074038928674,0.21549522844927435,0.9952079653739929
matched_coord0.25,pca_ridge,6,IGLC2,0.11860650428166006,0.0957697682954831,0.8083527684211731
matched_coord0.25,pca_ridge,6,TFF1,0.04204731717675962,0.06730204083678512,0.9357490539550781
matched_coord0.25,pca_ridge,6,MAG,0.22986339053859106,0.19400220132176293,0.6644219756126404
matched_coord0.25,pca_ridge,6,ERMN,0.2144898025049015,0.17857151236692062,0.5439884066581726
matched_coord0.25,pca_ridge,6,CLDN11,0.222043477095144,0.17252335698968974,0.6012673377990723
matched_coord0.25,pca_ridge,6,CLDND1,0.2360122333140244,0.19446864653535842,0.8147083520889282
matched_coord0.25,pca_ridge,6,SPP1,0.2539816516040354,0.2065135942028613,0.6849624514579773
matched_coord0.25,pca_ridge,6,PPP1R14A,0.22379472182882737,0.18088687853572363,0.7587525248527527
matched_coord0.25,pca_ridge,6,S100B,0.1969455972913342,0.21666138419016276,1.0244331359863281
matched_coord0.25,pca_ridge,6,MOG,0.21196847339784983,0.16538531232084575,0.4762735962867737
matched_coord0.25,pca_ridge,6,MALAT1,0.15913580038015493,0.18666552739230974,1.0552115440368652
matched_coord0.25,pca_ridge,6,CARNS1,0.1927773568247054,0.15124552839542968,0.49617740511894226
matched_coord0.25,pca_ridge,6,IGHG4,0.025221063154117113,0.021760243071443752,0.3822753131389618
matched_coord0.25,pca_ridge,6,KRT18,0.22835636742967524,0.18563644221755712,0.7900049090385437
matched_coord0.25,pca_ridge,6,BCAS1,0.17746788400993518,0.1442987776674413,0.6296601295471191
matched_coord0.25,pca_ridge,6,PTGDS,0.20280197813853676,0.24527235863658292,0.9655630588531494
matched_coord0.25,pca_ridge,6,SAA2,0.001031493281744914,0.05625463630234455,0.536724328994751
matched_coord0.25,pca_ridge,6,SEPT4,0.17772144743299165,0.15938654039084563,0.8034013509750366
matched_coord0.25,pca_ridge,6,TFF3,0.12383841525138557,0.12279287316693845,0.932918131351471
matched_coord0.25,pca_ridge,6,HPCAL1,0.27634510053599187,0.2753585283960771,0.9321964383125305
matched_coord0.25,pca_ridge,6,S100A11,0.2655182318216036,0.21065985469332482,0.8925151824951172
matched_coord0.25,pca_ridge,6,ALB,-0.001903149000182732,0.0014462161793335347,0.1045389398932457
matched_coord0.25,pca_ridge,6,RNASE1,0.18097052109581976,0.15562515797622273,0.8142628073692322
matched_coord0.25,pca_ridge,6,TMEM144,0.1812221581860776,0.15769846044399286,0.5090970993041992
matched_coord0.25,pca_ridge,6,ENPP2,0.17919839200530982,0.14933206428092705,0.5984086394309998
matched_coord0.25,pca_ridge,6,MAL,0.16039144262640753,0.1368905036829762,0.6019793748855591
matched_coord0.25,pca_ridge,6,NKX6-2,0.15322803349097733,0.13195178426105214,0.4139893054962158
matched_coord0.25,pca_ridge,6,HSPA2,0.17566948852016523,0.15562242531713633,0.5435216426849365
matched_coord0.25,pca_ridge,6,G0S2,0.05913725354272032,0.08376712867394807,0.6878877878189087
matched_coord0.25,spatial_knn,6,SCGB2A2,0.49204503491984064,0.47730555806798397,1.7233708087951067
matched_coord0.25,spatial_knn,6,SCGB1D2,0.3956230768797211,0.36735083846536337,1.3967445422650926
matched_coord0.25,spatial_knn,6,MBP,0.49405044092935113,0.5244790265043542,1.0390440486355705
matched_coord0.25,spatial_knn,6,GFAP,0.16329231228960248,0.1469686770584981,1.21369072724986
matched_coord0.25,spatial_knn,6,PLP1,0.4161671361876889,0.41774921770259094,1.1507814369648597
matched_coord0.25,spatial_knn,6,SAA1,0.3889112374433506,0.38956019592371277,1.1142747329244465
matched_coord0.25,spatial_knn,6,MGP,0.2551173977461472,0.16519909842837988,1.0969263222656251
matched_coord0.25,spatial_knn,6,IGKC,0.17294104900988155,0.1946322210686855,1.1620096078720514
matched_coord0.25,spatial_knn,6,FABP4,0.2975631297685378,0.3028651369724606,1.1180068729676633
matched_coord0.25,spatial_knn,6,MOBP,0.3064004597968474,0.25255525428789066,0.7816593677326643
matched_coord0.25,spatial_knn,6,HBB,0.13571332433153754,0.09925137056497156,0.7937871464935431
matched_coord0.25,spatial_knn,6,NEFL,0.05834782207682805,0.06607915475262036,1.0972876163460232
matched_coord0.25,spatial_knn,6,TF,0.2746064982294224,0.2527417146521237,0.8917604756829386
matched_coord0.25,spatial_knn,6,IGHG3,0.031182341744433066,0.015398105599573313,0.39236928878382504
matched_coord0.25,spatial_knn,6,CNP,0.2479633385806782,0.2206968151965478,1.010021417905946
matched_coord0.25,spatial_knn,6,CPB1,0.030897954986204818,0.03738720501719644,0.22614995933502072
matched_coord0.25,spatial_knn,6,CRYAB,0.21082547170223725,0.22211022946498113,1.0738833786439714
matched_coord0.25,spatial_knn,6,IGHA1,0.14808584979458375,0.16505381936464186,0.8590712080520987
matched_coord0.25,spatial_knn,6,KRT8,0.31935258490592955,0.23534088848168608,0.861345919025222
matched_coord0.25,spatial_knn,6,MUC1,0.1660036915901715,0.15327725170054848,1.0949056743284689
matched_coord0.25,spatial_knn,6,KRT19,0.20730725034318526,0.16726450966919085,1.0158037680474308
matched_coord0.25,spatial_knn,6,IGLC2,0.0028195932022842237,0.00437549467437668,0.8465453185245294
matched_coord0.25,spatial_knn,6,TFF1,0.14447212257773157,0.12934175096703182,0.9510798943310158
matched_coord0.25,spatial_knn,6,MAG,0.22168726488935622,0.18915307140462173,0.6757347485556897
matched_coord0.25,spatial_knn,6,ERMN,0.17025667007426074,0.14644925552028965,0.5767533634910831
matched_coord0.25,spatial_knn,6,CLDN11,0.17726694534373186,0.13958039225406274,0.6286954060576081
matched_coord0.25,spatial_knn,6,CLDND1,0.20136503163156702,0.17554908157998408,0.8271015321936872
matched_coord0.25,spatial_knn,6,SPP1,0.23213530071270166,0.1940780547777442,0.7068496442242013
matched_coord0.25,spatial_knn,6,PPP1R14A,0.17680586895803868,0.14759043041499545,0.8185677133667261
matched_coord0.25,spatial_knn,6,S100B,0.060845979249545906,0.07771912712278042,1.0779669038139488
matched_coord0.25,spatial_knn,6,MOG,0.17973866024748053,0.14750149082308814,0.487596927623524
matched_coord0.25,spatial_knn,6,MALAT1,0.12743808174030197,0.1434807095238816,1.1128349534827038
matched_coord0.25,spatial_knn,6,CARNS1,0.15515423400015566,0.13640350527456283,0.5105326778220067
matched_coord0.25,spatial_knn,6,IGHG4,0.019379469627964732,0.0022495800971113248,0.3859686268068325
matched_coord0.25,spatial_knn,6,KRT18,0.2605613095539443,0.18082367648544417,0.7921971249478537
matched_coord0.25,spatial_knn,6,BCAS1,0.20539653347253758,0.17641350419741042,0.6451252769136376
matched_coord0.25,spatial_knn,6,PTGDS,0.010487255544746495,0.005701262013488276,1.0140244990661946
matched_coord0.25,spatial_knn,6,SAA2,0.19815718270929258,0.21490034476669245,0.5216755567695006
matched_coord0.25,spatial_knn,6,SEPT4,0.1396018115422365,0.10652386743222184,0.8327959083770576
matched_coord0.25,spatial_knn,6,TFF3,0.08202719180259194,0.05358643650896826,1.0149322444317643
matched_coord0.25,spatial_knn,6,HPCAL1,0.19271665960124926,0.1947488853525414,0.9568354827713108
matched_coord0.25,spatial_knn,6,S100A11,0.30564287174271165,0.23340539858269482,0.8998055446281539
matched_coord0.25,spatial_knn,6,ALB,0.005899542039771057,-0.008184711426933555,0.1142677271165968
matched_coord0.25,spatial_knn,6,RNASE1,0.12860175578981728,0.10899549458740483,0.8649760486901014
matched_coord0.25,spatial_knn,6,TMEM144,0.11848449923346326,0.09431815814186592,0.5138765985177232
matched_coord0.25,spatial_knn,6,ENPP2,0.16008231468631304,0.12290262078383127,0.5991875818269992
matched_coord0.25,spatial_knn,6,MAL,0.1551360138556517,0.1267454919280799,0.6075069667835736
matched_coord0.25,spatial_knn,6,NKX6-2,0.13919864851344366,0.10167017438748097,0.41567186162148956
matched_coord0.25,spatial_knn,6,HSPA2,0.08997938803188887,0.07133032089375267,0.5634861365908301
matched_coord0.25,spatial_knn,6,G0S2,0.1203941934860212,0.1304549941674135,0.6799760778287257
matched_coord0.5,mean,6,SCGB2A2,,,1.639739751815796
matched_coord0.5,mean,6,SCGB1D2,,,1.3976900577545166
matched_coord0.5,mean,6,MBP,,,1.1856437921524048
matched_coord0.5,mean,6,GFAP,,,1.1752105951309204
matched_coord0.5,mean,6,PLP1,,,1.2165770530700684
matched_coord0.5,mean,6,SAA1,0.0,,1.4084486961364746
matched_coord0.5,mean,6,MGP,0.0,,1.0111584663391113
matched_coord0.5,mean,6,IGKC,,,1.1594797372817993
matched_coord0.5,mean,6,FABP4,0.0,,1.3218882083892822
matched_coord0.5,mean,6,MOBP,0.0,,0.6753759384155273
matched_coord0.5,mean,6,HBB,0.0,,0.6950437426567078
matched_coord0.5,mean,6,NEFL,,,1.051668643951416
matched_coord0.5,mean,6,TF,,,0.7918035387992859
matched_coord0.5,mean,6,IGHG3,,,0.3968133330345154
matched_coord0.5,mean,6,CNP,0.0,,0.9728168249130249
matched_coord0.5,mean,6,CPB1,0.0,,0.2597893476486206
matched_coord0.5,mean,6,CRYAB,,,1.0237945318222046
matched_coord0.5,mean,6,IGHA1,,,0.849460244178772
matched_coord0.5,mean,6,KRT8,,,0.8161587715148926
matched_coord0.5,mean,6,MUC1,0.0,,1.00840425491333
matched_coord0.5,mean,6,KRT19,,,0.9880822896957397
matched_coord0.5,mean,6,IGLC2,,,0.8155043721199036
matched_coord0.5,mean,6,TFF1,,,0.9499907493591309
matched_coord0.5,mean,6,MAG,,,0.5818066000938416
matched_coord0.5,mean,6,ERMN,,,0.4534667730331421
matched_coord0.5,mean,6,CLDN11,0.0,,0.528817892074585
matched_coord0.5,mean,6,CLDND1,,,0.7642345428466797
matched_coord0.5,mean,6,SPP1,0.0,,0.6029570698738098
matched_coord0.5,mean,6,PPP1R14A,,,0.7017521262168884
matched_coord0.5,mean,6,S100B,0.0,,1.0270181894302368
matched_coord0.5,mean,6,MOG,,,0.4040026366710663
matched_coord0.5,mean,6,MALAT1,,,1.0617749691009521
matched_coord0.5,mean,6,CARNS1,0.0,,0.42129096388816833
matched_coord0.5,mean,6,IGHG4,0.0,,0.367360919713974
matched_coord0.5,mean,6,KRT18,0.0,,0.7251737117767334
matched_coord0.5,mean,6,BCAS1,,,0.5501216053962708
matched_coord0.5,mean,6,PTGDS,,,0.9513346552848816
matched_coord0.5,mean,6,SAA2,,,0.6547410488128662
matched_coord0.5,mean,6,SEPT4,0.0,,0.75266432762146
matched_coord0.5,mean,6,TFF3,,,0.9584081172943115
matched_coord0.5,mean,6,HPCAL1,,,1.0243046283721924
matched_coord0.5,mean,6,S100A11,,,0.8356235027313232
matched_coord0.5,mean,6,ALB,,,0.10361188650131226
matched_coord0.5,mean,6,RNASE1,,,0.7743606567382812
matched_coord0.5,mean,6,TMEM144,,,0.4383387565612793
matched_coord0.5,mean,6,ENPP2,,,0.5412688255310059
matched_coord0.5,mean,6,MAL,,,0.5460811853408813
matched_coord0.5,mean,6,NKX6-2,,,0.3338751792907715
matched_coord0.5,mean,6,HSPA2,,,0.48136842250823975
matched_coord0.5,mean,6,G0S2,0.0,,0.8012111783027649
matched_coord0.5,pca_ridge,6,SCGB2A2,0.22110815133239106,0.19853981368698126,1.6494780778884888
matched_coord0.5,pca_ridge,6,SCGB1D2,0.17076955416841721,0.15687168757336414,1.4040638208389282
matched_coord0.5,pca_ridge,6,MBP,0.22503342799569312,0.22731082434853453,1.1128885746002197
matched_coord0.5,pca_ridge,6,GFAP,0.364689858387811,0.3635744376042659,1.0946505069732666
matched_coord0.5,pca_ridge,6,PLP1,0.21358594130390396,0.19812265037077684,1.1594760417938232
matched_coord0.5,pca_ridge,6,SAA1,-0.06875463953829795,-0.0447471503377878,1.403088927268982
matched_coord0.5,pca_ridge,6,MGP,0.07001970419743923,0.058535495650710014,1.0076193809509277
matched_coord0.5,pca_ridge,6,IGKC,0.19616137181065652,0.15444628491545048,1.1460258960723877
matched_coord0.5,pca_ridge,6,FABP4,-0.007446880613382501,0.017509037071244207,1.3184188604354858
matched_coord0.5,pca_ridge,6,MOBP,0.11953612648224525,0.09404719353791624,0.6893684267997742
matched_coord0.5,pca_ridge,6,HBB,0.03852801406830908,0.05986822404900305,0.6923933625221252
matched_coord0.5,pca_ridge,6,NEFL,0.44323578904428096,0.38454763900118044,0.9383281469345093
matched_coord0.5,pca_ridge,6,TF,0.14175862384428523,0.13355958467044,0.7960909605026245
matched_coord0.5,pca_ridge,6,IGHG3,0.034260999746985356,0.04001749422489591,0.39623329043388367
matched_coord0.5,pca_ridge,6,CNP,0.11578722142721029,0.10055342939074975,0.9725552201271057
matched_coord0.5,pca_ridge,6,CPB1,-0.016541907157489148,-0.00062019069073785,0.2585003972053528
matched_coord0.5,pca_ridge,6,CRYAB,0.18962004087513204,0.17978319276541113,1.0046123266220093
matched_coord0.5,pca_ridge,6,IGHA1,0.16656215109940173,0.12084406669237618,0.8426972031593323
matched_coord0.5,pca_ridge,6,KRT8,0.2109231849971991,0.1461202894894106,0.7873836159706116
matched_coord0.5,pca_ridge,6,MUC1,0.17326471455602407,0.1658758672690503,0.9986065030097961
matched_coord0.5,pca_ridge,6,KRT19,0.20993814338695638,0.17699644158687408,0.956541121006012
matched_coord0.5,pca_ridge,6,IGLC2,0.15438188443498224,0.13496844655137133,0.8097094893455505
matched_coord0.5,pca_ridge,6,TFF1,0.046010680001341994,0.06393568650013969,0.952059268951416
matched_coord0.5,pca_ridge,6,MAG,0.11259575017253334,0.11062163605430611,0.5923652648925781
matched_coord0.5,pca_ridge,6,ERMN,0.12698593194411323,0.11598779234289848,0.4633175730705261
matched_coord0.5,pca_ridge,6,CLDN11,0.10931542432351198,0.08756601819376321,0.5425814390182495
matched_coord0.5,pca_ridge,6,CLDND1,0.1170555745337086,0.11293804534093903,0.7633522152900696
matched_coord0.5,pca_ridge,6,SPP1,0.14597223136187817,0.13614194417052838,0.6027019619941711
matched_coord0.5,pca_ridge,6,PPP1R14A,0.1220688377350041,0.11117296260491316,0.7093612551689148
matched_coord0.5,pca_ridge,6,S100B,0.21151296005184891,0.22479105081103917,1.0082321166992188
matched_coord0.5,pca_ridge,6,MOG,0.10754296672610837,0.08570266463953881,0.4152374565601349
matched_coord0.5,pca_ridge,6,MALAT1,0.16618996144668544,0.19051246564287178,1.039942741394043
matched_coord0.5,pca_ridge,6,CARNS1,0.09141791355423096,0.07237840518759554,0.43490347266197205
matched_coord0.5,pca_ridge,6,IGHG4,0.017616473015604997,0.010399474822437395,0.36714300513267517
matched_coord0.5,pca_ridge,6,KRT18,0.17649772493983926,0.13129488657975283,0.7059520483016968
matched_coord0.5,pca_ridge,6,BCAS1,0.09055208859846844,0.07247614755377838,0.5558661222457886
matched_coord0.5,pca_ridge,6,PTGDS,0.20373343088808812,0.24557704579068662,0.9308479428291321
matched_coord0.5,pca_ridge,6,SAA2,-0.04151090489430093,0.012846806270734102,0.653738796710968
matched_coord0.5,pca_ridge,6,SEPT4,0.08998681230964013,0.09169194730726565,0.751775860786438
matched_coord0.5,pca_ridge,6,TFF3,0.14609028336620633,0.14404603203643737,0.9525889158248901
matched_coord0.5,pca_ridge,6,HPCAL1,0.2644477563260772,0.2596877041380851,0.9669456481933594
matched_coord0.5,pca_ridge,6,S100A11,0.2127725015794443,0.15544772336206913,0.8131983280181885
matched_coord0.5,pca_ridge,6,ALB,-0.0015118208857373683,0.002111835731805937,0.10479454696178436
matched_coord0.5,pca_ridge,6,RNASE1,0.09963698125492493,0.09133205882237352,0.7812365889549255
matched_coord0.5,pca_ridge,6,TMEM144,0.09482263914603868,0.09517841486441357,0.44770321249961853
matched_coord0.5,pca_ridge,6,ENPP2,0.10175476180632878,0.09614248417119474,0.5502601861953735
matched_coord0.5,pca_ridge,6,MAL,0.05257303550286676,0.0538709138540274,0.5606414675712585
matched_coord0.5,pca_ridge,6,NKX6-2,0.042426215800471075,0.05954962762941427,0.3492361009120941
matched_coord0.5,pca_ridge,6,HSPA2,0.0848033163175541,0.0960802225078639,0.4915095865726471
matched_coord0.5,pca_ridge,6,G0S2,0.042169866913012735,0.06380293373221672,0.7978873252868652
matched_coord0.5,spatial_knn,6,SCGB2A2,0.28249767940944354,0.20437684409216036,2.0950257483997468
matched_coord0.5,spatial_knn,6,SCGB1D2,0.21477109433219965,0.12453940061486762,1.537954030529677
matched_coord0.5,spatial_knn,6,MBP,0.3426540858759344,0.22422272997012083,1.0355437686562088
matched_coord0.5,spatial_knn,6,GFAP,0.05404474185178169,0.022271498701982372,1.226021127635798
matched_coord0.5,spatial_knn,6,PLP1,0.2605769331073352,0.19237899513903536,1.1200303455428946
matched_coord0.5,spatial_knn,6,SAA1,0.4015029370242488,0.4032975832759277,1.2394828873881072
matched_coord0.5,spatial_knn,6,MGP,0.18486424340505692,0.05998143786116321,1.0419789500805647
matched_coord0.5,spatial_knn,6,IGKC,0.16659985831768026,0.17386117240785995,1.1904471272369772
matched_coord0.5,spatial_knn,6,FABP4,0.32057295364389793,0.3387699793581056,1.2771911680092267
matched_coord0.5,spatial_knn,6,MOBP,0.1721824498014325,0.09259728893063979,0.6802899820369552
matched_coord0.5,spatial_knn,6,HBB,0.06017336321441546,0.024561812152687615,0.7150422885563408
matched_coord0.5,spatial_knn,6,NEFL,-0.057574281471877375,-0.04716026949484176,1.101883136082388
matched_coord0.5,spatial_knn,6,TF,0.2009501537343063,0.1365568021402781,0.7732198216506321
matched_coord0.5,spatial_knn,6,IGHG3,-0.014348070664803394,-0.026860212545268977,0.4037272238554086
matched_coord0.5,spatial_knn,6,CNP,0.1253434070963101,0.08669540133964,0.9483328699504677
matched_coord0.5,spatial_knn,6,CPB1,0.022113683278982013,0.03627118829853059,0.23304311618144427
matched_coord0.5,spatial_knn,6,CRYAB,0.11803844905745421,0.11259707975927817,1.0347345957172123
matched_coord0.5,spatial_knn,6,IGHA1,0.1303011760485429,0.1450477514598045,0.8756871967170571
matched_coord0.5,spatial_knn,6,KRT8,0.20656861370691604,0.0850145653497043,0.7781813473482885
matched_coord0.5,spatial_knn,6,MUC1,0.06317466007651232,0.03911281275177387,1.1536410059504931
matched_coord0.5,spatial_knn,6,KRT19,0.11354660794993379,0.0216434240385304,0.9800374321229476
matched_coord0.5,spatial_knn,6,IGLC2,-0.05857147033537606,-0.10458870571956953,0.849807962650484
matched_coord0.5,spatial_knn,6,TFF1,-0.0072893617600610725,-0.006554880969083292,1.0251068815371653
matched_coord0.5,spatial_knn,6,MAG,0.1638697495572607,0.10588365413800234,0.561841365792201
matched_coord0.5,spatial_knn,6,ERMN,0.08166127939586276,0.032887378248981594,0.4706850453794013
matched_coord0.5,spatial_knn,6,CLDN11,0.10335176631462699,0.059880145292107244,0.5433875681305205
matched_coord0.5,spatial_knn,6,CLDND1,0.10371605351019877,0.053207097087286596,0.7464233308412159
matched_coord0.5,spatial_knn,6,SPP1,0.13409488897532523,0.06593391818218292,0.594997981604765
matched_coord0.5,spatial_knn,6,PPP1R14A,0.10272532184404679,0.06188225842718807,0.733891165253836
matched_coord0.5,spatial_knn,6,S100B,0.04353105805822916,0.053627820776727994,1.0612430442141145
matched_coord0.5,spatial_knn,6,MOG,0.1271382826131357,0.06127200406007943,0.4048212798781487
matched_coord0.5,spatial_knn,6,MALAT1,0.1056992749436337,0.10157941706163848,1.131687300623525
matched_coord0.5,spatial_knn,6,CARNS1,0.0812239187231375,0.03274633266461332,0.4282755875744299
matched_coord0.5,spatial_knn,6,IGHG4,-0.02650055361586621,-0.03803519217810901,0.3719922842516848
matched_coord0.5,spatial_knn,6,KRT18,0.1328832882528132,0.012327016842630243,0.7126773722389695
matched_coord0.5,spatial_knn,6,BCAS1,0.1653919162549132,0.06488487101845467,0.5511045416592095
matched_coord0.5,spatial_knn,6,PTGDS,0.017012422256925966,0.014897154458109537,0.9869267110119175
matched_coord0.5,spatial_knn,6,SAA2,0.18363753581290443,0.19413716351236912,0.6289938566610881
matched_coord0.5,spatial_knn,6,SEPT4,0.09492918546740159,0.05784085352182697,0.7501396032226173
matched_coord0.5,spatial_knn,6,TFF3,-0.0353295031764518,-0.06865655528009937,1.1157356698250713
matched_coord0.5,spatial_knn,6,HPCAL1,0.12009767781359336,0.09213278377244953,0.9880542612958241
matched_coord0.5,spatial_knn,6,S100A11,0.19424314931984266,0.0846934552480924,0.8373277245993003
matched_coord0.5,spatial_knn,6,ALB,-0.019251558118697464,-0.02264232353069412,0.11249229333722612
matched_coord0.5,spatial_knn,6,RNASE1,0.06806918337094078,0.032977967100981824,0.8220958977640547
matched_coord0.5,spatial_knn,6,TMEM144,0.05435372882024768,0.03838462914445555,0.43855686315649045
matched_coord0.5,spatial_knn,6,ENPP2,0.09566701073774647,0.06515673914529212,0.5411249631026217
matched_coord0.5,spatial_knn,6,MAL,0.057260162527749243,0.05110976624460802,0.5580909026865165
matched_coord0.5,spatial_knn,6,NKX6-2,0.03289045813902062,0.025010286261114043,0.3344006353527022
matched_coord0.5,spatial_knn,6,HSPA2,0.0538092675887645,0.024452935621229504,0.49122860232915666
matched_coord0.5,spatial_knn,6,G0S2,0.08164807448623995,0.07029345725084953,0.782169998369194
matched_coord1.0,mean,6,SCGB2A2,,,1.7003445625305176
matched_coord1.0,mean,6,SCGB1D2,,,1.4167033433914185
matched_coord1.0,mean,6,MBP,0.0,,1.3858940601348877
matched_coord1.0,mean,6,GFAP,0.0,,1.2582424879074097
matched_coord1.0,mean,6,PLP1,,,1.306130290031433
matched_coord1.0,mean,6,SAA1,,,1.6139602661132812
matched_coord1.0,mean,6,MGP,,,0.8979679942131042
matched_coord1.0,mean,6,IGKC,,,0.7431688904762268
matched_coord1.0,mean,6,FABP4,,,1.5276148319244385
matched_coord1.0,mean,6,MOBP,0.0,,0.6375933289527893
matched_coord1.0,mean,6,HBB,,,0.7106301188468933
matched_coord1.0,mean,6,NEFL,,,1.147383689880371
matched_coord1.0,mean,6,TF,0.0,,0.7654229998588562
matched_coord1.0,mean,6,IGHG3,,,0.24833925068378448
matched_coord1.0,mean,6,CNP,0.0,,0.9990332126617432
matched_coord1.0,mean,6,CPB1,,,0.24393604695796967
matched_coord1.0,mean,6,CRYAB,,,1.0891571044921875
matched_coord1.0,mean,6,IGHA1,0.0,,0.3692243695259094
matched_coord1.0,mean,6,KRT8,,,0.7444988489151001
matched_coord1.0,mean,6,MUC1,0.0,,0.9862079620361328
matched_coord1.0,mean,6,KRT19,,,0.9931997060775757
matched_coord1.0,mean,6,IGLC2,,,0.44424599409103394
matched_coord1.0,mean,6,TFF1,,,0.9872762560844421
matched_coord1.0,mean,6,MAG,,,0.5525363683700562
matched_coord1.0,mean,6,ERMN,,,0.4190211892127991
matched_coord1.0,mean,6,CLDN11,,,0.4863497018814087
matched_coord1.0,mean,6,CLDND1,0.0,,0.740480899810791
matched_coord1.0,mean,6,SPP1,,,0.5397736430168152
matched_coord1.0,mean,6,PPP1R14A,,,0.6786338686943054
matched_coord1.0,mean,6,S100B,0.0,,1.12838613986969
matched_coord1.0,mean,6,MOG,0.0,,0.3863292634487152
matched_coord1.0,mean,6,MALAT1,,,1.1244035959243774
matched_coord1.0,mean,6,CARNS1,0.0,,0.4148222506046295
matched_coord1.0,mean,6,IGHG4,0.0,,0.2004675567150116
matched_coord1.0,mean,6,KRT18,0.0,,0.6544677019119263
matched_coord1.0,mean,6,BCAS1,0.0,,0.48810335993766785
matched_coord1.0,mean,6,PTGDS,,,1.063245177268982
matched_coord1.0,mean,6,SAA2,,,0.864962637424469
matched_coord1.0,mean,6,SEPT4,0.0,,0.7581437230110168
matched_coord1.0,mean,6,TFF3,,,0.9645209908485413
matched_coord1.0,mean,6,HPCAL1,,,1.0986275672912598
matched_coord1.0,mean,6,S100A11,0.0,,0.7773691415786743
matched_coord1.0,mean,6,ALB,,,0.09005621075630188
matched_coord1.0,mean,6,RNASE1,,,0.7642728090286255
matched_coord1.0,mean,6,TMEM144,,,0.37722259759902954
matched_coord1.0,mean,6,ENPP2,0.0,,0.48301073908805847
matched_coord1.0,mean,6,MAL,,,0.5385299324989319
matched_coord1.0,mean,6,NKX6-2,0.0,,0.32309791445732117
matched_coord1.0,mean,6,HSPA2,,,0.47899383306503296
matched_coord1.0,mean,6,G0S2,0.0,,0.8253399729728699
matched_coord1.0,pca_ridge,6,SCGB2A2,0.22469397188043555,0.22846730484522468,1.7129186391830444
matched_coord1.0,pca_ridge,6,SCGB1D2,0.17348915808677806,0.18651155770190678,1.4382742643356323
matched_coord1.0,pca_ridge,6,MBP,0.1264513623416583,0.10038398279901176,1.2466799020767212
matched_coord1.0,pca_ridge,6,GFAP,0.34946392383340064,0.34502748561316304,1.1843650341033936
matched_coord1.0,pca_ridge,6,PLP1,0.16714258189306982,0.1603611719878909,1.187924861907959
matched_coord1.0,pca_ridge,6,SAA1,-0.2472447831237248,-0.22944305331880724,1.6215161085128784
matched_coord1.0,pca_ridge,6,MGP,0.1636733397182211,0.1440234640681248,0.8963652849197388
matched_coord1.0,pca_ridge,6,IGKC,0.09858288801961274,0.06969867381785512,0.7183361053466797
matched_coord1.0,pca_ridge,6,FABP4,-0.10193919330245016,-0.09241947667790663,1.5323985815048218
matched_coord1.0,pca_ridge,6,MOBP,0.0386162017333865,0.004030671570387087,0.6456539034843445
matched_coord1.0,pca_ridge,6,HBB,0.08781901166933304,0.10071328949873681,0.7023115158081055
matched_coord1.0,pca_ridge,6,NEFL,0.42384400797111377,0.374782206280559,1.0075809955596924
matched_coord1.0,pca_ridge,6,TF,0.07683745733483838,0.06796379272382505,0.7585885524749756
matched_coord1.0,pca_ridge,6,IGHG3,0.04644866297388193,0.03706443321806359,0.24330556392669678
matched_coord1.0,pca_ridge,6,CNP,0.06711574613147442,0.061095067016977624,0.976092517375946
matched_coord1.0,pca_ridge,6,CPB1,-0.00012103950831022196,0.0073285873055143,0.23650924861431122
matched_coord1.0,pca_ridge,6,CRYAB,0.21194828564633791,0.1990571619484096,1.0477088689804077
matched_coord1.0,pca_ridge,6,IGHA1,0.11329595458742606,0.0984333588148031,0.36211907863616943
matched_coord1.0,pca_ridge,6,KRT8,0.13396244541479002,0.12665435518325527,0.7036091089248657
matched_coord1.0,pca_ridge,6,MUC1,0.19425062650407623,0.19252857234847953,0.9632901549339294
matched_coord1.0,pca_ridge,6,KRT19,0.20197441362824714,0.19680755812854034,0.9390210509300232
matched_coord1.0,pca_ridge,6,IGLC2,0.10132101793009833,0.09449103388547944,0.43235665559768677
matched_coord1.0,pca_ridge,6,TFF1,0.13323539103936938,0.1632599517985355,0.9885107278823853
matched_coord1.0,pca_ridge,6,MAG,0.07123311146635637,0.053300040690045035,0.556641161441803
matched_coord1.0,pca_ridge,6,ERMN,0.11225955018589696,0.08672294491371649,0.4194166958332062
matched_coord1.0,pca_ridge,6,CLDN11,0.12028140295759342,0.11599132063904063,0.4866941273212433
matched_coord1.0,pca_ridge,6,CLDND1,0.06591152643401073,0.08135388681539991,0.7267881035804749
matched_coord1.0,pca_ridge,6,SPP1,0.1419369274237083,0.12721399812397385,0.5149531960487366
matched_coord1.0,pca_ridge,6,PPP1R14A,0.13815831968918968,0.12669993164310753,0.6651290059089661
matched_coord1.0,pca_ridge,6,S100B,0.3288818185833043,0.3298301481013139,1.0688042640686035
matched_coord1.0,pca_ridge,6,MOG,0.032089276571002946,0.008869117963839579,0.40522316098213196
matched_coord1.0,pca_ridge,6,MALAT1,0.18327493088255503,0.22269233200621633,1.0945329666137695
matched_coord1.0,pca_ridge,6,CARNS1,0.09306505908418254,0.06444359383602093,0.42188602685928345
matched_coord1.0,pca_ridge,6,IGHG4,-0.01455667824388489,-0.022921414538145578,0.1949111372232437
matched_coord1.0,pca_ridge,6,KRT18,0.13559463018960438,0.14550330361880615,0.6206235885620117
matched_coord1.0,pca_ridge,6,BCAS1,0.14911420866579417,0.08186029780522724,0.4708661139011383
matched_coord1.0,pca_ridge,6,PTGDS,0.21531642976875087,0.25032607884374514,1.0346792936325073
matched_coord1.0,pca_ridge,6,SAA2,-0.07730335952630144,-0.01462138843928225,0.8644941449165344
matched_coord1.0,pca_ridge,6,SEPT4,0.026055505717186993,0.06166343060536599,0.7514271140098572
matched_coord1.0,pca_ridge,6,TFF3,0.22144356785890987,0.23081417400776516,0.9514786601066589
matched_coord1.0,pca_ridge,6,HPCAL1,0.2779682854533838,0.2647770925113767,1.0299474000930786
matched_coord1.0,pca_ridge,6,S100A11,0.15324283190648433,0.1492147908431541,0.7543088793754578
matched_coord1.0,pca_ridge,6,ALB,0.015587889803887953,0.018945175936073422,0.09173376113176346
matched_coord1.0,pca_ridge,6,RNASE1,0.029114860953831995,0.05576795997873045,0.7737696766853333
matched_coord1.0,pca_ridge,6,TMEM144,0.08558710840278372,0.08445793357608238,0.3795960545539856
matched_coord1.0,pca_ridge,6,ENPP2,-0.008377736057387805,0.02035980888646065,0.5013070106506348
matched_coord1.0,pca_ridge,6,MAL,0.008343864009209539,0.03351368476048229,0.5547428131103516
matched_coord1.0,pca_ridge,6,NKX6-2,-0.006874189223380337,0.010617435714609052,0.33831125497817993
matched_coord1.0,pca_ridge,6,HSPA2,0.11128118540796536,0.1227338972903817,0.480325847864151
matched_coord1.0,pca_ridge,6,G0S2,0.0008865709830449834,0.037046413921859846,0.8242491483688354
matched_coord1.0,spatial_knn,6,SCGB2A2,-0.10903530318356687,-0.07469770545385401,2.357120498498561
matched_coord1.0,spatial_knn,6,SCGB1D2,-0.15691127919710537,-0.11120802362149758,1.7085243749078998
matched_coord1.0,spatial_knn,6,MBP,0.030102999577941894,0.05163923651110677,1.1443793809918685
matched_coord1.0,spatial_knn,6,GFAP,-0.08491585163865498,-0.0875491255693069,1.2957057789602877
matched_coord1.0,spatial_knn,6,PLP1,0.05231358625110833,0.057992252038469486,1.1165473265995365
matched_coord1.0,spatial_knn,6,SAA1,0.4190941375560333,0.376398735692549,1.3601042563376489
matched_coord1.0,spatial_knn,6,MGP,0.014741276721213234,0.0135317106547394,0.9042731413603545
matched_coord1.0,spatial_knn,6,IGKC,0.04844714674224229,0.030214257455410964,0.5831218645058479
matched_coord1.0,spatial_knn,6,FABP4,0.25577495495768254,0.27048101632927907,1.4617013043192155
matched_coord1.0,spatial_knn,6,MOBP,-0.0027489105997851623,-0.00945525765353841,0.5861788490705853
matched_coord1.0,spatial_knn,6,HBB,0.06119418090254516,0.049653067809217556,0.7175224444302134
matched_coord1.0,spatial_knn,6,NEFL,-0.15682025801226124,-0.14000375569458018,1.2158269224729332
matched_coord1.0,spatial_knn,6,TF,0.0575802657753037,0.031545161422683515,0.6819657353219595
matched_coord1.0,spatial_knn,6,IGHG3,0.11126455213475345,0.06866648514891611,0.22256594232447224
matched_coord1.0,spatial_knn,6,CNP,0.029751398693519452,0.01920582470512937,0.9315121622549701
matched_coord1.0,spatial_knn,6,CPB1,0.005858397243518506,0.014983769345114188,0.22460559379847975
matched_coord1.0,spatial_knn,6,CRYAB,0.11936104824834118,0.1256657594491557,1.062909931661549
matched_coord1.0,spatial_knn,6,IGHA1,-0.03969981480231802,-0.05136233535364673,0.33194761415962304
matched_coord1.0,spatial_knn,6,KRT8,-0.02237611764191255,0.0009147509251783967,0.5653719094762597
matched_coord1.0,spatial_knn,6,MUC1,-0.005117710565124256,0.018114593397948443,1.097192699497544
matched_coord1.0,spatial_knn,6,KRT19,-0.11162293036357768,-0.11545106341723947,0.8208428826571835
matched_coord1.0,spatial_knn,6,IGLC2,-0.1027877911825524,-0.07811125756052255,0.4162028670793747
matched_coord1.0,spatial_knn,6,TFF1,-0.08306279546734953,-0.04641572874437796,1.082638813548144
matched_coord1.0,spatial_knn,6,MAG,0.04665982913773367,0.0614693006125694,0.49538862700291064
matched_coord1.0,spatial_knn,6,ERMN,-0.015187676221647751,-0.008931222238585976,0.37515668500970556
matched_coord1.0,spatial_knn,6,CLDN11,0.03471701060835031,0.037620408751088616,0.45735162126176326
matched_coord1.0,spatial_knn,6,CLDND1,-0.01797096025551919,-0.0336068085428054,0.6770587117756414
matched_coord1.0,spatial_knn,6,SPP1,0.0015346444086095682,-0.0007924486635210782,0.4554290511168385
matched_coord1.0,spatial_knn,6,PPP1R14A,-0.011160708301178787,-0.003174164374794991,0.6516088319936394
matched_coord1.0,spatial_knn,6,S100B,0.11660016323915498,0.10156499745397053,1.1303158586842508
matched_coord1.0,spatial_knn,6,MOG,0.06057973154165398,0.045865501619909974,0.3681668139622027
matched_coord1.0,spatial_knn,6,MALAT1,-0.0086806413705889,-0.02825488017289437,1.269844573452464
matched_coord1.0,spatial_knn,6,CARNS1,0.01727686686585379,-0.01876765566069338,0.4010282559185551
matched_coord1.0,spatial_knn,6,IGHG4,0.016687781553021863,0.030057903792053288,0.1765688786783119
matched_coord1.0,spatial_knn,6,KRT18,-0.005811190600842558,-0.00011694427232203695,0.5464366339061458
matched_coord1.0,spatial_knn,6,BCAS1,-0.0031757899982732024,-0.002627202854657728,0.451725151968768
matched_coord1.0,spatial_knn,6,PTGDS,0.04738055558748889,0.08648688005041218,1.0817485776108753
matched_coord1.0,spatial_knn,6,SAA2,0.1355606854361714,0.15125891130113164,0.8262771605328108
matched_coord1.0,spatial_knn,6,SEPT4,-0.011256885545422835,-0.005354579972210773,0.7146801840819171
matched_coord1.0,spatial_knn,6,TFF3,-0.0870695535975963,-0.0772860279764213,1.1128201332728616
matched_coord1.0,spatial_knn,6,HPCAL1,-0.06896388482734472,-0.06604770345009162,1.0691980344210446
matched_coord1.0,spatial_knn,6,S100A11,0.07473674634606037,0.06317127946518972,0.7317121070584583
matched_coord1.0,spatial_knn,6,ALB,-0.009540036365077503,-0.009839700259872441,0.09086511902956983
matched_coord1.0,spatial_knn,6,RNASE1,0.04899584932156404,0.07223273758581697,0.7587106857540734
matched_coord1.0,spatial_knn,6,TMEM144,-0.05564280104414036,-0.05004424445410546,0.3485476559206525
matched_coord1.0,spatial_knn,6,ENPP2,0.03065370532674856,0.03762779240191424,0.4536855107986671
matched_coord1.0,spatial_knn,6,MAL,-0.0637451983495399,-0.048914857395189124,0.5413223553591047
matched_coord1.0,spatial_knn,6,NKX6-2,0.0269219507328641,0.008819992190867303,0.29924341994537695
matched_coord1.0,spatial_knn,6,HSPA2,0.05343716161109484,0.04945832979206322,0.4693520815027479
matched_coord1.0,spatial_knn,6,G0S2,0.08072043704764459,0.02679447230136546,0.7975311451114022
random,mean,7,SCGB2A2,0.0,,1.5400991439819336
random,mean,7,SCGB1D2,,,1.20912504196167
random,mean,7,MBP,,,1.201655626296997
random,mean,7,GFAP,,,1.1913443803787231
random,mean,7,PLP1,,,1.2592530250549316
random,mean,7,SAA1,,,0.8576575517654419
random,mean,7,MGP,0.0,,1.0770515203475952
random,mean,7,IGKC,,,1.0275324583053589
random,mean,7,FABP4,,,0.7540488839149475
random,mean,7,MOBP,,,0.8364631533622742
random,mean,7,HBB,,,0.8256508708000183
random,mean,7,NEFL,,,1.0337259769439697
random,mean,7,TF,,,0.9417119026184082
random,mean,7,IGHG3,,,0.5056114792823792
random,mean,7,CNP,,,1.0673857927322388
random,mean,7,CPB1,,,0.473893404006958
random,mean,7,CRYAB,,,1.0828831195831299
random,mean,7,IGHA1,,,0.6503543257713318
random,mean,7,KRT8,,,0.9017236828804016
random,mean,7,MUC1,,,0.9762038588523865
random,mean,7,KRT19,0.0,,1.0126961469650269
random,mean,7,IGLC2,,,0.7105900645256042
random,mean,7,TFF1,,,0.8146512508392334
random,mean,7,MAG,,,0.7215661406517029
random,mean,7,ERMN,0.0,,0.6227445602416992
random,mean,7,CLDN11,,,0.6699522137641907
random,mean,7,CLDND1,,,0.8718120455741882
random,mean,7,SPP1,0.0,,0.7691846489906311
random,mean,7,PPP1R14A,,,0.8079380393028259
random,mean,7,S100B,,,1.0451538562774658
random,mean,7,MOG,0.0,,0.527620255947113
random,mean,7,MALAT1,0.0,,1.0617846250534058
random,mean,7,CARNS1,,,0.536758303642273
random,mean,7,IGHG4,,,0.4535304307937622
random,mean,7,KRT18,0.0,,0.8272181153297424
random,mean,7,BCAS1,,,0.6400499939918518
random,mean,7,PTGDS,0.0,,0.9443857073783875
random,mean,7,SAA2,,,0.4033351540565491
random,mean,7,SEPT4,,,0.8377933502197266
random,mean,7,TFF3,,,0.8512716293334961
random,mean,7,HPCAL1,,,0.9252926707267761
random,mean,7,S100A11,,,0.8825712203979492
random,mean,7,ALB,,,0.1715516597032547
random,mean,7,RNASE1,,,0.8531313538551331
random,mean,7,TMEM144,,,0.5548887848854065
random,mean,7,ENPP2,,,0.6678431630134583
random,mean,7,MAL,,,0.6474633812904358
random,mean,7,NKX6-2,0.0,,0.4896605908870697
random,mean,7,HSPA2,,,0.593712329864502
random,mean,7,G0S2,0.0,,0.4760063588619232
random,pca_ridge,7,SCGB2A2,0.29763032577706683,0.29671177579817,1.4704633951187134
random,pca_ridge,7,SCGB1D2,0.25339203197310517,0.25131072300382773,1.1697572469711304
random,pca_ridge,7,MBP,0.49339338488660833,0.3936191342220847,1.0454617738723755
random,pca_ridge,7,GFAP,0.4801034271491036,0.4291509320971629,1.0450161695480347
random,pca_ridge,7,PLP1,0.5085580138860505,0.37349073295949914,1.0847171545028687
random,pca_ridge,7,SAA1,0.14167313148862914,0.11295335980968493,0.848987340927124
random,pca_ridge,7,MGP,0.17359631544153736,0.15744603278301844,1.0607839822769165
random,pca_ridge,7,IGKC,0.08803654311002214,0.0674250711955264,1.0236704349517822
random,pca_ridge,7,FABP4,0.14944866450491318,0.11487215178246407,0.7456299066543579
random,pca_ridge,7,MOBP,0.482445835812214,0.29558325268608204,0.732668936252594
random,pca_ridge,7,HBB,0.09890870275962481,0.113895810457268,0.8215967416763306
random,pca_ridge,7,NEFL,0.48462309860979946,0.417505400669712,0.9044380784034729
random,pca_ridge,7,TF,0.4773919007172652,0.3121290896445166,0.8274001479148865
random,pca_ridge,7,IGHG3,0.036821605930513424,0.04253113678613796,0.5054052472114563
random,pca_ridge,7,CNP,0.441204960995452,0.3018469818193257,0.9579710960388184
random,pca_ridge,7,CPB1,0.09353504986217634,0.10748726009405704,0.4718175232410431
random,pca_ridge,7,CRYAB,0.4040877591030333,0.28674665242980457,0.9911233186721802
random,pca_ridge,7,IGHA1,0.07997695509647794,0.051756837595606085,0.6484412550926208
random,pca_ridge,7,KRT8,0.26723944578778164,0.20781090841383143,0.8690127730369568
random,pca_ridge,7,MUC1,0.25624795610506385,0.2416634799822434,0.9439992308616638
random,pca_ridge,7,KRT19,0.20613285253607294,0.18670309428777826,0.9914737939834595
random,pca_ridge,7,IGLC2,0.05752938173864889,0.03800379714087418,0.7097330689430237
random,pca_ridge,7,TFF1,0.1452930849355729,0.15871108748412016,0.806084930896759
random,pca_ridge,7,MAG,0.46782366227169303,0.2850103578395791,0.637687087059021
random,pca_ridge,7,ERMN,0.44626035148809773,0.2745434757389828,0.5572299957275391
random,pca_ridge,7,CLDN11,0.4255296854203999,0.2701891384893058,0.6064376831054688
random,pca_ridge,7,CLDND1,0.4103123775434263,0.27372810095415573,0.7951132655143738
random,pca_ridge,7,SPP1,0.4463419924814919,0.2982946164656006,0.6883031129837036
random,pca_ridge,7,PPP1R14A,0.41429939151009565,0.2717600680456424,0.7353405356407166
random,pca_ridge,7,S100B,0.3333713802774496,0.2796915346239752,0.9855233430862427
random,pca_ridge,7,MOG,0.41341837030226103,0.23394177284201037,0.4805877208709717
random,pca_ridge,7,MALAT1,0.18455443153430862,0.22575860846553406,1.0438964366912842
random,pca_ridge,7,CARNS1,0.4045713050970976,0.24817519616202183,0.49169638752937317
random,pca_ridge,7,IGHG4,0.018440984798270443,0.025728186820789624,0.45399612188339233
random,pca_ridge,7,KRT18,0.22273015542728947,0.17637468073550686,0.8067511320114136
random,pca_ridge,7,BCAS1,0.3721752151862312,0.25185993112364274,0.5939956903457642
random,pca_ridge,7,PTGDS,0.3286431858763685,0.2953974131230018,0.8918774724006653
random,pca_ridge,7,SAA2,0.07352006982543383,0.0690861345934817,0.4022664725780487
random,pca_ridge,7,SEPT4,0.3464280232624616,0.25909440639922726,0.7860206365585327
random,pca_ridge,7,TFF3,0.16035940012895022,0.14495980032420958,0.8403173685073853
random,pca_ridge,7,HPCAL1,0.25912589417385284,0.2654366109346181,0.8938048481941223
random,pca_ridge,7,S100A11,0.2646485361446235,0.1919973998819984,0.8511097431182861
random,pca_ridge,7,ALB,0.04182569739232955,0.04069251664177478,0.17141371965408325
random,pca_ridge,7,RNASE1,0.35424703215110664,0.23373365925419123,0.7978970408439636
random,pca_ridge,7,TMEM144,0.39154728248314197,0.24676748777561447,0.5106152296066284
random,pca_ridge,7,ENPP2,0.4072852115780907,0.2770702178372761,0.6102633476257324
random,pca_ridge,7,MAL,0.3516208526237933,0.21687652590565193,0.6062109470367432
random,pca_ridge,7,NKX6-2,0.3692724206162543,0.23958447984099024,0.4551090598106384
random,pca_ridge,7,HSPA2,0.35987137974237393,0.23629940626995719,0.5541103482246399
random,pca_ridge,7,G0S2,0.09373609429514293,0.06851033542116922,0.47389718890190125
random,spatial_knn,7,SCGB2A2,0.7074503971433508,0.6967592025714892,1.0930274014033918
random,spatial_knn,7,SCGB1D2,0.5763319225327315,0.5740177037408098,0.9955041736096054
random,spatial_knn,7,MBP,0.4884662006709527,0.4431094401477568,1.059226860259006
random,spatial_knn,7,GFAP,0.22861960718195734,0.19837165883467844,1.1916465854436564
random,spatial_knn,7,PLP1,0.4307342988716494,0.3504859166850031,1.1565101249200107
random,spatial_knn,7,SAA1,0.4927270818127814,0.4433188563581569,0.7537872924382968
random,spatial_knn,7,MGP,0.4177137483398581,0.3924503908274613,0.9913721637981987
random,spatial_knn,7,IGKC,0.3583589991466088,0.3410076172008411,0.976930520089298
random,spatial_knn,7,FABP4,0.44758545093579216,0.39823007821708556,0.682366964107396
random,spatial_knn,7,MOBP,0.40179435740582947,0.2773495192542608,0.7765465868578793
random,spatial_knn,7,HBB,0.3108938908645873,0.2587821330495981,0.8030953976459944
random,spatial_knn,7,NEFL,0.22658753541652182,0.18981993404496472,1.0255606291319586
random,spatial_knn,7,TF,0.34286141594968655,0.2468015379596823,0.8995680460954015
random,spatial_knn,7,IGHG3,0.30709061523264236,0.17925418590254683,0.4894782417540504
random,spatial_knn,7,CNP,0.32984997262256677,0.2497148706405546,1.0256809267167757
random,spatial_knn,7,CPB1,0.35226620062355074,0.3055045333097168,0.4510677667861149
random,spatial_knn,7,CRYAB,0.30419773087649105,0.23986930263433479,1.0528620689555193
random,spatial_knn,7,IGHA1,0.27843024413647677,0.2618691399263867,0.6381051771585307
random,spatial_knn,7,KRT8,0.3101466669664384,0.2834691254481482,0.87543745302577
random,spatial_knn,7,MUC1,0.30846288139522166,0.3133983855408791,0.9461647482386345
random,spatial_knn,7,KRT19,0.2834793237380593,0.2799081750132718,0.9944253201463439
random,spatial_knn,7,IGLC2,0.2637525147539511,0.2349631626972515,0.7008834629703313
random,spatial_knn,7,TFF1,0.3283752465409495,0.33033566738704123,0.7825743617236248
random,spatial_knn,7,MAG,0.30832279966130716,0.22946291804926225,0.6985797053802366
random,spatial_knn,7,ERMN,0.3031893268776463,0.2066760740120425,0.6052872581259523
random,spatial_knn,7,CLDN11,0.2725651412516943,0.18756826115225622,0.6584158559961939
random,spatial_knn,7,CLDND1,0.27674451538556066,0.21178701828607308,0.8572371909013463
random,spatial_knn,7,SPP1,0.30216019358416035,0.2064202201176801,0.7463899361185532
random,spatial_knn,7,PPP1R14A,0.26883956674957205,0.19382454460561868,0.7957307946954341
random,spatial_knn,7,S100B,0.13631065209108661,0.11183352835517409,1.072541714476441
random,spatial_knn,7,MOG,0.2430510921686364,0.16999738053208785,0.5247001363281713
random,spatial_knn,7,MALAT1,0.21768596368041676,0.20913645779680534,1.0581448856264788
random,spatial_knn,7,CARNS1,0.22180154853789874,0.13682988196240575,0.5420174209630225
random,spatial_knn,7,IGHG4,0.2368481679167011,0.15253981969138386,0.45329585435938025
random,spatial_knn,7,KRT18,0.2502187964996023,0.23583067227808352,0.8192813504185649
random,spatial_knn,7,BCAS1,0.27723430042386693,0.19298258093345577,0.6278503333773096
random,spatial_knn,7,PTGDS,0.11414495900028412,0.09224070343570963,0.9726009874119117
random,spatial_knn,7,SAA2,0.2864473850451003,0.3094646758855695,0.3907685874356263
random,spatial_knn,7,SEPT4,0.22401948794058918,0.1705920251340997,0.8388645534949849
random,spatial_knn,7,TFF3,0.21725282256692519,0.22770877408734913,0.8525478749365919
random,spatial_knn,7,HPCAL1,0.1599442703270325,0.15608936971014994,0.9380211957978932
random,spatial_knn,7,S100A11,0.24398102622654616,0.19599522864339444,0.8771243960306558
random,spatial_knn,7,ALB,0.220447674749217,0.1751330579567896,0.1704647927633205
random,spatial_knn,7,RNASE1,0.21154498970259825,0.16456271269463796,0.8550586046985982
random,spatial_knn,7,TMEM144,0.2389899454256765,0.16592705190562818,0.5526764954925828
random,spatial_knn,7,ENPP2,0.24386227367577024,0.1596497007982473,0.660321562295367
random,spatial_knn,7,MAL,0.2171191518267431,0.15835073120247814,0.6496735021080727
random,spatial_knn,7,NKX6-2,0.21139956972874485,0.17379880837391462,0.49098316113349005
random,spatial_knn,7,HSPA2,0.22715647679204176,0.1623218921084607,0.5913876155506304
random,spatial_knn,7,G0S2,0.24529868010856043,0.22492947469039512,0.47068071849028414
matched_hop0,mean,7,SCGB2A2,,,1.4139487743377686
matched_hop0,mean,7,SCGB1D2,,,1.1176453828811646
matched_hop0,mean,7,MBP,0.0,,1.0693893432617188
matched_hop0,mean,7,GFAP,0.0,,1.1063594818115234
matched_hop0,mean,7,PLP1,,,1.1206802129745483
matched_hop0,mean,7,SAA1,,,1.011454701423645
matched_hop0,mean,7,MGP,,,1.1461459398269653
matched_hop0,mean,7,IGKC,0.0,,0.9216110110282898
matched_hop0,mean,7,FABP4,0.0,,0.9048886299133301
matched_hop0,mean,7,MOBP,,,0.6536226272583008
matched_hop0,mean,7,HBB,0.0,,0.9039648175239563
matched_hop0,mean,7,NEFL,,,0.9691310524940491
matched_hop0,mean,7,TF,,,0.7882503867149353
matched_hop0,mean,7,IGHG3,0.0,,0.510532021522522
matched_hop0,mean,7,CNP,,,0.9277656078338623
matched_hop0,mean,7,CPB1,0.0,,0.6304104924201965
matched_hop0,mean,7,CRYAB,,,0.9600686430931091
matched_hop0,mean,7,IGHA1,0.0,,0.5359525084495544
matched_hop0,mean,7,KRT8,0.0,,0.7662706971168518
matched_hop0,mean,7,MUC1,0.0,,0.9118691086769104
matched_hop0,mean,7,KRT19,,,0.9444860816001892
matched_hop0,mean,7,IGLC2,,,0.594475507736206
matched_hop0,mean,7,TFF1,0.0,,0.7942260503768921
matched_hop0,mean,7,MAG,,,0.5911601185798645
matched_hop0,mean,7,ERMN,0.0,,0.4793073534965515
matched_hop0,mean,7,CLDN11,,,0.5350720882415771
matched_hop0,mean,7,CLDND1,0.0,,0.7523654699325562
matched_hop0,mean,7,SPP1,,,0.6306937336921692
matched_hop0,mean,7,PPP1R14A,,,0.6692310571670532
matched_hop0,mean,7,S100B,,,0.9636619687080383
matched_hop0,mean,7,MOG,,,0.3979949355125427
matched_hop0,mean,7,MALAT1,,,1.005491018295288
matched_hop0,mean,7,CARNS1,,,0.4451145529747009
matched_hop0,mean,7,IGHG4,0.0,,0.4408128261566162
matched_hop0,mean,7,KRT18,,,0.6983206272125244
matched_hop0,mean,7,BCAS1,0.0,,0.5288259983062744
matched_hop0,mean,7,PTGDS,0.0,,0.8508158922195435
matched_hop0,mean,7,SAA2,0.0,,0.5073491334915161
matched_hop0,mean,7,SEPT4,0.0,,0.7457103729248047
matched_hop0,mean,7,TFF3,,,0.8343944549560547
matched_hop0,mean,7,HPCAL1,,,0.9244716763496399
matched_hop0,mean,7,S100A11,,,0.7645299434661865
matched_hop0,mean,7,ALB,0.0,,0.0933074802160263
matched_hop0,mean,7,RNASE1,,,0.7596101760864258
matched_hop0,mean,7,TMEM144,,,0.44381076097488403
matched_hop0,mean,7,ENPP2,0.0,,0.5507875084877014
matched_hop0,mean,7,MAL,,,0.5452921390533447
matched_hop0,mean,7,NKX6-2,,,0.37749728560447693
matched_hop0,mean,7,HSPA2,0.0,,0.4789656400680542
matched_hop0,mean,7,G0S2,0.0,,0.5528850555419922
matched_hop0,pca_ridge,7,SCGB2A2,0.17676534380965556,0.16940274258413274,1.4125185012817383
matched_hop0,pca_ridge,7,SCGB1D2,0.1675881665671233,0.1648498622149443,1.111801028251648
matched_hop0,pca_ridge,7,MBP,0.36709693844207564,0.3723990455660349,0.9975616335868835
matched_hop0,pca_ridge,7,GFAP,0.410022892094371,0.3563340861058513,1.0093739032745361
matched_hop0,pca_ridge,7,PLP1,0.32544945911324147,0.29738122876561135,1.0609965324401855
matched_hop0,pca_ridge,7,SAA1,0.18435299434210592,0.16416236864639022,0.9972209930419922
matched_hop0,pca_ridge,7,MGP,0.1792552783130119,0.15581158106048992,1.1298166513442993
matched_hop0,pca_ridge,7,IGKC,0.04740904082477396,0.042429963139311494,0.9220091700553894
matched_hop0,pca_ridge,7,FABP4,0.19641240387028017,0.16046719981272248,0.8909306526184082
matched_hop0,pca_ridge,7,MOBP,0.2009184363266819,0.18873701297047632,0.6417288184165955
matched_hop0,pca_ridge,7,HBB,0.03315979128750728,0.07096712911389998,0.9038192629814148
matched_hop0,pca_ridge,7,NEFL,0.4887554613042734,0.4070861584580388,0.8454155325889587
matched_hop0,pca_ridge,7,TF,0.25053260648604747,0.24129563453640251,0.7635392546653748
matched_hop0,pca_ridge,7,IGHG3,0.02073958873007873,0.040834763599490634,0.5107954144477844
matched_hop0,pca_ridge,7,CNP,0.24860456417836496,0.22133996558187163,0.8989043831825256
matched_hop0,pca_ridge,7,CPB1,0.08319323243674626,0.10181160795344414,0.6282898783683777
matched_hop0,pca_ridge,7,CRYAB,0.1889665818964589,0.16608631377510744,0.94416344165802
matched_hop0,pca_ridge,7,IGHA1,0.013323304740901744,0.002763092114602357,0.538881242275238
matched_hop0,pca_ridge,7,KRT8,0.10893795558846173,0.09378569427211221,0.7647414207458496
matched_hop0,pca_ridge,7,MUC1,0.1405724327113866,0.14140807453037582,0.9058610200881958
matched_hop0,pca_ridge,7,KRT19,0.1588205471987161,0.14863719174063691,0.9329304099082947
matched_hop0,pca_ridge,7,IGLC2,0.017813342682681487,0.0015109359735231591,0.5959094762802124
matched_hop0,pca_ridge,7,TFF1,0.14073913454059686,0.15596094505273012,0.7872024774551392
matched_hop0,pca_ridge,7,MAG,0.19325816604110355,0.1812802238825194,0.5804969072341919
matched_hop0,pca_ridge,7,ERMN,0.18858214240690557,0.1801815009714064,0.47120964527130127
matched_hop0,pca_ridge,7,CLDN11,0.17416815213974102,0.17002234525434823,0.527715265750885
matched_hop0,pca_ridge,7,CLDND1,0.20035742365775158,0.21489933161789876,0.7381210923194885
matched_hop0,pca_ridge,7,SPP1,0.2143892753190388,0.22172940754279002,0.6166632175445557
matched_hop0,pca_ridge,7,PPP1R14A,0.1502223380015245,0.1495771003469994,0.6634586453437805
matched_hop0,pca_ridge,7,S100B,0.23361388042094036,0.22363214387832042,0.9376700520515442
matched_hop0,pca_ridge,7,MOG,0.14654146361932047,0.14148767970381362,0.39470478892326355
matched_hop0,pca_ridge,7,MALAT1,0.1811260102445394,0.21091840182589605,0.988158643245697
matched_hop0,pca_ridge,7,CARNS1,0.17097919491002947,0.178273726050818,0.43916788697242737
matched_hop0,pca_ridge,7,IGHG4,0.013181029280267608,0.023503123785988893,0.44145697355270386
matched_hop0,pca_ridge,7,KRT18,0.10043892586857947,0.08147143953000667,0.6970859169960022
matched_hop0,pca_ridge,7,BCAS1,0.14747221842278183,0.1518501305482529,0.5240253210067749
matched_hop0,pca_ridge,7,PTGDS,0.18887964725111578,0.2090597569790086,0.8358850479125977
matched_hop0,pca_ridge,7,SAA2,0.0986029086534643,0.09077603493980775,0.5050835609436035
matched_hop0,pca_ridge,7,SEPT4,0.20647025201387723,0.23171069860523705,0.7299996018409729
matched_hop0,pca_ridge,7,TFF3,0.15447382667084503,0.15442368943509505,0.8244947791099548
matched_hop0,pca_ridge,7,HPCAL1,0.22521514469856152,0.22873874434844446,0.8996012210845947
matched_hop0,pca_ridge,7,S100A11,0.11008742740357381,0.08799066553326644,0.7627583146095276
matched_hop0,pca_ridge,7,ALB,0.0005218500364004908,0.0012861540207924702,0.09407440572977066
matched_hop0,pca_ridge,7,RNASE1,0.15707882443489316,0.15357277789242169,0.7502984404563904
matched_hop0,pca_ridge,7,TMEM144,0.15093834201681183,0.15712783208338835,0.4394743740558624
matched_hop0,pca_ridge,7,ENPP2,0.15011680153930107,0.16764380246976365,0.5451013445854187
matched_hop0,pca_ridge,7,MAL,0.1319763684908674,0.1361425239614303,0.5410943627357483
matched_hop0,pca_ridge,7,NKX6-2,0.14559171874179425,0.1461456771845759,0.3736356496810913
matched_hop0,pca_ridge,7,HSPA2,0.14149160499798188,0.13403647220004714,0.4745160937309265
matched_hop0,pca_ridge,7,G0S2,0.10880899281366205,0.0902149029297806,0.549512505531311
matched_hop0,spatial_knn,7,SCGB2A2,0.4285930920298521,0.3967746482794313,1.4542286661638697
matched_hop0,spatial_knn,7,SCGB1D2,0.34364666838772573,0.3370699871191905,1.1297294207390676
matched_hop0,spatial_knn,7,MBP,0.28276809909488665,0.23711825235018108,1.0242416207162268
matched_hop0,spatial_knn,7,GFAP,0.04971834722886368,0.05429744800628848,1.1491054231546438
matched_hop0,spatial_knn,7,PLP1,0.20706603626695175,0.18109524317294953,1.1049565828483559
matched_hop0,spatial_knn,7,SAA1,0.4013278421960847,0.41248468458456455,0.9223097504856995
matched_hop0,spatial_knn,7,MGP,0.18128043644544484,0.1931460373767169,1.1751935309302783
matched_hop0,spatial_knn,7,IGKC,0.32691582339060443,0.3294787483285705,0.8982426598638126
matched_hop0,spatial_knn,7,FABP4,0.37635239459602976,0.36085276006838013,0.8334460959695249
matched_hop0,spatial_knn,7,MOBP,0.13865018277551885,0.0873735949793941,0.6523248228909567
matched_hop0,spatial_knn,7,HBB,0.26603975644077776,0.21471218923809773,0.8773204257952872
matched_hop0,spatial_knn,7,NEFL,0.1619062963856279,0.1369995762544064,0.9814118127299357
matched_hop0,spatial_knn,7,TF,0.13171025930398703,0.09947001621619167,0.7904135120438606
matched_hop0,spatial_knn,7,IGHG3,0.21229937272452457,0.19481927344705366,0.5030201744658623
matched_hop0,spatial_knn,7,CNP,0.11123106170381958,0.09106289793799867,0.9326212051432506
matched_hop0,spatial_knn,7,CPB1,0.35027194001354606,0.3383968236513721,0.5871809236639638
matched_hop0,spatial_knn,7,CRYAB,0.06413633460385523,0.05555705559625859,0.9802475933619104
matched_hop0,spatial_knn,7,IGHA1,0.11254256518943717,0.14221103213892275,0.5360405723783221
matched_hop0,spatial_knn,7,KRT8,0.11624382831395058,0.09495484823602003,0.7786293469201735
matched_hop0,spatial_knn,7,MUC1,0.1696036068343833,0.17394684858170112,0.9297258349401701
matched_hop0,spatial_knn,7,KRT19,0.19801681856586673,0.16907022931237273,0.9685736140777899
matched_hop0,spatial_knn,7,IGLC2,0.19301802673784357,0.21056577165055132,0.5860062898907527
matched_hop0,spatial_knn,7,TFF1,0.16722359897614578,0.17149489415248126,0.8033304493523549
matched_hop0,spatial_knn,7,MAG,0.08270616560057108,0.05395960387462166,0.6021777751153969
matched_hop0,spatial_knn,7,ERMN,0.09672065082591418,0.059313807930101686,0.48372998520889093
matched_hop0,spatial_knn,7,CLDN11,0.04066846155212807,0.02482015752262819,0.5520541105963918
matched_hop0,spatial_knn,7,CLDND1,0.09511318214326811,0.0623819000624438,0.759569207653765
matched_hop0,spatial_knn,7,SPP1,0.10101919936548093,0.07122938753361258,0.6398635620030164
matched_hop0,spatial_knn,7,PPP1R14A,0.03029656062421991,0.020559028200354563,0.6839395537464547
matched_hop0,spatial_knn,7,S100B,0.03650094372764923,0.034682968570662887,0.9880363716110155
matched_hop0,spatial_knn,7,MOG,0.07580599815454753,0.05233991178593533,0.4026605634914489
matched_hop0,spatial_knn,7,MALAT1,0.13160470542570302,0.16026945530189152,1.0095347419247878
matched_hop0,spatial_knn,7,CARNS1,0.014064977728216231,0.018106724164629804,0.4577480168813881
matched_hop0,spatial_knn,7,IGHG4,0.19270786659417694,0.16924687502132033,0.43974123812756777
matched_hop0,spatial_knn,7,KRT18,0.11384384899350117,0.10172304887215648,0.7122357570381972
matched_hop0,spatial_knn,7,BCAS1,0.07532254304374598,0.054499153736722795,0.5364616829601571
matched_hop0,spatial_knn,7,PTGDS,-0.005013239826088534,0.003361504258010276,0.8887482936343328
matched_hop0,spatial_knn,7,SAA2,0.10992213185632291,0.19428263963044984,0.5226503818339744
matched_hop0,spatial_knn,7,SEPT4,0.07269654764025268,0.04829072234405787,0.7634713638646539
matched_hop0,spatial_knn,7,TFF3,0.02794338992852025,0.03682262625444809,0.8727093104520417
matched_hop0,spatial_knn,7,HPCAL1,0.09000847007949,0.08688922160863889,0.9498728029402578
matched_hop0,spatial_knn,7,S100A11,0.03238969672591258,0.030076895079745807,0.7936957632582741
matched_hop0,spatial_knn,7,ALB,-0.0011912379600899857,-0.004113401239380397,0.09384011262447114
matched_hop0,spatial_knn,7,RNASE1,0.05441200634371357,0.041527947939698044,0.7695774844232723
matched_hop0,spatial_knn,7,TMEM144,0.03767509235691471,0.015242811631007354,0.4565138550201107
matched_hop0,spatial_knn,7,ENPP2,0.043842903758736326,0.03305304877946596,0.5674457311521196
matched_hop0,spatial_knn,7,MAL,0.038785355385568814,0.022874907176817824,0.5576610982959411
matched_hop0,spatial_knn,7,NKX6-2,0.07009790509649758,0.04804145818022564,0.3841527822511354
matched_hop0,spatial_knn,7,HSPA2,0.00020901037947908903,0.0007522258739220363,0.49129881854227525
matched_hop0,spatial_knn,7,G0S2,0.24599886958787343,0.23372001383854382,0.5471747008640305
matched_hop1,mean,7,SCGB2A2,,,1.4139487743377686
matched_hop1,mean,7,SCGB1D2,,,1.1176453828811646
matched_hop1,mean,7,MBP,0.0,,1.0693893432617188
matched_hop1,mean,7,GFAP,0.0,,1.1063594818115234
matched_hop1,mean,7,PLP1,,,1.1206802129745483
matched_hop1,mean,7,SAA1,,,1.011454701423645
matched_hop1,mean,7,MGP,,,1.1461459398269653
matched_hop1,mean,7,IGKC,0.0,,0.9216110110282898
matched_hop1,mean,7,FABP4,0.0,,0.9048886299133301
matched_hop1,mean,7,MOBP,,,0.6536226272583008
matched_hop1,mean,7,HBB,0.0,,0.9039648175239563
matched_hop1,mean,7,NEFL,,,0.9691310524940491
matched_hop1,mean,7,TF,,,0.7882503867149353
matched_hop1,mean,7,IGHG3,0.0,,0.510532021522522
matched_hop1,mean,7,CNP,,,0.9277656078338623
matched_hop1,mean,7,CPB1,0.0,,0.6304104924201965
matched_hop1,mean,7,CRYAB,,,0.9600686430931091
matched_hop1,mean,7,IGHA1,0.0,,0.5359525084495544
matched_hop1,mean,7,KRT8,0.0,,0.7662706971168518
matched_hop1,mean,7,MUC1,0.0,,0.9118691086769104
matched_hop1,mean,7,KRT19,,,0.9444860816001892
matched_hop1,mean,7,IGLC2,,,0.594475507736206
matched_hop1,mean,7,TFF1,0.0,,0.7942260503768921
matched_hop1,mean,7,MAG,,,0.5911601185798645
matched_hop1,mean,7,ERMN,0.0,,0.4793073534965515
matched_hop1,mean,7,CLDN11,,,0.5350720882415771
matched_hop1,mean,7,CLDND1,0.0,,0.7523654699325562
matched_hop1,mean,7,SPP1,,,0.6306937336921692
matched_hop1,mean,7,PPP1R14A,,,0.6692310571670532
matched_hop1,mean,7,S100B,,,0.9636619687080383
matched_hop1,mean,7,MOG,,,0.3979949355125427
matched_hop1,mean,7,MALAT1,,,1.005491018295288
matched_hop1,mean,7,CARNS1,,,0.4451145529747009
matched_hop1,mean,7,IGHG4,0.0,,0.4408128261566162
matched_hop1,mean,7,KRT18,,,0.6983206272125244
matched_hop1,mean,7,BCAS1,0.0,,0.5288259983062744
matched_hop1,mean,7,PTGDS,0.0,,0.8508158922195435
matched_hop1,mean,7,SAA2,0.0,,0.5073491334915161
matched_hop1,mean,7,SEPT4,0.0,,0.7457103729248047
matched_hop1,mean,7,TFF3,,,0.8343944549560547
matched_hop1,mean,7,HPCAL1,,,0.9244716763496399
matched_hop1,mean,7,S100A11,,,0.7645299434661865
matched_hop1,mean,7,ALB,0.0,,0.0933074802160263
matched_hop1,mean,7,RNASE1,,,0.7596101760864258
matched_hop1,mean,7,TMEM144,,,0.44381076097488403
matched_hop1,mean,7,ENPP2,0.0,,0.5507875084877014
matched_hop1,mean,7,MAL,,,0.5452921390533447
matched_hop1,mean,7,NKX6-2,,,0.37749728560447693
matched_hop1,mean,7,HSPA2,0.0,,0.4789656400680542
matched_hop1,mean,7,G0S2,0.0,,0.5528850555419922
matched_hop1,pca_ridge,7,SCGB2A2,0.17676534380965556,0.16940274258413274,1.4125185012817383
matched_hop1,pca_ridge,7,SCGB1D2,0.1675881665671233,0.1648498622149443,1.111801028251648
matched_hop1,pca_ridge,7,MBP,0.36709693844207564,0.3723990455660349,0.9975616335868835
matched_hop1,pca_ridge,7,GFAP,0.410022892094371,0.3563340861058513,1.0093739032745361
matched_hop1,pca_ridge,7,PLP1,0.32544945911324147,0.29738122876561135,1.0609965324401855
matched_hop1,pca_ridge,7,SAA1,0.18435299434210592,0.16416236864639022,0.9972209930419922
matched_hop1,pca_ridge,7,MGP,0.1792552783130119,0.15581158106048992,1.1298166513442993
matched_hop1,pca_ridge,7,IGKC,0.04740904082477396,0.042429963139311494,0.9220091700553894
matched_hop1,pca_ridge,7,FABP4,0.19641240387028017,0.16046719981272248,0.8909306526184082
matched_hop1,pca_ridge,7,MOBP,0.2009184363266819,0.18873701297047632,0.6417288184165955
matched_hop1,pca_ridge,7,HBB,0.03315979128750728,0.07096712911389998,0.9038192629814148
matched_hop1,pca_ridge,7,NEFL,0.4887554613042734,0.4070861584580388,0.8454155325889587
matched_hop1,pca_ridge,7,TF,0.25053260648604747,0.24129563453640251,0.7635392546653748
matched_hop1,pca_ridge,7,IGHG3,0.02073958873007873,0.040834763599490634,0.5107954144477844
matched_hop1,pca_ridge,7,CNP,0.24860456417836496,0.22133996558187163,0.8989043831825256
matched_hop1,pca_ridge,7,CPB1,0.08319323243674626,0.10181160795344414,0.6282898783683777
matched_hop1,pca_ridge,7,CRYAB,0.1889665818964589,0.16608631377510744,0.94416344165802
matched_hop1,pca_ridge,7,IGHA1,0.013323304740901744,0.002763092114602357,0.538881242275238
matched_hop1,pca_ridge,7,KRT8,0.10893795558846173,0.09378569427211221,0.7647414207458496
matched_hop1,pca_ridge,7,MUC1,0.1405724327113866,0.14140807453037582,0.9058610200881958
matched_hop1,pca_ridge,7,KRT19,0.1588205471987161,0.14863719174063691,0.9329304099082947
matched_hop1,pca_ridge,7,IGLC2,0.017813342682681487,0.0015109359735231591,0.5959094762802124
matched_hop1,pca_ridge,7,TFF1,0.14073913454059686,0.15596094505273012,0.7872024774551392
matched_hop1,pca_ridge,7,MAG,0.19325816604110355,0.1812802238825194,0.5804969072341919
matched_hop1,pca_ridge,7,ERMN,0.18858214240690557,0.1801815009714064,0.47120964527130127
matched_hop1,pca_ridge,7,CLDN11,0.17416815213974102,0.17002234525434823,0.527715265750885
matched_hop1,pca_ridge,7,CLDND1,0.20035742365775158,0.21489933161789876,0.7381210923194885
matched_hop1,pca_ridge,7,SPP1,0.2143892753190388,0.22172940754279002,0.6166632175445557
matched_hop1,pca_ridge,7,PPP1R14A,0.1502223380015245,0.1495771003469994,0.6634586453437805
matched_hop1,pca_ridge,7,S100B,0.23361388042094036,0.22363214387832042,0.9376700520515442
matched_hop1,pca_ridge,7,MOG,0.14654146361932047,0.14148767970381362,0.39470478892326355
matched_hop1,pca_ridge,7,MALAT1,0.1811260102445394,0.21091840182589605,0.988158643245697
matched_hop1,pca_ridge,7,CARNS1,0.17097919491002947,0.178273726050818,0.43916788697242737
matched_hop1,pca_ridge,7,IGHG4,0.013181029280267608,0.023503123785988893,0.44145697355270386
matched_hop1,pca_ridge,7,KRT18,0.10043892586857947,0.08147143953000667,0.6970859169960022
matched_hop1,pca_ridge,7,BCAS1,0.14747221842278183,0.1518501305482529,0.5240253210067749
matched_hop1,pca_ridge,7,PTGDS,0.18887964725111578,0.2090597569790086,0.8358850479125977
matched_hop1,pca_ridge,7,SAA2,0.0986029086534643,0.09077603493980775,0.5050835609436035
matched_hop1,pca_ridge,7,SEPT4,0.20647025201387723,0.23171069860523705,0.7299996018409729
matched_hop1,pca_ridge,7,TFF3,0.15447382667084503,0.15442368943509505,0.8244947791099548
matched_hop1,pca_ridge,7,HPCAL1,0.22521514469856152,0.22873874434844446,0.8996012210845947
matched_hop1,pca_ridge,7,S100A11,0.11008742740357381,0.08799066553326644,0.7627583146095276
matched_hop1,pca_ridge,7,ALB,0.0005218500364004908,0.0012861540207924702,0.09407440572977066
matched_hop1,pca_ridge,7,RNASE1,0.15707882443489316,0.15357277789242169,0.7502984404563904
matched_hop1,pca_ridge,7,TMEM144,0.15093834201681183,0.15712783208338835,0.4394743740558624
matched_hop1,pca_ridge,7,ENPP2,0.15011680153930107,0.16764380246976365,0.5451013445854187
matched_hop1,pca_ridge,7,MAL,0.1319763684908674,0.1361425239614303,0.5410943627357483
matched_hop1,pca_ridge,7,NKX6-2,0.14559171874179425,0.1461456771845759,0.3736356496810913
matched_hop1,pca_ridge,7,HSPA2,0.14149160499798188,0.13403647220004714,0.4745160937309265
matched_hop1,pca_ridge,7,G0S2,0.10880899281366205,0.0902149029297806,0.549512505531311
matched_hop1,spatial_knn,7,SCGB2A2,0.4285930920298521,0.3967746482794313,1.4542286661638697
matched_hop1,spatial_knn,7,SCGB1D2,0.34364666838772573,0.3370699871191905,1.1297294207390676
matched_hop1,spatial_knn,7,MBP,0.28276809909488665,0.23711825235018108,1.0242416207162268
matched_hop1,spatial_knn,7,GFAP,0.04971834722886368,0.05429744800628848,1.1491054231546438
matched_hop1,spatial_knn,7,PLP1,0.20706603626695175,0.18109524317294953,1.1049565828483559
matched_hop1,spatial_knn,7,SAA1,0.4013278421960847,0.41248468458456455,0.9223097504856995
matched_hop1,spatial_knn,7,MGP,0.18128043644544484,0.1931460373767169,1.1751935309302783
matched_hop1,spatial_knn,7,IGKC,0.32691582339060443,0.3294787483285705,0.8982426598638126
matched_hop1,spatial_knn,7,FABP4,0.37635239459602976,0.36085276006838013,0.8334460959695249
matched_hop1,spatial_knn,7,MOBP,0.13865018277551885,0.0873735949793941,0.6523248228909567
matched_hop1,spatial_knn,7,HBB,0.26603975644077776,0.21471218923809773,0.8773204257952872
matched_hop1,spatial_knn,7,NEFL,0.1619062963856279,0.1369995762544064,0.9814118127299357
matched_hop1,spatial_knn,7,TF,0.13171025930398703,0.09947001621619167,0.7904135120438606
matched_hop1,spatial_knn,7,IGHG3,0.21229937272452457,0.19481927344705366,0.5030201744658623
matched_hop1,spatial_knn,7,CNP,0.11123106170381958,0.09106289793799867,0.9326212051432506
matched_hop1,spatial_knn,7,CPB1,0.35027194001354606,0.3383968236513721,0.5871809236639638
matched_hop1,spatial_knn,7,CRYAB,0.06413633460385523,0.05555705559625859,0.9802475933619104
matched_hop1,spatial_knn,7,IGHA1,0.11254256518943717,0.14221103213892275,0.5360405723783221
matched_hop1,spatial_knn,7,KRT8,0.11624382831395058,0.09495484823602003,0.7786293469201735
matched_hop1,spatial_knn,7,MUC1,0.1696036068343833,0.17394684858170112,0.9297258349401701
matched_hop1,spatial_knn,7,KRT19,0.19801681856586673,0.16907022931237273,0.9685736140777899
matched_hop1,spatial_knn,7,IGLC2,0.19301802673784357,0.21056577165055132,0.5860062898907527
matched_hop1,spatial_knn,7,TFF1,0.16722359897614578,0.17149489415248126,0.8033304493523549
matched_hop1,spatial_knn,7,MAG,0.08270616560057108,0.05395960387462166,0.6021777751153969
matched_hop1,spatial_knn,7,ERMN,0.09672065082591418,0.059313807930101686,0.48372998520889093
matched_hop1,spatial_knn,7,CLDN11,0.04066846155212807,0.02482015752262819,0.5520541105963918
matched_hop1,spatial_knn,7,CLDND1,0.09511318214326811,0.0623819000624438,0.759569207653765
matched_hop1,spatial_knn,7,SPP1,0.10101919936548093,0.07122938753361258,0.6398635620030164
matched_hop1,spatial_knn,7,PPP1R14A,0.03029656062421991,0.020559028200354563,0.6839395537464547
matched_hop1,spatial_knn,7,S100B,0.03650094372764923,0.034682968570662887,0.9880363716110155
matched_hop1,spatial_knn,7,MOG,0.07580599815454753,0.05233991178593533,0.4026605634914489
matched_hop1,spatial_knn,7,MALAT1,0.13160470542570302,0.16026945530189152,1.0095347419247878
matched_hop1,spatial_knn,7,CARNS1,0.014064977728216231,0.018106724164629804,0.4577480168813881
matched_hop1,spatial_knn,7,IGHG4,0.19270786659417694,0.16924687502132033,0.43974123812756777
matched_hop1,spatial_knn,7,KRT18,0.11384384899350117,0.10172304887215648,0.7122357570381972
matched_hop1,spatial_knn,7,BCAS1,0.07532254304374598,0.054499153736722795,0.5364616829601571
matched_hop1,spatial_knn,7,PTGDS,-0.005013239826088534,0.003361504258010276,0.8887482936343328
matched_hop1,spatial_knn,7,SAA2,0.10992213185632291,0.19428263963044984,0.5226503818339744
matched_hop1,spatial_knn,7,SEPT4,0.07269654764025268,0.04829072234405787,0.7634713638646539
matched_hop1,spatial_knn,7,TFF3,0.02794338992852025,0.03682262625444809,0.8727093104520417
matched_hop1,spatial_knn,7,HPCAL1,0.09000847007949,0.08688922160863889,0.9498728029402578
matched_hop1,spatial_knn,7,S100A11,0.03238969672591258,0.030076895079745807,0.7936957632582741
matched_hop1,spatial_knn,7,ALB,-0.0011912379600899857,-0.004113401239380397,0.09384011262447114
matched_hop1,spatial_knn,7,RNASE1,0.05441200634371357,0.041527947939698044,0.7695774844232723
matched_hop1,spatial_knn,7,TMEM144,0.03767509235691471,0.015242811631007354,0.4565138550201107
matched_hop1,spatial_knn,7,ENPP2,0.043842903758736326,0.03305304877946596,0.5674457311521196
matched_hop1,spatial_knn,7,MAL,0.038785355385568814,0.022874907176817824,0.5576610982959411
matched_hop1,spatial_knn,7,NKX6-2,0.07009790509649758,0.04804145818022564,0.3841527822511354
matched_hop1,spatial_knn,7,HSPA2,0.00020901037947908903,0.0007522258739220363,0.49129881854227525
matched_hop1,spatial_knn,7,G0S2,0.24599886958787343,0.23372001383854382,0.5471747008640305
matched_hop2,mean,7,SCGB2A2,,,1.3873172998428345
matched_hop2,mean,7,SCGB1D2,,,1.1115057468414307
matched_hop2,mean,7,MBP,,,1.0684243440628052
matched_hop2,mean,7,GFAP,0.0,,1.1030998229980469
matched_hop2,mean,7,PLP1,,,1.1102752685546875
matched_hop2,mean,7,SAA1,,,1.010852575302124
matched_hop2,mean,7,MGP,,,1.2063438892364502
matched_hop2,mean,7,IGKC,0.0,,0.9266694784164429
matched_hop2,mean,7,FABP4,,,0.8947488069534302
matched_hop2,mean,7,MOBP,,,0.6411145329475403
matched_hop2,mean,7,HBB,,,0.8793225288391113
matched_hop2,mean,7,NEFL,,,0.9704298377037048
matched_hop2,mean,7,TF,,,0.7703765034675598
matched_hop2,mean,7,IGHG3,0.0,,0.5224723815917969
matched_hop2,mean,7,CNP,0.0,,0.9177826642990112
matched_hop2,mean,7,CPB1,,,0.6489312648773193
matched_hop2,mean,7,CRYAB,,,0.9577669501304626
matched_hop2,mean,7,IGHA1,,,0.5400282740592957
matched_hop2,mean,7,KRT8,0.0,,0.7699484825134277
matched_hop2,mean,7,MUC1,,,0.9190834760665894
matched_hop2,mean,7,KRT19,,,0.9499954581260681
matched_hop2,mean,7,IGLC2,0.0,,0.6011926531791687
matched_hop2,mean,7,TFF1,0.0,,0.8091177344322205
matched_hop2,mean,7,MAG,,,0.5723167657852173
matched_hop2,mean,7,ERMN,,,0.47138911485671997
matched_hop2,mean,7,CLDN11,,,0.5252813696861267
matched_hop2,mean,7,CLDND1,0.0,,0.7392701506614685
matched_hop2,mean,7,SPP1,0.0,,0.6111365556716919
matched_hop2,mean,7,PPP1R14A,,,0.6607685089111328
matched_hop2,mean,7,S100B,,,0.9652079939842224
matched_hop2,mean,7,MOG,,,0.38538461923599243
matched_hop2,mean,7,MALAT1,,,1.0120303630828857
matched_hop2,mean,7,CARNS1,,,0.43915554881095886
matched_hop2,mean,7,IGHG4,0.0,,0.45047950744628906
matched_hop2,mean,7,KRT18,,,0.7060807347297668
matched_hop2,mean,7,BCAS1,,,0.525619626045227
matched_hop2,mean,7,PTGDS,0.0,,0.8449100852012634
matched_hop2,mean,7,SAA2,0.0,,0.5107913017272949
matched_hop2,mean,7,SEPT4,0.0,,0.7404705882072449
matched_hop2,mean,7,TFF3,,,0.8516880869865417
matched_hop2,mean,7,HPCAL1,,,0.933452308177948
matched_hop2,mean,7,S100A11,,,0.7697810530662537
matched_hop2,mean,7,ALB,0.0,,0.10335521399974823
matched_hop2,mean,7,RNASE1,,,0.7520654201507568
matched_hop2,mean,7,TMEM144,,,0.4388653337955475
matched_hop2,mean,7,ENPP2,0.0,,0.5400475859642029
matched_hop2,mean,7,MAL,0.0,,0.5388563275337219
matched_hop2,mean,7,NKX6-2,,,0.3636772930622101
matched_hop2,mean,7,HSPA2,0.0,,0.47238776087760925
matched_hop2,mean,7,G0S2,0.0,,0.5288030505180359
matched_hop2,pca_ridge,7,SCGB2A2,0.16346269621670828,0.1556105235752245,1.3928344249725342
matched_hop2,pca_ridge,7,SCGB1D2,0.16105330701472753,0.1601297584200713,1.1070715188980103
matched_hop2,pca_ridge,7,MBP,0.35532511701620134,0.3719138081395426,1.001089096069336
matched_hop2,pca_ridge,7,GFAP,0.4088326145535074,0.3582327752029178,1.0069875717163086
matched_hop2,pca_ridge,7,PLP1,0.31912140691492386,0.30357529816121437,1.0535738468170166
matched_hop2,pca_ridge,7,SAA1,0.189637903454615,0.16996312569488098,0.9958675503730774
matched_hop2,pca_ridge,7,MGP,0.20744857966658786,0.18364286156863624,1.1854747533798218
matched_hop2,pca_ridge,7,IGKC,0.054044210392740676,0.04801378843582781,0.9263233542442322
matched_hop2,pca_ridge,7,FABP4,0.2037262390342254,0.16505013456868614,0.8799985647201538
matched_hop2,pca_ridge,7,MOBP,0.16897772255446164,0.17446826855170564,0.6346564292907715
matched_hop2,pca_ridge,7,HBB,0.014708077877941969,0.05636212959390098,0.8810597062110901
matched_hop2,pca_ridge,7,NEFL,0.48224334298426025,0.4096163675648393,0.8503801822662354
matched_hop2,pca_ridge,7,TF,0.2368809865608058,0.24093020988866592,0.749278724193573
matched_hop2,pca_ridge,7,IGHG3,0.01583025296140748,0.0370902541727064,0.5228646397590637
matched_hop2,pca_ridge,7,CNP,0.22928096208567036,0.21125164337271268,0.8944523930549622
matched_hop2,pca_ridge,7,CPB1,0.08058595287843213,0.09832862570743288,0.6468782424926758
matched_hop2,pca_ridge,7,CRYAB,0.17422798795319056,0.1600289440904783,0.9454438090324402
matched_hop2,pca_ridge,7,IGHA1,0.01204233860783861,0.0003325772232989438,0.5429859161376953
matched_hop2,pca_ridge,7,KRT8,0.11880481153303865,0.10370098313522388,0.7665268182754517
matched_hop2,pca_ridge,7,MUC1,0.1407034891435391,0.14316676509734674,0.9127910733222961
matched_hop2,pca_ridge,7,KRT19,0.16250469125296194,0.1550782274904445,0.9380508065223694
matched_hop2,pca_ridge,7,IGLC2,0.023737772597332944,0.005211417803515072,0.6022784113883972
matched_hop2,pca_ridge,7,TFF1,0.15404434461058072,0.16573766022955772,0.7996706366539001
matched_hop2,pca_ridge,7,MAG,0.15438477769494413,0.16079046981017375,0.5673654675483704
matched_hop2,pca_ridge,7,ERMN,0.16706942124232815,0.1725380043528063,0.4656558334827423
matched_hop2,pca_ridge,7,CLDN11,0.15749994670949125,0.1620454981413324,0.5199998021125793
matched_hop2,pca_ridge,7,CLDND1,0.1771312158506194,0.20070766019720981,0.7296910285949707
matched_hop2,pca_ridge,7,SPP1,0.20008503924663834,0.21737392822628787,0.5999565720558167
matched_hop2,pca_ridge,7,PPP1R14A,0.13094939283645052,0.14055907994313735,0.6577605605125427
matched_hop2,pca_ridge,7,S100B,0.2330246781827687,0.22258677242840313,0.9393151998519897
matched_hop2,pca_ridge,7,MOG,0.13669772723262408,0.1426573580443929,0.3830755949020386
matched_hop2,pca_ridge,7,MALAT1,0.17482361812487981,0.2062275999722904,0.9959641695022583
matched_hop2,pca_ridge,7,CARNS1,0.16013800078200388,0.17575627993142973,0.4342903196811676
matched_hop2,pca_ridge,7,IGHG4,0.011567528623545268,0.020596480027454,0.4511446952819824
matched_hop2,pca_ridge,7,KRT18,0.10211702335527445,0.08143910262313385,0.7044434547424316
matched_hop2,pca_ridge,7,BCAS1,0.13087307549404847,0.14568370949152087,0.5223718881607056
matched_hop2,pca_ridge,7,PTGDS,0.1908310241733125,0.214211985759622,0.8297833204269409
matched_hop2,pca_ridge,7,SAA2,0.10395109076171395,0.0915104972524183,0.5083420872688293
matched_hop2,pca_ridge,7,SEPT4,0.19624989808137164,0.22650806923751168,0.7265921235084534
matched_hop2,pca_ridge,7,TFF3,0.1548779630607457,0.15599828658771314,0.841415524482727
matched_hop2,pca_ridge,7,HPCAL1,0.2213746412072808,0.22424188446027662,0.9086215496063232
matched_hop2,pca_ridge,7,S100A11,0.11729062532720576,0.09491314164481286,0.7667463421821594
matched_hop2,pca_ridge,7,ALB,0.0010011197021612944,0.0012025573156551413,0.10406065732240677
matched_hop2,pca_ridge,7,RNASE1,0.1373062095279001,0.14612243824745338,0.7457319498062134
matched_hop2,pca_ridge,7,TMEM144,0.14193613971702762,0.1568529050491089,0.4353102743625641
matched_hop2,pca_ridge,7,ENPP2,0.1381449379092192,0.16700893453193483,0.5358080863952637
matched_hop2,pca_ridge,7,MAL,0.10961591951171935,0.12525215617064378,0.5367867350578308
matched_hop2,pca_ridge,7,NKX6-2,0.1283531514919465,0.14229852067265947,0.36115655303001404
matched_hop2,pca_ridge,7,HSPA2,0.11771456680060913,0.12209289962049662,0.4699534475803375
matched_hop2,pca_ridge,7,G0S2,0.11543852014288446,0.09718235876355179,0.5252456068992615
matched_hop2,spatial_knn,7,SCGB2A2,0.3360698047876429,0.30094587474032836,1.5683102529287434
matched_hop2,spatial_knn,7,SCGB1D2,0.2722762222287963,0.27095493542085597,1.1911931170482415
matched_hop2,spatial_knn,7,MBP,0.2359770273074457,0.20085001342218076,1.035469090687879
matched_hop2,spatial_knn,7,GFAP,0.010538561896613691,0.02272139232115694,1.157414479322789
matched_hop2,spatial_knn,7,PLP1,0.16720863870608302,0.1532797458477003,1.1067606298581687
matched_hop2,spatial_knn,7,SAA1,0.35499793701101096,0.375350947040345,0.947235049962755
matched_hop2,spatial_knn,7,MGP,0.15962359215737684,0.17144600905447924,1.2484644978074781
matched_hop2,spatial_knn,7,IGKC,0.3022080727264376,0.30373998522927836,0.9195769260901924
matched_hop2,spatial_knn,7,FABP4,0.3412246684391134,0.33156175020885836,0.8416984741727198
matched_hop2,spatial_knn,7,MOBP,0.09342889607685553,0.06117895479520866,0.645097982258292
matched_hop2,spatial_knn,7,HBB,0.22130262108115814,0.1766493213576341,0.8700354329104378
matched_hop2,spatial_knn,7,NEFL,0.1375975210773691,0.11563020236241717,0.9910236890847665
matched_hop2,spatial_knn,7,TF,0.09994762785140456,0.07571406497991215,0.7774396915712284
matched_hop2,spatial_knn,7,IGHG3,0.2101926731794693,0.18026894673185137,0.5147703503802954
matched_hop2,spatial_knn,7,CNP,0.08042912072432525,0.06810044012259599,0.9279123629875408
matched_hop2,spatial_knn,7,CPB1,0.3544277092099175,0.3397408229566976,0.6043149031179378
matched_hop2,spatial_knn,7,CRYAB,0.04244189852536623,0.03872767494976032,0.982357419450682
matched_hop2,spatial_knn,7,IGHA1,0.10093726981560773,0.13097586176479128,0.541840486188459
matched_hop2,spatial_knn,7,KRT8,0.09992776994242712,0.07830866562625029,0.7879127562760936
matched_hop2,spatial_knn,7,MUC1,0.14028274295886178,0.14623875198540437,0.9510676971564351
matched_hop2,spatial_knn,7,KRT19,0.15916260337995206,0.126536496897321,0.9943489371145972
matched_hop2,spatial_knn,7,IGLC2,0.1822685716472261,0.19881318039070894,0.5945608620762476
matched_hop2,spatial_knn,7,TFF1,0.12376848807646701,0.12610532329255475,0.8330240440880128
matched_hop2,spatial_knn,7,MAG,0.0479209162792184,0.029054081164242247,0.5884448612049733
matched_hop2,spatial_knn,7,ERMN,0.06404579873026416,0.04153893681395839,0.47855796251281124
matched_hop2,spatial_knn,7,CLDN11,0.001974565937884692,0.00217294786381745,0.5480359165247033
matched_hop2,spatial_knn,7,CLDND1,0.06411966260286685,0.044997600301127656,0.7488804233322147
matched_hop2,spatial_knn,7,SPP1,0.06780999524898663,0.044706795753003674,0.6242312953178936
matched_hop2,spatial_knn,7,PPP1R14A,0.004586232637608059,-0.000360080057273183,0.6786511579481549
matched_hop2,spatial_knn,7,S100B,0.02246420558789371,0.022605283912561676,0.9917045066264917
matched_hop2,spatial_knn,7,MOG,0.07196467203392372,0.05075104298492053,0.38931214390856916
matched_hop2,spatial_knn,7,MALAT1,0.11876256187472416,0.14682658139156538,1.019600556836297
matched_hop2,spatial_knn,7,CARNS1,-0.0009117465051378948,0.008052182176645991,0.4526563153921743
matched_hop2,spatial_knn,7,IGHG4,0.18948272530590374,0.15952581826946005,0.4490417553829284
matched_hop2,spatial_knn,7,KRT18,0.09833834882442859,0.08344704661438382,0.7258454448488473
matched_hop2,spatial_knn,7,BCAS1,0.04719016371750789,0.03645182675437982,0.5344536289032431
matched_hop2,spatial_knn,7,PTGDS,-0.011690678360305485,-0.007546284650136985,0.8840993067345668
matched_hop2,spatial_knn,7,SAA2,0.06845293818956438,0.16109308382028872,0.536340597751172
matched_hop2,spatial_knn,7,SEPT4,0.05264552516922075,0.03427325392724689,0.7590917341717739
matched_hop2,spatial_knn,7,TFF3,-0.009755063950283258,-0.0017276599339937852,0.904093013563133
matched_hop2,spatial_knn,7,HPCAL1,0.08057027699134468,0.0772874072336961,0.9603428711033272
matched_hop2,spatial_knn,7,S100A11,0.01974974393596232,0.017398175480382545,0.8031003409413312
matched_hop2,spatial_knn,7,ALB,-0.001734296963973759,-0.0051958998747794255,0.10413993857277412
matched_hop2,spatial_knn,7,RNASE1,0.046124263276068396,0.03946420901886362,0.7620490405455824
matched_hop2,spatial_knn,7,TMEM144,0.028512041029163188,0.010832872280856524,0.45188818833563577
matched_hop2,spatial_knn,7,ENPP2,0.029116830733237595,0.02016753338867033,0.5588178982269106
matched_hop2,spatial_knn,7,MAL,0.00868434408804048,0.003457264490038603,0.5531308953798887
matched_hop2,spatial_knn,7,NKX6-2,0.038029650780752974,0.02441550689903836,0.3719336815568155
matched_hop2,spatial_knn,7,HSPA2,-0.008772487341761634,-0.006953917060572026,0.4849564962276028
matched_hop2,spatial_knn,7,G0S2,0.22243336761828714,0.21162219186348177,0.5346407542630386
matched_hop5,mean,7,SCGB2A2,,,1.4532526731491089
matched_hop5,mean,7,SCGB1D2,,,1.2067776918411255
matched_hop5,mean,7,MBP,0.0,,1.179374098777771
matched_hop5,mean,7,GFAP,0.0,,1.1239252090454102
matched_hop5,mean,7,PLP1,0.0,,1.2001100778579712
matched_hop5,mean,7,SAA1,,,1.0591659545898438
matched_hop5,mean,7,MGP,,,1.3558194637298584
matched_hop5,mean,7,IGKC,,,0.9839009642601013
matched_hop5,mean,7,FABP4,,,0.8715185523033142
matched_hop5,mean,7,MOBP,0.0,,0.6422760486602783
matched_hop5,mean,7,HBB,,,0.8478977680206299
matched_hop5,mean,7,NEFL,,,1.0408227443695068
matched_hop5,mean,7,TF,,,0.7213059067726135
matched_hop5,mean,7,IGHG3,0.0,,0.5525694489479065
matched_hop5,mean,7,CNP,,,0.928162693977356
matched_hop5,mean,7,CPB1,,,0.681553304195404
matched_hop5,mean,7,CRYAB,,,1.0293219089508057
matched_hop5,mean,7,IGHA1,0.0,,0.6699293255805969
matched_hop5,mean,7,KRT8,0.0,,0.8099066615104675
matched_hop5,mean,7,MUC1,0.0,,1.0249896049499512
matched_hop5,mean,7,KRT19,,,1.0209234952926636
matched_hop5,mean,7,IGLC2,,,0.6981037855148315
matched_hop5,mean,7,TFF1,,,0.9085178971290588
matched_hop5,mean,7,MAG,,,0.5905563235282898
matched_hop5,mean,7,ERMN,0.0,,0.4103470742702484
matched_hop5,mean,7,CLDN11,,,0.464781790971756
matched_hop5,mean,7,CLDND1,0.0,,0.7130602598190308
matched_hop5,mean,7,SPP1,,,0.6484143137931824
matched_hop5,mean,7,PPP1R14A,,,0.6259915232658386
matched_hop5,mean,7,S100B,,,1.0227184295654297
matched_hop5,mean,7,MOG,,,0.3761293292045593
matched_hop5,mean,7,MALAT1,,,1.0879437923431396
matched_hop5,mean,7,CARNS1,,,0.33457595109939575
matched_hop5,mean,7,IGHG4,0.0,,0.50066739320755
matched_hop5,mean,7,KRT18,,,0.7740634083747864
matched_hop5,mean,7,BCAS1,,,0.4957045912742615
matched_hop5,mean,7,PTGDS,0.0,,0.8972506523132324
matched_hop5,mean,7,SAA2,,,0.6334280967712402
matched_hop5,mean,7,SEPT4,0.0,,0.7352898716926575
matched_hop5,mean,7,TFF3,0.0,,0.9688730835914612
matched_hop5,mean,7,HPCAL1,,,1.0200481414794922
matched_hop5,mean,7,S100A11,,,0.8467932939529419
matched_hop5,mean,7,ALB,,,0.12649711966514587
matched_hop5,mean,7,RNASE1,,,0.7569320797920227
matched_hop5,mean,7,TMEM144,,,0.41455450654029846
matched_hop5,mean,7,ENPP2,0.0,,0.5074785947799683
matched_hop5,mean,7,MAL,0.0,,0.4862331748008728
matched_hop5,mean,7,NKX6-2,,,0.36573418974876404
matched_hop5,mean,7,HSPA2,,,0.4173511266708374
matched_hop5,mean,7,G0S2,,,0.49203264713287354
matched_hop5,pca_ridge,7,SCGB2A2,0.1730894494192541,0.18500532205136677,1.4571729898452759
matched_hop5,pca_ridge,7,SCGB1D2,0.2660019501685002,0.2669813252014894,1.161819338798523
matched_hop5,pca_ridge,7,MBP,0.2911906958082059,0.3248958659705163,1.1093029975891113
matched_hop5,pca_ridge,7,GFAP,0.46874924123944206,0.4404621440336733,0.9987282752990723
matched_hop5,pca_ridge,7,PLP1,0.2663540501122114,0.2730386034735154,1.1429922580718994
matched_hop5,pca_ridge,7,SAA1,0.18957377925522778,0.17223778752023536,1.039699673652649
matched_hop5,pca_ridge,7,MGP,0.3112691400087444,0.27971101660184605,1.3113601207733154
matched_hop5,pca_ridge,7,IGKC,0.1091704533691741,0.07924496416109977,0.9773455858230591
matched_hop5,pca_ridge,7,FABP4,0.25545820688508614,0.2244861823406366,0.8485511541366577
matched_hop5,pca_ridge,7,MOBP,0.14738235639365843,0.1607160780082065,0.6369891166687012
matched_hop5,pca_ridge,7,HBB,0.04918049395716725,0.08124349655308008,0.8484578132629395
matched_hop5,pca_ridge,7,NEFL,0.47567748937182325,0.4017863953350596,0.9131627082824707
matched_hop5,pca_ridge,7,TF,0.14795359620709791,0.16980198218912967,0.7158010601997375
matched_hop5,pca_ridge,7,IGHG3,0.029422784857805084,0.05020512014698483,0.5526769757270813
matched_hop5,pca_ridge,7,CNP,0.1257251529664812,0.1195264593325204,0.9252605438232422
matched_hop5,pca_ridge,7,CPB1,0.11326774572792567,0.11646960802185596,0.6788633465766907
matched_hop5,pca_ridge,7,CRYAB,0.13527255160034232,0.12519966721075879,1.0219982862472534
matched_hop5,pca_ridge,7,IGHA1,0.051395469216962406,0.032122664006674594,0.6699202656745911
matched_hop5,pca_ridge,7,KRT8,0.17674414368429836,0.15656004502489862,0.7955904603004456
matched_hop5,pca_ridge,7,MUC1,0.26928323315715763,0.28081843353794206,0.9928998947143555
matched_hop5,pca_ridge,7,KRT19,0.15427894028906844,0.14503248253306378,1.0111509561538696
matched_hop5,pca_ridge,7,IGLC2,0.13436830233127928,0.0998658763685942,0.6928412914276123
matched_hop5,pca_ridge,7,TFF1,0.17331863828220498,0.1847719500532315,0.8963733911514282
matched_hop5,pca_ridge,7,MAG,0.09850563225988969,0.11918367890469722,0.5927785038948059
matched_hop5,pca_ridge,7,ERMN,0.07909771509585051,0.10722529870602798,0.41302651166915894
matched_hop5,pca_ridge,7,CLDN11,0.07681640402222248,0.09285333062586387,0.46807265281677246
matched_hop5,pca_ridge,7,CLDND1,0.07325964734191395,0.13245408258967686,0.7183200716972351
matched_hop5,pca_ridge,7,SPP1,0.12532006422926498,0.1708484951329717,0.6479429602622986
matched_hop5,pca_ridge,7,PPP1R14A,0.11811287172441018,0.11575087930697259,0.6231396198272705
matched_hop5,pca_ridge,7,S100B,0.21201927058221046,0.2298780160384459,0.9996001720428467
matched_hop5,pca_ridge,7,MOG,0.07778702020271855,0.09869558968879755,0.37854593992233276
matched_hop5,pca_ridge,7,MALAT1,0.14448900454358032,0.16435999799255252,1.07779860496521
matched_hop5,pca_ridge,7,CARNS1,0.09204915531171184,0.12114096487922464,0.3368385434150696
matched_hop5,pca_ridge,7,IGHG4,0.09361884567435,0.07570410553935579,0.4987512230873108
matched_hop5,pca_ridge,7,KRT18,0.1576191548771371,0.12752577800446854,0.7644626498222351
matched_hop5,pca_ridge,7,BCAS1,0.03390193905368018,0.0694474126734147,0.5005559325218201
matched_hop5,pca_ridge,7,PTGDS,0.1860198658050199,0.16318033760768763,0.8825564980506897
matched_hop5,pca_ridge,7,SAA2,0.12658545216983216,0.10602740888173523,0.6291103363037109
matched_hop5,pca_ridge,7,SEPT4,0.12530720056616038,0.17202226401543413,0.7295832633972168
matched_hop5,pca_ridge,7,TFF3,0.24268173835170323,0.22079273659204376,0.9456035494804382
matched_hop5,pca_ridge,7,HPCAL1,0.19890250053553887,0.19241614568375875,0.9919156432151794
matched_hop5,pca_ridge,7,S100A11,0.16661455915353585,0.1597385580276411,0.8347813487052917
matched_hop5,pca_ridge,7,ALB,0.042036342055157175,0.041895075169701035,0.12673570215702057
matched_hop5,pca_ridge,7,RNASE1,0.10133301312565468,0.11440073144277557,0.7559253573417664
matched_hop5,pca_ridge,7,TMEM144,0.16623377425894464,0.20219497037267853,0.4081646502017975
matched_hop5,pca_ridge,7,ENPP2,0.07379857065102852,0.0961728037366896,0.5097376108169556
matched_hop5,pca_ridge,7,MAL,0.059026630379499,0.07979165582560066,0.48871946334838867
matched_hop5,pca_ridge,7,NKX6-2,0.021350642579117243,0.05914417813906169,0.370316743850708
matched_hop5,pca_ridge,7,HSPA2,0.19125639472074057,0.19627139337652016,0.4079758822917938
matched_hop5,pca_ridge,7,G0S2,0.16515073200434038,0.1304449785970548,0.4860343039035797
matched_hop5,spatial_knn,7,SCGB2A2,0.09342402238108545,0.059934316189910894,1.9774325296559538
matched_hop5,spatial_knn,7,SCGB1D2,0.18680758361765443,0.21587792223321955,1.366874086902782
matched_hop5,spatial_knn,7,MBP,0.0901366436382452,0.06951314676023156,1.1608128636572703
matched_hop5,spatial_knn,7,GFAP,0.004994632004839482,0.04790817278101359,1.2090660285315025
matched_hop5,spatial_knn,7,PLP1,0.033207608971207364,0.022971522419544903,1.2433856160696584
matched_hop5,spatial_knn,7,SAA1,0.1314140603155209,0.16617278174365377,1.1158361052405648
matched_hop5,spatial_knn,7,MGP,0.3037589818871294,0.3003596641182575,1.372115141631355
matched_hop5,spatial_knn,7,IGKC,0.16011773860964373,0.09999486794348529,1.0132064219254382
matched_hop5,spatial_knn,7,FABP4,0.2451036473693936,0.2550218567750912,0.880727675951988
matched_hop5,spatial_knn,7,MOBP,0.04046743495834029,0.03170080416007488,0.6469038062036201
matched_hop5,spatial_knn,7,HBB,-0.05840272562473592,-0.06724115593230487,0.9127511888225013
matched_hop5,spatial_knn,7,NEFL,0.02955725005706019,0.048786085193419454,1.0916400844130205
matched_hop5,spatial_knn,7,TF,0.0272093049426904,0.03352028708159373,0.7438720930169852
matched_hop5,spatial_knn,7,IGHG3,0.15510209452718654,0.04149955327926458,0.552692733397298
matched_hop5,spatial_knn,7,CNP,0.10733057354388745,0.10949886677469624,0.9381873523645147
matched_hop5,spatial_knn,7,CPB1,0.329111342629947,0.2925013442704035,0.6327149295258694
matched_hop5,spatial_knn,7,CRYAB,0.040101380966873754,0.04097302530875063,1.052324207548779
matched_hop5,spatial_knn,7,IGHA1,0.07011017544557044,0.07717677214434183,0.6793759640037186
matched_hop5,spatial_knn,7,KRT8,0.07135677674944552,0.05908595732104813,0.8350416481761891
matched_hop5,spatial_knn,7,MUC1,0.1230506718989625,0.1271164638739108,1.1124601643601084
matched_hop5,spatial_knn,7,KRT19,-0.013827418063567477,-0.05098607572039011,1.1556161058768217
matched_hop5,spatial_knn,7,IGLC2,0.0972074041992606,0.08860678831930982,0.703926481566211
matched_hop5,spatial_knn,7,TFF1,0.11021065729644024,0.055463725431219794,0.9596282795258916
matched_hop5,spatial_knn,7,MAG,-0.011929573675897956,-0.021509178901761728,0.6122686963269706
matched_hop5,spatial_knn,7,ERMN,-0.025385378466104787,-0.006978374262066903,0.4251563817734704
matched_hop5,spatial_knn,7,CLDN11,0.0008867217628036883,0.002165772355236773,0.4980493935861801
matched_hop5,spatial_knn,7,CLDND1,-0.010565567746268899,-0.007512571898173645,0.7270125683093714
matched_hop5,spatial_knn,7,SPP1,0.007051348792309987,-0.02467083988731439,0.6674834978354836
matched_hop5,spatial_knn,7,PPP1R14A,0.05209796177962284,0.050965717688721955,0.6431835603616316
matched_hop5,spatial_knn,7,S100B,-0.030800084849373077,-0.06943536911869443,1.0445380009950227
matched_hop5,spatial_knn,7,MOG,0.0027558326828116247,0.01661943202812746,0.3812374750848645
matched_hop5,spatial_knn,7,MALAT1,0.050985269366279076,0.0762418596134948,1.108605707101089
matched_hop5,spatial_knn,7,CARNS1,-0.0773956440823784,-0.08139432038283782,0.3542686321611985
matched_hop5,spatial_knn,7,IGHG4,0.1082945123351965,0.06849760884192391,0.5066482887359829
matched_hop5,spatial_knn,7,KRT18,0.04215246323681407,0.002231449761309207,0.8241539679745671
matched_hop5,spatial_knn,7,BCAS1,0.05723422483922715,0.04208146567489577,0.4964389462390426
matched_hop5,spatial_knn,7,PTGDS,-0.00047368159003539044,-0.013080164611906328,0.929114629590701
matched_hop5,spatial_knn,7,SAA2,-0.12012009271107287,-0.10548822371428249,0.7125489455871384
matched_hop5,spatial_knn,7,SEPT4,0.007231605786693521,-0.005456431788427211,0.7548142845302139
matched_hop5,spatial_knn,7,TFF3,-0.08328397394874504,-0.0638308159578986,1.0561105356410538
matched_hop5,spatial_knn,7,HPCAL1,-0.03381204442348208,-0.04619127034093217,1.0743560518511481
matched_hop5,spatial_knn,7,S100A11,-0.08102683551527556,-0.08377496535921983,0.9112708274225786
matched_hop5,spatial_knn,7,ALB,-0.026799898796956156,-0.028261772935100928,0.128518669315657
matched_hop5,spatial_knn,7,RNASE1,0.0246444077011852,0.028048713249346154,0.7677538096968729
matched_hop5,spatial_knn,7,TMEM144,-0.027423494562622594,-0.047203559606549574,0.44345847074852174
matched_hop5,spatial_knn,7,ENPP2,-0.02698132654414319,-0.016691145895868117,0.5390929024053558
matched_hop5,spatial_knn,7,MAL,-0.013798358718550266,-0.014060042215083331,0.49551082319357875
matched_hop5,spatial_knn,7,NKX6-2,0.038306256470800985,0.07288731903092018,0.3726399493559022
matched_hop5,spatial_knn,7,HSPA2,-0.058118459281177384,-0.04050686561368342,0.437946820994118
matched_hop5,spatial_knn,7,G0S2,0.16483273104234164,0.14302699961107068,0.5202384281963623
matched_coord0.25,mean,7,SCGB2A2,,,1.3840235471725464
matched_coord0.25,mean,7,SCGB1D2,,,1.1205037832260132
matched_coord0.25,mean,7,MBP,0.0,,1.0621262788772583
matched_coord0.25,mean,7,GFAP,,,1.1027553081512451
matched_coord0.25,mean,7,PLP1,0.0,,1.1045879125595093
matched_coord0.25,mean,7,SAA1,,,1.0281920433044434
matched_coord0.25,mean,7,MGP,,,1.2710542678833008
matched_coord0.25,mean,7,IGKC,,,0.9353394508361816
matched_coord0.25,mean,7,FABP4,0.0,,0.8956312537193298
matched_coord0.25,mean,7,MOBP,,,0.6201744079589844
matched_coord0.25,mean,7,HBB,,,0.8442485332489014
matched_coord0.25,mean,7,NEFL,,,0.9643225073814392
matched_coord0.25,mean,7,TF,0.0,,0.7555582523345947
matched_coord0.25,mean,7,IGHG3,0.0,,0.5373063683509827
matched_coord0.25,mean,7,CNP,0.0,,0.9083936810493469
matched_coord0.25,mean,7,CPB1,,,0.6270085573196411
matched_coord0.25,mean,7,CRYAB,,,0.9447774887084961
matched_coord0.25,mean,7,IGHA1,0.0,,0.5437616109848022
matched_coord0.25,mean,7,KRT8,,,0.7635787725448608
matched_coord0.25,mean,7,MUC1,,,0.9288972616195679
matched_coord0.25,mean,7,KRT19,,,0.9523875117301941
matched_coord0.25,mean,7,IGLC2,,,0.6054626703262329
matched_coord0.25,mean,7,TFF1,,,0.836262047290802
matched_coord0.25,mean,7,MAG,,,0.5622616410255432
matched_coord0.25,mean,7,ERMN,0.0,,0.45828449726104736
matched_coord0.25,mean,7,CLDN11,0.0,,0.5185528993606567
matched_coord0.25,mean,7,CLDND1,0.0,,0.7316581010818481
matched_coord0.25,mean,7,SPP1,,,0.6041063666343689
matched_coord0.25,mean,7,PPP1R14A,0.0,,0.6457245349884033
matched_coord0.25,mean,7,S100B,,,0.9589992165565491
matched_coord0.25,mean,7,MOG,,,0.3752085566520691
matched_coord0.25,mean,7,MALAT1,,,1.0080257654190063
matched_coord0.25,mean,7,CARNS1,0.0,,0.43106546998023987
matched_coord0.25,mean,7,IGHG4,0.0,,0.4558047652244568
matched_coord0.25,mean,7,KRT18,,,0.7056764364242554
matched_coord0.25,mean,7,BCAS1,0.0,,0.5199959874153137
matched_coord0.25,mean,7,PTGDS,0.0,,0.8357070088386536
matched_coord0.25,mean,7,SAA2,,,0.5249505639076233
matched_coord0.25,mean,7,SEPT4,,,0.7333821654319763
matched_coord0.25,mean,7,TFF3,,,0.8700556755065918
matched_coord0.25,mean,7,HPCAL1,,,0.9341500997543335
matched_coord0.25,mean,7,S100A11,,,0.7669863104820251
matched_coord0.25,mean,7,ALB,,,0.10774502158164978
matched_coord0.25,mean,7,RNASE1,,,0.7397512793540955
matched_coord0.25,mean,7,TMEM144,,,0.42660775780677795
matched_coord0.25,mean,7,ENPP2,,,0.5345322489738464
matched_coord0.25,mean,7,MAL,0.0,,0.5348120331764221
matched_coord0.25,mean,7,NKX6-2,,,0.3624848425388336
matched_coord0.25,mean,7,HSPA2,,,0.46560782194137573
matched_coord0.25,mean,7,G0S2,,,0.5212962031364441
matched_coord0.25,pca_ridge,7,SCGB2A2,0.17743622948768095,0.17185571162544055,1.3825026750564575
matched_coord0.25,pca_ridge,7,SCGB1D2,0.18448666738636404,0.1832823862732533,1.1072083711624146
matched_coord0.25,pca_ridge,7,MBP,0.33760677974139497,0.3608859941821248,1.001449704170227
matched_coord0.25,pca_ridge,7,GFAP,0.39379725986256975,0.34228502837860975,1.0127501487731934
matched_coord0.25,pca_ridge,7,PLP1,0.29857114603912777,0.2919027014410347,1.055977702140808
matched_coord0.25,pca_ridge,7,SAA1,0.17556277069013387,0.15868710130178612,1.013102412223816
matched_coord0.25,pca_ridge,7,MGP,0.24587908182784346,0.22355218222070858,1.244563341140747
matched_coord0.25,pca_ridge,7,IGKC,0.06878813455823077,0.05995206335208687,0.9334319829940796
matched_coord0.25,pca_ridge,7,FABP4,0.19836135829638507,0.16115700774007652,0.8806066513061523
matched_coord0.25,pca_ridge,7,MOBP,0.14627626435441216,0.16226161269466,0.6178069710731506
matched_coord0.25,pca_ridge,7,HBB,-0.006213544906034147,0.04522240535807648,0.8479953408241272
matched_coord0.25,pca_ridge,7,NEFL,0.48296802715861975,0.40903663342246266,0.8449558019638062
matched_coord0.25,pca_ridge,7,TF,0.21078044237930177,0.22726138284981987,0.740440309047699
matched_coord0.25,pca_ridge,7,IGHG3,0.009183392343204753,0.027731215391087024,0.5378710031509399
matched_coord0.25,pca_ridge,7,CNP,0.20526044218866718,0.19360450417574554,0.8916035890579224
matched_coord0.25,pca_ridge,7,CPB1,0.07869185611411508,0.09418986876588496,0.6252086162567139
matched_coord0.25,pca_ridge,7,CRYAB,0.1531195382956425,0.14581717161422475,0.9375402331352234
matched_coord0.25,pca_ridge,7,IGHA1,0.021351436813479698,0.007719148047375436,0.5460402369499207
matched_coord0.25,pca_ridge,7,KRT8,0.12059979223440885,0.10384601736303746,0.7593711614608765
matched_coord0.25,pca_ridge,7,MUC1,0.15177825749482868,0.15158882939863527,0.9202417135238647
matched_coord0.25,pca_ridge,7,KRT19,0.1759890257747598,0.1630866529587907,0.9377661943435669
matched_coord0.25,pca_ridge,7,IGLC2,0.025719019872221124,0.001929193320513503,0.6063801050186157
matched_coord0.25,pca_ridge,7,TFF1,0.16976135764003342,0.18153812929586077,0.8239310383796692
matched_coord0.25,pca_ridge,7,MAG,0.13327009109213017,0.14989171608678198,0.5602027177810669
matched_coord0.25,pca_ridge,7,ERMN,0.1357295815625053,0.15259667707792338,0.456039696931839
matched_coord0.25,pca_ridge,7,CLDN11,0.1367310408984621,0.15567518110525808,0.5157032012939453
matched_coord0.25,pca_ridge,7,CLDND1,0.1537696822116752,0.18569344482656153,0.7263643741607666
matched_coord0.25,pca_ridge,7,SPP1,0.1786770967914144,0.20617643900097277,0.5963091254234314
matched_coord0.25,pca_ridge,7,PPP1R14A,0.12288035876008423,0.1419643718101241,0.6440315246582031
matched_coord0.25,pca_ridge,7,S100B,0.21653175406418917,0.20766716005767352,0.9368360638618469
matched_coord0.25,pca_ridge,7,MOG,0.10881707040602015,0.12139610267102625,0.375309556722641
matched_coord0.25,pca_ridge,7,MALAT1,0.17653540992795214,0.205700559422222,0.9920268654823303
matched_coord0.25,pca_ridge,7,CARNS1,0.14090410464977288,0.1645416047686638,0.4281049966812134
matched_coord0.25,pca_ridge,7,IGHG4,0.01358298418400556,0.017049530540834745,0.4563913643360138
matched_coord0.25,pca_ridge,7,KRT18,0.09963765284051201,0.07218817151392888,0.7039138674736023
matched_coord0.25,pca_ridge,7,BCAS1,0.10700511318049659,0.1272780084794436,0.519110381603241
matched_coord0.25,pca_ridge,7,PTGDS,0.16575235245982672,0.19099609954228136,0.8254537582397461
matched_coord0.25,pca_ridge,7,SAA2,0.09459374495725104,0.08378595395597128,0.5224979519844055
matched_coord0.25,pca_ridge,7,SEPT4,0.181790259533982,0.21594072935288472,0.7221319675445557
matched_coord0.25,pca_ridge,7,TFF3,0.1688273937883693,0.16852743143538876,0.8576250672340393
matched_coord0.25,pca_ridge,7,HPCAL1,0.22850470578120655,0.2300347234093791,0.9072669148445129
matched_coord0.25,pca_ridge,7,S100A11,0.12358205325234597,0.10313936517901774,0.7626962661743164
matched_coord0.25,pca_ridge,7,ALB,0.00027671777326867056,-0.0021907759377796715,0.10844316333532333
matched_coord0.25,pca_ridge,7,RNASE1,0.11523151208126656,0.13168095151581158,0.7367194294929504
matched_coord0.25,pca_ridge,7,TMEM144,0.1296615878909489,0.1524888470893626,0.4242898225784302
matched_coord0.25,pca_ridge,7,ENPP2,0.11706805248992914,0.15759832658293182,0.532515823841095
matched_coord0.25,pca_ridge,7,MAL,0.08746765651756148,0.11278382824601696,0.5347380042076111
matched_coord0.25,pca_ridge,7,NKX6-2,0.12211562043468942,0.1411080017523205,0.3603215515613556
matched_coord0.25,pca_ridge,7,HSPA2,0.09790787934411173,0.10481843136640573,0.4647907316684723
matched_coord0.25,pca_ridge,7,G0S2,0.12183981900440666,0.09882714411462326,0.5173327922821045
matched_coord0.25,spatial_knn,7,SCGB2A2,0.261242316411046,0.2156243456014362,1.6726930902240085
matched_coord0.25,spatial_knn,7,SCGB1D2,0.21288211277185148,0.21393477361795257,1.2552186849716798
matched_coord0.25,spatial_knn,7,MBP,0.2025292991867541,0.17665988188004159,1.034512028683507
matched_coord0.25,spatial_knn,7,GFAP,-0.015553640225088787,0.004636409232718167,1.157583061148061
matched_coord0.25,spatial_knn,7,PLP1,0.13406995297990998,0.13234136416153258,1.109418312452258
matched_coord0.25,spatial_knn,7,SAA1,0.30894553014187204,0.33261357867246144,0.9815222151248348
matched_coord0.25,spatial_knn,7,MGP,0.12849073016112497,0.1330905376867083,1.3263188890673128
matched_coord0.25,spatial_knn,7,IGKC,0.26865045602883064,0.2737963140660674,0.952851460899761
matched_coord0.25,spatial_knn,7,FABP4,0.3081917981029191,0.3004816232617641,0.8586814644706293
matched_coord0.25,spatial_knn,7,MOBP,0.05391128082134489,0.033502498723568204,0.6263621664603036
matched_coord0.25,spatial_knn,7,HBB,0.1577475047511246,0.12351496605945199,0.8580604776195836
matched_coord0.25,spatial_knn,7,NEFL,0.13990631817952667,0.11683515686352412,0.9861479696331137
matched_coord0.25,spatial_knn,7,TF,0.09564059016068135,0.0741125230283909,0.7635075075563259
matched_coord0.25,spatial_knn,7,IGHG3,0.21234322477613027,0.16718421819720902,0.5284821402408537
matched_coord0.25,spatial_knn,7,CNP,0.04606803026729962,0.04343797486620279,0.9246399098502417
matched_coord0.25,spatial_knn,7,CPB1,0.3706953967790366,0.33518433228437355,0.5851083811857682
matched_coord0.25,spatial_knn,7,CRYAB,0.02537787666800525,0.022166971386327727,0.9728683588924102
matched_coord0.25,spatial_knn,7,IGHA1,0.0996739922742332,0.1270989958793529,0.544955486716614
matched_coord0.25,spatial_knn,7,KRT8,0.08594198840313035,0.05393449535540765,0.7849798550098969
matched_coord0.25,spatial_knn,7,MUC1,0.11566384344383654,0.12303108435711806,0.9747311883649411
matched_coord0.25,spatial_knn,7,KRT19,0.09672148330542762,0.06435467878089433,1.0155440646304836
matched_coord0.25,spatial_knn,7,IGLC2,0.1582236691033423,0.17445973719249255,0.6042734967138365
matched_coord0.25,spatial_knn,7,TFF1,0.07661336833961797,0.08051879541805464,0.8745666026317775
matched_coord0.25,spatial_knn,7,MAG,0.041444618605220945,0.022872814143732278,0.5790854529222752
matched_coord0.25,spatial_knn,7,ERMN,0.034737301500552084,0.02287703760424126,0.467605515055055
matched_coord0.25,spatial_knn,7,CLDN11,-0.013845822499606964,-0.00741414766558549,0.5439344567581238
matched_coord0.25,spatial_knn,7,CLDND1,0.04108349222471448,0.03069045921758599,0.7430777093721455
matched_coord0.25,spatial_knn,7,SPP1,0.05303094843267504,0.027811961917000035,0.6186122095608747
matched_coord0.25,spatial_knn,7,PPP1R14A,-0.005291384310079229,-0.00506619275930303,0.6643984745936333
matched_coord0.25,spatial_knn,7,S100B,0.014575389651610024,0.012664911825003088,0.9875104720743675
matched_coord0.25,spatial_knn,7,MOG,0.054849459051710125,0.030065454989152817,0.37901449037911433
matched_coord0.25,spatial_knn,7,MALAT1,0.11467060628941092,0.14386520483070842,1.0193374940586175
matched_coord0.25,spatial_knn,7,CARNS1,-0.026772606192087496,-0.014001702525586655,0.44680094807244725
matched_coord0.25,spatial_knn,7,IGHG4,0.19514745313626763,0.1563387405955772,0.4533588832436451
matched_coord0.25,spatial_knn,7,KRT18,0.07851200657238525,0.05780739035983213,0.7294567660693918
matched_coord0.25,spatial_knn,7,BCAS1,0.043736913074890416,0.0298195963818816,0.5276608762647118
matched_coord0.25,spatial_knn,7,PTGDS,0.0010317050185399603,0.005289849900941018,0.8755792691414243
matched_coord0.25,spatial_knn,7,SAA2,0.03794346323309321,0.12663649658151546,0.5564216612177192
matched_coord0.25,spatial_knn,7,SEPT4,0.026977936620035475,0.022049129499251217,0.7521116106094827
matched_coord0.25,spatial_knn,7,TFF3,-0.059237089056559465,-0.052344358598806595,0.9378319369955603
matched_coord0.25,spatial_knn,7,HPCAL1,0.08298023544584432,0.08129822979483618,0.9578922312653826
matched_coord0.25,spatial_knn,7,S100A11,0.0019228881809427386,-0.005958292909099309,0.8039253224369798
matched_coord0.25,spatial_knn,7,ALB,0.00024948030900297995,-0.0045075065764997035,0.1086720896846103
matched_coord0.25,spatial_knn,7,RNASE1,0.032590965701114076,0.0295691308726954,0.7515461431854912
matched_coord0.25,spatial_knn,7,TMEM144,0.008739015173792422,-0.006973704919665594,0.4421608950146467
matched_coord0.25,spatial_knn,7,ENPP2,0.02203212508196115,0.014651199729229387,0.5530475037579637
matched_coord0.25,spatial_knn,7,MAL,-0.0024310325307652543,7.866683513998537e-05,0.5488531476787554
matched_coord0.25,spatial_knn,7,NKX6-2,0.02433131068448753,0.0196598897464899,0.370480413962043
matched_coord0.25,spatial_knn,7,HSPA2,-0.027516582511151223,-0.017364601239649426,0.4792977648283139
matched_coord0.25,spatial_knn,7,G0S2,0.21131737917734156,0.20355051367114357,0.534439845847345
matched_coord0.5,mean,7,SCGB2A2,,,1.4219822883605957
matched_coord0.5,mean,7,SCGB1D2,,,1.1827055215835571
matched_coord0.5,mean,7,MBP,0.0,,1.0744096040725708
matched_coord0.5,mean,7,GFAP,,,1.0895030498504639
matched_coord0.5,mean,7,PLP1,,,1.1204663515090942
matched_coord0.5,mean,7,SAA1,0.0,,1.0659998655319214
matched_coord0.5,mean,7,MGP,,,1.3940613269805908
matched_coord0.5,mean,7,IGKC,,,0.9867113828659058
matched_coord0.5,mean,7,FABP4,,,0.9148542284965515
matched_coord0.5,mean,7,MOBP,0.0,,0.607843279838562
matched_coord0.5,mean,7,HBB,,,0.7361423373222351
matched_coord0.5,mean,7,NEFL,0.0,,0.9743790030479431
matched_coord0.5,mean,7,TF,,,0.7128268480300903
matched_coord0.5,mean,7,IGHG3,0.0,,0.6331708431243896
matched_coord0.5,mean,7,CNP,,,0.8898983597755432
matched_coord0.5,mean,7,CPB1,,,0.5672116875648499
matched_coord0.5,mean,7,CRYAB,,,0.9458537101745605
matched_coord0.5,mean,7,IGHA1,0.0,,0.5798502564430237
matched_coord0.5,mean,7,KRT8,0.0,,0.7567967772483826
matched_coord0.5,mean,7,MUC1,,,0.992189884185791
matched_coord0.5,mean,7,KRT19,,,0.9659683704376221
matched_coord0.5,mean,7,IGLC2,,,0.6451469659805298
matched_coord0.5,mean,7,TFF1,0.0,,0.9215385913848877
matched_coord0.5,mean,7,MAG,,,0.5335244536399841
matched_coord0.5,mean,7,ERMN,,,0.42418643832206726
matched_coord0.5,mean,7,CLDN11,,,0.47468382120132446
matched_coord0.5,mean,7,CLDND1,0.0,,0.7106403708457947
matched_coord0.5,mean,7,SPP1,,,0.612260639667511
matched_coord0.5,mean,7,PPP1R14A,,,0.6193724274635315
matched_coord0.5,mean,7,S100B,,,0.9656569361686707
matched_coord0.5,mean,7,MOG,,,0.3388385772705078
matched_coord0.5,mean,7,MALAT1,,,1.0362370014190674
matched_coord0.5,mean,7,CARNS1,,,0.4106573462486267
matched_coord0.5,mean,7,IGHG4,0.0,,0.5015259385108948
matched_coord0.5,mean,7,KRT18,0.0,,0.7128379344940186
matched_coord0.5,mean,7,BCAS1,0.0,,0.4814624786376953
matched_coord0.5,mean,7,PTGDS,0.0,,0.8312053084373474
matched_coord0.5,mean,7,SAA2,,,0.5661441087722778
matched_coord0.5,mean,7,SEPT4,0.0,,0.7319636940956116
matched_coord0.5,mean,7,TFF3,,,0.930597186088562
matched_coord0.5,mean,7,HPCAL1,,,0.9500075578689575
matched_coord0.5,mean,7,S100A11,,,0.8015046119689941
matched_coord0.5,mean,7,ALB,0.0,,0.13767923414707184
matched_coord0.5,mean,7,RNASE1,,,0.7271988391876221
matched_coord0.5,mean,7,TMEM144,0.0,,0.4023124873638153
matched_coord0.5,mean,7,ENPP2,0.0,,0.4979010224342346
matched_coord0.5,mean,7,MAL,0.0,,0.5234412550926208
matched_coord0.5,mean,7,NKX6-2,,,0.34588906168937683
matched_coord0.5,mean,7,HSPA2,,,0.4417862296104431
matched_coord0.5,mean,7,G0S2,0.0,,0.5581739544868469
matched_coord0.5,pca_ridge,7,SCGB2A2,0.1811849775504331,0.17855186902144146,1.418778896331787
matched_coord0.5,pca_ridge,7,SCGB1D2,0.2325205780558505,0.2218985478331102,1.1525803804397583
matched_coord0.5,pca_ridge,7,MBP,0.321028417212059,0.3661896950076886,1.0140970945358276
matched_coord0.5,pca_ridge,7,GFAP,0.4175330025230325,0.37722800927404593,0.9913187623023987
matched_coord0.5,pca_ridge,7,PLP1,0.29673034000387577,0.2942257496245812,1.068281650543213
matched_coord0.5,pca_ridge,7,SAA1,0.16247783845516828,0.14243263197667025,1.0469456911087036
matched_coord0.5,pca_ridge,7,MGP,0.2789165690441473,0.26128181451266685,1.3603157997131348
matched_coord0.5,pca_ridge,7,IGKC,0.07630405226416852,0.05665462281176325,0.9837743639945984
matched_coord0.5,pca_ridge,7,FABP4,0.17022074234227794,0.12227518521996167,0.8990001678466797
matched_coord0.5,pca_ridge,7,MOBP,0.13552945395179838,0.16125932071392923,0.6066147089004517
matched_coord0.5,pca_ridge,7,HBB,0.02943570908114975,0.09013186224555143,0.7383235692977905
matched_coord0.5,pca_ridge,7,NEFL,0.48859508216845726,0.43272176633292775,0.8513591885566711
matched_coord0.5,pca_ridge,7,TF,0.19031197454378754,0.21533553004818243,0.7024811506271362
matched_coord0.5,pca_ridge,7,IGHG3,-0.012065884419021268,0.00884717320918389,0.634364902973175
matched_coord0.5,pca_ridge,7,CNP,0.16498683932267422,0.16571635087389036,0.8835371732711792
matched_coord0.5,pca_ridge,7,CPB1,0.058773246682059445,0.08334721697911106,0.566656231880188
matched_coord0.5,pca_ridge,7,CRYAB,0.12178815500686851,0.11835510656777444,0.9456576108932495
matched_coord0.5,pca_ridge,7,IGHA1,-0.005326359868425169,-0.03297319664932302,0.5839862823486328
matched_coord0.5,pca_ridge,7,KRT8,0.15292324078083236,0.12083069832363855,0.7463822364807129
matched_coord0.5,pca_ridge,7,MUC1,0.2227370960052371,0.22114269012417373,0.9690735340118408
matched_coord0.5,pca_ridge,7,KRT19,0.17086685014640907,0.14810245173934386,0.9534652233123779
matched_coord0.5,pca_ridge,7,IGLC2,0.08043908719246266,0.044566542378957484,0.6430612802505493
matched_coord0.5,pca_ridge,7,TFF1,0.17572241328083613,0.18335548049238973,0.9066919684410095
matched_coord0.5,pca_ridge,7,MAG,0.07699421340996596,0.1124894665656167,0.5393632650375366
matched_coord0.5,pca_ridge,7,ERMN,0.10989657184404142,0.14495438898200344,0.42514365911483765
matched_coord0.5,pca_ridge,7,CLDN11,0.10129885605887604,0.1310028047383039,0.4767714738845825
matched_coord0.5,pca_ridge,7,CLDND1,0.13768768746898372,0.17903488681029534,0.7086052298545837
matched_coord0.5,pca_ridge,7,SPP1,0.15489187593980658,0.19375967393294308,0.607410728931427
matched_coord0.5,pca_ridge,7,PPP1R14A,0.12981948664438522,0.15937265604577955,0.616812527179718
matched_coord0.5,pca_ridge,7,S100B,0.19472123044544132,0.19182349879121277,0.9478373527526855
matched_coord0.5,pca_ridge,7,MOG,0.0855668059160773,0.11613967432307647,0.3414926528930664
matched_coord0.5,pca_ridge,7,MALAT1,0.2048743684052805,0.23240495039820283,1.0157443284988403
matched_coord0.5,pca_ridge,7,CARNS1,0.11149378413054477,0.1438470731232176,0.4107306897640228
matched_coord0.5,pca_ridge,7,IGHG4,0.02328597172170164,0.01228137476532063,0.5017414093017578
matched_coord0.5,pca_ridge,7,KRT18,0.1015335097747584,0.08916978174222573,0.7105028033256531
matched_coord0.5,pca_ridge,7,BCAS1,0.08282044710140872,0.10522392994863526,0.48331698775291443
matched_coord0.5,pca_ridge,7,PTGDS,0.19824644400856764,0.1938831664553627,0.8147216439247131
matched_coord0.5,pca_ridge,7,SAA2,0.03434659053870368,0.020922365114955946,0.5643783211708069
matched_coord0.5,pca_ridge,7,SEPT4,0.19030669072023926,0.23078150669131212,0.719002902507782
matched_coord0.5,pca_ridge,7,TFF3,0.21220749332648958,0.2031844348312596,0.9114400148391724
matched_coord0.5,pca_ridge,7,HPCAL1,0.21472721083417257,0.21578323146132541,0.9240584373474121
matched_coord0.5,pca_ridge,7,S100A11,0.10799049117437737,0.08251330154057643,0.7998478412628174
matched_coord0.5,pca_ridge,7,ALB,0.01629740137342092,0.016034431175574123,0.13807405531406403
matched_coord0.5,pca_ridge,7,RNASE1,0.07604256582397498,0.08579221156854554,0.7300493121147156
matched_coord0.5,pca_ridge,7,TMEM144,0.14292213030789008,0.1683751643873489,0.39909645915031433
matched_coord0.5,pca_ridge,7,ENPP2,0.1139374981245469,0.15700231596484152,0.49691256880760193
matched_coord0.5,pca_ridge,7,MAL,0.08773385662557984,0.11486113504342983,0.5235158205032349
matched_coord0.5,pca_ridge,7,NKX6-2,0.06205903142693854,0.09516759677482722,0.34772491455078125
matched_coord0.5,pca_ridge,7,HSPA2,0.1240363495418112,0.12718243351617464,0.43909749388694763
matched_coord0.5,pca_ridge,7,G0S2,0.09045623819712109,0.06498857125109703,0.5545660257339478
matched_coord0.5,spatial_knn,7,SCGB2A2,0.08469310347765166,0.025189014453889193,1.9039239523702165
matched_coord0.5,spatial_knn,7,SCGB1D2,0.11269766691778774,0.11562591787505544,1.3877736577705233
matched_coord0.5,spatial_knn,7,MBP,0.14714253607858213,0.13022951355353304,1.0462946935457462
matched_coord0.5,spatial_knn,7,GFAP,-0.011442225008110828,0.000870242653089662,1.140757398877472
matched_coord0.5,spatial_knn,7,PLP1,0.09612767739177883,0.103525295951514,1.1272164012089219
matched_coord0.5,spatial_knn,7,SAA1,0.20023199186154866,0.219191097973188,1.056741919674145
matched_coord0.5,spatial_knn,7,MGP,0.13678021939529506,0.12371931187484213,1.4467092433160424
matched_coord0.5,spatial_knn,7,IGKC,0.1785525781202041,0.16367811920450318,1.0595635040610907
matched_coord0.5,spatial_knn,7,FABP4,0.22455563603416498,0.21916957175048035,0.9164933294767039
matched_coord0.5,spatial_knn,7,MOBP,0.043645400487049055,0.04010060356160495,0.6112076243347438
matched_coord0.5,spatial_knn,7,HBB,0.001573435962599015,-0.01660431934168159,0.8089834476186059
matched_coord0.5,spatial_knn,7,NEFL,0.12967730936736194,0.10803359200825809,1.0058972409452271
matched_coord0.5,spatial_knn,7,TF,0.07273422485276368,0.058373270713901526,0.7243082956401257
matched_coord0.5,spatial_knn,7,IGHG3,0.2335222827803518,0.15530522527101173,0.6173409339487677
matched_coord0.5,spatial_knn,7,CNP,0.03842906786082413,0.04133434563151512,0.9109243887977561
matched_coord0.5,spatial_knn,7,CPB1,0.3044752658292995,0.22276516044321998,0.5448779895516
matched_coord0.5,spatial_knn,7,CRYAB,0.05015578631252152,0.05648265862044721,0.9649338617699965
matched_coord0.5,spatial_knn,7,IGHA1,0.10896709761284146,0.11289662309834111,0.5780305062293831
matched_coord0.5,spatial_knn,7,KRT8,0.007158737833829957,-0.023485991939777077,0.7893462338495132
matched_coord0.5,spatial_knn,7,MUC1,0.07896662478348906,0.07816745154481715,1.0703572839949276
matched_coord0.5,spatial_knn,7,KRT19,-0.01701609234116939,-0.017589733532278048,1.063002541888006
matched_coord0.5,spatial_knn,7,IGLC2,0.0968821312206797,0.10664780603646233,0.6574852174440218
matched_coord0.5,spatial_knn,7,TFF1,0.06907281752271802,0.06377237676749105,0.9660155145983996
matched_coord0.5,spatial_knn,7,MAG,0.03905704208872206,0.03244233588052561,0.5456228583274084
matched_coord0.5,spatial_knn,7,ERMN,-0.031532052222712575,-0.031367867366952296,0.4378087898301391
matched_coord0.5,spatial_knn,7,CLDN11,-0.04236248993073904,-0.033003142030710135,0.5044757688282383
matched_coord0.5,spatial_knn,7,CLDND1,0.003443431310722722,0.006275224666182444,0.7226088798186544
matched_coord0.5,spatial_knn,7,SPP1,0.03381924089685744,0.015831366514122834,0.6275856903287914
matched_coord0.5,spatial_knn,7,PPP1R14A,0.05079412732233846,0.0409150505022909,0.629793678004606
matched_coord0.5,spatial_knn,7,S100B,0.03723504140618204,0.03718606057690102,0.9868053639053945
matched_coord0.5,spatial_knn,7,MOG,0.018407316907678,0.021052924351636013,0.341998639544725
matched_coord0.5,spatial_knn,7,MALAT1,0.09724895300234307,0.13309285492312464,1.056061622963975
matched_coord0.5,spatial_knn,7,CARNS1,-0.06285235245708734,-0.04319610737901487,0.4314851616036928
matched_coord0.5,spatial_knn,7,IGHG4,0.19978579850298986,0.14900396799274349,0.496114501698003
matched_coord0.5,spatial_knn,7,KRT18,0.02050189926101133,-0.0006526940776369527,0.752799386568825
matched_coord0.5,spatial_knn,7,BCAS1,0.02483754427722741,0.016053129855585706,0.48525302373929907
matched_coord0.5,spatial_knn,7,PTGDS,0.012053700282483384,0.013314924849574606,0.8748698695193077
matched_coord0.5,spatial_knn,7,SAA2,-0.04615050674227267,-0.0013487539008810213,0.6138456104893287
matched_coord0.5,spatial_knn,7,SEPT4,0.010550584037110223,0.007779018468781373,0.7507625390055117
matched_coord0.5,spatial_knn,7,TFF3,-0.11412826422959452,-0.1033718366504971,1.0237510811266353
matched_coord0.5,spatial_knn,7,HPCAL1,0.053997575422500756,0.052288398771052784,0.9781909405136106
matched_coord0.5,spatial_knn,7,S100A11,-0.03784161779170682,-0.04618260287436821,0.8516023376309266
matched_coord0.5,spatial_knn,7,ALB,-0.026624086425298267,-0.02838140567407483,0.13948512350484774
matched_coord0.5,spatial_knn,7,RNASE1,-0.04160334657533476,-0.03759847508029559,0.748557898498539
matched_coord0.5,spatial_knn,7,TMEM144,0.024403762464406318,0.010660116025669124,0.41687481443316354
matched_coord0.5,spatial_knn,7,ENPP2,0.015838652994360047,0.009261314162663622,0.5204776393875941
matched_coord0.5,spatial_knn,7,MAL,-0.004674542442100919,0.013380104028303181,0.5348323138003108
matched_coord0.5,spatial_knn,7,NKX6-2,0.03163492620942707,0.024139953027824002,0.3533096541038807
matched_coord0.5,spatial_knn,7,HSPA2,-0.05036407518381254,-0.029060100046667373,0.45800624416070085
matched_coord0.5,spatial_knn,7,G0S2,0.18058725013426669,0.18637854687555486,0.5746620306455806
random,mean,8,SCGB2A2,,,1.5315327644348145
random,mean,8,SCGB1D2,0.0,,1.1866028308868408
random,mean,8,MBP,,,1.183826208114624
random,mean,8,GFAP,,,1.1974759101867676
random,mean,8,PLP1,,,1.2671923637390137
random,mean,8,SAA1,,,0.8385025262832642
random,mean,8,MGP,,,1.050974726676941
random,mean,8,IGKC,,,1.034293532371521
random,mean,8,FABP4,,,0.7652110457420349
random,mean,8,MOBP,0.0,,0.8315878510475159
random,mean,8,HBB,0.0,,0.8346244096755981
random,mean,8,NEFL,,,1.0141324996948242
random,mean,8,TF,,,0.9390279054641724
random,mean,8,IGHG3,,,0.4957723915576935
random,mean,8,CNP,0.0,,1.0590744018554688
random,mean,8,CPB1,0.0,,0.4674268662929535
random,mean,8,CRYAB,,,1.0814603567123413
random,mean,8,IGHA1,,,0.6437007784843445
random,mean,8,KRT8,,,0.8961805701255798
random,mean,8,MUC1,,,0.9593429565429688
random,mean,8,KRT19,,,1.012609839439392
random,mean,8,IGLC2,,,0.6897932887077332
random,mean,8,TFF1,,,0.809520959854126
random,mean,8,MAG,,,0.7100201845169067
random,mean,8,ERMN,,,0.6111281514167786
random,mean,8,CLDN11,0.0,,0.6702395081520081
random,mean,8,CLDND1,0.0,,0.868262529373169
random,mean,8,SPP1,0.0,,0.7562284469604492
random,mean,8,PPP1R14A,,,0.7855075001716614
random,mean,8,S100B,,,1.0332331657409668
random,mean,8,MOG,0.0,,0.5168909430503845
random,mean,8,MALAT1,,,1.0494518280029297
random,mean,8,CARNS1,0.0,,0.5468162298202515
random,mean,8,IGHG4,,,0.47128942608833313
random,mean,8,KRT18,0.0,,0.829595685005188
random,mean,8,BCAS1,,,0.6572017073631287
random,mean,8,PTGDS,,,0.9416200518608093
random,mean,8,SAA2,0.0,,0.3700560927391052
random,mean,8,SEPT4,,,0.8335573673248291
random,mean,8,TFF3,,,0.8516238927841187
random,mean,8,HPCAL1,,,0.9211133122444153
random,mean,8,S100A11,0.0,,0.8657495975494385
random,mean,8,ALB,,,0.16198015213012695
random,mean,8,RNASE1,,,0.8366749882698059
random,mean,8,TMEM144,,,0.5443217158317566
random,mean,8,ENPP2,,,0.6365998983383179
random,mean,8,MAL,0.0,,0.640605628490448
random,mean,8,NKX6-2,,,0.46877604722976685
random,mean,8,HSPA2,,,0.5737232565879822
random,mean,8,G0S2,,,0.45052945613861084
random,pca_ridge,8,SCGB2A2,0.2923379969979839,0.2817698769374429,1.464424729347229
random,pca_ridge,8,SCGB1D2,0.23357768610456003,0.2294617342471205,1.1538771390914917
random,pca_ridge,8,MBP,0.4952361752237461,0.3994847209629412,1.0286411046981812
random,pca_ridge,8,GFAP,0.45049638678318793,0.3960691933615735,1.0693978071212769
random,pca_ridge,8,PLP1,0.49687095092774,0.3792639373511525,1.0998369455337524
random,pca_ridge,8,SAA1,0.12894979297511816,0.10536384193203951,0.8316062092781067
random,pca_ridge,8,MGP,0.12736012060493315,0.11567466754775543,1.0432487726211548
random,pca_ridge,8,IGKC,0.08623571580583456,0.06497505791713092,1.030646800994873
random,pca_ridge,8,FABP4,0.15884241430055895,0.12948827372944857,0.7556437253952026
random,pca_ridge,8,MOBP,0.46877192219222097,0.3032945419588891,0.7345988750457764
random,pca_ridge,8,HBB,0.07802343031937382,0.09435332019787157,0.8322633504867554
random,pca_ridge,8,NEFL,0.4691716312238364,0.41109390279641217,0.8956125974655151
random,pca_ridge,8,TF,0.4480537105123945,0.30266504681121287,0.840177059173584
random,pca_ridge,8,IGHG3,0.056034839426814656,0.05783755591024511,0.49500301480293274
random,pca_ridge,8,CNP,0.4359568406976512,0.30822650102808985,0.9530470967292786
random,pca_ridge,8,CPB1,0.06497890564059365,0.0782511920856637,0.46668094396591187
random,pca_ridge,8,CRYAB,0.3981037349112624,0.2992414071000438,0.9927153587341309
random,pca_ridge,8,IGHA1,0.05232448546738876,0.032574921222033176,0.6436722874641418
random,pca_ridge,8,KRT8,0.25079963337801003,0.19758361464967414,0.8676682710647583
random,pca_ridge,8,MUC1,0.2372966888944734,0.21685422156486156,0.9318646788597107
random,pca_ridge,8,KRT19,0.24513301493857845,0.2249689942539983,0.9820795655250549
random,pca_ridge,8,IGLC2,0.04499928257688887,0.03531438461636839,0.6899086833000183
random,pca_ridge,8,TFF1,0.15330742487658316,0.15910124632112216,0.7999656200408936
random,pca_ridge,8,MAG,0.41554122807092564,0.28014483337981444,0.6468718647956848
random,pca_ridge,8,ERMN,0.417126223157016,0.2539765483897391,0.555888295173645
random,pca_ridge,8,CLDN11,0.4161735342212626,0.2750148656789377,0.6099110841751099
random,pca_ridge,8,CLDND1,0.41251952274403847,0.2896317873148895,0.7907170057296753
random,pca_ridge,8,SPP1,0.4082715155291725,0.2707993139943906,0.6913495659828186
random,pca_ridge,8,PPP1R14A,0.40423470646003157,0.2670628481175806,0.7185920476913452
random,pca_ridge,8,S100B,0.3222021404678746,0.27799826538163896,0.9786108732223511
random,pca_ridge,8,MOG,0.4265674117168252,0.2652368796012423,0.46744483709335327
random,pca_ridge,8,MALAT1,0.1878063817179458,0.21351773384778008,1.0310043096542358
random,pca_ridge,8,CARNS1,0.42867949709832587,0.2974705610811793,0.49384018778800964
random,pca_ridge,8,IGHG4,0.03676675960782305,0.03917640691061013,0.4711270034313202
random,pca_ridge,8,KRT18,0.20929713466750574,0.16391778827122588,0.8118254542350769
random,pca_ridge,8,BCAS1,0.36782814764251126,0.24286857049775276,0.6110696196556091
random,pca_ridge,8,PTGDS,0.3066890013999247,0.2760242904525666,0.8963666558265686
random,pca_ridge,8,SAA2,0.07682020630473746,0.06503850257334272,0.3690639138221741
random,pca_ridge,8,SEPT4,0.3474028378609608,0.27469403691495126,0.7816652655601501
random,pca_ridge,8,TFF3,0.13947254284913888,0.13907433925793905,0.8437763452529907
random,pca_ridge,8,HPCAL1,0.22923286421556796,0.23145846676012474,0.8966705799102783
random,pca_ridge,8,S100A11,0.23125767114690998,0.1731132649178935,0.8428881168365479
random,pca_ridge,8,ALB,0.03322077625979615,0.035835688693423295,0.16195251047611237
random,pca_ridge,8,RNASE1,0.3654841681064231,0.26117240138897757,0.7787917256355286
random,pca_ridge,8,TMEM144,0.3657810203525187,0.2401939556511977,0.5072253942489624
random,pca_ridge,8,ENPP2,0.3878036496964089,0.26578981351665537,0.5866701602935791
random,pca_ridge,8,MAL,0.32488708034961067,0.2230616416103209,0.6069045066833496
random,pca_ridge,8,NKX6-2,0.30876961718393064,0.19890385776603378,0.4476729929447174
random,pca_ridge,8,HSPA2,0.3468268990762827,0.23213541224731774,0.5386536121368408
random,pca_ridge,8,G0S2,0.10059466963054897,0.07771526438307558,0.4482596516609192
random,spatial_knn,8,SCGB2A2,0.7075029418465719,0.7021407076824207,1.087421450997851
random,spatial_knn,8,SCGB1D2,0.589108845535553,0.5891923856383771,0.9658777576877436
random,spatial_knn,8,MBP,0.4845727475016625,0.4421220918940642,1.048849750139686
random,spatial_knn,8,GFAP,0.23526809958653688,0.21008233782452448,1.1921912706226923
random,spatial_knn,8,PLP1,0.44046953531842636,0.3710454615413014,1.1548812859957238
random,spatial_knn,8,SAA1,0.5150943239320918,0.45903332917696854,0.7262044976876001
random,spatial_knn,8,MGP,0.43810581835531714,0.4047136367103936,0.9576085563139809
random,spatial_knn,8,IGKC,0.3439604169739661,0.33394718612345087,0.990468762095961
random,spatial_knn,8,FABP4,0.45243781264210525,0.41205327162330646,0.6893473424244737
random,spatial_knn,8,MOBP,0.37823845585801513,0.2620308025644205,0.7860827807538415
random,spatial_knn,8,HBB,0.33434168900902583,0.24624678915782952,0.7992985268386499
random,spatial_knn,8,NEFL,0.17819398221642627,0.1609084708717364,1.0285962270676743
random,spatial_knn,8,TF,0.3120219857544928,0.22823329980703871,0.9132302722301272
random,spatial_knn,8,IGHG3,0.2992049872914725,0.17881496496417548,0.4838888133647111
random,spatial_knn,8,CNP,0.30952774228254126,0.2333995752712276,1.0290185278523958
random,spatial_knn,8,CPB1,0.3687757931274809,0.31510497839569573,0.4415155834052395
random,spatial_knn,8,CRYAB,0.2973087529948111,0.24749815107215914,1.0553350637653605
random,spatial_knn,8,IGHA1,0.27615897140245216,0.259790592353572,0.6339573977967696
random,spatial_knn,8,KRT8,0.32492888653992213,0.3056890287439783,0.8629314846704543
random,spatial_knn,8,MUC1,0.3406365980673828,0.34812376146346924,0.9151013140126537
random,spatial_knn,8,KRT19,0.30981290039458576,0.3070750654361479,0.9786812089365774
random,spatial_knn,8,IGLC2,0.27110053079715607,0.24370779187516292,0.6810713093718919
random,spatial_knn,8,TFF1,0.32717768921095125,0.3373158249650084,0.7787145113628618
random,spatial_knn,8,MAG,0.2601459208092639,0.1924422723004537,0.7076404043431215
random,spatial_knn,8,ERMN,0.29064309571107005,0.2017592971147145,0.5998047573702843
random,spatial_knn,8,CLDN11,0.28058683628596304,0.19597127784323742,0.6573391563720092
random,spatial_knn,8,CLDND1,0.2788536871904559,0.21177567577981263,0.852625845635081
random,spatial_knn,8,SPP1,0.2801325669506558,0.21757073739149113,0.7440720216821978
random,spatial_knn,8,PPP1R14A,0.2744455306603141,0.19800665513142918,0.7742078737002152
random,spatial_knn,8,S100B,0.11421096770967848,0.09601278825692221,1.0703409295650588
random,spatial_knn,8,MOG,0.2823976720821187,0.18271411249072073,0.5062280906838347
random,spatial_knn,8,MALAT1,0.18876088396769253,0.18299569625210801,1.0609302728286605
random,spatial_knn,8,CARNS1,0.21622337627542226,0.14723702844698566,0.5521472402874489
random,spatial_knn,8,IGHG4,0.21142823846143213,0.1373005131287509,0.4735439528683328
random,spatial_knn,8,KRT18,0.24054008308263716,0.24359469607464054,0.824306777989066
random,spatial_knn,8,BCAS1,0.23575986461883464,0.17563718447538842,0.656563803407309
random,spatial_knn,8,PTGDS,0.09778311358789651,0.09660750994982402,0.9750435268719907
random,spatial_knn,8,SAA2,0.23741955692341582,0.2594619204490951,0.3695146075553894
random,spatial_knn,8,SEPT4,0.22805037948088852,0.1818469270771258,0.8335189399632493
random,spatial_knn,8,TFF3,0.23276820041306256,0.2473383107785687,0.8498869935006025
random,spatial_knn,8,HPCAL1,0.13033812303394973,0.12939407089364713,0.9442810507313152
random,spatial_knn,8,S100A11,0.23669227691858713,0.20665629943891006,0.8648728691513979
random,spatial_knn,8,ALB,0.32696917712602336,0.20124727540477802,0.15633010917947726
random,spatial_knn,8,RNASE1,0.1997827707085812,0.1675660896918872,0.8462949371152463
random,spatial_knn,8,TMEM144,0.21838297448265304,0.13947081335314096,0.5500266296395444
random,spatial_knn,8,ENPP2,0.22974030731802103,0.1689999366579025,0.6357573668199094
random,spatial_knn,8,MAL,0.2136080590731264,0.15185974824283804,0.6446590170499252
random,spatial_knn,8,NKX6-2,0.21666554336316954,0.15368919910002846,0.470765905057257
random,spatial_knn,8,HSPA2,0.2032277740698062,0.1355936347870351,0.580444281162912
random,spatial_knn,8,G0S2,0.2659639245265125,0.2411769595960173,0.4431525580872522
matched_hop0,mean,8,SCGB2A2,,,1.4139487743377686
matched_hop0,mean,8,SCGB1D2,,,1.1176453828811646
matched_hop0,mean,8,MBP,0.0,,1.0693893432617188
matched_hop0,mean,8,GFAP,0.0,,1.1063594818115234
matched_hop0,mean,8,PLP1,,,1.1206802129745483
matched_hop0,mean,8,SAA1,,,1.011454701423645
matched_hop0,mean,8,MGP,,,1.1461459398269653
matched_hop0,mean,8,IGKC,0.0,,0.9216110110282898
matched_hop0,mean,8,FABP4,0.0,,0.9048886299133301
matched_hop0,mean,8,MOBP,,,0.6536226272583008
matched_hop0,mean,8,HBB,0.0,,0.9039648175239563
matched_hop0,mean,8,NEFL,,,0.9691310524940491
matched_hop0,mean,8,TF,,,0.7882503867149353
matched_hop0,mean,8,IGHG3,0.0,,0.510532021522522
matched_hop0,mean,8,CNP,,,0.9277656078338623
matched_hop0,mean,8,CPB1,0.0,,0.6304104924201965
matched_hop0,mean,8,CRYAB,,,0.9600686430931091
matched_hop0,mean,8,IGHA1,0.0,,0.5359525084495544
matched_hop0,mean,8,KRT8,0.0,,0.7662706971168518
matched_hop0,mean,8,MUC1,0.0,,0.9118691086769104
matched_hop0,mean,8,KRT19,,,0.9444860816001892
matched_hop0,mean,8,IGLC2,,,0.594475507736206
matched_hop0,mean,8,TFF1,0.0,,0.7942260503768921
matched_hop0,mean,8,MAG,,,0.5911601185798645
matched_hop0,mean,8,ERMN,0.0,,0.4793073534965515
matched_hop0,mean,8,CLDN11,,,0.5350720882415771
matched_hop0,mean,8,CLDND1,0.0,,0.7523654699325562
matched_hop0,mean,8,SPP1,,,0.6306937336921692
matched_hop0,mean,8,PPP1R14A,,,0.6692310571670532
matched_hop0,mean,8,S100B,,,0.9636619687080383
matched_hop0,mean,8,MOG,,,0.3979949355125427
matched_hop0,mean,8,MALAT1,,,1.005491018295288
matched_hop0,mean,8,CARNS1,,,0.4451145529747009
matched_hop0,mean,8,IGHG4,0.0,,0.4408128261566162
matched_hop0,mean,8,KRT18,,,0.6983206272125244
matched_hop0,mean,8,BCAS1,0.0,,0.5288259983062744
matched_hop0,mean,8,PTGDS,0.0,,0.8508158922195435
matched_hop0,mean,8,SAA2,0.0,,0.5073491334915161
matched_hop0,mean,8,SEPT4,0.0,,0.7457103729248047
matched_hop0,mean,8,TFF3,,,0.8343944549560547
matched_hop0,mean,8,HPCAL1,,,0.9244716763496399
matched_hop0,mean,8,S100A11,,,0.7645299434661865
matched_hop0,mean,8,ALB,0.0,,0.0933074802160263
matched_hop0,mean,8,RNASE1,,,0.7596101760864258
matched_hop0,mean,8,TMEM144,,,0.44381076097488403
matched_hop0,mean,8,ENPP2,0.0,,0.5507875084877014
matched_hop0,mean,8,MAL,,,0.5452921390533447
matched_hop0,mean,8,NKX6-2,,,0.37749728560447693
matched_hop0,mean,8,HSPA2,0.0,,0.4789656400680542
matched_hop0,mean,8,G0S2,0.0,,0.5528850555419922
matched_hop0,pca_ridge,8,SCGB2A2,0.17893386024343522,0.17247178101988503,1.4108437299728394
matched_hop0,pca_ridge,8,SCGB1D2,0.16967132266590168,0.16826398169980056,1.1110663414001465
matched_hop0,pca_ridge,8,MBP,0.3663643347885812,0.37233670822524034,0.9980600476264954
matched_hop0,pca_ridge,8,GFAP,0.4094088487402592,0.3551463050043129,1.009626865386963
matched_hop0,pca_ridge,8,PLP1,0.32410149711593295,0.2973011623142171,1.061555027961731
matched_hop0,pca_ridge,8,SAA1,0.1962801514889788,0.17663477841971334,0.9959403276443481
matched_hop0,pca_ridge,8,MGP,0.18201606169680415,0.1597044128743879,1.1294528245925903
matched_hop0,pca_ridge,8,IGKC,0.047533214321713514,0.042978318907769326,0.9218392372131348
matched_hop0,pca_ridge,8,FABP4,0.20785928862134212,0.1718757707139289,0.889927089214325
matched_hop0,pca_ridge,8,MOBP,0.20052793479399356,0.1887884910898816,0.6417890787124634
matched_hop0,pca_ridge,8,HBB,0.03386131566568716,0.07182997693422054,0.9036099910736084
matched_hop0,pca_ridge,8,NEFL,0.48897292084241967,0.4078220696836046,0.845310628414154
matched_hop0,pca_ridge,8,TF,0.24912462287319986,0.24102990916702388,0.7638454437255859
matched_hop0,pca_ridge,8,IGHG3,0.016912103846242338,0.039436524980584246,0.5109303593635559
matched_hop0,pca_ridge,8,CNP,0.2472193834384874,0.2191779276946312,0.8992076516151428
matched_hop0,pca_ridge,8,CPB1,0.09758228407097774,0.11408676874864591,0.6276276707649231
matched_hop0,pca_ridge,8,CRYAB,0.18627152311494344,0.16323309719125237,0.9448036551475525
matched_hop0,pca_ridge,8,IGHA1,0.007947380879875426,-0.0009916249550514808,0.5391960740089417
matched_hop0,pca_ridge,8,KRT8,0.10892671228818969,0.0943684231363507,0.7648939490318298
matched_hop0,pca_ridge,8,MUC1,0.13962184586517365,0.1382282022325621,0.9061917066574097
matched_hop0,pca_ridge,8,KRT19,0.15799805393827257,0.14729720508361505,0.9330828785896301
matched_hop0,pca_ridge,8,IGLC2,0.017502367006934073,-0.000676063281294985,0.5958124995231628
matched_hop0,pca_ridge,8,TFF1,0.14485714406701286,0.15883726031601683,0.786564826965332
matched_hop0,pca_ridge,8,MAG,0.18705530679822127,0.17575702390408335,0.5813436508178711
matched_hop0,pca_ridge,8,ERMN,0.18730518179837954,0.17811519559952269,0.4713829457759857
matched_hop0,pca_ridge,8,CLDN11,0.1725638772202517,0.1692374517197829,0.5278790593147278
matched_hop0,pca_ridge,8,CLDND1,0.19995991740158905,0.2139395752377137,0.738182544708252
matched_hop0,pca_ridge,8,SPP1,0.21130389145190356,0.21984133854893712,0.6171491742134094
matched_hop0,pca_ridge,8,PPP1R14A,0.14717803234656843,0.1455319328912839,0.6639026403427124
matched_hop0,pca_ridge,8,S100B,0.23151518141785482,0.2222439648099385,0.9381315112113953
matched_hop0,pca_ridge,8,MOG,0.1466177194501772,0.14349142285753788,0.3946720063686371
matched_hop0,pca_ridge,8,MALAT1,0.17910380577083743,0.20805642167841346,0.9886595010757446
matched_hop0,pca_ridge,8,CARNS1,0.16846119268514895,0.17590507054618806,0.4394264221191406
matched_hop0,pca_ridge,8,IGHG4,0.01460761613571661,0.024593871712504756,0.4413914680480957
matched_hop0,pca_ridge,8,KRT18,0.10005665110989313,0.08170161923809034,0.6971904039382935
matched_hop0,pca_ridge,8,BCAS1,0.14689538924832105,0.1521278604516095,0.5240820646286011
matched_hop0,pca_ridge,8,PTGDS,0.18606373809935892,0.20378854954647035,0.8364319205284119
matched_hop0,pca_ridge,8,SAA2,0.09926224180501811,0.09436463349507032,0.505031943321228
matched_hop0,pca_ridge,8,SEPT4,0.20613446679979164,0.2313621571162413,0.7300638556480408
matched_hop0,pca_ridge,8,TFF3,0.1492861635262369,0.15034396717894796,0.8252419829368591
matched_hop0,pca_ridge,8,HPCAL1,0.22352265893433693,0.2292297818046807,0.8999767303466797
matched_hop0,pca_ridge,8,S100A11,0.11222804469499968,0.08967697917586395,0.7623870372772217
matched_hop0,pca_ridge,8,ALB,0.004219378450445033,0.002644819613625115,0.09404334425926208
matched_hop0,pca_ridge,8,RNASE1,0.15585695250888473,0.15178940716596362,0.7504262924194336
matched_hop0,pca_ridge,8,TMEM144,0.14921923389344893,0.15615894450354476,0.4396120309829712
matched_hop0,pca_ridge,8,ENPP2,0.14682593657943344,0.16365607183934405,0.545467734336853
matched_hop0,pca_ridge,8,MAL,0.1296969822601097,0.1346829578194068,0.5413104295730591
matched_hop0,pca_ridge,8,NKX6-2,0.14182291625720825,0.1434588691965878,0.3738667964935303
matched_hop0,pca_ridge,8,HSPA2,0.13655470074779227,0.1281460131789689,0.4749516546726227
matched_hop0,pca_ridge,8,G0S2,0.11988312420021391,0.09862618396931623,0.5490507483482361
matched_hop0,spatial_knn,8,SCGB2A2,0.4285930920298521,0.3967746482794313,1.4542286661638697
matched_hop0,spatial_knn,8,SCGB1D2,0.34364666838772573,0.3370699871191905,1.1297294207390676
matched_hop0,spatial_knn,8,MBP,0.28276809909488665,0.23711825235018108,1.0242416207162268
matched_hop0,spatial_knn,8,GFAP,0.04971834722886368,0.05429744800628848,1.1491054231546438
matched_hop0,spatial_knn,8,PLP1,0.20706603626695175,0.18109524317294953,1.1049565828483559
matched_hop0,spatial_knn,8,SAA1,0.4013278421960847,0.41248468458456455,0.9223097504856995
matched_hop0,spatial_knn,8,MGP,0.18128043644544484,0.1931460373767169,1.1751935309302783
matched_hop0,spatial_knn,8,IGKC,0.32691582339060443,0.3294787483285705,0.8982426598638126
matched_hop0,spatial_knn,8,FABP4,0.37635239459602976,0.36085276006838013,0.8334460959695249
matched_hop0,spatial_knn,8,MOBP,0.13865018277551885,0.0873735949793941,0.6523248228909567
matched_hop0,spatial_knn,8,HBB,0.26603975644077776,0.21471218923809773,0.8773204257952872
matched_hop0,spatial_knn,8,NEFL,0.1619062963856279,0.1369995762544064,0.9814118127299357
matched_hop0,spatial_knn,8,TF,0.13171025930398703,0.09947001621619167,0.7904135120438606
matched_hop0,spatial_knn,8,IGHG3,0.21229937272452457,0.19481927344705366,0.5030201744658623
matched_hop0,spatial_knn,8,CNP,0.11123106170381958,0.09106289793799867,0.9326212051432506
matched_hop0,spatial_knn,8,CPB1,0.35027194001354606,0.3383968236513721,0.5871809236639638
matched_hop0,spatial_knn,8,CRYAB,0.06413633460385523,0.05555705559625859,0.9802475933619104
matched_hop0,spatial_knn,8,IGHA1,0.11254256518943717,0.14221103213892275,0.5360405723783221
matched_hop0,spatial_knn,8,KRT8,0.11624382831395058,0.09495484823602003,0.7786293469201735
matched_hop0,spatial_knn,8,MUC1,0.1696036068343833,0.17394684858170112,0.9297258349401701
matched_hop0,spatial_knn,8,KRT19,0.19801681856586673,0.16907022931237273,0.9685736140777899
matched_hop0,spatial_knn,8,IGLC2,0.19301802673784357,0.21056577165055132,0.5860062898907527
matched_hop0,spatial_knn,8,TFF1,0.16722359897614578,0.17149489415248126,0.8033304493523549
matched_hop0,spatial_knn,8,MAG,0.08270616560057108,0.05395960387462166,0.6021777751153969
matched_hop0,spatial_knn,8,ERMN,0.09672065082591418,0.059313807930101686,0.48372998520889093
matched_hop0,spatial_knn,8,CLDN11,0.04066846155212807,0.02482015752262819,0.5520541105963918
matched_hop0,spatial_knn,8,CLDND1,0.09511318214326811,0.0623819000624438,0.759569207653765
matched_hop0,spatial_knn,8,SPP1,0.10101919936548093,0.07122938753361258,0.6398635620030164
matched_hop0,spatial_knn,8,PPP1R14A,0.03029656062421991,0.020559028200354563,0.6839395537464547
matched_hop0,spatial_knn,8,S100B,0.03650094372764923,0.034682968570662887,0.9880363716110155
matched_hop0,spatial_knn,8,MOG,0.07580599815454753,0.05233991178593533,0.4026605634914489
matched_hop0,spatial_knn,8,MALAT1,0.13160470542570302,0.16026945530189152,1.0095347419247878
matched_hop0,spatial_knn,8,CARNS1,0.014064977728216231,0.018106724164629804,0.4577480168813881
matched_hop0,spatial_knn,8,IGHG4,0.19270786659417694,0.16924687502132033,0.43974123812756777
matched_hop0,spatial_knn,8,KRT18,0.11384384899350117,0.10172304887215648,0.7122357570381972
matched_hop0,spatial_knn,8,BCAS1,0.07532254304374598,0.054499153736722795,0.5364616829601571
matched_hop0,spatial_knn,8,PTGDS,-0.005013239826088534,0.003361504258010276,0.8887482936343328
matched_hop0,spatial_knn,8,SAA2,0.10992213185632291,0.19428263963044984,0.5226503818339744
matched_hop0,spatial_knn,8,SEPT4,0.07269654764025268,0.04829072234405787,0.7634713638646539
matched_hop0,spatial_knn,8,TFF3,0.02794338992852025,0.03682262625444809,0.8727093104520417
matched_hop0,spatial_knn,8,HPCAL1,0.09000847007949,0.08688922160863889,0.9498728029402578
matched_hop0,spatial_knn,8,S100A11,0.03238969672591258,0.030076895079745807,0.7936957632582741
matched_hop0,spatial_knn,8,ALB,-0.0011912379600899857,-0.004113401239380397,0.09384011262447114
matched_hop0,spatial_knn,8,RNASE1,0.05441200634371357,0.041527947939698044,0.7695774844232723
matched_hop0,spatial_knn,8,TMEM144,0.03767509235691471,0.015242811631007354,0.4565138550201107
matched_hop0,spatial_knn,8,ENPP2,0.043842903758736326,0.03305304877946596,0.5674457311521196
matched_hop0,spatial_knn,8,MAL,0.038785355385568814,0.022874907176817824,0.5576610982959411
matched_hop0,spatial_knn,8,NKX6-2,0.07009790509649758,0.04804145818022564,0.3841527822511354
matched_hop0,spatial_knn,8,HSPA2,0.00020901037947908903,0.0007522258739220363,0.49129881854227525
matched_hop0,spatial_knn,8,G0S2,0.24599886958787343,0.23372001383854382,0.5471747008640305
matched_hop1,mean,8,SCGB2A2,,,1.4139487743377686
matched_hop1,mean,8,SCGB1D2,,,1.1176453828811646
matched_hop1,mean,8,MBP,0.0,,1.0693893432617188
matched_hop1,mean,8,GFAP,0.0,,1.1063594818115234
matched_hop1,mean,8,PLP1,,,1.1206802129745483
matched_hop1,mean,8,SAA1,,,1.011454701423645
matched_hop1,mean,8,MGP,,,1.1461459398269653
matched_hop1,mean,8,IGKC,0.0,,0.9216110110282898
matched_hop1,mean,8,FABP4,0.0,,0.9048886299133301
matched_hop1,mean,8,MOBP,,,0.6536226272583008
matched_hop1,mean,8,HBB,0.0,,0.9039648175239563
matched_hop1,mean,8,NEFL,,,0.9691310524940491
matched_hop1,mean,8,TF,,,0.7882503867149353
matched_hop1,mean,8,IGHG3,0.0,,0.510532021522522
matched_hop1,mean,8,CNP,,,0.9277656078338623
matched_hop1,mean,8,CPB1,0.0,,0.6304104924201965
matched_hop1,mean,8,CRYAB,,,0.9600686430931091
matched_hop1,mean,8,IGHA1,0.0,,0.5359525084495544
matched_hop1,mean,8,KRT8,0.0,,0.7662706971168518
matched_hop1,mean,8,MUC1,0.0,,0.9118691086769104
matched_hop1,mean,8,KRT19,,,0.9444860816001892
matched_hop1,mean,8,IGLC2,,,0.594475507736206
matched_hop1,mean,8,TFF1,0.0,,0.7942260503768921
matched_hop1,mean,8,MAG,,,0.5911601185798645
matched_hop1,mean,8,ERMN,0.0,,0.4793073534965515
matched_hop1,mean,8,CLDN11,,,0.5350720882415771
matched_hop1,mean,8,CLDND1,0.0,,0.7523654699325562
matched_hop1,mean,8,SPP1,,,0.6306937336921692
matched_hop1,mean,8,PPP1R14A,,,0.6692310571670532
matched_hop1,mean,8,S100B,,,0.9636619687080383
matched_hop1,mean,8,MOG,,,0.3979949355125427
matched_hop1,mean,8,MALAT1,,,1.005491018295288
matched_hop1,mean,8,CARNS1,,,0.4451145529747009
matched_hop1,mean,8,IGHG4,0.0,,0.4408128261566162
matched_hop1,mean,8,KRT18,,,0.6983206272125244
matched_hop1,mean,8,BCAS1,0.0,,0.5288259983062744
matched_hop1,mean,8,PTGDS,0.0,,0.8508158922195435
matched_hop1,mean,8,SAA2,0.0,,0.5073491334915161
matched_hop1,mean,8,SEPT4,0.0,,0.7457103729248047
matched_hop1,mean,8,TFF3,,,0.8343944549560547
matched_hop1,mean,8,HPCAL1,,,0.9244716763496399
matched_hop1,mean,8,S100A11,,,0.7645299434661865
matched_hop1,mean,8,ALB,0.0,,0.0933074802160263
matched_hop1,mean,8,RNASE1,,,0.7596101760864258
matched_hop1,mean,8,TMEM144,,,0.44381076097488403
matched_hop1,mean,8,ENPP2,0.0,,0.5507875084877014
matched_hop1,mean,8,MAL,,,0.5452921390533447
matched_hop1,mean,8,NKX6-2,,,0.37749728560447693
matched_hop1,mean,8,HSPA2,0.0,,0.4789656400680542
matched_hop1,mean,8,G0S2,0.0,,0.5528850555419922
matched_hop1,pca_ridge,8,SCGB2A2,0.17893386024343522,0.17247178101988503,1.4108437299728394
matched_hop1,pca_ridge,8,SCGB1D2,0.16967132266590168,0.16826398169980056,1.1110663414001465
matched_hop1,pca_ridge,8,MBP,0.3663643347885812,0.37233670822524034,0.9980600476264954
matched_hop1,pca_ridge,8,GFAP,0.4094088487402592,0.3551463050043129,1.009626865386963
matched_hop1,pca_ridge,8,PLP1,0.32410149711593295,0.2973011623142171,1.061555027961731
matched_hop1,pca_ridge,8,SAA1,0.1962801514889788,0.17663477841971334,0.9959403276443481
matched_hop1,pca_ridge,8,MGP,0.18201606169680415,0.1597044128743879,1.1294528245925903
matched_hop1,pca_ridge,8,IGKC,0.047533214321713514,0.042978318907769326,0.9218392372131348
matched_hop1,pca_ridge,8,FABP4,0.20785928862134212,0.1718757707139289,0.889927089214325
matched_hop1,pca_ridge,8,MOBP,0.20052793479399356,0.1887884910898816,0.6417890787124634
matched_hop1,pca_ridge,8,HBB,0.03386131566568716,0.07182997693422054,0.9036099910736084
matched_hop1,pca_ridge,8,NEFL,0.48897292084241967,0.4078220696836046,0.845310628414154
matched_hop1,pca_ridge,8,TF,0.24912462287319986,0.24102990916702388,0.7638454437255859
matched_hop1,pca_ridge,8,IGHG3,0.016912103846242338,0.039436524980584246,0.5109303593635559
matched_hop1,pca_ridge,8,CNP,0.2472193834384874,0.2191779276946312,0.8992076516151428
matched_hop1,pca_ridge,8,CPB1,0.09758228407097774,0.11408676874864591,0.6276276707649231
matched_hop1,pca_ridge,8,CRYAB,0.18627152311494344,0.16323309719125237,0.9448036551475525
matched_hop1,pca_ridge,8,IGHA1,0.007947380879875426,-0.0009916249550514808,0.5391960740089417
matched_hop1,pca_ridge,8,KRT8,0.10892671228818969,0.0943684231363507,0.7648939490318298
matched_hop1,pca_ridge,8,MUC1,0.13962184586517365,0.1382282022325621,0.9061917066574097
matched_hop1,pca_ridge,8,KRT19,0.15799805393827257,0.14729720508361505,0.9330828785896301
matched_hop1,pca_ridge,8,IGLC2,0.017502367006934073,-0.000676063281294985,0.5958124995231628
matched_hop1,pca_ridge,8,TFF1,0.14485714406701286,0.15883726031601683,0.786564826965332
matched_hop1,pca_ridge,8,MAG,0.18705530679822127,0.17575702390408335,0.5813436508178711
matched_hop1,pca_ridge,8,ERMN,0.18730518179837954,0.17811519559952269,0.4713829457759857
matched_hop1,pca_ridge,8,CLDN11,0.1725638772202517,0.1692374517197829,0.5278790593147278
matched_hop1,pca_ridge,8,CLDND1,0.19995991740158905,0.2139395752377137,0.738182544708252
matched_hop1,pca_ridge,8,SPP1,0.21130389145190356,0.21984133854893712,0.6171491742134094
matched_hop1,pca_ridge,8,PPP1R14A,0.14717803234656843,0.1455319328912839,0.6639026403427124
matched_hop1,pca_ridge,8,S100B,0.23151518141785482,0.2222439648099385,0.9381315112113953
matched_hop1,pca_ridge,8,MOG,0.1466177194501772,0.14349142285753788,0.3946720063686371
matched_hop1,pca_ridge,8,MALAT1,0.17910380577083743,0.20805642167841346,0.9886595010757446
matched_hop1,pca_ridge,8,CARNS1,0.16846119268514895,0.17590507054618806,0.4394264221191406
matched_hop1,pca_ridge,8,IGHG4,0.01460761613571661,0.024593871712504756,0.4413914680480957
matched_hop1,pca_ridge,8,KRT18,0.10005665110989313,0.08170161923809034,0.6971904039382935
matched_hop1,pca_ridge,8,BCAS1,0.14689538924832105,0.1521278604516095,0.5240820646286011
matched_hop1,pca_ridge,8,PTGDS,0.18606373809935892,0.20378854954647035,0.8364319205284119
matched_hop1,pca_ridge,8,SAA2,0.09926224180501811,0.09436463349507032,0.505031943321228
matched_hop1,pca_ridge,8,SEPT4,0.20613446679979164,0.2313621571162413,0.7300638556480408
matched_hop1,pca_ridge,8,TFF3,0.1492861635262369,0.15034396717894796,0.8252419829368591
matched_hop1,pca_ridge,8,HPCAL1,0.22352265893433693,0.2292297818046807,0.8999767303466797
matched_hop1,pca_ridge,8,S100A11,0.11222804469499968,0.08967697917586395,0.7623870372772217
matched_hop1,pca_ridge,8,ALB,0.004219378450445033,0.002644819613625115,0.09404334425926208
matched_hop1,pca_ridge,8,RNASE1,0.15585695250888473,0.15178940716596362,0.7504262924194336
matched_hop1,pca_ridge,8,TMEM144,0.14921923389344893,0.15615894450354476,0.4396120309829712
matched_hop1,pca_ridge,8,ENPP2,0.14682593657943344,0.16365607183934405,0.545467734336853
matched_hop1,pca_ridge,8,MAL,0.1296969822601097,0.1346829578194068,0.5413104295730591
matched_hop1,pca_ridge,8,NKX6-2,0.14182291625720825,0.1434588691965878,0.3738667964935303
matched_hop1,pca_ridge,8,HSPA2,0.13655470074779227,0.1281460131789689,0.4749516546726227
matched_hop1,pca_ridge,8,G0S2,0.11988312420021391,0.09862618396931623,0.5490507483482361
matched_hop1,spatial_knn,8,SCGB2A2,0.4285930920298521,0.3967746482794313,1.4542286661638697
matched_hop1,spatial_knn,8,SCGB1D2,0.34364666838772573,0.3370699871191905,1.1297294207390676
matched_hop1,spatial_knn,8,MBP,0.28276809909488665,0.23711825235018108,1.0242416207162268
matched_hop1,spatial_knn,8,GFAP,0.04971834722886368,0.05429744800628848,1.1491054231546438
matched_hop1,spatial_knn,8,PLP1,0.20706603626695175,0.18109524317294953,1.1049565828483559
matched_hop1,spatial_knn,8,SAA1,0.4013278421960847,0.41248468458456455,0.9223097504856995
matched_hop1,spatial_knn,8,MGP,0.18128043644544484,0.1931460373767169,1.1751935309302783
matched_hop1,spatial_knn,8,IGKC,0.32691582339060443,0.3294787483285705,0.8982426598638126
matched_hop1,spatial_knn,8,FABP4,0.37635239459602976,0.36085276006838013,0.8334460959695249
matched_hop1,spatial_knn,8,MOBP,0.13865018277551885,0.0873735949793941,0.6523248228909567
matched_hop1,spatial_knn,8,HBB,0.26603975644077776,0.21471218923809773,0.8773204257952872
matched_hop1,spatial_knn,8,NEFL,0.1619062963856279,0.1369995762544064,0.9814118127299357
matched_hop1,spatial_knn,8,TF,0.13171025930398703,0.09947001621619167,0.7904135120438606
matched_hop1,spatial_knn,8,IGHG3,0.21229937272452457,0.19481927344705366,0.5030201744658623
matched_hop1,spatial_knn,8,CNP,0.11123106170381958,0.09106289793799867,0.9326212051432506
matched_hop1,spatial_knn,8,CPB1,0.35027194001354606,0.3383968236513721,0.5871809236639638
matched_hop1,spatial_knn,8,CRYAB,0.06413633460385523,0.05555705559625859,0.9802475933619104
matched_hop1,spatial_knn,8,IGHA1,0.11254256518943717,0.14221103213892275,0.5360405723783221
matched_hop1,spatial_knn,8,KRT8,0.11624382831395058,0.09495484823602003,0.7786293469201735
matched_hop1,spatial_knn,8,MUC1,0.1696036068343833,0.17394684858170112,0.9297258349401701
matched_hop1,spatial_knn,8,KRT19,0.19801681856586673,0.16907022931237273,0.9685736140777899
matched_hop1,spatial_knn,8,IGLC2,0.19301802673784357,0.21056577165055132,0.5860062898907527
matched_hop1,spatial_knn,8,TFF1,0.16722359897614578,0.17149489415248126,0.8033304493523549
matched_hop1,spatial_knn,8,MAG,0.08270616560057108,0.05395960387462166,0.6021777751153969
matched_hop1,spatial_knn,8,ERMN,0.09672065082591418,0.059313807930101686,0.48372998520889093
matched_hop1,spatial_knn,8,CLDN11,0.04066846155212807,0.02482015752262819,0.5520541105963918
matched_hop1,spatial_knn,8,CLDND1,0.09511318214326811,0.0623819000624438,0.759569207653765
matched_hop1,spatial_knn,8,SPP1,0.10101919936548093,0.07122938753361258,0.6398635620030164
matched_hop1,spatial_knn,8,PPP1R14A,0.03029656062421991,0.020559028200354563,0.6839395537464547
matched_hop1,spatial_knn,8,S100B,0.03650094372764923,0.034682968570662887,0.9880363716110155
matched_hop1,spatial_knn,8,MOG,0.07580599815454753,0.05233991178593533,0.4026605634914489
matched_hop1,spatial_knn,8,MALAT1,0.13160470542570302,0.16026945530189152,1.0095347419247878
matched_hop1,spatial_knn,8,CARNS1,0.014064977728216231,0.018106724164629804,0.4577480168813881
matched_hop1,spatial_knn,8,IGHG4,0.19270786659417694,0.16924687502132033,0.43974123812756777
matched_hop1,spatial_knn,8,KRT18,0.11384384899350117,0.10172304887215648,0.7122357570381972
matched_hop1,spatial_knn,8,BCAS1,0.07532254304374598,0.054499153736722795,0.5364616829601571
matched_hop1,spatial_knn,8,PTGDS,-0.005013239826088534,0.003361504258010276,0.8887482936343328
matched_hop1,spatial_knn,8,SAA2,0.10992213185632291,0.19428263963044984,0.5226503818339744
matched_hop1,spatial_knn,8,SEPT4,0.07269654764025268,0.04829072234405787,0.7634713638646539
matched_hop1,spatial_knn,8,TFF3,0.02794338992852025,0.03682262625444809,0.8727093104520417
matched_hop1,spatial_knn,8,HPCAL1,0.09000847007949,0.08688922160863889,0.9498728029402578
matched_hop1,spatial_knn,8,S100A11,0.03238969672591258,0.030076895079745807,0.7936957632582741
matched_hop1,spatial_knn,8,ALB,-0.0011912379600899857,-0.004113401239380397,0.09384011262447114
matched_hop1,spatial_knn,8,RNASE1,0.05441200634371357,0.041527947939698044,0.7695774844232723
matched_hop1,spatial_knn,8,TMEM144,0.03767509235691471,0.015242811631007354,0.4565138550201107
matched_hop1,spatial_knn,8,ENPP2,0.043842903758736326,0.03305304877946596,0.5674457311521196
matched_hop1,spatial_knn,8,MAL,0.038785355385568814,0.022874907176817824,0.5576610982959411
matched_hop1,spatial_knn,8,NKX6-2,0.07009790509649758,0.04804145818022564,0.3841527822511354
matched_hop1,spatial_knn,8,HSPA2,0.00020901037947908903,0.0007522258739220363,0.49129881854227525
matched_hop1,spatial_knn,8,G0S2,0.24599886958787343,0.23372001383854382,0.5471747008640305
matched_hop2,mean,8,SCGB2A2,,,1.3873172998428345
matched_hop2,mean,8,SCGB1D2,,,1.1115057468414307
matched_hop2,mean,8,MBP,,,1.0684243440628052
matched_hop2,mean,8,GFAP,0.0,,1.1030998229980469
matched_hop2,mean,8,PLP1,,,1.1102752685546875
matched_hop2,mean,8,SAA1,,,1.010852575302124
matched_hop2,mean,8,MGP,,,1.2063438892364502
matched_hop2,mean,8,IGKC,0.0,,0.9266694784164429
matched_hop2,mean,8,FABP4,,,0.8947488069534302
matched_hop2,mean,8,MOBP,,,0.6411145329475403
matched_hop2,mean,8,HBB,,,0.8793225288391113
matched_hop2,mean,8,NEFL,,,0.9704298377037048
matched_hop2,mean,8,TF,,,0.7703765034675598
matched_hop2,mean,8,IGHG3,0.0,,0.5224723815917969
matched_hop2,mean,8,CNP,0.0,,0.9177826642990112
matched_hop2,mean,8,CPB1,,,0.6489312648773193
matched_hop2,mean,8,CRYAB,,,0.9577669501304626
matched_hop2,mean,8,IGHA1,,,0.5400282740592957
matched_hop2,mean,8,KRT8,0.0,,0.7699484825134277
matched_hop2,mean,8,MUC1,,,0.9190834760665894
matched_hop2,mean,8,KRT19,,,0.9499954581260681
matched_hop2,mean,8,IGLC2,0.0,,0.6011926531791687
matched_hop2,mean,8,TFF1,0.0,,0.8091177344322205
matched_hop2,mean,8,MAG,,,0.5723167657852173
matched_hop2,mean,8,ERMN,,,0.47138911485671997
matched_hop2,mean,8,CLDN11,,,0.5252813696861267
matched_hop2,mean,8,CLDND1,0.0,,0.7392701506614685
matched_hop2,mean,8,SPP1,0.0,,0.6111365556716919
matched_hop2,mean,8,PPP1R14A,,,0.6607685089111328
matched_hop2,mean,8,S100B,,,0.9652079939842224
matched_hop2,mean,8,MOG,,,0.38538461923599243
matched_hop2,mean,8,MALAT1,,,1.0120303630828857
matched_hop2,mean,8,CARNS1,,,0.43915554881095886
matched_hop2,mean,8,IGHG4,0.0,,0.45047950744628906
matched_hop2,mean,8,KRT18,,,0.7060807347297668
matched_hop2,mean,8,BCAS1,,,0.525619626045227
matched_hop2,mean,8,PTGDS,0.0,,0.8449100852012634
matched_hop2,mean,8,SAA2,0.0,,0.5107913017272949
matched_hop2,mean,8,SEPT4,0.0,,0.7404705882072449
matched_hop2,mean,8,TFF3,,,0.8516880869865417
matched_hop2,mean,8,HPCAL1,,,0.933452308177948
matched_hop2,mean,8,S100A11,,,0.7697810530662537
matched_hop2,mean,8,ALB,0.0,,0.10335521399974823
matched_hop2,mean,8,RNASE1,,,0.7520654201507568
matched_hop2,mean,8,TMEM144,,,0.4388653337955475
matched_hop2,mean,8,ENPP2,0.0,,0.5400475859642029
matched_hop2,mean,8,MAL,0.0,,0.5388563275337219
matched_hop2,mean,8,NKX6-2,,,0.3636772930622101
matched_hop2,mean,8,HSPA2,0.0,,0.47238776087760925
matched_hop2,mean,8,G0S2,0.0,,0.5288030505180359
matched_hop2,pca_ridge,8,SCGB2A2,0.1696995298495086,0.1639673427322694,1.3891160488128662
matched_hop2,pca_ridge,8,SCGB1D2,0.165018794631885,0.16552549842233227,1.1057690382003784
matched_hop2,pca_ridge,8,MBP,0.35473712129374896,0.3715021626888621,1.0015287399291992
matched_hop2,pca_ridge,8,GFAP,0.40841018229321263,0.3566892085922368,1.0071417093276978
matched_hop2,pca_ridge,8,PLP1,0.3172581886232554,0.3028250317762774,1.0543376207351685
matched_hop2,pca_ridge,8,SAA1,0.19972009556598286,0.18194864982328374,0.9947251677513123
matched_hop2,pca_ridge,8,MGP,0.21158864839843283,0.18943443210864502,1.1850088834762573
matched_hop2,pca_ridge,8,IGKC,0.05518768563837426,0.05007353511590789,0.9260202646255493
matched_hop2,pca_ridge,8,FABP4,0.2160319209258627,0.1772914180116179,0.8789184093475342
matched_hop2,pca_ridge,8,MOBP,0.16949224372900637,0.1746697576833043,0.6345773935317993
matched_hop2,pca_ridge,8,HBB,0.015488317244496118,0.05691485369570272,0.8808068037033081
matched_hop2,pca_ridge,8,NEFL,0.48211027162812803,0.4100729163082329,0.8504585027694702
matched_hop2,pca_ridge,8,TF,0.23474915109062772,0.23945251907033313,0.7497457265853882
matched_hop2,pca_ridge,8,IGHG3,0.00952216672090032,0.03221530103119972,0.5230798721313477
matched_hop2,pca_ridge,8,CNP,0.22846413410946467,0.20913740472297512,0.8945782780647278
matched_hop2,pca_ridge,8,CPB1,0.10155318465454256,0.11708688600932551,0.6459710001945496
matched_hop2,pca_ridge,8,CRYAB,0.17185027199208924,0.15774413118356276,0.9460035562515259
matched_hop2,pca_ridge,8,IGHA1,0.006575549746776294,-0.0016539658732998535,0.5432996153831482
matched_hop2,pca_ridge,8,KRT8,0.11804099192209867,0.10257867044557481,0.7667763829231262
matched_hop2,pca_ridge,8,MUC1,0.14012028952242436,0.1404829462375206,0.9130504727363586
matched_hop2,pca_ridge,8,KRT19,0.15981497784686538,0.15099021865968865,0.9385876655578613
matched_hop2,pca_ridge,8,IGLC2,0.02367548729499232,0.002496617032126201,0.6021668314933777
matched_hop2,pca_ridge,8,TFF1,0.15744721293711178,0.16798952470945494,0.799150288105011
matched_hop2,pca_ridge,8,MAG,0.14793318334160555,0.15451480041257196,0.5682427883148193
matched_hop2,pca_ridge,8,ERMN,0.16528783101337527,0.17011748935733423,0.4659002423286438
matched_hop2,pca_ridge,8,CLDN11,0.15493562560065965,0.159773443289973,0.520281970500946
matched_hop2,pca_ridge,8,CLDND1,0.17583178804735075,0.19932421877552164,0.7299079298973083
matched_hop2,pca_ridge,8,SPP1,0.19675588277606318,0.21496935830304487,0.6004742383956909
matched_hop2,pca_ridge,8,PPP1R14A,0.12732391796003675,0.13534293499492492,0.6582983136177063
matched_hop2,pca_ridge,8,S100B,0.23190036312992746,0.22267427426277367,0.9395584464073181
matched_hop2,pca_ridge,8,MOG,0.1381241409992185,0.14543361853668993,0.38292860984802246
matched_hop2,pca_ridge,8,MALAT1,0.17485135711505567,0.20492977283106595,0.9960559010505676
matched_hop2,pca_ridge,8,CARNS1,0.15616152800794703,0.17188963495921003,0.4346979558467865
matched_hop2,pca_ridge,8,IGHG4,0.011948729094825774,0.022080252152299022,0.45111334323883057
matched_hop2,pca_ridge,8,KRT18,0.10076745253319508,0.08004626231647331,0.7046728730201721
matched_hop2,pca_ridge,8,BCAS1,0.13019444142555023,0.14518419764031823,0.5224513411521912
matched_hop2,pca_ridge,8,PTGDS,0.18755166766370512,0.20930880051076303,0.8304275274276733
matched_hop2,pca_ridge,8,SAA2,0.10508982803318594,0.09702392181450714,0.5082709789276123
matched_hop2,pca_ridge,8,SEPT4,0.19647794986520445,0.2265703628233171,0.7265708446502686
matched_hop2,pca_ridge,8,TFF3,0.15025405573717177,0.15219434839707782,0.8420700430870056
matched_hop2,pca_ridge,8,HPCAL1,0.2198881178582456,0.22538982878908484,0.9089789390563965
matched_hop2,pca_ridge,8,S100A11,0.11976787173482108,0.09707833028087101,0.7663184404373169
matched_hop2,pca_ridge,8,ALB,0.006616642107765314,0.0049292052791763356,0.10400870442390442
matched_hop2,pca_ridge,8,RNASE1,0.13537050422474967,0.14422476885451643,0.745932400226593
matched_hop2,pca_ridge,8,TMEM144,0.14166603091393284,0.15666881210714023,0.435315877199173
matched_hop2,pca_ridge,8,ENPP2,0.1339131141577705,0.16134647486626588,0.5362875461578369
matched_hop2,pca_ridge,8,MAL,0.10629315256817592,0.12319944431107856,0.5371025204658508
matched_hop2,pca_ridge,8,NKX6-2,0.12667242494086817,0.14029227814737255,0.3612315356731415
matched_hop2,pca_ridge,8,HSPA2,0.11215265088866813,0.11487883622460664,0.47044408321380615
matched_hop2,pca_ridge,8,G0S2,0.12474768162381276,0.10545836122796752,0.5248526334762573
matched_hop2,spatial_knn,8,SCGB2A2,0.3360698047876429,0.30094587474032836,1.5683102529287434
matched_hop2,spatial_knn,8,SCGB1D2,0.2722762222287963,0.27095493542085597,1.1911931170482415
matched_hop2,spatial_knn,8,MBP,0.2359770273074457,0.20085001342218076,1.035469090687879
matched_hop2,spatial_knn,8,GFAP,0.010538561896613691,0.02272139232115694,1.157414479322789
matched_hop2,spatial_knn,8,PLP1,0.16720863870608302,0.1532797458477003,1.1067606298581687
matched_hop2,spatial_knn,8,SAA1,0.35499793701101096,0.375350947040345,0.947235049962755
matched_hop2,spatial_knn,8,MGP,0.15962359215737684,0.17144600905447924,1.2484644978074781
matched_hop2,spatial_knn,8,IGKC,0.3022080727264376,0.30373998522927836,0.9195769260901924
matched_hop2,spatial_knn,8,FABP4,0.3412246684391134,0.33156175020885836,0.8416984741727198
matched_hop2,spatial_knn,8,MOBP,0.09342889607685553,0.06117895479520866,0.645097982258292
matched_hop2,spatial_knn,8,HBB,0.22130262108115814,0.1766493213576341,0.8700354329104378
matched_hop2,spatial_knn,8,NEFL,0.1375975210773691,0.11563020236241717,0.9910236890847665
matched_hop2,spatial_knn,8,TF,0.09994762785140456,0.07571406497991215,0.7774396915712284
matched_hop2,spatial_knn,8,IGHG3,0.2101926731794693,0.18026894673185137,0.5147703503802954
matched_hop2,spatial_knn,8,CNP,0.08042912072432525,0.06810044012259599,0.9279123629875408
matched_hop2,spatial_knn,8,CPB1,0.3544277092099175,0.3397408229566976,0.6043149031179378
matched_hop2,spatial_knn,8,CRYAB,0.04244189852536623,0.03872767494976032,0.982357419450682
matched_hop2,spatial_knn,8,IGHA1,0.10093726981560773,0.13097586176479128,0.541840486188459
matched_hop2,spatial_knn,8,KRT8,0.09992776994242712,0.07830866562625029,0.7879127562760936
matched_hop2,spatial_knn,8,MUC1,0.14028274295886178,0.14623875198540437,0.9510676971564351
matched_hop2,spatial_knn,8,KRT19,0.15916260337995206,0.126536496897321,0.9943489371145972
matched_hop2,spatial_knn,8,IGLC2,0.1822685716472261,0.19881318039070894,0.5945608620762476
matched_hop2,spatial_knn,8,TFF1,0.12376848807646701,0.12610532329255475,0.8330240440880128
matched_hop2,spatial_knn,8,MAG,0.0479209162792184,0.029054081164242247,0.5884448612049733
matched_hop2,spatial_knn,8,ERMN,0.06404579873026416,0.04153893681395839,0.47855796251281124
matched_hop2,spatial_knn,8,CLDN11,0.001974565937884692,0.00217294786381745,0.5480359165247033
matched_hop2,spatial_knn,8,CLDND1,0.06411966260286685,0.044997600301127656,0.7488804233322147
matched_hop2,spatial_knn,8,SPP1,0.06780999524898663,0.044706795753003674,0.6242312953178936
matched_hop2,spatial_knn,8,PPP1R14A,0.004586232637608059,-0.000360080057273183,0.6786511579481549
matched_hop2,spatial_knn,8,S100B,0.02246420558789371,0.022605283912561676,0.9917045066264917
matched_hop2,spatial_knn,8,MOG,0.07196467203392372,0.05075104298492053,0.38931214390856916
matched_hop2,spatial_knn,8,MALAT1,0.11876256187472416,0.14682658139156538,1.019600556836297
matched_hop2,spatial_knn,8,CARNS1,-0.0009117465051378948,0.008052182176645991,0.4526563153921743
matched_hop2,spatial_knn,8,IGHG4,0.18948272530590374,0.15952581826946005,0.4490417553829284
matched_hop2,spatial_knn,8,KRT18,0.09833834882442859,0.08344704661438382,0.7258454448488473
matched_hop2,spatial_knn,8,BCAS1,0.04719016371750789,0.03645182675437982,0.5344536289032431
matched_hop2,spatial_knn,8,PTGDS,-0.011690678360305485,-0.007546284650136985,0.8840993067345668
matched_hop2,spatial_knn,8,SAA2,0.06845293818956438,0.16109308382028872,0.536340597751172
matched_hop2,spatial_knn,8,SEPT4,0.05264552516922075,0.03427325392724689,0.7590917341717739
matched_hop2,spatial_knn,8,TFF3,-0.009755063950283258,-0.0017276599339937852,0.904093013563133
matched_hop2,spatial_knn,8,HPCAL1,0.08057027699134468,0.0772874072336961,0.9603428711033272
matched_hop2,spatial_knn,8,S100A11,0.01974974393596232,0.017398175480382545,0.8031003409413312
matched_hop2,spatial_knn,8,ALB,-0.001734296963973759,-0.0051958998747794255,0.10413993857277412
matched_hop2,spatial_knn,8,RNASE1,0.046124263276068396,0.03946420901886362,0.7620490405455824
matched_hop2,spatial_knn,8,TMEM144,0.028512041029163188,0.010832872280856524,0.45188818833563577
matched_hop2,spatial_knn,8,ENPP2,0.029116830733237595,0.02016753338867033,0.5588178982269106
matched_hop2,spatial_knn,8,MAL,0.00868434408804048,0.003457264490038603,0.5531308953798887
matched_hop2,spatial_knn,8,NKX6-2,0.038029650780752974,0.02441550689903836,0.3719336815568155
matched_hop2,spatial_knn,8,HSPA2,-0.008772487341761634,-0.006953917060572026,0.4849564962276028
matched_hop2,spatial_knn,8,G0S2,0.22243336761828714,0.21162219186348177,0.5346407542630386
matched_hop5,mean,8,SCGB2A2,,,1.4532526731491089
matched_hop5,mean,8,SCGB1D2,,,1.2067776918411255
matched_hop5,mean,8,MBP,0.0,,1.179374098777771
matched_hop5,mean,8,GFAP,0.0,,1.1239252090454102
matched_hop5,mean,8,PLP1,0.0,,1.2001100778579712
matched_hop5,mean,8,SAA1,,,1.0591659545898438
matched_hop5,mean,8,MGP,,,1.3558194637298584
matched_hop5,mean,8,IGKC,,,0.9839009642601013
matched_hop5,mean,8,FABP4,,,0.8715185523033142
matched_hop5,mean,8,MOBP,0.0,,0.6422760486602783
matched_hop5,mean,8,HBB,,,0.8478977680206299
matched_hop5,mean,8,NEFL,,,1.0408227443695068
matched_hop5,mean,8,TF,,,0.7213059067726135
matched_hop5,mean,8,IGHG3,0.0,,0.5525694489479065
matched_hop5,mean,8,CNP,,,0.928162693977356
matched_hop5,mean,8,CPB1,,,0.681553304195404
matched_hop5,mean,8,CRYAB,,,1.0293219089508057
matched_hop5,mean,8,IGHA1,0.0,,0.6699293255805969
matched_hop5,mean,8,KRT8,0.0,,0.8099066615104675
matched_hop5,mean,8,MUC1,0.0,,1.0249896049499512
matched_hop5,mean,8,KRT19,,,1.0209234952926636
matched_hop5,mean,8,IGLC2,,,0.6981037855148315
matched_hop5,mean,8,TFF1,,,0.9085178971290588
matched_hop5,mean,8,MAG,,,0.5905563235282898
matched_hop5,mean,8,ERMN,0.0,,0.4103470742702484
matched_hop5,mean,8,CLDN11,,,0.464781790971756
matched_hop5,mean,8,CLDND1,0.0,,0.7130602598190308
matched_hop5,mean,8,SPP1,,,0.6484143137931824
matched_hop5,mean,8,PPP1R14A,,,0.6259915232658386
matched_hop5,mean,8,S100B,,,1.0227184295654297
matched_hop5,mean,8,MOG,,,0.3761293292045593
matched_hop5,mean,8,MALAT1,,,1.0879437923431396
matched_hop5,mean,8,CARNS1,,,0.33457595109939575
matched_hop5,mean,8,IGHG4,0.0,,0.50066739320755
matched_hop5,mean,8,KRT18,,,0.7740634083747864
matched_hop5,mean,8,BCAS1,,,0.4957045912742615
matched_hop5,mean,8,PTGDS,0.0,,0.8972506523132324
matched_hop5,mean,8,SAA2,,,0.6334280967712402
matched_hop5,mean,8,SEPT4,0.0,,0.7352898716926575
matched_hop5,mean,8,TFF3,0.0,,0.9688730835914612
matched_hop5,mean,8,HPCAL1,,,1.0200481414794922
matched_hop5,mean,8,S100A11,,,0.8467932939529419
matched_hop5,mean,8,ALB,,,0.12649711966514587
matched_hop5,mean,8,RNASE1,,,0.7569320797920227
matched_hop5,mean,8,TMEM144,,,0.41455450654029846
matched_hop5,mean,8,ENPP2,0.0,,0.5074785947799683
matched_hop5,mean,8,MAL,0.0,,0.4862331748008728
matched_hop5,mean,8,NKX6-2,,,0.36573418974876404
matched_hop5,mean,8,HSPA2,,,0.4173511266708374
matched_hop5,mean,8,G0S2,,,0.49203264713287354
matched_hop5,pca_ridge,8,SCGB2A2,0.17459903181952297,0.18816443168190192,1.4566595554351807
matched_hop5,pca_ridge,8,SCGB1D2,0.2607195880454142,0.2616298444080608,1.1638370752334595
matched_hop5,pca_ridge,8,MBP,0.30046327966341085,0.3304022859494641,1.1071242094039917
matched_hop5,pca_ridge,8,GFAP,0.4591743697003172,0.43184208684317427,1.003300666809082
matched_hop5,pca_ridge,8,PLP1,0.2582741982302727,0.2662992520302266,1.1467148065567017
matched_hop5,pca_ridge,8,SAA1,0.21279826868282162,0.20481445828237288,1.0367242097854614
matched_hop5,pca_ridge,8,MGP,0.33124481789301563,0.3041066622095171,1.308758020401001
matched_hop5,pca_ridge,8,IGKC,0.12992177508150565,0.10476548619114215,0.975063145160675
matched_hop5,pca_ridge,8,FABP4,0.276210377638132,0.24258575445534938,0.8461312055587769
matched_hop5,pca_ridge,8,MOBP,0.15404519958016666,0.16391313955614373,0.6358076930046082
matched_hop5,pca_ridge,8,HBB,0.03541717582174128,0.06599505126924506,0.849365770816803
matched_hop5,pca_ridge,8,NEFL,0.47562209793536203,0.4036983219588442,0.9133315682411194
matched_hop5,pca_ridge,8,TF,0.1369840933950797,0.15925597609011732,0.7180831432342529
matched_hop5,pca_ridge,8,IGHG3,0.022147890672904263,0.055859372557524524,0.5528914332389832
matched_hop5,pca_ridge,8,CNP,0.12576343389851227,0.11970752134186247,0.9249695539474487
matched_hop5,pca_ridge,8,CPB1,0.16879119971881995,0.16882087252652897,0.6765936017036438
matched_hop5,pca_ridge,8,CRYAB,0.12272890004337855,0.11687070335271944,1.0249300003051758
matched_hop5,pca_ridge,8,IGHA1,0.03469491717571213,0.024366007757231092,0.6711071133613586
matched_hop5,pca_ridge,8,KRT8,0.18148452340897883,0.1626578657386237,0.7947672009468079
matched_hop5,pca_ridge,8,MUC1,0.25258778490963807,0.26494992702428466,0.9964818358421326
matched_hop5,pca_ridge,8,KRT19,0.14215114241719784,0.12372032815726611,1.0140386819839478
matched_hop5,pca_ridge,8,IGLC2,0.11948795454095718,0.08236147299039312,0.6936272382736206
matched_hop5,pca_ridge,8,TFF1,0.18338564677481645,0.19099720520319965,0.8949446678161621
matched_hop5,pca_ridge,8,MAG,0.0814288948105664,0.09832124323827626,0.5951178073883057
matched_hop5,pca_ridge,8,ERMN,0.10060930293456309,0.13070516923143494,0.41081488132476807
matched_hop5,pca_ridge,8,CLDN11,0.07191305492715999,0.09016378261970233,0.4686933755874634
matched_hop5,pca_ridge,8,CLDND1,0.06968778300069224,0.12865265250423252,0.7188811302185059
matched_hop5,pca_ridge,8,SPP1,0.12738892614348474,0.17167832502769229,0.6474289298057556
matched_hop5,pca_ridge,8,PPP1R14A,0.11399303312322656,0.1136858893401251,0.623809278011322
matched_hop5,pca_ridge,8,S100B,0.2165060142458142,0.23672289603636876,0.9985348582267761
matched_hop5,pca_ridge,8,MOG,0.07811136557093978,0.10072257359308831,0.37836188077926636
matched_hop5,pca_ridge,8,MALAT1,0.1273304490633508,0.14867960450214532,1.0810272693634033
matched_hop5,pca_ridge,8,CARNS1,0.101011239476601,0.12707806368081212,0.3359356224536896
matched_hop5,pca_ridge,8,IGHG4,0.09210964137715674,0.07645449201328657,0.4987925589084625
matched_hop5,pca_ridge,8,KRT18,0.14056912032170493,0.11210211428828724,0.7670086622238159
matched_hop5,pca_ridge,8,BCAS1,0.024215066271911403,0.05905684451863317,0.5015991926193237
matched_hop5,pca_ridge,8,PTGDS,0.20115759421446172,0.18093176797416954,0.87941974401474
matched_hop5,pca_ridge,8,SAA2,0.12270642629722472,0.1088438906158027,0.6291753053665161
matched_hop5,pca_ridge,8,SEPT4,0.13049621231011557,0.1760071299730646,0.7287238836288452
matched_hop5,pca_ridge,8,TFF3,0.23748535713610758,0.2097630004157145,0.9464635252952576
matched_hop5,pca_ridge,8,HPCAL1,0.19045712192572903,0.18723947607888428,0.9943165183067322
matched_hop5,pca_ridge,8,S100A11,0.17106549360954787,0.16345612305926782,0.8340646028518677
matched_hop5,pca_ridge,8,ALB,0.05219036559477272,0.04361340371752884,0.126618430018425
matched_hop5,pca_ridge,8,RNASE1,0.10013625803711308,0.11118776990679127,0.7557718753814697
matched_hop5,pca_ridge,8,TMEM144,0.16282044289761471,0.20166360818210904,0.40848132967948914
matched_hop5,pca_ridge,8,ENPP2,0.074142365242759,0.09746432956642023,0.5097004175186157
matched_hop5,pca_ridge,8,MAL,0.0640411594113735,0.07995050980305513,0.48818254470825195
matched_hop5,pca_ridge,8,NKX6-2,0.013632247631014411,0.0523133041009792,0.37060412764549255
matched_hop5,pca_ridge,8,HSPA2,0.1817022698815023,0.18351956925399185,0.4089156687259674
matched_hop5,pca_ridge,8,G0S2,0.17764597185765563,0.144049762329438,0.48539265990257263
matched_hop5,spatial_knn,8,SCGB2A2,0.09342402238108545,0.059934316189910894,1.9774325296559538
matched_hop5,spatial_knn,8,SCGB1D2,0.18680758361765443,0.21587792223321955,1.366874086902782
matched_hop5,spatial_knn,8,MBP,0.0901366436382452,0.06951314676023156,1.1608128636572703
matched_hop5,spatial_knn,8,GFAP,0.004994632004839482,0.04790817278101359,1.2090660285315025
matched_hop5,spatial_knn,8,PLP1,0.033207608971207364,0.022971522419544903,1.2433856160696584
matched_hop5,spatial_knn,8,SAA1,0.1314140603155209,0.16617278174365377,1.1158361052405648
matched_hop5,spatial_knn,8,MGP,0.3037589818871294,0.3003596641182575,1.372115141631355
matched_hop5,spatial_knn,8,IGKC,0.16011773860964373,0.09999486794348529,1.0132064219254382
matched_hop5,spatial_knn,8,FABP4,0.2451036473693936,0.2550218567750912,0.880727675951988
matched_hop5,spatial_knn,8,MOBP,0.04046743495834029,0.03170080416007488,0.6469038062036201
matched_hop5,spatial_knn,8,HBB,-0.05840272562473592,-0.06724115593230487,0.9127511888225013
matched_hop5,spatial_knn,8,NEFL,0.02955725005706019,0.048786085193419454,1.0916400844130205
matched_hop5,spatial_knn,8,TF,0.0272093049426904,0.03352028708159373,0.7438720930169852
matched_hop5,spatial_knn,8,IGHG3,0.15510209452718654,0.04149955327926458,0.552692733397298
matched_hop5,spatial_knn,8,CNP,0.10733057354388745,0.10949886677469624,0.9381873523645147
matched_hop5,spatial_knn,8,CPB1,0.329111342629947,0.2925013442704035,0.6327149295258694
matched_hop5,spatial_knn,8,CRYAB,0.040101380966873754,0.04097302530875063,1.052324207548779
matched_hop5,spatial_knn,8,IGHA1,0.07011017544557044,0.07717677214434183,0.6793759640037186
matched_hop5,spatial_knn,8,KRT8,0.07135677674944552,0.05908595732104813,0.8350416481761891
matched_hop5,spatial_knn,8,MUC1,0.1230506718989625,0.1271164638739108,1.1124601643601084
matched_hop5,spatial_knn,8,KRT19,-0.013827418063567477,-0.05098607572039011,1.1556161058768217
matched_hop5,spatial_knn,8,IGLC2,0.0972074041992606,0.08860678831930982,0.703926481566211
matched_hop5,spatial_knn,8,TFF1,0.11021065729644024,0.055463725431219794,0.9596282795258916
matched_hop5,spatial_knn,8,MAG,-0.011929573675897956,-0.021509178901761728,0.6122686963269706
matched_hop5,spatial_knn,8,ERMN,-0.025385378466104787,-0.006978374262066903,0.4251563817734704
matched_hop5,spatial_knn,8,CLDN11,0.0008867217628036883,0.002165772355236773,0.4980493935861801
matched_hop5,spatial_knn,8,CLDND1,-0.010565567746268899,-0.007512571898173645,0.7270125683093714
matched_hop5,spatial_knn,8,SPP1,0.007051348792309987,-0.02467083988731439,0.6674834978354836
matched_hop5,spatial_knn,8,PPP1R14A,0.05209796177962284,0.050965717688721955,0.6431835603616316
matched_hop5,spatial_knn,8,S100B,-0.030800084849373077,-0.06943536911869443,1.0445380009950227
matched_hop5,spatial_knn,8,MOG,0.0027558326828116247,0.01661943202812746,0.3812374750848645
matched_hop5,spatial_knn,8,MALAT1,0.050985269366279076,0.0762418596134948,1.108605707101089
matched_hop5,spatial_knn,8,CARNS1,-0.0773956440823784,-0.08139432038283782,0.3542686321611985
matched_hop5,spatial_knn,8,IGHG4,0.1082945123351965,0.06849760884192391,0.5066482887359829
matched_hop5,spatial_knn,8,KRT18,0.04215246323681407,0.002231449761309207,0.8241539679745671
matched_hop5,spatial_knn,8,BCAS1,0.05723422483922715,0.04208146567489577,0.4964389462390426
matched_hop5,spatial_knn,8,PTGDS,-0.00047368159003539044,-0.013080164611906328,0.929114629590701
matched_hop5,spatial_knn,8,SAA2,-0.12012009271107287,-0.10548822371428249,0.7125489455871384
matched_hop5,spatial_knn,8,SEPT4,0.007231605786693521,-0.005456431788427211,0.7548142845302139
matched_hop5,spatial_knn,8,TFF3,-0.08328397394874504,-0.0638308159578986,1.0561105356410538
matched_hop5,spatial_knn,8,HPCAL1,-0.03381204442348208,-0.04619127034093217,1.0743560518511481
matched_hop5,spatial_knn,8,S100A11,-0.08102683551527556,-0.08377496535921983,0.9112708274225786
matched_hop5,spatial_knn,8,ALB,-0.026799898796956156,-0.028261772935100928,0.128518669315657
matched_hop5,spatial_knn,8,RNASE1,0.0246444077011852,0.028048713249346154,0.7677538096968729
matched_hop5,spatial_knn,8,TMEM144,-0.027423494562622594,-0.047203559606549574,0.44345847074852174
matched_hop5,spatial_knn,8,ENPP2,-0.02698132654414319,-0.016691145895868117,0.5390929024053558
matched_hop5,spatial_knn,8,MAL,-0.013798358718550266,-0.014060042215083331,0.49551082319357875
matched_hop5,spatial_knn,8,NKX6-2,0.038306256470800985,0.07288731903092018,0.3726399493559022
matched_hop5,spatial_knn,8,HSPA2,-0.058118459281177384,-0.04050686561368342,0.437946820994118
matched_hop5,spatial_knn,8,G0S2,0.16483273104234164,0.14302699961107068,0.5202384281963623
matched_coord0.25,mean,8,SCGB2A2,,,1.3840235471725464
matched_coord0.25,mean,8,SCGB1D2,,,1.1205037832260132
matched_coord0.25,mean,8,MBP,0.0,,1.0621262788772583
matched_coord0.25,mean,8,GFAP,,,1.1027553081512451
matched_coord0.25,mean,8,PLP1,0.0,,1.1045879125595093
matched_coord0.25,mean,8,SAA1,,,1.0281920433044434
matched_coord0.25,mean,8,MGP,,,1.2710542678833008
matched_coord0.25,mean,8,IGKC,,,0.9353394508361816
matched_coord0.25,mean,8,FABP4,0.0,,0.8956312537193298
matched_coord0.25,mean,8,MOBP,,,0.6201744079589844
matched_coord0.25,mean,8,HBB,,,0.8442485332489014
matched_coord0.25,mean,8,NEFL,,,0.9643225073814392
matched_coord0.25,mean,8,TF,0.0,,0.7555582523345947
matched_coord0.25,mean,8,IGHG3,0.0,,0.5373063683509827
matched_coord0.25,mean,8,CNP,0.0,,0.9083936810493469
matched_coord0.25,mean,8,CPB1,,,0.6270085573196411
matched_coord0.25,mean,8,CRYAB,,,0.9447774887084961
matched_coord0.25,mean,8,IGHA1,0.0,,0.5437616109848022
matched_coord0.25,mean,8,KRT8,,,0.7635787725448608
matched_coord0.25,mean,8,MUC1,,,0.9288972616195679
matched_coord0.25,mean,8,KRT19,,,0.9523875117301941
matched_coord0.25,mean,8,IGLC2,,,0.6054626703262329
matched_coord0.25,mean,8,TFF1,,,0.836262047290802
matched_coord0.25,mean,8,MAG,,,0.5622616410255432
matched_coord0.25,mean,8,ERMN,0.0,,0.45828449726104736
matched_coord0.25,mean,8,CLDN11,0.0,,0.5185528993606567
matched_coord0.25,mean,8,CLDND1,0.0,,0.7316581010818481
matched_coord0.25,mean,8,SPP1,,,0.6041063666343689
matched_coord0.25,mean,8,PPP1R14A,0.0,,0.6457245349884033
matched_coord0.25,mean,8,S100B,,,0.9589992165565491
matched_coord0.25,mean,8,MOG,,,0.3752085566520691
matched_coord0.25,mean,8,MALAT1,,,1.0080257654190063
matched_coord0.25,mean,8,CARNS1,0.0,,0.43106546998023987
matched_coord0.25,mean,8,IGHG4,0.0,,0.4558047652244568
matched_coord0.25,mean,8,KRT18,,,0.7056764364242554
matched_coord0.25,mean,8,BCAS1,0.0,,0.5199959874153137
matched_coord0.25,mean,8,PTGDS,0.0,,0.8357070088386536
matched_coord0.25,mean,8,SAA2,,,0.5249505639076233
matched_coord0.25,mean,8,SEPT4,,,0.7333821654319763
matched_coord0.25,mean,8,TFF3,,,0.8700556755065918
matched_coord0.25,mean,8,HPCAL1,,,0.9341500997543335
matched_coord0.25,mean,8,S100A11,,,0.7669863104820251
matched_coord0.25,mean,8,ALB,,,0.10774502158164978
matched_coord0.25,mean,8,RNASE1,,,0.7397512793540955
matched_coord0.25,mean,8,TMEM144,,,0.42660775780677795
matched_coord0.25,mean,8,ENPP2,,,0.5345322489738464
matched_coord0.25,mean,8,MAL,0.0,,0.5348120331764221
matched_coord0.25,mean,8,NKX6-2,,,0.3624848425388336
matched_coord0.25,mean,8,HSPA2,,,0.46560782194137573
matched_coord0.25,mean,8,G0S2,,,0.5212962031364441
matched_coord0.25,pca_ridge,8,SCGB2A2,0.18180368041663603,0.17919508310385873,1.3796732425689697
matched_coord0.25,pca_ridge,8,SCGB1D2,0.18649496597551918,0.18719180397203802,1.106587290763855
matched_coord0.25,pca_ridge,8,MBP,0.33848067393561376,0.3610797974079943,1.0012080669403076
matched_coord0.25,pca_ridge,8,GFAP,0.39323468671057576,0.3405191620632533,1.013001561164856
matched_coord0.25,pca_ridge,8,PLP1,0.2981735578517064,0.29222329688920434,1.0561660528182983
matched_coord0.25,pca_ridge,8,SAA1,0.18637213363364696,0.17161946980347215,1.0118253231048584
matched_coord0.25,pca_ridge,8,MGP,0.2527587531035439,0.23195625648310586,1.2435965538024902
matched_coord0.25,pca_ridge,8,IGKC,0.06934215254067308,0.06034931790444376,0.9332211017608643
matched_coord0.25,pca_ridge,8,FABP4,0.20956662624732242,0.1730762758977223,0.8795839548110962
matched_coord0.25,pca_ridge,8,MOBP,0.14936875122945306,0.1647384812896977,0.617340087890625
matched_coord0.25,pca_ridge,8,HBB,-0.004489069563432448,0.046449584139739576,0.8476535081863403
matched_coord0.25,pca_ridge,8,NEFL,0.48256069150640357,0.4094946576663006,0.8451613783836365
matched_coord0.25,pca_ridge,8,TF,0.20731672446631458,0.2232785777443956,0.7411719560623169
matched_coord0.25,pca_ridge,8,IGHG3,0.0021584572470366766,0.021524653232391507,0.5381144285202026
matched_coord0.25,pca_ridge,8,CNP,0.20389700052670776,0.1910132217292303,0.8918138742446899
matched_coord0.25,pca_ridge,8,CPB1,0.09879632582048031,0.11398730177575786,0.6243696808815002
matched_coord0.25,pca_ridge,8,CRYAB,0.14988750124859537,0.1435539337351045,0.9382901191711426
matched_coord0.25,pca_ridge,8,IGHA1,0.013845152242157823,0.0046041450399391705,0.546505868434906
matched_coord0.25,pca_ridge,8,KRT8,0.11956008732946169,0.10103533590521523,0.7596825957298279
matched_coord0.25,pca_ridge,8,MUC1,0.14883167515246148,0.14798453610614282,0.9209285974502563
matched_coord0.25,pca_ridge,8,KRT19,0.1751766968770684,0.15964486790107915,0.9379382729530334
matched_coord0.25,pca_ridge,8,IGLC2,0.021780558824784215,-0.005673060919401191,0.606476366519928
matched_coord0.25,pca_ridge,8,TFF1,0.17287610964854533,0.1826800911559563,0.8234506845474243
matched_coord0.25,pca_ridge,8,MAG,0.12934049381239515,0.14509667871989598,0.5607547163963318
matched_coord0.25,pca_ridge,8,ERMN,0.13644711762907283,0.15222842766866207,0.45605069398880005
matched_coord0.25,pca_ridge,8,CLDN11,0.13435950231573085,0.15384132077330476,0.5159478187561035
matched_coord0.25,pca_ridge,8,CLDND1,0.15181917133191764,0.18436879210704415,0.7266788482666016
matched_coord0.25,pca_ridge,8,SPP1,0.17852148974263726,0.2056254322205018,0.5963350534439087
matched_coord0.25,pca_ridge,8,PPP1R14A,0.12037471962423871,0.1377464348913289,0.6444156765937805
matched_coord0.25,pca_ridge,8,S100B,0.2148048409494266,0.20697420674031924,0.937235414981842
matched_coord0.25,pca_ridge,8,MOG,0.1109611060921429,0.12538533976803848,0.375099778175354
matched_coord0.25,pca_ridge,8,MALAT1,0.17729755897783556,0.20469728374789167,0.9920779466629028
matched_coord0.25,pca_ridge,8,CARNS1,0.13768708981688949,0.16120234195757313,0.4284505844116211
matched_coord0.25,pca_ridge,8,IGHG4,0.015017614497283152,0.01981730608432333,0.4563322961330414
matched_coord0.25,pca_ridge,8,KRT18,0.10058033534534756,0.07551294087014296,0.7038628458976746
matched_coord0.25,pca_ridge,8,BCAS1,0.10723022910903623,0.12681145254102405,0.5191026329994202
matched_coord0.25,pca_ridge,8,PTGDS,0.16338051261066655,0.18514932566226341,0.8259365558624268
matched_coord0.25,pca_ridge,8,SAA2,0.09586591008749887,0.0894229742481294,0.5224191546440125
matched_coord0.25,pca_ridge,8,SEPT4,0.18227644011737165,0.21601685120366093,0.7220675945281982
matched_coord0.25,pca_ridge,8,TFF3,0.16459438079818822,0.1656266677075025,0.8581864237785339
matched_coord0.25,pca_ridge,8,HPCAL1,0.22583623037762973,0.2306429469846101,0.9078488349914551
matched_coord0.25,pca_ridge,8,S100A11,0.12390590816525321,0.10212971094670756,0.7626422047615051
matched_coord0.25,pca_ridge,8,ALB,0.006975448754686595,0.001319904557867817,0.10837838053703308
matched_coord0.25,pca_ridge,8,RNASE1,0.11392460504452354,0.1299486505824984,0.7368162274360657
matched_coord0.25,pca_ridge,8,TMEM144,0.13142690122895234,0.1544192989155218,0.42412230372428894
matched_coord0.25,pca_ridge,8,ENPP2,0.11380043574953289,0.1530159551495744,0.5328975319862366
matched_coord0.25,pca_ridge,8,MAL,0.08512499503687496,0.11231066918320755,0.5349704027175903
matched_coord0.25,pca_ridge,8,NKX6-2,0.1216501307339703,0.13988323534681232,0.3603177070617676
matched_coord0.25,pca_ridge,8,HSPA2,0.09301869196624592,0.09605597627677179,0.4652254581451416
matched_coord0.25,pca_ridge,8,G0S2,0.13216068861127195,0.10803138256450993,0.5168827772140503
matched_coord0.25,spatial_knn,8,SCGB2A2,0.261242316411046,0.2156243456014362,1.6726930902240085
matched_coord0.25,spatial_knn,8,SCGB1D2,0.21288211277185148,0.21393477361795257,1.2552186849716798
matched_coord0.25,spatial_knn,8,MBP,0.2025292991867541,0.17665988188004159,1.034512028683507
matched_coord0.25,spatial_knn,8,GFAP,-0.015553640225088787,0.004636409232718167,1.157583061148061
matched_coord0.25,spatial_knn,8,PLP1,0.13406995297990998,0.13234136416153258,1.109418312452258
matched_coord0.25,spatial_knn,8,SAA1,0.30894553014187204,0.33261357867246144,0.9815222151248348
matched_coord0.25,spatial_knn,8,MGP,0.12849073016112497,0.1330905376867083,1.3263188890673128
matched_coord0.25,spatial_knn,8,IGKC,0.26865045602883064,0.2737963140660674,0.952851460899761
matched_coord0.25,spatial_knn,8,FABP4,0.3081917981029191,0.3004816232617641,0.8586814644706293
matched_coord0.25,spatial_knn,8,MOBP,0.05391128082134489,0.033502498723568204,0.6263621664603036
matched_coord0.25,spatial_knn,8,HBB,0.1577475047511246,0.12351496605945199,0.8580604776195836
matched_coord0.25,spatial_knn,8,NEFL,0.13990631817952667,0.11683515686352412,0.9861479696331137
matched_coord0.25,spatial_knn,8,TF,0.09564059016068135,0.0741125230283909,0.7635075075563259
matched_coord0.25,spatial_knn,8,IGHG3,0.21234322477613027,0.16718421819720902,0.5284821402408537
matched_coord0.25,spatial_knn,8,CNP,0.04606803026729962,0.04343797486620279,0.9246399098502417
matched_coord0.25,spatial_knn,8,CPB1,0.3706953967790366,0.33518433228437355,0.5851083811857682
matched_coord0.25,spatial_knn,8,CRYAB,0.02537787666800525,0.022166971386327727,0.9728683588924102
matched_coord0.25,spatial_knn,8,IGHA1,0.0996739922742332,0.1270989958793529,0.544955486716614
matched_coord0.25,spatial_knn,8,KRT8,0.08594198840313035,0.05393449535540765,0.7849798550098969
matched_coord0.25,spatial_knn,8,MUC1,0.11566384344383654,0.12303108435711806,0.9747311883649411
matched_coord0.25,spatial_knn,8,KRT19,0.09672148330542762,0.06435467878089433,1.0155440646304836
matched_coord0.25,spatial_knn,8,IGLC2,0.1582236691033423,0.17445973719249255,0.6042734967138365
matched_coord0.25,spatial_knn,8,TFF1,0.07661336833961797,0.08051879541805464,0.8745666026317775
matched_coord0.25,spatial_knn,8,MAG,0.041444618605220945,0.022872814143732278,0.5790854529222752
matched_coord0.25,spatial_knn,8,ERMN,0.034737301500552084,0.02287703760424126,0.467605515055055
matched_coord0.25,spatial_knn,8,CLDN11,-0.013845822499606964,-0.00741414766558549,0.5439344567581238
matched_coord0.25,spatial_knn,8,CLDND1,0.04108349222471448,0.03069045921758599,0.7430777093721455
matched_coord0.25,spatial_knn,8,SPP1,0.05303094843267504,0.027811961917000035,0.6186122095608747
matched_coord0.25,spatial_knn,8,PPP1R14A,-0.005291384310079229,-0.00506619275930303,0.6643984745936333
matched_coord0.25,spatial_knn,8,S100B,0.014575389651610024,0.012664911825003088,0.9875104720743675
matched_coord0.25,spatial_knn,8,MOG,0.054849459051710125,0.030065454989152817,0.37901449037911433
matched_coord0.25,spatial_knn,8,MALAT1,0.11467060628941092,0.14386520483070842,1.0193374940586175
matched_coord0.25,spatial_knn,8,CARNS1,-0.026772606192087496,-0.014001702525586655,0.44680094807244725
matched_coord0.25,spatial_knn,8,IGHG4,0.19514745313626763,0.1563387405955772,0.4533588832436451
matched_coord0.25,spatial_knn,8,KRT18,0.07851200657238525,0.05780739035983213,0.7294567660693918
matched_coord0.25,spatial_knn,8,BCAS1,0.043736913074890416,0.0298195963818816,0.5276608762647118
matched_coord0.25,spatial_knn,8,PTGDS,0.0010317050185399603,0.005289849900941018,0.8755792691414243
matched_coord0.25,spatial_knn,8,SAA2,0.03794346323309321,0.12663649658151546,0.5564216612177192
matched_coord0.25,spatial_knn,8,SEPT4,0.026977936620035475,0.022049129499251217,0.7521116106094827
matched_coord0.25,spatial_knn,8,TFF3,-0.059237089056559465,-0.052344358598806595,0.9378319369955603
matched_coord0.25,spatial_knn,8,HPCAL1,0.08298023544584432,0.08129822979483618,0.9578922312653826
matched_coord0.25,spatial_knn,8,S100A11,0.0019228881809427386,-0.005958292909099309,0.8039253224369798
matched_coord0.25,spatial_knn,8,ALB,0.00024948030900297995,-0.0045075065764997035,0.1086720896846103
matched_coord0.25,spatial_knn,8,RNASE1,0.032590965701114076,0.0295691308726954,0.7515461431854912
matched_coord0.25,spatial_knn,8,TMEM144,0.008739015173792422,-0.006973704919665594,0.4421608950146467
matched_coord0.25,spatial_knn,8,ENPP2,0.02203212508196115,0.014651199729229387,0.5530475037579637
matched_coord0.25,spatial_knn,8,MAL,-0.0024310325307652543,7.866683513998537e-05,0.5488531476787554
matched_coord0.25,spatial_knn,8,NKX6-2,0.02433131068448753,0.0196598897464899,0.370480413962043
matched_coord0.25,spatial_knn,8,HSPA2,-0.027516582511151223,-0.017364601239649426,0.4792977648283139
matched_coord0.25,spatial_knn,8,G0S2,0.21131737917734156,0.20355051367114357,0.534439845847345
matched_coord0.5,mean,8,SCGB2A2,,,1.4219822883605957
matched_coord0.5,mean,8,SCGB1D2,,,1.1827055215835571
matched_coord0.5,mean,8,MBP,0.0,,1.0744096040725708
matched_coord0.5,mean,8,GFAP,,,1.0895030498504639
matched_coord0.5,mean,8,PLP1,,,1.1204663515090942
matched_coord0.5,mean,8,SAA1,0.0,,1.0659998655319214
matched_coord0.5,mean,8,MGP,,,1.3940613269805908
matched_coord0.5,mean,8,IGKC,,,0.9867113828659058
matched_coord0.5,mean,8,FABP4,,,0.9148542284965515
matched_coord0.5,mean,8,MOBP,0.0,,0.607843279838562
matched_coord0.5,mean,8,HBB,,,0.7361423373222351
matched_coord0.5,mean,8,NEFL,0.0,,0.9743790030479431
matched_coord0.5,mean,8,TF,,,0.7128268480300903
matched_coord0.5,mean,8,IGHG3,0.0,,0.6331708431243896
matched_coord0.5,mean,8,CNP,,,0.8898983597755432
matched_coord0.5,mean,8,CPB1,,,0.5672116875648499
matched_coord0.5,mean,8,CRYAB,,,0.9458537101745605
matched_coord0.5,mean,8,IGHA1,0.0,,0.5798502564430237
matched_coord0.5,mean,8,KRT8,0.0,,0.7567967772483826
matched_coord0.5,mean,8,MUC1,,,0.992189884185791
matched_coord0.5,mean,8,KRT19,,,0.9659683704376221
matched_coord0.5,mean,8,IGLC2,,,0.6451469659805298
matched_coord0.5,mean,8,TFF1,0.0,,0.9215385913848877
matched_coord0.5,mean,8,MAG,,,0.5335244536399841
matched_coord0.5,mean,8,ERMN,,,0.42418643832206726
matched_coord0.5,mean,8,CLDN11,,,0.47468382120132446
matched_coord0.5,mean,8,CLDND1,0.0,,0.7106403708457947
matched_coord0.5,mean,8,SPP1,,,0.612260639667511
matched_coord0.5,mean,8,PPP1R14A,,,0.6193724274635315
matched_coord0.5,mean,8,S100B,,,0.9656569361686707
matched_coord0.5,mean,8,MOG,,,0.3388385772705078
matched_coord0.5,mean,8,MALAT1,,,1.0362370014190674
matched_coord0.5,mean,8,CARNS1,,,0.4106573462486267
matched_coord0.5,mean,8,IGHG4,0.0,,0.5015259385108948
matched_coord0.5,mean,8,KRT18,0.0,,0.7128379344940186
matched_coord0.5,mean,8,BCAS1,0.0,,0.4814624786376953
matched_coord0.5,mean,8,PTGDS,0.0,,0.8312053084373474
matched_coord0.5,mean,8,SAA2,,,0.5661441087722778
matched_coord0.5,mean,8,SEPT4,0.0,,0.7319636940956116
matched_coord0.5,mean,8,TFF3,,,0.930597186088562
matched_coord0.5,mean,8,HPCAL1,,,0.9500075578689575
matched_coord0.5,mean,8,S100A11,,,0.8015046119689941
matched_coord0.5,mean,8,ALB,0.0,,0.13767923414707184
matched_coord0.5,mean,8,RNASE1,,,0.7271988391876221
matched_coord0.5,mean,8,TMEM144,0.0,,0.4023124873638153
matched_coord0.5,mean,8,ENPP2,0.0,,0.4979010224342346
matched_coord0.5,mean,8,MAL,0.0,,0.5234412550926208
matched_coord0.5,mean,8,NKX6-2,,,0.34588906168937683
matched_coord0.5,mean,8,HSPA2,,,0.4417862296104431
matched_coord0.5,mean,8,G0S2,0.0,,0.5581739544868469
matched_coord0.5,pca_ridge,8,SCGB2A2,0.17589468898574495,0.1762174119276181,1.4205094575881958
matched_coord0.5,pca_ridge,8,SCGB1D2,0.22396802739103153,0.21680395725391563,1.155303955078125
matched_coord0.5,pca_ridge,8,MBP,0.3247618891133613,0.3672547313442737,1.0125998258590698
matched_coord0.5,pca_ridge,8,GFAP,0.40976221894226367,0.36997394968117076,0.9949876070022583
matched_coord0.5,pca_ridge,8,PLP1,0.29588820001070615,0.2923393289108661,1.0686577558517456
matched_coord0.5,pca_ridge,8,SAA1,0.17361777912349077,0.16003436594692616,1.0452765226364136
matched_coord0.5,pca_ridge,8,MGP,0.2906437080541452,0.26908653775165753,1.3580142259597778
matched_coord0.5,pca_ridge,8,IGKC,0.08067415098258857,0.057703651168229654,0.983261227607727
matched_coord0.5,pca_ridge,8,FABP4,0.1833217856795621,0.13634498233608577,0.8976837396621704
matched_coord0.5,pca_ridge,8,MOBP,0.14222400198179286,0.16582692196954002,0.6056066751480103
matched_coord0.5,pca_ridge,8,HBB,0.02456892303446075,0.08516847044418492,0.7386037111282349
matched_coord0.5,pca_ridge,8,NEFL,0.487622968235949,0.43278121057771,0.8517947793006897
matched_coord0.5,pca_ridge,8,TF,0.18294970166344376,0.20825645054585026,0.704032838344574
matched_coord0.5,pca_ridge,8,IGHG3,-0.01813900990271001,0.008045660169462275,0.6346089839935303
matched_coord0.5,pca_ridge,8,CNP,0.1655247723764387,0.16429844756630974,0.8832598328590393
matched_coord0.5,pca_ridge,8,CPB1,0.07571600293620676,0.09940671075041906,0.566134512424469
matched_coord0.5,pca_ridge,8,CRYAB,0.11192035812995459,0.11096602986469235,0.9479369521141052
matched_coord0.5,pca_ridge,8,IGHA1,-0.01865323307306478,-0.036465103305914286,0.5849266052246094
matched_coord0.5,pca_ridge,8,KRT8,0.14776610816382663,0.1130444938844398,0.7473670244216919
matched_coord0.5,pca_ridge,8,MUC1,0.21079931559485057,0.20507802407082643,0.9713027477264404
matched_coord0.5,pca_ridge,8,KRT19,0.16821829720315676,0.13862231630023542,0.95411217212677
matched_coord0.5,pca_ridge,8,IGLC2,0.06948382921617433,0.028777594103931176,0.6435911655426025
matched_coord0.5,pca_ridge,8,TFF1,0.18034430549461417,0.18219260245715307,0.9058483839035034
matched_coord0.5,pca_ridge,8,MAG,0.0674474270174538,0.10285347677780149,0.540765643119812
matched_coord0.5,pca_ridge,8,ERMN,0.11697310968839611,0.15292937638897897,0.42457911372184753
matched_coord0.5,pca_ridge,8,CLDN11,0.09992486690316939,0.1319785027349902,0.4769728183746338
matched_coord0.5,pca_ridge,8,CLDND1,0.133986620244668,0.1745476547308375,0.7091824412345886
matched_coord0.5,pca_ridge,8,SPP1,0.15553145952075542,0.19220119217948917,0.6073323488235474
matched_coord0.5,pca_ridge,8,PPP1R14A,0.12173747118134798,0.15085229159519623,0.6180035471916199
matched_coord0.5,pca_ridge,8,S100B,0.19773413783252752,0.1938431165587384,0.9471913576126099
matched_coord0.5,pca_ridge,8,MOG,0.09183722185143103,0.12651190829601483,0.3409822881221771
matched_coord0.5,pca_ridge,8,MALAT1,0.19828044433858527,0.22568969601087227,1.0173451900482178
matched_coord0.5,pca_ridge,8,CARNS1,0.11172124545694942,0.14292768102208353,0.41081950068473816
matched_coord0.5,pca_ridge,8,IGHG4,0.011199299103549241,0.00018940241823389066,0.5021021962165833
matched_coord0.5,pca_ridge,8,KRT18,0.09004515614608224,0.07934964780475073,0.7122641205787659
matched_coord0.5,pca_ridge,8,BCAS1,0.0808505890936273,0.10393289490495644,0.483491450548172
matched_coord0.5,pca_ridge,8,PTGDS,0.1999053668581852,0.1977918419845134,0.8144298791885376
matched_coord0.5,pca_ridge,8,SAA2,0.025754215587050416,0.022193262247480527,0.56461101770401
matched_coord0.5,pca_ridge,8,SEPT4,0.19850877138923168,0.23826013275621688,0.7176756262779236
matched_coord0.5,pca_ridge,8,TFF3,0.20163924582600978,0.19283140415811462,0.912766695022583
matched_coord0.5,pca_ridge,8,HPCAL1,0.20621644939007847,0.21219100938227853,0.9257252812385559
matched_coord0.5,pca_ridge,8,S100A11,0.11700350521056876,0.09100579338734134,0.7984866499900818
matched_coord0.5,pca_ridge,8,ALB,0.03301719095263807,0.027532124924775924,0.1378728300333023
matched_coord0.5,pca_ridge,8,RNASE1,0.07646665021776802,0.08912298148507493,0.7298043370246887
matched_coord0.5,pca_ridge,8,TMEM144,0.14341258094134446,0.17083193944141978,0.3990875482559204
matched_coord0.5,pca_ridge,8,ENPP2,0.11010683813129582,0.14990571047760679,0.49738600850105286
matched_coord0.5,pca_ridge,8,MAL,0.09261614902414925,0.12010105924530544,0.5230938792228699
matched_coord0.5,pca_ridge,8,NKX6-2,0.06376238459918798,0.09416473034360304,0.3475607633590698
matched_coord0.5,pca_ridge,8,HSPA2,0.11774634974897108,0.11550374635493951,0.43962469696998596
matched_coord0.5,pca_ridge,8,G0S2,0.10132091281977809,0.07655568950524563,0.5540851354598999
matched_coord0.5,spatial_knn,8,SCGB2A2,0.08469310347765166,0.025189014453889193,1.9039239523702165
matched_coord0.5,spatial_knn,8,SCGB1D2,0.11269766691778774,0.11562591787505544,1.3877736577705233
matched_coord0.5,spatial_knn,8,MBP,0.14714253607858213,0.13022951355353304,1.0462946935457462
matched_coord0.5,spatial_knn,8,GFAP,-0.011442225008110828,0.000870242653089662,1.140757398877472
matched_coord0.5,spatial_knn,8,PLP1,0.09612767739177883,0.103525295951514,1.1272164012089219
matched_coord0.5,spatial_knn,8,SAA1,0.20023199186154866,0.219191097973188,1.056741919674145
matched_coord0.5,spatial_knn,8,MGP,0.13678021939529506,0.12371931187484213,1.4467092433160424
matched_coord0.5,spatial_knn,8,IGKC,0.1785525781202041,0.16367811920450318,1.0595635040610907
matched_coord0.5,spatial_knn,8,FABP4,0.22455563603416498,0.21916957175048035,0.9164933294767039
matched_coord0.5,spatial_knn,8,MOBP,0.043645400487049055,0.04010060356160495,0.6112076243347438
matched_coord0.5,spatial_knn,8,HBB,0.001573435962599015,-0.01660431934168159,0.8089834476186059
matched_coord0.5,spatial_knn,8,NEFL,0.12967730936736194,0.10803359200825809,1.0058972409452271
matched_coord0.5,spatial_knn,8,TF,0.07273422485276368,0.058373270713901526,0.7243082956401257
matched_coord0.5,spatial_knn,8,IGHG3,0.2335222827803518,0.15530522527101173,0.6173409339487677
matched_coord0.5,spatial_knn,8,CNP,0.03842906786082413,0.04133434563151512,0.9109243887977561
matched_coord0.5,spatial_knn,8,CPB1,0.3044752658292995,0.22276516044321998,0.5448779895516
matched_coord0.5,spatial_knn,8,CRYAB,0.05015578631252152,0.05648265862044721,0.9649338617699965
matched_coord0.5,spatial_knn,8,IGHA1,0.10896709761284146,0.11289662309834111,0.5780305062293831
matched_coord0.5,spatial_knn,8,KRT8,0.007158737833829957,-0.023485991939777077,0.7893462338495132
matched_coord0.5,spatial_knn,8,MUC1,0.07896662478348906,0.07816745154481715,1.0703572839949276
matched_coord0.5,spatial_knn,8,KRT19,-0.01701609234116939,-0.017589733532278048,1.063002541888006
matched_coord0.5,spatial_knn,8,IGLC2,0.0968821312206797,0.10664780603646233,0.6574852174440218
matched_coord0.5,spatial_knn,8,TFF1,0.06907281752271802,0.06377237676749105,0.9660155145983996
matched_coord0.5,spatial_knn,8,MAG,0.03905704208872206,0.03244233588052561,0.5456228583274084
matched_coord0.5,spatial_knn,8,ERMN,-0.031532052222712575,-0.031367867366952296,0.4378087898301391
matched_coord0.5,spatial_knn,8,CLDN11,-0.04236248993073904,-0.033003142030710135,0.5044757688282383
matched_coord0.5,spatial_knn,8,CLDND1,0.003443431310722722,0.006275224666182444,0.7226088798186544
matched_coord0.5,spatial_knn,8,SPP1,0.03381924089685744,0.015831366514122834,0.6275856903287914
matched_coord0.5,spatial_knn,8,PPP1R14A,0.05079412732233846,0.0409150505022909,0.629793678004606
matched_coord0.5,spatial_knn,8,S100B,0.03723504140618204,0.03718606057690102,0.9868053639053945
matched_coord0.5,spatial_knn,8,MOG,0.018407316907678,0.021052924351636013,0.341998639544725
matched_coord0.5,spatial_knn,8,MALAT1,0.09724895300234307,0.13309285492312464,1.056061622963975
matched_coord0.5,spatial_knn,8,CARNS1,-0.06285235245708734,-0.04319610737901487,0.4314851616036928
matched_coord0.5,spatial_knn,8,IGHG4,0.19978579850298986,0.14900396799274349,0.496114501698003
matched_coord0.5,spatial_knn,8,KRT18,0.02050189926101133,-0.0006526940776369527,0.752799386568825
matched_coord0.5,spatial_knn,8,BCAS1,0.02483754427722741,0.016053129855585706,0.48525302373929907
matched_coord0.5,spatial_knn,8,PTGDS,0.012053700282483384,0.013314924849574606,0.8748698695193077
matched_coord0.5,spatial_knn,8,SAA2,-0.04615050674227267,-0.0013487539008810213,0.6138456104893287
matched_coord0.5,spatial_knn,8,SEPT4,0.010550584037110223,0.007779018468781373,0.7507625390055117
matched_coord0.5,spatial_knn,8,TFF3,-0.11412826422959452,-0.1033718366504971,1.0237510811266353
matched_coord0.5,spatial_knn,8,HPCAL1,0.053997575422500756,0.052288398771052784,0.9781909405136106
matched_coord0.5,spatial_knn,8,S100A11,-0.03784161779170682,-0.04618260287436821,0.8516023376309266
matched_coord0.5,spatial_knn,8,ALB,-0.026624086425298267,-0.02838140567407483,0.13948512350484774
matched_coord0.5,spatial_knn,8,RNASE1,-0.04160334657533476,-0.03759847508029559,0.748557898498539
matched_coord0.5,spatial_knn,8,TMEM144,0.024403762464406318,0.010660116025669124,0.41687481443316354
matched_coord0.5,spatial_knn,8,ENPP2,0.015838652994360047,0.009261314162663622,0.5204776393875941
matched_coord0.5,spatial_knn,8,MAL,-0.004674542442100919,0.013380104028303181,0.5348323138003108
matched_coord0.5,spatial_knn,8,NKX6-2,0.03163492620942707,0.024139953027824002,0.3533096541038807
matched_coord0.5,spatial_knn,8,HSPA2,-0.05036407518381254,-0.029060100046667373,0.45800624416070085
matched_coord0.5,spatial_knn,8,G0S2,0.18058725013426669,0.18637854687555486,0.5746620306455806
random,mean,9,SCGB2A2,0.0,,1.5311459302902222
random,mean,9,SCGB1D2,0.0,,1.2009166479110718
random,mean,9,MBP,,,1.2033740282058716
random,mean,9,GFAP,0.0,,1.199936032295227
random,mean,9,PLP1,0.0,,1.2761950492858887
random,mean,9,SAA1,,,0.8461412787437439
random,mean,9,MGP,,,1.036195993423462
random,mean,9,IGKC,0.0,,1.027463436126709
random,mean,9,FABP4,,,0.7562700510025024
random,mean,9,MOBP,0.0,,0.8577693700790405
random,mean,9,HBB,0.0,,0.8310605883598328
random,mean,9,NEFL,,,1.0218350887298584
random,mean,9,TF,0.0,,0.9533025026321411
random,mean,9,IGHG3,0.0,,0.49626705050468445
random,mean,9,CNP,0.0,,1.0765739679336548
random,mean,9,CPB1,0.0,,0.4667068421840668
random,mean,9,CRYAB,,,1.0835567712783813
random,mean,9,IGHA1,,,0.6585004925727844
random,mean,9,KRT8,0.0,,0.907625675201416
random,mean,9,MUC1,0.0,,0.9611721634864807
random,mean,9,KRT19,,,1.0047723054885864
random,mean,9,IGLC2,,,0.6989702582359314
random,mean,9,TFF1,,,0.7899004817008972
random,mean,9,MAG,0.0,,0.7247042059898376
random,mean,9,ERMN,0.0,,0.6297112107276917
random,mean,9,CLDN11,,,0.6799256801605225
random,mean,9,CLDND1,0.0,,0.8769133687019348
random,mean,9,SPP1,,,0.7793641090393066
random,mean,9,PPP1R14A,,,0.8124287724494934
random,mean,9,S100B,,,1.0378386974334717
random,mean,9,MOG,0.0,,0.5371086001396179
random,mean,9,MALAT1,0.0,,1.0526026487350464
random,mean,9,CARNS1,0.0,,0.5733187198638916
random,mean,9,IGHG4,,,0.4687756896018982
random,mean,9,KRT18,0.0,,0.8089984059333801
random,mean,9,BCAS1,0.0,,0.669425904750824
random,mean,9,PTGDS,,,0.9653338193893433
random,mean,9,SAA2,0.0,,0.3889569044113159
random,mean,9,SEPT4,,,0.8484517931938171
random,mean,9,TFF3,0.0,,0.855415403842926
random,mean,9,HPCAL1,0.0,,0.9179975986480713
random,mean,9,S100A11,,,0.8805984258651733
random,mean,9,ALB,0.0,,0.1483553647994995
random,mean,9,RNASE1,,,0.8459340333938599
random,mean,9,TMEM144,,,0.5643764734268188
random,mean,9,ENPP2,,,0.6557285189628601
random,mean,9,MAL,,,0.6260428428649902
random,mean,9,NKX6-2,,,0.484626829624176
random,mean,9,HSPA2,,,0.5863450765609741
random,mean,9,G0S2,,,0.4611698091030121
random,pca_ridge,9,SCGB2A2,0.29096899562010625,0.29375211922316946,1.4648414850234985
random,pca_ridge,9,SCGB1D2,0.24290945669862504,0.23489295034964236,1.1649411916732788
random,pca_ridge,9,MBP,0.5173579191619866,0.42046156465358864,1.029930830001831
random,pca_ridge,9,GFAP,0.49260329816806336,0.43561116982946707,1.0443272590637207
random,pca_ridge,9,PLP1,0.5300356460560748,0.39329113713936803,1.0822473764419556
random,pca_ridge,9,SAA1,0.1251427932891661,0.09382095653472257,0.8396818041801453
random,pca_ridge,9,MGP,0.12282996031929333,0.09946378043897042,1.0291407108306885
random,pca_ridge,9,IGKC,0.10064416754372355,0.0672345891818298,1.0222152471542358
random,pca_ridge,9,FABP4,0.15297048417130374,0.1037633322665607,0.7474633455276489
random,pca_ridge,9,MOBP,0.47176852142679077,0.28411317735330555,0.7566397190093994
random,pca_ridge,9,HBB,0.08258058546546064,0.1004324173387678,0.8283368945121765
random,pca_ridge,9,NEFL,0.4847187974052966,0.4140200707182649,0.8935867547988892
random,pca_ridge,9,TF,0.49347391447410016,0.3221307492867742,0.8292416334152222
random,pca_ridge,9,IGHG3,0.017542894742139933,0.01684487884502404,0.49684467911720276
random,pca_ridge,9,CNP,0.43287314196181004,0.2798608276115166,0.9710425734519958
random,pca_ridge,9,CPB1,0.08001988581923587,0.09329914192573831,0.46533411741256714
random,pca_ridge,9,CRYAB,0.43230198384107044,0.30216752962279314,0.9771308898925781
random,pca_ridge,9,IGHA1,0.11346578053148454,0.0778950104740546,0.6543643474578857
random,pca_ridge,9,KRT8,0.3021472384529845,0.23867966987410874,0.8654248118400574
random,pca_ridge,9,MUC1,0.2561138492378774,0.24362927920344574,0.9292834997177124
random,pca_ridge,9,KRT19,0.23526549631209942,0.2160793256141481,0.9765405058860779
random,pca_ridge,9,IGLC2,0.07880437071520241,0.05324882315177023,0.6968842148780823
random,pca_ridge,9,TFF1,0.1386916147973722,0.1459152579961622,0.782423734664917
random,pca_ridge,9,MAG,0.4667180629411348,0.29505129325192125,0.641023576259613
random,pca_ridge,9,ERMN,0.43427135133173367,0.25970352294241966,0.5675157308578491
random,pca_ridge,9,CLDN11,0.4663561600780848,0.2808221167083987,0.6015644073486328
random,pca_ridge,9,CLDND1,0.41678908398599124,0.278105254056128,0.7973562479019165
random,pca_ridge,9,SPP1,0.45122545426348637,0.2959314902903339,0.6954950094223022
random,pca_ridge,9,PPP1R14A,0.410803546628294,0.25391404990006566,0.740898847579956
random,pca_ridge,9,S100B,0.3208730848324453,0.2633295552380961,0.9838248491287231
random,pca_ridge,9,MOG,0.43948899702500466,0.27309464194706645,0.4824599027633667
random,pca_ridge,9,MALAT1,0.2047629506604793,0.2348161301059986,1.0303083658218384
random,pca_ridge,9,CARNS1,0.4193287885289926,0.271909688539205,0.5205223560333252
random,pca_ridge,9,IGHG4,0.023759242178603687,0.03505476897031906,0.4691741168498993
random,pca_ridge,9,KRT18,0.23726943921642243,0.19526655820996983,0.7859432101249695
random,pca_ridge,9,BCAS1,0.3789568585472235,0.25250852340098456,0.6195364594459534
random,pca_ridge,9,PTGDS,0.3200591030868325,0.2934141388781942,0.9145864248275757
random,pca_ridge,9,SAA2,0.09047458375516343,0.07733657303577467,0.38738009333610535
random,pca_ridge,9,SEPT4,0.35543808521142384,0.2593541373268014,0.7931864857673645
random,pca_ridge,9,TFF3,0.1611126109516679,0.155463869314996,0.8442373871803284
random,pca_ridge,9,HPCAL1,0.2641832214970953,0.26989600396574753,0.8855960965156555
random,pca_ridge,9,S100A11,0.2526230215097147,0.20397341199304045,0.8523213863372803
random,pca_ridge,9,ALB,0.03266905193312837,0.030010357957169758,0.1483510434627533
random,pca_ridge,9,RNASE1,0.3892009982529444,0.2655263940781669,0.7793560028076172
random,pca_ridge,9,TMEM144,0.39664768200874057,0.25182020284958867,0.5181135535240173
random,pca_ridge,9,ENPP2,0.41771922225692476,0.2658681491316302,0.5958937406539917
random,pca_ridge,9,MAL,0.3545442727615582,0.21693689210320705,0.5861058831214905
random,pca_ridge,9,NKX6-2,0.40285647098988414,0.25834430401611896,0.4436749517917633
random,pca_ridge,9,HSPA2,0.3998644029436925,0.25764719498541144,0.5374979376792908
random,pca_ridge,9,G0S2,0.1090385050301709,0.08832308910769592,0.4584425389766693
random,spatial_knn,9,SCGB2A2,0.7053839254607381,0.7006444561935864,1.0912559728307374
random,spatial_knn,9,SCGB1D2,0.5995580634760072,0.5969486001881901,0.9661129941166379
random,spatial_knn,9,MBP,0.4970570187153004,0.4470230504831713,1.0550218244002043
random,spatial_knn,9,GFAP,0.21912601417624625,0.188252185427874,1.2047027646927517
random,spatial_knn,9,PLP1,0.4438318088120461,0.3701693167063102,1.1601452039433497
random,spatial_knn,9,SAA1,0.5118864573781974,0.46082759663645995,0.7339277764561734
random,spatial_knn,9,MGP,0.4272194333787811,0.39771033012665347,0.9506331599364732
random,spatial_knn,9,IGKC,0.3678498130301311,0.34074248510022886,0.9696645113308829
random,spatial_knn,9,FABP4,0.4581128341411521,0.4034722775295871,0.6793460286674465
random,spatial_knn,9,MOBP,0.39250651632689126,0.2685500724875135,0.8003434664635197
random,spatial_knn,9,HBB,0.3377933910990415,0.24966584367064648,0.7939419625236096
random,spatial_knn,9,NEFL,0.16804342411356582,0.13709337579959513,1.0405037020830408
random,spatial_knn,9,TF,0.3363057442638744,0.24038990293823956,0.9133602984069698
random,spatial_knn,9,IGHG3,0.29775612023544284,0.19158122438716457,0.48337755701372354
random,spatial_knn,9,CNP,0.3060817054316059,0.22458570800569197,1.0457650653133987
random,spatial_knn,9,CPB1,0.3402973430137094,0.2976616226522618,0.44974428747932993
random,spatial_knn,9,CRYAB,0.2992514526552106,0.22870273377012565,1.055759058307664
random,spatial_knn,9,IGHA1,0.29795641274467166,0.2826095853159677,0.638738779567328
random,spatial_knn,9,KRT8,0.3096448283300677,0.2934126641846109,0.8816166248313444
random,spatial_knn,9,MUC1,0.321418562299292,0.32725152474117564,0.9266446668891392
random,spatial_knn,9,KRT19,0.28926169488770415,0.2837041203476043,0.9844718999641184
random,spatial_knn,9,IGLC2,0.2818359569669994,0.25546163270939576,0.6833372370448604
random,spatial_knn,9,TFF1,0.3429371939495537,0.3345423519977194,0.7534038098839119
random,spatial_knn,9,MAG,0.28380119754289956,0.20572252732922117,0.7112383759176952
random,spatial_knn,9,ERMN,0.31222896413806267,0.2188414183793376,0.608764768539737
random,spatial_knn,9,CLDN11,0.29121210619607135,0.18714686775901543,0.6623470613183369
random,spatial_knn,9,CLDND1,0.28901182799438474,0.20707753594692752,0.8567859311188868
random,spatial_knn,9,SPP1,0.28080539753640854,0.2211001050188767,0.7654608524198645
random,spatial_knn,9,PPP1R14A,0.29985297512854414,0.2077430578687534,0.7882862481642812
random,spatial_knn,9,S100B,0.1625548967725528,0.13908600987711112,1.0556980213895415
random,spatial_knn,9,MOG,0.2671646647339157,0.18412809869040153,0.5277574837843506
random,spatial_knn,9,MALAT1,0.1970344377978887,0.19621339352006706,1.0609184303617192
random,spatial_knn,9,CARNS1,0.231800203262071,0.15984451144259965,0.5706323620558297
random,spatial_knn,9,IGHG4,0.2412431825808762,0.15223434692999407,0.46616203159729575
random,spatial_knn,9,KRT18,0.2581464558212848,0.24987539299619263,0.801973676315011
random,spatial_knn,9,BCAS1,0.2578122258898071,0.20627809203943906,0.6591771807344581
random,spatial_knn,9,PTGDS,0.11937773827279057,0.11658604187142302,0.9896055483617745
random,spatial_knn,9,SAA2,0.26172812671454965,0.28255587603814963,0.3832697951175261
random,spatial_knn,9,SEPT4,0.24344687620812117,0.1808454447524913,0.8422371725502289
random,spatial_knn,9,TFF3,0.21982589389571194,0.2325948027272204,0.8568427353680494
random,spatial_knn,9,HPCAL1,0.12563642757305288,0.12475791894295911,0.9439312216321201
random,spatial_knn,9,S100A11,0.24271047670778517,0.2073022224132578,0.8757185194233295
random,spatial_knn,9,ALB,0.2556346019890906,0.14161568023201537,0.1466454236476866
random,spatial_knn,9,RNASE1,0.2421891805716039,0.18957769977681743,0.8385589837892583
random,spatial_knn,9,TMEM144,0.21240926558884515,0.15060962787481366,0.5676618979750495
random,spatial_knn,9,ENPP2,0.22972073578428337,0.16541934655609689,0.6533196639670814
random,spatial_knn,9,MAL,0.21663567424226196,0.1465677010723795,0.6315484988220212
random,spatial_knn,9,NKX6-2,0.23357248185901847,0.17538987289692803,0.4822026818364991
random,spatial_knn,9,HSPA2,0.23777103689937357,0.16550324083044202,0.5826854353239302
random,spatial_knn,9,G0S2,0.26344862294181237,0.2520872657475266,0.45274081145591966
matched_hop0,mean,9,SCGB2A2,,,1.4139487743377686
matched_hop0,mean,9,SCGB1D2,,,1.1176453828811646
matched_hop0,mean,9,MBP,0.0,,1.0693893432617188
matched_hop0,mean,9,GFAP,0.0,,1.1063594818115234
matched_hop0,mean,9,PLP1,,,1.1206802129745483
matched_hop0,mean,9,SAA1,,,1.011454701423645
matched_hop0,mean,9,MGP,,,1.1461459398269653
matched_hop0,mean,9,IGKC,0.0,,0.9216110110282898
matched_hop0,mean,9,FABP4,0.0,,0.9048886299133301
matched_hop0,mean,9,MOBP,,,0.6536226272583008
matched_hop0,mean,9,HBB,0.0,,0.9039648175239563
matched_hop0,mean,9,NEFL,,,0.9691310524940491
matched_hop0,mean,9,TF,,,0.7882503867149353
matched_hop0,mean,9,IGHG3,0.0,,0.510532021522522
matched_hop0,mean,9,CNP,,,0.9277656078338623
matched_hop0,mean,9,CPB1,0.0,,0.6304104924201965
matched_hop0,mean,9,CRYAB,,,0.9600686430931091
matched_hop0,mean,9,IGHA1,0.0,,0.5359525084495544
matched_hop0,mean,9,KRT8,0.0,,0.7662706971168518
matched_hop0,mean,9,MUC1,0.0,,0.9118691086769104
matched_hop0,mean,9,KRT19,,,0.9444860816001892
matched_hop0,mean,9,IGLC2,,,0.594475507736206
matched_hop0,mean,9,TFF1,0.0,,0.7942260503768921
matched_hop0,mean,9,MAG,,,0.5911601185798645
matched_hop0,mean,9,ERMN,0.0,,0.4793073534965515
matched_hop0,mean,9,CLDN11,,,0.5350720882415771
matched_hop0,mean,9,CLDND1,0.0,,0.7523654699325562
matched_hop0,mean,9,SPP1,,,0.6306937336921692
matched_hop0,mean,9,PPP1R14A,,,0.6692310571670532
matched_hop0,mean,9,S100B,,,0.9636619687080383
matched_hop0,mean,9,MOG,,,0.3979949355125427
matched_hop0,mean,9,MALAT1,,,1.005491018295288
matched_hop0,mean,9,CARNS1,,,0.4451145529747009
matched_hop0,mean,9,IGHG4,0.0,,0.4408128261566162
matched_hop0,mean,9,KRT18,,,0.6983206272125244
matched_hop0,mean,9,BCAS1,0.0,,0.5288259983062744
matched_hop0,mean,9,PTGDS,0.0,,0.8508158922195435
matched_hop0,mean,9,SAA2,0.0,,0.5073491334915161
matched_hop0,mean,9,SEPT4,0.0,,0.7457103729248047
matched_hop0,mean,9,TFF3,,,0.8343944549560547
matched_hop0,mean,9,HPCAL1,,,0.9244716763496399
matched_hop0,mean,9,S100A11,,,0.7645299434661865
matched_hop0,mean,9,ALB,0.0,,0.0933074802160263
matched_hop0,mean,9,RNASE1,,,0.7596101760864258
matched_hop0,mean,9,TMEM144,,,0.44381076097488403
matched_hop0,mean,9,ENPP2,0.0,,0.5507875084877014
matched_hop0,mean,9,MAL,,,0.5452921390533447
matched_hop0,mean,9,NKX6-2,,,0.37749728560447693
matched_hop0,mean,9,HSPA2,0.0,,0.4789656400680542
matched_hop0,mean,9,G0S2,0.0,,0.5528850555419922
matched_hop0,pca_ridge,9,SCGB2A2,0.17817203018344857,0.171662970776971,1.4117672443389893
matched_hop0,pca_ridge,9,SCGB1D2,0.1667673470102437,0.16337563651875878,1.112228274345398
matched_hop0,pca_ridge,9,MBP,0.3666779753347748,0.3725104036100302,0.9977530241012573
matched_hop0,pca_ridge,9,GFAP,0.4098906470214393,0.3562307261079387,1.0094252824783325
matched_hop0,pca_ridge,9,PLP1,0.3262373583048418,0.2978718218410848,1.0606273412704468
matched_hop0,pca_ridge,9,SAA1,0.19156206549670995,0.17133876074315807,0.9965283870697021
matched_hop0,pca_ridge,9,MGP,0.17576059830709478,0.15217759885667156,1.1305478811264038
matched_hop0,pca_ridge,9,IGKC,0.044559548450143566,0.03897776173362991,0.9220430850982666
matched_hop0,pca_ridge,9,FABP4,0.20193942508695747,0.1627184525797321,0.8906030654907227
matched_hop0,pca_ridge,9,MOBP,0.20275093681338105,0.18923109250001105,0.641465425491333
matched_hop0,pca_ridge,9,HBB,0.03332566861746507,0.07081948165895532,0.9036784172058105
matched_hop0,pca_ridge,9,NEFL,0.4885319532671725,0.4077126453521328,0.8455265164375305
matched_hop0,pca_ridge,9,TF,0.2508194524520239,0.24079077406313354,0.7634927034378052
matched_hop0,pca_ridge,9,IGHG3,0.013703698246443711,0.03347964745172717,0.5110639929771423
matched_hop0,pca_ridge,9,CNP,0.24926921881830222,0.22142280372478465,0.8986914753913879
matched_hop0,pca_ridge,9,CPB1,0.10279908855346007,0.11812338731612276,0.6273925304412842
matched_hop0,pca_ridge,9,CRYAB,0.18751132334156254,0.16552233454696577,0.9445298910140991
matched_hop0,pca_ridge,9,IGHA1,0.008562130030066457,-0.0020521908756186286,0.5389539003372192
matched_hop0,pca_ridge,9,KRT8,0.10701989763668865,0.0917076728301178,0.7651957273483276
matched_hop0,pca_ridge,9,MUC1,0.14219430370206895,0.139086884982656,0.9058406949043274
matched_hop0,pca_ridge,9,KRT19,0.15976542953477596,0.14934114434811083,0.9328243136405945
matched_hop0,pca_ridge,9,IGLC2,0.021165137836024785,0.002913313022340261,0.5956348180770874
matched_hop0,pca_ridge,9,TFF1,0.14390489547121524,0.15792343797332184,0.7867559194564819
matched_hop0,pca_ridge,9,MAG,0.1918863699311494,0.178968421772516,0.5807054042816162
matched_hop0,pca_ridge,9,ERMN,0.18682955419474379,0.17753869736139183,0.47140997648239136
matched_hop0,pca_ridge,9,CLDN11,0.17278815837472872,0.16746981499544467,0.527881920337677
matched_hop0,pca_ridge,9,CLDND1,0.2001673865323294,0.21452704853407734,0.7381369471549988
matched_hop0,pca_ridge,9,SPP1,0.2140957591225533,0.2212689399745779,0.6166849136352539
matched_hop0,pca_ridge,9,PPP1R14A,0.1473707711544236,0.14641132090339484,0.6638715863227844
matched_hop0,pca_ridge,9,S100B,0.23184771657097222,0.22175863264439696,0.9380397796630859
matched_hop0,pca_ridge,9,MOG,0.14739128183821532,0.1419475313332148,0.39465978741645813
matched_hop0,pca_ridge,9,MALAT1,0.1876923204020904,0.2185817614239178,0.9870925545692444
matched_hop0,pca_ridge,9,CARNS1,0.1719695604130012,0.17873857238978777,0.4390992224216461
matched_hop0,pca_ridge,9,IGHG4,0.018162792218072384,0.026493206229629078,0.44131892919540405
matched_hop0,pca_ridge,9,KRT18,0.10271754794379781,0.08275194290844395,0.697115421295166
matched_hop0,pca_ridge,9,BCAS1,0.14823494031199305,0.1534007290968747,0.5239633321762085
matched_hop0,pca_ridge,9,PTGDS,0.18677482419537378,0.20273227513034364,0.8361823558807373
matched_hop0,pca_ridge,9,SAA2,0.10171600884363062,0.09402473210147973,0.5050068497657776
matched_hop0,pca_ridge,9,SEPT4,0.20496433758574437,0.23032704171420665,0.7302520871162415
matched_hop0,pca_ridge,9,TFF3,0.14917241144319138,0.15032998884015436,0.8252400755882263
matched_hop0,pca_ridge,9,HPCAL1,0.2253712901183833,0.23107627873870834,0.8995805382728577
matched_hop0,pca_ridge,9,S100A11,0.11240004254603211,0.08994773508036383,0.762345016002655
matched_hop0,pca_ridge,9,ALB,0.0067471902523124645,0.0024614235078294264,0.09398067742586136
matched_hop0,pca_ridge,9,RNASE1,0.1560993012150045,0.15293807118749903,0.7504210472106934
matched_hop0,pca_ridge,9,TMEM144,0.1484135009858585,0.15394655728849244,0.4396975636482239
matched_hop0,pca_ridge,9,ENPP2,0.14887785475958243,0.16544593841813227,0.5452908873558044
matched_hop0,pca_ridge,9,MAL,0.13142450393696464,0.13496187719316582,0.5411727428436279
matched_hop0,pca_ridge,9,NKX6-2,0.140246388733403,0.14066685972548776,0.3739994764328003
matched_hop0,pca_ridge,9,HSPA2,0.13882775161762603,0.13118013917086446,0.47474703192710876
matched_hop0,pca_ridge,9,G0S2,0.11831036223546884,0.09552479062125081,0.5491019487380981
matched_hop0,spatial_knn,9,SCGB2A2,0.4285930920298521,0.3967746482794313,1.4542286661638697
matched_hop0,spatial_knn,9,SCGB1D2,0.34364666838772573,0.3370699871191905,1.1297294207390676
matched_hop0,spatial_knn,9,MBP,0.28276809909488665,0.23711825235018108,1.0242416207162268
matched_hop0,spatial_knn,9,GFAP,0.04971834722886368,0.05429744800628848,1.1491054231546438
matched_hop0,spatial_knn,9,PLP1,0.20706603626695175,0.18109524317294953,1.1049565828483559
matched_hop0,spatial_knn,9,SAA1,0.4013278421960847,0.41248468458456455,0.9223097504856995
matched_hop0,spatial_knn,9,MGP,0.18128043644544484,0.1931460373767169,1.1751935309302783
matched_hop0,spatial_knn,9,IGKC,0.32691582339060443,0.3294787483285705,0.8982426598638126
matched_hop0,spatial_knn,9,FABP4,0.37635239459602976,0.36085276006838013,0.8334460959695249
matched_hop0,spatial_knn,9,MOBP,0.13865018277551885,0.0873735949793941,0.6523248228909567
matched_hop0,spatial_knn,9,HBB,0.26603975644077776,0.21471218923809773,0.8773204257952872
matched_hop0,spatial_knn,9,NEFL,0.1619062963856279,0.1369995762544064,0.9814118127299357
matched_hop0,spatial_knn,9,TF,0.13171025930398703,0.09947001621619167,0.7904135120438606
matched_hop0,spatial_knn,9,IGHG3,0.21229937272452457,0.19481927344705366,0.5030201744658623
matched_hop0,spatial_knn,9,CNP,0.11123106170381958,0.09106289793799867,0.9326212051432506
matched_hop0,spatial_knn,9,CPB1,0.35027194001354606,0.3383968236513721,0.5871809236639638
matched_hop0,spatial_knn,9,CRYAB,0.06413633460385523,0.05555705559625859,0.9802475933619104
matched_hop0,spatial_knn,9,IGHA1,0.11254256518943717,0.14221103213892275,0.5360405723783221
matched_hop0,spatial_knn,9,KRT8,0.11624382831395058,0.09495484823602003,0.7786293469201735
matched_hop0,spatial_knn,9,MUC1,0.1696036068343833,0.17394684858170112,0.9297258349401701
matched_hop0,spatial_knn,9,KRT19,0.19801681856586673,0.16907022931237273,0.9685736140777899
matched_hop0,spatial_knn,9,IGLC2,0.19301802673784357,0.21056577165055132,0.5860062898907527
matched_hop0,spatial_knn,9,TFF1,0.16722359897614578,0.17149489415248126,0.8033304493523549
matched_hop0,spatial_knn,9,MAG,0.08270616560057108,0.05395960387462166,0.6021777751153969
matched_hop0,spatial_knn,9,ERMN,0.09672065082591418,0.059313807930101686,0.48372998520889093
matched_hop0,spatial_knn,9,CLDN11,0.04066846155212807,0.02482015752262819,0.5520541105963918
matched_hop0,spatial_knn,9,CLDND1,0.09511318214326811,0.0623819000624438,0.759569207653765
matched_hop0,spatial_knn,9,SPP1,0.10101919936548093,0.07122938753361258,0.6398635620030164
matched_hop0,spatial_knn,9,PPP1R14A,0.03029656062421991,0.020559028200354563,0.6839395537464547
matched_hop0,spatial_knn,9,S100B,0.03650094372764923,0.034682968570662887,0.9880363716110155
matched_hop0,spatial_knn,9,MOG,0.07580599815454753,0.05233991178593533,0.4026605634914489
matched_hop0,spatial_knn,9,MALAT1,0.13160470542570302,0.16026945530189152,1.0095347419247878
matched_hop0,spatial_knn,9,CARNS1,0.014064977728216231,0.018106724164629804,0.4577480168813881
matched_hop0,spatial_knn,9,IGHG4,0.19270786659417694,0.16924687502132033,0.43974123812756777
matched_hop0,spatial_knn,9,KRT18,0.11384384899350117,0.10172304887215648,0.7122357570381972
matched_hop0,spatial_knn,9,BCAS1,0.07532254304374598,0.054499153736722795,0.5364616829601571
matched_hop0,spatial_knn,9,PTGDS,-0.005013239826088534,0.003361504258010276,0.8887482936343328
matched_hop0,spatial_knn,9,SAA2,0.10992213185632291,0.19428263963044984,0.5226503818339744
matched_hop0,spatial_knn,9,SEPT4,0.07269654764025268,0.04829072234405787,0.7634713638646539
matched_hop0,spatial_knn,9,TFF3,0.02794338992852025,0.03682262625444809,0.8727093104520417
matched_hop0,spatial_knn,9,HPCAL1,0.09000847007949,0.08688922160863889,0.9498728029402578
matched_hop0,spatial_knn,9,S100A11,0.03238969672591258,0.030076895079745807,0.7936957632582741
matched_hop0,spatial_knn,9,ALB,-0.0011912379600899857,-0.004113401239380397,0.09384011262447114
matched_hop0,spatial_knn,9,RNASE1,0.05441200634371357,0.041527947939698044,0.7695774844232723
matched_hop0,spatial_knn,9,TMEM144,0.03767509235691471,0.015242811631007354,0.4565138550201107
matched_hop0,spatial_knn,9,ENPP2,0.043842903758736326,0.03305304877946596,0.5674457311521196
matched_hop0,spatial_knn,9,MAL,0.038785355385568814,0.022874907176817824,0.5576610982959411
matched_hop0,spatial_knn,9,NKX6-2,0.07009790509649758,0.04804145818022564,0.3841527822511354
matched_hop0,spatial_knn,9,HSPA2,0.00020901037947908903,0.0007522258739220363,0.49129881854227525
matched_hop0,spatial_knn,9,G0S2,0.24599886958787343,0.23372001383854382,0.5471747008640305
matched_hop1,mean,9,SCGB2A2,,,1.4139487743377686
matched_hop1,mean,9,SCGB1D2,,,1.1176453828811646
matched_hop1,mean,9,MBP,0.0,,1.0693893432617188
matched_hop1,mean,9,GFAP,0.0,,1.1063594818115234
matched_hop1,mean,9,PLP1,,,1.1206802129745483
matched_hop1,mean,9,SAA1,,,1.011454701423645
matched_hop1,mean,9,MGP,,,1.1461459398269653
matched_hop1,mean,9,IGKC,0.0,,0.9216110110282898
matched_hop1,mean,9,FABP4,0.0,,0.9048886299133301
matched_hop1,mean,9,MOBP,,,0.6536226272583008
matched_hop1,mean,9,HBB,0.0,,0.9039648175239563
matched_hop1,mean,9,NEFL,,,0.9691310524940491
matched_hop1,mean,9,TF,,,0.7882503867149353
matched_hop1,mean,9,IGHG3,0.0,,0.510532021522522
matched_hop1,mean,9,CNP,,,0.9277656078338623
matched_hop1,mean,9,CPB1,0.0,,0.6304104924201965
matched_hop1,mean,9,CRYAB,,,0.9600686430931091
matched_hop1,mean,9,IGHA1,0.0,,0.5359525084495544
matched_hop1,mean,9,KRT8,0.0,,0.7662706971168518
matched_hop1,mean,9,MUC1,0.0,,0.9118691086769104
matched_hop1,mean,9,KRT19,,,0.9444860816001892
matched_hop1,mean,9,IGLC2,,,0.594475507736206
matched_hop1,mean,9,TFF1,0.0,,0.7942260503768921
matched_hop1,mean,9,MAG,,,0.5911601185798645
matched_hop1,mean,9,ERMN,0.0,,0.4793073534965515
matched_hop1,mean,9,CLDN11,,,0.5350720882415771
matched_hop1,mean,9,CLDND1,0.0,,0.7523654699325562
matched_hop1,mean,9,SPP1,,,0.6306937336921692
matched_hop1,mean,9,PPP1R14A,,,0.6692310571670532
matched_hop1,mean,9,S100B,,,0.9636619687080383
matched_hop1,mean,9,MOG,,,0.3979949355125427
matched_hop1,mean,9,MALAT1,,,1.005491018295288
matched_hop1,mean,9,CARNS1,,,0.4451145529747009
matched_hop1,mean,9,IGHG4,0.0,,0.4408128261566162
matched_hop1,mean,9,KRT18,,,0.6983206272125244
matched_hop1,mean,9,BCAS1,0.0,,0.5288259983062744
matched_hop1,mean,9,PTGDS,0.0,,0.8508158922195435
matched_hop1,mean,9,SAA2,0.0,,0.5073491334915161
matched_hop1,mean,9,SEPT4,0.0,,0.7457103729248047
matched_hop1,mean,9,TFF3,,,0.8343944549560547
matched_hop1,mean,9,HPCAL1,,,0.9244716763496399
matched_hop1,mean,9,S100A11,,,0.7645299434661865
matched_hop1,mean,9,ALB,0.0,,0.0933074802160263
matched_hop1,mean,9,RNASE1,,,0.7596101760864258
matched_hop1,mean,9,TMEM144,,,0.44381076097488403
matched_hop1,mean,9,ENPP2,0.0,,0.5507875084877014
matched_hop1,mean,9,MAL,,,0.5452921390533447
matched_hop1,mean,9,NKX6-2,,,0.37749728560447693
matched_hop1,mean,9,HSPA2,0.0,,0.4789656400680542
matched_hop1,mean,9,G0S2,0.0,,0.5528850555419922
matched_hop1,pca_ridge,9,SCGB2A2,0.17817203018344857,0.171662970776971,1.4117672443389893
matched_hop1,pca_ridge,9,SCGB1D2,0.1667673470102437,0.16337563651875878,1.112228274345398
matched_hop1,pca_ridge,9,MBP,0.3666779753347748,0.3725104036100302,0.9977530241012573
matched_hop1,pca_ridge,9,GFAP,0.4098906470214393,0.3562307261079387,1.0094252824783325
matched_hop1,pca_ridge,9,PLP1,0.3262373583048418,0.2978718218410848,1.0606273412704468
matched_hop1,pca_ridge,9,SAA1,0.19156206549670995,0.17133876074315807,0.9965283870697021
matched_hop1,pca_ridge,9,MGP,0.17576059830709478,0.15217759885667156,1.1305478811264038
matched_hop1,pca_ridge,9,IGKC,0.044559548450143566,0.03897776173362991,0.9220430850982666
matched_hop1,pca_ridge,9,FABP4,0.20193942508695747,0.1627184525797321,0.8906030654907227
matched_hop1,pca_ridge,9,MOBP,0.20275093681338105,0.18923109250001105,0.641465425491333
matched_hop1,pca_ridge,9,HBB,0.03332566861746507,0.07081948165895532,0.9036784172058105
matched_hop1,pca_ridge,9,NEFL,0.4885319532671725,0.4077126453521328,0.8455265164375305
matched_hop1,pca_ridge,9,TF,0.2508194524520239,0.24079077406313354,0.7634927034378052
matched_hop1,pca_ridge,9,IGHG3,0.013703698246443711,0.03347964745172717,0.5110639929771423
matched_hop1,pca_ridge,9,CNP,0.24926921881830222,0.22142280372478465,0.8986914753913879
matched_hop1,pca_ridge,9,CPB1,0.10279908855346007,0.11812338731612276,0.6273925304412842
matched_hop1,pca_ridge,9,CRYAB,0.18751132334156254,0.16552233454696577,0.9445298910140991
matched_hop1,pca_ridge,9,IGHA1,0.008562130030066457,-0.0020521908756186286,0.5389539003372192
matched_hop1,pca_ridge,9,KRT8,0.10701989763668865,0.0917076728301178,0.7651957273483276
matched_hop1,pca_ridge,9,MUC1,0.14219430370206895,0.139086884982656,0.9058406949043274
matched_hop1,pca_ridge,9,KRT19,0.15976542953477596,0.14934114434811083,0.9328243136405945
matched_hop1,pca_ridge,9,IGLC2,0.021165137836024785,0.002913313022340261,0.5956348180770874
matched_hop1,pca_ridge,9,TFF1,0.14390489547121524,0.15792343797332184,0.7867559194564819
matched_hop1,pca_ridge,9,MAG,0.1918863699311494,0.178968421772516,0.5807054042816162
matched_hop1,pca_ridge,9,ERMN,0.18682955419474379,0.17753869736139183,0.47140997648239136
matched_hop1,pca_ridge,9,CLDN11,0.17278815837472872,0.16746981499544467,0.527881920337677
matched_hop1,pca_ridge,9,CLDND1,0.2001673865323294,0.21452704853407734,0.7381369471549988
matched_hop1,pca_ridge,9,SPP1,0.2140957591225533,0.2212689399745779,0.6166849136352539
matched_hop1,pca_ridge,9,PPP1R14A,0.1473707711544236,0.14641132090339484,0.6638715863227844
matched_hop1,pca_ridge,9,S100B,0.23184771657097222,0.22175863264439696,0.9380397796630859
matched_hop1,pca_ridge,9,MOG,0.14739128183821532,0.1419475313332148,0.39465978741645813
matched_hop1,pca_ridge,9,MALAT1,0.1876923204020904,0.2185817614239178,0.9870925545692444
matched_hop1,pca_ridge,9,CARNS1,0.1719695604130012,0.17873857238978777,0.4390992224216461
matched_hop1,pca_ridge,9,IGHG4,0.018162792218072384,0.026493206229629078,0.44131892919540405
matched_hop1,pca_ridge,9,KRT18,0.10271754794379781,0.08275194290844395,0.697115421295166
matched_hop1,pca_ridge,9,BCAS1,0.14823494031199305,0.1534007290968747,0.5239633321762085
matched_hop1,pca_ridge,9,PTGDS,0.18677482419537378,0.20273227513034364,0.8361823558807373
matched_hop1,pca_ridge,9,SAA2,0.10171600884363062,0.09402473210147973,0.5050068497657776
matched_hop1,pca_ridge,9,SEPT4,0.20496433758574437,0.23032704171420665,0.7302520871162415
matched_hop1,pca_ridge,9,TFF3,0.14917241144319138,0.15032998884015436,0.8252400755882263
matched_hop1,pca_ridge,9,HPCAL1,0.2253712901183833,0.23107627873870834,0.8995805382728577
matched_hop1,pca_ridge,9,S100A11,0.11240004254603211,0.08994773508036383,0.762345016002655
matched_hop1,pca_ridge,9,ALB,0.0067471902523124645,0.0024614235078294264,0.09398067742586136
matched_hop1,pca_ridge,9,RNASE1,0.1560993012150045,0.15293807118749903,0.7504210472106934
matched_hop1,pca_ridge,9,TMEM144,0.1484135009858585,0.15394655728849244,0.4396975636482239
matched_hop1,pca_ridge,9,ENPP2,0.14887785475958243,0.16544593841813227,0.5452908873558044
matched_hop1,pca_ridge,9,MAL,0.13142450393696464,0.13496187719316582,0.5411727428436279
matched_hop1,pca_ridge,9,NKX6-2,0.140246388733403,0.14066685972548776,0.3739994764328003
matched_hop1,pca_ridge,9,HSPA2,0.13882775161762603,0.13118013917086446,0.47474703192710876
matched_hop1,pca_ridge,9,G0S2,0.11831036223546884,0.09552479062125081,0.5491019487380981
matched_hop1,spatial_knn,9,SCGB2A2,0.4285930920298521,0.3967746482794313,1.4542286661638697
matched_hop1,spatial_knn,9,SCGB1D2,0.34364666838772573,0.3370699871191905,1.1297294207390676
matched_hop1,spatial_knn,9,MBP,0.28276809909488665,0.23711825235018108,1.0242416207162268
matched_hop1,spatial_knn,9,GFAP,0.04971834722886368,0.05429744800628848,1.1491054231546438
matched_hop1,spatial_knn,9,PLP1,0.20706603626695175,0.18109524317294953,1.1049565828483559
matched_hop1,spatial_knn,9,SAA1,0.4013278421960847,0.41248468458456455,0.9223097504856995
matched_hop1,spatial_knn,9,MGP,0.18128043644544484,0.1931460373767169,1.1751935309302783
matched_hop1,spatial_knn,9,IGKC,0.32691582339060443,0.3294787483285705,0.8982426598638126
matched_hop1,spatial_knn,9,FABP4,0.37635239459602976,0.36085276006838013,0.8334460959695249
matched_hop1,spatial_knn,9,MOBP,0.13865018277551885,0.0873735949793941,0.6523248228909567
matched_hop1,spatial_knn,9,HBB,0.26603975644077776,0.21471218923809773,0.8773204257952872
matched_hop1,spatial_knn,9,NEFL,0.1619062963856279,0.1369995762544064,0.9814118127299357
matched_hop1,spatial_knn,9,TF,0.13171025930398703,0.09947001621619167,0.7904135120438606
matched_hop1,spatial_knn,9,IGHG3,0.21229937272452457,0.19481927344705366,0.5030201744658623
matched_hop1,spatial_knn,9,CNP,0.11123106170381958,0.09106289793799867,0.9326212051432506
matched_hop1,spatial_knn,9,CPB1,0.35027194001354606,0.3383968236513721,0.5871809236639638
matched_hop1,spatial_knn,9,CRYAB,0.06413633460385523,0.05555705559625859,0.9802475933619104
matched_hop1,spatial_knn,9,IGHA1,0.11254256518943717,0.14221103213892275,0.5360405723783221
matched_hop1,spatial_knn,9,KRT8,0.11624382831395058,0.09495484823602003,0.7786293469201735
matched_hop1,spatial_knn,9,MUC1,0.1696036068343833,0.17394684858170112,0.9297258349401701
matched_hop1,spatial_knn,9,KRT19,0.19801681856586673,0.16907022931237273,0.9685736140777899
matched_hop1,spatial_knn,9,IGLC2,0.19301802673784357,0.21056577165055132,0.5860062898907527
matched_hop1,spatial_knn,9,TFF1,0.16722359897614578,0.17149489415248126,0.8033304493523549
matched_hop1,spatial_knn,9,MAG,0.08270616560057108,0.05395960387462166,0.6021777751153969
matched_hop1,spatial_knn,9,ERMN,0.09672065082591418,0.059313807930101686,0.48372998520889093
matched_hop1,spatial_knn,9,CLDN11,0.04066846155212807,0.02482015752262819,0.5520541105963918
matched_hop1,spatial_knn,9,CLDND1,0.09511318214326811,0.0623819000624438,0.759569207653765
matched_hop1,spatial_knn,9,SPP1,0.10101919936548093,0.07122938753361258,0.6398635620030164
matched_hop1,spatial_knn,9,PPP1R14A,0.03029656062421991,0.020559028200354563,0.6839395537464547
matched_hop1,spatial_knn,9,S100B,0.03650094372764923,0.034682968570662887,0.9880363716110155
matched_hop1,spatial_knn,9,MOG,0.07580599815454753,0.05233991178593533,0.4026605634914489
matched_hop1,spatial_knn,9,MALAT1,0.13160470542570302,0.16026945530189152,1.0095347419247878
matched_hop1,spatial_knn,9,CARNS1,0.014064977728216231,0.018106724164629804,0.4577480168813881
matched_hop1,spatial_knn,9,IGHG4,0.19270786659417694,0.16924687502132033,0.43974123812756777
matched_hop1,spatial_knn,9,KRT18,0.11384384899350117,0.10172304887215648,0.7122357570381972
matched_hop1,spatial_knn,9,BCAS1,0.07532254304374598,0.054499153736722795,0.5364616829601571
matched_hop1,spatial_knn,9,PTGDS,-0.005013239826088534,0.003361504258010276,0.8887482936343328
matched_hop1,spatial_knn,9,SAA2,0.10992213185632291,0.19428263963044984,0.5226503818339744
matched_hop1,spatial_knn,9,SEPT4,0.07269654764025268,0.04829072234405787,0.7634713638646539
matched_hop1,spatial_knn,9,TFF3,0.02794338992852025,0.03682262625444809,0.8727093104520417
matched_hop1,spatial_knn,9,HPCAL1,0.09000847007949,0.08688922160863889,0.9498728029402578
matched_hop1,spatial_knn,9,S100A11,0.03238969672591258,0.030076895079745807,0.7936957632582741
matched_hop1,spatial_knn,9,ALB,-0.0011912379600899857,-0.004113401239380397,0.09384011262447114
matched_hop1,spatial_knn,9,RNASE1,0.05441200634371357,0.041527947939698044,0.7695774844232723
matched_hop1,spatial_knn,9,TMEM144,0.03767509235691471,0.015242811631007354,0.4565138550201107
matched_hop1,spatial_knn,9,ENPP2,0.043842903758736326,0.03305304877946596,0.5674457311521196
matched_hop1,spatial_knn,9,MAL,0.038785355385568814,0.022874907176817824,0.5576610982959411
matched_hop1,spatial_knn,9,NKX6-2,0.07009790509649758,0.04804145818022564,0.3841527822511354
matched_hop1,spatial_knn,9,HSPA2,0.00020901037947908903,0.0007522258739220363,0.49129881854227525
matched_hop1,spatial_knn,9,G0S2,0.24599886958787343,0.23372001383854382,0.5471747008640305
matched_hop2,mean,9,SCGB2A2,,,1.3873172998428345
matched_hop2,mean,9,SCGB1D2,,,1.1115057468414307
matched_hop2,mean,9,MBP,,,1.0684243440628052
matched_hop2,mean,9,GFAP,0.0,,1.1030998229980469
matched_hop2,mean,9,PLP1,,,1.1102752685546875
matched_hop2,mean,9,SAA1,,,1.010852575302124
matched_hop2,mean,9,MGP,,,1.2063438892364502
matched_hop2,mean,9,IGKC,0.0,,0.9266694784164429
matched_hop2,mean,9,FABP4,,,0.8947488069534302
matched_hop2,mean,9,MOBP,,,0.6411145329475403
matched_hop2,mean,9,HBB,,,0.8793225288391113
matched_hop2,mean,9,NEFL,,,0.9704298377037048
matched_hop2,mean,9,TF,,,0.7703765034675598
matched_hop2,mean,9,IGHG3,0.0,,0.5224723815917969
matched_hop2,mean,9,CNP,0.0,,0.9177826642990112
matched_hop2,mean,9,CPB1,,,0.6489312648773193
matched_hop2,mean,9,CRYAB,,,0.9577669501304626
matched_hop2,mean,9,IGHA1,,,0.5400282740592957
matched_hop2,mean,9,KRT8,0.0,,0.7699484825134277
matched_hop2,mean,9,MUC1,,,0.9190834760665894
matched_hop2,mean,9,KRT19,,,0.9499954581260681
matched_hop2,mean,9,IGLC2,0.0,,0.6011926531791687
matched_hop2,mean,9,TFF1,0.0,,0.8091177344322205
matched_hop2,mean,9,MAG,,,0.5723167657852173
matched_hop2,mean,9,ERMN,,,0.47138911485671997
matched_hop2,mean,9,CLDN11,,,0.5252813696861267
matched_hop2,mean,9,CLDND1,0.0,,0.7392701506614685
matched_hop2,mean,9,SPP1,0.0,,0.6111365556716919
matched_hop2,mean,9,PPP1R14A,,,0.6607685089111328
matched_hop2,mean,9,S100B,,,0.9652079939842224
matched_hop2,mean,9,MOG,,,0.38538461923599243
matched_hop2,mean,9,MALAT1,,,1.0120303630828857
matched_hop2,mean,9,CARNS1,,,0.43915554881095886
matched_hop2,mean,9,IGHG4,0.0,,0.45047950744628906
matched_hop2,mean,9,KRT18,,,0.7060807347297668
matched_hop2,mean,9,BCAS1,,,0.525619626045227
matched_hop2,mean,9,PTGDS,0.0,,0.8449100852012634
matched_hop2,mean,9,SAA2,0.0,,0.5107913017272949
matched_hop2,mean,9,SEPT4,0.0,,0.7404705882072449
matched_hop2,mean,9,TFF3,,,0.8516880869865417
matched_hop2,mean,9,HPCAL1,,,0.933452308177948
matched_hop2,mean,9,S100A11,,,0.7697810530662537
matched_hop2,mean,9,ALB,0.0,,0.10335521399974823
matched_hop2,mean,9,RNASE1,,,0.7520654201507568
matched_hop2,mean,9,TMEM144,,,0.4388653337955475
matched_hop2,mean,9,ENPP2,0.0,,0.5400475859642029
matched_hop2,mean,9,MAL,0.0,,0.5388563275337219
matched_hop2,mean,9,NKX6-2,,,0.3636772930622101
matched_hop2,mean,9,HSPA2,0.0,,0.47238776087760925
matched_hop2,mean,9,G0S2,0.0,,0.5288030505180359
matched_hop2,pca_ridge,9,SCGB2A2,0.16713235045840463,0.16036427413786666,1.3911291360855103
matched_hop2,pca_ridge,9,SCGB1D2,0.15972414149493389,0.1573627368933756,1.1078335046768188
matched_hop2,pca_ridge,9,MBP,0.35562191893680056,0.37238619240347465,1.001044511795044
matched_hop2,pca_ridge,9,GFAP,0.408229671810565,0.357614024639786,1.00724196434021
matched_hop2,pca_ridge,9,PLP1,0.31787246147040493,0.30201777888530273,1.0540285110473633
matched_hop2,pca_ridge,9,SAA1,0.19259451448368833,0.17376452657917807,0.9955627918243408
matched_hop2,pca_ridge,9,MGP,0.20282112494562762,0.17875297889860833,1.1863718032836914
matched_hop2,pca_ridge,9,IGKC,0.049734250673485574,0.04355222480803368,0.9264481663703918
matched_hop2,pca_ridge,9,FABP4,0.20673548406435063,0.1651106619474001,0.8799717426300049
matched_hop2,pca_ridge,9,MOBP,0.17253408519020058,0.17623449595686236,0.6341802477836609
matched_hop2,pca_ridge,9,HBB,0.014477637649305687,0.05629158635502686,0.8809165358543396
matched_hop2,pca_ridge,9,NEFL,0.4818060870679352,0.4099029840438992,0.8505997657775879
matched_hop2,pca_ridge,9,TF,0.23609031089400817,0.23924674798226328,0.7495064735412598
matched_hop2,pca_ridge,9,IGHG3,0.006388145269933355,0.026988981524894286,0.5232243537902832
matched_hop2,pca_ridge,9,CNP,0.22997137430005649,0.21097786330782176,0.8942304253578186
matched_hop2,pca_ridge,9,CPB1,0.10239684803675231,0.11756511458642964,0.6459280848503113
matched_hop2,pca_ridge,9,CRYAB,0.17184418756479894,0.15935359792899817,0.9460477828979492
matched_hop2,pca_ridge,9,IGHA1,0.00891434428182545,-0.0032510013398240945,0.5429548621177673
matched_hop2,pca_ridge,9,KRT8,0.11572176624982516,0.09997656438585749,0.7671983242034912
matched_hop2,pca_ridge,9,MUC1,0.14112795013586338,0.1386870127268784,0.9130259156227112
matched_hop2,pca_ridge,9,KRT19,0.16154958700304192,0.1539249850596023,0.9383504986763
matched_hop2,pca_ridge,9,IGLC2,0.026547672318772194,0.005144804594327408,0.602030336856842
matched_hop2,pca_ridge,9,TFF1,0.15513958798041874,0.16550890082410757,0.7995201945304871
matched_hop2,pca_ridge,9,MAG,0.15093405110273678,0.15594370646689806,0.5679012537002563
matched_hop2,pca_ridge,9,ERMN,0.1647053934931323,0.1700587684109261,0.46592989563941956
matched_hop2,pca_ridge,9,CLDN11,0.1543605750708411,0.15753742628707243,0.520397961139679
matched_hop2,pca_ridge,9,CLDND1,0.1777206150126333,0.2014069403515606,0.7295585870742798
matched_hop2,pca_ridge,9,SPP1,0.19957499884486882,0.21722352946279613,0.6000216603279114
matched_hop2,pca_ridge,9,PPP1R14A,0.12765694366372607,0.13620623226846398,0.6582492589950562
matched_hop2,pca_ridge,9,S100B,0.23339101432811257,0.22187116717165498,0.9392027854919434
matched_hop2,pca_ridge,9,MOG,0.13888923541964449,0.14406261085288913,0.3829379677772522
matched_hop2,pca_ridge,9,MALAT1,0.1820674330870782,0.21490425594993287,0.9948071241378784
matched_hop2,pca_ridge,9,CARNS1,0.1582553327192044,0.173571711050509,0.43452027440071106
matched_hop2,pca_ridge,9,IGHG4,0.017160200740647294,0.026003802249411453,0.4509906768798828
matched_hop2,pca_ridge,9,KRT18,0.10417068279319751,0.08156610801957953,0.704526424407959
matched_hop2,pca_ridge,9,BCAS1,0.1307459268778006,0.14644856976495407,0.5224269032478333
matched_hop2,pca_ridge,9,PTGDS,0.18859616858984493,0.2084741236488785,0.8301036357879639
matched_hop2,pca_ridge,9,SAA2,0.10851743050848091,0.09575052217118882,0.508232057094574
matched_hop2,pca_ridge,9,SEPT4,0.19523099603474978,0.22541196519024298,0.726763129234314
matched_hop2,pca_ridge,9,TFF3,0.1498288942779735,0.15196125762032203,0.8421288728713989
matched_hop2,pca_ridge,9,HPCAL1,0.22018575357056344,0.22539519355741885,0.9088938236236572
matched_hop2,pca_ridge,9,S100A11,0.11964033828690618,0.09637492049094935,0.766377866268158
matched_hop2,pca_ridge,9,ALB,0.008711418234877706,0.0029037039130397346,0.10395393520593643
matched_hop2,pca_ridge,9,RNASE1,0.13331346550511206,0.14320450132342746,0.7462683916091919
matched_hop2,pca_ridge,9,TMEM144,0.13855221854978284,0.1521111478303455,0.4356129765510559
matched_hop2,pca_ridge,9,ENPP2,0.13515293427458586,0.1627696295880584,0.5362120866775513
matched_hop2,pca_ridge,9,MAL,0.10870738458093725,0.12391865966520543,0.5369246006011963
matched_hop2,pca_ridge,9,NKX6-2,0.12360799104509096,0.13635492068115182,0.3614831864833832
matched_hop2,pca_ridge,9,HSPA2,0.11510248100839438,0.11892320223592748,0.47019365429878235
matched_hop2,pca_ridge,9,G0S2,0.12161222234498442,0.10096158471284482,0.5249671339988708
matched_hop2,spatial_knn,9,SCGB2A2,0.3360698047876429,0.30094587474032836,1.5683102529287434
matched_hop2,spatial_knn,9,SCGB1D2,0.2722762222287963,0.27095493542085597,1.1911931170482415
matched_hop2,spatial_knn,9,MBP,0.2359770273074457,0.20085001342218076,1.035469090687879
matched_hop2,spatial_knn,9,GFAP,0.010538561896613691,0.02272139232115694,1.157414479322789
matched_hop2,spatial_knn,9,PLP1,0.16720863870608302,0.1532797458477003,1.1067606298581687
matched_hop2,spatial_knn,9,SAA1,0.35499793701101096,0.375350947040345,0.947235049962755
matched_hop2,spatial_knn,9,MGP,0.15962359215737684,0.17144600905447924,1.2484644978074781
matched_hop2,spatial_knn,9,IGKC,0.3022080727264376,0.30373998522927836,0.9195769260901924
matched_hop2,spatial_knn,9,FABP4,0.3412246684391134,0.33156175020885836,0.8416984741727198
matched_hop2,spatial_knn,9,MOBP,0.09342889607685553,0.06117895479520866,0.645097982258292
matched_hop2,spatial_knn,9,HBB,0.22130262108115814,0.1766493213576341,0.8700354329104378
matched_hop2,spatial_knn,9,NEFL,0.1375975210773691,0.11563020236241717,0.9910236890847665
matched_hop2,spatial_knn,9,TF,0.09994762785140456,0.07571406497991215,0.7774396915712284
matched_hop2,spatial_knn,9,IGHG3,0.2101926731794693,0.18026894673185137,0.5147703503802954
matched_hop2,spatial_knn,9,CNP,0.08042912072432525,0.06810044012259599,0.9279123629875408
matched_hop2,spatial_knn,9,CPB1,0.3544277092099175,0.3397408229566976,0.6043149031179378
matched_hop2,spatial_knn,9,CRYAB,0.04244189852536623,0.03872767494976032,0.982357419450682
matched_hop2,spatial_knn,9,IGHA1,0.10093726981560773,0.13097586176479128,0.541840486188459
matched_hop2,spatial_knn,9,KRT8,0.09992776994242712,0.07830866562625029,0.7879127562760936
matched_hop2,spatial_knn,9,MUC1,0.14028274295886178,0.14623875198540437,0.9510676971564351
matched_hop2,spatial_knn,9,KRT19,0.15916260337995206,0.126536496897321,0.9943489371145972
matched_hop2,spatial_knn,9,IGLC2,0.1822685716472261,0.19881318039070894,0.5945608620762476
matched_hop2,spatial_knn,9,TFF1,0.12376848807646701,0.12610532329255475,0.8330240440880128
matched_hop2,spatial_knn,9,MAG,0.0479209162792184,0.029054081164242247,0.5884448612049733
matched_hop2,spatial_knn,9,ERMN,0.06404579873026416,0.04153893681395839,0.47855796251281124
matched_hop2,spatial_knn,9,CLDN11,0.001974565937884692,0.00217294786381745,0.5480359165247033
matched_hop2,spatial_knn,9,CLDND1,0.06411966260286685,0.044997600301127656,0.7488804233322147
matched_hop2,spatial_knn,9,SPP1,0.06780999524898663,0.044706795753003674,0.6242312953178936
matched_hop2,spatial_knn,9,PPP1R14A,0.004586232637608059,-0.000360080057273183,0.6786511579481549
matched_hop2,spatial_knn,9,S100B,0.02246420558789371,0.022605283912561676,0.9917045066264917
matched_hop2,spatial_knn,9,MOG,0.07196467203392372,0.05075104298492053,0.38931214390856916
matched_hop2,spatial_knn,9,MALAT1,0.11876256187472416,0.14682658139156538,1.019600556836297
matched_hop2,spatial_knn,9,CARNS1,-0.0009117465051378948,0.008052182176645991,0.4526563153921743
matched_hop2,spatial_knn,9,IGHG4,0.18948272530590374,0.15952581826946005,0.4490417553829284
matched_hop2,spatial_knn,9,KRT18,0.09833834882442859,0.08344704661438382,0.7258454448488473
matched_hop2,spatial_knn,9,BCAS1,0.04719016371750789,0.03645182675437982,0.5344536289032431
matched_hop2,spatial_knn,9,PTGDS,-0.011690678360305485,-0.007546284650136985,0.8840993067345668
matched_hop2,spatial_knn,9,SAA2,0.06845293818956438,0.16109308382028872,0.536340597751172
matched_hop2,spatial_knn,9,SEPT4,0.05264552516922075,0.03427325392724689,0.7590917341717739
matched_hop2,spatial_knn,9,TFF3,-0.009755063950283258,-0.0017276599339937852,0.904093013563133
matched_hop2,spatial_knn,9,HPCAL1,0.08057027699134468,0.0772874072336961,0.9603428711033272
matched_hop2,spatial_knn,9,S100A11,0.01974974393596232,0.017398175480382545,0.8031003409413312
matched_hop2,spatial_knn,9,ALB,-0.001734296963973759,-0.0051958998747794255,0.10413993857277412
matched_hop2,spatial_knn,9,RNASE1,0.046124263276068396,0.03946420901886362,0.7620490405455824
matched_hop2,spatial_knn,9,TMEM144,0.028512041029163188,0.010832872280856524,0.45188818833563577
matched_hop2,spatial_knn,9,ENPP2,0.029116830733237595,0.02016753338867033,0.5588178982269106
matched_hop2,spatial_knn,9,MAL,0.00868434408804048,0.003457264490038603,0.5531308953798887
matched_hop2,spatial_knn,9,NKX6-2,0.038029650780752974,0.02441550689903836,0.3719336815568155
matched_hop2,spatial_knn,9,HSPA2,-0.008772487341761634,-0.006953917060572026,0.4849564962276028
matched_hop2,spatial_knn,9,G0S2,0.22243336761828714,0.21162219186348177,0.5346407542630386
matched_hop5,mean,9,SCGB2A2,,,1.4532526731491089
matched_hop5,mean,9,SCGB1D2,,,1.2067776918411255
matched_hop5,mean,9,MBP,0.0,,1.179374098777771
matched_hop5,mean,9,GFAP,0.0,,1.1239252090454102
matched_hop5,mean,9,PLP1,0.0,,1.2001100778579712
matched_hop5,mean,9,SAA1,,,1.0591659545898438
matched_hop5,mean,9,MGP,,,1.3558194637298584
matched_hop5,mean,9,IGKC,,,0.9839009642601013
matched_hop5,mean,9,FABP4,,,0.8715185523033142
matched_hop5,mean,9,MOBP,0.0,,0.6422760486602783
matched_hop5,mean,9,HBB,,,0.8478977680206299
matched_hop5,mean,9,NEFL,,,1.0408227443695068
matched_hop5,mean,9,TF,,,0.7213059067726135
matched_hop5,mean,9,IGHG3,0.0,,0.5525694489479065
matched_hop5,mean,9,CNP,,,0.928162693977356
matched_hop5,mean,9,CPB1,,,0.681553304195404
matched_hop5,mean,9,CRYAB,,,1.0293219089508057
matched_hop5,mean,9,IGHA1,0.0,,0.6699293255805969
matched_hop5,mean,9,KRT8,0.0,,0.8099066615104675
matched_hop5,mean,9,MUC1,0.0,,1.0249896049499512
matched_hop5,mean,9,KRT19,,,1.0209234952926636
matched_hop5,mean,9,IGLC2,,,0.6981037855148315
matched_hop5,mean,9,TFF1,,,0.9085178971290588
matched_hop5,mean,9,MAG,,,0.5905563235282898
matched_hop5,mean,9,ERMN,0.0,,0.4103470742702484
matched_hop5,mean,9,CLDN11,,,0.464781790971756
matched_hop5,mean,9,CLDND1,0.0,,0.7130602598190308
matched_hop5,mean,9,SPP1,,,0.6484143137931824
matched_hop5,mean,9,PPP1R14A,,,0.6259915232658386
matched_hop5,mean,9,S100B,,,1.0227184295654297
matched_hop5,mean,9,MOG,,,0.3761293292045593
matched_hop5,mean,9,MALAT1,,,1.0879437923431396
matched_hop5,mean,9,CARNS1,,,0.33457595109939575
matched_hop5,mean,9,IGHG4,0.0,,0.50066739320755
matched_hop5,mean,9,KRT18,,,0.7740634083747864
matched_hop5,mean,9,BCAS1,,,0.4957045912742615
matched_hop5,mean,9,PTGDS,0.0,,0.8972506523132324
matched_hop5,mean,9,SAA2,,,0.6334280967712402
matched_hop5,mean,9,SEPT4,0.0,,0.7352898716926575
matched_hop5,mean,9,TFF3,0.0,,0.9688730835914612
matched_hop5,mean,9,HPCAL1,,,1.0200481414794922
matched_hop5,mean,9,S100A11,,,0.8467932939529419
matched_hop5,mean,9,ALB,,,0.12649711966514587
matched_hop5,mean,9,RNASE1,,,0.7569320797920227
matched_hop5,mean,9,TMEM144,,,0.41455450654029846
matched_hop5,mean,9,ENPP2,0.0,,0.5074785947799683
matched_hop5,mean,9,MAL,0.0,,0.4862331748008728
matched_hop5,mean,9,NKX6-2,,,0.36573418974876404
matched_hop5,mean,9,HSPA2,,,0.4173511266708374
matched_hop5,mean,9,G0S2,,,0.49203264713287354
matched_hop5,pca_ridge,9,SCGB2A2,0.15724429626194525,0.17244614281097953,1.464224934577942
matched_hop5,pca_ridge,9,SCGB1D2,0.24858262193072533,0.2471757126635683,1.1680924892425537
matched_hop5,pca_ridge,9,MBP,0.2981206763004435,0.3301932085686802,1.1073404550552368
matched_hop5,pca_ridge,9,GFAP,0.4687120854415262,0.443207390762721,0.9983739256858826
matched_hop5,pca_ridge,9,PLP1,0.2611031628330559,0.2644717063888423,1.1448895931243896
matched_hop5,pca_ridge,9,SAA1,0.20727008805081543,0.19883345822990361,1.037712812423706
matched_hop5,pca_ridge,9,MGP,0.3060113140286199,0.2840918149401863,1.3123785257339478
matched_hop5,pca_ridge,9,IGKC,0.10722356367657077,0.08463932890918537,0.9773792028427124
matched_hop5,pca_ridge,9,FABP4,0.26016650662656987,0.23063277215903483,0.8483988642692566
matched_hop5,pca_ridge,9,MOBP,0.14166638492164074,0.1499345711591691,0.6381425261497498
matched_hop5,pca_ridge,9,HBB,0.04800453399157861,0.08334647383613225,0.8482667207717896
matched_hop5,pca_ridge,9,NEFL,0.4758253720006618,0.4039639943083512,0.9131724238395691
matched_hop5,pca_ridge,9,TF,0.1418287899321905,0.1619587109751968,0.7172666788101196
matched_hop5,pca_ridge,9,IGHG3,0.014438877272320332,0.03755638671672056,0.5531659126281738
matched_hop5,pca_ridge,9,CNP,0.12567845819722503,0.11565559321368181,0.9251234531402588
matched_hop5,pca_ridge,9,CPB1,0.1492104972252321,0.1505174753195403,0.6770460605621338
matched_hop5,pca_ridge,9,CRYAB,0.13277006543506198,0.12936353565004363,1.022560954093933
matched_hop5,pca_ridge,9,IGHA1,0.042986749573171834,0.024772482439611256,0.6703708171844482
matched_hop5,pca_ridge,9,KRT8,0.16739584410804959,0.14194328071995552,0.7973498106002808
matched_hop5,pca_ridge,9,MUC1,0.24521168300339402,0.25423768905431654,0.9975191354751587
matched_hop5,pca_ridge,9,KRT19,0.16184543205629898,0.15553805664700035,1.0097931623458862
matched_hop5,pca_ridge,9,IGLC2,0.1220125570212316,0.0897865916471719,0.6935622692108154
matched_hop5,pca_ridge,9,TFF1,0.16812814195045378,0.18393364313080268,0.8969223499298096
matched_hop5,pca_ridge,9,MAG,0.08903967633751989,0.10737149805112194,0.5943425297737122
matched_hop5,pca_ridge,9,ERMN,0.0856954451894787,0.11030943774472272,0.41225671768188477
matched_hop5,pca_ridge,9,CLDN11,0.05654805716851916,0.07384146798278583,0.4705778658390045
matched_hop5,pca_ridge,9,CLDND1,0.0764799955973607,0.13750101623189856,0.7175361514091492
matched_hop5,pca_ridge,9,SPP1,0.1402031938279658,0.18198786585744556,0.6454508900642395
matched_hop5,pca_ridge,9,PPP1R14A,0.10638149228084845,0.10482002978393724,0.6248920559883118
matched_hop5,pca_ridge,9,S100B,0.2196808815508826,0.24226488579483127,0.9979934096336365
matched_hop5,pca_ridge,9,MOG,0.08605442623020146,0.10378805591886094,0.37788641452789307
matched_hop5,pca_ridge,9,MALAT1,0.1413459332536944,0.17201268492051675,1.0784724950790405
matched_hop5,pca_ridge,9,CARNS1,0.08929552919600794,0.11761179159778562,0.33710116147994995
matched_hop5,pca_ridge,9,IGHG4,0.09887809748213985,0.07236880621566445,0.4985693097114563
matched_hop5,pca_ridge,9,KRT18,0.142212625808004,0.1195043852923462,0.7668933272361755
matched_hop5,pca_ridge,9,BCAS1,0.026411272762619585,0.06633962600205615,0.5013830661773682
matched_hop5,pca_ridge,9,PTGDS,0.18111895538724848,0.16168043398633883,0.883550226688385
matched_hop5,pca_ridge,9,SAA2,0.12879125112132966,0.10396986124461212,0.6291632056236267
matched_hop5,pca_ridge,9,SEPT4,0.12216520908849238,0.16852862633561466,0.7299366593360901
matched_hop5,pca_ridge,9,TFF3,0.24063609963907312,0.22053093780521957,0.9457827806472778
matched_hop5,pca_ridge,9,HPCAL1,0.1954476007280253,0.1929107145236906,0.9926837682723999
matched_hop5,pca_ridge,9,S100A11,0.16745074652190514,0.16261432527552375,0.8346572518348694
matched_hop5,pca_ridge,9,ALB,0.05523564829239202,0.03948849523430425,0.1266060173511505
matched_hop5,pca_ridge,9,RNASE1,0.10569384155664095,0.11390736381690528,0.7551150918006897
matched_hop5,pca_ridge,9,TMEM144,0.15442260442916506,0.19010927558381227,0.40927740931510925
matched_hop5,pca_ridge,9,ENPP2,0.08248398922754269,0.10181356782177442,0.5089709162712097
matched_hop5,pca_ridge,9,MAL,0.05118016623456888,0.07595516717933622,0.489477276802063
matched_hop5,pca_ridge,9,NKX6-2,0.012788341316293894,0.04591371927522252,0.37082570791244507
matched_hop5,pca_ridge,9,HSPA2,0.16957023385300046,0.18119433980378843,0.40996402502059937
matched_hop5,pca_ridge,9,G0S2,0.15829972260841516,0.11085850004547529,0.48628610372543335
matched_hop5,spatial_knn,9,SCGB2A2,0.09342402238108545,0.059934316189910894,1.9774325296559538
matched_hop5,spatial_knn,9,SCGB1D2,0.18680758361765443,0.21587792223321955,1.366874086902782
matched_hop5,spatial_knn,9,MBP,0.0901366436382452,0.06951314676023156,1.1608128636572703
matched_hop5,spatial_knn,9,GFAP,0.004994632004839482,0.04790817278101359,1.2090660285315025
matched_hop5,spatial_knn,9,PLP1,0.033207608971207364,0.022971522419544903,1.2433856160696584
matched_hop5,spatial_knn,9,SAA1,0.1314140603155209,0.16617278174365377,1.1158361052405648
matched_hop5,spatial_knn,9,MGP,0.3037589818871294,0.3003596641182575,1.372115141631355
matched_hop5,spatial_knn,9,IGKC,0.16011773860964373,0.09999486794348529,1.0132064219254382
matched_hop5,spatial_knn,9,FABP4,0.2451036473693936,0.2550218567750912,0.880727675951988
matched_hop5,spatial_knn,9,MOBP,0.04046743495834029,0.03170080416007488,0.6469038062036201
matched_hop5,spatial_knn,9,HBB,-0.05840272562473592,-0.06724115593230487,0.9127511888225013
matched_hop5,spatial_knn,9,NEFL,0.02955725005706019,0.048786085193419454,1.0916400844130205
matched_hop5,spatial_knn,9,TF,0.0272093049426904,0.03352028708159373,0.7438720930169852
matched_hop5,spatial_knn,9,IGHG3,0.15510209452718654,0.04149955327926458,0.552692733397298
matched_hop5,spatial_knn,9,CNP,0.10733057354388745,0.10949886677469624,0.9381873523645147
matched_hop5,spatial_knn,9,CPB1,0.329111342629947,0.2925013442704035,0.6327149295258694
matched_hop5,spatial_knn,9,CRYAB,0.040101380966873754,0.04097302530875063,1.052324207548779
matched_hop5,spatial_knn,9,IGHA1,0.07011017544557044,0.07717677214434183,0.6793759640037186
matched_hop5,spatial_knn,9,KRT8,0.07135677674944552,0.05908595732104813,0.8350416481761891
matched_hop5,spatial_knn,9,MUC1,0.1230506718989625,0.1271164638739108,1.1124601643601084
matched_hop5,spatial_knn,9,KRT19,-0.013827418063567477,-0.05098607572039011,1.1556161058768217
matched_hop5,spatial_knn,9,IGLC2,0.0972074041992606,0.08860678831930982,0.703926481566211
matched_hop5,spatial_knn,9,TFF1,0.11021065729644024,0.055463725431219794,0.9596282795258916
matched_hop5,spatial_knn,9,MAG,-0.011929573675897956,-0.021509178901761728,0.6122686963269706
matched_hop5,spatial_knn,9,ERMN,-0.025385378466104787,-0.006978374262066903,0.4251563817734704
matched_hop5,spatial_knn,9,CLDN11,0.0008867217628036883,0.002165772355236773,0.4980493935861801
matched_hop5,spatial_knn,9,CLDND1,-0.010565567746268899,-0.007512571898173645,0.7270125683093714
matched_hop5,spatial_knn,9,SPP1,0.007051348792309987,-0.02467083988731439,0.6674834978354836
matched_hop5,spatial_knn,9,PPP1R14A,0.05209796177962284,0.050965717688721955,0.6431835603616316
matched_hop5,spatial_knn,9,S100B,-0.030800084849373077,-0.06943536911869443,1.0445380009950227
matched_hop5,spatial_knn,9,MOG,0.0027558326828116247,0.01661943202812746,0.3812374750848645
matched_hop5,spatial_knn,9,MALAT1,0.050985269366279076,0.0762418596134948,1.108605707101089
matched_hop5,spatial_knn,9,CARNS1,-0.0773956440823784,-0.08139432038283782,0.3542686321611985
matched_hop5,spatial_knn,9,IGHG4,0.1082945123351965,0.06849760884192391,0.5066482887359829
matched_hop5,spatial_knn,9,KRT18,0.04215246323681407,0.002231449761309207,0.8241539679745671
matched_hop5,spatial_knn,9,BCAS1,0.05723422483922715,0.04208146567489577,0.4964389462390426
matched_hop5,spatial_knn,9,PTGDS,-0.00047368159003539044,-0.013080164611906328,0.929114629590701
matched_hop5,spatial_knn,9,SAA2,-0.12012009271107287,-0.10548822371428249,0.7125489455871384
matched_hop5,spatial_knn,9,SEPT4,0.007231605786693521,-0.005456431788427211,0.7548142845302139
matched_hop5,spatial_knn,9,TFF3,-0.08328397394874504,-0.0638308159578986,1.0561105356410538
matched_hop5,spatial_knn,9,HPCAL1,-0.03381204442348208,-0.04619127034093217,1.0743560518511481
matched_hop5,spatial_knn,9,S100A11,-0.08102683551527556,-0.08377496535921983,0.9112708274225786
matched_hop5,spatial_knn,9,ALB,-0.026799898796956156,-0.028261772935100928,0.128518669315657
matched_hop5,spatial_knn,9,RNASE1,0.0246444077011852,0.028048713249346154,0.7677538096968729
matched_hop5,spatial_knn,9,TMEM144,-0.027423494562622594,-0.047203559606549574,0.44345847074852174
matched_hop5,spatial_knn,9,ENPP2,-0.02698132654414319,-0.016691145895868117,0.5390929024053558
matched_hop5,spatial_knn,9,MAL,-0.013798358718550266,-0.014060042215083331,0.49551082319357875
matched_hop5,spatial_knn,9,NKX6-2,0.038306256470800985,0.07288731903092018,0.3726399493559022
matched_hop5,spatial_knn,9,HSPA2,-0.058118459281177384,-0.04050686561368342,0.437946820994118
matched_hop5,spatial_knn,9,G0S2,0.16483273104234164,0.14302699961107068,0.5202384281963623
matched_coord0.25,mean,9,SCGB2A2,,,1.3840235471725464
matched_coord0.25,mean,9,SCGB1D2,,,1.1205037832260132
matched_coord0.25,mean,9,MBP,0.0,,1.0621262788772583
matched_coord0.25,mean,9,GFAP,,,1.1027553081512451
matched_coord0.25,mean,9,PLP1,0.0,,1.1045879125595093
matched_coord0.25,mean,9,SAA1,,,1.0281920433044434
matched_coord0.25,mean,9,MGP,,,1.2710542678833008
matched_coord0.25,mean,9,IGKC,,,0.9353394508361816
matched_coord0.25,mean,9,FABP4,0.0,,0.8956312537193298
matched_coord0.25,mean,9,MOBP,,,0.6201744079589844
matched_coord0.25,mean,9,HBB,,,0.8442485332489014
matched_coord0.25,mean,9,NEFL,,,0.9643225073814392
matched_coord0.25,mean,9,TF,0.0,,0.7555582523345947
matched_coord0.25,mean,9,IGHG3,0.0,,0.5373063683509827
matched_coord0.25,mean,9,CNP,0.0,,0.9083936810493469
matched_coord0.25,mean,9,CPB1,,,0.6270085573196411
matched_coord0.25,mean,9,CRYAB,,,0.9447774887084961
matched_coord0.25,mean,9,IGHA1,0.0,,0.5437616109848022
matched_coord0.25,mean,9,KRT8,,,0.7635787725448608
matched_coord0.25,mean,9,MUC1,,,0.9288972616195679
matched_coord0.25,mean,9,KRT19,,,0.9523875117301941
matched_coord0.25,mean,9,IGLC2,,,0.6054626703262329
matched_coord0.25,mean,9,TFF1,,,0.836262047290802
matched_coord0.25,mean,9,MAG,,,0.5622616410255432
matched_coord0.25,mean,9,ERMN,0.0,,0.45828449726104736
matched_coord0.25,mean,9,CLDN11,0.0,,0.5185528993606567
matched_coord0.25,mean,9,CLDND1,0.0,,0.7316581010818481
matched_coord0.25,mean,9,SPP1,,,0.6041063666343689
matched_coord0.25,mean,9,PPP1R14A,0.0,,0.6457245349884033
matched_coord0.25,mean,9,S100B,,,0.9589992165565491
matched_coord0.25,mean,9,MOG,,,0.3752085566520691
matched_coord0.25,mean,9,MALAT1,,,1.0080257654190063
matched_coord0.25,mean,9,CARNS1,0.0,,0.43106546998023987
matched_coord0.25,mean,9,IGHG4,0.0,,0.4558047652244568
matched_coord0.25,mean,9,KRT18,,,0.7056764364242554
matched_coord0.25,mean,9,BCAS1,0.0,,0.5199959874153137
matched_coord0.25,mean,9,PTGDS,0.0,,0.8357070088386536
matched_coord0.25,mean,9,SAA2,,,0.5249505639076233
matched_coord0.25,mean,9,SEPT4,,,0.7333821654319763
matched_coord0.25,mean,9,TFF3,,,0.8700556755065918
matched_coord0.25,mean,9,HPCAL1,,,0.9341500997543335
matched_coord0.25,mean,9,S100A11,,,0.7669863104820251
matched_coord0.25,mean,9,ALB,,,0.10774502158164978
matched_coord0.25,mean,9,RNASE1,,,0.7397512793540955
matched_coord0.25,mean,9,TMEM144,,,0.42660775780677795
matched_coord0.25,mean,9,ENPP2,,,0.5345322489738464
matched_coord0.25,mean,9,MAL,0.0,,0.5348120331764221
matched_coord0.25,mean,9,NKX6-2,,,0.3624848425388336
matched_coord0.25,mean,9,HSPA2,,,0.46560782194137573
matched_coord0.25,mean,9,G0S2,,,0.5212962031364441
matched_coord0.25,pca_ridge,9,SCGB2A2,0.17898201093091717,0.174414249195584,1.3818269968032837
matched_coord0.25,pca_ridge,9,SCGB1D2,0.17903718518800837,0.17684930096029192,1.1092896461486816
matched_coord0.25,pca_ridge,9,MBP,0.33753455277965677,0.361437353407885,1.0015116930007935
matched_coord0.25,pca_ridge,9,GFAP,0.3919884714178633,0.3405553192492009,1.0135868787765503
matched_coord0.25,pca_ridge,9,PLP1,0.29732710812884855,0.2907558468081357,1.0564192533493042
matched_coord0.25,pca_ridge,9,SAA1,0.17914884080067808,0.16300702510618417,1.0127557516098022
matched_coord0.25,pca_ridge,9,MGP,0.24138432255948183,0.21969442671949552,1.2454590797424316
matched_coord0.25,pca_ridge,9,IGKC,0.06383863106204894,0.05498884920364131,0.9336592555046082
matched_coord0.25,pca_ridge,9,FABP4,0.20228019070768105,0.16295818541051363,0.8805288672447205
matched_coord0.25,pca_ridge,9,MOBP,0.15084060398565202,0.16507666327594442,0.6172241568565369
matched_coord0.25,pca_ridge,9,HBB,-0.007476119205517379,0.04485720998114053,0.8479066491127014
matched_coord0.25,pca_ridge,9,NEFL,0.48249821965053885,0.40954004481139467,0.8452073931694031
matched_coord0.25,pca_ridge,9,TF,0.20946970056341452,0.22593203485155391,0.7407975792884827
matched_coord0.25,pca_ridge,9,IGHG3,0.0023053129515171137,0.02023567045213679,0.538152277469635
matched_coord0.25,pca_ridge,9,CNP,0.20425683036548406,0.1916006163940499,0.8917784094810486
matched_coord0.25,pca_ridge,9,CPB1,0.10302837162810383,0.1157419020510433,0.6241874694824219
matched_coord0.25,pca_ridge,9,CRYAB,0.15026316409730994,0.14501676073113445,0.9382611513137817
matched_coord0.25,pca_ridge,9,IGHA1,0.017856569987952636,0.005303700052642473,0.5460739135742188
matched_coord0.25,pca_ridge,9,KRT8,0.11742433144442235,0.10047902602756274,0.7600687742233276
matched_coord0.25,pca_ridge,9,MUC1,0.1494341612734334,0.14624504820867743,0.9210010170936584
matched_coord0.25,pca_ridge,9,KRT19,0.17430373284447173,0.1608685717187363,0.938198983669281
matched_coord0.25,pca_ridge,9,IGLC2,0.029224331313294168,0.0012669499266722778,0.606113851070404
matched_coord0.25,pca_ridge,9,TFF1,0.17048527358406923,0.18148524774010197,0.8238046169281006
matched_coord0.25,pca_ridge,9,MAG,0.13043753123854143,0.14544117205375154,0.5606747269630432
matched_coord0.25,pca_ridge,9,ERMN,0.1338757095310043,0.1504476546428179,0.4562665522098541
matched_coord0.25,pca_ridge,9,CLDN11,0.12968125648752543,0.14891626018989418,0.5165528059005737
matched_coord0.25,pca_ridge,9,CLDND1,0.15320172056019982,0.18686129950245364,0.7264113426208496
matched_coord0.25,pca_ridge,9,SPP1,0.17871959144009558,0.2061761647164333,0.5962731242179871
matched_coord0.25,pca_ridge,9,PPP1R14A,0.11983077377830109,0.13792094323553403,0.6444781422615051
matched_coord0.25,pca_ridge,9,S100B,0.21617881101601616,0.20672131876535313,0.9369127750396729
matched_coord0.25,pca_ridge,9,MOG,0.11051085149497866,0.12160524343267481,0.37523049116134644
matched_coord0.25,pca_ridge,9,MALAT1,0.18177997516953173,0.21294827898937796,0.9912583827972412
matched_coord0.25,pca_ridge,9,CARNS1,0.13793140472870385,0.16126990966349428,0.42845550179481506
matched_coord0.25,pca_ridge,9,IGHG4,0.02158824228558261,0.02635350900054554,0.45616406202316284
matched_coord0.25,pca_ridge,9,KRT18,0.10379810853948622,0.07644467464530452,0.703711748123169
matched_coord0.25,pca_ridge,9,BCAS1,0.10600354645097568,0.12722040486974248,0.5192641615867615
matched_coord0.25,pca_ridge,9,PTGDS,0.16128189430071188,0.18331166346233252,0.8261770606040955
matched_coord0.25,pca_ridge,9,SAA2,0.1020936358935532,0.08982799460727657,0.5223134160041809
matched_coord0.25,pca_ridge,9,SEPT4,0.18124503314964918,0.21522542489899096,0.7222188711166382
matched_coord0.25,pca_ridge,9,TFF3,0.16313503777164035,0.1642206546986601,0.8584374189376831
matched_coord0.25,pca_ridge,9,HPCAL1,0.2270884908456839,0.23112083775049821,0.907573401927948
matched_coord0.25,pca_ridge,9,S100A11,0.12503823771727912,0.10222952815421998,0.7625011801719666
matched_coord0.25,pca_ridge,9,ALB,0.0054318051628556106,-0.0022462126120588455,0.10836326330900192
matched_coord0.25,pca_ridge,9,RNASE1,0.10906961014773539,0.12593698098430403,0.7375432252883911
matched_coord0.25,pca_ridge,9,TMEM144,0.12640042517191674,0.1481260543758542,0.4245768189430237
matched_coord0.25,pca_ridge,9,ENPP2,0.1136016170627004,0.15301664968256243,0.5329928398132324
matched_coord0.25,pca_ridge,9,MAL,0.0862359295666967,0.11189794603192947,0.534929633140564
matched_coord0.25,pca_ridge,9,NKX6-2,0.11864444161963769,0.13631104263418792,0.3605613112449646
matched_coord0.25,pca_ridge,9,HSPA2,0.09733610636390912,0.10276272568019104,0.4648629128932953
matched_coord0.25,pca_ridge,9,G0S2,0.1293969489932913,0.10307736459980851,0.5169954895973206
matched_coord0.25,spatial_knn,9,SCGB2A2,0.261242316411046,0.2156243456014362,1.6726930902240085
matched_coord0.25,spatial_knn,9,SCGB1D2,0.21288211277185148,0.21393477361795257,1.2552186849716798
matched_coord0.25,spatial_knn,9,MBP,0.2025292991867541,0.17665988188004159,1.034512028683507
matched_coord0.25,spatial_knn,9,GFAP,-0.015553640225088787,0.004636409232718167,1.157583061148061
matched_coord0.25,spatial_knn,9,PLP1,0.13406995297990998,0.13234136416153258,1.109418312452258
matched_coord0.25,spatial_knn,9,SAA1,0.30894553014187204,0.33261357867246144,0.9815222151248348
matched_coord0.25,spatial_knn,9,MGP,0.12849073016112497,0.1330905376867083,1.3263188890673128
matched_coord0.25,spatial_knn,9,IGKC,0.26865045602883064,0.2737963140660674,0.952851460899761
matched_coord0.25,spatial_knn,9,FABP4,0.3081917981029191,0.3004816232617641,0.8586814644706293
matched_coord0.25,spatial_knn,9,MOBP,0.05391128082134489,0.033502498723568204,0.6263621664603036
matched_coord0.25,spatial_knn,9,HBB,0.1577475047511246,0.12351496605945199,0.8580604776195836
matched_coord0.25,spatial_knn,9,NEFL,0.13990631817952667,0.11683515686352412,0.9861479696331137
matched_coord0.25,spatial_knn,9,TF,0.09564059016068135,0.0741125230283909,0.7635075075563259
matched_coord0.25,spatial_knn,9,IGHG3,0.21234322477613027,0.16718421819720902,0.5284821402408537
matched_coord0.25,spatial_knn,9,CNP,0.04606803026729962,0.04343797486620279,0.9246399098502417
matched_coord0.25,spatial_knn,9,CPB1,0.3706953967790366,0.33518433228437355,0.5851083811857682
matched_coord0.25,spatial_knn,9,CRYAB,0.02537787666800525,0.022166971386327727,0.9728683588924102
matched_coord0.25,spatial_knn,9,IGHA1,0.0996739922742332,0.1270989958793529,0.544955486716614
matched_coord0.25,spatial_knn,9,KRT8,0.08594198840313035,0.05393449535540765,0.7849798550098969
matched_coord0.25,spatial_knn,9,MUC1,0.11566384344383654,0.12303108435711806,0.9747311883649411
matched_coord0.25,spatial_knn,9,KRT19,0.09672148330542762,0.06435467878089433,1.0155440646304836
matched_coord0.25,spatial_knn,9,IGLC2,0.1582236691033423,0.17445973719249255,0.6042734967138365
matched_coord0.25,spatial_knn,9,TFF1,0.07661336833961797,0.08051879541805464,0.8745666026317775
matched_coord0.25,spatial_knn,9,MAG,0.041444618605220945,0.022872814143732278,0.5790854529222752
matched_coord0.25,spatial_knn,9,ERMN,0.034737301500552084,0.02287703760424126,0.467605515055055
matched_coord0.25,spatial_knn,9,CLDN11,-0.013845822499606964,-0.00741414766558549,0.5439344567581238
matched_coord0.25,spatial_knn,9,CLDND1,0.04108349222471448,0.03069045921758599,0.7430777093721455
matched_coord0.25,spatial_knn,9,SPP1,0.05303094843267504,0.027811961917000035,0.6186122095608747
matched_coord0.25,spatial_knn,9,PPP1R14A,-0.005291384310079229,-0.00506619275930303,0.6643984745936333
matched_coord0.25,spatial_knn,9,S100B,0.014575389651610024,0.012664911825003088,0.9875104720743675
matched_coord0.25,spatial_knn,9,MOG,0.054849459051710125,0.030065454989152817,0.37901449037911433
matched_coord0.25,spatial_knn,9,MALAT1,0.11467060628941092,0.14386520483070842,1.0193374940586175
matched_coord0.25,spatial_knn,9,CARNS1,-0.026772606192087496,-0.014001702525586655,0.44680094807244725
matched_coord0.25,spatial_knn,9,IGHG4,0.19514745313626763,0.1563387405955772,0.4533588832436451
matched_coord0.25,spatial_knn,9,KRT18,0.07851200657238525,0.05780739035983213,0.7294567660693918
matched_coord0.25,spatial_knn,9,BCAS1,0.043736913074890416,0.0298195963818816,0.5276608762647118
matched_coord0.25,spatial_knn,9,PTGDS,0.0010317050185399603,0.005289849900941018,0.8755792691414243
matched_coord0.25,spatial_knn,9,SAA2,0.03794346323309321,0.12663649658151546,0.5564216612177192
matched_coord0.25,spatial_knn,9,SEPT4,0.026977936620035475,0.022049129499251217,0.7521116106094827
matched_coord0.25,spatial_knn,9,TFF3,-0.059237089056559465,-0.052344358598806595,0.9378319369955603
matched_coord0.25,spatial_knn,9,HPCAL1,0.08298023544584432,0.08129822979483618,0.9578922312653826
matched_coord0.25,spatial_knn,9,S100A11,0.0019228881809427386,-0.005958292909099309,0.8039253224369798
matched_coord0.25,spatial_knn,9,ALB,0.00024948030900297995,-0.0045075065764997035,0.1086720896846103
matched_coord0.25,spatial_knn,9,RNASE1,0.032590965701114076,0.0295691308726954,0.7515461431854912
matched_coord0.25,spatial_knn,9,TMEM144,0.008739015173792422,-0.006973704919665594,0.4421608950146467
matched_coord0.25,spatial_knn,9,ENPP2,0.02203212508196115,0.014651199729229387,0.5530475037579637
matched_coord0.25,spatial_knn,9,MAL,-0.0024310325307652543,7.866683513998537e-05,0.5488531476787554
matched_coord0.25,spatial_knn,9,NKX6-2,0.02433131068448753,0.0196598897464899,0.370480413962043
matched_coord0.25,spatial_knn,9,HSPA2,-0.027516582511151223,-0.017364601239649426,0.4792977648283139
matched_coord0.25,spatial_knn,9,G0S2,0.21131737917734156,0.20355051367114357,0.534439845847345
matched_coord0.5,mean,9,SCGB2A2,,,1.4219822883605957
matched_coord0.5,mean,9,SCGB1D2,,,1.1827055215835571
matched_coord0.5,mean,9,MBP,0.0,,1.0744096040725708
matched_coord0.5,mean,9,GFAP,,,1.0895030498504639
matched_coord0.5,mean,9,PLP1,,,1.1204663515090942
matched_coord0.5,mean,9,SAA1,0.0,,1.0659998655319214
matched_coord0.5,mean,9,MGP,,,1.3940613269805908
matched_coord0.5,mean,9,IGKC,,,0.9867113828659058
matched_coord0.5,mean,9,FABP4,,,0.9148542284965515
matched_coord0.5,mean,9,MOBP,0.0,,0.607843279838562
matched_coord0.5,mean,9,HBB,,,0.7361423373222351
matched_coord0.5,mean,9,NEFL,0.0,,0.9743790030479431
matched_coord0.5,mean,9,TF,,,0.7128268480300903
matched_coord0.5,mean,9,IGHG3,0.0,,0.6331708431243896
matched_coord0.5,mean,9,CNP,,,0.8898983597755432
matched_coord0.5,mean,9,CPB1,,,0.5672116875648499
matched_coord0.5,mean,9,CRYAB,,,0.9458537101745605
matched_coord0.5,mean,9,IGHA1,0.0,,0.5798502564430237
matched_coord0.5,mean,9,KRT8,0.0,,0.7567967772483826
matched_coord0.5,mean,9,MUC1,,,0.992189884185791
matched_coord0.5,mean,9,KRT19,,,0.9659683704376221
matched_coord0.5,mean,9,IGLC2,,,0.6451469659805298
matched_coord0.5,mean,9,TFF1,0.0,,0.9215385913848877
matched_coord0.5,mean,9,MAG,,,0.5335244536399841
matched_coord0.5,mean,9,ERMN,,,0.42418643832206726
matched_coord0.5,mean,9,CLDN11,,,0.47468382120132446
matched_coord0.5,mean,9,CLDND1,0.0,,0.7106403708457947
matched_coord0.5,mean,9,SPP1,,,0.612260639667511
matched_coord0.5,mean,9,PPP1R14A,,,0.6193724274635315
matched_coord0.5,mean,9,S100B,,,0.9656569361686707
matched_coord0.5,mean,9,MOG,,,0.3388385772705078
matched_coord0.5,mean,9,MALAT1,,,1.0362370014190674
matched_coord0.5,mean,9,CARNS1,,,0.4106573462486267
matched_coord0.5,mean,9,IGHG4,0.0,,0.5015259385108948
matched_coord0.5,mean,9,KRT18,0.0,,0.7128379344940186
matched_coord0.5,mean,9,BCAS1,0.0,,0.4814624786376953
matched_coord0.5,mean,9,PTGDS,0.0,,0.8312053084373474
matched_coord0.5,mean,9,SAA2,,,0.5661441087722778
matched_coord0.5,mean,9,SEPT4,0.0,,0.7319636940956116
matched_coord0.5,mean,9,TFF3,,,0.930597186088562
matched_coord0.5,mean,9,HPCAL1,,,0.9500075578689575
matched_coord0.5,mean,9,S100A11,,,0.8015046119689941
matched_coord0.5,mean,9,ALB,0.0,,0.13767923414707184
matched_coord0.5,mean,9,RNASE1,,,0.7271988391876221
matched_coord0.5,mean,9,TMEM144,0.0,,0.4023124873638153
matched_coord0.5,mean,9,ENPP2,0.0,,0.4979010224342346
matched_coord0.5,mean,9,MAL,0.0,,0.5234412550926208
matched_coord0.5,mean,9,NKX6-2,,,0.34588906168937683
matched_coord0.5,mean,9,HSPA2,,,0.4417862296104431
matched_coord0.5,mean,9,G0S2,0.0,,0.5581739544868469
matched_coord0.5,pca_ridge,9,SCGB2A2,0.1723436346026471,0.17283456507898606,1.4227352142333984
matched_coord0.5,pca_ridge,9,SCGB1D2,0.21159591935731248,0.20246902953239646,1.1596280336380005
matched_coord0.5,pca_ridge,9,MBP,0.32589853821819376,0.36914423389259204,1.012030005455017
matched_coord0.5,pca_ridge,9,GFAP,0.41419104675928375,0.3778162449357459,0.9929579496383667
matched_coord0.5,pca_ridge,9,PLP1,0.29335208987307604,0.2894795165326693,1.0693010091781616
matched_coord0.5,pca_ridge,9,SAA1,0.17037602518444694,0.155949294134191,1.0457422733306885
matched_coord0.5,pca_ridge,9,MGP,0.2744544946117498,0.2589684118045341,1.361057162284851
matched_coord0.5,pca_ridge,9,IGKC,0.07219344996252368,0.052665604037183095,0.9840952754020691
matched_coord0.5,pca_ridge,9,FABP4,0.17881678483348024,0.12981108978556902,0.8983176350593567
matched_coord0.5,pca_ridge,9,MOBP,0.14342478997979927,0.1650117937949729,0.6053476929664612
matched_coord0.5,pca_ridge,9,HBB,0.03637086594203916,0.0963027358496008,0.7376495003700256
matched_coord0.5,pca_ridge,9,NEFL,0.4877358204344058,0.4326578141816537,0.8517983555793762
matched_coord0.5,pca_ridge,9,TF,0.18756760016667579,0.21143520992068082,0.7029719948768616
matched_coord0.5,pca_ridge,9,IGHG3,-0.028001449868624198,-0.0009068473089406555,0.6349722146987915
matched_coord0.5,pca_ridge,9,CNP,0.16463001256142562,0.1650269291580897,0.8834014534950256
matched_coord0.5,pca_ridge,9,CPB1,0.09045286364243903,0.10763178528440238,0.5654724836349487
matched_coord0.5,pca_ridge,9,CRYAB,0.11637131994263289,0.11796024287660344,0.9468787312507629
matched_coord0.5,pca_ridge,9,IGHA1,-0.014085825684752286,-0.035234680694544246,0.584404706954956
matched_coord0.5,pca_ridge,9,KRT8,0.14071911696522862,0.10755910563721072,0.7485238313674927
matched_coord0.5,pca_ridge,9,MUC1,0.20769723079719596,0.19846620122339087,0.9721885919570923
matched_coord0.5,pca_ridge,9,KRT19,0.16367878841548394,0.13958169220968125,0.9551641941070557
matched_coord0.5,pca_ridge,9,IGLC2,0.07374786189665881,0.037914558837629585,0.6434187293052673
matched_coord0.5,pca_ridge,9,TFF1,0.17516565005295567,0.17983198033160372,0.9066453576087952
matched_coord0.5,pca_ridge,9,MAG,0.0707813809756265,0.10474707587562068,0.5402787327766418
matched_coord0.5,pca_ridge,9,ERMN,0.10815781763332688,0.14285213497557545,0.42534032464027405
matched_coord0.5,pca_ridge,9,CLDN11,0.08958389767697683,0.1180281087372196,0.47802507877349854
matched_coord0.5,pca_ridge,9,CLDND1,0.13393692699900173,0.1759261967529877,0.7090194821357727
matched_coord0.5,pca_ridge,9,SPP1,0.16131585646889152,0.20060273047787736,0.6063232421875
matched_coord0.5,pca_ridge,9,PPP1R14A,0.11863032090444219,0.14723624682764716,0.6182410717010498
matched_coord0.5,pca_ridge,9,S100B,0.20510687984226994,0.20266647068368546,0.9455524682998657
matched_coord0.5,pca_ridge,9,MOG,0.08994641325690031,0.11720138047820904,0.34119799733161926
matched_coord0.5,pca_ridge,9,MALAT1,0.20893607438653425,0.23879211317733853,1.015211820602417
matched_coord0.5,pca_ridge,9,CARNS1,0.10724320765876035,0.1371937743384602,0.4111890196800232
matched_coord0.5,pca_ridge,9,IGHG4,0.022552898319787126,0.010747541407023093,0.5017818212509155
matched_coord0.5,pca_ridge,9,KRT18,0.09738056908011943,0.08360378737989337,0.7114517688751221
matched_coord0.5,pca_ridge,9,BCAS1,0.07326839765107403,0.10002794141752658,0.48420456051826477
matched_coord0.5,pca_ridge,9,PTGDS,0.198842629326068,0.19621758217323976,0.8145841956138611
matched_coord0.5,pca_ridge,9,SAA2,0.038363663046656074,0.023043793555958588,0.5642806887626648
matched_coord0.5,pca_ridge,9,SEPT4,0.19195711669821447,0.2351928868729271,0.7187175154685974
matched_coord0.5,pca_ridge,9,TFF3,0.193104377274362,0.18644465710749825,0.9141767621040344
matched_coord0.5,pca_ridge,9,HPCAL1,0.21511892801482607,0.22095301263490136,0.9239935278892517
matched_coord0.5,pca_ridge,9,S100A11,0.11236881665974877,0.08636153737463775,0.7991947531700134
matched_coord0.5,pca_ridge,9,ALB,0.01750206245836547,0.011200074320538418,0.13803690671920776
matched_coord0.5,pca_ridge,9,RNASE1,0.07123784601057455,0.08459576389781183,0.7305561900138855
matched_coord0.5,pca_ridge,9,TMEM144,0.1378194496688312,0.1623890654759389,0.3995017111301422
matched_coord0.5,pca_ridge,9,ENPP2,0.11403444765238564,0.15343907994669184,0.4969744384288788
matched_coord0.5,pca_ridge,9,MAL,0.08729446018856124,0.11592121085379316,0.5236116647720337
matched_coord0.5,pca_ridge,9,NKX6-2,0.061063643334027834,0.09288298567932737,0.34777161478996277
matched_coord0.5,pca_ridge,9,HSPA2,0.12100382760393251,0.12801608309591173,0.43927890062332153
matched_coord0.5,pca_ridge,9,G0S2,0.10007145821873586,0.0690081865188391,0.5541576743125916
matched_coord0.5,spatial_knn,9,SCGB2A2,0.08469310347765166,0.025189014453889193,1.9039239523702165
matched_coord0.5,spatial_knn,9,SCGB1D2,0.11269766691778774,0.11562591787505544,1.3877736577705233
matched_coord0.5,spatial_knn,9,MBP,0.14714253607858213,0.13022951355353304,1.0462946935457462
matched_coord0.5,spatial_knn,9,GFAP,-0.011442225008110828,0.000870242653089662,1.140757398877472
matched_coord0.5,spatial_knn,9,PLP1,0.09612767739177883,0.103525295951514,1.1272164012089219
matched_coord0.5,spatial_knn,9,SAA1,0.20023199186154866,0.219191097973188,1.056741919674145
matched_coord0.5,spatial_knn,9,MGP,0.13678021939529506,0.12371931187484213,1.4467092433160424
matched_coord0.5,spatial_knn,9,IGKC,0.1785525781202041,0.16367811920450318,1.0595635040610907
matched_coord0.5,spatial_knn,9,FABP4,0.22455563603416498,0.21916957175048035,0.9164933294767039
matched_coord0.5,spatial_knn,9,MOBP,0.043645400487049055,0.04010060356160495,0.6112076243347438
matched_coord0.5,spatial_knn,9,HBB,0.001573435962599015,-0.01660431934168159,0.8089834476186059
matched_coord0.5,spatial_knn,9,NEFL,0.12967730936736194,0.10803359200825809,1.0058972409452271
matched_coord0.5,spatial_knn,9,TF,0.07273422485276368,0.058373270713901526,0.7243082956401257
matched_coord0.5,spatial_knn,9,IGHG3,0.2335222827803518,0.15530522527101173,0.6173409339487677
matched_coord0.5,spatial_knn,9,CNP,0.03842906786082413,0.04133434563151512,0.9109243887977561
matched_coord0.5,spatial_knn,9,CPB1,0.3044752658292995,0.22276516044321998,0.5448779895516
matched_coord0.5,spatial_knn,9,CRYAB,0.05015578631252152,0.05648265862044721,0.9649338617699965
matched_coord0.5,spatial_knn,9,IGHA1,0.10896709761284146,0.11289662309834111,0.5780305062293831
matched_coord0.5,spatial_knn,9,KRT8,0.007158737833829957,-0.023485991939777077,0.7893462338495132
matched_coord0.5,spatial_knn,9,MUC1,0.07896662478348906,0.07816745154481715,1.0703572839949276
matched_coord0.5,spatial_knn,9,KRT19,-0.01701609234116939,-0.017589733532278048,1.063002541888006
matched_coord0.5,spatial_knn,9,IGLC2,0.0968821312206797,0.10664780603646233,0.6574852174440218
matched_coord0.5,spatial_knn,9,TFF1,0.06907281752271802,0.06377237676749105,0.9660155145983996
matched_coord0.5,spatial_knn,9,MAG,0.03905704208872206,0.03244233588052561,0.5456228583274084
matched_coord0.5,spatial_knn,9,ERMN,-0.031532052222712575,-0.031367867366952296,0.4378087898301391
matched_coord0.5,spatial_knn,9,CLDN11,-0.04236248993073904,-0.033003142030710135,0.5044757688282383
matched_coord0.5,spatial_knn,9,CLDND1,0.003443431310722722,0.006275224666182444,0.7226088798186544
matched_coord0.5,spatial_knn,9,SPP1,0.03381924089685744,0.015831366514122834,0.6275856903287914
matched_coord0.5,spatial_knn,9,PPP1R14A,0.05079412732233846,0.0409150505022909,0.629793678004606
matched_coord0.5,spatial_knn,9,S100B,0.03723504140618204,0.03718606057690102,0.9868053639053945
matched_coord0.5,spatial_knn,9,MOG,0.018407316907678,0.021052924351636013,0.341998639544725
matched_coord0.5,spatial_knn,9,MALAT1,0.09724895300234307,0.13309285492312464,1.056061622963975
matched_coord0.5,spatial_knn,9,CARNS1,-0.06285235245708734,-0.04319610737901487,0.4314851616036928
matched_coord0.5,spatial_knn,9,IGHG4,0.19978579850298986,0.14900396799274349,0.496114501698003
matched_coord0.5,spatial_knn,9,KRT18,0.02050189926101133,-0.0006526940776369527,0.752799386568825
matched_coord0.5,spatial_knn,9,BCAS1,0.02483754427722741,0.016053129855585706,0.48525302373929907
matched_coord0.5,spatial_knn,9,PTGDS,0.012053700282483384,0.013314924849574606,0.8748698695193077
matched_coord0.5,spatial_knn,9,SAA2,-0.04615050674227267,-0.0013487539008810213,0.6138456104893287
matched_coord0.5,spatial_knn,9,SEPT4,0.010550584037110223,0.007779018468781373,0.7507625390055117
matched_coord0.5,spatial_knn,9,TFF3,-0.11412826422959452,-0.1033718366504971,1.0237510811266353
matched_coord0.5,spatial_knn,9,HPCAL1,0.053997575422500756,0.052288398771052784,0.9781909405136106
matched_coord0.5,spatial_knn,9,S100A11,-0.03784161779170682,-0.04618260287436821,0.8516023376309266
matched_coord0.5,spatial_knn,9,ALB,-0.026624086425298267,-0.02838140567407483,0.13948512350484774
matched_coord0.5,spatial_knn,9,RNASE1,-0.04160334657533476,-0.03759847508029559,0.748557898498539
matched_coord0.5,spatial_knn,9,TMEM144,0.024403762464406318,0.010660116025669124,0.41687481443316354
matched_coord0.5,spatial_knn,9,ENPP2,0.015838652994360047,0.009261314162663622,0.5204776393875941
matched_coord0.5,spatial_knn,9,MAL,-0.004674542442100919,0.013380104028303181,0.5348323138003108
matched_coord0.5,spatial_knn,9,NKX6-2,0.03163492620942707,0.024139953027824002,0.3533096541038807
matched_coord0.5,spatial_knn,9,HSPA2,-0.05036407518381254,-0.029060100046667373,0.45800624416070085
matched_coord0.5,spatial_knn,9,G0S2,0.18058725013426669,0.18637854687555486,0.5746620306455806
