split,model,seed,gene,pearson,spearman,rmse
random,pca_ridge,0,SCGB2A2,0.2923129597093648,0.2871298194380206,1.4595386981964111
random,pca_ridge,0,SCGB1D2,0.24332729741871606,0.24063778346224873,1.1525704860687256
random,pca_ridge,0,MBP,0.5279686994213076,0.4351125871522515,1.039975881576538
random,pca_ridge,0,GFAP,0.4775507477941855,0.4281478695955474,1.068558692932129
random,pca_ridge,0,PLP1,0.53319179787479,0.39991488681987963,1.088974952697754
random,pca_ridge,0,SAA1,0.14175917116401504,0.12163566579323346,0.8393843173980713
random,pca_ridge,0,MGP,0.13052984784142646,0.11283729555075454,1.0335943698883057
random,pca_ridge,0,IGKC,0.04016748314158132,0.034645650530982994,1.0249041318893433
random,pca_ridge,0,FABP4,0.12118774948186789,0.09777846685966782,0.748012363910675
random,pca_ridge,0,MOBP,0.49989091707022487,0.32283993491570206,0.7585375905036926
random,pca_ridge,0,HBB,0.08676357939384642,0.08628434677115304,0.823523759841919
random,pca_ridge,0,NEFL,0.4981496326317929,0.42938519353436566,0.8886640071868896
random,pca_ridge,0,TF,0.4989485251667486,0.33672466515236193,0.8338358402252197
random,pca_ridge,0,IGHG3,0.03659844233639682,0.03961730113673752,0.486072301864624
random,pca_ridge,0,CNP,0.4621466888021661,0.3157237630031669,0.9661603569984436
random,pca_ridge,0,CPB1,0.08610620139567174,0.09706335022718197,0.4971855878829956
random,pca_ridge,0,CRYAB,0.4409009512778216,0.31251336012826114,0.9825102090835571
random,pca_ridge,0,IGHA1,0.06514306585845481,0.03484415773305956,0.6452702283859253
random,pca_ridge,0,KRT8,0.2716789447988581,0.21863697123322803,0.8778202533721924
random,pca_ridge,0,MUC1,0.24905386215487985,0.23159415905315117,0.9458357095718384
random,pca_ridge,0,KRT19,0.22347947432154636,0.19895397029711964,0.9898473024368286
random,pca_ridge,0,IGLC2,0.06629310563337923,0.04389252052573318,0.6870317459106445
random,pca_ridge,0,TFF1,0.12152410445997609,0.13049169437604233,0.7948751449584961
random,pca_ridge,0,MAG,0.477398403268945,0.309239154929755,0.6537836790084839
random,pca_ridge,0,ERMN,0.4689252065347781,0.2953769722630051,0.5592954158782959
random,pca_ridge,0,CLDN11,0.4633162025919716,0.29934669437925404,0.6134670972824097
random,pca_ridge,0,CLDND1,0.43408903799302956,0.2950001021870046,0.8093789219856262
random,pca_ridge,0,SPP1,0.44160858340462,0.2967817233641079,0.7103089094161987
random,pca_ridge,0,PPP1R14A,0.4068110869140385,0.25686334073061445,0.7478488087654114
random,pca_ridge,0,S100B,0.3708602726900193,0.297338401281514,0.9793270826339722
random,pca_ridge,0,MOG,0.4409200899807941,0.2680160727133141,0.4959971308708191
random,pca_ridge,0,MALAT1,0.2114137848154956,0.24078700691407529,1.0276026725769043
random,pca_ridge,0,CARNS1,0.44588410510136606,0.2745433145392358,0.5163655281066895
random,pca_ridge,0,IGHG4,0.011587407520933178,0.016828082839787154,0.45764490962028503
random,pca_ridge,0,KRT18,0.2458025479897763,0.19070815834962643,0.8079223036766052
random,pca_ridge,0,BCAS1,0.3624576753772831,0.24977717479597583,0.6432663202285767
random,pca_ridge,0,PTGDS,0.35043443781301364,0.3252304218808677,0.8835141062736511
random,pca_ridge,0,SAA2,0.09430380298807603,0.09050820376454537,0.3894534707069397
random,pca_ridge,0,SEPT4,0.3529087233221162,0.25941277020667325,0.8078421950340271
random,pca_ridge,0,TFF3,0.15758915953416153,0.14608629768740727,0.8435801863670349
random,pca_ridge,0,HPCAL1,0.22632724021109346,0.23244943030034754,0.9013137817382812
random,pca_ridge,0,S100A11,0.24935541847988285,0.1905551843563065,0.8576864004135132
random,pca_ridge,0,ALB,0.025362559332268452,0.018616173507933834,0.16256947815418243
random,pca_ridge,0,RNASE1,0.36995559232344377,0.24907069957281827,0.7954584956169128
random,pca_ridge,0,TMEM144,0.4126241935409192,0.260395315054817,0.5157022476196289
random,pca_ridge,0,ENPP2,0.3723957057275185,0.24435058671343107,0.609785258769989
random,pca_ridge,0,MAL,0.3882944267947855,0.24625918179041237,0.6021842956542969
random,pca_ridge,0,NKX6-2,0.3922789102519518,0.2500066479352396,0.46146902441978455
random,pca_ridge,0,HSPA2,0.39006776170294244,0.24897677719038733,0.5566626787185669
random,pca_ridge,0,G0S2,0.1149725508210876,0.10052242690031057,0.4529624283313751
random,pca_ridge,0,DAPP1,-0.0073699852802888806,0.002178817109207823,0.08132083714008331
random,pca_ridge,0,AC005837.3,0.016932822129847428,0.021893191892126476,0.029652021825313568
random,pca_ridge,0,DTHD1,0.021103223670848933,0.021313955632102942,0.030657855793833733
random,pca_ridge,0,HOXA5,0.02252793598803213,0.009367881106415083,0.06186473369598389
random,pca_ridge,0,Z82188.2,0.018339968394249773,0.01595811743266158,0.027327658608555794
random,pca_ridge,0,PLAC1,-0.006025624889586833,-0.012910458103755611,0.05165799334645271
random,pca_ridge,0,TNC,0.10112767814158422,0.08417538301383053,0.18336139619350433
random,pca_ridge,0,INTS3,0.10339525055853355,0.1735033244080195,0.4945806860923767
random,pca_ridge,0,ZFP36L1,0.12603563227896764,0.09754576030564681,0.5109870433807373
random,pca_ridge,0,PSD2-AS1,0.0062009601225695415,0.007607139061588891,0.03928142786026001
random,pca_ridge,0,CU634019.6,-0.012863656164130786,-0.012451576694485668,0.06998177617788315
random,pca_ridge,0,MYBL2,0.015723959120223258,0.015951883557427604,0.08638135343790054
random,pca_ridge,0,GDPD3,0.0024913347050089553,-0.004392049322965666,0.09865501523017883
random,pca_ridge,0,CDHR5,,,0.0006386751192621887
random,pca_ridge,0,CST7,0.01621189892930152,0.01077417936671684,0.06402849406003952
random,pca_ridge,0,TXK,-0.013758189858864744,-0.017684980965874376,0.04255589097738266
random,pca_ridge,0,AC125807.2,0.010507920742637133,0.014251136410371037,0.026081202551722527
random,pca_ridge,0,HRK,0.10879583794982609,0.1488903318527021,0.2639940083026886
random,pca_ridge,0,AL132780.2,-0.012374209035377674,-0.015705296855548573,0.009507865644991398
random,pca_ridge,0,BPI,,,0.0008743106736801565
random,pca_ridge,0,GALNT5,0.02389900017730747,0.02669069778029598,0.14108237624168396
random,pca_ridge,0,TAT,-0.006520026514947696,-0.009170630626204747,0.041534554213285446
random,pca_ridge,0,EXOC3L4,-0.016929142985445157,-0.02266215308140939,0.03915032744407654
random,pca_ridge,0,TJP1,0.17202749494038844,0.15949547556636326,0.5608671307563782
random,pca_ridge,0,PNMA3,0.15844971427279608,0.22270083231150062,0.5092189908027649
random,pca_ridge,0,SLC22A8,0.021787913255466147,0.02242668793838241,0.02734135277569294
random,pca_ridge,0,PALM2-AKAP2,-0.014582836391301418,-0.017904564556419093,0.037810202687978745
random,pca_ridge,0,HMGN1,0.0685619538723099,0.1082532442747052,0.5866415500640869
random,pca_ridge,0,AC004594.1,,,0.0006516376743093133
random,pca_ridge,0,F3,0.08129311777466422,0.08155835135997229,0.5145584940910339
random,pca_ridge,0,PSME2,0.06636572610876111,0.11199211320998709,0.5434205532073975
random,pca_ridge,0,FOXP3,0.020702690252478815,0.020395141187785293,0.042534392327070236
random,pca_ridge,0,AC113414.1,-0.005833249827232043,-0.007886847566655718,0.005993827246129513
random,pca_ridge,0,CHI3L2,0.037705642458297634,0.04250207855841957,0.09924785047769547
random,pca_ridge,0,HOXC-AS1,0.004461076113255216,0.005086550421217088,0.04421292990446091
random,pca_ridge,0,RBM15B,0.09192534871687888,0.14752337467127943,0.44101181626319885
random,pca_ridge,0,AC087762.1,0.0,,0.029591085389256477
random,pca_ridge,0,EDA2R,-0.011580280236544374,-0.010405642667445125,0.043066106736660004
random,pca_ridge,0,AC012354.1,,,0.0011310941772535443
random,pca_ridge,0,DEFB134,,,0.001053931307978928
random,pca_ridge,0,APLNR,0.1284348642054977,0.0863083116664249,0.2602151930332184
random,pca_ridge,0,IFNG,-0.002145943940513245,-0.0032357646788709203,0.012503509409725666
random,pca_ridge,0,APOBEC3F,0.03418351066868234,0.02935617847926996,0.03485686331987381
random,pca_ridge,0,AC025164.1,-0.016701719960689337,-0.015835206054896276,0.08138009905815125
random,pca_ridge,0,CAPN9,0.025781475267147476,0.02135171028645293,0.0901293158531189
random,pca_ridge,0,AP001360.1,-0.01391458706072974,-0.01328738359882611,0.03538056090474129
random,pca_ridge,0,AC133644.2,0.011889192966926377,0.013564105592546682,0.048498909920454025
random,pca_ridge,0,FXYD3,0.1390567011009407,0.11593357276326073,0.5354951024055481
random,pca_ridge,0,PAPOLB,,,0.0007330263033509254
random,pca_ridge,0,TSPO,0.0709357660025788,0.04394642266237791,0.5397083163261414
random,pca_ridge,0,CLEC4F,0.03694789197253946,0.03252795296440685,0.04813624918460846
random,pca_ridge,0,AC009093.4,-0.012486747976645774,-0.012886630809226748,0.04219089075922966
random,pca_ridge,0,AC019077.1,-0.012087116861692622,-0.014989853454651574,0.030694130808115005
random,pca_ridge,0,ICAM3,0.0122722843029608,0.009238650791447965,0.1733098328113556
random,pca_ridge,0,LRRC3,0.019454142203032997,0.021353061475114753,0.042630646377801895
random,pca_ridge,0,MTA1,0.07561453008450708,0.13107376293229522,0.4446054697036743
random,pca_ridge,0,AC015712.4,0.004282356773061847,0.007635066559408556,0.03699089214205742
random,pca_ridge,0,CEP55,-0.021899154453997455,-0.0074200751443654085,0.08659004420042038
random,pca_ridge,0,HIST1H1D,0.0024157323472998485,0.0037408596530301634,0.010961229912936687
random,pca_ridge,0,AC003986.2,0.0036307997700803663,0.0062663345242741555,0.04013226553797722
random,pca_ridge,0,RIF1,0.06738972585793725,0.12298191860198185,0.39201006293296814
random,pca_ridge,0,C1orf116,-0.019485085706820265,-0.025530766304735095,0.10058054327964783
random,pca_ridge,0,TMEM270,-0.008823486070724244,-0.014239925729382952,0.03973638266324997
random,pca_ridge,0,AL078639.1,0.04943210508952757,0.02073162559870834,0.51244056224823
random,pca_ridge,0,LINC00607,0.013405540439288533,0.018664739857888545,0.04954284429550171
random,pca_ridge,0,AC010267.1,,,0.0005478911916725338
random,pca_ridge,0,AC103855.1,,,0.00039731012657284737
random,pca_ridge,0,HEPACAM,0.2248105580404029,0.16744975691103678,0.644305408000946
random,pca_ridge,0,CLCF1,0.0012170328961753278,0.0022026562201475754,0.041853416711091995
random,pca_ridge,0,RARRES3,0.12185633644065316,0.08174754760681263,0.5179047584533691
random,pca_ridge,0,SIRPB2,0.023839260647915778,0.022987082734938293,0.03646979480981827
random,pca_ridge,0,CCL26,0.013894678243297803,-0.0059173117706420916,0.06578166782855988
random,pca_ridge,0,SCGB2A1,0.12236110486648019,0.11214694806751908,0.4465942084789276
random,pca_ridge,0,AL162408.1,,,0.0004913838929496706
random,pca_ridge,0,AC018754.1,-0.015421600369664536,-0.01332327817994258,0.021014582365751266
random,pca_ridge,0,AF165147.1,,,0.0011576547985896468
random,pca_ridge,0,ART4,,,0.0008101938874460757
random,pca_ridge,0,Z82214.2,0.026626966923071538,0.019721854269929857,0.07698231190443039
random,pca_ridge,0,RCC1,-0.01865382317864913,-0.00479473208279095,0.15614865720272064
random,pca_ridge,0,MS4A1,0.012516714669101437,0.01553148510043921,0.04156217351555824
random,pca_ridge,0,LDB2,0.21967143403516293,0.272682392943055,0.652775228023529
random,pca_ridge,0,AC025682.1,0.013906272572014874,0.022072715569036346,0.041843414306640625
random,pca_ridge,0,AC061992.1,-0.017873170462066122,-0.020061741008444465,0.016680536791682243
random,pca_ridge,0,AC012360.3,0.012458848520164212,0.022475630504323597,0.09302353858947754
random,pca_ridge,0,GATA2-AS1,-0.02227784772181027,-0.016178230478674404,0.06277628242969513
random,pca_ridge,0,AP000238.1,,,0.0014132311334833503
random,pca_ridge,0,ZNF670-ZNF695,,,9.900199074763805e-05
random,pca_ridge,0,AC097381.3,,,0.0012903723400086164
random,pca_ridge,0,ALKAL1,0.004982107620774328,0.006929271677975704,0.022801397368311882
random,pca_ridge,0,ITIH6,-0.010829801180372599,-0.013298217634815377,0.029887590557336807
random,pca_ridge,0,AC040162.1,0.01513306499578694,0.0244226660917069,0.11241830140352249
random,pca_ridge,0,MFAP2,0.0019247087720203964,0.006912294442478811,0.16373108327388763
random,pca_ridge,0,HOXA10,-0.008510584967887376,-0.01021210715381158,0.05499803274869919
random,pca_ridge,0,IRX2,0.07184896198574506,0.08283781144144066,0.28707316517829895
random,pca_ridge,0,AC010457.1,-0.013195557269962098,-0.01294404565572186,0.021006807684898376
random,pca_ridge,0,ASPN,0.03205454880205737,0.03134403155485002,0.16056622564792633
random,pca_ridge,0,DDR1,0.1956307112830702,0.1523934500288158,0.6563184857368469
random,pca_ridge,0,MRE11,0.01481928848991615,0.058249668855882564,0.18992894887924194
random,pca_ridge,0,PLA1A,0.0003594085918216666,-0.009547514897500034,0.06589654088020325
random,pca_ridge,0,RPEL1,-0.0011743440191452994,-0.0017126932721825017,0.030548956245183945
random,spatial_knn,0,SCGB2A2,0.711820744117748,0.6996394512961125,1.0760349947045071
random,spatial_knn,0,SCGB1D2,0.5789299607372738,0.5777488150138129,0.9765013562176447
random,spatial_knn,0,MBP,0.4921049649238402,0.43668188889979814,1.076925184189049
random,spatial_knn,0,GFAP,0.26238505413274743,0.2355644187512886,1.194857986899473
random,spatial_knn,0,PLP1,0.4616755249621125,0.3814978550440536,1.1552381818962802
random,spatial_knn,0,SAA1,0.4867722073680147,0.43258890071488326,0.750642248954629
random,spatial_knn,0,MGP,0.4392274131957869,0.4035151397557701,0.946848381469695
random,spatial_knn,0,IGKC,0.3491790475341866,0.33997224643356816,0.9788545773882009
random,spatial_knn,0,FABP4,0.43574366060207465,0.397495657728534,0.690351797210755
random,spatial_knn,0,MOBP,0.4040407934776469,0.28343231283530274,0.810092244309586
random,spatial_knn,0,HBB,0.3200449184679258,0.24548464802049585,0.8001889999136078
random,spatial_knn,0,NEFL,0.1970853090678827,0.17611289054429335,1.0320133548071466
random,spatial_knn,0,TF,0.3488414237248782,0.26525506366066426,0.9154872835117441
random,spatial_knn,0,IGHG3,0.2619569125030612,0.1700847352828256,0.4844363189574388
random,spatial_knn,0,CNP,0.33512679013017854,0.25906407029012907,1.0424648907119565
random,spatial_knn,0,CPB1,0.38340971682116765,0.33540892668640065,0.46637815629126733
random,spatial_knn,0,CRYAB,0.2980286498760436,0.2349852421464972,1.0665026235273798
random,spatial_knn,0,IGHA1,0.24623436061739612,0.254263372571789,0.6462571887387644
random,spatial_knn,0,KRT8,0.34608378811913654,0.3136288578671548,0.8691605518276749
random,spatial_knn,0,MUC1,0.32751633668580976,0.3345799482843831,0.9369941168793223
random,spatial_knn,0,KRT19,0.3209329173678892,0.32053143962724423,0.9773733761521101
random,spatial_knn,0,IGLC2,0.2657541914552586,0.24381222440713607,0.6811710470123981
random,spatial_knn,0,TFF1,0.3193891708384027,0.334240387587625,0.773958300520869
random,spatial_knn,0,MAG,0.3024959489183733,0.21232258169204576,0.7216809571459745
random,spatial_knn,0,ERMN,0.3058706933159394,0.21676038246971313,0.6138485834094123
random,spatial_knn,0,CLDN11,0.28311701403930256,0.19589837707555946,0.6768478199371366
random,spatial_knn,0,CLDND1,0.28993810045945645,0.21794970884382883,0.8753303843150009
random,spatial_knn,0,SPP1,0.25869221452278135,0.19257541853379723,0.7856701447224411
random,spatial_knn,0,PPP1R14A,0.2680836103967119,0.19747301068666656,0.8075078278533888
random,spatial_knn,0,S100B,0.19271846022138023,0.16088960116109155,1.0587879541285845
random,spatial_knn,0,MOG,0.2728418999628238,0.19185955384427572,0.5421407578223165
random,spatial_knn,0,MALAT1,0.2100473103521895,0.19811978597797034,1.0526840104999708
random,spatial_knn,0,CARNS1,0.22156093786180836,0.1831440872934802,0.5790383674902014
random,spatial_knn,0,IGHG4,0.19790856838265466,0.15471271534365955,0.46559677886453527
random,spatial_knn,0,KRT18,0.28485458093518956,0.27521569895382225,0.8113400572411094
random,spatial_knn,0,BCAS1,0.2609305650655036,0.19471562463567188,0.6776438591013965
random,spatial_knn,0,PTGDS,0.10634175959712357,0.11103377567102822,0.9750603413215383
random,spatial_knn,0,SAA2,0.2640304094091567,0.2730097068309397,0.3853337757433966
random,spatial_knn,0,SEPT4,0.22574081549083472,0.17455534542424084,0.8613759337311906
random,spatial_knn,0,TFF3,0.210067559175451,0.2227718246980954,0.8607875583238261
random,spatial_knn,0,HPCAL1,0.11938743608116108,0.11762360442145064,0.9548338726599959
random,spatial_knn,0,S100A11,0.270472721856864,0.22506299576874692,0.8692775220174496
random,spatial_knn,0,ALB,0.33047043280589805,0.1601358672804656,0.15636173274650306
random,spatial_knn,0,RNASE1,0.21814962493507803,0.17213096393531424,0.8577429224729295
random,spatial_knn,0,TMEM144,0.22325939206613502,0.17199313648629938,0.5668969330368973
random,spatial_knn,0,ENPP2,0.24316334115720317,0.1553295979362539,0.6502615120420716
random,spatial_knn,0,MAL,0.22917987109883972,0.17774188984621161,0.6514816500424663
random,spatial_knn,0,NKX6-2,0.24545554962240126,0.19369020721316668,0.49549598109622217
random,spatial_knn,0,HSPA2,0.23004274901857166,0.17734974213812688,0.6019429038920759
random,spatial_knn,0,G0S2,0.23349014559105757,0.24453926862607567,0.45552093871545346
random,spatial_knn,0,DAPP1,-0.006540493941139239,-0.008958778962786827,0.08390076510396342
random,spatial_knn,0,AC005837.3,-0.0009126108332659815,-0.0011116594795226957,0.030149380344075126
random,spatial_knn,0,DTHD1,-0.0006895309136673757,-0.0007573093227781235,0.031004142628030803
random,spatial_knn,0,HOXA5,-0.0017444041034904328,-0.0034256737017843417,0.06579009679294003
random,spatial_knn,0,Z82188.2,-0.0011416611269310633,-0.001394709945429004,0.028536841468186178
random,spatial_knn,0,PLAC1,-0.0012899553001799843,-0.0015446054569489532,0.05196723923136192
random,spatial_knn,0,TNC,0.012177623924772181,0.02420012839828929,0.19322084555087074
random,spatial_knn,0,INTS3,0.0042212302528143565,0.0065314644214203585,0.5242874679826457
random,spatial_knn,0,ZFP36L1,0.014490511087467961,0.002363987828538767,0.542429313201832
random,spatial_knn,0,PSD2-AS1,-0.0012117267983930593,-0.0015870978900650488,0.04001760791247029
random,spatial_knn,0,CU634019.6,-0.004532239132759094,-0.005459963737971803,0.0710672004709889
random,spatial_knn,0,MYBL2,-0.0017936289289507976,0.0026058485905907057,0.09006715954897207
random,spatial_knn,0,GDPD3,-0.015251112381032465,-0.020292096564699973,0.1050489537915785
random,spatial_knn,0,CDHR5,,,0.010954303290887701
random,spatial_knn,0,CST7,-0.007381284581078583,-0.009448452018106929,0.06716184845950622
random,spatial_knn,0,TXK,-0.0017411945665379573,-0.0021576996615102306,0.043213780020898915
random,spatial_knn,0,AC125807.2,-0.001030372351313251,-0.0012610328052521662,0.027047177767972493
random,spatial_knn,0,HRK,0.0030047629211859077,0.02236876170176536,0.28080010183423787
random,spatial_knn,0,AL132780.2,-0.0008388716505745323,-0.0010930046192923544,0.016235599849448383
random,spatial_knn,0,BPI,,,0.014840003106796269
random,spatial_knn,0,GALNT5,0.0004007337451847658,0.020813178676109156,0.14870821533938944
random,spatial_knn,0,TAT,-0.0009274757237518117,-0.0011131783754450826,0.04205240303149129
random,spatial_knn,0,EXOC3L4,0.06489032515777225,0.09317625948712081,0.039676437132328664
random,spatial_knn,0,TJP1,0.029718472717678922,0.02927565089021675,0.5948595344157562
random,spatial_knn,0,PNMA3,0.030692590495972123,0.04129480351330277,0.5391406718581736
random,spatial_knn,0,SLC22A8,-0.0007616738164061778,-0.0008398066040000324,0.02755914398868891
random,spatial_knn,0,PALM2-AKAP2,-0.0003362178016316957,-0.00036341811666946674,0.03785010836237468
random,spatial_knn,0,HMGN1,0.02725569012869169,0.03212674536105875,0.614594129327678
random,spatial_knn,0,AC004594.1,,,0.0027591813248941223
random,spatial_knn,0,F3,0.0232109252629753,0.0021364462658268993,0.541254600292416
random,spatial_knn,0,PSME2,0.0005961063420748814,0.01796336169133209,0.573708200178084
random,spatial_knn,0,FOXP3,-0.004701951923603747,-0.006483721781710247,0.0488974771622093
random,spatial_knn,0,AC113414.1,-0.0007914605895616074,-0.0010083737797815177,0.01061339237306682
random,spatial_knn,0,CHI3L2,0.0356144037254768,0.041124273583022446,0.10124696103345296
random,spatial_knn,0,HOXC-AS1,-0.004493094227943571,-0.005775519821057983,0.04828435408582359
random,spatial_knn,0,RBM15B,0.006808184202150494,0.015592541302517426,0.4655322630540603
random,spatial_knn,0,AC087762.1,0.0,,0.029591085856238288
random,spatial_knn,0,EDA2R,-0.0018508523991348624,-0.0025625011552874136,0.04444910241267651
random,spatial_knn,0,AC012354.1,,,0.005416957699059566
random,spatial_knn,0,DEFB134,,,0.005332782714124604
random,spatial_knn,0,APLNR,0.06192239733264833,0.056725497696095695,0.27096302661832256
random,spatial_knn,0,IFNG,-0.00029350318380393905,-0.00029669852911720114,0.012623229838964634
random,spatial_knn,0,APOBEC3F,-0.0037190086089792245,-0.005094353932802316,0.03967993128638205
random,spatial_knn,0,AC025164.1,-0.007943457001287868,-0.012571690498910356,0.08719531372104555
random,spatial_knn,0,CAPN9,0.0028679866269462535,0.009170403554908724,0.092783853834674
random,spatial_knn,0,AP001360.1,-0.0026900999282566318,-0.0036575513189927157,0.03699380251997073
random,spatial_knn,0,AC133644.2,-0.001811051011441684,-0.002527369844542597,0.050115291255927244
random,spatial_knn,0,FXYD3,0.10666981570829329,0.13039661820066323,0.5572568914842233
random,spatial_knn,0,PAPOLB,,,0.003559607209091723
random,spatial_knn,0,TSPO,0.03880681422337974,0.029546995375896046,0.5643632779933987
random,spatial_knn,0,CLEC4F,-0.0005968999406832237,-0.0007270649700189013,0.048219987692178126
random,spatial_knn,0,AC009093.4,-0.0014012425785988594,-0.001857945145608616,0.04315879967420312
random,spatial_knn,0,AC019077.1,-0.0014045792403168291,-0.002530296191284215,0.03708829527051351
random,spatial_knn,0,ICAM3,0.012729547930831545,0.014330650721768071,0.18113247887966363
random,spatial_knn,0,LRRC3,-0.004906080330434356,-0.00596542988871239,0.04537729101772235
random,spatial_knn,0,MTA1,-0.01754134382560602,-0.03624501228390994,0.4705571117761783
random,spatial_knn,0,AC015712.4,-0.0010416449161725703,-0.0013625002595074578,0.0380013925056401
random,spatial_knn,0,CEP55,0.007662852165863703,0.033123049679859615,0.08832429124744413
random,spatial_knn,0,HIST1H1D,-0.0006719371373220006,-0.0009633321364049813,0.014998106625824821
random,spatial_knn,0,AC003986.2,-0.0005195263957553555,-0.0005937706685581259,0.04043247857408204
random,spatial_knn,0,RIF1,-0.01042889413049582,-0.002436943406189869,0.41600859005862784
random,spatial_knn,0,C1orf116,-0.00915100259658731,-0.013040520804038289,0.1047704169249695
random,spatial_knn,0,TMEM270,-0.0007227217695718436,-0.0010711094437929466,0.0404183352486425
random,spatial_knn,0,AL078639.1,0.04087730898049763,0.04708891258920865,0.5385003215925416
random,spatial_knn,0,LINC00607,-0.0017584883475864426,-0.002455645656517574,0.05027800156965293
random,spatial_knn,0,AC010267.1,,,0.0021060196923590613
random,spatial_knn,0,AC103855.1,,,0.0016681586846495804
random,spatial_knn,0,HEPACAM,0.06484257596922915,0.0611386304215737,0.6870255555570693
random,spatial_knn,0,CLCF1,-0.004200406823457011,-0.005579818489695557,0.04524574504647553
random,spatial_knn,0,RARRES3,0.07247172952946489,0.07717897158787108,0.5410765965359011
random,spatial_knn,0,SIRPB2,-0.0005193029245044005,-0.0005553633298168968,0.03659634747319069
random,spatial_knn,0,CCL26,0.2639165571101766,0.13778644617061722,0.06434655770471348
random,spatial_knn,0,SCGB2A1,0.12031078687882449,0.16300394069329688,0.46535649369198806
random,spatial_knn,0,AL162408.1,0.0,0.0,0.0
random,spatial_knn,0,AC018754.1,-0.0018363112274948966,-0.002273163496976862,0.023860606761552286
random,spatial_knn,0,AF165147.1,,,0.006027357957452714
random,spatial_knn,0,ART4,,,0.00488305430605704
random,spatial_knn,0,Z82214.2,0.035150849076474644,0.04734041647246252,0.0791371390105515
random,spatial_knn,0,RCC1,0.0044009470592823435,-0.021012967626409272,0.16610565617146017
random,spatial_knn,0,MS4A1,0.05975495325263276,0.07426402174677768,0.043373327182352074
random,spatial_knn,0,LDB2,0.05876500222184082,0.06736838937896569,0.6945340653494072
random,spatial_knn,0,AC025682.1,-0.001895145626246107,-0.003193289255430936,0.044352827458367904
random,spatial_knn,0,AC061992.1,-0.001282692675956119,-0.0015355553291899423,0.019323524983656703
random,spatial_knn,0,AC012360.3,-0.015398995646630142,-0.020460340335733823,0.09721540244228727
random,spatial_knn,0,GATA2-AS1,-0.004375006468870221,-0.005384539865030188,0.06445343868017044
random,spatial_knn,0,AP000238.1,,,0.009618827488395256
random,spatial_knn,0,ZNF670-ZNF695,0.0,0.0,0.0
random,spatial_knn,0,AC097381.3,,,0.006333086453157228
random,spatial_knn,0,ALKAL1,-0.0012886507416619516,-0.0017550272719193084,0.027688194700192643
random,spatial_knn,0,ITIH6,-0.0005219959082685514,-0.0007854847278533446,0.030977340284557998
random,spatial_knn,0,AC040162.1,-0.00017722971034372318,0.014951525915698474,0.11831350157032672
random,spatial_knn,0,MFAP2,0.0018444385853186003,0.015585695532466507,0.17236596786308325
random,spatial_knn,0,HOXA10,0.03620458195173988,0.069396912725972,0.05667873476723207
random,spatial_knn,0,IRX2,0.03608698309836443,0.06380821926523099,0.3024210562083461
random,spatial_knn,0,AC010457.1,-0.0014449607893118797,-0.0019077949777868098,0.02503831139404839
random,spatial_knn,0,ASPN,-0.005778794494659909,-0.000635484102867636,0.16936325154840498
random,spatial_knn,0,DDR1,0.0836821117124616,0.085449056292067,0.6887994058422305
random,spatial_knn,0,MRE11,0.02223918689144228,0.03888203611329744,0.1987344756132272
random,spatial_knn,0,PLA1A,-0.00489273605603845,-0.006926793242747251,0.06894254110929295
random,spatial_knn,0,RPEL1,-0.002174525493335884,-0.0024639311323931927,0.03191241088218599
patient_Br5292,pca_ridge,0,SCGB2A2,0.20456449358841652,0.2257238736506774,1.6080800294876099
patient_Br5292,pca_ridge,0,SCGB1D2,0.1741549443900977,0.1784537666098475,1.265979290008545
patient_Br5292,pca_ridge,0,MBP,0.3065323723158873,0.2346009423175291,1.3182483911514282
patient_Br5292,pca_ridge,0,GFAP,0.3989209875195869,0.3858930041653443,1.222166657447815
patient_Br5292,pca_ridge,0,PLP1,0.3368880733758814,0.23672301901232934,1.283531665802002
patient_Br5292,pca_ridge,0,SAA1,0.08446152755955165,0.09519961238530936,0.906493067741394
patient_Br5292,pca_ridge,0,MGP,0.12377883258772976,0.11644559228118147,1.1396901607513428
patient_Br5292,pca_ridge,0,IGKC,0.0653179390782112,0.05334654182455045,1.0873521566390991
patient_Br5292,pca_ridge,0,FABP4,0.09697247058939575,0.0975461865821059,0.8121785521507263
patient_Br5292,pca_ridge,0,MOBP,0.3040885495162523,0.14788005421175973,0.7749984264373779
patient_Br5292,pca_ridge,0,HBB,-0.01059221224877796,-0.011802105445745987,0.8649523854255676
patient_Br5292,pca_ridge,0,NEFL,0.44494924984911804,0.3944023415025803,1.0143002271652222
patient_Br5292,pca_ridge,0,TF,0.29576278858902993,0.167682245280814,0.8727414608001709
patient_Br5292,pca_ridge,0,IGHG3,0.023249205210237624,0.02507802261188097,0.5242035388946533
patient_Br5292,pca_ridge,0,CNP,0.25882289871010405,0.1474510821374958,1.0560939311981201
patient_Br5292,pca_ridge,0,CPB1,0.04115754353133492,0.051716136936165245,0.4855646789073944
patient_Br5292,pca_ridge,0,CRYAB,0.28984950696102785,0.20960994594353705,1.1054373979568481
patient_Br5292,pca_ridge,0,IGHA1,0.07163962490381745,0.06616654066916619,0.7005625367164612
patient_Br5292,pca_ridge,0,KRT8,0.19858556211288436,0.1625337315533832,0.9553240537643433
patient_Br5292,pca_ridge,0,MUC1,0.16355468236513163,0.16096000057648105,1.0422199964523315
patient_Br5292,pca_ridge,0,KRT19,0.17512293666065554,0.16948895889620408,1.0719517469406128
patient_Br5292,pca_ridge,0,IGLC2,0.05894858213988551,0.045202265205428145,0.7440615892410278
patient_Br5292,pca_ridge,0,TFF1,0.11132246830694555,0.11737102136851076,0.8865997195243835
patient_Br5292,pca_ridge,0,MAG,0.268573544566986,0.14027125687843964,0.640260636806488
patient_Br5292,pca_ridge,0,ERMN,0.2697056669034335,0.13184942593541327,0.5364503264427185
patient_Br5292,pca_ridge,0,CLDN11,0.2627479487603599,0.12760808954082253,0.5884919762611389
patient_Br5292,pca_ridge,0,CLDND1,0.23500421467387028,0.1224880238283961,0.8312500715255737
patient_Br5292,pca_ridge,0,SPP1,0.26216126035931725,0.14130780475939442,0.6948280930519104
patient_Br5292,pca_ridge,0,PPP1R14A,0.26367132551181194,0.1397327227852182,0.7573665976524353
patient_Br5292,pca_ridge,0,S100B,0.24593223933357702,0.22132268157301382,1.113028883934021
patient_Br5292,pca_ridge,0,MOG,0.2647124306686766,0.13407712997958385,0.47025200724601746
patient_Br5292,pca_ridge,0,MALAT1,0.0997109327858392,0.11384574325735367,1.1349844932556152
patient_Br5292,pca_ridge,0,CARNS1,0.2273865049826924,0.10240829470192638,0.4822980463504791
patient_Br5292,pca_ridge,0,IGHG4,0.027681533973609094,0.02244887375315835,0.4910026490688324
patient_Br5292,pca_ridge,0,KRT18,0.18849143372983215,0.1539617251296567,0.8630039691925049
patient_Br5292,pca_ridge,0,BCAS1,0.21128266455558803,0.11174083386879043,0.6043437719345093
patient_Br5292,pca_ridge,0,PTGDS,0.236747333639803,0.22869955870998757,1.0416558980941772
patient_Br5292,pca_ridge,0,SAA2,0.045634898875105086,0.06326817206056284,0.42198964953422546
patient_Br5292,pca_ridge,0,SEPT4,0.19986642069372668,0.11635777738048224,0.8238500952720642
patient_Br5292,pca_ridge,0,TFF3,0.11406414570817522,0.10700908649789562,0.9170408248901367
patient_Br5292,pca_ridge,0,HPCAL1,0.24761919415230335,0.24607425486516685,1.0163686275482178
patient_Br5292,pca_ridge,0,S100A11,0.2020258509335121,0.16417209357731216,0.9418296813964844
patient_Br5292,pca_ridge,0,ALB,0.028990828491743354,0.02562268890413267,0.17231209576129913
patient_Br5292,pca_ridge,0,RNASE1,0.20505318857787233,0.11202749612223058,0.8269959688186646
patient_Br5292,pca_ridge,0,TMEM144,0.2456674269853298,0.13067060551115406,0.49777355790138245
patient_Br5292,pca_ridge,0,ENPP2,0.23107204375342233,0.12263267116025463,0.5874785780906677
patient_Br5292,pca_ridge,0,MAL,0.21742802274667034,0.10690812690618738,0.5936030149459839
patient_Br5292,pca_ridge,0,NKX6-2,0.23099361655186912,0.11155745912724335,0.40883418917655945
patient_Br5292,pca_ridge,0,HSPA2,0.23115039887444014,0.12477842508419339,0.5428690910339355
patient_Br5292,pca_ridge,0,G0S2,0.07550712334533377,0.081224932693536,0.4932071268558502
patient_Br5292,pca_ridge,0,DAPP1,0.010542054553528407,0.009608708804410624,0.07667694985866547
patient_Br5292,pca_ridge,0,AC005837.3,0.0012213542249433081,0.00024242641969017003,0.013455048203468323
patient_Br5292,pca_ridge,0,DTHD1,0.005953767542814204,0.007586165599928776,0.0158549752086401
patient_Br5292,pca_ridge,0,HOXA5,0.002465196776821514,0.005093036387729574,0.05456313490867615
patient_Br5292,pca_ridge,0,Z82188.2,-0.0034264913352806555,-0.0017734124110802773,0.04296860843896866
patient_Br5292,pca_ridge,0,PLAC1,-1.646654281150912e-06,-0.0006464595042508278,0.027123548090457916
patient_Br5292,pca_ridge,0,TNC,0.04381372044204151,0.03291418578017055,0.1656482070684433
patient_Br5292,pca_ridge,0,INTS3,0.057651852982818504,0.09688884656996255,0.5338319540023804
patient_Br5292,pca_ridge,0,ZFP36L1,0.07267447743880918,0.054376604198149305,0.5506606698036194
patient_Br5292,pca_ridge,0,PSD2-AS1,-0.0064377739804418474,0.0038259858540933287,0.04329101741313934
patient_Br5292,pca_ridge,0,CU634019.6,0.014938600955337753,0.01239792812956351,0.052801713347435
patient_Br5292,pca_ridge,0,MYBL2,0.0006433018894194633,0.002066853744374729,0.09692299365997314
patient_Br5292,pca_ridge,0,GDPD3,-0.008132602856692464,-0.009858785312115696,0.12920835614204407
patient_Br5292,pca_ridge,0,CDHR5,-0.019611413973327562,-0.012810505930088237,0.011665396392345428
patient_Br5292,pca_ridge,0,CST7,0.006331416266351502,0.009905871900998005,0.07283834367990494
patient_Br5292,pca_ridge,0,TXK,-0.0037112778186999067,-0.0021184685716416685,0.025863856077194214
patient_Br5292,pca_ridge,0,AC125807.2,0.016491110070330703,0.016339972040792267,0.02529340423643589
patient_Br5292,pca_ridge,0,HRK,0.06008635064861895,0.08227225291099574,0.2665433883666992
patient_Br5292,pca_ridge,0,AL132780.2,-0.0010533267978816534,0.0026719109486302867,0.03408565744757652
patient_Br5292,pca_ridge,0,BPI,,,0.001475212979130447
patient_Br5292,pca_ridge,0,GALNT5,0.026734329328222586,0.03192472016545259,0.1606704741716385
patient_Br5292,pca_ridge,0,TAT,-0.004043999900223204,-0.0044448121276756914,0.029116706922650337
patient_Br5292,pca_ridge,0,EXOC3L4,0.0006819068495365448,-0.0013400839886155654,0.03706754371523857
patient_Br5292,pca_ridge,0,TJP1,0.08911036131106749,0.07240517281331006,0.5772901773452759
patient_Br5292,pca_ridge,0,PNMA3,0.12501876580376403,0.1666913687142853,0.503387451171875
patient_Br5292,pca_ridge,0,SLC22A8,-0.006011993488390384,-0.007506055233420006,0.016018282622098923
patient_Br5292,pca_ridge,0,PALM2-AKAP2,-0.006416525691189086,-0.0005068054651439658,0.02759283408522606
patient_Br5292,pca_ridge,0,HMGN1,0.03640910154363925,0.044290730153538765,0.6169232130050659
patient_Br5292,pca_ridge,0,AC004594.1,,,0.0010904467198997736
patient_Br5292,pca_ridge,0,F3,0.06832871840289476,0.06940839338678247,0.5392432808876038
patient_Br5292,pca_ridge,0,PSME2,0.04264598887681713,0.0631659157813037,0.5672616362571716
patient_Br5292,pca_ridge,0,FOXP3,0.006765717152275765,0.00633767227706478,0.06392842531204224
patient_Br5292,pca_ridge,0,AC113414.1,0.008544786841413578,0.0008344777377597909,0.024816686287522316
patient_Br5292,pca_ridge,0,CHI3L2,0.015283760274032155,0.014414601828794745,0.09654054790735245
patient_Br5292,pca_ridge,0,HOXC-AS1,0.00890464404257187,0.004867594523730606,0.072544626891613
patient_Br5292,pca_ridge,0,RBM15B,0.0687581767653566,0.10380508382116845,0.4584094285964966
patient_Br5292,pca_ridge,0,AC087762.1,,,0.000907423731405288
patient_Br5292,pca_ridge,0,EDA2R,0.009156314787124817,0.01009666237768311,0.04487237706780434
patient_Br5292,pca_ridge,0,AC012354.1,0.007024389192504017,0.008365399511811445,0.02831200882792473
patient_Br5292,pca_ridge,0,DEFB134,0.0001891394300268027,0.0025243213922121433,0.027773596346378326
patient_Br5292,pca_ridge,0,APLNR,0.09749034991836557,0.07926629232839051,0.2965887784957886
patient_Br5292,pca_ridge,0,IFNG,-0.005275941086106111,-0.007977068900868118,0.023926880210638046
patient_Br5292,pca_ridge,0,APOBEC3F,0.007052196558509866,-0.0017086971370038515,0.06470745801925659
patient_Br5292,pca_ridge,0,AC025164.1,0.0006276230500160638,-0.002873684105153911,0.07310254126787186
patient_Br5292,pca_ridge,0,CAPN9,-0.00011591306769204624,-0.005914539849620966,0.08007825165987015
patient_Br5292,pca_ridge,0,AP001360.1,-0.008910441146276388,-0.01002869898202347,0.0439007468521595
patient_Br5292,pca_ridge,0,AC133644.2,0.0031614187741395346,-0.00016591555516357018,0.04832042381167412
patient_Br5292,pca_ridge,0,FXYD3,0.10004414176926865,0.08154962038990819,0.5915504097938538
patient_Br5292,pca_ridge,0,PAPOLB,,,0.0013664262369275093
patient_Br5292,pca_ridge,0,TSPO,0.06078742437863595,0.04378588235180696,0.5996186137199402
patient_Br5292,pca_ridge,0,CLEC4F,0.016339797784124133,0.013678714519403464,0.025836484506726265
patient_Br5292,pca_ridge,0,AC009093.4,0.009029601632161524,0.00845416455757512,0.04210832715034485
patient_Br5292,pca_ridge,0,AC019077.1,-0.014839234414213968,-0.012288733250454334,0.05293171852827072
patient_Br5292,pca_ridge,0,ICAM3,-0.0002535634456838867,-0.004644863148128972,0.17715013027191162
patient_Br5292,pca_ridge,0,LRRC3,0.0027731728936305146,-0.00043891456918709876,0.04795067012310028
patient_Br5292,pca_ridge,0,MTA1,0.044667595418214724,0.07894913561934372,0.4514378309249878
patient_Br5292,pca_ridge,0,AC015712.4,-0.001268778752116013,0.0007833346033923996,0.029183436185121536
patient_Br5292,pca_ridge,0,CEP55,-0.006103200458841233,-0.008855284828499186,0.059495050460100174
patient_Br5292,pca_ridge,0,HIST1H1D,0.011028623748329525,0.008103879663486182,0.03260057047009468
patient_Br5292,pca_ridge,0,AC003986.2,-0.00981211284646661,-0.008648434411029244,0.024134565144777298
patient_Br5292,pca_ridge,0,RIF1,0.03549756019610577,0.06941765616958674,0.40821170806884766
patient_Br5292,pca_ridge,0,C1orf116,-0.007435764443782859,-0.014644008659018276,0.09288451075553894
patient_Br5292,pca_ridge,0,TMEM270,-0.0017131973300542782,-0.0022224061459479513,0.029331689700484276
patient_Br5292,pca_ridge,0,AL078639.1,0.06699364668237229,0.047980559631366305,0.5403408408164978
patient_Br5292,pca_ridge,0,LINC00607,0.005455229042423894,0.006778102099101579,0.040923140943050385
patient_Br5292,pca_ridge,0,AC010267.1,0.0,,0.015987655147910118
patient_Br5292,pca_ridge,0,AC103855.1,,,0.0013331585796549916
patient_Br5292,pca_ridge,0,HEPACAM,0.11996251947086885,0.07987936979780064,0.6914641857147217
patient_Br5292,pca_ridge,0,CLCF1,0.005777755769441136,0.006024929197864972,0.06520911306142807
patient_Br5292,pca_ridge,0,RARRES3,0.08046090051666219,0.06891276258040875,0.5777349472045898
patient_Br5292,pca_ridge,0,SIRPB2,0.007475245090311281,0.008874184245290828,0.016128886491060257
patient_Br5292,pca_ridge,0,CCL26,-0.0017911497721150686,-0.0031579132799454184,0.030057203024625778
patient_Br5292,pca_ridge,0,SCGB2A1,0.059149097745821784,0.044282949941638006,0.506297767162323
patient_Br5292,pca_ridge,0,AL162408.1,0.0,,0.015561134554445744
patient_Br5292,pca_ridge,0,AC018754.1,4.206057897850562e-05,0.004992312018359778,0.04787418246269226
patient_Br5292,pca_ridge,0,AF165147.1,-0.013693891443335365,-0.012974186451638987,0.020362816751003265
patient_Br5292,pca_ridge,0,ART4,-0.009753749834239211,-0.007765340529224733,0.015191174112260342
patient_Br5292,pca_ridge,0,Z82214.2,0.038787491030950125,0.036573219437419466,0.08638767898082733
patient_Br5292,pca_ridge,0,RCC1,0.000868086485778658,0.009506200352394531,0.1828511655330658
patient_Br5292,pca_ridge,0,MS4A1,0.022916777099623628,0.010701626398058864,0.042629972100257874
patient_Br5292,pca_ridge,0,LDB2,0.21743639701375259,0.2534615357482113,0.6975293755531311
patient_Br5292,pca_ridge,0,AC025682.1,0.001913256186630718,0.0037012638840238357,0.046502161771059036
patient_Br5292,pca_ridge,0,AC061992.1,0.009753716518667476,0.009452386240113403,0.03631937503814697
patient_Br5292,pca_ridge,0,AC012360.3,-0.004420173343134409,0.0011720797750863804,0.0837797001004219
patient_Br5292,pca_ridge,0,GATA2-AS1,-0.01155124669409489,-0.010372957191567746,0.05904063582420349
patient_Br5292,pca_ridge,0,AP000238.1,0.009177795017349562,0.007936912686297612,0.024161260575056076
patient_Br5292,pca_ridge,0,ZNF670-ZNF695,0.0032402417248374353,0.004307362742109922,0.016073329374194145
patient_Br5292,pca_ridge,0,AC097381.3,-0.007592669014919765,-0.009590668218977583,0.0176510252058506
patient_Br5292,pca_ridge,0,ALKAL1,-0.012885338587141807,-0.010235065954485506,0.056068453937768936
patient_Br5292,pca_ridge,0,ITIH6,-0.0004895585780902426,-0.003556641909609997,0.026242921128869057
patient_Br5292,pca_ridge,0,AC040162.1,0.005999154520093339,0.012752516465762215,0.12758868932724
patient_Br5292,pca_ridge,0,MFAP2,0.020767096769915703,0.020199332648518874,0.17791475355625153
patient_Br5292,pca_ridge,0,HOXA10,0.0021224288191139633,0.0024546890916505065,0.0488487184047699
patient_Br5292,pca_ridge,0,IRX2,0.040042723178936694,0.031040456032442758,0.3286227583885193
patient_Br5292,pca_ridge,0,AC010457.1,-0.004468287891856507,-0.005595740923844485,0.03279843553900719
patient_Br5292,pca_ridge,0,ASPN,0.019926606433380203,0.007851938429117697,0.1814408153295517
patient_Br5292,pca_ridge,0,DDR1,0.09907371718840616,0.06879558421140389,0.6714805960655212
patient_Br5292,pca_ridge,0,MRE11,0.02150755772998051,0.035102957216600256,0.20012159645557404
patient_Br5292,pca_ridge,0,PLA1A,0.0035902175499979154,0.00250978536755945,0.06084594503045082
patient_Br5292,pca_ridge,0,RPEL1,0.0041326497913325684,0.00015713709081840568,0.030884236097335815
patient_Br5292,spatial_knn,0,SCGB2A2,0.696427032357145,0.6881294579880818,1.1708468940868815
patient_Br5292,spatial_knn,0,SCGB1D2,0.565005713584662,0.5681975542016441,1.0589611754442525
patient_Br5292,spatial_knn,0,MBP,0.4658716369781268,0.4180128977804983,1.326917655258273
patient_Br5292,spatial_knn,0,GFAP,0.01603255045390745,-0.0012657671809779862,1.4707259933404817
patient_Br5292,spatial_knn,0,PLP1,0.4055850769474047,0.33355998574733575,1.351645921235988
patient_Br5292,spatial_knn,0,SAA1,0.5066546797806946,0.44353760556248895,0.7836944043322123
patient_Br5292,spatial_knn,0,MGP,0.4174351028705891,0.39388429543679726,1.0476906053472492
patient_Br5292,spatial_knn,0,IGKC,0.3142704128086756,0.3152074292343856,1.0549210950675263
patient_Br5292,spatial_knn,0,FABP4,0.4516964859417927,0.39843618382455487,0.728542996876497
patient_Br5292,spatial_knn,0,MOBP,0.3227387811863542,0.22449731724292438,0.8218614500158612
patient_Br5292,spatial_knn,0,HBB,0.3096337247423946,0.23164727031028967,0.8289717572281637
patient_Br5292,spatial_knn,0,NEFL,0.04948561473012322,0.025118053936343976,1.2309575408794997
patient_Br5292,spatial_knn,0,TF,0.27043574855114544,0.2024526435904782,0.9488708430745773
patient_Br5292,spatial_knn,0,IGHG3,0.2620812275184327,0.17631346519665042,0.518057922844352
patient_Br5292,spatial_knn,0,CNP,0.26339026046964575,0.20265074048559054,1.1314576460644437
patient_Br5292,spatial_knn,0,CPB1,0.33481707923027143,0.29457868336109955,0.4657252444225353
patient_Br5292,spatial_knn,0,CRYAB,0.21718761662282837,0.15653232788507607,1.180587544479098
patient_Br5292,spatial_knn,0,IGHA1,0.2639227567639469,0.2524810906104859,0.6892375387218304
patient_Br5292,spatial_knn,0,KRT8,0.28620553306804275,0.2712431045101178,0.94583610507277
patient_Br5292,spatial_knn,0,MUC1,0.29041030382634586,0.3020663025412956,1.0222708041984285
patient_Br5292,spatial_knn,0,KRT19,0.2646261478873813,0.2652267109386633,1.069197690509904
patient_Br5292,spatial_knn,0,IGLC2,0.23409094441363562,0.22541549939440736,0.7443725490173497
patient_Br5292,spatial_knn,0,TFF1,0.3133610185705914,0.32380463570150936,0.8532906384498371
patient_Br5292,spatial_knn,0,MAG,0.22098199544122604,0.16002609968963707,0.7092218376415824
patient_Br5292,spatial_knn,0,ERMN,0.23492836031343167,0.1634252153544355,0.5909940450242452
patient_Br5292,spatial_knn,0,CLDN11,0.20944180862291858,0.14523639050282805,0.6486721147411253
patient_Br5292,spatial_knn,0,CLDND1,0.20089930241874981,0.14812147211110274,0.9078660148247353
patient_Br5292,spatial_knn,0,SPP1,0.22953427820742614,0.16653968823276558,0.757558273367251
patient_Br5292,spatial_knn,0,PPP1R14A,0.22255991866131125,0.15164670709740288,0.8120077663378826
patient_Br5292,spatial_knn,0,S100B,0.0432892517256945,0.013974348881056555,1.213593102413542
patient_Br5292,spatial_knn,0,MOG,0.19384560018374097,0.12605580353336618,0.5129781514305151
patient_Br5292,spatial_knn,0,MALAT1,0.09233203030919863,0.09354656874933531,1.1801620956320933
patient_Br5292,spatial_knn,0,CARNS1,0.16027299212011115,0.11213507161957473,0.5386719291605515
patient_Br5292,spatial_knn,0,IGHG4,0.19730344284617174,0.1412417659439616,0.49845901768028833
patient_Br5292,spatial_knn,0,KRT18,0.23694162234496527,0.2382574197508881,0.868380639119659
patient_Br5292,spatial_knn,0,BCAS1,0.19660761394933898,0.1394249338570987,0.6490682092546329
patient_Br5292,spatial_knn,0,PTGDS,0.027869633257440657,0.023433784970451534,1.1296086348513517
patient_Br5292,spatial_knn,0,SAA2,0.2654759888032154,0.26522798342214793,0.4091999413272233
patient_Br5292,spatial_knn,0,SEPT4,0.19325579333474752,0.14779575696503847,0.8810677811545315
patient_Br5292,spatial_knn,0,TFF3,0.20958436067627118,0.2235438274548931,0.9208102629572886
patient_Br5292,spatial_knn,0,HPCAL1,0.0944411772959208,0.09404264837838978,1.0653523768537367
patient_Br5292,spatial_knn,0,S100A11,0.23922970209753494,0.21202274229041035,0.9486928938159142
patient_Br5292,spatial_knn,0,ALB,0.2289161664683435,0.13112472331666802,0.1702185505359236
patient_Br5292,spatial_knn,0,RNASE1,0.14476158438768766,0.10722882611562068,0.8930637466087007
patient_Br5292,spatial_knn,0,TMEM144,0.17852239719887783,0.12851227325681372,0.545016265821288
patient_Br5292,spatial_knn,0,ENPP2,0.1703824437226313,0.11389493820415279,0.6425317970049247
patient_Br5292,spatial_knn,0,MAL,0.16035586584593814,0.11702043300020934,0.6458342828270438
patient_Br5292,spatial_knn,0,NKX6-2,0.17524425367024452,0.1290515710997386,0.45036833334757653
patient_Br5292,spatial_knn,0,HSPA2,0.16026241633968744,0.1010073180907612,0.5869357391552601
patient_Br5292,spatial_knn,0,G0S2,0.243190314035693,0.22308302343604347,0.4837428112132534
patient_Br5292,spatial_knn,0,DAPP1,0.025665866052658602,0.001743146971473219,0.07974214493640232
patient_Br5292,spatial_knn,0,AC005837.3,-0.0005892907371160918,-0.000716160510271344,0.015361434782539122
patient_Br5292,spatial_knn,0,DTHD1,-0.00039430571614438355,-0.0005063879120570954,0.017884706957653693
patient_Br5292,spatial_knn,0,HOXA5,0.007718723233614814,0.016311540211084507,0.05550378889130549
patient_Br5292,spatial_knn,0,Z82188.2,-0.000985955432644242,-0.0013705533853988609,0.04358446315978404
patient_Br5292,spatial_knn,0,PLAC1,0.038418164355436886,0.05856288082759149,0.02818757522786594
patient_Br5292,spatial_knn,0,TNC,0.0036190944012004186,0.009437391432520134,0.17763264137374818
patient_Br5292,spatial_knn,0,INTS3,0.012336810417632472,0.015032691235641785,0.5594534272131523
patient_Br5292,spatial_knn,0,ZFP36L1,0.0013981622434571523,0.0025734088704247606,0.5766979715960951
patient_Br5292,spatial_knn,0,PSD2-AS1,-0.0011413808620695741,-0.0015222529615109952,0.043547354119024134
patient_Br5292,spatial_knn,0,CU634019.6,0.0021640100518247884,0.010958537564800986,0.05508922536318655
patient_Br5292,spatial_knn,0,MYBL2,-0.0018025867008174981,0.0041719585282829486,0.09973339230033139
patient_Br5292,spatial_knn,0,GDPD3,0.006948767958897821,0.0006306530433996217,0.13339790986703562
patient_Br5292,spatial_knn,0,CDHR5,-0.000208102330298843,-0.00026026775759067764,0.012705771282052827
patient_Br5292,spatial_knn,0,CST7,0.016900264857328314,0.0059905322809655,0.07615585928965977
patient_Br5292,spatial_knn,0,TXK,-0.0008043152413442488,-0.0013024460215086318,0.028973810145630583
patient_Br5292,spatial_knn,0,AC125807.2,-0.0005662635922759024,-0.0007030401661212227,0.02606640490854562
patient_Br5292,spatial_knn,0,HRK,0.007251164424620125,0.02127646863085943,0.28146875192233295
patient_Br5292,spatial_knn,0,AL132780.2,-0.0013294358895892433,-0.0016820333189345317,0.03533428172265569
patient_Br5292,spatial_knn,0,BPI,,,0.010489974182574859
patient_Br5292,spatial_knn,0,GALNT5,0.010907602531013407,0.02767575821837036,0.16611032195197536
patient_Br5292,spatial_knn,0,TAT,0.060722465319091784,0.05487841584495619,0.030126188722129403
patient_Br5292,spatial_knn,0,EXOC3L4,-0.0014969819876507033,-0.0020533877092133216,0.038651639390320916
patient_Br5292,spatial_knn,0,TJP1,0.01537977067663123,0.010922140344578677,0.6078084020396796
patient_Br5292,spatial_knn,0,PNMA3,0.005215502453621198,0.009188967068061998,0.5410449761527676
patient_Br5292,spatial_knn,0,SLC22A8,-0.00034028276028192565,-0.00048125853167318386,0.018178909435093614
patient_Br5292,spatial_knn,0,PALM2-AKAP2,-0.00045863061372175036,-0.0005322934435986186,0.027795234750596837
patient_Br5292,spatial_knn,0,HMGN1,0.021328911825827895,0.023292768681561882,0.6418046002842337
patient_Br5292,spatial_knn,0,AC004594.1,,,0.004969714451968407
patient_Br5292,spatial_knn,0,F3,0.004809322625688212,0.009140019965678283,0.5644368931069582
patient_Br5292,spatial_knn,0,PSME2,0.018381852386171574,0.02574136489571923,0.5885390285229251
patient_Br5292,spatial_knn,0,FOXP3,0.006229589029777674,0.008647269689833034,0.06673434962740404
patient_Br5292,spatial_knn,0,AC113414.1,-0.0006248400035101342,-0.0008834366002310508,0.026779681583841117
patient_Br5292,spatial_knn,0,CHI3L2,0.012828382624906225,0.0013038715632673343,0.09984169349445919
patient_Br5292,spatial_knn,0,HOXC-AS1,0.0069864325800074335,0.010810148310983514,0.07438377872883142
patient_Br5292,spatial_knn,0,RBM15B,0.0013627372689302255,0.003529408456579869,0.4799689886550549
patient_Br5292,spatial_knn,0,AC087762.1,,,0.0036499878656012963
patient_Br5292,spatial_knn,0,EDA2R,0.014314208921197152,0.01703291633619714,0.046200987018780004
patient_Br5292,spatial_knn,0,AC012354.1,-0.0001442995633673072,-0.0002218770756611508,0.02875857452290862
patient_Br5292,spatial_knn,0,DEFB134,-0.0006220452140246712,-0.0008010107062518607,0.028120297006787295
patient_Br5292,spatial_knn,0,APLNR,0.013093278586854882,0.01474192584521317,0.3079662754410885
patient_Br5292,spatial_knn,0,IFNG,-0.0004534983084163151,-0.0005208677710333887,0.024178769742306896
patient_Br5292,spatial_knn,0,APOBEC3F,-0.00518714455061616,-0.006946684160516768,0.06758635583432683
patient_Br5292,spatial_knn,0,AC025164.1,-0.0037632601122980073,-0.002235564021601598,0.07743346511724371
patient_Br5292,spatial_knn,0,CAPN9,0.0005862521580819637,0.0048991404114035976,0.08419811772078716
patient_Br5292,spatial_knn,0,AP001360.1,-0.0025327675056509187,-0.003550436065619762,0.04552600376356264
patient_Br5292,spatial_knn,0,AC133644.2,-0.001373310615676109,-0.0019176727946411795,0.049117381241128306
patient_Br5292,spatial_knn,0,FXYD3,0.09945789406709288,0.11315002629401057,0.6071536954550586
patient_Br5292,spatial_knn,0,PAPOLB,,,0.006039997023155922
patient_Br5292,spatial_knn,0,TSPO,0.021929434890660036,0.026000607604610152,0.6213932396504168
patient_Br5292,spatial_knn,0,CLEC4F,-0.0003393408945520757,-0.00044404965356396333,0.026196933543420245
patient_Br5292,spatial_knn,0,AC009093.4,-0.0012799716400254866,-0.0016017388743681678,0.042416686479073054
patient_Br5292,spatial_knn,0,AC019077.1,-0.002392986400207704,-0.002943399099589471,0.053678985277689176
patient_Br5292,spatial_knn,0,ICAM3,-0.0052716192859759885,-0.0035721763284375916,0.1862323382561023
patient_Br5292,spatial_knn,0,LRRC3,-0.0036742908289432792,-0.005348766339677327,0.05240492467267977
patient_Br5292,spatial_knn,0,MTA1,-0.0033065782743077594,-0.00467691343221683,0.4748231335868234
patient_Br5292,spatial_knn,0,AC015712.4,-0.0009733122712271104,-0.0011234135941104336,0.029962582212822997
patient_Br5292,spatial_knn,0,CEP55,0.002576341603012301,0.008399953710104671,0.06115982552114641
patient_Br5292,spatial_knn,0,HIST1H1D,-0.0008620411408239293,-0.0010617402835605561,0.03301906380138626
patient_Br5292,spatial_knn,0,AC003986.2,-0.000433486702591104,-0.0005553393693054431,0.02522709354908941
patient_Br5292,spatial_knn,0,RIF1,-0.0008277590407388645,0.0016938245522058692,0.42980823328396567
patient_Br5292,spatial_knn,0,C1orf116,-0.00756165440243301,-0.008044329240618264,0.09671602910408408
patient_Br5292,spatial_knn,0,TMEM270,-0.0006205608595137281,-0.0008824308825977284,0.030433477016286667
patient_Br5292,spatial_knn,0,AL078639.1,0.06943448096551207,0.06758294115671683,0.5556212277498803
patient_Br5292,spatial_knn,0,LINC00607,-0.0017176569386369387,-0.002291047095536658,0.04231900669876885
patient_Br5292,spatial_knn,0,AC010267.1,0.0,,0.015987654603712282
patient_Br5292,spatial_knn,0,AC103855.1,,,0.006288851690386234
patient_Br5292,spatial_knn,0,HEPACAM,0.016922391890667063,0.013034098666985986,0.7337475826277938
patient_Br5292,spatial_knn,0,CLCF1,-0.005128063594307872,-0.006785646710977715,0.06750815482331254
patient_Br5292,spatial_knn,0,RARRES3,0.06131038617428104,0.0726969331146407,0.5958018831331247
patient_Br5292,spatial_knn,0,SIRPB2,-0.00035918536645426747,-0.0004078290778577964,0.01730730669344323
patient_Br5292,spatial_knn,0,CCL26,-0.0007199408380390265,-0.0008869042441316559,0.030479803394481093
patient_Br5292,spatial_knn,0,SCGB2A1,0.12873107170133305,0.1614845304735886,0.514348039367898
patient_Br5292,spatial_knn,0,AL162408.1,0.0,,0.015561135224151095
patient_Br5292,spatial_knn,0,AC018754.1,-0.002134750831785736,-0.0029443665570637193,0.048921601658325056
patient_Br5292,spatial_knn,0,AF165147.1,-0.0005886925039749655,-0.0008547410626645952,0.02629186821928614
patient_Br5292,spatial_knn,0,ART4,-0.0004282546235837359,-0.0005149005127049794,0.01660319667614368
patient_Br5292,spatial_knn,0,Z82214.2,0.037437932000338736,0.06698956299448892,0.08989605085145182
patient_Br5292,spatial_knn,0,RCC1,-0.015440396384994136,-0.01132256012010717,0.19047291116985335
patient_Br5292,spatial_knn,0,MS4A1,0.040757842935518526,0.06901746581279154,0.04608567199085882
patient_Br5292,spatial_knn,0,LDB2,0.020385957589579968,0.027768262144896323,0.7451686049384216
patient_Br5292,spatial_knn,0,AC025682.1,-0.0023658684386290325,-0.0034456989723086777,0.048868635475663565
patient_Br5292,spatial_knn,0,AC061992.1,0.04485379152397467,0.028617332148802688,0.037274815222310305
patient_Br5292,spatial_knn,0,AC012360.3,0.019565560333257268,0.003208462395773427,0.08967019064737412
patient_Br5292,spatial_knn,0,GATA2-AS1,-0.0034630604394525932,-0.004488268138479235,0.06072862467812667
patient_Br5292,spatial_knn,0,AP000238.1,-0.0007693231580224577,-0.0010012498087786886,0.025230369452308537
patient_Br5292,spatial_knn,0,ZNF670-ZNF695,-0.00016383491678834068,-0.00018398095711004626,0.016104387273995144
patient_Br5292,spatial_knn,0,AC097381.3,-0.0006163260052568282,-0.0008021236203222527,0.01940943353878506
patient_Br5292,spatial_knn,0,ALKAL1,-0.0021195210633166623,-0.0031126579572873033,0.057082172763891784
patient_Br5292,spatial_knn,0,ITIH6,-0.000589385818206368,-0.0007532571270426834,0.026872812622348793
patient_Br5292,spatial_knn,0,AC040162.1,0.0030736760618120325,0.0008052456656834421,0.1319843520005456
patient_Br5292,spatial_knn,0,MFAP2,0.009777328376001454,0.01648209929151558,0.18563908819951214
patient_Br5292,spatial_knn,0,HOXA10,0.018845108547335097,0.03938387399689372,0.05063630807119927
patient_Br5292,spatial_knn,0,IRX2,0.05592376922478895,0.07642027464943496,0.3373782276802514
patient_Br5292,spatial_knn,0,AC010457.1,0.011915774050676533,0.03178696316179251,0.03390305339164084
patient_Br5292,spatial_knn,0,ASPN,0.008645341843572353,0.012349279665246446,0.188445021169949
patient_Br5292,spatial_knn,0,DDR1,0.01986439465341628,0.026655450172975718,0.7113560208764216
patient_Br5292,spatial_knn,0,MRE11,0.00798085915027931,0.0020307235872010867,0.2095596302379342
patient_Br5292,spatial_knn,0,PLA1A,-0.003789073697401023,-0.005655135286640787,0.06450084466340823
patient_Br5292,spatial_knn,0,RPEL1,-0.0018133743252278234,-0.0024855532164585205,0.03502617467993528
patient_Br5595,pca_ridge,0,SCGB2A2,0.27077548246401434,0.2561012926609818,1.4687247276306152
patient_Br5595,pca_ridge,0,SCGB1D2,0.2118265333173192,0.20465605984721047,1.1531413793563843
patient_Br5595,pca_ridge,0,MBP,0.30739091288783726,0.3227438224101294,0.9410426616668701
patient_Br5595,pca_ridge,0,GFAP,0.24649101149674427,0.24013759381497743,1.0390777587890625
patient_Br5595,pca_ridge,0,PLP1,0.31726073987044673,0.30479838686938077,1.058010220527649
patient_Br5595,pca_ridge,0,SAA1,0.08699491463350649,0.10424828746055782,0.8486455082893372
patient_Br5595,pca_ridge,0,MGP,0.10813236648500368,0.10030695158535391,1.0126034021377563
patient_Br5595,pca_ridge,0,IGKC,0.08899047242890504,0.07226350250366909,0.9725004434585571
patient_Br5595,pca_ridge,0,FABP4,0.10904299728110181,0.11410941017457042,0.7574800848960876
patient_Br5595,pca_ridge,0,MOBP,0.17062675381702225,0.17027553075813018,0.7096177935600281
patient_Br5595,pca_ridge,0,HBB,0.08119346814089892,0.07750273065264454,0.7280232310295105
patient_Br5595,pca_ridge,0,NEFL,0.43178881346549275,0.34142536239336824,0.8523797392845154
patient_Br5595,pca_ridge,0,TF,0.21889276874279867,0.21085803138188366,0.7919701933860779
patient_Br5595,pca_ridge,0,IGHG3,0.022063422674338452,0.01766309911421392,0.45307743549346924
patient_Br5595,pca_ridge,0,CNP,0.21870621250763636,0.20269055824136653,0.9321861267089844
patient_Br5595,pca_ridge,0,CPB1,0.029393033480159633,0.0289995763898494,0.4049166440963745
patient_Br5595,pca_ridge,0,CRYAB,0.2256831807146639,0.2160872568584736,0.9647355079650879
patient_Br5595,pca_ridge,0,IGHA1,0.07598178250357522,0.06471578116338036,0.6078179478645325
patient_Br5595,pca_ridge,0,KRT8,0.25810479780906403,0.18737776596751857,0.8346924185752869
patient_Br5595,pca_ridge,0,MUC1,0.23181516486011206,0.20901485017856483,0.9008907079696655
patient_Br5595,pca_ridge,0,KRT19,0.21086181581584024,0.16975277058288496,0.9424715042114258
patient_Br5595,pca_ridge,0,IGLC2,0.053620596127171335,0.04178070937680229,0.6499031186103821
patient_Br5595,pca_ridge,0,TFF1,0.10484112875887319,0.12509250247369444,0.7692807912826538
patient_Br5595,pca_ridge,0,MAG,0.17176664646023024,0.16601352686556298,0.6243778467178345
patient_Br5595,pca_ridge,0,ERMN,0.14450750977157023,0.14259178523187702,0.5288625955581665
patient_Br5595,pca_ridge,0,CLDN11,0.14446124510459457,0.14171244970112287,0.5646860003471375
patient_Br5595,pca_ridge,0,CLDND1,0.19312103604304448,0.1900745804608883,0.7788170576095581
patient_Br5595,pca_ridge,0,SPP1,0.18913031282419307,0.18640669300465043,0.6418859958648682
patient_Br5595,pca_ridge,0,PPP1R14A,0.15516133765570117,0.15231460083133322,0.7192357778549194
patient_Br5595,pca_ridge,0,S100B,0.11469935622485664,0.12702853260968183,0.9539697766304016
patient_Br5595,pca_ridge,0,MOG,0.13447482696454588,0.13267191905425393,0.4379065930843353
patient_Br5595,pca_ridge,0,MALAT1,0.1166217990684664,0.12155382987884197,1.0983976125717163
patient_Br5595,pca_ridge,0,CARNS1,0.1354484305555908,0.1386423174360401,0.46115759015083313
patient_Br5595,pca_ridge,0,IGHG4,0.015743554672897876,0.017394692037468358,0.4300232231616974
patient_Br5595,pca_ridge,0,KRT18,0.21268100047666905,0.16496498614770658,0.7574267387390137
patient_Br5595,pca_ridge,0,BCAS1,0.09338430967986627,0.10130262363689825,0.5961097478866577
patient_Br5595,pca_ridge,0,PTGDS,0.10386469225988237,0.13797062752790695,0.8706858158111572
patient_Br5595,pca_ridge,0,SAA2,0.061634058706676695,0.06978210812371385,0.3833480477333069
patient_Br5595,pca_ridge,0,SEPT4,0.1528699969395182,0.16283706942447831,0.7808131575584412
patient_Br5595,pca_ridge,0,TFF3,0.1377914279001484,0.1371512312133766,0.7943987846374512
patient_Br5595,pca_ridge,0,HPCAL1,0.15712684600514404,0.16256467471890218,0.8633512258529663
patient_Br5595,pca_ridge,0,S100A11,0.2526116353550557,0.1879378002248068,0.809439480304718
patient_Br5595,pca_ridge,0,ALB,0.00206777604483382,0.0004806131779596614,0.12509047985076904
patient_Br5595,pca_ridge,0,RNASE1,0.1646745000368448,0.16348852589386256,0.7781537175178528
patient_Br5595,pca_ridge,0,TMEM144,0.1266718462504233,0.13236166490544746,0.47984591126441956
patient_Br5595,pca_ridge,0,ENPP2,0.13867135845401157,0.1416274720193901,0.5554227828979492
patient_Br5595,pca_ridge,0,MAL,0.1248138655470987,0.12655852379900356,0.5924041867256165
patient_Br5595,pca_ridge,0,NKX6-2,0.09138647736275325,0.09805990816042295,0.41060346364974976
patient_Br5595,pca_ridge,0,HSPA2,0.11692498063601611,0.11333122194791935,0.5089098215103149
patient_Br5595,pca_ridge,0,G0S2,0.07772276153001113,0.07723644141540076,0.4659704566001892
patient_Br5595,pca_ridge,0,DAPP1,0.012837917863143082,0.01250713988482926,0.06639592349529266
patient_Br5595,pca_ridge,0,AC005837.3,0.011453338609827777,0.010771415543539772,0.030841069296002388
patient_Br5595,pca_ridge,0,DTHD1,0.014118213433246473,0.006265635539532872,0.02842172235250473
patient_Br5595,pca_ridge,0,HOXA5,0.012287719047565508,0.009497851408229447,0.04322141408920288
patient_Br5595,pca_ridge,0,Z82188.2,-0.004720790450363013,-0.005333587503460578,0.019115466624498367
patient_Br5595,pca_ridge,0,PLAC1,-0.017000762111110342,-0.017601597525768026,0.017092779278755188
patient_Br5595,pca_ridge,0,TNC,0.026502494578631765,0.02468565627078493,0.13241441547870636
patient_Br5595,pca_ridge,0,INTS3,0.07922144549497948,0.1276817749969443,0.49769580364227295
patient_Br5595,pca_ridge,0,ZFP36L1,0.039560698601247474,0.02906121499304545,0.46549075841903687
patient_Br5595,pca_ridge,0,PSD2-AS1,-0.006232350656957528,-0.006299953395377337,0.011438487097620964
patient_Br5595,pca_ridge,0,CU634019.6,-0.0014623731363086097,0.0012836515051461335,0.048001084476709366
patient_Br5595,pca_ridge,0,MYBL2,0.00360229021898132,0.006585832430644484,0.06995166838169098
patient_Br5595,pca_ridge,0,GDPD3,0.0014926552412871212,0.0025625131834358596,0.09565123915672302
patient_Br5595,pca_ridge,0,CDHR5,-0.036187874543103064,-0.014009670009647033,0.02125415951013565
patient_Br5595,pca_ridge,0,CST7,0.0035868265641946697,0.004585962062949253,0.06801237910985947
patient_Br5595,pca_ridge,0,TXK,-0.0032234225371254427,-0.00019179897866769194,0.03662401810288429
patient_Br5595,pca_ridge,0,AC125807.2,-0.001453787357665327,-0.0020138314446514205,0.014463910833001137
patient_Br5595,pca_ridge,0,HRK,0.08484990860978572,0.1170345107753118,0.2634485065937042
patient_Br5595,pca_ridge,0,AL132780.2,-0.0010797198573149203,-0.0015498715912599843,0.023303044959902763
patient_Br5595,pca_ridge,0,BPI,-0.00327312341828956,-0.003101038425501022,0.03221764788031578
patient_Br5595,pca_ridge,0,GALNT5,0.021347396653596824,0.027550099063854926,0.12287574261426926
patient_Br5595,pca_ridge,0,TAT,-0.0099871595570446,-0.011850892134404935,0.021816635504364967
patient_Br5595,pca_ridge,0,EXOC3L4,-0.0033293403181893977,0.0016066102329379704,0.03145136684179306
patient_Br5595,pca_ridge,0,TJP1,0.057491866016197005,0.08361864235444737,0.5128713846206665
patient_Br5595,pca_ridge,0,PNMA3,0.13818270328955368,0.1857061763283428,0.5157698392868042
patient_Br5595,pca_ridge,0,SLC22A8,0.02085052032350144,0.009355128205074543,0.027929063886404037
patient_Br5595,pca_ridge,0,PALM2-AKAP2,-0.004618858401235478,-0.006133527581934556,0.012439607642591
patient_Br5595,pca_ridge,0,HMGN1,0.05266760706013215,0.0836203306180551,0.5540121793746948
patient_Br5595,pca_ridge,0,AC004594.1,0.0,,0.02180638536810875
patient_Br5595,pca_ridge,0,F3,0.058655237190961634,0.054113724351193805,0.5032533407211304
patient_Br5595,pca_ridge,0,PSME2,0.04931597810272215,0.09018504241329056,0.5069453716278076
patient_Br5595,pca_ridge,0,FOXP3,0.0038503360378579817,-0.00020555465113601765,0.057981979101896286
patient_Br5595,pca_ridge,0,AC113414.1,0.006926939630052861,0.0010683849831699182,0.0302475206553936
patient_Br5595,pca_ridge,0,CHI3L2,0.008155097902396326,0.010405257693034718,0.06762363016605377
patient_Br5595,pca_ridge,0,HOXC-AS1,0.002487635115183382,2.7936524694160263e-05,0.05097790062427521
patient_Br5595,pca_ridge,0,RBM15B,0.07301251360041791,0.12115280082819574,0.4220062792301178
patient_Br5595,pca_ridge,0,AC087762.1,,,0.0006382718565873802
patient_Br5595,pca_ridge,0,EDA2R,-0.002456149527896437,-0.002250432481842072,0.030847715213894844
patient_Br5595,pca_ridge,0,AC012354.1,,,0.001533043454401195
patient_Br5595,pca_ridge,0,DEFB134,0.0021552192404248375,0.0029379697952598618,0.007710311561822891
patient_Br5595,pca_ridge,0,APLNR,0.039471659096070776,0.01443984216760604,0.17631667852401733
patient_Br5595,pca_ridge,0,IFNG,-0.0018095634199195995,-0.002270624394020037,0.008961770683526993
patient_Br5595,pca_ridge,0,APOBEC3F,0.01115338216351834,0.01000265454302712,0.05591761693358421
patient_Br5595,pca_ridge,0,AC025164.1,-0.0021597414366136486,-0.0033908621323922254,0.06948598474264145
patient_Br5595,pca_ridge,0,CAPN9,-0.009546546007031021,-0.011214538381728959,0.07211831212043762
patient_Br5595,pca_ridge,0,AP001360.1,-0.006539591052089982,0.0009764518442373737,0.044544558972120285
patient_Br5595,pca_ridge,0,AC133644.2,-0.004462006539702992,-0.0038799919773572066,0.01856735721230507
patient_Br5595,pca_ridge,0,FXYD3,0.12931201597030467,0.11326189716268767,0.49431246519088745
patient_Br5595,pca_ridge,0,PAPOLB,-0.007098904839239836,-0.007772439086942464,0.025227408856153488
patient_Br5595,pca_ridge,0,TSPO,0.06020680480458704,0.04323205809832291,0.5071571469306946
patient_Br5595,pca_ridge,0,CLEC4F,0.010205646138090559,0.011230286415487624,0.020882315933704376
patient_Br5595,pca_ridge,0,AC009093.4,-0.00537953497783209,-0.007891059560905075,0.010230914689600468
patient_Br5595,pca_ridge,0,AC019077.1,-0.009524978608871668,-0.0026522917214816407,0.03170529380440712
patient_Br5595,pca_ridge,0,ICAM3,5.051823493462107e-05,0.001221617188133535,0.16174545884132385
patient_Br5595,pca_ridge,0,LRRC3,-0.003907452024227012,-0.0003247490226849041,0.061668358743190765
patient_Br5595,pca_ridge,0,MTA1,0.04877376431779237,0.09555457951530374,0.41878727078437805
patient_Br5595,pca_ridge,0,AC015712.4,-0.008552311472472788,-0.009968921730330836,0.019926806911826134
patient_Br5595,pca_ridge,0,CEP55,-0.008027079402270489,-0.006886491224594209,0.05356765538454056
patient_Br5595,pca_ridge,0,HIST1H1D,0.008848536553609197,0.0067794224498527195,0.012909110635519028
patient_Br5595,pca_ridge,0,AC003986.2,-0.007268036838917594,-0.007589216765117789,0.030815986916422844
patient_Br5595,pca_ridge,0,RIF1,0.04691594344601463,0.10142095033217946,0.3901529312133789
patient_Br5595,pca_ridge,0,C1orf116,-0.003948700433585926,0.002424949203909725,0.08622055500745773
patient_Br5595,pca_ridge,0,TMEM270,,,0.0014987230533733964
patient_Br5595,pca_ridge,0,AL078639.1,0.05302422264994473,0.02166479985998096,0.5267660021781921
patient_Br5595,pca_ridge,0,LINC00607,0.011682560297994677,0.011399772078765493,0.03707365691661835
patient_Br5595,pca_ridge,0,AC010267.1,,,0.000692174187861383
patient_Br5595,pca_ridge,0,AC103855.1,-0.0037768548011724743,-0.0047090018216028795,0.009073717519640923
patient_Br5595,pca_ridge,0,HEPACAM,0.049504031620127245,0.0569917338578744,0.6199932098388672
patient_Br5595,pca_ridge,0,CLCF1,-0.008350131162539843,-0.008365996257675432,0.05415621027350426
patient_Br5595,pca_ridge,0,RARRES3,0.0862042656184395,0.07327113514294395,0.4748944044113159
patient_Br5595,pca_ridge,0,SIRPB2,0.01193514563081359,0.014677768407293604,0.025804629549384117
patient_Br5595,pca_ridge,0,CCL26,-0.00456312644563524,-0.006029776569130474,0.04380887374281883
patient_Br5595,pca_ridge,0,SCGB2A1,0.06854575859946942,0.07737772011046917,0.43172934651374817
patient_Br5595,pca_ridge,0,AL162408.1,,,0.0006340051186271012
patient_Br5595,pca_ridge,0,AC018754.1,-0.010979861828211793,-0.013419695283519582,0.028313856571912766
patient_Br5595,pca_ridge,0,AF165147.1,-0.014321535243216508,-0.012676832132568176,0.026946716010570526
patient_Br5595,pca_ridge,0,ART4,0.0025562949377066243,0.0035961483640454595,0.011793477460741997
patient_Br5595,pca_ridge,0,Z82214.2,0.02719880761655811,0.02040984938692712,0.066156767308712
patient_Br5595,pca_ridge,0,RCC1,0.007044573387086347,0.006838033717196092,0.161641925573349
patient_Br5595,pca_ridge,0,MS4A1,0.009377292813686754,0.006781688126104231,0.03216137737035751
patient_Br5595,pca_ridge,0,LDB2,0.16081830717958995,0.19407540490534694,0.6361329555511475
patient_Br5595,pca_ridge,0,AC025682.1,-0.0057187691084458585,-0.00825829893052173,0.0526544414460659
patient_Br5595,pca_ridge,0,AC061992.1,-0.006408754655761354,-0.005746451504751898,0.029054900631308556
patient_Br5595,pca_ridge,0,AC012360.3,0.01560278429878273,0.01951725747001916,0.09052328765392303
patient_Br5595,pca_ridge,0,GATA2-AS1,-0.0193404449950851,-0.006793596622779265,0.04245564714074135
patient_Br5595,pca_ridge,0,AP000238.1,0.013758777712150875,0.0068506806162322905,0.02472485788166523
patient_Br5595,pca_ridge,0,ZNF670-ZNF695,,,0.00012389880430418998
patient_Br5595,pca_ridge,0,AC097381.3,-0.013511223468436747,-0.012847315656952376,0.008637676015496254
patient_Br5595,pca_ridge,0,ALKAL1,-0.020884675109906867,-0.018269715553968,0.04156650975346565
patient_Br5595,pca_ridge,0,ITIH6,0.00714790912230896,0.009055913762042992,0.011487005278468132
patient_Br5595,pca_ridge,0,AC040162.1,0.00021032205925214376,0.008779872159198145,0.11224471032619476
patient_Br5595,pca_ridge,0,MFAP2,0.03315357639163771,0.025801280304819846,0.14903801679611206
patient_Br5595,pca_ridge,0,HOXA10,0.006928705327457659,0.005260905437806624,0.059408038854599
patient_Br5595,pca_ridge,0,IRX2,0.09167623143451209,0.08510081102202925,0.2785443067550659
patient_Br5595,pca_ridge,0,AC010457.1,-0.007466208727201221,-0.0039049420596309324,0.02566477842628956
patient_Br5595,pca_ridge,0,ASPN,0.025103290993130828,0.02232454239216604,0.15773877501487732
patient_Br5595,pca_ridge,0,DDR1,0.06222790330535993,0.0648277399874603,0.5926788449287415
patient_Br5595,pca_ridge,0,MRE11,0.00810971748973793,0.029493182740746474,0.1817764937877655
patient_Br5595,pca_ridge,0,PLA1A,-0.008878512330221707,-0.005561125610536742,0.07130097597837448
patient_Br5595,pca_ridge,0,RPEL1,0.013288645442799904,0.017542316277730834,0.04291432350873947
patient_Br5595,spatial_knn,0,SCGB2A2,0.7036975448457253,0.6981982833797697,1.094246517548599
patient_Br5595,spatial_knn,0,SCGB1D2,0.5869129187130102,0.5887475197013656,0.961727891560382
patient_Br5595,spatial_knn,0,MBP,0.38765631427364056,0.427710166781294,1.0602230163665616
patient_Br5595,spatial_knn,0,GFAP,0.09151442428750514,0.07436532696411088,1.2305716464806775
patient_Br5595,spatial_knn,0,PLP1,0.3241176081629882,0.3134410087604952,1.2088345464704606
patient_Br5595,spatial_knn,0,SAA1,0.5130102646838672,0.45859656856312897,0.734643653076463
patient_Br5595,spatial_knn,0,MGP,0.44493501665133484,0.40342435909422153,0.9210830785421216
patient_Br5595,spatial_knn,0,IGKC,0.34111222247160383,0.3312189975855423,0.9423352019470117
patient_Br5595,spatial_knn,0,FABP4,0.4639333321317563,0.4055993809209798,0.6792912569337067
patient_Br5595,spatial_knn,0,MOBP,0.19943825062561182,0.17964875169115763,0.863845135916347
patient_Br5595,spatial_knn,0,HBB,0.30046922469899506,0.24174189580845606,0.7371335153139303
patient_Br5595,spatial_knn,0,NEFL,0.08278336157256957,0.06436555768159524,1.0304008413732302
patient_Br5595,spatial_knn,0,TF,0.17583682578245471,0.17140524207951863,0.9636994384419638
patient_Br5595,spatial_knn,0,IGHG3,0.2655237512498168,0.18129025595029072,0.45404876728786836
patient_Br5595,spatial_knn,0,CNP,0.17328569082994505,0.1568775357483813,1.0842897751337717
patient_Br5595,spatial_knn,0,CPB1,0.3476917774100695,0.3034672783547338,0.3990766659656357
patient_Br5595,spatial_knn,0,CRYAB,0.1740810383783535,0.1513935960648538,1.1004303524108496
patient_Br5595,spatial_knn,0,IGHA1,0.24324821073005592,0.24329372457645637,0.616036644251118
patient_Br5595,spatial_knn,0,KRT8,0.3178797155698374,0.30236879535064476,0.8462661363514707
patient_Br5595,spatial_knn,0,MUC1,0.3141197098007765,0.3230429608442643,0.9008750439504437
patient_Br5595,spatial_knn,0,KRT19,0.28713888264581516,0.2952343684397408,0.9594406662700581
patient_Br5595,spatial_knn,0,IGLC2,0.24579849138294987,0.23486239139064913,0.6540116887320403
patient_Br5595,spatial_knn,0,TFF1,0.3328331926461915,0.33771796979676755,0.7404494777394682
patient_Br5595,spatial_knn,0,MAG,0.12861193180504193,0.1212157072858698,0.7457072655523023
patient_Br5595,spatial_knn,0,ERMN,0.1196048576530046,0.10428585495544915,0.6417631602084198
patient_Br5595,spatial_knn,0,CLDN11,0.11829754944626142,0.11022530582213318,0.6741066238405234
patient_Br5595,spatial_knn,0,CLDND1,0.1491920073289206,0.14224167645459634,0.8917168208124704
patient_Br5595,spatial_knn,0,SPP1,0.14807656545386416,0.1413606360069996,0.7705947376426354
patient_Br5595,spatial_knn,0,PPP1R14A,0.1234867124037562,0.11007759291796727,0.832283089242951
patient_Br5595,spatial_knn,0,S100B,0.06121835677114178,0.049180402164781034,1.0621852929161597
patient_Br5595,spatial_knn,0,MOG,0.08171033046762838,0.08408606580557554,0.5362388566900007
patient_Br5595,spatial_knn,0,MALAT1,0.20292659660757767,0.20481511599135901,1.1255855229853535
patient_Br5595,spatial_knn,0,CARNS1,0.07977205934059622,0.08283921507902069,0.5643670994605772
patient_Br5595,spatial_knn,0,IGHG4,0.19865159430795687,0.150078135570741,0.4394213843551745
patient_Br5595,spatial_knn,0,KRT18,0.23980660722800523,0.23677451635276256,0.7839829353656413
patient_Br5595,spatial_knn,0,BCAS1,0.10603876226888682,0.10415761947473559,0.6757295338969983
patient_Br5595,spatial_knn,0,PTGDS,0.033244256573173356,0.03572730913839932,0.9580048966788578
patient_Br5595,spatial_knn,0,SAA2,0.2562581831163169,0.2601809214675808,0.37878351712832453
patient_Br5595,spatial_knn,0,SEPT4,0.12227217175756622,0.10937999018827187,0.8642988272735334
patient_Br5595,spatial_knn,0,TFF3,0.23080445652382986,0.24858732364245978,0.8061680538141732
patient_Br5595,spatial_knn,0,HPCAL1,0.0771507757368309,0.07416023011932431,0.9287391714816436
patient_Br5595,spatial_knn,0,S100A11,0.2601483530993538,0.2251522815034561,0.8371388046358091
patient_Br5595,spatial_knn,0,ALB,0.2745917174402427,0.12238733673904098,0.13156234018232998
patient_Br5595,spatial_knn,0,RNASE1,0.11159628336424036,0.10425177441734286,0.8697968752512739
patient_Br5595,spatial_knn,0,TMEM144,0.08218469648969033,0.07778383864995903,0.5669228871892754
patient_Br5595,spatial_knn,0,ENPP2,0.0924954252679997,0.08747174234768176,0.6501363162437496
patient_Br5595,spatial_knn,0,MAL,0.08877090553572695,0.09368352821430186,0.6700017346467196
patient_Br5595,spatial_knn,0,NKX6-2,0.0766586929134339,0.0868296889880656,0.4819325747249937
patient_Br5595,spatial_knn,0,HSPA2,0.07730271324650961,0.07033683928430874,0.5963331771417351
patient_Br5595,spatial_knn,0,G0S2,0.2709923858556444,0.24118972280603782,0.45502692266378586
patient_Br5595,spatial_knn,0,DAPP1,0.027352553023018752,-0.0023915266302419603,0.07018746508236753
patient_Br5595,spatial_knn,0,AC005837.3,-0.0008019907562116521,-0.0009723285209121273,0.031301323592805776
patient_Br5595,spatial_knn,0,DTHD1,-0.0005536914214532306,-0.0007781857000541813,0.029294321411627963
patient_Br5595,spatial_knn,0,HOXA5,0.010264245731760536,0.020588244688493764,0.04526251562605724
patient_Br5595,spatial_knn,0,Z82188.2,0.020102988787693923,0.050410038377398096,0.021916758747802936
patient_Br5595,spatial_knn,0,PLAC1,-0.0006269743716156587,-0.00084532890613008,0.01959454024168041
patient_Br5595,spatial_knn,0,TNC,0.014698772419394785,0.012060135800324756,0.1491344335642888
patient_Br5595,spatial_knn,0,INTS3,0.008830258154347044,0.015331516328404366,0.526176299391759
patient_Br5595,spatial_knn,0,ZFP36L1,0.005406594370120674,0.010399242036535247,0.5008364155711358
patient_Br5595,spatial_knn,0,PSD2-AS1,-0.0005653603629277991,-0.0008853627492363655,0.01734342659456359
patient_Br5595,spatial_knn,0,CU634019.6,0.004349766489504709,0.008687709730820753,0.05073316064807263
patient_Br5595,spatial_knn,0,MYBL2,0.005008775427135813,0.00393579161283228,0.07510076659791531
patient_Br5595,spatial_knn,0,GDPD3,0.0036105119664480998,-0.0033282399453950264,0.1028547395572502
patient_Br5595,spatial_knn,0,CDHR5,-0.00020913177070522345,-0.00025353385266134736,0.021611784311148362
patient_Br5595,spatial_knn,0,CST7,-0.0012816891976964058,0.01098523810048872,0.07255177921958855
patient_Br5595,spatial_knn,0,TXK,-0.0017137568060023498,-0.0022744653294428266,0.03765107846127976
patient_Br5595,spatial_knn,0,AC125807.2,-0.000622502252677723,-0.0007533845711034159,0.016438701220757006
patient_Br5595,spatial_knn,0,HRK,0.006487469490392302,0.023769749135585497,0.2787814087031643
patient_Br5595,spatial_knn,0,AL132780.2,-0.001256974998619031,-0.001770263466334427,0.026536405126345555
patient_Br5595,spatial_knn,0,BPI,-0.0004301296800998575,-0.00048103090763730095,0.03227792076777551
patient_Br5595,spatial_knn,0,GALNT5,0.019179189729249597,0.0349131600691918,0.1301827835067708
patient_Br5595,spatial_knn,0,TAT,-0.0008618186569642574,-0.0010735933140084508,0.023098939893064985
patient_Br5595,spatial_knn,0,EXOC3L4,-0.001545163261571364,-0.002061218612833228,0.03341206775859418
patient_Br5595,spatial_knn,0,TJP1,-0.0052583707866935905,0.0011569732021467895,0.5579782206185786
patient_Br5595,spatial_knn,0,PNMA3,0.006037632648813884,0.00997028164245875,0.5476482709729836
patient_Br5595,spatial_knn,0,SLC22A8,-0.0006359493093237347,-0.0009175809289475808,0.028631370638327273
patient_Br5595,spatial_knn,0,PALM2-AKAP2,-0.0003266768185048993,-0.0004296577159978333,0.014176246599809933
patient_Br5595,spatial_knn,0,HMGN1,0.015127169101715751,0.02025641047417674,0.5874624046904883
patient_Br5595,spatial_knn,0,AC004594.1,0.0,,0.021806384824368093
patient_Br5595,spatial_knn,0,F3,0.02002635099816795,0.011801136353025989,0.5303954750051726
patient_Br5595,spatial_knn,0,PSME2,0.013184893355164165,0.025615179900278007,0.5347935029673941
patient_Br5595,spatial_knn,0,FOXP3,-0.003596517372774254,0.001559207706231018,0.06210917211854487
patient_Br5595,spatial_knn,0,AC113414.1,-0.0011601923644653052,-0.0014101460817241504,0.03081105959407465
patient_Br5595,spatial_knn,0,CHI3L2,-0.002859506318645194,7.697604075173799e-05,0.0747895168475411
patient_Br5595,spatial_knn,0,HOXC-AS1,0.009327803453117267,0.006251977882144463,0.05456439154670273
patient_Br5595,spatial_knn,0,RBM15B,0.00450697857879163,0.009313458689152143,0.4458295691650573
patient_Br5595,spatial_knn,0,AC087762.1,,,0.003341171322977601
patient_Br5595,spatial_knn,0,EDA2R,0.02111991828438047,0.027041939653346725,0.03361377775154705
patient_Br5595,spatial_knn,0,AC012354.1,,,0.006245171421495587
patient_Br5595,spatial_knn,0,DEFB134,-0.00041090609632205656,-0.0004905319479762928,0.009881612626418993
patient_Br5595,spatial_knn,0,APLNR,0.0076890032332875245,0.011380111069846141,0.20257331017977784
patient_Br5595,spatial_knn,0,IFNG,-0.00032713990064156746,-0.00039304303074274026,0.010608142362652315
patient_Br5595,spatial_knn,0,APOBEC3F,0.007561154329479653,0.02012554448866429,0.058898681631979866
patient_Br5595,spatial_knn,0,AC025164.1,-0.003348267306849553,-0.0025752633720091513,0.07371498990054955
patient_Br5595,spatial_knn,0,CAPN9,-0.0006623602706222374,0.007616585417440296,0.07615775193666682
patient_Br5595,spatial_knn,0,AP001360.1,-0.0028032057989894094,-0.003857489088431663,0.045964436979146095
patient_Br5595,spatial_knn,0,AC133644.2,-0.0009945940855828773,-0.0013616612557092221,0.0220939593338617
patient_Br5595,spatial_knn,0,FXYD3,0.08880594861184042,0.11029564038384226,0.5235758543261229
patient_Br5595,spatial_knn,0,PAPOLB,-0.000204615730606104,-0.0002776869815137132,0.02538177827364543
patient_Br5595,spatial_knn,0,TSPO,0.019825622040753277,0.014698662650554317,0.5398844079435801
patient_Br5595,spatial_knn,0,CLEC4F,-0.00029654105444319224,-0.0003465406024237345,0.021204801285459762
patient_Br5595,spatial_knn,0,AC009093.4,-0.0007887608703256454,-0.0010304070124102919,0.014134945043557012
patient_Br5595,spatial_knn,0,AC019077.1,-0.0014872227685356226,-0.002533034976332052,0.03636738426834024
patient_Br5595,spatial_knn,0,ICAM3,-0.005338113704129767,-0.00048762833361382226,0.17053128050740168
patient_Br5595,spatial_knn,0,LRRC3,-0.005299637781749832,-0.006957190277877315,0.06349036681501387
patient_Br5595,spatial_knn,0,MTA1,-0.0007038680326712067,0.006039443634148779,0.4446940614207917
patient_Br5595,spatial_knn,0,AC015712.4,-0.0008870782760937424,-0.0011053211664565628,0.021303519956889696
patient_Br5595,spatial_knn,0,CEP55,-0.0025226320379741806,-0.004155136408655246,0.05805053775912918
patient_Br5595,spatial_knn,0,HIST1H1D,0.03081120627061577,0.060634887382796425,0.01639228799121813
patient_Br5595,spatial_knn,0,AC003986.2,-0.0005546333536599271,-0.0006902286372452904,0.031183486587426847
patient_Br5595,spatial_knn,0,RIF1,-0.002866277022045258,-0.0012818616591304276,0.4129963640197922
patient_Br5595,spatial_knn,0,C1orf116,0.0160335740979407,0.00667003634221317,0.08944658346643997
patient_Br5595,spatial_knn,0,TMEM270,,,0.009385619234745821
patient_Br5595,spatial_knn,0,AL078639.1,0.0895560833128411,0.08170409867012637,0.5408671067980652
patient_Br5595,spatial_knn,0,LINC00607,-0.0016322085002391808,-0.002194688666697687,0.03865160545113296
patient_Br5595,spatial_knn,0,AC010267.1,,,0.003271902153529285
patient_Br5595,spatial_knn,0,AC103855.1,-0.00022931610173436523,-0.0003000442111345139,0.011128097524743533
patient_Br5595,spatial_knn,0,HEPACAM,0.005785575551776251,0.007874704181558856,0.6754257255055638
patient_Br5595,spatial_knn,0,CLCF1,-0.004595052442088519,-0.006110655150730757,0.05710970405170757
patient_Br5595,spatial_knn,0,RARRES3,0.06948668296032495,0.0804671299916052,0.5021981727887943
patient_Br5595,spatial_knn,0,SIRPB2,-0.00034786621604393367,-0.0003760268585764663,0.02587544472485948
patient_Br5595,spatial_knn,0,CCL26,-0.0010809775104824292,-0.0013096619487832286,0.04418824377237723
patient_Br5595,spatial_knn,0,SCGB2A1,0.12605792944534977,0.15372880737524364,0.4474934351687551
patient_Br5595,spatial_knn,0,AL162408.1,,,0.006962289705691886
patient_Br5595,spatial_knn,0,AC018754.1,-0.0018094986091118806,-0.0025627979775060218,0.03175685290379187
patient_Br5595,spatial_knn,0,AF165147.1,-0.0005026533405077616,-0.0006999292499829407,0.02787176255047054
patient_Br5595,spatial_knn,0,ART4,-0.00032354384911534794,-0.00037627309441069806,0.013073401224465115
patient_Br5595,spatial_knn,0,Z82214.2,0.03460100205074092,0.05623027799386661,0.06947564139455897
patient_Br5595,spatial_knn,0,RCC1,-0.012461916995063486,-0.014647568648125279,0.1715802725334081
patient_Br5595,spatial_knn,0,MS4A1,0.054268295965644885,0.09783854536351251,0.03772379659697408
patient_Br5595,spatial_knn,0,LDB2,0.017006634617955173,0.019669767929811517,0.6826140583013139
patient_Br5595,spatial_knn,0,AC025682.1,0.0028212492638985316,0.012473139507873326,0.05379300964769878
patient_Br5595,spatial_knn,0,AC061992.1,-0.0009037800727746544,-0.001371240295293466,0.03217936813830137
patient_Br5595,spatial_knn,0,AC012360.3,-0.003465961648010534,-0.0007217609921518153,0.09585267400652113
patient_Br5595,spatial_knn,0,GATA2-AS1,-0.0030250115662386837,-0.0044531975315746835,0.04619265986378332
patient_Br5595,spatial_knn,0,AP000238.1,-0.0006448642498373856,-0.001084378962120623,0.02693532915836719
patient_Br5595,spatial_knn,0,ZNF670-ZNF695,,,0.0009707005412983285
patient_Br5595,spatial_knn,0,AC097381.3,-0.0005642280896115696,-0.0006759862252878849,0.012826405207249807
patient_Br5595,spatial_knn,0,ALKAL1,0.006241418956174107,0.01790480947839472,0.04376351366419164
patient_Br5595,spatial_knn,0,ITIH6,-0.0003036001057668665,-0.0005245381497967233,0.017269016923128475
patient_Br5595,spatial_knn,0,AC040162.1,-0.0028683449773716026,-0.0044905869152962515,0.11791922429744797
patient_Br5595,spatial_knn,0,MFAP2,0.011697917577361966,0.022792090059285,0.1589738228208533
patient_Br5595,spatial_knn,0,HOXA10,0.0066997547450360845,0.008126735068914911,0.06061639822792926
patient_Br5595,spatial_knn,0,IRX2,0.05544184549800681,0.08479672976098045,0.2918029672497741
patient_Br5595,spatial_knn,0,AC010457.1,0.01147752596392621,0.04895880313346468,0.027759668353985606
patient_Br5595,spatial_knn,0,ASPN,0.01125368422727881,0.01821311657858799,0.16660458013874832
patient_Br5595,spatial_knn,0,DDR1,0.021848939133004185,0.030244416978222704,0.64416385463641
patient_Br5595,spatial_knn,0,MRE11,0.005323587452010116,0.007016468882750255,0.19268241487427687
patient_Br5595,spatial_knn,0,PLA1A,-0.004651542587890673,-0.0064742160801763374,0.07382362692148511
patient_Br5595,spatial_knn,0,RPEL1,0.01638627598176095,0.017630690008240444,0.043578598794138446
patient_Br8100,pca_ridge,0,SCGB2A2,0.2968520001295454,0.309241653408188,1.4063966274261475
patient_Br8100,pca_ridge,0,SCGB1D2,0.24012275993997279,0.2572067677508501,1.0928112268447876
patient_Br8100,pca_ridge,0,MBP,0.6578887702434196,0.5635167678863823,1.2243291139602661
patient_Br8100,pca_ridge,0,GFAP,0.6101844147656437,0.5710008827669163,1.0442090034484863
patient_Br8100,pca_ridge,0,PLP1,0.6616990973805696,0.5477322679020349,1.2065372467041016
patient_Br8100,pca_ridge,0,SAA1,-0.0273512109100158,-0.05534460755805107,0.7313666939735413
patient_Br8100,pca_ridge,0,MGP,0.040063451300364816,0.0336432258722983,0.9859100580215454
patient_Br8100,pca_ridge,0,IGKC,0.07674952623529835,0.04682469030574787,1.0171306133270264
patient_Br8100,pca_ridge,0,FABP4,0.019026486987993706,-0.004034643629324626,0.6553183794021606
patient_Br8100,pca_ridge,0,MOBP,0.6273283883865597,0.4784386490156395,0.9781928062438965
patient_Br8100,pca_ridge,0,HBB,0.02503126411638289,0.060969682102377014,0.8854373097419739
patient_Br8100,pca_ridge,0,NEFL,0.47860985012691026,0.43082853797245835,0.8201718330383301
patient_Br8100,pca_ridge,0,TF,0.616920922992821,0.4873246341541152,1.03694748878479
patient_Br8100,pca_ridge,0,IGHG3,0.016507565023038694,0.021183856863244744,0.512580156326294
patient_Br8100,pca_ridge,0,CNP,0.5724778091778391,0.4633899285020037,1.0988351106643677
patient_Br8100,pca_ridge,0,CPB1,0.05191515937217327,0.061862465701028775,0.537079393863678
patient_Br8100,pca_ridge,0,CRYAB,0.6062715209097155,0.4810721698014045,0.9727806448936462
patient_Br8100,pca_ridge,0,IGHA1,0.0734776769298864,0.037496813784890795,0.639596700668335
patient_Br8100,pca_ridge,0,KRT8,0.3305724406522218,0.2823550263423574,0.8366380333900452
patient_Br8100,pca_ridge,0,MUC1,0.25756450405898423,0.25539988900373484,0.873795211315155
patient_Br8100,pca_ridge,0,KRT19,0.25808081104799496,0.2619994538224872,0.9594939351081848
patient_Br8100,pca_ridge,0,IGLC2,0.08169017549865273,0.04507655137934915,0.7071535587310791
patient_Br8100,pca_ridge,0,TFF1,0.12228941881990685,0.1394556941090398,0.736599326133728
patient_Br8100,pca_ridge,0,MAG,0.5755733478066858,0.44436763801263873,0.8643323183059692
patient_Br8100,pca_ridge,0,ERMN,0.5664752738256995,0.4393718135485473,0.7702823281288147
patient_Br8100,pca_ridge,0,CLDN11,0.5694703246679822,0.43866105344058015,0.806005597114563
patient_Br8100,pca_ridge,0,CLDND1,0.5302375775809247,0.44335236142712897,0.9357149004936218
patient_Br8100,pca_ridge,0,SPP1,0.566998193978571,0.4503690002492366,0.9059220552444458
patient_Br8100,pca_ridge,0,PPP1R14A,0.5672674254652721,0.4338400964428358,0.8647790551185608
patient_Br8100,pca_ridge,0,S100B,0.5154524008333845,0.45212243893852355,0.9231060743331909
patient_Br8100,pca_ridge,0,MOG,0.5491904123042821,0.42514023595020256,0.6441488265991211
patient_Br8100,pca_ridge,0,MALAT1,0.15977477356351444,0.21892977135088293,0.9608288407325745
patient_Br8100,pca_ridge,0,CARNS1,0.5328956079248564,0.41560451553533173,0.729690432548523
patient_Br8100,pca_ridge,0,IGHG4,0.040812162762123204,0.04103457604673691,0.4970637857913971
patient_Br8100,pca_ridge,0,KRT18,0.28217185767906583,0.24536724515649497,0.7748512029647827
patient_Br8100,pca_ridge,0,BCAS1,0.47850244759065785,0.39305776303965684,0.7749079465866089
patient_Br8100,pca_ridge,0,PTGDS,0.47878133955817326,0.4488086009393601,0.816836416721344
patient_Br8100,pca_ridge,0,SAA2,0.005856805612939272,0.007290042791748556,0.3128976821899414
patient_Br8100,pca_ridge,0,SEPT4,0.42265423922994616,0.378246148891337,0.8945158123970032
patient_Br8100,pca_ridge,0,TFF3,0.16814388712118578,0.17623635181122485,0.8071137070655823
patient_Br8100,pca_ridge,0,HPCAL1,0.25031792628131233,0.254943996604234,0.8251097798347473
patient_Br8100,pca_ridge,0,S100A11,0.30504124258215426,0.25267860992418406,0.7912652492523193
patient_Br8100,pca_ridge,0,ALB,0.01266689511584662,0.006594519316439575,0.17503538727760315
patient_Br8100,pca_ridge,0,RNASE1,0.509977232122238,0.41203761739162686,0.8803392648696899
patient_Br8100,pca_ridge,0,TMEM144,0.5147716217488647,0.4007305652903061,0.6729432344436646
patient_Br8100,pca_ridge,0,ENPP2,0.49408146641730766,0.38825672317992654,0.7722867131233215
patient_Br8100,pca_ridge,0,MAL,0.49556080297148153,0.3898953010416454,0.7228929996490479
patient_Br8100,pca_ridge,0,NKX6-2,0.47806762958389687,0.3808789747853324,0.6039182543754578
patient_Br8100,pca_ridge,0,HSPA2,0.5119024808255601,0.3954151529464216,0.6831631660461426
patient_Br8100,pca_ridge,0,G0S2,0.01563234329631719,-0.004192172965066431,0.3781900703907013
patient_Br8100,pca_ridge,0,DAPP1,-0.0008689756156098978,-0.0005334110360370641,0.0746263712644577
patient_Br8100,pca_ridge,0,AC005837.3,0.007874704102295663,0.006801101041198167,0.02346167527139187
patient_Br8100,pca_ridge,0,DTHD1,-0.009209181644490185,-0.011240588514118395,0.022408580407500267
patient_Br8100,pca_ridge,0,HOXA5,-0.0031573246601680665,-0.0038154897645120422,0.030410945415496826
patient_Br8100,pca_ridge,0,Z82188.2,0.006612815884321855,0.0023828116854397443,0.022403551265597343
patient_Br8100,pca_ridge,0,PLAC1,0.0011589967095795295,0.0004133255304889017,0.027649562805891037
patient_Br8100,pca_ridge,0,TNC,0.12925511325442438,0.1044476400273958,0.2351667881011963
patient_Br8100,pca_ridge,0,INTS3,0.09230508283822011,0.1608987723159206,0.5004030466079712
patient_Br8100,pca_ridge,0,ZFP36L1,0.15970038974254636,0.1272013789289728,0.5232990980148315
patient_Br8100,pca_ridge,0,PSD2-AS1,-0.002839510987337,-0.002258148303677393,0.022315137088298798
patient_Br8100,pca_ridge,0,CU634019.6,0.011836984213021906,0.013294348218847557,0.059349749237298965
patient_Br8100,pca_ridge,0,MYBL2,-0.005153994817453761,-0.010707750161056996,0.08593672513961792
patient_Br8100,pca_ridge,0,GDPD3,0.008121413021370262,0.006203907248149045,0.11422811448574066
patient_Br8100,pca_ridge,0,CDHR5,-0.014694223244202281,-0.01342103238362448,0.008587250486016273
patient_Br8100,pca_ridge,0,CST7,0.009433075051862697,0.007189854471143274,0.0773918405175209
patient_Br8100,pca_ridge,0,TXK,-0.010196627420191697,-0.003339442805617957,0.036322131752967834
patient_Br8100,pca_ridge,0,AC125807.2,0.022699447610575463,0.01863978890516816,0.02636674791574478
patient_Br8100,pca_ridge,0,HRK,0.07238408461537457,0.11191482505735072,0.27139419317245483
patient_Br8100,pca_ridge,0,AL132780.2,-6.324133948180325e-05,-0.003747733772716339,0.037365395575761795
patient_Br8100,pca_ridge,0,BPI,-0.005244826765161917,-0.007104423844431246,0.012158033438026905
patient_Br8100,pca_ridge,0,GALNT5,0.01733053115845991,0.024125312531105208,0.12994541227817535
patient_Br8100,pca_ridge,0,TAT,0.0015521718683661734,0.00800136223458748,0.028352221474051476
patient_Br8100,pca_ridge,0,EXOC3L4,0.006110466827011366,0.006402424007796723,0.03437437117099762
patient_Br8100,pca_ridge,0,TJP1,0.1819489470784493,0.181336274143903,0.5761792063713074
patient_Br8100,pca_ridge,0,PNMA3,0.17167101289224698,0.23843815741273608,0.5146767497062683
patient_Br8100,pca_ridge,0,SLC22A8,0.0064448436221587226,0.005474012636268919,0.02070370689034462
patient_Br8100,pca_ridge,0,PALM2-AKAP2,0.0007969217885146992,0.0014659602806027933,0.01288574654608965
patient_Br8100,pca_ridge,0,HMGN1,0.10321403690592271,0.1186310958034417,0.5636774301528931
patient_Br8100,pca_ridge,0,AC004594.1,,,0.0008727551903575659
patient_Br8100,pca_ridge,0,F3,0.046540490065773155,0.045118972442510306,0.4891413748264313
patient_Br8100,pca_ridge,0,PSME2,0.05469165184367589,0.0960321391200628,0.50168776512146
patient_Br8100,pca_ridge,0,FOXP3,0.005966667547952255,0.00454501751503171,0.07001880556344986
patient_Br8100,pca_ridge,0,AC113414.1,-0.010503233189717395,-0.01227749168328676,0.026632636785507202
patient_Br8100,pca_ridge,0,CHI3L2,0.022525424486954673,0.02211342185862284,0.09513197839260101
patient_Br8100,pca_ridge,0,HOXC-AS1,0.02875739367460651,0.024545555483520935,0.052859384566545486
patient_Br8100,pca_ridge,0,RBM15B,0.06437493504837599,0.13032334626146716,0.4173506200313568
patient_Br8100,pca_ridge,0,AC087762.1,0.0,,0.017048701643943787
patient_Br8100,pca_ridge,0,EDA2R,0.0027589691401727076,0.0013815599222940095,0.04083072021603584
patient_Br8100,pca_ridge,0,AC012354.1,0.006592242911708564,0.008649869960418298,0.010689249262213707
patient_Br8100,pca_ridge,0,DEFB134,0.008356359218584962,0.007325779365159348,0.02116188406944275
patient_Br8100,pca_ridge,0,APLNR,0.15103997844124342,0.12099192128648259,0.28368568420410156
patient_Br8100,pca_ridge,0,IFNG,0.0017822500412711913,0.003876343922836306,0.016346001997590065
patient_Br8100,pca_ridge,0,APOBEC3F,0.017097406995750145,0.013818763703961802,0.06394227594137192
patient_Br8100,pca_ridge,0,AC025164.1,0.0020751901330977544,-0.0011138544297342636,0.07134052366018295
patient_Br8100,pca_ridge,0,CAPN9,-0.008013326519566127,-0.0057671929463240755,0.08391733467578888
patient_Br8100,pca_ridge,0,AP001360.1,-0.002671898092001394,-3.643674352583161e-05,0.028702804818749428
patient_Br8100,pca_ridge,0,AC133644.2,0.003908129294357089,0.00855198917498852,0.030539700761437416
patient_Br8100,pca_ridge,0,FXYD3,0.17451422968948868,0.13828345569652847,0.5066372752189636
patient_Br8100,pca_ridge,0,PAPOLB,-0.0038345615246699687,-0.005094136513863732,0.01050457265228033
patient_Br8100,pca_ridge,0,TSPO,0.11312110327537805,0.07517577136847367,0.5132504105567932
patient_Br8100,pca_ridge,0,CLEC4F,0.012958202936060516,0.008705276452058422,0.018466513603925705
patient_Br8100,pca_ridge,0,AC009093.4,0.005920923912066097,0.003735604184577191,0.021097511053085327
patient_Br8100,pca_ridge,0,AC019077.1,-0.010411925625898126,-0.009210109040057214,0.03369757533073425
patient_Br8100,pca_ridge,0,ICAM3,0.006113095592872469,0.0032541197218210606,0.1688351333141327
patient_Br8100,pca_ridge,0,LRRC3,0.00011459987909055464,0.0018570109908099864,0.06033683195710182
patient_Br8100,pca_ridge,0,MTA1,0.05892345472528408,0.12128798934330082,0.4434986114501953
patient_Br8100,pca_ridge,0,AC015712.4,-0.00873542817332588,-0.008086746484160778,0.03302356228232384
patient_Br8100,pca_ridge,0,CEP55,-0.018566155308818524,-0.014194253711093351,0.04295281320810318
patient_Br8100,pca_ridge,0,HIST1H1D,0.010706518958026228,0.012472439520785193,0.023533895611763
patient_Br8100,pca_ridge,0,AC003986.2,0.0007449362952186955,0.0024798626063962724,0.015320508740842342
patient_Br8100,pca_ridge,0,RIF1,0.06682803104763269,0.120971577956051,0.4129602611064911
patient_Br8100,pca_ridge,0,C1orf116,-0.006133347036724025,-0.005448365444991541,0.08005126565694809
patient_Br8100,pca_ridge,0,TMEM270,0.00248567037562611,0.0005427157120099164,0.028580449521541595
patient_Br8100,pca_ridge,0,AL078639.1,0.04872151269377934,0.018366238097917396,0.45599713921546936
patient_Br8100,pca_ridge,0,LINC00607,0.019960205730116372,0.01177742551383709,0.03459633141756058
patient_Br8100,pca_ridge,0,AC010267.1,,,0.0006491669337265193
patient_Br8100,pca_ridge,0,AC103855.1,-0.005253622082086918,-0.008236114170075793,0.028767544776201248
patient_Br8100,pca_ridge,0,HEPACAM,0.2637286023919022,0.21256158498172886,0.6896821856498718
patient_Br8100,pca_ridge,0,CLCF1,-0.009980108853351445,-0.008124549487300646,0.05237211659550667
patient_Br8100,pca_ridge,0,RARRES3,0.1557073878281096,0.126479559750821,0.5033798217773438
patient_Br8100,pca_ridge,0,SIRPB2,,,0.0010154560441151261
patient_Br8100,pca_ridge,0,CCL26,-0.0035169478761441653,-0.0030186972397035347,0.014277600683271885
patient_Br8100,pca_ridge,0,SCGB2A1,0.08212107390634599,0.07314688300247642,0.4192943572998047
patient_Br8100,pca_ridge,0,AL162408.1,,,0.0005406957352533937
patient_Br8100,pca_ridge,0,AC018754.1,-0.006567114252165898,-0.0027264251335046945,0.0388626866042614
patient_Br8100,pca_ridge,0,AF165147.1,-0.000134247229438338,-0.0018780147465424228,0.024428902193903923
patient_Br8100,pca_ridge,0,ART4,-0.012376422055110888,-0.004928723179710982,0.022832749411463737
patient_Br8100,pca_ridge,0,Z82214.2,0.06576493080107705,0.0563430962861926,0.07049492001533508
patient_Br8100,pca_ridge,0,RCC1,0.008439927060867242,0.004199853467690177,0.15852953493595123
patient_Br8100,pca_ridge,0,MS4A1,0.018784338432422443,0.016450002965230918,0.06266053020954132
patient_Br8100,pca_ridge,0,LDB2,0.25133527578591786,0.29913988986759654,0.6157519817352295
patient_Br8100,pca_ridge,0,AC025682.1,0.0060242077939059975,0.00789015319390703,0.03260071575641632
patient_Br8100,pca_ridge,0,AC061992.1,0.009101393108082566,0.0062686057207284665,0.03810879960656166
patient_Br8100,pca_ridge,0,AC012360.3,0.0069626335143852126,0.016851157179956548,0.11082825809717178
patient_Br8100,pca_ridge,0,GATA2-AS1,-0.00797177819681806,-0.0137171965239928,0.04831389710307121
patient_Br8100,pca_ridge,0,AP000238.1,0.003605819522361095,-0.0014229296334960025,0.026357246562838554
patient_Br8100,pca_ridge,0,ZNF670-ZNF695,0.0,,0.005726886447519064
patient_Br8100,pca_ridge,0,AC097381.3,-0.015916594693053614,-0.015026154799017708,0.03965286165475845
patient_Br8100,pca_ridge,0,ALKAL1,0.012420489461035774,0.008343237116167773,0.03177611157298088
patient_Br8100,pca_ridge,0,ITIH6,-0.0009349208656735139,0.0010068444706505721,0.026710357517004013
patient_Br8100,pca_ridge,0,AC040162.1,0.002510037864587876,0.008232870918961464,0.10252166539430618
patient_Br8100,pca_ridge,0,MFAP2,0.05784832670804406,0.048615034855614886,0.1662525087594986
patient_Br8100,pca_ridge,0,HOXA10,0.0015204780417558295,-0.001998547852606344,0.03949896618723869
patient_Br8100,pca_ridge,0,IRX2,0.09709794345683571,0.09172663587402642,0.2680986523628235
patient_Br8100,pca_ridge,0,AC010457.1,-0.008074572582691479,-0.006542644898779143,0.024173321202397346
patient_Br8100,pca_ridge,0,ASPN,0.043842547601057526,0.04195480675178502,0.13263152539730072
patient_Br8100,pca_ridge,0,DDR1,0.2577287347050943,0.20281731681765205,0.6930956244468689
patient_Br8100,pca_ridge,0,MRE11,0.02344162107198131,0.04448765852421959,0.19564825296401978
patient_Br8100,pca_ridge,0,PLA1A,-0.002527033107215428,-0.0049835154247206345,0.06069125607609749
patient_Br8100,pca_ridge,0,RPEL1,0.005433697164960666,0.006619088836343066,0.03712807968258858
patient_Br8100,spatial_knn,0,SCGB2A2,0.6664409474590427,0.6537773772543362,1.1167394437099367
patient_Br8100,spatial_knn,0,SCGB1D2,0.5469840440978929,0.5504905605417654,0.9657800676855655
patient_Br8100,spatial_knn,0,MBP,0.6724675119585379,0.5932571636065932,1.2852204769299425
patient_Br8100,spatial_knn,0,GFAP,0.1673237727012126,0.14882926214236744,1.243293128398169
patient_Br8100,spatial_knn,0,PLP1,0.5989422889608573,0.5131307736583142,1.3267777505848808
patient_Br8100,spatial_knn,0,SAA1,0.4568701951797256,0.43497391864656904,0.6883202556076999
patient_Br8100,spatial_knn,0,MGP,0.37114804993055894,0.3504416137827949,0.9426427551969919
patient_Br8100,spatial_knn,0,IGKC,0.3291887773271497,0.3055332236055858,0.9828438337769667
patient_Br8100,spatial_knn,0,FABP4,0.3920924176084722,0.37349395359892273,0.6381029783159891
patient_Br8100,spatial_knn,0,MOBP,0.4864190521331662,0.3713879173482161,1.0239471206839863
patient_Br8100,spatial_knn,0,HBB,0.32763915669172283,0.2401347397812243,0.8462944948811392
patient_Br8100,spatial_knn,0,NEFL,0.04335592047949051,0.03003449506383401,1.0238631830692018
patient_Br8100,spatial_knn,0,TF,0.4241887702313968,0.34785694270827666,1.1277006457669356
patient_Br8100,spatial_knn,0,IGHG3,0.24278252939363665,0.14658243442247818,0.5093216571807653
patient_Br8100,spatial_knn,0,CNP,0.4194684000825021,0.35000386518705323,1.1956735610177338
patient_Br8100,spatial_knn,0,CPB1,0.38255681711753253,0.3502730635582726,0.496949002601194
patient_Br8100,spatial_knn,0,CRYAB,0.40022890344802275,0.3290429592773511,1.078143082831054
patient_Br8100,spatial_knn,0,IGHA1,0.2562433273991862,0.25859297511034995,0.6347849307841292
patient_Br8100,spatial_knn,0,KRT8,0.3265350230053188,0.30433978213261165,0.8513051603309294
patient_Br8100,spatial_knn,0,MUC1,0.26836700085312204,0.2838529302536728,0.9078908700764767
patient_Br8100,spatial_knn,0,KRT19,0.30704964817616026,0.3101896686876787,0.960636367604314
patient_Br8100,spatial_knn,0,IGLC2,0.2503751558780918,0.22306447800966273,0.7002457731779521
patient_Br8100,spatial_knn,0,TFF1,0.2764826122976294,0.2966971669579488,0.7445048391008982
patient_Br8100,spatial_knn,0,MAG,0.3564958130965315,0.2886062700698408,0.9212377766131791
patient_Br8100,spatial_knn,0,ERMN,0.3523303255320798,0.2747329382927468,0.8109369096107859
patient_Br8100,spatial_knn,0,CLDN11,0.3363846869199962,0.259825168262688,0.8559879362107415
patient_Br8100,spatial_knn,0,CLDND1,0.3565735271279149,0.2927829099338827,1.0075040566652056
patient_Br8100,spatial_knn,0,SPP1,0.3675754197397064,0.29687016730563237,0.9622416686526709
patient_Br8100,spatial_knn,0,PPP1R14A,0.3351824508443242,0.2527330107371759,0.9329506010608671
patient_Br8100,spatial_knn,0,S100B,0.1149470102673915,0.08747283589322245,1.0524254362462389
patient_Br8100,spatial_knn,0,MOG,0.2994613161899409,0.23964813094105214,0.6822087728452967
patient_Br8100,spatial_knn,0,MALAT1,0.2027417430108237,0.17390637757971586,0.9917618215451095
patient_Br8100,spatial_knn,0,CARNS1,0.26110502143651515,0.21049535581262208,0.7700132228708204
patient_Br8100,spatial_knn,0,IGHG4,0.21237496638309666,0.12449996062872114,0.49479105903893905
patient_Br8100,spatial_knn,0,KRT18,0.2624468720079691,0.2608723447524556,0.7942931651386715
patient_Br8100,spatial_knn,0,BCAS1,0.30834299484688577,0.24889675856980029,0.8019093953507971
patient_Br8100,spatial_knn,0,PTGDS,0.059377320261015054,0.04686678851269449,0.9438124578976052
patient_Br8100,spatial_knn,0,SAA2,0.2520219531687661,0.27310305321343625,0.3213669884721325
patient_Br8100,spatial_knn,0,SEPT4,0.28827317571000655,0.23633947768648003,0.947825359250841
patient_Br8100,spatial_knn,0,TFF3,0.1971484636441157,0.21940805831201216,0.8349689055702247
patient_Br8100,spatial_knn,0,HPCAL1,0.09317231026555481,0.0953609356692718,0.8957550685648152
patient_Br8100,spatial_knn,0,S100A11,0.2655878364151099,0.23443398270593416,0.8222893318872647
patient_Br8100,spatial_knn,0,ALB,0.30206565690930637,0.19605496691922522,0.1673209046943117
patient_Br8100,spatial_knn,0,RNASE1,0.26305118092329355,0.21597439853918024,0.9506350875577957
patient_Br8100,spatial_knn,0,TMEM144,0.2540976218847475,0.19089115440128507,0.7156020718992383
patient_Br8100,spatial_knn,0,ENPP2,0.26571220567340514,0.20135897891087562,0.8188851489869702
patient_Br8100,spatial_knn,0,MAL,0.2763168244773059,0.22248413460753413,0.7627517818995518
patient_Br8100,spatial_knn,0,NKX6-2,0.25221825166117706,0.2029369140733571,0.629224412114874
patient_Br8100,spatial_knn,0,HSPA2,0.2519463813732348,0.1854652468395118,0.7259013618852952
patient_Br8100,spatial_knn,0,G0S2,0.22133342521326574,0.22871941955526237,0.39674038911299575
patient_Br8100,spatial_knn,0,DAPP1,-0.007478157639521742,-0.010536333899771783,0.07800592177692937
patient_Br8100,spatial_knn,0,AC005837.3,-0.0008489875237143677,-0.0011247951947503114,0.024537772697361657
patient_Br8100,spatial_knn,0,DTHD1,-0.0007832710105176728,-0.0009222497504411993,0.023464133462945846
patient_Br8100,spatial_knn,0,HOXA5,-0.0019060915767540592,-0.0027566972082103606,0.035425171268651266
patient_Br8100,spatial_knn,0,Z82188.2,0.03023553003535728,0.05048243466130956,0.023317012996786724
patient_Br8100,spatial_knn,0,PLAC1,0.06510781905321378,0.06587670932968573,0.02786122068552071
patient_Br8100,spatial_knn,0,TNC,0.005975207286838812,0.01687608251951053,0.2426272564293198
patient_Br8100,spatial_knn,0,INTS3,0.015166769959258973,0.013456892448995306,0.52864668370191
patient_Br8100,spatial_knn,0,ZFP36L1,0.006830690619876861,0.002881292637672215,0.5517481300372186
patient_Br8100,spatial_knn,0,PSD2-AS1,-0.0011385360894816594,-0.0015007259345105647,0.024253460882258476
patient_Br8100,spatial_knn,0,CU634019.6,0.006556583590125754,0.019688876201520548,0.06202658936142983
patient_Br8100,spatial_knn,0,MYBL2,-0.0009717107967693694,0.005449768277640297,0.08942717264359869
patient_Br8100,spatial_knn,0,GDPD3,0.006897561231721892,-0.0013466798012798295,0.11929320024298734
patient_Br8100,spatial_knn,0,CDHR5,-0.00020999673272922202,-0.00026062460769100276,0.010783598081427757
patient_Br8100,spatial_knn,0,CST7,0.023108415685577102,0.011645285768019684,0.07925345797980614
patient_Br8100,spatial_knn,0,TXK,-0.0018379531521433119,-0.002163974681665831,0.03691736475525437
patient_Br8100,spatial_knn,0,AC125807.2,-0.0006376763426976333,-0.0009582297198845472,0.02814736137590005
patient_Br8100,spatial_knn,0,HRK,-0.0015619994625140948,0.012397679312938989,0.2861567379944969
patient_Br8100,spatial_knn,0,AL132780.2,-0.0012132787840366257,-0.001675506679671284,0.03840650252128125
patient_Br8100,spatial_knn,0,BPI,-0.0003013481204583484,-0.00039427446352992583,0.014086834834808265
patient_Br8100,spatial_knn,0,GALNT5,0.013650917642604987,0.034443732727861665,0.13726604017582278
patient_Br8100,spatial_knn,0,TAT,0.01714615908193592,0.06039969482861281,0.0286287161492721
patient_Br8100,spatial_knn,0,EXOC3L4,-0.0016738736687072335,-0.002360771167903231,0.03633571678221342
patient_Br8100,spatial_knn,0,TJP1,0.016114770810585117,0.010056534520119743,0.6118872270006205
patient_Br8100,spatial_knn,0,PNMA3,0.0079033903513855,0.015851575127839395,0.5506506247913496
patient_Br8100,spatial_knn,0,SLC22A8,-0.0008124209902395352,-0.0009736600467426837,0.021562257110437945
patient_Br8100,spatial_knn,0,PALM2-AKAP2,-0.00037556385906901594,-0.00046252111944653277,0.014514119977538617
patient_Br8100,spatial_knn,0,HMGN1,0.014616368126199136,0.022014545346846336,0.5986834682265172
patient_Br8100,spatial_knn,0,AC004594.1,,,0.004804619608513903
patient_Br8100,spatial_knn,0,F3,0.017139153908547117,0.027609581775788244,0.5170534647806988
patient_Br8100,spatial_knn,0,PSME2,0.02837274970251574,0.028585431645902697,0.5297535474483063
patient_Br8100,spatial_knn,0,FOXP3,-0.0015447651761588636,0.0007605379244058631,0.07257985755014751
patient_Br8100,spatial_knn,0,AC113414.1,-0.0012250986005476255,-0.0015915878062901245,0.02813893319182669
patient_Br8100,spatial_knn,0,CHI3L2,0.016560566222893695,0.005880970615630229,0.0981745784842052
patient_Br8100,spatial_knn,0,HOXC-AS1,0.011372176555073492,0.004750442681585178,0.055488578020159794
patient_Br8100,spatial_knn,0,RBM15B,0.0006984270986810223,0.00695888190127412,0.443065558148117
patient_Br8100,spatial_knn,0,AC087762.1,0.0,,0.017048702296119392
patient_Br8100,spatial_knn,0,EDA2R,-0.002229535402380099,-0.003142182181457757,0.04309598642735027
patient_Br8100,spatial_knn,0,AC012354.1,-0.0002029228241230595,-0.00025113541133775605,0.012522672343093254
patient_Br8100,spatial_knn,0,DEFB134,-0.0006548577649528224,-0.0007635357595711235,0.02154114128384254
patient_Br8100,spatial_knn,0,APLNR,0.013861504514293067,0.02302512361173475,0.29623678505489315
patient_Br8100,spatial_knn,0,IFNG,-0.00039355162914092215,-0.0006154750215091753,0.01799369812806607
patient_Br8100,spatial_knn,0,APOBEC3F,0.006008423192075836,0.018083285907937854,0.06632653146943421
patient_Br8100,spatial_knn,0,AC025164.1,-0.0003456366977450612,0.004152666040359824,0.0740737463438573
patient_Br8100,spatial_knn,0,CAPN9,-0.006885682321774668,-0.005823892284315516,0.08713315826818564
patient_Br8100,spatial_knn,0,AP001360.1,-0.002418615480293896,-0.0034999914644746493,0.03241475567497073
patient_Br8100,spatial_knn,0,AC133644.2,-0.0013277341101264703,-0.0018427512817289322,0.03291549510569758
patient_Br8100,spatial_knn,0,FXYD3,0.08358042957758642,0.10833935094623509,0.5367490620853768
patient_Br8100,spatial_knn,0,PAPOLB,-0.0002561337029249067,-0.0002786388297892875,0.011329800265609912
patient_Br8100,spatial_knn,0,TSPO,0.012983184641369761,0.01676731594792286,0.5466267408840123
patient_Br8100,spatial_knn,0,CLEC4F,-0.000302140274230467,-0.0005912880835440863,0.023506179421952354
patient_Br8100,spatial_knn,0,AC009093.4,-0.001347154473159234,-0.00172020529657649,0.025544712185229624
patient_Br8100,spatial_knn,0,AC019077.1,-0.0017731215521064594,-0.002805937226702502,0.037425271563169084
patient_Br8100,spatial_knn,0,ICAM3,-0.006071774072788507,0.003919883673743402,0.17794508551191018
patient_Br8100,spatial_knn,0,LRRC3,-0.00488686986929403,-0.006966689177142261,0.06298710224195567
patient_Br8100,spatial_knn,0,MTA1,0.011318713750016661,0.013167922339925288,0.4649485819507293
patient_Br8100,spatial_knn,0,AC015712.4,-0.001210481346009813,-0.0015002026888138286,0.0343812555283847
patient_Br8100,spatial_knn,0,CEP55,0.005567674307463915,0.011800549257857472,0.045306285642309346
patient_Br8100,spatial_knn,0,HIST1H1D,-0.0008001961199554893,-0.001195997184832509,0.02544955154023159
patient_Br8100,spatial_knn,0,AC003986.2,-0.0006213360823874167,-0.0007919817765456468,0.01827962662452509
patient_Br8100,spatial_knn,0,RIF1,0.00048093441398680493,0.0021589699328176813,0.4349706331411251
patient_Br8100,spatial_knn,0,C1orf116,0.013074540307979388,0.0052711238666149395,0.08440923631627271
patient_Br8100,spatial_knn,0,TMEM270,-0.00077125999761312,-0.0008619130148726199,0.029067818909762486
patient_Br8100,spatial_knn,0,AL078639.1,0.05033270978187318,0.057649090704417386,0.49132212815076715
patient_Br8100,spatial_knn,0,LINC00607,-0.0018507979561828308,-0.002720129120064024,0.037726204526488685
patient_Br8100,spatial_knn,0,AC010267.1,,,0.005972248052656859
patient_Br8100,spatial_knn,0,AC103855.1,-0.000203132949796542,-0.00034119018551426465,0.029024627936326534
patient_Br8100,spatial_knn,0,HEPACAM,0.03180910623182715,0.02361007565941041,0.7362158430548651
patient_Br8100,spatial_knn,0,CLCF1,-0.00524018220640822,-0.006670487646013768,0.05500571148856792
patient_Br8100,spatial_knn,0,RARRES3,0.06693152388668289,0.08713950072868915,0.5299085882200235
patient_Br8100,spatial_knn,0,SIRPB2,,,0.0055070339159740194
patient_Br8100,spatial_knn,0,CCL26,-0.0007475855688494113,-0.0009202842411917473,0.01653223473410008
patient_Br8100,spatial_knn,0,SCGB2A1,0.11917262379797208,0.16335476698687215,0.4366946090015659
patient_Br8100,spatial_knn,0,AL162408.1,,,0.003958157642484018
patient_Br8100,spatial_knn,0,AC018754.1,-0.002628813187783234,-0.0032511744436128968,0.040120849476107445
patient_Br8100,spatial_knn,0,AF165147.1,-0.0006665565451352036,-0.0008036067031616272,0.02499408602224933
patient_Br8100,spatial_knn,0,ART4,-0.00039192050086184703,-0.0004621828722681005,0.023194856334678476
patient_Br8100,spatial_knn,0,Z82214.2,0.006770479342511817,0.01616849898132894,0.07452869842183484
patient_Br8100,spatial_knn,0,RCC1,-0.010208529601940429,-0.016623897271199537,0.1691495776431055
patient_Br8100,spatial_knn,0,MS4A1,0.09629207858557273,0.16301428919305436,0.06257106060654287
patient_Br8100,spatial_knn,0,LDB2,0.030093509490412933,0.03817821660095163,0.6696502583112577
patient_Br8100,spatial_knn,0,AC025682.1,-0.0027795149750779857,-0.0036481822461766327,0.036184032648015944
patient_Br8100,spatial_knn,0,AC061992.1,0.053696574366362715,0.02931448216923075,0.039017429287253186
patient_Br8100,spatial_knn,0,AC012360.3,0.016927819451596444,-0.0019332196250359884,0.11402570117678494
patient_Br8100,spatial_knn,0,GATA2-AS1,-0.0037785711659055,-0.005183282082440342,0.05114454297940295
patient_Br8100,spatial_knn,0,AP000238.1,-0.001040581222931025,-0.0013233583031299287,0.027308402442623655
patient_Br8100,spatial_knn,0,ZNF670-ZNF695,0.0,,0.005726886391833955
patient_Br8100,spatial_knn,0,AC097381.3,-0.000809727432374355,-0.0009855830222376897,0.0397867629258032
patient_Br8100,spatial_knn,0,ALKAL1,0.00637786255720298,0.01850472589843613,0.0352720074142757
patient_Br8100,spatial_knn,0,ITIH6,-0.000562582121827395,-0.0007761840774254572,0.027873061744980266
patient_Br8100,spatial_knn,0,AC040162.1,0.005606440383368999,-0.0037037887021406173,0.10867412260922368
patient_Br8100,spatial_knn,0,MFAP2,0.018862557828296152,0.01875791931352652,0.17341426171813826
patient_Br8100,spatial_knn,0,HOXA10,0.006829392730097143,0.00970570942974637,0.04224230432651229
patient_Br8100,spatial_knn,0,IRX2,0.04698206067213434,0.06958484504947085,0.28443895730022906
patient_Br8100,spatial_knn,0,AC010457.1,-0.0015747546694987358,-0.0019503085607889459,0.025840688929793455
patient_Br8100,spatial_knn,0,ASPN,0.01372990826951348,0.017816755658894082,0.1437647317001488
patient_Br8100,spatial_knn,0,DDR1,0.022519040120778593,0.02519300864662175,0.7357554580949924
patient_Br8100,spatial_knn,0,MRE11,0.012348580744045082,0.022072342621167206,0.2053780509883824
patient_Br8100,spatial_knn,0,PLA1A,-0.005558294295915303,-0.00744483833806724,0.06516641808479395
patient_Br8100,spatial_knn,0,RPEL1,0.02012582337257349,0.021766619379963097,0.03791525108077548
random,pca_ridge,1,SCGB2A2,0.2926803719146951,0.2928841547151211,1.4647314548492432
random,pca_ridge,1,SCGB1D2,0.2452174945825917,0.2370902330628651,1.163573145866394
random,pca_ridge,1,MBP,0.5266719706388532,0.42684534362062826,1.0334469079971313
random,pca_ridge,1,GFAP,0.47890829871476137,0.42386414493463814,1.0628541707992554
random,pca_ridge,1,PLP1,0.525764709220603,0.3980038298759521,1.0894036293029785
random,pca_ridge,1,SAA1,0.14335387140319855,0.11567600356765874,0.8460637927055359
random,pca_ridge,1,MGP,0.16730967877835143,0.15192603846560332,1.0456310510635376
random,pca_ridge,1,IGKC,0.09403211897560305,0.07646063423043148,1.037721037864685
random,pca_ridge,1,FABP4,0.12516065413007268,0.08793517193777187,0.7474687099456787
random,pca_ridge,1,MOBP,0.48923993321364456,0.29549130763121284,0.7382073998451233
random,pca_ridge,1,HBB,0.10732780278922799,0.11959777408490514,0.8293968439102173
random,pca_ridge,1,NEFL,0.4636560357999878,0.3995334891740878,0.9097936153411865
random,pca_ridge,1,TF,0.4874148759632465,0.32885953142933444,0.8296730518341064
random,pca_ridge,1,IGHG3,0.04579655509894876,0.06197672850584977,0.5157838463783264
random,pca_ridge,1,CNP,0.44740913438191554,0.302424760863379,0.9640346765518188
random,pca_ridge,1,CPB1,0.04802015419291451,0.05477545392001835,0.468120813369751
random,pca_ridge,1,CRYAB,0.4250101267740223,0.3070329606611275,0.9916612505912781
random,pca_ridge,1,IGHA1,0.06424350392398731,0.03715441080107413,0.6466924548149109
random,pca_ridge,1,KRT8,0.29286878438051256,0.2382830838789022,0.8747145533561707
random,pca_ridge,1,MUC1,0.22239037333888925,0.2145789739648381,0.9399054646492004
random,pca_ridge,1,KRT19,0.21481402217023077,0.1896219429754274,0.9952350854873657
random,pca_ridge,1,IGLC2,0.06890625750073409,0.04437021772675302,0.7060526609420776
random,pca_ridge,1,TFF1,0.1540319369615629,0.15935126900639707,0.8127855062484741
random,pca_ridge,1,MAG,0.45431888118162006,0.28852865611416995,0.6538485884666443
random,pca_ridge,1,ERMN,0.4539453736164381,0.2899556870932383,0.5658085942268372
random,pca_ridge,1,CLDN11,0.4319922315756577,0.27346845729537833,0.599170982837677
random,pca_ridge,1,CLDND1,0.42267644462569687,0.2894869625302791,0.7992284893989563
random,pca_ridge,1,SPP1,0.4573978770193966,0.31088830560770153,0.690528392791748
random,pca_ridge,1,PPP1R14A,0.41741968843087274,0.26616324171920736,0.7467999458312988
random,pca_ridge,1,S100B,0.3609472361209036,0.3072166800695417,0.9738519191741943
random,pca_ridge,1,MOG,0.46119950953490996,0.28301349979545726,0.4890243113040924
random,pca_ridge,1,MALAT1,0.19612175705096851,0.22466362349250624,1.0361337661743164
random,pca_ridge,1,CARNS1,0.4232032600272416,0.27241472775694064,0.5123323798179626
random,pca_ridge,1,IGHG4,0.05564238034937463,0.0560369117379951,0.4745337665081024
random,pca_ridge,1,KRT18,0.24173602973508862,0.1984275358104929,0.7980582118034363
random,pca_ridge,1,BCAS1,0.36647162562314184,0.24441015898155535,0.6227216720581055
random,pca_ridge,1,PTGDS,0.2979618809195894,0.26398863057107996,0.9044641852378845
random,pca_ridge,1,SAA2,0.08124914917963161,0.08271120600421608,0.3909102976322174
random,pca_ridge,1,SEPT4,0.3644781074524271,0.27826971012167756,0.7956844568252563
random,pca_ridge,1,TFF3,0.1519514627290647,0.1443829865740508,0.8408179879188538
random,pca_ridge,1,HPCAL1,0.25652619618396477,0.25648894982992093,0.8894192576408386
random,pca_ridge,1,S100A11,0.26250279173347907,0.2067179838240203,0.8559666872024536
random,pca_ridge,1,ALB,0.05269036156052607,0.045292693066015126,0.16307492554187775
random,pca_ridge,1,RNASE1,0.3737183666625598,0.24650710575315343,0.7980778217315674
random,pca_ridge,1,TMEM144,0.4037887643545854,0.24614810133463358,0.5124419331550598
random,pca_ridge,1,ENPP2,0.39865887853071963,0.2691045215797832,0.6092155575752258
random,pca_ridge,1,MAL,0.3817545871220366,0.24945651419889797,0.5984408259391785
random,pca_ridge,1,NKX6-2,0.3948781187585986,0.2517083390084867,0.45173829793930054
random,pca_ridge,1,HSPA2,0.37960441962442676,0.24022450806302612,0.5577399134635925
random,pca_ridge,1,G0S2,0.0744622472379535,0.059324219825801695,0.4432756006717682
random,pca_ridge,1,DAPP1,0.00850570644088744,0.005190028130598538,0.08884963393211365
random,pca_ridge,1,AC005837.3,0.016831598461105386,0.019062073871910383,0.028903581202030182
random,pca_ridge,1,DTHD1,-0.0016040861361192177,0.0010090595790423866,0.02385150082409382
random,pca_ridge,1,HOXA5,-0.0035436085714577086,-0.00479052842872221,0.027551934123039246
random,pca_ridge,1,Z82188.2,-0.003552573537758406,-0.005182484892175376,0.01653287559747696
random,pca_ridge,1,PLAC1,,,0.0012475416297093034
random,pca_ridge,1,TNC,0.09534360103669172,0.08043118287656682,0.18455569446086884
random,pca_ridge,1,INTS3,0.07631001892551625,0.13674178234777748,0.5253338813781738
random,pca_ridge,1,ZFP36L1,0.11920841956317288,0.09720619815111492,0.5220028758049011
random,pca_ridge,1,PSD2-AS1,-0.012849122059268962,-0.016681893829900984,0.031194638460874557
random,pca_ridge,1,CU634019.6,0.00346117215510735,-0.00022668710764655307,0.053610093891620636
random,pca_ridge,1,MYBL2,0.01340301882965839,0.014654505030467587,0.07905468344688416
random,pca_ridge,1,GDPD3,0.012104582441295284,0.0015375903703208952,0.12980487942695618
random,pca_ridge,1,CDHR5,-0.0275755209243585,-0.0237973392561515,0.014869214035570621
random,pca_ridge,1,CST7,0.0048031798044166525,0.004635909554774422,0.08833304047584534
random,pca_ridge,1,TXK,-0.020730972170617385,-0.016482704317288512,0.046959687024354935
random,pca_ridge,1,AC125807.2,0.048750752296070406,0.03345008945489097,0.046099647879600525
random,pca_ridge,1,HRK,0.1146424070945999,0.15143142106329796,0.2619706988334656
random,pca_ridge,1,AL132780.2,,,0.001642896793782711
random,pca_ridge,1,BPI,,,0.0005680437898263335
random,pca_ridge,1,GALNT5,0.0016306467323138776,0.006337784855396365,0.1491839587688446
random,pca_ridge,1,TAT,0.005085586889473713,0.00716077354117307,0.008569763042032719
random,pca_ridge,1,EXOC3L4,0.007233092900126255,0.007296136611248994,0.03415665403008461
random,pca_ridge,1,TJP1,0.14527956654942004,0.1319059847141746,0.5541315674781799
random,pca_ridge,1,PNMA3,0.14697049946756768,0.22261328608076547,0.5281723141670227
random,pca_ridge,1,SLC22A8,-0.0025209292444952945,-0.003319947174489498,0.016579696908593178
random,pca_ridge,1,PALM2-AKAP2,,,0.0010128536960110068
random,pca_ridge,1,HMGN1,0.09128966431127875,0.11343701240326443,0.5771715641021729
random,pca_ridge,1,AC004594.1,-0.013271883051890235,-0.016389279633177156,0.010016579180955887
random,pca_ridge,1,F3,0.09550089486864723,0.09738440685763443,0.5212303996086121
random,pca_ridge,1,PSME2,0.018410778784049626,0.058167048254531964,0.5277001857757568
random,pca_ridge,1,FOXP3,-0.011427612844243365,-0.005366363022033292,0.06630782037973404
random,pca_ridge,1,AC113414.1,,,0.0012942003086209297
random,pca_ridge,1,CHI3L2,0.00043519461342698094,0.0009066601837453451,0.06941847503185272
random,pca_ridge,1,HOXC-AS1,0.0158520830329928,0.02095433037190275,0.07728356868028641
random,pca_ridge,1,RBM15B,0.07750694814085313,0.13486943111720068,0.4189985692501068
random,pca_ridge,1,AC087762.1,,,0.0004983514663763344
random,pca_ridge,1,EDA2R,-0.011341996930857627,-0.014421513795999548,0.014972317032516003
random,pca_ridge,1,AC012354.1,,,0.0011206703493371606
random,pca_ridge,1,DEFB134,,,0.0010824610944837332
random,pca_ridge,1,APLNR,0.16469934923004392,0.12111408192609527,0.2640295922756195
random,pca_ridge,1,IFNG,,,0.0007680637645535171
random,pca_ridge,1,APOBEC3F,-0.011485510867648343,-0.014326961451301384,0.06519757211208344
random,pca_ridge,1,AC025164.1,0.004355803703104115,0.007757843022708644,0.07406072318553925
random,pca_ridge,1,CAPN9,-0.006359623889253122,-0.004362203720822095,0.08150389045476913
random,pca_ridge,1,AP001360.1,-0.015818273144619362,-0.010128917988993066,0.035983048379421234
random,pca_ridge,1,AC133644.2,0.027182166038813498,0.023334335529098135,0.022176433354616165
random,pca_ridge,1,FXYD3,0.1635090893993196,0.14162832640125908,0.538065493106842
random,pca_ridge,1,PAPOLB,-0.004101871113072155,-0.006287380148201189,0.040027085691690445
random,pca_ridge,1,TSPO,0.11776336747709829,0.09235250644370877,0.537706196308136
random,pca_ridge,1,CLEC4F,,,0.0009139682515524328
random,pca_ridge,1,AC009093.4,0.001190234826265201,0.0021940062943932182,0.020470041781663895
random,pca_ridge,1,AC019077.1,-0.007352220744270155,-0.015633101338444592,0.041835591197013855
random,pca_ridge,1,ICAM3,0.008232411461662929,0.012868132751263132,0.1823967546224594
random,pca_ridge,1,LRRC3,0.003370449405107532,0.005418810599845764,0.05561210960149765
random,pca_ridge,1,MTA1,0.06781294670556196,0.12753577062946603,0.4300815165042877
random,pca_ridge,1,AC015712.4,-0.002849812652447178,0.0010447580194181082,0.03084074705839157
random,pca_ridge,1,CEP55,0.012369615202347998,0.007519484287347589,0.04526018351316452
random,pca_ridge,1,HIST1H1D,-0.012425539475938042,-0.011601657033620833,0.04805070161819458
random,pca_ridge,1,AC003986.2,-0.02039431305836492,-0.016619937768249455,0.02583296038210392
random,pca_ridge,1,RIF1,0.08689157394023624,0.1451044782986864,0.3980311453342438
random,pca_ridge,1,C1orf116,0.0005131570197757158,-0.001367949126470622,0.10351495444774628
random,pca_ridge,1,TMEM270,-0.027015813182025804,-0.0215605750717963,0.03478412330150604
random,pca_ridge,1,AL078639.1,0.03546196471998907,0.0032816177026674747,0.5092684030532837
random,pca_ridge,1,LINC00607,0.026822261400266997,0.02703036437653306,0.04119481146335602
random,pca_ridge,1,AC010267.1,,,0.0005479506216943264
random,pca_ridge,1,AC103855.1,-0.0204546629466901,-0.02011144906755129,0.04898403212428093
random,pca_ridge,1,HEPACAM,0.19463262741743587,0.14226638031659244,0.6727957129478455
random,pca_ridge,1,CLCF1,-0.0020719389683291345,0.00027034024157381904,0.05404660105705261
random,pca_ridge,1,RARRES3,0.11232575566539332,0.09410459405044734,0.531825840473175
random,pca_ridge,1,SIRPB2,0.012208235708388814,0.015400135308606592,0.019811170175671577
random,pca_ridge,1,CCL26,0.03747072625950272,0.024723346708282332,0.02730654925107956
random,pca_ridge,1,SCGB2A1,0.08647219454056718,0.08521154513491762,0.44994714856147766
random,pca_ridge,1,AL162408.1,,,0.000497150351293385
random,pca_ridge,1,AC018754.1,-0.0027848370346232206,-0.002279691820747869,0.02473215013742447
random,pca_ridge,1,AF165147.1,-0.031109869438888153,-0.031232475430943336,0.029388708993792534
random,pca_ridge,1,ART4,,,0.0007988497382029891
random,pca_ridge,1,Z82214.2,0.029193810593495906,0.025133393447346025,0.05648665875196457
random,pca_ridge,1,RCC1,7.177437025171832e-05,0.0062981779704063,0.15191709995269775
random,pca_ridge,1,MS4A1,0.04141771138344082,0.023519630928547412,0.06234893947839737
random,pca_ridge,1,LDB2,0.2251303902076537,0.2775832735746725,0.6423207521438599
random,pca_ridge,1,AC025682.1,-0.002603909017148592,-0.0012533391423075104,0.029063424095511436
random,pca_ridge,1,AC061992.1,-0.0036381971699113234,-0.006956018070455363,0.03617744520306587
random,pca_ridge,1,AC012360.3,0.023941343185416762,0.030231239592298204,0.0861286073923111
random,pca_ridge,1,GATA2-AS1,-0.003957077215421169,-0.0009761080513596243,0.04169263690710068
random,pca_ridge,1,AP000238.1,0.002827630616600165,0.004722176520520487,0.024316508322954178
random,pca_ridge,1,ZNF670-ZNF695,0.0,,0.009940040297806263
random,pca_ridge,1,AC097381.3,-0.0004144118479660346,0.0010154513544793553,0.03942345082759857
random,pca_ridge,1,ALKAL1,0.0031115342783689893,0.007856171209045583,0.024367209523916245
random,pca_ridge,1,ITIH6,-0.0027076322099849606,-0.0006595200388363089,0.044260360300540924
random,pca_ridge,1,AC040162.1,0.003516690959070894,0.013882346258203608,0.1042628213763237
random,pca_ridge,1,MFAP2,0.04509360994906261,0.03830569336672416,0.15784959495067596
random,pca_ridge,1,HOXA10,-0.004244230555249615,-0.0003686112695126348,0.06590424478054047
random,pca_ridge,1,IRX2,0.0814938410702013,0.07117121841470132,0.28845468163490295
random,pca_ridge,1,AC010457.1,0.0019068630327738105,0.003564078723162535,0.020243028178811073
random,pca_ridge,1,ASPN,0.07941797483584973,0.06544742841767855,0.16763323545455933
random,pca_ridge,1,DDR1,0.16345957167401332,0.1178273446016027,0.6471708416938782
random,pca_ridge,1,MRE11,0.02000667881368282,0.04955272706033214,0.18562030792236328
random,pca_ridge,1,PLA1A,0.0029431971679480425,0.0016070514710990241,0.09333359450101852
random,pca_ridge,1,RPEL1,0.0022687375444129286,0.0025096906532987174,0.012794832699000835
random,spatial_knn,1,SCGB2A2,0.701315806104748,0.6916294146050583,1.098789894093529
random,spatial_knn,1,SCGB1D2,0.5953333537816472,0.5926484129602938,0.9702344518399753
random,spatial_knn,1,MBP,0.5124361880301378,0.4658817682088699,1.050756506642933
random,spatial_knn,1,GFAP,0.23136820769581992,0.20917567788373762,1.20663305432713
random,spatial_knn,1,PLP1,0.467759159522089,0.3968687486349647,1.1437836405179183
random,spatial_knn,1,SAA1,0.5107551276869522,0.46676894785786427,0.7399321976886692
random,spatial_knn,1,MGP,0.428329115487934,0.3893115438200773,0.96904159016671
random,spatial_knn,1,IGKC,0.33961868611346613,0.32332883654168926,0.9999851289982739
random,spatial_knn,1,FABP4,0.4526257466358038,0.4053689422858427,0.6781165633481193
random,spatial_knn,1,MOBP,0.3860115283003963,0.26641655531424135,0.7946920865079526
random,spatial_knn,1,HBB,0.329639940786676,0.2515318966426399,0.8004265944631461
random,spatial_knn,1,NEFL,0.18280521413794348,0.16356499174080108,1.038849981283817
random,spatial_knn,1,TF,0.33883733077320277,0.26008243893449323,0.9093625814210783
random,spatial_knn,1,IGHG3,0.2579733093210278,0.1877370841284212,0.5094729589082732
random,spatial_knn,1,CNP,0.3209341754184114,0.24163737381192385,1.0382401908978272
random,spatial_knn,1,CPB1,0.3619827519720795,0.3283968427311078,0.4431276731047718
random,spatial_knn,1,CRYAB,0.3162309992923242,0.2539274725799358,1.0560400206268992
random,spatial_knn,1,IGHA1,0.2701684025241347,0.2517255120505375,0.6415548247889968
random,spatial_knn,1,KRT8,0.3460253227281632,0.3260350219804512,0.8707532925882965
random,spatial_knn,1,MUC1,0.32148010740704525,0.33398016842827283,0.9297503564280477
random,spatial_knn,1,KRT19,0.3208703610978873,0.31943075315579733,0.9787820569789089
random,spatial_knn,1,IGLC2,0.24644002203992024,0.23317869800162394,0.7049806921133083
random,spatial_knn,1,TFF1,0.3391468091944136,0.344473799885644,0.7843330282720994
random,spatial_knn,1,MAG,0.3148509793740073,0.2248862828345861,0.7076648694578431
random,spatial_knn,1,ERMN,0.3071801904313065,0.2088133516409748,0.6151608558308288
random,spatial_knn,1,CLDN11,0.27795314200879223,0.19149949033466518,0.6536026447852272
random,spatial_knn,1,CLDND1,0.2773714666998055,0.1962735908707891,0.8648899827526512
random,spatial_knn,1,SPP1,0.28856436111230194,0.21080174687941977,0.7574830101391894
random,spatial_knn,1,PPP1R14A,0.27264740242566043,0.192891978092495,0.8082075818252872
random,spatial_knn,1,S100B,0.14666945486144614,0.12135581386943961,1.0659447786602672
random,spatial_knn,1,MOG,0.27529011169029693,0.20949857739170116,0.5380171450976355
random,spatial_knn,1,MALAT1,0.20772235835555042,0.20639294769243255,1.0591314409851595
random,spatial_knn,1,CARNS1,0.2481468820447469,0.17976419477577044,0.5585958751544017
random,spatial_knn,1,IGHG4,0.1729016137797256,0.15865831880800663,0.4846861624968474
random,spatial_knn,1,KRT18,0.24133260917664218,0.24209376315403686,0.8179888439203399
random,spatial_knn,1,BCAS1,0.2434686263343475,0.18497817976127137,0.6646491763158575
random,spatial_knn,1,PTGDS,0.11790202219528544,0.11859659106367983,0.9717637030813019
random,spatial_knn,1,SAA2,0.2880132491444594,0.28022347855106877,0.38083123409312664
random,spatial_knn,1,SEPT4,0.2417408411647604,0.1908535600273947,0.8473399310266323
random,spatial_knn,1,TFF3,0.22608045416196676,0.23980032036582039,0.8506210539240173
random,spatial_knn,1,HPCAL1,0.12491905670946452,0.11902156619706451,0.9459439264691407
random,spatial_knn,1,S100A11,0.25553989593683024,0.21053650478908342,0.8771313172199118
random,spatial_knn,1,ALB,0.21809809575964023,0.1955009825202501,0.16849571040840733
random,spatial_knn,1,RNASE1,0.21485774160548687,0.15958519919686845,0.860735092823308
random,spatial_knn,1,TMEM144,0.23711421308102462,0.17577511567449375,0.5576553245362034
random,spatial_knn,1,ENPP2,0.24185142432166692,0.16132074157354298,0.6583130329355935
random,spatial_knn,1,MAL,0.22289091514697645,0.17468403463934165,0.6478483787632415
random,spatial_knn,1,NKX6-2,0.22755894158701762,0.16368596463021237,0.48898344468947763
random,spatial_knn,1,HSPA2,0.2295194665535581,0.16249322619924783,0.5984640402275345
random,spatial_knn,1,G0S2,0.25677280758839477,0.24139472132115022,0.43818631497988525
random,spatial_knn,1,DAPP1,0.10353352019928957,0.03763430169297864,0.08906093535112339
random,spatial_knn,1,AC005837.3,-0.0006910200591782481,-0.0009161192079399559,0.029930245161749247
random,spatial_knn,1,DTHD1,-0.0009188601256491811,-0.0010711094437929466,0.025465028775594024
random,spatial_knn,1,HOXA5,-0.001360625579247772,-0.001931123695357615,0.031049347145464565
random,spatial_knn,1,Z82188.2,-0.0007371273380527717,-0.0008663800619116601,0.017709717984091065
random,spatial_knn,1,PLAC1,,,0.0072540896553843276
random,spatial_knn,1,TNC,-0.002934538890277805,0.01722218614268484,0.1961385260349016
random,spatial_knn,1,INTS3,-0.005708981718481979,0.012066899446171944,0.5540855894579391
random,spatial_knn,1,ZFP36L1,0.023776461122545577,0.01319687500206017,0.548615059520106
random,spatial_knn,1,PSD2-AS1,-0.0008529157577020177,-0.001574437069111123,0.03561391218612712
random,spatial_knn,1,CU634019.6,-0.003063212889976983,-0.004493756127482894,0.056479719850299134
random,spatial_knn,1,MYBL2,0.00108981888005054,0.005404012729910274,0.08293438800842401
random,spatial_knn,1,GDPD3,-0.005195815758746866,-0.017995775790835212,0.13603710026274693
random,spatial_knn,1,CDHR5,-0.00036089842302943593,-0.00036341811666946674,0.015183943328819725
random,spatial_knn,1,CST7,0.03337486644402712,0.012057713932801738,0.0899240262697414
random,spatial_knn,1,TXK,-0.0015808331149948732,-0.002365381919859199,0.0483364365888688
random,spatial_knn,1,AC125807.2,-0.0009408125937377746,-0.0010711094437929466,0.0462342435429616
random,spatial_knn,1,HRK,0.0045175741676013684,0.0039046806348932996,0.2782599855299314
random,spatial_knn,1,AL132780.2,,,0.010973579134550597
random,spatial_knn,1,BPI,,,0.0027026598320538356
random,spatial_knn,1,GALNT5,-0.004001300179289865,0.02268271600796498,0.1564633822219647
random,spatial_knn,1,TAT,-0.000767931865301786,-0.0008663800619116601,0.00998701019368209
random,spatial_knn,1,EXOC3L4,0.05749375213321379,0.10853501919355095,0.035077727794103515
random,spatial_knn,1,TJP1,0.03424162542539155,0.027119560554667892,0.5851444446435686
random,spatial_knn,1,PNMA3,0.023429895645319443,0.03656195769219161,0.5565750367316785
random,spatial_knn,1,SLC22A8,-0.000683985395617859,-0.0008136515029155858,0.01735492259661614
random,spatial_knn,1,PALM2-AKAP2,,,0.007978816308490273
random,spatial_knn,1,HMGN1,0.03202938369811822,0.04782372655435563,0.6038784790194699
random,spatial_knn,1,AC004594.1,-0.00038086867506205164,-0.00041968311382942095,0.012530869625999341
random,spatial_knn,1,F3,0.030300936079866024,0.03827786320971091,0.5451613815162746
random,spatial_knn,1,PSME2,0.012512064704585239,0.026380692039024444,0.551442262997918
random,spatial_knn,1,FOXP3,-0.0048122175754721115,-0.008670733975483376,0.07215781619954151
random,spatial_knn,1,AC113414.1,,,0.012905747297079917
random,spatial_knn,1,CHI3L2,0.0017661002569177762,0.0042092881009779025,0.07658863187628268
random,spatial_knn,1,HOXC-AS1,0.004792891518482771,0.027635371012688103,0.07889198496139167
random,spatial_knn,1,RBM15B,0.017303542516314066,0.017667598007763085,0.4406524396076994
random,spatial_knn,1,AC087762.1,,,0.0027601634388797103
random,spatial_knn,1,EDA2R,-0.0012748308992426756,-0.001648763046461594,0.0207297487211794
random,spatial_knn,1,AC012354.1,,,0.008848282378380626
random,spatial_knn,1,DEFB134,,,0.0077257577925505085
random,spatial_knn,1,APLNR,0.043378289782861595,0.05453215384225661,0.2777879849109026
random,spatial_knn,1,IFNG,,,0.0036359877081898052
random,spatial_knn,1,APOBEC3F,0.020622730549465004,0.05885660921186434,0.06802924825227291
random,spatial_knn,1,AC025164.1,-0.0066241915817338536,-0.009236486654402817,0.07691000433591655
random,spatial_knn,1,CAPN9,-0.00916337100284936,-0.012295138924886508,0.08545393393558957
random,spatial_knn,1,AP001360.1,-0.002443099454411542,-0.0035111591643652725,0.03851062494777409
random,spatial_knn,1,AC133644.2,-0.0008243193344825569,-0.0011716651219268234,0.02495712715438335
random,spatial_knn,1,FXYD3,0.10493625198620432,0.1255045313888441,0.5611867243182146
random,spatial_knn,1,PAPOLB,-0.0005357074330141257,-0.0005553633298168968,0.04015370940435311
random,spatial_knn,1,TSPO,0.0372039092562344,0.039696553789663,0.5651670788959661
random,spatial_knn,1,CLEC4F,,,0.005480238963138425
random,spatial_knn,1,AC009093.4,-0.0008754553741226055,-0.0011330012207764095,0.022894220267415926
random,spatial_knn,1,AC019077.1,-0.001375280014276075,-0.0022128952361671673,0.04360622075185288
random,spatial_knn,1,ICAM3,0.0021252050322828533,0.009519127038681536,0.18981972265922398
random,spatial_knn,1,LRRC3,-0.004138006506718988,-0.005918464408978697,0.05959637725143915
random,spatial_knn,1,MTA1,-0.006832466878760095,-0.002548256189921428,0.45510077774680013
random,spatial_knn,1,AC015712.4,-0.0011621833507600608,-0.0014570330732443253,0.032015943502809396
random,spatial_knn,1,CEP55,-0.002304456709495788,-0.003150327908763059,0.048490755765466596
random,spatial_knn,1,HIST1H1D,-0.0008487682085411463,-0.0012065866984714065,0.048409803281319934
random,spatial_knn,1,AC003986.2,-0.000652250927469339,-0.0008398066040000324,0.026261443146437167
random,spatial_knn,1,RIF1,0.03148057340706632,0.035358371420770744,0.4163279847504544
random,spatial_knn,1,C1orf116,-0.010075068079327449,-0.014518376607061345,0.10732522014415023
random,spatial_knn,1,TMEM270,-0.0006214450399461936,-0.0009391293955591094,0.0350774475957429
random,spatial_knn,1,AL078639.1,0.06042021296808798,0.06241776192086698,0.5318995568546503
random,spatial_knn,1,LINC00607,-0.0020839392451143116,-0.002455645656517574,0.041955008208214746
random,spatial_knn,1,AC010267.1,,,0.0033656080866271924
random,spatial_knn,1,AC103855.1,-0.000760530880192377,-0.0008908428863979911,0.04906549486741088
random,spatial_knn,1,HEPACAM,0.051111801620523964,0.04273687581802458,0.7129311677381159
random,spatial_knn,1,CLCF1,-0.005418562224899101,-0.006926793242747251,0.05700462904115152
random,spatial_knn,1,RARRES3,0.051499429562945294,0.06338953525265621,0.5575549684868816
random,spatial_knn,1,SIRPB2,-0.0004007719632702093,-0.00041968311382942095,0.020324552364021014
random,spatial_knn,1,CCL26,-0.000628911372553724,-0.0007573093227781235,0.0276412185582808
random,spatial_knn,1,SCGB2A1,0.11890069526973421,0.1487374101049091,0.4644233565120688
random,spatial_knn,1,AL162408.1,,,0.012031485772762402
random,spatial_knn,1,AC018754.1,-0.0013511699544479908,-0.0020873885650623787,0.02964262716161926
random,spatial_knn,1,AF165147.1,-0.0009936160105711266,-0.0012957240928514115,0.0304361333859289
random,spatial_knn,1,ART4,,,0.005471798230331705
random,spatial_knn,1,Z82214.2,0.014016323607405467,0.03392585936604615,0.06088698746542888
random,spatial_knn,1,RCC1,-0.0187104431744244,-0.012821158159103742,0.16174542239536543
random,spatial_knn,1,MS4A1,0.07488480011363091,0.11523066794147165,0.06290363482806544
random,spatial_knn,1,LDB2,0.035332390219736415,0.05178466747077944,0.688952324416504
random,spatial_knn,1,AC025682.1,-0.0021961093672993393,-0.002759939479644157,0.031370859836973
random,spatial_knn,1,AC061992.1,-0.0019041585830379517,-0.002597171737126218,0.03809095262753932
random,spatial_knn,1,AC012360.3,0.00014191566790080741,0.013103385323138426,0.09335237277626082
random,spatial_knn,1,GATA2-AS1,-0.0037769910691579575,-0.00496761307696199,0.04421839645843422
random,spatial_knn,1,AP000238.1,-0.0011946920534123963,-0.001394709945429004,0.025296339801211876
random,spatial_knn,1,ZNF670-ZNF695,0.0,,0.009940040242725962
random,spatial_knn,1,AC097381.3,-0.0006014413608248951,-0.0008663800619116601,0.040613794780397144
random,spatial_knn,1,ALKAL1,-0.002048329116754247,-0.0025719621942155036,0.027827412512470645
random,spatial_knn,1,ITIH6,-0.000802129503854997,-0.0011503145541655452,0.044950820708496174
random,spatial_knn,1,AC040162.1,0.016559599614837946,0.015862135350454682,0.10944677043231239
random,spatial_knn,1,MFAP2,0.007209829068554118,0.02448726510507874,0.16713514547071046
random,spatial_knn,1,HOXA10,-0.003854961588237847,-0.004976832267573793,0.06674177872791823
random,spatial_knn,1,IRX2,0.04638757131426703,0.07221980157083326,0.3015774944994048
random,spatial_knn,1,AC010457.1,-0.0013747729488847028,-0.0016300397229788723,0.021280536347062822
random,spatial_knn,1,ASPN,0.015938033091089578,0.04116317899887952,0.17687477126231504
random,spatial_knn,1,DDR1,0.05758229716780448,0.05781623743640228,0.6829979715068515
random,spatial_knn,1,MRE11,-0.005707616892232325,0.008217341988331328,0.19654655366930515
random,spatial_knn,1,PLA1A,-0.006733736580970155,-0.008681230365334957,0.09484784572851172
random,spatial_knn,1,RPEL1,-0.0013429962155829952,-0.0015789148039222559,0.015986175938891675
random,pca_ridge,2,SCGB2A2,0.2954569978865258,0.2906375317064764,1.4780551195144653
random,pca_ridge,2,SCGB1D2,0.22993545514697306,0.2258739788449331,1.161056637763977
random,pca_ridge,2,MBP,0.5079576607314783,0.40429873286703233,1.0297796726226807
random,pca_ridge,2,GFAP,0.48832423038639633,0.4372365082615306,1.0533093214035034
random,pca_ridge,2,PLP1,0.5074738429675651,0.38945888328120026,1.1010476350784302
random,pca_ridge,2,SAA1,0.11642397626785438,0.09473262615068907,0.8374994397163391
random,pca_ridge,2,MGP,0.16115211437112353,0.14433422140769428,1.0373902320861816
random,pca_ridge,2,IGKC,0.06453245361397494,0.037269823715033214,1.0333563089370728
random,pca_ridge,2,FABP4,0.13834530003289033,0.10912090973192837,0.7597845196723938
random,pca_ridge,2,MOBP,0.46350020167924477,0.28277286379403893,0.7535749673843384
random,pca_ridge,2,HBB,0.09798694722517748,0.1184379689086139,0.8072583675384521
random,pca_ridge,2,NEFL,0.4760855763034394,0.4084009814264287,0.9062334299087524
random,pca_ridge,2,TF,0.4653263703292009,0.30933278480439946,0.846483588218689
random,pca_ridge,2,IGHG3,0.03870670171419479,0.041070944863253266,0.4996006190776825
random,pca_ridge,2,CNP,0.4445691979567532,0.31256492722772494,0.9586501121520996
random,pca_ridge,2,CPB1,0.10007124147279592,0.10602735298062947,0.49027782678604126
random,pca_ridge,2,CRYAB,0.4220846972345135,0.3193239696942737,0.9849886298179626
random,pca_ridge,2,IGHA1,0.07540202265993658,0.06629894685923653,0.6395391821861267
random,pca_ridge,2,KRT8,0.2610412726082273,0.19503094186986916,0.8718881607055664
random,pca_ridge,2,MUC1,0.22715532931673582,0.21081950743032193,0.9391055703163147
random,pca_ridge,2,KRT19,0.214546004903175,0.19466270229941895,0.9973675012588501
random,pca_ridge,2,IGLC2,0.07512227798421867,0.04858514438254675,0.6941767334938049
random,pca_ridge,2,TFF1,0.13632509398799275,0.14670459468882482,0.8023583889007568
random,pca_ridge,2,MAG,0.4495363662843435,0.2906496381897772,0.6482882499694824
random,pca_ridge,2,ERMN,0.4298377403654587,0.2788012313283948,0.5630755424499512
random,pca_ridge,2,CLDN11,0.4467755504783404,0.2995566047989962,0.6060280203819275
random,pca_ridge,2,CLDND1,0.4240107933226229,0.31043426644476807,0.797197699546814
random,pca_ridge,2,SPP1,0.4439962303144289,0.30910830863527977,0.6882180571556091
random,pca_ridge,2,PPP1R14A,0.4309644738952754,0.2832547484799697,0.7269518375396729
random,pca_ridge,2,S100B,0.3567118025122946,0.3100773051683032,0.9769694209098816
random,pca_ridge,2,MOG,0.4033021831759742,0.24898103429244645,0.4858756363391876
random,pca_ridge,2,MALAT1,0.18251620966139487,0.21508668501383837,1.038390874862671
random,pca_ridge,2,CARNS1,0.3994626104385807,0.25618364446632474,0.5172274708747864
random,pca_ridge,2,IGHG4,0.030496202439679383,0.03445904993562573,0.47689172625541687
random,pca_ridge,2,KRT18,0.24386577155896136,0.1902551813089879,0.7982532978057861
random,pca_ridge,2,BCAS1,0.35366307982924283,0.23908468500467153,0.6128807663917542
random,pca_ridge,2,PTGDS,0.312495360287531,0.28186833276015205,0.8913436532020569
random,pca_ridge,2,SAA2,0.0613550840502035,0.061975911906812745,0.3820327818393707
random,pca_ridge,2,SEPT4,0.3502726473913359,0.26944698927743915,0.7888774871826172
random,pca_ridge,2,TFF3,0.17865627718631655,0.16631761106235415,0.8392263650894165
random,pca_ridge,2,HPCAL1,0.24312397641955225,0.2467173693969826,0.89157634973526
random,pca_ridge,2,S100A11,0.2619067787530541,0.19711316379880928,0.842077910900116
random,pca_ridge,2,ALB,0.019752265317675235,0.027416103973178934,0.16799482703208923
random,pca_ridge,2,RNASE1,0.37153922694273844,0.2514625066678816,0.7907235622406006
random,pca_ridge,2,TMEM144,0.39562380539349257,0.26278315454370993,0.518212616443634
random,pca_ridge,2,ENPP2,0.395993107082968,0.2663746701850002,0.583659291267395
random,pca_ridge,2,MAL,0.3271342168786857,0.22220001668994668,0.6082361936569214
random,pca_ridge,2,NKX6-2,0.3786759557780957,0.23257178532111805,0.4556301534175873
random,pca_ridge,2,HSPA2,0.3591943938255555,0.22180089982221432,0.5553107261657715
random,pca_ridge,2,G0S2,0.09703717011595789,0.07671826758976506,0.45818737149238586
random,pca_ridge,2,DAPP1,-0.006128865346363635,-0.005517517595180417,0.045498915016651154
random,pca_ridge,2,AC005837.3,,,0.0013480116613209248
random,pca_ridge,2,DTHD1,,,0.0012338589876890182
random,pca_ridge,2,HOXA5,0.012288715519230949,0.006444956289176811,0.05614635348320007
random,pca_ridge,2,Z82188.2,0.0012014503764453616,0.0012515742407055656,0.019609235227108
random,pca_ridge,2,PLAC1,0.0033424343812047236,-0.0008496987321292654,0.04625241830945015
random,pca_ridge,2,TNC,0.1183929757212342,0.09362022576620292,0.18441550433635712
random,pca_ridge,2,INTS3,0.08876491799097044,0.15690191236889828,0.49569544196128845
random,pca_ridge,2,ZFP36L1,0.10111070912965756,0.060269193981553795,0.5175234079360962
random,pca_ridge,2,PSD2-AS1,-0.01814773494306722,-0.020156446316116114,0.024074910208582878
random,pca_ridge,2,CU634019.6,-0.01234250833912797,-0.012310300744157765,0.05455537512898445
random,pca_ridge,2,MYBL2,-0.0037192225916919414,0.005520252609035035,0.0977432131767273
random,pca_ridge,2,GDPD3,0.002442826239069662,0.004264161780831074,0.12657801806926727
random,pca_ridge,2,CDHR5,,,0.0005637341528199613
random,pca_ridge,2,CST7,-0.01233977745777275,-0.017996383796171873,0.07260660827159882
random,pca_ridge,2,TXK,0.011932888832383776,0.015263338753080877,0.016788288950920105
random,pca_ridge,2,AC125807.2,,,0.0012715617194771767
random,pca_ridge,2,HRK,0.067325985859214,0.11332715750855825,0.27952203154563904
random,pca_ridge,2,AL132780.2,0.00859363115887693,0.011454080822287856,0.0260273776948452
random,pca_ridge,2,BPI,-0.0019238623762332266,-0.0027832837643501493,0.018210135400295258
random,pca_ridge,2,GALNT5,0.045837922285713,0.03322486823419993,0.10999350249767303
random,pca_ridge,2,TAT,-0.0005651707847377963,-0.0006050616879022065,0.01955762878060341
random,pca_ridge,2,EXOC3L4,-0.007104438991062787,-0.009801306230327787,0.02692992053925991
random,pca_ridge,2,TJP1,0.15476490274604227,0.14765372313004732,0.5430024862289429
random,pca_ridge,2,PNMA3,0.1635424955851847,0.21751397783642265,0.4993963837623596
random,pca_ridge,2,SLC22A8,,,0.0007852228591218591
random,pca_ridge,2,PALM2-AKAP2,-0.005073109709297008,-0.006729338250668888,0.017088428139686584
random,pca_ridge,2,HMGN1,0.056926166686032204,0.08325925476028079,0.5820633172988892
random,pca_ridge,2,AC004594.1,,,0.000618677819147706
random,pca_ridge,2,F3,0.11092460248369293,0.11062219481298817,0.5153350234031677
random,pca_ridge,2,PSME2,0.06860333766394616,0.1108922958526104,0.5216047763824463
random,pca_ridge,2,FOXP3,-0.006705219912232117,0.0032011117100548005,0.04987531527876854
random,pca_ridge,2,AC113414.1,-0.012841422009519423,-0.018076233738615482,0.03258001059293747
random,pca_ridge,2,CHI3L2,0.008037535425223428,0.006816226063596877,0.0929664894938469
random,pca_ridge,2,HOXC-AS1,0.0215337462785523,0.02074917130977492,0.0613735094666481
random,pca_ridge,2,RBM15B,0.06447965720855856,0.11959168747340143,0.4341275095939636
random,pca_ridge,2,AC087762.1,,,0.0005561986472457647
random,pca_ridge,2,EDA2R,,,0.0018506812630221248
random,pca_ridge,2,AC012354.1,,,0.0011939200339838862
random,pca_ridge,2,DEFB134,0.01844476213833092,0.022756703031175066,0.03855696693062782
random,pca_ridge,2,APLNR,0.13140098230365282,0.08314133040888474,0.23838721215724945
random,pca_ridge,2,IFNG,,,0.0007400665199384093
random,pca_ridge,2,APOBEC3F,-0.0032846608597993823,-0.0009642873400104552,0.05316465348005295
random,pca_ridge,2,AC025164.1,-0.01965389064385792,-0.013319050241843065,0.07931775599718094
random,pca_ridge,2,CAPN9,-0.0043578071965966305,0.0035567391159596683,0.07629495859146118
random,pca_ridge,2,AP001360.1,0.026342518011005515,0.02738737630436359,0.04563455283641815
random,pca_ridge,2,AC133644.2,,,0.001772554824128747
random,pca_ridge,2,FXYD3,0.16340612859867298,0.1404722903141774,0.520233690738678
random,pca_ridge,2,PAPOLB,0.00814446280675823,0.011043691155710708,0.040022335946559906
random,pca_ridge,2,TSPO,0.0846002069207551,0.05398937066163397,0.5452365875244141
random,pca_ridge,2,CLEC4F,,,0.0011891303583979607
random,pca_ridge,2,AC009093.4,-0.013716060916547135,-0.01831299888813589,0.047527242451906204
random,pca_ridge,2,AC019077.1,0.016031925536260105,0.022128687280692245,0.03374394401907921
random,pca_ridge,2,ICAM3,0.013154231575777501,0.018490727798743133,0.16581305861473083
random,pca_ridge,2,LRRC3,-0.013371831020035115,-0.008303902834445284,0.038380011916160583
random,pca_ridge,2,MTA1,0.05914323948050669,0.11958922292961939,0.4290309250354767
random,pca_ridge,2,AC015712.4,0.008102644644564543,0.01134885270265269,0.012557006441056728
random,pca_ridge,2,CEP55,-0.008601267212444016,-0.009236071488691879,0.07977692782878876
random,pca_ridge,2,HIST1H1D,0.004840738155031002,0.009872721839496133,0.04645603150129318
random,pca_ridge,2,AC003986.2,,,0.0011384860845282674
random,pca_ridge,2,RIF1,0.05445464514558944,0.10876655849059091,0.4027825593948364
random,pca_ridge,2,C1orf116,-0.009652194931707572,-0.009477327930466142,0.05686704069375992
random,pca_ridge,2,TMEM270,-0.0046719337549852745,0.0002461643984188778,0.04561474919319153
random,pca_ridge,2,AL078639.1,0.06502724512201186,0.029095160630182023,0.5084376931190491
random,pca_ridge,2,LINC00607,-0.002508777494217589,-0.0035903664780323947,0.03862352669239044
random,pca_ridge,2,AC010267.1,,,0.0005596166593022645
random,pca_ridge,2,AC103855.1,,,0.0007199907558970153
random,pca_ridge,2,HEPACAM,0.18999199079490428,0.14816916494847646,0.6583064198493958
random,pca_ridge,2,CLCF1,-0.0058562800798263115,0.005152160454179091,0.07446438819169998
random,pca_ridge,2,RARRES3,0.1156633725672174,0.08408511905657551,0.5100151896476746
random,pca_ridge,2,SIRPB2,0.01581844779513902,0.018283385787116177,0.01980772614479065
random,pca_ridge,2,CCL26,-0.007580234387156824,-0.00990722746392511,0.01785571314394474
random,pca_ridge,2,SCGB2A1,0.09558154643213854,0.0883465301751433,0.44629573822021484
random,pca_ridge,2,AL162408.1,0.0,,0.0302626620978117
random,pca_ridge,2,AC018754.1,-0.019305127249809137,-0.018082145946999688,0.05107051134109497
random,pca_ridge,2,AF165147.1,-0.013946991425162692,-0.015643790737217524,0.035433586686849594
random,pca_ridge,2,ART4,,,0.0008033121703192592
random,pca_ridge,2,Z82214.2,0.04991583992083402,0.03324562669862377,0.0654887780547142
random,pca_ridge,2,RCC1,0.006864594668256868,0.014060229228837734,0.14399214088916779
random,pca_ridge,2,MS4A1,0.044586675961006766,0.03350149713901564,0.06668426841497421
random,pca_ridge,2,LDB2,0.22557064522151465,0.2726065589888343,0.6386464834213257
random,pca_ridge,2,AC025682.1,-0.003328301070269009,0.0015454779948707433,0.03939177095890045
random,pca_ridge,2,AC061992.1,0.010740095627004346,0.01387432757389668,0.015777692198753357
random,pca_ridge,2,AC012360.3,0.015353789004692186,0.027784133893855,0.1012594923377037
random,pca_ridge,2,GATA2-AS1,-0.024868123419707844,-0.028206950328368705,0.051415786147117615
random,pca_ridge,2,AP000238.1,,,0.0013028306420892477
random,pca_ridge,2,ZNF670-ZNF695,,,0.0005538928671739995
random,pca_ridge,2,AC097381.3,0.004525569854790358,0.003840910584350268,0.02388603426516056
random,pca_ridge,2,ALKAL1,-0.0161618503093733,-0.019312008770125778,0.03249423950910568
random,pca_ridge,2,ITIH6,0.004310360788733895,0.005189597755532107,0.02736017107963562
random,pca_ridge,2,AC040162.1,-0.011702591738935748,0.009043922364347453,0.1341274380683899
random,pca_ridge,2,MFAP2,0.019150387918622003,0.014650325719166487,0.14040552079677582
random,pca_ridge,2,HOXA10,0.0002459152071750978,0.000744969392544338,0.024564744904637337
random,pca_ridge,2,IRX2,0.09032909229125005,0.08600090479206185,0.30632030963897705
random,pca_ridge,2,AC010457.1,-0.008813076753630548,-0.0074106699240675655,0.041629496961832047
random,pca_ridge,2,ASPN,0.06373671107918459,0.040177053003783304,0.15158216655254364
random,pca_ridge,2,DDR1,0.175454324514434,0.1339234310898513,0.6531764268875122
random,pca_ridge,2,MRE11,0.03065535990420866,0.05853821543846098,0.20848329365253448
random,pca_ridge,2,PLA1A,-0.012871644719910622,-0.010664999441481835,0.04491087794303894
random,pca_ridge,2,RPEL1,0.014291329736702538,0.02075417729325098,0.057817600667476654
random,spatial_knn,2,SCGB2A2,0.717391225371175,0.7102599029479358,1.0817052253860844
random,spatial_knn,2,SCGB1D2,0.5918467508986733,0.5896027408094694,0.9686547737034461
random,spatial_knn,2,MBP,0.4855987012483213,0.44646461956617634,1.0589732246803072
random,spatial_knn,2,GFAP,0.22756719340349438,0.20140501781990836,1.2061811239516953
random,spatial_knn,2,PLP1,0.4678173592651005,0.39836667507057694,1.1415293702538243
random,spatial_knn,2,SAA1,0.5275113891661838,0.4746236874571905,0.7211527310262918
random,spatial_knn,2,MGP,0.4159589330780531,0.3799151275374558,0.9691058623939114
random,spatial_knn,2,IGKC,0.3115208421027271,0.3081836651281315,1.0123276558487115
random,spatial_knn,2,FABP4,0.45389321498853286,0.4035532522500641,0.6908981017658457
random,spatial_knn,2,MOBP,0.4049606537574033,0.2889128788438483,0.7884590177215436
random,spatial_knn,2,HBB,0.3394347238966806,0.25904499989174706,0.7777805769338808
random,spatial_knn,2,NEFL,0.18621698538130388,0.16248336925541706,1.0404332645675236
random,spatial_knn,2,TF,0.36613460603665526,0.2738862457503831,0.9023251429598782
random,spatial_knn,2,IGHG3,0.2877422300692897,0.18769867530504744,0.492235076030808
random,spatial_knn,2,CNP,0.34268537611340416,0.2664318031653976,1.02206157034402
random,spatial_knn,2,CPB1,0.37057609777404255,0.32696388627492917,0.463647140329144
random,spatial_knn,2,CRYAB,0.3007861498771869,0.23811635787159482,1.0579504467318726
random,spatial_knn,2,IGHA1,0.25884240216653265,0.26024110479512497,0.6378843130937016
random,spatial_knn,2,KRT8,0.3357730153825048,0.31588713761783976,0.8653440212178352
random,spatial_knn,2,MUC1,0.32840544323640064,0.33345430150558886,0.9260748497606072
random,spatial_knn,2,KRT19,0.30769013103681975,0.30722440584377686,0.988687050131349
random,spatial_knn,2,IGLC2,0.24046522708036333,0.23010940579277572,0.6971487431912996
random,spatial_knn,2,TFF1,0.32309979806374367,0.32730975477264884,0.7818005389880337
random,spatial_knn,2,MAG,0.296929277870139,0.21259467241260788,0.7090957864435683
random,spatial_knn,2,ERMN,0.31695693206804504,0.23640752539063994,0.6033351553735591
random,spatial_knn,2,CLDN11,0.28350826023482045,0.19705780367361753,0.664218445841441
random,spatial_knn,2,CLDND1,0.27994670122242243,0.21021362886322806,0.8642458634608363
random,spatial_knn,2,SPP1,0.2830304444913784,0.20124679059344988,0.7550329641277818
random,spatial_knn,2,PPP1R14A,0.27349862716391804,0.189728522691785,0.7942696312338925
random,spatial_knn,2,S100B,0.1356098342655233,0.1139398500327893,1.0748692475873423
random,spatial_knn,2,MOG,0.27416879998668475,0.19585681747770414,0.5214430535776071
random,spatial_knn,2,MALAT1,0.18851440105584188,0.17739152712486345,1.065488486979682
random,spatial_knn,2,CARNS1,0.24476007704832015,0.1708963411047801,0.5618236598845202
random,spatial_knn,2,IGHG4,0.1802299026527213,0.14872965164922108,0.4899944517881497
random,spatial_knn,2,KRT18,0.2605545808680356,0.2536032725465312,0.8123887167254589
random,spatial_knn,2,BCAS1,0.22063662071730455,0.16290887033596418,0.6606273245432962
random,spatial_knn,2,PTGDS,0.09714579957629425,0.10910716852306884,0.9730393787516204
random,spatial_knn,2,SAA2,0.24288728525564957,0.26443662708992566,0.3809119824481938
random,spatial_knn,2,SEPT4,0.22637258803850419,0.17975064067798172,0.8433808575680214
random,spatial_knn,2,TFF3,0.2371473670316817,0.25205379897083097,0.8491218354051152
random,spatial_knn,2,HPCAL1,0.1051130481682852,0.10763105525650317,0.9533937037610699
random,spatial_knn,2,S100A11,0.2511815342994206,0.22081538775972506,0.8661732400091106
random,spatial_knn,2,ALB,0.2574930958550449,0.1650938657337224,0.1649098906300116
random,spatial_knn,2,RNASE1,0.20556805641880238,0.14965063254004357,0.8591738668553598
random,spatial_knn,2,TMEM144,0.22363602123456405,0.1757990620454554,0.5651137439301132
random,spatial_knn,2,ENPP2,0.23764949478821884,0.1594332646554323,0.6358395913221582
random,spatial_knn,2,MAL,0.206047643668621,0.16776333435206237,0.6499715412909964
random,spatial_knn,2,NKX6-2,0.20225222940669754,0.16384652748441342,0.4962032600266195
random,spatial_knn,2,HSPA2,0.2153378548161538,0.14603266774963647,0.5983689082791509
random,spatial_knn,2,G0S2,0.22416112906148516,0.2282880530238981,0.4611246817540075
random,spatial_knn,2,DAPP1,-0.005702502317155333,-0.006900128881981892,0.04919987377028269
random,spatial_knn,2,AC005837.3,,,0.007965373102996784
random,spatial_knn,2,DTHD1,,,0.008690013911221307
random,spatial_knn,2,HOXA5,0.01878118319256682,0.045215707804571514,0.05829623484068568
random,spatial_knn,2,Z82188.2,-0.0013310884449220218,-0.00148723437215776,0.02129247041754425
random,spatial_knn,2,PLAC1,-0.0009713053683440866,-0.001188663507793486,0.04656709998438115
random,spatial_knn,2,TNC,0.03381555780847806,0.04317139026501208,0.19253801793517136
random,spatial_knn,2,INTS3,0.02161294782440125,0.036301617146026297,0.5225241346664194
random,spatial_knn,2,ZFP36L1,0.0291446133104664,0.025027871285389067,0.5430827530269914
random,spatial_knn,2,PSD2-AS1,-0.0006338326732817281,-0.0009161192079399559,0.025337168077520063
random,spatial_knn,2,CU634019.6,-0.0036142681391315447,-0.005595825322936818,0.0585150391359768
random,spatial_knn,2,MYBL2,0.0029588257348910846,0.00013386974383555888,0.10096469975487003
random,spatial_knn,2,GDPD3,0.0004909110348737681,0.0033282054760915545,0.13082466623341713
random,spatial_knn,2,CDHR5,,,0.005755212922967742
random,spatial_knn,2,CST7,-0.0027520055383239554,0.012139994198963045,0.07805154954562564
random,spatial_knn,2,TXK,-0.0010305847789601399,-0.0012274365517513145,0.018886762042020618
random,spatial_knn,2,AC125807.2,,,0.006278991736425246
random,spatial_knn,2,HRK,0.0034785978141580534,0.019056378452862118,0.2930767562621957
random,spatial_knn,2,AL132780.2,-0.0010125668626379046,-0.0011905380693428718,0.02697736020017893
random,spatial_knn,2,BPI,-0.0005625327814321479,-0.0005937706685581259,0.018583258703834715
random,spatial_knn,2,GALNT5,0.016279200709173207,0.029781382476046954,0.11910319176534932
random,spatial_knn,2,TAT,0.12966275038636066,0.18514802707791053,0.020051694780474524
random,spatial_knn,2,EXOC3L4,-0.0013904314778910827,-0.0017867455008345634,0.029467792738881476
random,spatial_knn,2,TJP1,0.024133881740533818,0.028078041496538888,0.5775148984239575
random,spatial_knn,2,PNMA3,0.016573974595637128,0.015227791969297206,0.5316840163379867
random,spatial_knn,2,SLC22A8,,,0.008647150409761687
random,spatial_knn,2,PALM2-AKAP2,-0.0004511375257767275,-0.0005141125932779818,0.017386745628052754
random,spatial_knn,2,HMGN1,0.022471983256066638,0.030337953404728894,0.6105282815791164
random,spatial_knn,2,AC004594.1,,,0.002912175982183893
random,spatial_knn,2,F3,0.024278853909172202,0.025198194136934922,0.5431796335825724
random,spatial_knn,2,PSME2,0.012482725635488343,0.013658551083570081,0.5511374064583725
random,spatial_knn,2,FOXP3,0.0065730545609672605,0.016090493556053645,0.05640785857158301
random,spatial_knn,2,AC113414.1,-0.001112286813655008,-0.0017101391893108472,0.03382467078496862
random,spatial_knn,2,CHI3L2,0.046748301803960834,0.03726297957082012,0.09625036910877717
random,spatial_knn,2,HOXC-AS1,-0.005302547399827223,-0.006357742718594917,0.06313525325493506
random,spatial_knn,2,RBM15B,0.005715406180508739,-0.0021035019294125233,0.4574306126841916
random,spatial_knn,2,AC087762.1,,,0.0017442443164895228
random,spatial_knn,2,EDA2R,,,0.013018732211321913
random,spatial_knn,2,AC012354.1,,,0.012288139362381349
random,spatial_knn,2,DEFB134,-0.0005781932366997118,-0.000727141258228329,0.03866532923802196
random,spatial_knn,2,APLNR,0.03960418932852632,0.019269065791880643,0.2525298696752102
random,spatial_knn,2,IFNG,,,0.004699633831803136
random,spatial_knn,2,APOBEC3F,-0.005939882679409075,-0.007490347190481594,0.055631387114135365
random,spatial_knn,2,AC025164.1,-0.007955741007053598,-0.011503933296128858,0.08298833722222446
random,spatial_knn,2,CAPN9,-0.009919744097251201,-0.012803360447747198,0.07988858319686347
random,spatial_knn,2,AP001360.1,-0.003178521202264225,-0.004172884582424879,0.04668727643841211
random,spatial_knn,2,AC133644.2,,,0.009598081980531378
random,spatial_knn,2,FXYD3,0.12414773926236533,0.14365551192318549,0.5397415581688214
random,spatial_knn,2,PAPOLB,-0.00035607041071837917,-0.00036341811666946674,0.040069552435459656
random,spatial_knn,2,TSPO,0.007689699135582609,-0.001743284332861131,0.5755472969579583
random,spatial_knn,2,CLEC4F,,,0.005391023592231165
random,spatial_knn,2,AC009093.4,-0.001327412548515961,-0.0020609882325708434,0.0489529695711967
random,spatial_knn,2,AC019077.1,-0.0023066902165996524,-0.0029726634589938216,0.03712137100706531
random,spatial_knn,2,ICAM3,0.005168770745588396,0.012611949790369774,0.17311358479606442
random,spatial_knn,2,LRRC3,-0.0038205299142670987,-0.00511575660011009,0.0423783526257788
random,spatial_knn,2,MTA1,0.011874127834199815,0.011184430808004476,0.45284365146114175
random,spatial_knn,2,AC015712.4,-0.0007546251286189656,-0.0007859795210245142,0.01316543353882573
random,spatial_knn,2,CEP55,-0.004296199284842097,-0.005459963737971803,0.08113332598813558
random,spatial_knn,2,HIST1H1D,-0.0006144026329234629,-0.001028980661730007,0.04821301124364708
random,spatial_knn,2,AC003986.2,,,0.005407987800475957
random,spatial_knn,2,RIF1,0.004875169451142976,0.01615193406401688,0.4230373207649176
random,spatial_knn,2,C1orf116,-0.007806182187731281,-0.01024595512824434,0.06301227221874252
random,spatial_knn,2,TMEM270,-0.000759162353840653,-0.0008906559375413011,0.045667536192988335
random,spatial_knn,2,AL078639.1,0.10840040486193489,0.09376959647582964,0.5239754517902873
random,spatial_knn,2,LINC00607,-0.0019009460445825218,-0.0025035367921055402,0.04039866950327618
random,spatial_knn,2,AC010267.1,,,0.0021325912529715865
random,spatial_knn,2,AC103855.1,,,0.007164749089137503
random,spatial_knn,2,HEPACAM,0.038894022368358865,0.02566468258668326,0.7030331652633965
random,spatial_knn,2,CLCF1,0.011119147200715995,0.02207214895117563,0.07578553184170966
random,spatial_knn,2,RARRES3,0.05563662326373553,0.05440955514415618,0.5363718122147072
random,spatial_knn,2,SIRPB2,-0.0004987617384896078,-0.0005141125932779818,0.02018007736662736
random,spatial_knn,2,CCL26,-0.0007893147455120342,-0.0010083737797815177,0.020078986752777136
random,spatial_knn,2,SCGB2A1,0.12528045846661462,0.16293345069109622,0.4621158280741332
random,spatial_knn,2,AL162408.1,0.0,,0.03026266321082794
random,spatial_knn,2,AC018754.1,-0.002482779477502488,-0.0037990369858835345,0.05331900313844392
random,spatial_knn,2,AF165147.1,-0.0007655507499482011,-0.001188663507793486,0.04045310882201639
random,spatial_knn,2,ART4,,,0.004072485219153846
random,spatial_knn,2,Z82214.2,0.03179852945965188,0.0455968415989367,0.06742552141017079
random,spatial_knn,2,RCC1,-0.0049151207236858485,0.0016189523683217638,0.155300351137502
random,spatial_knn,2,MS4A1,0.18514254104251807,0.16153442622093575,0.06559997621461958
random,spatial_knn,2,LDB2,0.037524775420453585,0.05091144054827102,0.6864141782856684
random,spatial_knn,2,AC025682.1,-0.0024332819650618068,-0.0033529087158659992,0.04110598247712878
random,spatial_knn,2,AC061992.1,-0.0011049813345785707,-0.0012632873634484082,0.01802376974187463
random,spatial_knn,2,AC012360.3,-0.004190167468522161,-0.0007799793439888208,0.10604838387412191
random,spatial_knn,2,GATA2-AS1,-0.003988228246849796,-0.0051346176808593795,0.05312856058955569
random,spatial_knn,2,AP000238.1,,,0.009583357350342275
random,spatial_knn,2,ZNF670-ZNF695,,,0.0018254262307199713
random,spatial_knn,2,AC097381.3,-0.0009266845619832001,-0.001188663507793486,0.025041399836664174
random,spatial_knn,2,ALKAL1,-0.001841351391843795,-0.0022331569235429865,0.03410146930633934
random,spatial_knn,2,ITIH6,-0.0009704834899327767,-0.0010711094437929466,0.027923625221667452
random,spatial_knn,2,AC040162.1,0.014942264809087419,0.01981434677797776,0.1383106755930343
random,spatial_knn,2,MFAP2,0.02302466944731999,0.02778239058113921,0.14911097830441591
random,spatial_knn,2,HOXA10,0.04516290801620241,0.04664344687398517,0.028517800219380045
random,spatial_knn,2,IRX2,0.06303932136220847,0.08337971981627475,0.31795990250680534
random,spatial_knn,2,AC010457.1,-0.001505859798358539,-0.002399100123931844,0.04394840858610673
random,spatial_knn,2,ASPN,-0.009804300234873876,-0.0061918986229877685,0.16201304922834514
random,spatial_knn,2,DDR1,0.03409167179865085,0.03135539404362737,0.6951800584333423
random,spatial_knn,2,MRE11,-0.002493067779646972,0.0040227641471980895,0.21679747936966148
random,spatial_knn,2,PLA1A,-0.004207902375816045,-0.005024655231738524,0.04749600695347761
random,spatial_knn,2,RPEL1,-0.0026409641418746353,-0.0036575513189927157,0.05887973078077643
random,pca_ridge,3,SCGB2A2,0.30534028173879146,0.3047314003066564,1.4787546396255493
random,pca_ridge,3,SCGB1D2,0.26585344377502906,0.25777173812963466,1.162105679512024
random,pca_ridge,3,MBP,0.5241827539393591,0.4091011993912118,1.0447887182235718
random,pca_ridge,3,GFAP,0.4731273879715651,0.41411789328395365,1.0730304718017578
random,pca_ridge,3,PLP1,0.5342203227623513,0.4000938494807863,1.1011472940444946
random,pca_ridge,3,SAA1,0.14603366884190228,0.128912781092902,0.8430183529853821
random,pca_ridge,3,MGP,0.18042413120782314,0.16460871045983103,1.0500998497009277
random,pca_ridge,3,IGKC,0.10042279645439614,0.09079497219649244,1.030695915222168
random,pca_ridge,3,FABP4,0.11164128317830135,0.08553214552565878,0.7481061816215515
random,pca_ridge,3,MOBP,0.5050663172274027,0.3040468596494998,0.7464656233787537
random,pca_ridge,3,HBB,0.09083021783703085,0.10562006531412377,0.8347800970077515
random,pca_ridge,3,NEFL,0.47704855484289965,0.4060637016044361,0.908432126045227
random,pca_ridge,3,TF,0.475877966321576,0.30184272634683196,0.8499886989593506
random,pca_ridge,3,IGHG3,0.04394377995339845,0.05640305335926434,0.50551837682724
random,pca_ridge,3,CNP,0.4643394572523185,0.3166733188602427,0.9595180749893188
random,pca_ridge,3,CPB1,0.06575496652311877,0.08004449923104925,0.4667418599128723
random,pca_ridge,3,CRYAB,0.4534404337450578,0.3244260527750651,0.9966680407524109
random,pca_ridge,3,IGHA1,0.08395878418075217,0.0734243469641294,0.6533887982368469
random,pca_ridge,3,KRT8,0.25323885224057346,0.20488626700591697,0.8786355257034302
random,pca_ridge,3,MUC1,0.21541467131206452,0.20360167385715153,0.9510570764541626
random,pca_ridge,3,KRT19,0.22248887864307454,0.20718182683268466,0.9846621751785278
random,pca_ridge,3,IGLC2,0.07538320293333141,0.057840910682227985,0.7192584276199341
random,pca_ridge,3,TFF1,0.16328690198782703,0.17450701816099554,0.8054001331329346
random,pca_ridge,3,MAG,0.4828784903996698,0.30252024782403575,0.6435126066207886
random,pca_ridge,3,ERMN,0.4911765808048517,0.2899670827178339,0.5509558320045471
random,pca_ridge,3,CLDN11,0.4644034958618681,0.28900510268459784,0.6105323433876038
random,pca_ridge,3,CLDND1,0.43976609237373643,0.29987832703624345,0.7979387044906616
random,pca_ridge,3,SPP1,0.45422509409763034,0.29554172283960334,0.6869383454322815
random,pca_ridge,3,PPP1R14A,0.4283958566298825,0.2669584209624391,0.7470953464508057
random,pca_ridge,3,S100B,0.33636897346284833,0.27082672526776014,0.9902743697166443
random,pca_ridge,3,MOG,0.4325761518479207,0.2557933296742718,0.48153960704803467
random,pca_ridge,3,MALAT1,0.2226267462270427,0.24968454035155357,1.0271204710006714
random,pca_ridge,3,CARNS1,0.4494773233286138,0.2566611217839042,0.4929002821445465
random,pca_ridge,3,IGHG4,0.028908408688414426,0.033193901359931145,0.5004467368125916
random,pca_ridge,3,KRT18,0.23070369323855117,0.18941225153832764,0.7926864624023438
random,pca_ridge,3,BCAS1,0.3678592447219604,0.23446816828518147,0.6257374286651611
random,pca_ridge,3,PTGDS,0.3343814038714604,0.295704289112856,0.9062766432762146
random,pca_ridge,3,SAA2,0.07175428256474134,0.07391185188420034,0.3801732361316681
random,pca_ridge,3,SEPT4,0.37957415442595055,0.2902079251087511,0.7968611717224121
random,pca_ridge,3,TFF3,0.17947448752187223,0.18017937153158206,0.8337979316711426
random,pca_ridge,3,HPCAL1,0.26819215689476805,0.2699017620184108,0.8997255563735962
random,pca_ridge,3,S100A11,0.26394455758295293,0.2095348342405113,0.863842785358429
random,pca_ridge,3,ALB,0.06024796094466734,0.038465979399523634,0.14941661059856415
random,pca_ridge,3,RNASE1,0.3810732192091869,0.2476090427527638,0.7965116500854492
random,pca_ridge,3,TMEM144,0.403092615505,0.26317520123837057,0.5219573974609375
random,pca_ridge,3,ENPP2,0.4079584968377454,0.262657198757948,0.5953588485717773
random,pca_ridge,3,MAL,0.38985674093750994,0.24470205406992734,0.6129868030548096
random,pca_ridge,3,NKX6-2,0.3975497738833238,0.247747203776454,0.46143895387649536
random,pca_ridge,3,HSPA2,0.4173288248781502,0.25200032260895705,0.561108410358429
random,pca_ridge,3,G0S2,0.10593717905100186,0.09246380266751644,0.4705263078212738
random,pca_ridge,3,DAPP1,-0.0006440979900339035,-0.0011316304208363063,0.046728309243917465
random,pca_ridge,3,AC005837.3,0.0006010092391786955,-0.002647381160665971,0.039923932403326035
random,pca_ridge,3,DTHD1,0.006991308415482709,0.009970364335707957,0.018299972638487816
random,pca_ridge,3,HOXA5,-0.0026838017044943634,-0.0018615188552029444,0.03490467369556427
random,pca_ridge,3,Z82188.2,0.03341764852288146,0.028658645538924055,0.055609725415706635
random,pca_ridge,3,PLAC1,-0.010634040301800849,-0.013748053830334483,0.015256070531904697
random,pca_ridge,3,TNC,0.11582871337077774,0.0945924786289782,0.1700962632894516
random,pca_ridge,3,INTS3,0.09338474643617964,0.15937252941805216,0.500357985496521
random,pca_ridge,3,ZFP36L1,0.12670127133822415,0.1028974178885849,0.5192821025848389
random,pca_ridge,3,PSD2-AS1,0.00021348974935864705,0.0023283442703779665,0.041848260909318924
random,pca_ridge,3,CU634019.6,0.015185085869006538,0.018086614023785863,0.07128533720970154
random,pca_ridge,3,MYBL2,-0.0017918760175887616,1.3523916916184507e-05,0.06371692568063736
random,pca_ridge,3,GDPD3,0.009602820783013239,-0.0016852246349866983,0.13083703815937042
random,pca_ridge,3,CDHR5,-0.06498855165880284,-0.025081122315041896,0.03803975135087967
random,pca_ridge,3,CST7,0.022426435334521436,0.021217457399806523,0.09402991086244583
random,pca_ridge,3,TXK,-0.00289901645267558,-0.003001762237165048,0.042961712926626205
random,pca_ridge,3,AC125807.2,0.027089188591665963,0.028984236881315784,0.023321863263845444
random,pca_ridge,3,HRK,0.1103575747488032,0.14650053133816227,0.27067914605140686
random,pca_ridge,3,AL132780.2,0.008674383279289212,0.009944354389573714,0.022501172497868538
random,pca_ridge,3,BPI,,,0.000924346677493304
random,pca_ridge,3,GALNT5,0.027724926848479114,0.03549681303642134,0.15013790130615234
random,pca_ridge,3,TAT,,,0.001272798515856266
random,pca_ridge,3,EXOC3L4,0.006035911329316087,-0.004350099725878393,0.04173891618847847
random,pca_ridge,3,TJP1,0.1438465071027458,0.13361425123732967,0.55246901512146
random,pca_ridge,3,PNMA3,0.13256033701222672,0.20362535258828687,0.528171956539154
random,pca_ridge,3,SLC22A8,,,0.0011839671060442924
random,pca_ridge,3,PALM2-AKAP2,0.0006856500587647766,0.0015415919526551869,0.017088355496525764
random,pca_ridge,3,HMGN1,0.07316851938613093,0.10216393654272408,0.5717217922210693
random,pca_ridge,3,AC004594.1,,,0.0006592803983949125
random,pca_ridge,3,F3,0.08858659528622766,0.08992543201468543,0.5161914229393005
random,pca_ridge,3,PSME2,0.06135514075374807,0.10845481382564903,0.5248983502388
random,pca_ridge,3,FOXP3,-0.0025067490279783856,0.0045720927377424225,0.06441527605056763
random,pca_ridge,3,AC113414.1,-0.008467243808872623,-0.010596746391833755,0.020796142518520355
random,pca_ridge,3,CHI3L2,0.030686398991200504,0.02715121230631,0.10068870335817337
random,pca_ridge,3,HOXC-AS1,0.010607547261319891,0.01150647068438706,0.08861640840768814
random,pca_ridge,3,RBM15B,0.0710628187202115,0.13041043201171604,0.4405287802219391
random,pca_ridge,3,AC087762.1,,,0.0005143581656739116
random,pca_ridge,3,EDA2R,-0.026605602345595388,-0.01409751049927824,0.039802394807338715
random,pca_ridge,3,AC012354.1,0.009276273604822595,0.012811523565936083,0.0375252403318882
random,pca_ridge,3,DEFB134,,,0.00111207808367908
random,pca_ridge,3,APLNR,0.1509769833306583,0.1116431181540983,0.2540055513381958
random,pca_ridge,3,IFNG,,,0.0007838255260139704
random,pca_ridge,3,APOBEC3F,0.031639337717391955,0.028297502721881244,0.06967183202505112
random,pca_ridge,3,AC025164.1,0.008894674385273216,0.01146767495617166,0.0826306864619255
random,pca_ridge,3,CAPN9,0.0008916102012874235,0.01157411687584575,0.06039521098136902
random,pca_ridge,3,AP001360.1,-0.017500936382773027,-0.014321145807475838,0.028937099501490593
random,pca_ridge,3,AC133644.2,0.027444926794192796,0.023365903964988687,0.030809855088591576
random,pca_ridge,3,FXYD3,0.1286231738906402,0.11444800052945266,0.5370116829872131
random,pca_ridge,3,PAPOLB,,,0.0004049705748911947
random,pca_ridge,3,TSPO,0.10223069816565063,0.07954030479397206,0.562058687210083
random,pca_ridge,3,CLEC4F,,,0.0010223507415503263
random,pca_ridge,3,AC009093.4,-0.0060577544789974,-0.0048189476522967085,0.038553640246391296
random,pca_ridge,3,AC019077.1,0.008744692217851988,0.01176976518184485,0.01912575773894787
random,pca_ridge,3,ICAM3,0.01978929824724586,0.019475069861670413,0.1463657170534134
random,pca_ridge,3,LRRC3,0.015027275747909012,0.019225653714855937,0.03970444202423096
random,pca_ridge,3,MTA1,0.05470574114582048,0.11074915927461955,0.4467847943305969
random,pca_ridge,3,AC015712.4,,,0.0014758821344003081
random,pca_ridge,3,CEP55,-0.004170618021781809,-0.005281841226796963,0.0272506196051836
random,pca_ridge,3,HIST1H1D,-0.0030220782642705925,-0.005610999051000622,0.02146284468472004
random,pca_ridge,3,AC003986.2,-0.018804776975825388,-0.02085095190570821,0.02423672378063202
random,pca_ridge,3,RIF1,0.09153880989105839,0.14295613054629216,0.39197468757629395
random,pca_ridge,3,C1orf116,-0.001118806188095184,-0.006766307943167996,0.06447739154100418
random,pca_ridge,3,TMEM270,-0.011028980982987718,-0.012588858448428117,0.04856334999203682
random,pca_ridge,3,AL078639.1,0.09551424125290732,0.06189572710156918,0.5187550187110901
random,pca_ridge,3,LINC00607,0.015624519183118576,0.019750946062229466,0.04936431720852852
random,pca_ridge,3,AC010267.1,0.0,0.0,0.0
random,pca_ridge,3,AC103855.1,,,0.0007262004655785859
random,pca_ridge,3,HEPACAM,0.2204545458199237,0.16416270026521687,0.6662534475326538
random,pca_ridge,3,CLCF1,-0.008933201465860468,-0.011493263953716215,0.04843014106154442
random,pca_ridge,3,RARRES3,0.13541698538798383,0.11159594795107604,0.5224135518074036
random,pca_ridge,3,SIRPB2,0.0126419738173336,0.01563163717180396,0.03647535294294357
random,pca_ridge,3,CCL26,0.003964326642900877,0.006024309849113274,0.013619014993309975
random,pca_ridge,3,SCGB2A1,0.07198825186248711,0.06795568736236086,0.4637622833251953
random,pca_ridge,3,AL162408.1,0.0,0.0,0.0
random,pca_ridge,3,AC018754.1,-0.027984748605153653,-0.015116781973004692,0.029419757425785065
random,pca_ridge,3,AF165147.1,,,0.0011627362109720707
random,pca_ridge,3,ART4,0.006669216197835386,0.009265335933876396,0.018133705481886864
random,pca_ridge,3,Z82214.2,0.0585610938505591,0.0454281457776004,0.06032046675682068
random,pca_ridge,3,RCC1,0.01704770360723759,0.025878796092279215,0.16585850715637207
random,pca_ridge,3,MS4A1,0.01883470060994978,0.01598255642593131,0.041660014539957047
random,pca_ridge,3,LDB2,0.22205573132158096,0.2718384056551497,0.647817075252533
random,pca_ridge,3,AC025682.1,-0.0041975914052297635,-0.005945053548145634,0.03933398425579071
random,pca_ridge,3,AC061992.1,0.011405147477047064,0.015237580340820612,0.05466276407241821
random,pca_ridge,3,AC012360.3,0.0175688416907819,0.025331889272349813,0.10307878255844116
random,pca_ridge,3,GATA2-AS1,-0.0014751171210315222,0.004266097726829219,0.038682952523231506
random,pca_ridge,3,AP000238.1,0.016731750262588357,0.018935800128348182,0.036626894026994705
random,pca_ridge,3,ZNF670-ZNF695,,,0.0005654054111801088
random,pca_ridge,3,AC097381.3,,,0.0013791461242362857
random,pca_ridge,3,ALKAL1,0.0056601404051404855,0.0026834484212131253,0.05659213662147522
random,pca_ridge,3,ITIH6,0.013255475449417945,0.000921863489095672,0.04131834954023361
random,pca_ridge,3,AC040162.1,-0.02230760108023972,-0.02123164851968355,0.11031485348939896
random,pca_ridge,3,MFAP2,0.058160654383013925,0.048361493624536345,0.1796785593032837
random,pca_ridge,3,HOXA10,0.005576746704160452,0.00561707417499478,0.038426611572504044
random,pca_ridge,3,IRX2,0.06424860181837455,0.06490287590568265,0.29688334465026855
random,pca_ridge,3,AC010457.1,-0.002390531413384329,-0.005844192000782638,0.03429058939218521
random,pca_ridge,3,ASPN,0.012719200797535721,0.010313684147149838,0.15183702111244202
random,pca_ridge,3,DDR1,0.1859995194131976,0.1439308268584079,0.6393618583679199
random,pca_ridge,3,MRE11,0.006830328850443679,0.03153548008701797,0.20607125759124756
random,pca_ridge,3,PLA1A,-0.005863121478494688,-0.009524918706653281,0.05018964409828186
random,pca_ridge,3,RPEL1,0.0008313117094497944,-0.00029329705747596543,0.04301850497722626
random,spatial_knn,3,SCGB2A2,0.7281276012400049,0.7170654718813391,1.0665128615349049
random,spatial_knn,3,SCGB1D2,0.5940913515216146,0.5968298538307504,0.974270277330337
random,spatial_knn,3,MBP,0.4933996554819515,0.45871765968422096,1.0777261470189603
random,spatial_knn,3,GFAP,0.23731091927043546,0.2084430695562747,1.210515406853527
random,spatial_knn,3,PLP1,0.4559562563830764,0.375400506941355,1.1731973315474058
random,spatial_knn,3,SAA1,0.5110468326990265,0.45640571728353685,0.7369701389011559
random,spatial_knn,3,MGP,0.4506597422825541,0.42153954851288294,0.9615361145359719
random,spatial_knn,3,IGKC,0.3551228562848857,0.33621543802302944,0.9845241931490957
random,spatial_knn,3,FABP4,0.44371873281088325,0.39628737836917194,0.681990704675685
random,spatial_knn,3,MOBP,0.3821657223521768,0.2698535050825233,0.8136094877337411
random,spatial_knn,3,HBB,0.3452283332419043,0.26331066695347255,0.7999825785448824
random,spatial_knn,3,NEFL,0.1867970943055059,0.17004333595196106,1.0428092573606746
random,spatial_knn,3,TF,0.3368351425904098,0.2506103047102812,0.926953689843966
random,spatial_knn,3,IGHG3,0.32360655397673094,0.20977588320338236,0.4848313069742697
random,spatial_knn,3,CNP,0.33319699792022334,0.2517447453682692,1.0393915411436523
random,spatial_knn,3,CPB1,0.33393801278721247,0.30263426028523677,0.4500994263403311
random,spatial_knn,3,CRYAB,0.30280655552629054,0.23385326051677333,1.0850235796390897
random,spatial_knn,3,IGHA1,0.2723760215348885,0.27020592717233727,0.6450926182277933
random,spatial_knn,3,KRT8,0.31387647837082167,0.27966832720643847,0.8803845463957318
random,spatial_knn,3,MUC1,0.321050828239689,0.3289087557474484,0.9388807844485251
random,spatial_knn,3,KRT19,0.2774044022013864,0.2758024394567329,0.9944871069570617
random,spatial_knn,3,IGLC2,0.2902767749012351,0.26187271436189735,0.7003565753127688
random,spatial_knn,3,TFF1,0.34530018985564614,0.3484299303450939,0.7765881491897546
random,spatial_knn,3,MAG,0.3255695720818198,0.23178672735870942,0.7062865423146574
random,spatial_knn,3,ERMN,0.31697966400892863,0.2127162472804922,0.609649518079027
random,spatial_knn,3,CLDN11,0.298428979179961,0.2053222821394511,0.6694512205747012
random,spatial_knn,3,CLDND1,0.30706444267760435,0.22216802234362962,0.8598995516393946
random,spatial_knn,3,SPP1,0.27719126296023106,0.20524878912123687,0.7597914815915833
random,spatial_knn,3,PPP1R14A,0.3011778875816785,0.21346353479140773,0.8025952927240344
random,spatial_knn,3,S100B,0.17750839260447387,0.1443864728481771,1.0617420339017647
random,spatial_knn,3,MOG,0.2779065097041052,0.19436950302955947,0.5244957918023749
random,spatial_knn,3,MALAT1,0.1817645003258136,0.17892992250114695,1.0682856129586829
random,spatial_knn,3,CARNS1,0.2527781746447033,0.17471254655335455,0.5493871261588297
random,spatial_knn,3,IGHG4,0.20963402939145798,0.15288693452006438,0.5003064196154242
random,spatial_knn,3,KRT18,0.2462521554023947,0.23824000697063322,0.8103859779819672
random,spatial_knn,3,BCAS1,0.2360872712876363,0.16734803495356784,0.6726673782616315
random,spatial_knn,3,PTGDS,0.12060504259932926,0.11396795587460652,0.984948943901954
random,spatial_knn,3,SAA2,0.29890827740745995,0.283728049035625,0.3682882755681798
random,spatial_knn,3,SEPT4,0.26434204432040787,0.20742724781552968,0.8471190302715937
random,spatial_knn,3,TFF3,0.2672856974864947,0.27851089897852077,0.8312058623921288
random,spatial_knn,3,HPCAL1,0.11409235471341972,0.11397991595129377,0.9615195950845173
random,spatial_knn,3,S100A11,0.2656415927266511,0.22088852212939447,0.8804976831812362
random,spatial_knn,3,ALB,0.1864594990522121,0.17272346252078163,0.15209943776975127
random,spatial_knn,3,RNASE1,0.22255087307189592,0.16200031196149897,0.8613103312922193
random,spatial_knn,3,TMEM144,0.23912527625546987,0.17997917824633575,0.5674634717409122
random,spatial_knn,3,ENPP2,0.2155239937085023,0.15871682886725688,0.6574887377523853
random,spatial_knn,3,MAL,0.2374895082259794,0.1795500653380615,0.6605757532385771
random,spatial_knn,3,NKX6-2,0.2248922001929744,0.18767030026148898,0.5007616197830322
random,spatial_knn,3,HSPA2,0.24028114824993246,0.15380203676502055,0.6107811050136954
random,spatial_knn,3,G0S2,0.24554112607769663,0.23227959541440887,0.4669534109536858
random,spatial_knn,3,DAPP1,-0.005902648183819114,-0.007658519121873536,0.051574217184333575
random,spatial_knn,3,AC005837.3,-0.0011464712154979416,-0.0014095813867164538,0.04025817809674931
random,spatial_knn,3,DTHD1,-0.0007086603873576933,-0.0008136515029155858,0.01977488592714419
random,spatial_knn,3,HOXA5,-0.0019572646974850673,-0.002608993107712779,0.03740956183452401
random,spatial_knn,3,Z82188.2,-0.0013902205126109268,-0.0015446054569489532,0.0558640239396666
random,spatial_knn,3,PLAC1,-0.0005917646211905182,-0.0009161192079399559,0.018481566446201903
random,spatial_knn,3,TNC,0.01366821456003999,0.012704174617785098,0.18344706410059664
random,spatial_knn,3,INTS3,0.040828785331412785,0.03841255906745032,0.5247925704020538
random,spatial_knn,3,ZFP36L1,0.038476159614243416,0.013838018858394578,0.5454060728666384
random,spatial_knn,3,PSD2-AS1,-0.0010456874470159134,-0.0013295244738890566,0.04216719589931412
random,spatial_knn,3,CU634019.6,0.0051305815370074805,0.023154416237931335,0.07384826084985195
random,spatial_knn,3,MYBL2,0.0010704867140951596,0.007311648892960417,0.06750970630885052
random,spatial_knn,3,GDPD3,-0.0011978662135009293,-0.0019608692543543406,0.13523746183058977
random,spatial_knn,3,CDHR5,-0.0004310424044123761,-0.0004692692089438357,0.038093893223014125
random,spatial_knn,3,CST7,0.009885038071725413,0.03615874317231221,0.09649642942690714
random,spatial_knn,3,TXK,-0.0019041574473618876,-0.0023609100585753194,0.043446541524736516
random,spatial_knn,3,AC125807.2,-0.0011474739277455791,-0.0014262054432857075,0.02492041997430045
random,spatial_knn,3,HRK,0.003344039572186195,0.014494280036033562,0.28515925649316565
random,spatial_knn,3,AL132780.2,-0.0015363249210363355,-0.0018841874072818615,0.024245824953293027
random,spatial_knn,3,BPI,,,0.0063535399893590435
random,spatial_knn,3,GALNT5,-0.007004164183235913,0.0051448737020687125,0.15698491320058852
random,spatial_knn,3,TAT,,,0.011850361815299026
random,spatial_knn,3,EXOC3L4,0.05918688912814809,0.07431380448960412,0.042326281973516955
random,spatial_knn,3,TJP1,0.06850906376144433,0.057427505248121465,0.5782485389235428
random,spatial_knn,3,PNMA3,0.021285930390888753,0.03383657958864851,0.5563772090912361
random,spatial_knn,3,SLC22A8,,,0.0062036230936393716
random,spatial_knn,3,PALM2-AKAP2,-0.0004271855163843423,-0.0004692692089438357,0.017298464349714444
random,spatial_knn,3,HMGN1,0.029125552055418818,0.027846998917231847,0.5996221770538105
random,spatial_knn,3,AC004594.1,,,0.005907570348915443
random,spatial_knn,3,F3,0.008569332231159292,0.014724138586797686,0.5469853174818186
random,spatial_knn,3,PSME2,0.00670686140415179,0.014367712033641367,0.5533962584909189
random,spatial_knn,3,FOXP3,0.029486714482329784,0.029153815384627055,0.06688205170121223
random,spatial_knn,3,AC113414.1,-0.0014132477146598192,-0.0016300397229788723,0.021927677115230946
random,spatial_knn,3,CHI3L2,0.008539193573383709,0.02600054360337971,0.10741143003789469
random,spatial_knn,3,HOXC-AS1,-0.00592637505076773,-0.008221458374125284,0.0910117522897611
random,spatial_knn,3,RBM15B,0.006553336597241207,-0.0027643171031626486,0.462395050151164
random,spatial_knn,3,AC087762.1,0.0,0.0,0.0
random,spatial_knn,3,EDA2R,-0.0023271074564366378,-0.0028911385214540363,0.04116354879272752
random,spatial_knn,3,AC012354.1,0.0,,0.03752594103926435
random,spatial_knn,3,DEFB134,,,0.008564913794064731
random,spatial_knn,3,APLNR,0.019021026462112622,0.03063442448175912,0.2685902244918177
random,spatial_knn,3,IFNG,,,0.0040256874749811785
random,spatial_knn,3,APOBEC3F,0.006414219696587233,0.01892342962871384,0.07193826738421297
random,spatial_knn,3,AC025164.1,-0.00663190537164231,-0.010142668799235243,0.08623199755756747
random,spatial_knn,3,CAPN9,-0.0023107229442626523,0.009499587238387307,0.06482471908195289
random,spatial_knn,3,AP001360.1,-0.0017127376652047467,-0.0024454892184938306,0.03183021673801942
random,spatial_knn,3,AC133644.2,-0.0009839739156386586,-0.0012981773298045708,0.03316148361808802
random,spatial_knn,3,FXYD3,0.08771656586644819,0.10317481841169404,0.5628401300683793
random,spatial_knn,3,PAPOLB,,,0.0020507688761946625
random,spatial_knn,3,TSPO,0.035632760220732106,0.028146955854462138,0.5870437464849996
random,spatial_knn,3,CLEC4F,,,0.006619067064877792
random,spatial_knn,3,AC009093.4,-0.000887008046008059,-0.0014262054432857075,0.04027657030149263
random,spatial_knn,3,AC019077.1,-0.0013772167156141275,-0.0016759269406872738,0.02193084412060435
random,spatial_knn,3,ICAM3,0.0010374392715163158,-0.003208660096657968,0.15595918550176702
random,spatial_knn,3,LRRC3,-0.0035701797199212846,-0.005293697469525649,0.04442619565881326
random,spatial_knn,3,MTA1,0.008956478546154547,0.01054954728358383,0.46744447096003927
random,spatial_knn,3,AC015712.4,,,0.009097790052747457
random,spatial_knn,3,CEP55,-0.002151479995568228,-0.0028572491121764913,0.03297705846120482
random,spatial_knn,3,HIST1H1D,0.12136623482238483,0.12173238226516724,0.021427082049076937
random,spatial_knn,3,AC003986.2,-0.00036457263061144194,-0.0004692692089438357,0.024711417453974215
random,spatial_knn,3,RIF1,-0.0019431207081740038,0.007188686111323511,0.4156768233954342
random,spatial_knn,3,C1orf116,-0.008487480082940625,-0.01142478902809073,0.07015708919064338
random,spatial_knn,3,TMEM270,-0.0011414305559889857,-0.0014559622342630164,0.04878079996601072
random,spatial_knn,3,AL078639.1,0.07630084598505586,0.080831136746056,0.5402037326215957
random,spatial_knn,3,LINC00607,-0.0021597251002554636,-0.002530296191284215,0.05008114168531812
random,spatial_knn,3,AC010267.1,0.0,0.0,0.0
random,spatial_knn,3,AC103855.1,,,0.004361169898182937
random,spatial_knn,3,HEPACAM,0.037636904772989005,0.040174620012811836,0.7153802540219867
random,spatial_knn,3,CLCF1,-0.004348601050136146,-0.0059887891756946485,0.0524413307698844
random,spatial_knn,3,RARRES3,0.08624015092876008,0.09823410763867572,0.5436122154637902
random,spatial_knn,3,SIRPB2,-0.0004962756982597237,-0.0005141125932779818,0.036562608779309155
random,spatial_knn,3,CCL26,-0.000853391407119378,-0.0010515232236238807,0.017067919637384788
random,spatial_knn,3,SCGB2A1,0.13301015912759753,0.17356221586788662,0.47695197534665196
random,spatial_knn,3,AL162408.1,0.0,0.0,0.0
random,spatial_knn,3,AC018754.1,-0.002360533998464474,-0.0030848336867815578,0.03186185161888424
random,spatial_knn,3,AF165147.1,,,0.00999206150521119
random,spatial_knn,3,ART4,-0.0004070347164562589,-0.00041968311382942095,0.018479041593717948
random,spatial_knn,3,Z82214.2,0.06327784262900273,0.05260748661674162,0.06558626110661335
random,spatial_knn,3,RCC1,-0.015744581040433893,-0.0037625110958117193,0.17749540550066317
random,spatial_knn,3,MS4A1,0.01390614332225062,0.06691925003047879,0.0461699749189517
random,spatial_knn,3,LDB2,0.0432661512345687,0.05538851042812967,0.6933673957603304
random,spatial_knn,3,AC025682.1,-0.0025481374415395113,-0.003926007097362714,0.04505714458907535
random,spatial_knn,3,AC061992.1,0.1560488102426647,0.09796164077417574,0.054034795222006264
random,spatial_knn,3,AC012360.3,-0.007915246169571729,-0.012385729433012983,0.10684226719943071
random,spatial_knn,3,GATA2-AS1,-0.003337509337452979,-0.00436484274900553,0.0416213010677669
random,spatial_knn,3,AP000238.1,-0.0007724943309202934,-0.0009861054352247212,0.03753996293124009
random,spatial_knn,3,ZNF670-ZNF695,,,0.01281870695627132
random,spatial_knn,3,AC097381.3,,,0.010106539284484612
random,spatial_knn,3,ALKAL1,-0.0027250568922260873,-0.003243355199680072,0.057290296815970906
random,spatial_knn,3,ITIH6,-0.0005995770067034666,-0.0006637164844836474,0.041457396163938884
random,spatial_knn,3,AC040162.1,0.014953587423651524,0.006696933462503404,0.11541507073857799
random,spatial_knn,3,MFAP2,0.017897661443141026,0.04171538453368547,0.1860341568356695
random,spatial_knn,3,HOXA10,0.08866595540078251,0.08158191070847727,0.0390817698283844
random,spatial_knn,3,IRX2,0.038618488931650326,0.06678524220405715,0.30916760019238965
random,spatial_knn,3,AC010457.1,-0.0014322841669513347,-0.001821673724449668,0.03538669492806612
random,spatial_knn,3,ASPN,-0.004492351570488367,-0.004370818574289165,0.16137812139354493
random,spatial_knn,3,DDR1,0.04852073766631546,0.05335801727863459,0.6791059045469722
random,spatial_knn,3,MRE11,0.010351660318183532,0.02333375376258727,0.21392450401767057
random,spatial_knn,3,PLA1A,-0.0039899613297326615,-0.005160760589794229,0.05387469029904654
random,spatial_knn,3,RPEL1,-0.002366292324509825,-0.003197818126406233,0.044475634418562913
random,pca_ridge,4,SCGB2A2,0.3078655166610569,0.3137419818244557,1.458491325378418
random,pca_ridge,4,SCGB1D2,0.27222062206995185,0.27109715298918635,1.1590875387191772
random,pca_ridge,4,MBP,0.513988206192543,0.41691830170489325,1.0189875364303589
random,pca_ridge,4,GFAP,0.46516291756472666,0.4043472446548944,1.0575088262557983
random,pca_ridge,4,PLP1,0.5107594259718766,0.38692430453174215,1.0972578525543213
random,pca_ridge,4,SAA1,0.1250514580792894,0.10980156263567944,0.8457249402999878
random,pca_ridge,4,MGP,0.17899682028212183,0.1615577473937572,1.0560290813446045
random,pca_ridge,4,IGKC,0.0826864801711984,0.06466599747743337,1.028581976890564
random,pca_ridge,4,FABP4,0.14093973528735354,0.10887765544524305,0.7529449462890625
random,pca_ridge,4,MOBP,0.46863144647994615,0.2910165124062466,0.7413004636764526
random,pca_ridge,4,HBB,0.09945568451948622,0.1074567444109106,0.8388978838920593
random,pca_ridge,4,NEFL,0.47678403975356065,0.4112075241796983,0.888707160949707
random,pca_ridge,4,TF,0.46985716233612984,0.31659407596880046,0.8268861770629883
random,pca_ridge,4,IGHG3,0.025155786775517754,0.037740236751024066,0.5077358484268188
random,pca_ridge,4,CNP,0.45086417402211965,0.3183416057033924,0.9521793127059937
random,pca_ridge,4,CPB1,0.08824832442142716,0.10140602409407223,0.4831180274486542
random,pca_ridge,4,CRYAB,0.4340882377496308,0.3169569443125947,0.9832623600959778
random,pca_ridge,4,IGHA1,0.08946839547316605,0.06977548120605964,0.6530903577804565
random,pca_ridge,4,KRT8,0.2732088233332348,0.216874945081839,0.8589338660240173
random,pca_ridge,4,MUC1,0.23800244662665793,0.2273309638123952,0.938003420829773
random,pca_ridge,4,KRT19,0.19325084017355035,0.17868061870835023,0.9931740760803223
random,pca_ridge,4,IGLC2,0.07342427295476375,0.054146021911348825,0.7079439163208008
random,pca_ridge,4,TFF1,0.15597096386435194,0.1700885053624594,0.7987304329872131
random,pca_ridge,4,MAG,0.44477955501019767,0.28109752355264117,0.6549527049064636
random,pca_ridge,4,ERMN,0.44642091280975676,0.2856288869666964,0.5630184412002563
random,pca_ridge,4,CLDN11,0.4255057634242473,0.2567255863782869,0.6063645482063293
random,pca_ridge,4,CLDND1,0.403795189116398,0.2798267339282456,0.787475049495697
random,pca_ridge,4,SPP1,0.4257639851418258,0.2759921131347058,0.6899956464767456
random,pca_ridge,4,PPP1R14A,0.3986505459582157,0.25768852012124793,0.7438062429428101
random,pca_ridge,4,S100B,0.33752550106156765,0.27755050389300845,0.9795343279838562
random,pca_ridge,4,MOG,0.4202226355205099,0.25552049676952254,0.4761096239089966
random,pca_ridge,4,MALAT1,0.17243611876920187,0.20595287149960614,1.0408599376678467
random,pca_ridge,4,CARNS1,0.4248975021232356,0.26468132082551515,0.5029609203338623
random,pca_ridge,4,IGHG4,0.04239863814772719,0.04475835753001385,0.4693477749824524
random,pca_ridge,4,KRT18,0.21667832361590716,0.17516205309914076,0.7945923805236816
random,pca_ridge,4,BCAS1,0.3434822397605821,0.23638578752159942,0.617401659488678
random,pca_ridge,4,PTGDS,0.3193835078126829,0.28568444755040023,0.8863595724105835
random,pca_ridge,4,SAA2,0.07130462757442502,0.06182008823952651,0.3854505121707916
random,pca_ridge,4,SEPT4,0.33625130466243547,0.25416108741061066,0.8030391931533813
random,pca_ridge,4,TFF3,0.15530790344834927,0.15417902977083928,0.8484720587730408
random,pca_ridge,4,HPCAL1,0.23888159249982865,0.23104959845890607,0.8895756602287292
random,pca_ridge,4,S100A11,0.2673902330399963,0.21113716358536555,0.8449217081069946
random,pca_ridge,4,ALB,0.03050190527714241,0.011038004207831709,0.13159751892089844
random,pca_ridge,4,RNASE1,0.35029029062870676,0.23873573490989344,0.8019818663597107
random,pca_ridge,4,TMEM144,0.36056592085233097,0.22830874276805163,0.5255274176597595
random,pca_ridge,4,ENPP2,0.3799667424109069,0.24406458352467625,0.5955594778060913
random,pca_ridge,4,MAL,0.381823269322733,0.24154424434052985,0.593544602394104
random,pca_ridge,4,NKX6-2,0.37180331443221615,0.23175241978209238,0.4538726806640625
random,pca_ridge,4,HSPA2,0.3599114624744926,0.22863648534388215,0.5476239919662476
random,pca_ridge,4,G0S2,0.0788992470974563,0.061250629666879775,0.45384296774864197
random,pca_ridge,4,DAPP1,0.013325387583254578,0.015966049662203323,0.04560566321015358
random,pca_ridge,4,AC005837.3,0.016426913263187435,0.01607605822452143,0.030442852526903152
random,pca_ridge,4,DTHD1,,,0.0012640934437513351
random,pca_ridge,4,HOXA5,0.02395472495200096,0.02694323071906499,0.048226650804281235
random,pca_ridge,4,Z82188.2,-0.0056382687511464516,-0.006855485797691636,0.028295449912548065
random,pca_ridge,4,PLAC1,0.00045496637558880865,0.0009901326789501564,0.040019165724515915
random,pca_ridge,4,TNC,0.08043080987420345,0.0542296209720652,0.1694803088903427
random,pca_ridge,4,INTS3,0.06747483758262551,0.13988418051398435,0.5279232859611511
random,pca_ridge,4,ZFP36L1,0.10657118241080413,0.08244602988962223,0.5245577096939087
random,pca_ridge,4,PSD2-AS1,0.005229917813263599,0.0010848632451317876,0.03178656846284866
random,pca_ridge,4,CU634019.6,0.00305135347407136,0.009509856919302291,0.039288923144340515
random,pca_ridge,4,MYBL2,0.030926737086175923,0.017161176285364142,0.08870109170675278
random,pca_ridge,4,GDPD3,-0.01139249408730737,-0.010771359041980406,0.10625480860471725
random,pca_ridge,4,CDHR5,,,0.0006525152712129056
random,pca_ridge,4,CST7,0.030646072767685766,0.02845206907586405,0.0880674198269844
random,pca_ridge,4,TXK,,,0.0014488989254459739
random,pca_ridge,4,AC125807.2,0.02395851520288597,0.02265035275209644,0.04270178824663162
random,pca_ridge,4,HRK,0.08533482645768314,0.12763845240619912,0.2725037932395935
random,pca_ridge,4,AL132780.2,0.004253596214699751,0.009388321488207316,0.034597791731357574
random,pca_ridge,4,BPI,-0.012220214151106263,-0.015452749368424177,0.02104158140718937
random,pca_ridge,4,GALNT5,0.013493495513926597,0.030642174684161288,0.14106668531894684
random,pca_ridge,4,TAT,0.006820521529024054,0.010409230083993408,0.0249859020113945
random,pca_ridge,4,EXOC3L4,,,0.0014819578500464559
random,pca_ridge,4,TJP1,0.09964718532203737,0.10595906470642674,0.5641562938690186
random,pca_ridge,4,PNMA3,0.15301743827433878,0.21163197461713507,0.5158902406692505
random,pca_ridge,4,SLC22A8,-0.023177809379064957,-0.02231362276863702,0.0154090141877532
random,pca_ridge,4,PALM2-AKAP2,-0.0016242536621268624,-0.0015942060124727701,0.017087861895561218
random,pca_ridge,4,HMGN1,0.06307751873540257,0.08269478872657614,0.5843490958213806
random,pca_ridge,4,AC004594.1,,,0.0006918569561094046
random,pca_ridge,4,F3,0.06278218582186214,0.06198965176388527,0.5081095099449158
random,pca_ridge,4,PSME2,0.058373218328676924,0.08911127567704459,0.5211604237556458
random,pca_ridge,4,FOXP3,-0.010970231368860134,-0.005844673648621293,0.0621475987136364
random,pca_ridge,4,AC113414.1,-0.009459341126745235,-0.012548453266493587,0.022596895694732666
random,pca_ridge,4,CHI3L2,0.030071385630961227,0.03185289042729368,0.1050448790192604
random,pca_ridge,4,HOXC-AS1,0.0013236340689758846,0.006027908553992743,0.04579601809382439
random,pca_ridge,4,RBM15B,0.08551882564021326,0.13296959104459882,0.4298422634601593
random,pca_ridge,4,AC087762.1,,,0.0005081687122583389
random,pca_ridge,4,EDA2R,0.0006434706948130939,0.0026612868250471986,0.041132647544145584
random,pca_ridge,4,AC012354.1,0.01168503327185221,0.015305430000934945,0.01846490055322647
random,pca_ridge,4,DEFB134,0.004581761402390921,0.007108159481355486,0.01314221415668726
random,pca_ridge,4,APLNR,0.15839698875967906,0.10923623767454772,0.25340357422828674
random,pca_ridge,4,IFNG,-0.006242951421685498,-0.00906540250656958,0.0412108339369297
random,pca_ridge,4,APOBEC3F,0.0010009460725061137,-0.0034450171197987233,0.047826338559389114
random,pca_ridge,4,AC025164.1,0.0012237544524548007,0.0016716955858934342,0.08994819223880768
random,pca_ridge,4,CAPN9,0.010759373549084697,0.004391010071291394,0.07121225446462631
random,pca_ridge,4,AP001360.1,0.005104736563024662,0.011086444042579842,0.03399204462766647
random,pca_ridge,4,AC133644.2,0.03508399663632655,0.024660209836501232,0.044884439557790756
random,pca_ridge,4,FXYD3,0.15734878897817373,0.131024274422094,0.5439146161079407
random,pca_ridge,4,PAPOLB,0.010434549163763627,0.014126875061021081,0.020920369774103165
random,pca_ridge,4,TSPO,0.056609961628625846,0.04072348366826135,0.5305294990539551
random,pca_ridge,4,CLEC4F,,,0.0012365012662485242
random,pca_ridge,4,AC009093.4,0.03104268165935489,0.024270865793851116,0.024134721606969833
random,pca_ridge,4,AC019077.1,-0.009861156870595036,-0.009681342487441534,0.041336819529533386
random,pca_ridge,4,ICAM3,0.003086211254630978,0.007103930538144397,0.17029015719890594
random,pca_ridge,4,LRRC3,-0.00047723897790845436,0.009362169180075219,0.029540855437517166
random,pca_ridge,4,MTA1,0.04614113766895038,0.11163338601459216,0.43937328457832336
random,pca_ridge,4,AC015712.4,0.0011977999765098264,0.0029832171917395316,0.02580306865274906
random,pca_ridge,4,CEP55,0.03125197045220609,0.0002888671751958669,0.07705947011709213
random,pca_ridge,4,HIST1H1D,-0.0024440039236605865,-0.0033409927984165313,0.021238023415207863
random,pca_ridge,4,AC003986.2,,,0.0012559164315462112
random,pca_ridge,4,RIF1,0.063417810519946,0.12180131772019771,0.40219902992248535
random,pca_ridge,4,C1orf116,-0.026577062617662087,-0.02654032498439914,0.09465755522251129
random,pca_ridge,4,TMEM270,,,0.0012168163666501641
random,pca_ridge,4,AL078639.1,0.04808796169627411,0.011165468031302101,0.5078531503677368
random,pca_ridge,4,LINC00607,0.0152561886430574,0.020226566510111198,0.039654407650232315
random,pca_ridge,4,AC010267.1,0.0,0.0,0.0
random,pca_ridge,4,AC103855.1,-0.037506766560849135,-0.024733869520245852,0.025918859988451004
random,pca_ridge,4,HEPACAM,0.18122525890663518,0.13230821188687947,0.6599966287612915
random,pca_ridge,4,CLCF1,-0.011904813345874952,-0.014408856103033068,0.051332537084817886
random,pca_ridge,4,RARRES3,0.11759430971388596,0.09631610274216029,0.5181699395179749
random,pca_ridge,4,SIRPB2,-0.0041685524736763315,-0.0067917184132928795,0.030013425275683403
random,pca_ridge,4,CCL26,-0.0036230650223991337,-0.004603730234038528,0.010337909683585167
random,pca_ridge,4,SCGB2A1,0.10503267779365641,0.07697675464046885,0.4642448127269745
random,pca_ridge,4,AL162408.1,,,0.0004904002998955548
random,pca_ridge,4,AC018754.1,-0.0131194989504194,-0.01655589790491707,0.03572120517492294
random,pca_ridge,4,AF165147.1,,,0.0010878556640818715
random,pca_ridge,4,ART4,,,0.000870933523401618
random,pca_ridge,4,Z82214.2,0.034796921297979136,0.02760476526533692,0.08237926661968231
random,pca_ridge,4,RCC1,0.0062510976268252486,0.012256075771994859,0.16224555671215057
random,pca_ridge,4,MS4A1,0.05879397094010838,0.04109141745485344,0.05492514371871948
random,pca_ridge,4,LDB2,0.19776644956869255,0.2469743833128803,0.6574707627296448
random,pca_ridge,4,AC025682.1,-0.016031588060915862,-0.02076147657292989,0.02524089440703392
random,pca_ridge,4,AC061992.1,-0.0037176402398674513,-0.003685799588927686,0.03020734153687954
random,pca_ridge,4,AC012360.3,0.019799445382809297,0.022906983769776814,0.09790127724409103
random,pca_ridge,4,GATA2-AS1,-0.0038352078800207925,0.0005065354752735466,0.046184130012989044
random,pca_ridge,4,AP000238.1,,,0.0014142000582069159
random,pca_ridge,4,ZNF670-ZNF695,,,0.0005397286731749773
random,pca_ridge,4,AC097381.3,,,0.001276344177313149
random,pca_ridge,4,ALKAL1,0.007037063971631247,0.002900840565183178,0.0423675999045372
random,pca_ridge,4,ITIH6,-0.008558161266868793,-0.010875326164595434,0.013661582954227924
random,pca_ridge,4,AC040162.1,-0.007733328347157442,0.0024730597574337174,0.1050109937787056
random,pca_ridge,4,MFAP2,0.03786861889645568,0.03214894633751619,0.15357321500778198
random,pca_ridge,4,HOXA10,-0.003128825516812113,-0.00247304792806051,0.0462016724050045
random,pca_ridge,4,IRX2,0.07946958901622458,0.08706064799278591,0.3143424987792969
random,pca_ridge,4,AC010457.1,0.005181919455335714,0.007486980712042085,0.02416028268635273
random,pca_ridge,4,ASPN,0.029819169065206663,0.025188785687463047,0.16136397421360016
random,pca_ridge,4,DDR1,0.17239425865122238,0.15283914755456987,0.6381952166557312
random,pca_ridge,4,MRE11,0.02554031908928721,0.05660415150174152,0.18592515587806702
random,pca_ridge,4,PLA1A,0.01187042557026327,0.011271719023476515,0.07073989510536194
random,pca_ridge,4,RPEL1,0.011544704960170765,0.023733569468189157,0.0501960925757885
random,spatial_knn,4,SCGB2A2,0.7175143059109311,0.7120288377421031,1.0716650689349345
random,spatial_knn,4,SCGB1D2,0.5876118861711563,0.5867822118254037,0.9805677766398846
random,spatial_knn,4,MBP,0.4784688776654557,0.4324009506624252,1.0585869206250442
random,spatial_knn,4,GFAP,0.19297246431143839,0.16708290942498225,1.2124790093331772
random,spatial_knn,4,PLP1,0.4333885318162014,0.364819663617141,1.1683216706358404
random,spatial_knn,4,SAA1,0.5069272364301699,0.45676401013858087,0.7404872142453905
random,spatial_knn,4,MGP,0.4491720719401685,0.41201336137175326,0.9667680651459347
random,spatial_knn,4,IGKC,0.3463732298418165,0.3410121811174111,0.9850955584741927
random,spatial_knn,4,FABP4,0.462026355071424,0.4136084629135538,0.6810018244490881
random,spatial_knn,4,MOBP,0.356845943734095,0.2484427876799627,0.8028209776893998
random,spatial_knn,4,HBB,0.3386323132548784,0.2549601522500777,0.8063125813908553
random,spatial_knn,4,NEFL,0.1889181573716815,0.1713352032762662,1.0241178708769714
random,spatial_knn,4,TF,0.3219362949501491,0.24588397442289714,0.9074862402892337
random,spatial_knn,4,IGHG3,0.2546321670617637,0.177444228016003,0.5044023647762382
random,spatial_knn,4,CNP,0.3134347992121339,0.25163906371471684,1.03249752097828
random,spatial_knn,4,CPB1,0.3613149321342267,0.3265504807305074,0.45915095949130097
random,spatial_knn,4,CRYAB,0.2943626351017563,0.23209038766483356,1.0641647777063643
random,spatial_knn,4,IGHA1,0.25247563986602867,0.255896374748052,0.6505828273315677
random,spatial_knn,4,KRT8,0.3050181846964791,0.2803872773195562,0.8714340238511985
random,spatial_knn,4,MUC1,0.32073994332219635,0.3257361708698618,0.9301059628336911
random,spatial_knn,4,KRT19,0.3151330801004918,0.3148114797228598,0.9767827116874938
random,spatial_knn,4,IGLC2,0.24623529670610833,0.2374272474814628,0.7055668040694113
random,spatial_knn,4,TFF1,0.3294138332768988,0.3327897160631359,0.7777785435653263
random,spatial_knn,4,MAG,0.2855530166097546,0.19766732004469706,0.7168636235639183
random,spatial_knn,4,ERMN,0.28614879360016165,0.19906407654155017,0.6166121140544235
random,spatial_knn,4,CLDN11,0.27319115965117957,0.18657967140498682,0.659932587032513
random,spatial_knn,4,CLDND1,0.24573281479141373,0.19330113738612253,0.8597645829463431
random,spatial_knn,4,SPP1,0.28427515803221703,0.22471998070828506,0.74654081189928
random,spatial_knn,4,PPP1R14A,0.26835618892861113,0.18621505488451542,0.7984437617478244
random,spatial_knn,4,S100B,0.13140656520758207,0.11132914071490288,1.071275612971742
random,spatial_knn,4,MOG,0.26153234206129977,0.18217367392945186,0.5204058812482573
random,spatial_knn,4,MALAT1,0.18554598043217746,0.18626749361579245,1.0692739431494038
random,spatial_knn,4,CARNS1,0.220814055457251,0.15148400087329522,0.5591828692615197
random,spatial_knn,4,IGHG4,0.19590488364420156,0.15075541688511915,0.4765712196079865
random,spatial_knn,4,KRT18,0.23872909774348006,0.23961917236048336,0.8102426043563197
random,spatial_knn,4,BCAS1,0.22412126107502528,0.16465641198165137,0.6595961902770531
random,spatial_knn,4,PTGDS,0.09651237933058202,0.10404238376977354,0.9713570412773012
random,spatial_knn,4,SAA2,0.2966112676096253,0.28024635811136983,0.37435314069586456
random,spatial_knn,4,SEPT4,0.22544072710263047,0.1768743482080397,0.8516249127307288
random,spatial_knn,4,TFF3,0.21678529393204715,0.22629741025208094,0.8604719735822995
random,spatial_knn,4,HPCAL1,0.1168673715041382,0.1205153338893293,0.9450317469732599
random,spatial_knn,4,S100A11,0.257254307699454,0.22185426176784034,0.8654975284607215
random,spatial_knn,4,ALB,0.12193282127229864,0.09376651928493766,0.14064464939120808
random,spatial_knn,4,RNASE1,0.18832874252060672,0.14022124673074013,0.8681980128830897
random,spatial_knn,4,TMEM144,0.18516060028221998,0.13844788612187708,0.5726065196827819
random,spatial_knn,4,ENPP2,0.2225651536217882,0.1552308619876851,0.6446348178031197
random,spatial_knn,4,MAL,0.20769707999448028,0.15706741871766589,0.6482213750485204
random,spatial_knn,4,NKX6-2,0.2293998063727478,0.17061761100632566,0.4863776771824636
random,spatial_knn,4,HSPA2,0.19523508841180112,0.1462221563116526,0.5940049882953331
random,spatial_knn,4,G0S2,0.2447476014733429,0.23526319597270914,0.4520770053942442
random,spatial_knn,4,DAPP1,-0.005233060765694554,-0.008083331887677663,0.05463250310253495
random,spatial_knn,4,AC005837.3,-0.0007843078830841262,-0.0011116594795226957,0.03235300825579998
random,spatial_knn,4,DTHD1,,,0.0061666965250066486
random,spatial_knn,4,HOXA5,0.03342485913323564,0.07903698678411797,0.049584380551567706
random,spatial_knn,4,Z82188.2,0.07281964960900825,0.11901844592935422,0.0293289938392129
random,spatial_knn,4,PLAC1,-0.000962690023905179,-0.0013295244738890566,0.04084298545259747
random,spatial_knn,4,TNC,0.013642656999063928,0.02890028209199068,0.1796076361861423
random,spatial_knn,4,INTS3,0.02188595388475225,0.026453196773444473,0.5524477042521568
random,spatial_knn,4,ZFP36L1,0.02658954018695303,0.026681042746484942,0.550504123011019
random,spatial_knn,4,PSD2-AS1,-0.00145473318197224,-0.0017083430213695593,0.032514545997028584
random,spatial_knn,4,CU634019.6,0.01874497795133249,0.03893818047986041,0.0421885243608461
random,spatial_knn,4,MYBL2,0.004127223287086897,0.018337711766370335,0.0916254622941505
random,spatial_knn,4,GDPD3,-0.006784561320786493,-0.007035759314525709,0.11226213118961957
random,spatial_knn,4,CDHR5,,,0.0038445768212227653
random,spatial_knn,4,CST7,0.019446166870304794,0.012842019146104056,0.09018928740203458
random,spatial_knn,4,TXK,,,0.009967301178264373
random,spatial_knn,4,AC125807.2,-0.0006470862204020456,-0.0008663800619116601,0.043510843154888706
random,spatial_knn,4,HRK,0.008112457223161626,0.016314832186246547,0.2865942646277495
random,spatial_knn,4,AL132780.2,-0.0012278298045995625,-0.0015459040772648127,0.03626385140567077
random,spatial_knn,4,BPI,-0.0003478307391295874,-0.00036341811666946674,0.021108317326532712
random,spatial_knn,4,GALNT5,-0.0011612731581358295,0.012020277605382643,0.148454714941736
random,spatial_knn,4,TAT,-0.0011020658174329774,-0.0013625002595074578,0.026314101541730122
random,spatial_knn,4,EXOC3L4,,,0.015232510479062617
random,spatial_knn,4,TJP1,0.018105847333106558,0.01942254405845362,0.5917766593243982
random,spatial_knn,4,PNMA3,0.010612429335321524,0.009759059584785918,0.5489972484746931
random,spatial_knn,4,SLC22A8,-0.0006229074479743693,-0.0007573093227781235,0.01624685601725798
random,spatial_knn,4,PALM2-AKAP2,-0.0004117214929964327,-0.0004692692089438357,0.01759698429960406
random,spatial_knn,4,HMGN1,0.026757262636106872,0.03518346845825671,0.6120644770345067
random,spatial_knn,4,AC004594.1,,,0.0009212962480541206
random,spatial_knn,4,F3,0.010560349276392144,0.0019774843164621914,0.5355303245171029
random,spatial_knn,4,PSME2,0.03948383813192382,0.04234540888122687,0.5462158684813443
random,spatial_knn,4,FOXP3,0.0010297127418077753,0.017260616732374747,0.06451741246758189
random,spatial_knn,4,AC113414.1,-0.0009424603165732656,-0.0010515232236238807,0.023355787345281976
random,spatial_knn,4,CHI3L2,0.008251249250392056,0.010339825658753165,0.10846314131243341
random,spatial_knn,4,HOXC-AS1,0.01182124329863136,0.02882914629869163,0.050027832642674325
random,spatial_knn,4,RBM15B,-0.0005280696923334154,0.009146192656010566,0.45623300598330857
random,spatial_knn,4,AC087762.1,,,0.0023177319470059957
random,spatial_knn,4,EDA2R,0.03807179563809975,0.059966405820722685,0.04326205822288282
random,spatial_knn,4,AC012354.1,-0.0003541644307328988,-0.00036341811666946674,0.019098482755378034
random,spatial_knn,4,DEFB134,-0.0006135755167083022,-0.0006964770462074059,0.01371715119685029
random,spatial_knn,4,APLNR,0.029172783801946683,0.04114401067478439,0.26924277247141737
random,spatial_knn,4,IFNG,-0.00040374120237053856,-0.0006964770462074059,0.04223823423291494
random,spatial_knn,4,APOBEC3F,-0.004470155247102007,-0.006494456350202685,0.052579606653820346
random,spatial_knn,4,AC025164.1,-0.006296199004231697,-0.00915656304796525,0.09293147223258162
random,spatial_knn,4,CAPN9,-0.008529187083746177,-0.01155029663079491,0.07565072985067567
random,spatial_knn,4,AP001360.1,-0.0023084390455336405,-0.0029033995667977265,0.03552847461578329
random,spatial_knn,4,AC133644.2,-0.0009361382037127228,-0.0011905380693428718,0.045815402229694734
random,spatial_knn,4,FXYD3,0.08547825542516561,0.1070940214002511,0.5707828827130509
random,spatial_knn,4,PAPOLB,-0.00046053915634233105,-0.0004692692089438357,0.021513698415604784
random,spatial_knn,4,TSPO,-0.006480233086463933,0.0014277152266811764,0.5593260550599835
random,spatial_knn,4,CLEC4F,,,0.0040071808746221195
random,spatial_knn,4,AC009093.4,-0.0006879868733277187,-0.001152491265821756,0.028307326257868783
random,spatial_knn,4,AC019077.1,-0.0025108288583537263,-0.003232730224788655,0.04305821513737191
random,spatial_knn,4,ICAM3,-0.013131141710422563,-0.012404051202122754,0.17974795322117781
random,spatial_knn,4,LRRC3,-0.003120310695637238,-0.004031249602020416,0.03472143927493858
random,spatial_knn,4,MTA1,0.018929108429388105,0.028662534693205795,0.4597864828214072
random,spatial_knn,4,AC015712.4,-0.0006651100713746124,-0.0008915913357693467,0.02657192009227992
random,spatial_knn,4,CEP55,0.011117034413235234,0.030147578457222966,0.07823024975316782
random,spatial_knn,4,HIST1H1D,-0.0007653453222769902,-0.0008915913357693467,0.022236019434403252
random,spatial_knn,4,AC003986.2,,,0.008392592593658106
random,spatial_knn,4,RIF1,0.007959939641681575,0.012030468283434573,0.4222992594435296
random,spatial_knn,4,C1orf116,-0.012001564138983234,-0.015223846193290291,0.09723090570530614
random,spatial_knn,4,TMEM270,,,0.009532328869356508
random,spatial_knn,4,AL078639.1,0.09123054053928972,0.08758315262730171,0.5247591936823344
random,spatial_knn,4,LINC00607,-0.0013268414692044891,-0.0018602903634900795,0.04084597502894905
random,spatial_knn,4,AC010267.1,0.0,0.0,0.0
random,spatial_knn,4,AC103855.1,-0.0003210793766841437,-0.0005141125932779818,0.02659647563893703
random,spatial_knn,4,HEPACAM,0.02947046887014545,0.027763313628397197,0.7045064090903002
random,spatial_knn,4,CLCF1,-0.00467117922650085,-0.006186689275631221,0.054713288488933594
random,spatial_knn,4,RARRES3,0.056413760704599344,0.08229790990923368,0.5444663843200805
random,spatial_knn,4,SIRPB2,-0.0008168893542875779,-0.0008908428863979911,0.03030920292694065
random,spatial_knn,4,CCL26,-0.0008218287253108988,-0.0008663800619116601,0.011820949154608467
random,spatial_knn,4,SCGB2A1,0.12923031317967074,0.1604543536585152,0.47882453601460634
random,spatial_knn,4,AL162408.1,,,0.001730217196566504
random,spatial_knn,4,AC018754.1,-0.002695936993588564,-0.0033797703123523578,0.03713389935761237
random,spatial_knn,4,AF165147.1,,,0.011799923249706894
random,spatial_knn,4,ART4,,,0.006159285708561401
random,spatial_knn,4,Z82214.2,0.032386079501529226,0.06926164063882713,0.08705175509319725
random,spatial_knn,4,RCC1,-0.0269108885245234,-0.019252652232421393,0.17230061767480792
random,spatial_knn,4,MS4A1,0.048767389501713755,0.05746126422836441,0.0562381164371812
random,spatial_knn,4,LDB2,0.05839154377121443,0.062348943963815566,0.6951910197238358
random,spatial_knn,4,AC025682.1,-0.0021445837804387334,-0.0025364331396179342,0.02826356650899797
random,spatial_knn,4,AC061992.1,-0.001095219699062245,-0.0017101391893108472,0.03468903825254889
random,spatial_knn,4,AC012360.3,-0.010031586761734088,-0.008752434927201694,0.10433843450689416
random,spatial_knn,4,GATA2-AS1,-0.002401586469959444,-0.0034591695924732725,0.04863232218571873
random,spatial_knn,4,AP000238.1,,,0.009765476400929533
random,spatial_knn,4,ZNF670-ZNF695,,,0.014454690334806942
random,spatial_knn,4,AC097381.3,,,0.008147453518034848
random,spatial_knn,4,ALKAL1,0.023757483343212683,0.07233966706128096,0.04435020381328567
random,spatial_knn,4,ITIH6,-0.00044209460469570017,-0.0008404238813453747,0.024076770827174805
random,spatial_knn,4,AC040162.1,0.017978469130679353,0.02870420075058123,0.10936615790737785
random,spatial_knn,4,MFAP2,-0.00478674111692802,0.018378208761223324,0.1640178500601782
random,spatial_knn,4,HOXA10,-0.003672118039849395,-0.0045443714583148125,0.048532865200117146
random,spatial_knn,4,IRX2,0.05298251083924451,0.08151649688892018,0.3256150443438807
random,spatial_knn,4,AC010457.1,0.17269927747203673,0.19957910784381255,0.023778502743885547
random,spatial_knn,4,ASPN,0.021434025163821403,0.038411543826710165,0.16782230480569632
random,spatial_knn,4,DDR1,0.05061682533283292,0.053476963553998884,0.6762600560267279
random,spatial_knn,4,MRE11,-0.011038662059201716,0.009217442378144118,0.19725160305142753
random,spatial_knn,4,PLA1A,-0.0042604519488847695,-0.0072852496441894,0.07499637062764034
random,spatial_knn,4,RPEL1,0.0363444008168032,0.05970412080227375,0.050809952355233653
random,pca_ridge,5,SCGB2A2,0.30814883729069986,0.30865952397530805,1.4664119482040405
random,pca_ridge,5,SCGB1D2,0.24034377682527264,0.23988932220973697,1.171285629272461
random,pca_ridge,5,MBP,0.5123997616044705,0.4102811043278259,1.000928282737732
random,pca_ridge,5,GFAP,0.4606960583441765,0.4059547369043744,1.0647560358047485
random,pca_ridge,5,PLP1,0.5081245576184149,0.38598147472326155,1.1012938022613525
random,pca_ridge,5,SAA1,0.13425607992924185,0.11569540208191303,0.8185827136039734
random,pca_ridge,5,MGP,0.15608825155367723,0.14206407963619927,1.0487101078033447
random,pca_ridge,5,IGKC,0.09487176702107222,0.07531990220264606,1.0244626998901367
random,pca_ridge,5,FABP4,0.1267861484836319,0.09609510520883431,0.7477686405181885
random,pca_ridge,5,MOBP,0.47644573484911834,0.2948830697174546,0.7447060942649841
random,pca_ridge,5,HBB,0.09896682564489664,0.10751452997718128,0.8124733567237854
random,pca_ridge,5,NEFL,0.468648512379232,0.3929528152991383,0.8949062824249268
random,pca_ridge,5,TF,0.4749591552980651,0.31693869936575386,0.8307904601097107
random,pca_ridge,5,IGHG3,0.02964971360818872,0.03749636731865154,0.5005792379379272
random,pca_ridge,5,CNP,0.43963819213035094,0.3048539756215413,0.9546228647232056
random,pca_ridge,5,CPB1,0.08804883485925712,0.09334570815629883,0.47638845443725586
random,pca_ridge,5,CRYAB,0.41327708558741866,0.29980705765536814,0.995390772819519
random,pca_ridge,5,IGHA1,0.09264155606468741,0.06764009022427767,0.6456664800643921
random,pca_ridge,5,KRT8,0.25906508174308024,0.20736395980930764,0.872208833694458
random,pca_ridge,5,MUC1,0.20298422228982482,0.18853659124752695,0.9495280385017395
random,pca_ridge,5,KRT19,0.22896315293905373,0.1976569288304358,0.9900072813034058
random,pca_ridge,5,IGLC2,0.07773708655670994,0.04658650959302474,0.7105168104171753
random,pca_ridge,5,TFF1,0.1497192582645617,0.16394636259107465,0.7944842576980591
random,pca_ridge,5,MAG,0.438388854935583,0.27398928689229696,0.6562598347663879
random,pca_ridge,5,ERMN,0.4403615630740344,0.2808944032271875,0.5574263334274292
random,pca_ridge,5,CLDN11,0.4475068634515045,0.27798059866655206,0.598817765712738
random,pca_ridge,5,CLDND1,0.4245536750471265,0.29404569165825717,0.786688506603241
random,pca_ridge,5,SPP1,0.4413169083845839,0.28638259596760257,0.6767603754997253
random,pca_ridge,5,PPP1R14A,0.4154917595463209,0.26894557694823523,0.7339566946029663
random,pca_ridge,5,S100B,0.32173419093593214,0.2558879175147427,0.9862231016159058
random,pca_ridge,5,MOG,0.39289769300336874,0.23267170476580024,0.4821535050868988
random,pca_ridge,5,MALAT1,0.18559237921216398,0.21127242944228444,1.0345486402511597
random,pca_ridge,5,CARNS1,0.4279431347305364,0.2776549621578851,0.5072637796401978
random,pca_ridge,5,IGHG4,0.053923975751810564,0.055100316655271125,0.4718542993068695
random,pca_ridge,5,KRT18,0.22588483033056989,0.18375752533525164,0.8015283942222595
random,pca_ridge,5,BCAS1,0.3366182667694123,0.2157445054014178,0.607438862323761
random,pca_ridge,5,PTGDS,0.31330547777410367,0.29303078954097583,0.8949571251869202
random,pca_ridge,5,SAA2,0.05603401943652331,0.05341559136169879,0.3556431233882904
random,pca_ridge,5,SEPT4,0.33601652130713355,0.2479521488593872,0.7860729694366455
random,pca_ridge,5,TFF3,0.166045510685573,0.15937489705494268,0.8474662899971008
random,pca_ridge,5,HPCAL1,0.22853157274102803,0.23284572358661138,0.8969923257827759
random,pca_ridge,5,S100A11,0.2485173116859482,0.19303525726012927,0.8415383696556091
random,pca_ridge,5,ALB,0.020731837299967075,0.015156793959031621,0.1604756861925125
random,pca_ridge,5,RNASE1,0.36613611230570237,0.25388134984438765,0.784397304058075
random,pca_ridge,5,TMEM144,0.39475365422148917,0.2671766515186935,0.521948516368866
random,pca_ridge,5,ENPP2,0.3822727453919369,0.24753419629585313,0.5905174016952515
random,pca_ridge,5,MAL,0.3691507248340914,0.23976057051312236,0.5967890024185181
random,pca_ridge,5,NKX6-2,0.350599740413993,0.21752808347809482,0.4403708875179291
random,pca_ridge,5,HSPA2,0.37982364206201386,0.2369463097727628,0.5435357689857483
random,pca_ridge,5,G0S2,0.07359359005731349,0.04730061244326718,0.454454630613327
random,pca_ridge,5,DAPP1,0.0022088945124171754,0.005178295780181196,0.07256604731082916
random,pca_ridge,5,AC005837.3,0.003743692477410065,0.003582192485972153,0.02153412625193596
random,pca_ridge,5,DTHD1,,,0.0007554229232482612
random,pca_ridge,5,HOXA5,0.01935878421009864,0.01716477973961336,0.042124807834625244
random,pca_ridge,5,Z82188.2,0.0006461758942248189,-0.0007944803165085319,0.019426312297582626
random,pca_ridge,5,PLAC1,0.006777407238229373,0.009381086865734717,0.03178628161549568
random,pca_ridge,5,TNC,0.10701647588453153,0.08900040376497784,0.2033141404390335
random,pca_ridge,5,INTS3,0.07859222380786143,0.14321534037064707,0.5115511417388916
random,pca_ridge,5,ZFP36L1,0.11539452139805667,0.0997023137333588,0.5245230197906494
random,pca_ridge,5,PSD2-AS1,0.007863886889199468,0.0035461694150996335,0.025045763701200485
random,pca_ridge,5,CU634019.6,-0.011258867108823765,-0.010298670073405233,0.06115423142910004
random,pca_ridge,5,MYBL2,-0.016939251400570354,-0.009673931533443095,0.11322692781686783
random,pca_ridge,5,GDPD3,0.015016840341915423,0.008205358557957398,0.13661035895347595
random,pca_ridge,5,CDHR5,,,0.000312722084345296
random,pca_ridge,5,CST7,0.015141647525081441,0.0013154574413395675,0.06828632205724716
random,pca_ridge,5,TXK,-0.032477492919941904,-0.03519389535391105,0.046615030616521835
random,pca_ridge,5,AC125807.2,0.03162832718873377,0.02435504828955925,0.024659432470798492
random,pca_ridge,5,HRK,0.08890333336277367,0.12918501871538712,0.2534348666667938
random,pca_ridge,5,AL132780.2,-0.0002685912653373349,-0.00035323334800218696,0.05188993364572525
random,pca_ridge,5,BPI,,,0.0009510127129033208
random,pca_ridge,5,GALNT5,0.003747447281873804,0.01927597039090472,0.14594586193561554
random,pca_ridge,5,TAT,-0.0049976376990517575,-0.007529071960312909,0.018884113058447838
random,pca_ridge,5,EXOC3L4,-0.01428804592685733,-0.014393116191411415,0.04244497790932655
random,pca_ridge,5,TJP1,0.1345908885477392,0.13248218416849192,0.5515276789665222
random,pca_ridge,5,PNMA3,0.16946648205220421,0.22586290962165115,0.5131688117980957
random,pca_ridge,5,SLC22A8,-0.007528166996600538,-0.010096638078994212,0.030959397554397583
random,pca_ridge,5,PALM2-AKAP2,0.011370740292135,0.014516219103671197,0.025689205154776573
random,pca_ridge,5,HMGN1,0.08782663924873632,0.11316275210924977,0.5844900012016296
random,pca_ridge,5,AC004594.1,-0.004873513323788301,-0.0061505835926754715,0.01001210417598486
random,pca_ridge,5,F3,0.07210502839948338,0.08155452855060344,0.5210228562355042
random,pca_ridge,5,PSME2,0.020548612298416737,0.06539851301803189,0.53762286901474
random,pca_ridge,5,FOXP3,-0.012760591657638902,-0.014164361712170979,0.06730794906616211
random,pca_ridge,5,AC113414.1,0.002989479444808405,0.0050562111486096815,0.012316660955548286
random,pca_ridge,5,CHI3L2,0.045077970227691076,0.04433421065739251,0.09329604357481003
random,pca_ridge,5,HOXC-AS1,0.01139146915680003,0.01173211327817739,0.04930844157934189
random,pca_ridge,5,RBM15B,0.06519875379373391,0.12635054760200948,0.4479662775993347
random,pca_ridge,5,AC087762.1,,,0.0005147015326656401
random,pca_ridge,5,EDA2R,-0.01822912968638731,0.0022696611635008314,0.03679065406322479
random,pca_ridge,5,AC012354.1,,,0.0010813034605234861
random,pca_ridge,5,DEFB134,-0.012892343909586074,-0.016877571163437733,0.021766657009720802
random,pca_ridge,5,APLNR,0.15880681340391867,0.11328409113705916,0.25260597467422485
random,pca_ridge,5,IFNG,,,0.0007557028438895941
random,pca_ridge,5,APOBEC3F,0.012261047256731874,0.0086713711746761,0.08219166100025177
random,pca_ridge,5,AC025164.1,-0.0020796294605045316,-0.003605622311523133,0.05953238531947136
random,pca_ridge,5,CAPN9,0.005864351426518593,0.0030229135742076696,0.07063119113445282
random,pca_ridge,5,AP001360.1,-0.0033440941404345053,-0.005508692062900958,0.041760142892599106
random,pca_ridge,5,AC133644.2,0.009450349919202435,0.007172917970503652,0.04040056839585304
random,pca_ridge,5,FXYD3,0.14802888974056544,0.1241266841072603,0.5200902223587036
random,pca_ridge,5,PAPOLB,0.005948635866575565,0.008107826618113965,0.04002326726913452
random,pca_ridge,5,TSPO,0.09212653642798624,0.06499147006085691,0.5428293347358704
random,pca_ridge,5,CLEC4F,,,0.0012870111968368292
random,pca_ridge,5,AC009093.4,,,0.0013619753299281001
random,pca_ridge,5,AC019077.1,-0.023493486037313282,-0.018841338838698145,0.04497746750712395
random,pca_ridge,5,ICAM3,-0.015368259181517113,-0.00934410503838446,0.1562444567680359
random,pca_ridge,5,LRRC3,0.002887300073546881,0.011582257983991118,0.07116306573152542
random,pca_ridge,5,MTA1,0.05279208632569478,0.10761350262150567,0.43326687812805176
random,pca_ridge,5,AC015712.4,,,0.0014652726240456104
random,pca_ridge,5,CEP55,0.01852372235874186,0.006609827520872033,0.06937947124242783
random,pca_ridge,5,HIST1H1D,-0.001542549473422346,-0.0033710514984414777,0.02483304776251316
random,pca_ridge,5,AC003986.2,-0.005546588642651867,-0.006855611994231087,0.02243898995220661
random,pca_ridge,5,RIF1,0.10112196643161842,0.15464524657690348,0.3899751305580139
random,pca_ridge,5,C1orf116,-0.007335767263777268,-0.0012273980937093137,0.08146871626377106
random,pca_ridge,5,TMEM270,,,0.0012599978363141418
random,pca_ridge,5,AL078639.1,0.07392476131380751,0.03034459627521973,0.5108489394187927
random,pca_ridge,5,LINC00607,0.02947067449705789,0.019589762699345165,0.040855035185813904
random,pca_ridge,5,AC010267.1,,,0.000571167329326272
random,pca_ridge,5,AC103855.1,,,0.0006596741732209921
random,pca_ridge,5,HEPACAM,0.16645064335919946,0.11693104354808384,0.66749507188797
random,pca_ridge,5,CLCF1,0.009590026979803188,0.006976374027918845,0.05154793709516525
random,pca_ridge,5,RARRES3,0.11908665081691067,0.09178275733099264,0.5209646821022034
random,pca_ridge,5,SIRPB2,,,0.0009483853355050087
random,pca_ridge,5,CCL26,0.0029724584983837656,0.002170345877573215,0.04627517610788345
random,pca_ridge,5,SCGB2A1,0.09908717899290709,0.08873883482967053,0.46769338846206665
random,pca_ridge,5,AL162408.1,,,0.0004945084801875055
random,pca_ridge,5,AC018754.1,0.019396897272633565,0.02565453638808507,0.049302563071250916
random,pca_ridge,5,AF165147.1,-0.012203281783845048,-0.014676194913059144,0.01713673211634159
random,pca_ridge,5,ART4,-0.02154942123182433,-0.021776959358497675,0.023197339847683907
random,pca_ridge,5,Z82214.2,0.052759296559876656,0.038235296164780525,0.09305918961763382
random,pca_ridge,5,RCC1,0.008496050844979293,0.019740528032897834,0.18034948408603668
random,pca_ridge,5,MS4A1,0.030393810979876403,0.030084171784960933,0.0696081668138504
random,pca_ridge,5,LDB2,0.20572823194730083,0.2597789230965771,0.6524954438209534
random,pca_ridge,5,AC025682.1,0.0024735895323791325,0.004244334971334418,0.0347222201526165
random,pca_ridge,5,AC061992.1,0.017327412363262094,0.02523693338236058,0.04285489395260811
random,pca_ridge,5,AC012360.3,0.039627747913872385,0.04753849426150864,0.10006389021873474
random,pca_ridge,5,GATA2-AS1,-0.005263097869000228,-0.0038711119874665703,0.05554893612861633
random,pca_ridge,5,AP000238.1,,,0.0012198480544611812
random,pca_ridge,5,ZNF670-ZNF695,,,0.0005600603180937469
random,pca_ridge,5,AC097381.3,0.00025060558323202354,0.0012919884006105608,0.03607027605175972
random,pca_ridge,5,ALKAL1,0.007147971430099408,0.01220575097206459,0.05993764102458954
random,pca_ridge,5,ITIH6,0.004808331820873093,0.007455412276151535,0.018533853814005852
random,pca_ridge,5,AC040162.1,-0.007392111072978627,0.0028000909823328994,0.10613489896059036
random,pca_ridge,5,MFAP2,0.041937343370210836,0.029875814887134915,0.17852027714252472
random,pca_ridge,5,HOXA10,0.013050960941521366,0.010910782742556356,0.04547594487667084
random,pca_ridge,5,IRX2,0.07771665217768127,0.07666986061282033,0.3025910556316376
random,pca_ridge,5,AC010457.1,0.005041673820335545,0.006365999045505109,0.024289779365062714
random,pca_ridge,5,ASPN,0.025171383361258095,0.014926067506273781,0.16060097515583038
random,pca_ridge,5,DDR1,0.16506599893453022,0.13273980816824868,0.6460304856300354
random,pca_ridge,5,MRE11,0.038806613105352196,0.07030864673675497,0.19764858484268188
random,pca_ridge,5,PLA1A,-0.0015456439387324487,-0.003052279408060194,0.08353853970766068
random,pca_ridge,5,RPEL1,0.005508391641089837,0.00972292581749296,0.037448521703481674
random,spatial_knn,5,SCGB2A2,0.7132595428968836,0.7086181626072279,1.0848633483218817
random,spatial_knn,5,SCGB1D2,0.5945085781634067,0.5943262686153866,0.9758459171699051
random,spatial_knn,5,MBP,0.47779030167505054,0.4343137092669125,1.040229707459925
random,spatial_knn,5,GFAP,0.23270353278711559,0.2008702200246987,1.1946597570628568
random,spatial_knn,5,PLP1,0.4353638200283063,0.36454305850539537,1.1659408412261092
random,spatial_knn,5,SAA1,0.5156184297261839,0.45444301782004054,0.7147375023606686
random,spatial_knn,5,MGP,0.4548149976767108,0.41814941860526833,0.9534143327258277
random,spatial_knn,5,IGKC,0.33317613577265737,0.32838781382898174,0.9919559197117865
random,spatial_knn,5,FABP4,0.4545444682167611,0.40495208331710697,0.6785981336867827
random,spatial_knn,5,MOBP,0.40139782034866883,0.27744787012129757,0.785408721477846
random,spatial_knn,5,HBB,0.319260449798761,0.25970728765551876,0.7899050557202045
random,spatial_knn,5,NEFL,0.20000108214720885,0.18247964735695957,1.0173380450845744
random,spatial_knn,5,TF,0.3273454410039346,0.2572931950785533,0.908179063069081
random,spatial_knn,5,IGHG3,0.2920001230710693,0.1906108256671718,0.4887356904720718
random,spatial_knn,5,CNP,0.2958448089535328,0.230412290878692,1.0386751907243852
random,spatial_knn,5,CPB1,0.3625559455546806,0.3147502344614178,0.4515938280550646
random,spatial_knn,5,CRYAB,0.2827610914227189,0.22415647629401017,1.0704459623137679
random,spatial_knn,5,IGHA1,0.2689087484905186,0.2677428027570838,0.6407903818926397
random,spatial_knn,5,KRT8,0.31482489838257044,0.2902160091892777,0.8745215318408063
random,spatial_knn,5,MUC1,0.3274923392663466,0.327517254983589,0.9304805598529783
random,spatial_knn,5,KRT19,0.3003870120801092,0.29995412364693813,0.9892091957666954
random,spatial_knn,5,IGLC2,0.23760267833276338,0.23764273154710666,0.7109945063591019
random,spatial_knn,5,TFF1,0.30777677610592846,0.31170922692453384,0.7808863996432496
random,spatial_knn,5,MAG,0.29081314716158546,0.2044842112075722,0.7116779508879243
random,spatial_knn,5,ERMN,0.296014068446553,0.20676961760995421,0.6046411395953483
random,spatial_knn,5,CLDN11,0.2845653684516629,0.19406383963990692,0.6539846989487349
random,spatial_knn,5,CLDND1,0.26044090961785177,0.18715005597395326,0.8596276095856781
random,spatial_knn,5,SPP1,0.27386414898646383,0.19453770550284072,0.7437879872348123
random,spatial_knn,5,PPP1R14A,0.26187375138697067,0.17679838303565693,0.7967557594670615
random,spatial_knn,5,S100B,0.16240099334013045,0.12918905781973966,1.0567720916836456
random,spatial_knn,5,MOG,0.23216932653736938,0.17004094555403076,0.523851515286462
random,spatial_knn,5,MALAT1,0.18669463839349165,0.17249520058365972,1.0646471768266843
random,spatial_knn,5,CARNS1,0.22146095366348953,0.1677806431375397,0.5631428599053003
random,spatial_knn,5,IGHG4,0.20123270092489492,0.16583899105679778,0.4761259830505861
random,spatial_knn,5,KRT18,0.24273320128928394,0.24488142225281598,0.8177723665059289
random,spatial_knn,5,BCAS1,0.20902881341749924,0.14685173366559312,0.6519252102121075
random,spatial_knn,5,PTGDS,0.09942364315934962,0.10161912877569475,0.9745937250151128
random,spatial_knn,5,SAA2,0.2553328256970458,0.24835600681311204,0.35589734906003523
random,spatial_knn,5,SEPT4,0.18873521754210232,0.152629975177694,0.8498736726645303
random,spatial_knn,5,TFF3,0.22571905588180524,0.24085961226838412,0.8588988109707697
random,spatial_knn,5,HPCAL1,0.11945901173526571,0.11596086073577883,0.9496175162228783
random,spatial_knn,5,S100A11,0.2670236196584195,0.22952858796024947,0.8551994003218591
random,spatial_knn,5,ALB,0.3371851404176211,0.15130589434705638,0.15270288907020202
random,spatial_knn,5,RNASE1,0.19344434113799092,0.15015210219050276,0.8531937127830098
random,spatial_knn,5,TMEM144,0.22371111261739463,0.15700793412976344,0.5684670180114763
random,spatial_knn,5,ENPP2,0.19659586917408367,0.12093304979287589,0.6495535044814104
random,spatial_knn,5,MAL,0.21513292169686016,0.1685048542933002,0.643825035362728
random,spatial_knn,5,NKX6-2,0.1968454306204912,0.14933125919831766,0.47431298877894973
random,spatial_knn,5,HSPA2,0.20935697500585898,0.1436188220685222,0.5903296307009824
random,spatial_knn,5,G0S2,0.1936299455457592,0.1970750764049059,0.4621464483145833
random,spatial_knn,5,DAPP1,-0.00847171825070304,-0.01141006703956626,0.0759406635119725
random,spatial_knn,5,AC005837.3,-0.0009981506433845168,-0.0011116594795226957,0.02199300198935215
random,spatial_knn,5,DTHD1,,,0.003753560164594004
random,spatial_knn,5,HOXA5,-0.001316061636877528,-0.002530296191284215,0.04696731917705243
random,spatial_knn,5,Z82188.2,-0.0011100471686797818,-0.0014262054432857075,0.0213434259878279
random,spatial_knn,5,PLAC1,-0.000620938602462925,-0.0008915913357693467,0.033383404657752476
random,spatial_knn,5,TNC,0.014355740793554412,0.03389069546322543,0.21339753909640655
random,spatial_knn,5,INTS3,0.012914115799524705,0.009838982084741413,0.5386497582643104
random,spatial_knn,5,ZFP36L1,0.01631791734624751,0.020204317996553037,0.5514346816956234
random,spatial_knn,5,PSD2-AS1,-0.0012838406953999803,-0.0016838516718508418,0.026840341186108143
random,spatial_knn,5,CU634019.6,-0.003487132463276796,-0.004838899269301776,0.06368894574483745
random,spatial_knn,5,MYBL2,-0.011055697417872587,-0.015472731996035837,0.11699573042019441
random,spatial_knn,5,GDPD3,0.003521523506739425,-0.007786049020863784,0.1403858654065324
random,spatial_knn,5,CDHR5,0.0,0.0,0.0
random,spatial_knn,5,CST7,-0.005849124476672589,-0.008205947805339205,0.07281636550027536
random,spatial_knn,5,TXK,-0.001765839318822708,-0.00233680719578112,0.047301681828663344
random,spatial_knn,5,AC125807.2,-0.0005040479076976376,-0.0008136515029155858,0.026678824046307087
random,spatial_knn,5,HRK,-0.00443485203970013,0.0031105776322372615,0.26937522882492976
random,spatial_knn,5,AL132780.2,-0.002076722771017881,-0.0024190094308428043,0.05248390741159485
random,spatial_knn,5,BPI,,,0.006800365302479174
random,spatial_knn,5,GALNT5,-0.012494666658134354,0.0047480073911886096,0.15333066396197703
random,spatial_knn,5,TAT,-0.0008040393122419262,-0.0010301699199445095,0.020795927906116847
random,spatial_knn,5,EXOC3L4,-0.0015510319694930674,-0.0022667155566281345,0.04378941443536467
random,spatial_knn,5,TJP1,0.018404843902776077,0.02150367360669803,0.5860818611732433
random,spatial_knn,5,PNMA3,0.007642871888665552,0.014151562273075605,0.5476803024589972
random,spatial_knn,5,SLC22A8,-0.0007483975684289414,-0.0008136515029155858,0.031241944300968653
random,spatial_knn,5,PALM2-AKAP2,-0.0005355365138124888,-0.0008136515029155858,0.0283621088075455
random,spatial_knn,5,HMGN1,0.039087792742000124,0.048303081660411355,0.612013801697213
random,spatial_knn,5,AC004594.1,-0.00042189535092960746,-0.0004692692089438357,0.01222769810005905
random,spatial_knn,5,F3,0.013323389723737897,0.021278884195293186,0.5490871200465167
random,spatial_knn,5,PSME2,0.02686760454190056,0.031453786049849226,0.559959487349339
random,spatial_knn,5,FOXP3,-0.004531092486996922,-0.0068856664114831725,0.0702276211378848
random,spatial_knn,5,AC113414.1,-0.000645123574855016,-0.0010083737797815177,0.01939286748156235
random,spatial_knn,5,CHI3L2,0.08230987184041912,0.065666270211737,0.09527189412311349
random,spatial_knn,5,HOXC-AS1,0.013855547762686785,0.029900845974918593,0.05173153996714713
random,spatial_knn,5,RBM15B,-0.019743601276389414,-0.021366277553142965,0.4743877793773438
random,spatial_knn,5,AC087762.1,,,0.001443056485812548
random,spatial_knn,5,EDA2R,-0.002063350670965943,-0.003042637014282942,0.0396788283043407
random,spatial_knn,5,AC012354.1,,,0.005027437507829301
random,spatial_knn,5,DEFB134,-0.0006936179583830041,-0.0008908428863979911,0.022579018084874735
random,spatial_knn,5,APLNR,0.04702597362707082,0.029410408092202342,0.2673893798432578
random,spatial_knn,5,IFNG,,,0.00401370819252681
random,spatial_knn,5,APOBEC3F,-0.006356092977425661,-0.008441704998760707,0.08450141728767
random,spatial_knn,5,AC025164.1,-0.006365748260679587,-0.008685766938727604,0.06387880966658332
random,spatial_knn,5,CAPN9,0.016597466259430926,0.026259332218976604,0.07420585937883566
random,spatial_knn,5,AP001360.1,-0.0013303170045925938,-0.0016759269406872738,0.04341820407771783
random,spatial_knn,5,AC133644.2,-0.0015447190915579198,-0.0019284859826350497,0.04086632897218539
random,spatial_knn,5,FXYD3,0.08913642640441839,0.09898785998080999,0.5471746168401763
random,spatial_knn,5,PAPOLB,-0.00045094722343413506,-0.0004692692089438357,0.040078853086771574
random,spatial_knn,5,TSPO,0.021809734547317904,0.02598786484317983,0.5710010663171196
random,spatial_knn,5,CLEC4F,,,0.0032978264559724644
random,spatial_knn,5,AC009093.4,,,0.016422572242534867
random,spatial_knn,5,AC019077.1,-0.0013393701321156425,-0.0029497465649590262,0.05214238641793377
random,spatial_knn,5,ICAM3,-0.008594743273976531,0.0006628216049061872,0.1646419235186712
random,spatial_knn,5,LRRC3,-0.005323917702681053,-0.0077542081899214296,0.07322321100798673
random,spatial_knn,5,MTA1,-0.0006422312477375783,-0.00933785646241932,0.4569023099372191
random,spatial_knn,5,AC015712.4,,,0.010541515210874312
random,spatial_knn,5,CEP55,-0.004471436432459085,-0.005384539865030188,0.0705459628081104
random,spatial_knn,5,HIST1H1D,-0.0009677057459443205,-0.0012957240928514115,0.025588721060770685
random,spatial_knn,5,AC003986.2,-0.0004358169625282225,-0.0004692692089438357,0.022559238243033405
random,spatial_knn,5,RIF1,0.01508885443258158,0.010754948448756397,0.4126577820628838
random,spatial_knn,5,C1orf116,0.0373561554238364,0.0019558296061777986,0.08550822792191824
random,spatial_knn,5,TMEM270,,,0.010400652363205223
random,spatial_knn,5,AL078639.1,0.11110418143218427,0.09331735539565325,0.5251038003483101
random,spatial_knn,5,LINC00607,-0.0020252168456642078,-0.002731594282145282,0.042409035390675594
random,spatial_knn,5,AC010267.1,0.0,0.0,0.0
random,spatial_knn,5,AC103855.1,,,0.0055867307161900125
random,spatial_knn,5,HEPACAM,0.03824747607196987,0.025257735745966754,0.7060220697172769
random,spatial_knn,5,CLCF1,-0.005317439641348433,-0.0072334517009465474,0.05507665976651834
random,spatial_knn,5,RARRES3,0.07108512774759115,0.08328295861149355,0.5433963488087374
random,spatial_knn,5,SIRPB2,,,0.0027932940701973583
random,spatial_knn,5,CCL26,-0.001365228470691363,-0.0016284990754904035,0.046673215771106044
random,spatial_knn,5,SCGB2A1,0.11517831549524002,0.16951149047802797,0.4830253970169847
random,spatial_knn,5,AL162408.1,,,0.0012991425386582173
random,spatial_knn,5,AC018754.1,-0.003055068626842348,-0.003907195184162268,0.050633693430328246
random,spatial_knn,5,AF165147.1,-0.0010919261029084765,-0.0012610328052521662,0.01817659217717591
random,spatial_knn,5,ART4,-0.00044658057760013105,-0.0004692692089438357,0.023887690137593107
random,spatial_knn,5,Z82214.2,0.0424549588150946,0.07319636260566655,0.09490679825142531
random,spatial_knn,5,RCC1,-0.010432369961904355,-0.0057017077559499045,0.18755009881618162
random,spatial_knn,5,MS4A1,0.10374785587244634,0.1100133385425933,0.0695325750979437
random,spatial_knn,5,LDB2,0.047033075111375514,0.05357416829484944,0.6941424690022323
random,spatial_knn,5,AC025682.1,-0.002520252267367982,-0.0032357155829163676,0.03676354492464638
random,spatial_knn,5,AC061992.1,-0.00166245890812242,-0.002126428465410923,0.0442210329124339
random,spatial_knn,5,AC012360.3,-0.015643134155017564,-0.021478572802168784,0.10432978641902535
random,spatial_knn,5,GATA2-AS1,-0.004700421026183549,-0.005962885108676099,0.05749095513949561
random,spatial_knn,5,AP000238.1,,,0.008298428671304894
random,spatial_knn,5,ZNF670-ZNF695,,,0.004062362241064097
random,spatial_knn,5,AC097381.3,-0.00135333902934659,-0.0015446054569489532,0.036438154782281906
random,spatial_knn,5,ALKAL1,-0.001676855985207637,-0.0033014898442529617,0.0643693365994736
random,spatial_knn,5,ITIH6,-0.0006508227117633421,-0.0008136515029155858,0.02090930793057726
random,spatial_knn,5,AC040162.1,0.025535136298658292,0.027925403658411358,0.11184979983804415
random,spatial_knn,5,MFAP2,0.0012945115942850508,0.0198867675382183,0.18585588150204588
random,spatial_knn,5,HOXA10,-0.002412475913184799,-0.0036534481496949688,0.04834296012101589
random,spatial_knn,5,IRX2,0.05040922058934996,0.072631849359362,0.3143471757496336
random,spatial_knn,5,AC010457.1,-0.0014469851093978107,-0.002029809250538875,0.026072967555358092
random,spatial_knn,5,ASPN,0.001624494026878984,0.01571149228074879,0.1677445250859552
random,spatial_knn,5,DDR1,0.04530832987053636,0.041813330536746886,0.6840507784486606
random,spatial_knn,5,MRE11,-0.005086043717283779,0.0010989846680932273,0.2073139881330506
random,spatial_knn,5,PLA1A,-0.005604277008803613,-0.006956817675374296,0.08525853936620387
random,spatial_knn,5,RPEL1,0.05109875225896669,0.055381725338716006,0.038592313701601565
random,pca_ridge,6,SCGB2A2,0.2933565261347879,0.301084347420318,1.461560845375061
random,pca_ridge,6,SCGB1D2,0.2359095372782369,0.24479598818936446,1.1463452577590942
random,pca_ridge,6,MBP,0.5472827042952819,0.4276273993034448,1.0097880363464355
random,pca_ridge,6,GFAP,0.47649950032050326,0.4154175524478083,1.0637530088424683
random,pca_ridge,6,PLP1,0.5291551623627442,0.3850364669609799,1.0768860578536987
random,pca_ridge,6,SAA1,0.14836652355427649,0.12641951680919483,0.8180451989173889
random,pca_ridge,6,MGP,0.15893921866086302,0.14197886528750944,1.0419403314590454
random,pca_ridge,6,IGKC,0.08585763263766633,0.07203142933277523,1.006106972694397
random,pca_ridge,6,FABP4,0.15335618557880207,0.1236085283546996,0.7365974187850952
random,pca_ridge,6,MOBP,0.5035938805001834,0.3048539484194045,0.7326685190200806
random,pca_ridge,6,HBB,0.08530950852079502,0.08864467143839232,0.8192038536071777
random,pca_ridge,6,NEFL,0.4772107093316033,0.4152524988106564,0.8927717208862305
random,pca_ridge,6,TF,0.5041294394377893,0.3243605766910938,0.8181765675544739
random,pca_ridge,6,IGHG3,0.038063886846347365,0.045629429667344505,0.4903293550014496
random,pca_ridge,6,CNP,0.4672314329702804,0.30845435479775957,0.9513288736343384
random,pca_ridge,6,CPB1,0.06970125696479669,0.08107759878828485,0.4762599468231201
random,pca_ridge,6,CRYAB,0.45969957491136704,0.32933799573385775,0.9723368883132935
random,pca_ridge,6,IGHA1,0.05703264314771757,0.049459717246375254,0.654184103012085
random,pca_ridge,6,KRT8,0.27340785488396946,0.20873492082466966,0.8727228045463562
random,pca_ridge,6,MUC1,0.23563736292549192,0.22367463321641573,0.9384543895721436
random,pca_ridge,6,KRT19,0.2077918343753073,0.19490206269186952,0.982103705406189
random,pca_ridge,6,IGLC2,0.06243842555305253,0.047559218392827785,0.6918516159057617
random,pca_ridge,6,TFF1,0.13905750571176356,0.1509747918304288,0.8038076162338257
random,pca_ridge,6,MAG,0.47380580002200456,0.29892805696659497,0.6281102895736694
random,pca_ridge,6,ERMN,0.4565407035235616,0.2803879872341295,0.5596203804016113
random,pca_ridge,6,CLDN11,0.45573941271180174,0.2813732466277946,0.5953910946846008
random,pca_ridge,6,CLDND1,0.4302051739010667,0.28734297108271256,0.7930541634559631
random,pca_ridge,6,SPP1,0.46925999659256756,0.31019434624024744,0.6869990229606628
random,pca_ridge,6,PPP1R14A,0.4407786236610761,0.27735697917645064,0.7243776917457581
random,pca_ridge,6,S100B,0.34976256971617303,0.2792797119677445,0.973364531993866
random,pca_ridge,6,MOG,0.4426264324569335,0.26868040222101475,0.4762738347053528
random,pca_ridge,6,MALAT1,0.20710400328828538,0.2414381781916748,1.01909601688385
random,pca_ridge,6,CARNS1,0.41591835400976296,0.2556238084463009,0.5159205794334412
random,pca_ridge,6,IGHG4,0.025788434422557245,0.02919789198576214,0.4760447144508362
random,pca_ridge,6,KRT18,0.2576719201430837,0.2063859064826665,0.7910756468772888
random,pca_ridge,6,BCAS1,0.40580115164139285,0.25902941807926405,0.599426805973053
random,pca_ridge,6,PTGDS,0.33105501424598266,0.2946845604445197,0.9082400798797607
random,pca_ridge,6,SAA2,0.08692744083520143,0.08339995806970746,0.3873017728328705
random,pca_ridge,6,SEPT4,0.37834371103278597,0.28069960799623894,0.7832029461860657
random,pca_ridge,6,TFF3,0.1554203368710988,0.14770848248192398,0.8424291610717773
random,pca_ridge,6,HPCAL1,0.23177811538934506,0.24617931294333617,0.8998640179634094
random,pca_ridge,6,S100A11,0.25634466909531595,0.19131487497522834,0.8505929708480835
random,pca_ridge,6,ALB,0.019866200706132493,0.011393350021190985,0.1761430948972702
random,pca_ridge,6,RNASE1,0.38207138085418535,0.256057067523038,0.7825906872749329
random,pca_ridge,6,TMEM144,0.4200402392127725,0.25508843264385,0.5134266018867493
random,pca_ridge,6,ENPP2,0.41815581530143614,0.2742227705301573,0.578654408454895
random,pca_ridge,6,MAL,0.3826359281096623,0.24235939086559555,0.5932319760322571
random,pca_ridge,6,NKX6-2,0.3862543849734308,0.2427886327172818,0.449616938829422
random,pca_ridge,6,HSPA2,0.38636027552531516,0.23233198274675268,0.5498766899108887
random,pca_ridge,6,G0S2,0.11627930630132362,0.09630393770212911,0.46882858872413635
random,pca_ridge,6,DAPP1,0.011593810017630563,0.014886938960389588,0.06200931966304779
random,pca_ridge,6,AC005837.3,,,0.0013125552795827389
random,pca_ridge,6,DTHD1,,,0.0012239867355674505
random,pca_ridge,6,HOXA5,0.010297365369929675,0.013898720245408823,0.03355705738067627
random,pca_ridge,6,Z82188.2,0.0033475019893956697,0.004687912729746661,0.02893686853349209
random,pca_ridge,6,PLAC1,-0.014723620147173681,-0.01539137484240856,0.018347084522247314
random,pca_ridge,6,TNC,0.10662256517063329,0.07153962864673288,0.18656189739704132
random,pca_ridge,6,INTS3,0.09942092210823654,0.1633932636258308,0.5104947090148926
random,pca_ridge,6,ZFP36L1,0.13502352557274144,0.10627196750050787,0.5206810832023621
random,pca_ridge,6,PSD2-AS1,0.014907165071484029,0.01784142768414245,0.014606593176722527
random,pca_ridge,6,CU634019.6,0.02084382222423507,0.02269678701397977,0.06103608384728432
random,pca_ridge,6,MYBL2,0.0008509245674556114,0.007224425669850263,0.10284493863582611
random,pca_ridge,6,GDPD3,-0.011515795915557873,-0.009176869359376325,0.1397741287946701
random,pca_ridge,6,CDHR5,,,0.0006057830178178847
random,pca_ridge,6,CST7,-0.012338823158436322,-0.015901402042173524,0.07943487912416458
random,pca_ridge,6,TXK,0.002966333054516017,0.004551116174472862,0.016776205971837044
random,pca_ridge,6,AC125807.2,0.02057564546803056,0.021545457495300308,0.01550025213509798
random,pca_ridge,6,HRK,0.10264322831969148,0.13450231571357862,0.2563076317310333
random,pca_ridge,6,AL132780.2,-0.010951158098209898,-0.0032870033888313097,0.04161890596151352
random,pca_ridge,6,BPI,,,0.0009714195621199906
random,pca_ridge,6,GALNT5,0.03125896322292572,0.028859336203629158,0.1315007358789444
random,pca_ridge,6,TAT,0.001754010580361612,0.002520213465262234,0.014598498120903969
random,pca_ridge,6,EXOC3L4,-0.0042700037018183114,-0.005268551210241913,0.047825880348682404
random,pca_ridge,6,TJP1,0.1673577943478813,0.14433721530248536,0.5446408987045288
random,pca_ridge,6,PNMA3,0.1755007245678385,0.24295791884348367,0.5205694437026978
random,pca_ridge,6,SLC22A8,0.020750342794497088,0.021324478445246837,0.018004758283495903
random,pca_ridge,6,PALM2-AKAP2,-0.0107540738524321,-0.01395851006999114,0.02219368889927864
random,pca_ridge,6,HMGN1,0.08720710768436873,0.11697187553907269,0.5838105082511902
random,pca_ridge,6,AC004594.1,,,0.0006473015528172255
random,pca_ridge,6,F3,0.0894536828886644,0.08686080116951733,0.5016158223152161
random,pca_ridge,6,PSME2,0.02401368004732136,0.07113272570167986,0.5318351984024048
random,pca_ridge,6,FOXP3,0.023943914987465287,0.026161008729090492,0.07134897261857986
random,pca_ridge,6,AC113414.1,0.01316776787167313,0.016441893693449797,0.014562802389264107
random,pca_ridge,6,CHI3L2,0.02770147013692821,0.034368376371261375,0.08283824473619461
random,pca_ridge,6,HOXC-AS1,0.019165353424112512,0.0184361011140126,0.07371338456869125
random,pca_ridge,6,RBM15B,0.07718768804756099,0.13303830724789995,0.43113037943840027
random,pca_ridge,6,AC087762.1,,,0.0005306319217197597
random,pca_ridge,6,EDA2R,0.004891468914103796,0.006153708771492091,0.047309476882219315
random,pca_ridge,6,AC012354.1,,,0.0011475280625745654
random,pca_ridge,6,DEFB134,0.008707984796067951,0.011422512386397306,0.038326602429151535
random,pca_ridge,6,APLNR,0.15293214312911907,0.11720114125240887,0.2529156506061554
random,pca_ridge,6,IFNG,-0.005949866731571274,-0.007949984438436817,0.021575387567281723
random,pca_ridge,6,APOBEC3F,0.0382674147782438,0.015591824336275926,0.06840109080076218
random,pca_ridge,6,AC025164.1,0.01873424452593238,0.013824113619706776,0.07910531014204025
random,pca_ridge,6,CAPN9,0.012846545543156463,0.007393300462291163,0.09803158044815063
random,pca_ridge,6,AP001360.1,0.021725929424901737,0.019950450145282638,0.042949460446834564
random,pca_ridge,6,AC133644.2,-0.005370126792346729,-0.003697604596926106,0.04029978811740875
random,pca_ridge,6,FXYD3,0.17262288607630022,0.13770448923164416,0.5504621863365173
random,pca_ridge,6,PAPOLB,,,0.0007698393310420215
random,pca_ridge,6,TSPO,0.1024868438480265,0.07260975704286754,0.5420652031898499
random,pca_ridge,6,CLEC4F,-0.004044305263990543,-0.005466600815046892,0.013878803700208664
random,pca_ridge,6,AC009093.4,-0.00908477784558251,-0.012011789856354238,0.012337945401668549
random,pca_ridge,6,AC019077.1,-0.019243196307818726,-0.022361912697019933,0.04891570657491684
random,pca_ridge,6,ICAM3,0.010386815228019347,0.0167034352120954,0.15337426960468292
random,pca_ridge,6,LRRC3,-0.016495268822497647,-0.021839171892558164,0.038402408361434937
random,pca_ridge,6,MTA1,0.08090914349187192,0.1429627617466393,0.4432045817375183
random,pca_ridge,6,AC015712.4,0.0014965931499676443,0.005362575919473502,0.030827529728412628
random,pca_ridge,6,CEP55,-0.03348718884106334,-0.015930565215929605,0.0548238679766655
random,pca_ridge,6,HIST1H1D,0.013347607155821313,0.00982916936911095,0.0283429566770792
random,pca_ridge,6,AC003986.2,,,0.0013300939463078976
random,pca_ridge,6,RIF1,0.08242306255102089,0.14205452216280315,0.4018917977809906
random,pca_ridge,6,C1orf116,-0.032529540685004105,-0.03146287105946691,0.08836910873651505
random,pca_ridge,6,TMEM270,,,0.0012843976728618145
random,pca_ridge,6,AL078639.1,0.07510620703743237,0.041323076375044634,0.5231015682220459
random,pca_ridge,6,LINC00607,-0.008798529319070618,-0.013691243838242306,0.028460389003157616
random,pca_ridge,6,AC010267.1,,,0.0005731368437409401
random,pca_ridge,6,AC103855.1,-0.0019589306131255354,-0.0020887781747580517,0.00969118345528841
random,pca_ridge,6,HEPACAM,0.19170539925194793,0.14697223156644706,0.677586019039154
random,pca_ridge,6,CLCF1,-0.016997776830978105,-0.012161587581307448,0.05068419128656387
random,pca_ridge,6,RARRES3,0.126209194520275,0.10625522149685193,0.5286315679550171
random,pca_ridge,6,SIRPB2,,,0.0009679908980615437
random,pca_ridge,6,CCL26,-0.01210370883341169,-0.016968897865709986,0.03744085133075714
random,pca_ridge,6,SCGB2A1,0.09402829327443302,0.09047294723959094,0.462148517370224
random,pca_ridge,6,AL162408.1,,,0.0004907033871859312
random,pca_ridge,6,AC018754.1,-0.01785803790381959,-0.020336235509565377,0.03612270578742027
random,pca_ridge,6,AF165147.1,-0.011104804584162829,-0.014242625992619764,0.04547027125954628
random,pca_ridge,6,ART4,,,0.0008194317924790084
random,pca_ridge,6,Z82214.2,0.0742540662802149,0.044912211421890974,0.07159177958965302
random,pca_ridge,6,RCC1,0.006227733796766723,0.008525804269811406,0.17705103754997253
random,pca_ridge,6,MS4A1,0.035312599957340846,0.03168934587877686,0.038964465260505676
random,pca_ridge,6,LDB2,0.2167100436678266,0.270525307240237,0.6488462686538696
random,pca_ridge,6,AC025682.1,-0.011670443332064408,-0.014758243778832078,0.0145747484639287
random,pca_ridge,6,AC061992.1,0.0062199917895824405,0.0009637746838095727,0.044824857264757156
random,pca_ridge,6,AC012360.3,0.03532041803048391,0.037362489347596166,0.0912935733795166
random,pca_ridge,6,GATA2-AS1,-0.010537944045332525,-0.006399247144546028,0.04525186866521835
random,pca_ridge,6,AP000238.1,,,0.0013938333140686154
random,pca_ridge,6,ZNF670-ZNF695,,,0.0005763214430771768
random,pca_ridge,6,AC097381.3,-0.0035594762183055835,0.003766696472022446,0.040609002113342285
random,pca_ridge,6,ALKAL1,-0.021024729892871033,-0.019508766960575834,0.05197146162390709
random,pca_ridge,6,ITIH6,0.00030682285630394946,-0.002046990944034017,0.046248771250247955
random,pca_ridge,6,AC040162.1,0.007204392136744658,0.009565088812990516,0.10598761588335037
random,pca_ridge,6,MFAP2,0.036969287860221745,0.03939864466851682,0.17594105005264282
random,pca_ridge,6,HOXA10,0.0019735511165153994,0.0021078183080741695,0.05836196616292
random,pca_ridge,6,IRX2,0.0778965062551911,0.0666357514780804,0.27807408571243286
random,pca_ridge,6,AC010457.1,-0.0032364702478215844,-0.011479296227318827,0.048118166625499725
random,pca_ridge,6,ASPN,0.031142027337058443,0.027864007367293015,0.17297939956188202
random,pca_ridge,6,DDR1,0.15590369731484044,0.11666252029201139,0.6434009075164795
random,pca_ridge,6,MRE11,-0.003521874636741764,0.04417224063509987,0.21559052169322968
random,pca_ridge,6,PLA1A,0.02035995206020104,0.014087691369012884,0.06070699915289879
random,pca_ridge,6,RPEL1,0.011988037969434666,0.015318713784603418,0.05110625550150871
random,spatial_knn,6,SCGB2A2,0.7197343451705285,0.7126203049248464,1.0657815748965878
random,spatial_knn,6,SCGB1D2,0.6021250443580608,0.6008341404693788,0.9480396711362685
random,spatial_knn,6,MBP,0.5089524060122564,0.457761240658264,1.047820238669569
random,spatial_knn,6,GFAP,0.22629221474506356,0.20767162152446697,1.2081297812690044
random,spatial_knn,6,PLP1,0.46341063280800143,0.3878212149947231,1.138735225876204
random,spatial_knn,6,SAA1,0.5121356846672415,0.4609658771007833,0.7179545993513943
random,spatial_knn,6,MGP,0.4405951095597639,0.41002698068315,0.9570103430327338
random,spatial_knn,6,IGKC,0.3521841878524844,0.3427892857059344,0.963133402989627
random,spatial_knn,6,FABP4,0.44980181769518846,0.39344396885847205,0.6752937631681118
random,spatial_knn,6,MOBP,0.40023934893023494,0.27664855457576365,0.7881984187148637
random,spatial_knn,6,HBB,0.3481588131022247,0.2689557770800125,0.7819988754184938
random,spatial_knn,6,NEFL,0.18318022238550374,0.16862201973977553,1.0293123702889935
random,spatial_knn,6,TF,0.34402342454890267,0.2583280218989934,0.9039545054117714
random,spatial_knn,6,IGHG3,0.26819981181737007,0.19391483590019953,0.4841492512519368
random,spatial_knn,6,CNP,0.32872188510918365,0.25314501338949613,1.03265551177365
random,spatial_knn,6,CPB1,0.3638921787402889,0.3340327376099224,0.45144326584058514
random,spatial_knn,6,CRYAB,0.2987166531753459,0.24000132011266415,1.0638065868143527
random,spatial_knn,6,IGHA1,0.2716332850360527,0.2684707489136607,0.6439384823269918
random,spatial_knn,6,KRT8,0.35301898230091067,0.32077401751591517,0.8590822056747782
random,spatial_knn,6,MUC1,0.3251144657093503,0.3356433469805393,0.9293235644525446
random,spatial_knn,6,KRT19,0.3118656959812316,0.3078144664288435,0.9725394688072395
random,spatial_knn,6,IGLC2,0.26004281473842894,0.24072369820653491,0.6837696466259144
random,spatial_knn,6,TFF1,0.34125542961519156,0.34489589853052505,0.7741068991284079
random,spatial_knn,6,MAG,0.2880104194848411,0.21965287260575653,0.6992080783621677
random,spatial_knn,6,ERMN,0.2968844560076881,0.21688302111742927,0.6129396103775123
random,spatial_knn,6,CLDN11,0.2929368389479601,0.2041761054837205,0.6531436400331722
random,spatial_knn,6,CLDND1,0.2791718642466666,0.21442555842680483,0.8612493804951186
random,spatial_knn,6,SPP1,0.3164660879499012,0.22731031398275006,0.7484479343280673
random,spatial_knn,6,PPP1R14A,0.2838567314806871,0.1952644302713031,0.7892251185360676
random,spatial_knn,6,S100B,0.14739011609028338,0.11732778099409492,1.0633439922087033
random,spatial_knn,6,MOG,0.26110495576544157,0.19039503618542056,0.52492115282123
random,spatial_knn,6,MALAT1,0.19639603951402296,0.18894339708097901,1.0519851553585107
random,spatial_knn,6,CARNS1,0.20715688809494148,0.15614802691762214,0.5722276147288377
random,spatial_knn,6,IGHG4,0.2091948894197901,0.14945712658132887,0.4759075613793292
random,spatial_knn,6,KRT18,0.28082144294311784,0.27336869989986706,0.7993024282125175
random,spatial_knn,6,BCAS1,0.27638408611121323,0.20901786921246568,0.6415359325994096
random,spatial_knn,6,PTGDS,0.12168446853970943,0.1290030526284027,0.9850676153384559
random,spatial_knn,6,SAA2,0.28709342619003686,0.297795437762702,0.377890904913358
random,spatial_knn,6,SEPT4,0.2172801109121284,0.1669198297559515,0.8493504980870272
random,spatial_knn,6,TFF3,0.22151280006047686,0.23581174639187383,0.8524351351593576
random,spatial_knn,6,HPCAL1,0.1395282736118474,0.14066238800150388,0.9458466735866257
random,spatial_knn,6,S100A11,0.25457292205031345,0.2141948845137384,0.8698136790899262
random,spatial_knn,6,ALB,0.2046991776446566,0.12158053166543434,0.1782353722804614
random,spatial_knn,6,RNASE1,0.2316958299767718,0.17637066802816168,0.843053604918574
random,spatial_knn,6,TMEM144,0.2111692895042362,0.14798060415053485,0.5689280511615613
random,spatial_knn,6,ENPP2,0.21570193959223732,0.1544936011389259,0.6403200713121295
random,spatial_knn,6,MAL,0.2535342214980316,0.18016734925202513,0.6332993170477176
random,spatial_knn,6,NKX6-2,0.20812371141056246,0.14483830831287534,0.48974232948861807
random,spatial_knn,6,HSPA2,0.23221554980667902,0.15687113184000892,0.5930748353547028
random,spatial_knn,6,G0S2,0.2631209426601305,0.24083625432776248,0.462305750667546
random,spatial_knn,6,DAPP1,-0.004918143323032198,-0.007852087384385276,0.06886208602757718
random,spatial_knn,6,AC005837.3,,,0.006286561187540232
random,spatial_knn,6,DTHD1,,,0.008453002487162806
random,spatial_knn,6,HOXA5,-0.0015583448522742639,-0.0022331569235429865,0.03781948047451932
random,spatial_knn,6,Z82188.2,-0.0010082668283131104,-0.0011716651219268234,0.03008505128804648
random,spatial_knn,6,PLAC1,-0.0010912685942937993,-0.001394709945429004,0.020013328171498562
random,spatial_knn,6,TNC,0.016372701758486912,0.03312536262912296,0.19439824161457706
random,spatial_knn,6,INTS3,0.005595214327434126,0.01619154421805539,0.5386461106464401
random,spatial_knn,6,ZFP36L1,0.021987824784058974,0.009985713528146447,0.5493411031865865
random,spatial_knn,6,PSD2-AS1,-0.0008262858914638764,-0.0009861054352247212,0.015545243449060619
random,spatial_knn,6,CU634019.6,-0.003259251577560331,-0.004838899269301776,0.06357541441436931
random,spatial_knn,6,MYBL2,-0.007164043404547084,-0.000563572875048279,0.1059636219190798
random,spatial_knn,6,GDPD3,0.00246531264320006,0.0027654873812599005,0.1427850990317992
random,spatial_knn,6,CDHR5,,,0.00468562762061731
random,spatial_knn,6,CST7,0.005274531498644028,0.013969898870569056,0.08539795508129508
random,spatial_knn,6,TXK,-0.0009827582119852267,-0.0013321819704462691,0.02093510371746081
random,spatial_knn,6,AC125807.2,-0.0007731570013008883,-0.0009161192079399559,0.01650922048702177
random,spatial_knn,6,HRK,0.011764691819406278,0.02583325295826952,0.2724477803980938
random,spatial_knn,6,AL132780.2,-0.0014139138609330177,-0.0018360925395328484,0.0426910996247829
random,spatial_knn,6,BPI,,,0.00754344680767466
random,spatial_knn,6,GALNT5,0.007133211018571214,0.03567975259314816,0.13905643997065903
random,spatial_knn,6,TAT,-0.0009323965130366057,-0.0011905380693428718,0.017232361915399244
random,spatial_knn,6,EXOC3L4,-0.0019911833039717927,-0.002871487275366901,0.048844059223033025
random,spatial_knn,6,TJP1,0.02281279452511773,0.026906412495896145,0.5816708537897023
random,spatial_knn,6,PNMA3,0.011251800128639392,0.019391641611809184,0.5557128843270553
random,spatial_knn,6,SLC22A8,-0.0007375874820703522,-0.0008404238813453747,0.018724420667729034
random,spatial_knn,6,PALM2-AKAP2,-0.0005033096401396806,-0.0005141125932779818,0.0224132086968738
random,spatial_knn,6,HMGN1,0.034637739936095924,0.04214419401907044,0.6121841306402775
random,spatial_knn,6,AC004594.1,,,0.0022541530476283987
random,spatial_knn,6,F3,0.017202177835066168,0.029476059630401404,0.5312782833277093
random,spatial_knn,6,PSME2,0.032895529709488856,0.033988274849370156,0.5538546294087064
random,spatial_knn,6,FOXP3,-0.005660046320556942,-0.007500175805201608,0.07332624001108419
random,spatial_knn,6,AC113414.1,-0.0007947304126359532,-0.0008404238813453747,0.014908126181511768
random,spatial_knn,6,CHI3L2,0.05797557993688789,0.006512129198275911,0.0855968036453917
random,spatial_knn,6,HOXC-AS1,0.0021139979038490683,0.019475847477068924,0.07666872123104959
random,spatial_knn,6,RBM15B,0.014297905991513994,0.017350353685886524,0.45431870442413913
random,spatial_knn,6,AC087762.1,,,0.006679367707947655
random,spatial_knn,6,EDA2R,-0.0026374006852604753,-0.0033014898442529617,0.048311991805743165
random,spatial_knn,6,AC012354.1,,,0.004558500945587814
random,spatial_knn,6,DEFB134,-0.0005763018645475364,-0.0009161192079399559,0.03997700912111859
random,spatial_knn,6,APLNR,0.03383981943907585,0.03192346048039688,0.2679632583582818
random,spatial_knn,6,IFNG,-0.0003783154960973348,-0.0004692692089438357,0.02194979333042909
random,spatial_knn,6,APOBEC3F,-0.005110660179329075,-0.00674131808061457,0.07119823632100337
random,spatial_knn,6,AC025164.1,-0.003315401435217016,0.010021848581584657,0.08160761500668925
random,spatial_knn,6,CAPN9,-0.008843364024060017,-0.011946725163481652,0.10032927191930044
random,spatial_knn,6,AP001360.1,-0.002574079279336559,-0.0036265617527236507,0.04516972672369654
random,spatial_knn,6,AC133644.2,0.032473293370271994,0.09857803463212839,0.04098797869179517
random,spatial_knn,6,FXYD3,0.10982338808696357,0.12117125818406548,0.5733751176995641
random,spatial_knn,6,PAPOLB,,,0.005809186048859681
random,spatial_knn,6,TSPO,0.023678058025093294,0.029898881960290453,0.5697376640822
random,spatial_knn,6,CLEC4F,-0.0004993273922346753,-0.0005553633298168968,0.014131864960998868
random,spatial_knn,6,AC009093.4,-0.0008524960872394443,-0.0009633321364049813,0.01395770666318977
random,spatial_knn,6,AC019077.1,-0.00223984178353622,-0.0030129217592095646,0.05094878029676564
random,spatial_knn,6,ICAM3,-0.019022987633867654,-0.02183857955721358,0.16360991673361247
random,spatial_knn,6,LRRC3,-0.0040356170830310335,-0.004831392198373448,0.04106316865707921
random,spatial_knn,6,MTA1,0.003373925030681362,0.005077769752425261,0.4669848555232987
random,spatial_knn,6,AC015712.4,-0.001138004766079307,-0.0012957240928514115,0.03140116713276841
random,spatial_knn,6,CEP55,-0.0036387798452721374,-0.005217355462279324,0.058393950140097704
random,spatial_knn,6,HIST1H1D,-0.0010336803516148877,-0.0015870978900650488,0.02997134227890431
random,spatial_knn,6,AC003986.2,,,0.0081407976431589
random,spatial_knn,6,RIF1,0.0038217401551770783,-0.0001616167548805397,0.42464018586579855
random,spatial_knn,6,C1orf116,-0.009894869923251007,-0.014072700693988895,0.09280494011741329
random,spatial_knn,6,TMEM270,,,0.00392032379314486
random,spatial_knn,6,AL078639.1,0.10468461816626572,0.10652518557763554,0.538869529542241
random,spatial_knn,6,LINC00607,-0.0014089139872967484,-0.00202184144283502,0.03307633758264586
random,spatial_knn,6,AC010267.1,0.0,0.0,0.0
random,spatial_knn,6,AC103855.1,-0.0004106815160809334,-0.00041968311382942095,0.010148548294252865
random,spatial_knn,6,HEPACAM,0.0508752743734687,0.03659315312522856,0.7182017928547003
random,spatial_knn,6,CLCF1,0.014951323231357762,0.0340876366732131,0.05331936991747064
random,spatial_knn,6,RARRES3,0.07561301575053167,0.09980352940113328,0.5503601323335233
random,spatial_knn,6,SIRPB2,,,0.005031000509341591
random,spatial_knn,6,CCL26,-0.0012344861420083607,-0.0015009290890717183,0.03809066519832527
random,spatial_knn,6,SCGB2A1,0.15154687349432494,0.18631285768154046,0.47072016081688794
random,spatial_knn,6,AL162408.1,,,0.0014619833008837058
random,spatial_knn,6,AC018754.1,-0.0021837649892204923,-0.0028911385214540363,0.038114794180955154
random,spatial_knn,6,AF165147.1,-0.0006127529442360315,-0.0006639951226957719,0.04559087306213712
random,spatial_knn,6,ART4,,,0.005240670921757633
random,spatial_knn,6,Z82214.2,0.04958444053202331,0.05113378566852955,0.07381894545657725
random,spatial_knn,6,RCC1,-0.012438682962513797,-0.022871425126187523,0.18612947126092763
random,spatial_knn,6,MS4A1,0.06059283524809534,0.07991867522570162,0.04298560361888098
random,spatial_knn,6,LDB2,0.05606713413637427,0.056754879206791856,0.69114545442083
random,spatial_knn,6,AC025682.1,-0.0013926377149074466,-0.0016759269406872738,0.018889863311499173
random,spatial_knn,6,AC061992.1,0.11007726835811704,0.0826566471746942,0.044944286187125045
random,spatial_knn,6,AC012360.3,-0.012985706770455806,-0.018666874406143025,0.09697020215846773
random,spatial_knn,6,GATA2-AS1,-0.0025730004072691375,-0.0034997682472248113,0.04765888830155136
random,spatial_knn,6,AP000238.1,,,0.007702614264278924
random,spatial_knn,6,ZNF670-ZNF695,,,0.0010201592545692475
random,spatial_knn,6,AC097381.3,-0.0011678480871262498,-0.0013284081663286508,0.040789770085569665
random,spatial_knn,6,ALKAL1,-0.0024078264323296973,-0.0034328961590325735,0.054134888272869976
random,spatial_knn,6,ITIH6,-0.0007944007573123132,-0.0010911696966831384,0.04671324178185522
random,spatial_knn,6,AC040162.1,-0.00697196153961965,-0.012551004331233795,0.11151876452192076
random,spatial_knn,6,MFAP2,0.008004902644778888,0.0363982054794543,0.18283153732097718
random,spatial_knn,6,HOXA10,-0.004247681116059515,-0.005588652158662838,0.05997258223629181
random,spatial_knn,6,IRX2,0.074056071217775,0.10376198262254416,0.28881082679627695
random,spatial_knn,6,AC010457.1,-0.0013474625529592593,-0.0020609882325708434,0.04893006990477063
random,spatial_knn,6,ASPN,-0.015468343375160759,-0.007466636373693637,0.1818162573113763
random,spatial_knn,6,DDR1,0.04788804260333865,0.05170868465738905,0.6803111664954351
random,spatial_knn,6,MRE11,0.005207257199141506,0.0198800056784357,0.2235443600667328
random,spatial_knn,6,PLA1A,-0.004715215730310381,-0.00589192145247779,0.06273862889245825
random,spatial_knn,6,RPEL1,-0.003088827244313204,-0.003907195184162268,0.052277209248662165
random,pca_ridge,7,SCGB2A2,0.2975330556920559,0.29544350173749334,1.470531940460205
random,pca_ridge,7,SCGB1D2,0.24973267824675258,0.24791430203110743,1.1708897352218628
random,pca_ridge,7,MBP,0.49348414709086413,0.39507642020434514,1.0453917980194092
random,pca_ridge,7,GFAP,0.47914244529164884,0.428748513480157,1.0456573963165283
random,pca_ridge,7,PLP1,0.5087730143725333,0.3742465291864192,1.0845693349838257
random,pca_ridge,7,SAA1,0.15159510648770141,0.12063643601327165,0.8478193879127502
random,pca_ridge,7,MGP,0.17009321809727984,0.15439265943582903,1.061414122581482
random,pca_ridge,7,IGKC,0.09253360949878399,0.07246092539097264,1.023179531097412
random,pca_ridge,7,FABP4,0.15634615649284822,0.12162349103692281,0.7448652386665344
random,pca_ridge,7,MOBP,0.4820393524280072,0.2954962319070349,0.7328338027000427
random,pca_ridge,7,HBB,0.09626743411893014,0.1103130039653889,0.8218060731887817
random,pca_ridge,7,NEFL,0.48420262148096804,0.41728992123363173,0.9046780467033386
random,pca_ridge,7,TF,0.47931078973649166,0.31447417949942724,0.8264039158821106
random,pca_ridge,7,IGHG3,0.03819684568055501,0.045810822185903696,0.5053809285163879
random,pca_ridge,7,CNP,0.44268754765200136,0.3028554815233816,0.9571505784988403
random,pca_ridge,7,CPB1,0.10186002782848505,0.11288322917846524,0.4714437425136566
random,pca_ridge,7,CRYAB,0.4050363517966041,0.2870899320530201,0.9906368255615234
random,pca_ridge,7,IGHA1,0.07442520412106063,0.048120912366081854,0.6488086581230164
random,pca_ridge,7,KRT8,0.27237893911501915,0.2117706054381927,0.867648720741272
random,pca_ridge,7,MUC1,0.25591050429472584,0.24082977297155206,0.944044828414917
random,pca_ridge,7,KRT19,0.20778639948897748,0.1888716728070327,0.9910257458686829
random,pca_ridge,7,IGLC2,0.06705377447158575,0.0465886886999563,0.709152340888977
random,pca_ridge,7,TFF1,0.13879519296269688,0.1542402002340569,0.8069213628768921
random,pca_ridge,7,MAG,0.4675712429167974,0.2855596292273327,0.637785017490387
random,pca_ridge,7,ERMN,0.448973983636633,0.27797391969556057,0.5563728213310242
random,pca_ridge,7,CLDN11,0.4268948373222258,0.27109529861276654,0.6059600114822388
random,pca_ridge,7,CLDND1,0.4100174351999749,0.272959749695963,0.7952259182929993
random,pca_ridge,7,SPP1,0.44521275779467845,0.2975946509561781,0.6887421607971191
random,pca_ridge,7,PPP1R14A,0.41509532158855145,0.27272187257074176,0.7350414395332336
random,pca_ridge,7,S100B,0.3329351550390127,0.27843510832647406,0.9856996536254883
random,pca_ridge,7,MOG,0.41530175883883735,0.23752566577751316,0.48009636998176575
random,pca_ridge,7,MALAT1,0.18421978041124504,0.2252569735710397,1.0439634323120117
random,pca_ridge,7,CARNS1,0.40455885638051536,0.2480280378375106,0.49168306589126587
random,pca_ridge,7,IGHG4,0.028664180035399823,0.03672880428986527,0.4536937475204468
random,pca_ridge,7,KRT18,0.2245670453868398,0.17657624514214287,0.8063804507255554
random,pca_ridge,7,BCAS1,0.37242957942246535,0.251189748067272,0.5939273834228516
random,pca_ridge,7,PTGDS,0.33096409294208096,0.2951307783389198,0.8911284804344177
random,pca_ridge,7,SAA2,0.07893544419557617,0.07658007363254887,0.40208184719085693
random,pca_ridge,7,SEPT4,0.34758498915154734,0.26157486515024087,0.7856195569038391
random,pca_ridge,7,TFF3,0.15768318107864016,0.14287630648863978,0.840705394744873
random,pca_ridge,7,HPCAL1,0.25483807467634445,0.26191518243604184,0.894813597202301
random,pca_ridge,7,S100A11,0.2631324440501548,0.19018858675684838,0.8514832854270935
random,pca_ridge,7,ALB,0.041542487973873984,0.038663864085489656,0.17141802608966827
random,pca_ridge,7,RNASE1,0.35363508962209833,0.23294735382136336,0.7981006503105164
random,pca_ridge,7,TMEM144,0.3915331887189244,0.24753521989329022,0.5106067657470703
random,pca_ridge,7,ENPP2,0.40650624375026867,0.2755970074803093,0.6104926466941833
random,pca_ridge,7,MAL,0.3512149102366513,0.2174458216865448,0.6063249111175537
random,pca_ridge,7,NKX6-2,0.3702485519660824,0.24204781616085247,0.45491623878479004
random,pca_ridge,7,HSPA2,0.3596485892161797,0.23676216052044513,0.5541577935218811
random,pca_ridge,7,G0S2,0.09724570268767993,0.07261395127246965,0.4737393260002136
random,pca_ridge,7,DAPP1,0.025243256763145847,0.03343689332019387,0.06546187400817871
random,pca_ridge,7,AC005837.3,,,0.001112408353947103
random,pca_ridge,7,DTHD1,0.012354768675787987,0.01572634247947561,0.04085244610905647
random,pca_ridge,7,HOXA5,0.01793108595343985,0.026094724898221712,0.05750112235546112
random,pca_ridge,7,Z82188.2,-0.009253268276103083,-0.012348519839186771,0.013945481739938259
random,pca_ridge,7,PLAC1,,,0.001257376279681921
random,pca_ridge,7,TNC,0.09097189240253747,0.08510712598560723,0.1884894222021103
random,pca_ridge,7,INTS3,0.10319357827247214,0.15945645550098475,0.4899637699127197
random,pca_ridge,7,ZFP36L1,0.08068292433889826,0.059511988237797436,0.5170320272445679
random,pca_ridge,7,PSD2-AS1,0.021645115640753994,0.016360113116545304,0.02873270772397518
random,pca_ridge,7,CU634019.6,0.027677882446459107,0.020997411947037668,0.04229116439819336
random,pca_ridge,7,MYBL2,0.023231690231863913,0.027207896656046695,0.07710534334182739
random,pca_ridge,7,GDPD3,0.011751430818086626,0.016359397933399026,0.10731916129589081
random,pca_ridge,7,CDHR5,,,0.0005738931358791888
random,pca_ridge,7,CST7,0.02711391515840809,0.01784023652529921,0.05663319677114487
random,pca_ridge,7,TXK,0.020443024040197197,0.021303432820139426,0.013172131963074207
random,pca_ridge,7,AC125807.2,0.00147603903537118,0.001857276311560686,0.01695381850004196
random,pca_ridge,7,HRK,0.09833384562755246,0.14003179922755774,0.26441243290901184
random,pca_ridge,7,AL132780.2,-0.0162536536912667,-0.01754169512859766,0.026036618277430534
random,pca_ridge,7,BPI,-0.00013947406806225863,-3.682984187332755e-05,0.017081156373023987
random,pca_ridge,7,GALNT5,0.013381928516883348,0.020689904616850607,0.14863574504852295
random,pca_ridge,7,TAT,0.0031018507636842627,0.0036928337721616796,0.028292199596762657
random,pca_ridge,7,EXOC3L4,-0.017374543290072077,-0.01635408906922399,0.03173093497753143
random,pca_ridge,7,TJP1,0.18457307109588822,0.16367143343907015,0.5488513112068176
random,pca_ridge,7,PNMA3,0.15854339141846308,0.22348272828181745,0.525549590587616
random,pca_ridge,7,SLC22A8,-9.622987981503374e-05,-0.0003840826366789873,0.01931561902165413
random,pca_ridge,7,PALM2-AKAP2,-0.013253738674103295,-0.011416044754246428,0.05084899440407753
random,pca_ridge,7,HMGN1,0.09730171452661904,0.1210583782078113,0.580772340297699
random,pca_ridge,7,AC004594.1,,,0.0006639013881795108
random,pca_ridge,7,F3,0.08790424168381708,0.08919319603948611,0.5162641406059265
random,pca_ridge,7,PSME2,0.05819890126530912,0.10015252923038893,0.5225535035133362
random,pca_ridge,7,FOXP3,-0.012590485917968988,-0.0118339886477517,0.06902125477790833
random,pca_ridge,7,AC113414.1,0.018162598817834056,0.00543050174986905,0.02748533897101879
random,pca_ridge,7,CHI3L2,0.015697240924879726,0.016264464815860392,0.0783584713935852
random,pca_ridge,7,HOXC-AS1,-0.010527640234330017,0.0007522281596208907,0.04904798045754433
random,pca_ridge,7,RBM15B,0.06664371555698939,0.13165224384308802,0.43639639019966125
random,pca_ridge,7,AC087762.1,,,0.0005229396047070622
random,pca_ridge,7,EDA2R,,,0.0019654042553156614
random,pca_ridge,7,AC012354.1,0.006317291892447039,0.009244290310205214,0.04029051214456558
random,pca_ridge,7,DEFB134,0.011913769882233038,0.01505288251422716,0.03832418471574783
random,pca_ridge,7,APLNR,0.13815171694585965,0.09534309807451954,0.2606591284275055
random,pca_ridge,7,IFNG,,,0.000710976542904973
random,pca_ridge,7,APOBEC3F,0.008726665525874483,0.011878301851926532,0.06802666187286377
random,pca_ridge,7,AC025164.1,0.007518886687261038,0.007740926449350533,0.08650363981723785
random,pca_ridge,7,CAPN9,0.0011060465562056452,0.004778477119738603,0.08216144889593124
random,pca_ridge,7,AP001360.1,-0.010926185395375407,-0.008642911895407137,0.03000590391457081
random,pca_ridge,7,AC133644.2,0.017845617809553762,0.023456062323359315,0.038315363228321075
random,pca_ridge,7,FXYD3,0.11262582218934938,0.08314739006295066,0.5342992544174194
random,pca_ridge,7,PAPOLB,0.014737094234449155,0.017673062692726185,0.020917555317282677
random,pca_ridge,7,TSPO,0.07695591182341319,0.05166059914329097,0.5304131507873535
random,pca_ridge,7,CLEC4F,,,0.0012334876228123903
random,pca_ridge,7,AC009093.4,-0.016324247380734964,-0.009604295154268389,0.044665560126304626
random,pca_ridge,7,AC019077.1,0.0018482422188640618,-0.005145258027935929,0.03815547376871109
random,pca_ridge,7,ICAM3,0.01565701784806793,0.008908871007598566,0.17790113389492035
random,pca_ridge,7,LRRC3,-0.0160315747356983,-0.008734016231940122,0.07275562733411789
random,pca_ridge,7,MTA1,0.0556196407133837,0.11253472365735896,0.4303339719772339
random,pca_ridge,7,AC015712.4,0.009150666021958955,0.00943850032572651,0.022193118929862976
random,pca_ridge,7,CEP55,-0.005356272733752871,-0.00562031534983492,0.04080414026975632
random,pca_ridge,7,HIST1H1D,-0.012965345457648846,-0.016199869017833858,0.04185977578163147
random,pca_ridge,7,AC003986.2,-0.021805937174095357,-0.02226100870881944,0.02424333058297634
random,pca_ridge,7,RIF1,0.08068844544610783,0.1300224431554503,0.3983147144317627
random,pca_ridge,7,C1orf116,-0.012419815147575047,-0.005952906914491795,0.09727837145328522
random,pca_ridge,7,TMEM270,,,0.001125552342273295
random,pca_ridge,7,AL078639.1,0.07764275085312636,0.04410093894238747,0.5176042914390564
random,pca_ridge,7,LINC00607,0.010571534655685161,0.0032866225721718562,0.02814442105591297
random,pca_ridge,7,AC010267.1,,,0.0005510784685611725
random,pca_ridge,7,AC103855.1,-0.018094429244857737,-0.01999860413721686,0.04157261177897453
random,pca_ridge,7,HEPACAM,0.17106004706135108,0.1288930933586803,0.6623419523239136
random,pca_ridge,7,CLCF1,-0.0019002431514270907,0.0072332950766317,0.05603640899062157
random,pca_ridge,7,RARRES3,0.09556537713717281,0.07923415066843822,0.5241469740867615
random,pca_ridge,7,SIRPB2,0.00565584927608177,0.007939461626473302,0.03647950291633606
random,pca_ridge,7,CCL26,0.0009771136296155831,0.0020256413030330152,0.03140351176261902
random,pca_ridge,7,SCGB2A1,0.09809665626632819,0.08887860271682647,0.4753870666027069
random,pca_ridge,7,AL162408.1,,,0.00048492176574654877
random,pca_ridge,7,AC018754.1,-0.010532983833261983,-0.010939442787451794,0.0313698947429657
random,pca_ridge,7,AF165147.1,0.0037490921591291754,0.005613920182691498,0.02943306788802147
random,pca_ridge,7,ART4,0.0012767089455648591,0.00443115923878406,0.04192385822534561
random,pca_ridge,7,Z82214.2,0.10500180456094499,0.07199932495235987,0.08518872410058975
random,pca_ridge,7,RCC1,0.007354048480745669,0.014085757164130137,0.1600572019815445
random,pca_ridge,7,MS4A1,0.0021796233243652824,0.005170931496179207,0.034378938376903534
random,pca_ridge,7,LDB2,0.21722108274973576,0.2670128320770079,0.643394947052002
random,pca_ridge,7,AC025682.1,0.004060357366809763,0.0036730796882123396,0.022732505574822426
random,pca_ridge,7,AC061992.1,0.020992031042186582,0.0211245450173443,0.021835749968886375
random,pca_ridge,7,AC012360.3,0.012089045838539484,0.022006304163883834,0.11083534359931946
random,pca_ridge,7,GATA2-AS1,-0.011903691587584352,-0.014207977966492246,0.04580351710319519
random,pca_ridge,7,AP000238.1,,,0.0014051101170480251
random,pca_ridge,7,ZNF670-ZNF695,,,0.00010099095379700884
random,pca_ridge,7,AC097381.3,0.019853545667802064,0.001852474836290672,0.024576302617788315
random,pca_ridge,7,ALKAL1,-0.017002152376880953,-0.01318041864381543,0.04648653417825699
random,pca_ridge,7,ITIH6,,,0.001096133142709732
random,pca_ridge,7,AC040162.1,0.008628452007673666,0.016909602387931925,0.09327474981546402
random,pca_ridge,7,MFAP2,0.02792882295490837,0.025630463803860755,0.16515862941741943
random,pca_ridge,7,HOXA10,0.0025446695760395002,-0.004436199915063358,0.06637158989906311
random,pca_ridge,7,IRX2,0.07399299155598169,0.07666410347617125,0.2958371937274933
random,pca_ridge,7,AC010457.1,0.0007537619794113076,0.004302844396468568,0.03250729292631149
random,pca_ridge,7,ASPN,0.04018987940414888,0.03499704359544644,0.18903882801532745
random,pca_ridge,7,DDR1,0.18536386096019375,0.12479822153717716,0.6492864489555359
random,pca_ridge,7,MRE11,0.02350549414020671,0.04742515214963102,0.18449175357818604
random,pca_ridge,7,PLA1A,0.013395190776430553,0.013592425795565691,0.06901932507753372
random,pca_ridge,7,RPEL1,0.02684411206613431,0.021136423220574203,0.03854449838399887
random,spatial_knn,7,SCGB2A2,0.7074503971433508,0.6967592025714892,1.0930274014033918
random,spatial_knn,7,SCGB1D2,0.5763319225327315,0.5740177037408098,0.9955041736096054
random,spatial_knn,7,MBP,0.4884662006709527,0.4431094401477568,1.059226860259006
random,spatial_knn,7,GFAP,0.22861960718195734,0.19837165883467844,1.1916465854436564
random,spatial_knn,7,PLP1,0.4307342988716494,0.3504859166850031,1.1565101249200107
random,spatial_knn,7,SAA1,0.4927270818127814,0.4433188563581569,0.7537872924382968
random,spatial_knn,7,MGP,0.4177137483398581,0.3924503908274613,0.9913721637981987
random,spatial_knn,7,IGKC,0.3583589991466088,0.3410076172008411,0.976930520089298
random,spatial_knn,7,FABP4,0.44758545093579216,0.39823007821708556,0.682366964107396
random,spatial_knn,7,MOBP,0.40179435740582947,0.2773495192542608,0.7765465868578793
random,spatial_knn,7,HBB,0.3108938908645873,0.2587821330495981,0.8030953976459944
random,spatial_knn,7,NEFL,0.22658753541652182,0.18981993404496472,1.0255606291319586
random,spatial_knn,7,TF,0.34286141594968655,0.2468015379596823,0.8995680460954015
random,spatial_knn,7,IGHG3,0.30709061523264236,0.17925418590254683,0.4894782417540504
random,spatial_knn,7,CNP,0.32984997262256677,0.2497148706405546,1.0256809267167757
random,spatial_knn,7,CPB1,0.35226620062355074,0.3055045333097168,0.4510677667861149
random,spatial_knn,7,CRYAB,0.30419773087649105,0.23986930263433479,1.0528620689555193
random,spatial_knn,7,IGHA1,0.27843024413647677,0.2618691399263867,0.6381051771585307
random,spatial_knn,7,KRT8,0.3101466669664384,0.2834691254481482,0.87543745302577
random,spatial_knn,7,MUC1,0.30846288139522166,0.3133983855408791,0.9461647482386345
random,spatial_knn,7,KRT19,0.2834793237380593,0.2799081750132718,0.9944253201463439
random,spatial_knn,7,IGLC2,0.2637525147539511,0.2349631626972515,0.7008834629703313
random,spatial_knn,7,TFF1,0.3283752465409495,0.33033566738704123,0.7825743617236248
random,spatial_knn,7,MAG,0.30832279966130716,0.22946291804926225,0.6985797053802366
random,spatial_knn,7,ERMN,0.3031893268776463,0.2066760740120425,0.6052872581259523
random,spatial_knn,7,CLDN11,0.2725651412516943,0.18756826115225622,0.6584158559961939
random,spatial_knn,7,CLDND1,0.27674451538556066,0.21178701828607308,0.8572371909013463
random,spatial_knn,7,SPP1,0.30216019358416035,0.2064202201176801,0.7463899361185532
random,spatial_knn,7,PPP1R14A,0.26883956674957205,0.19382454460561868,0.7957307946954341
random,spatial_knn,7,S100B,0.13631065209108661,0.11183352835517409,1.072541714476441
random,spatial_knn,7,MOG,0.2430510921686364,0.16999738053208785,0.5247001363281713
random,spatial_knn,7,MALAT1,0.21768596368041676,0.20913645779680534,1.0581448856264788
random,spatial_knn,7,CARNS1,0.22180154853789874,0.13682988196240575,0.5420174209630225
random,spatial_knn,7,IGHG4,0.2368481679167011,0.15253981969138386,0.45329585435938025
random,spatial_knn,7,KRT18,0.2502187964996023,0.23583067227808352,0.8192813504185649
random,spatial_knn,7,BCAS1,0.27723430042386693,0.19298258093345577,0.6278503333773096
random,spatial_knn,7,PTGDS,0.11414495900028412,0.09224070343570963,0.9726009874119117
random,spatial_knn,7,SAA2,0.2864473850451003,0.3094646758855695,0.3907685874356263
random,spatial_knn,7,SEPT4,0.22401948794058918,0.1705920251340997,0.8388645534949849
random,spatial_knn,7,TFF3,0.21725282256692519,0.22770877408734913,0.8525478749365919
random,spatial_knn,7,HPCAL1,0.1599442703270325,0.15608936971014994,0.9380211957978932
random,spatial_knn,7,S100A11,0.24398102622654616,0.19599522864339444,0.8771243960306558
random,spatial_knn,7,ALB,0.220447674749217,0.1751330579567896,0.1704647927633205
random,spatial_knn,7,RNASE1,0.21154498970259825,0.16456271269463796,0.8550586046985982
random,spatial_knn,7,TMEM144,0.2389899454256765,0.16592705190562818,0.5526764954925828
random,spatial_knn,7,ENPP2,0.24386227367577024,0.1596497007982473,0.660321562295367
random,spatial_knn,7,MAL,0.2171191518267431,0.15835073120247814,0.6496735021080727
random,spatial_knn,7,NKX6-2,0.21139956972874485,0.17379880837391462,0.49098316113349005
random,spatial_knn,7,HSPA2,0.22715647679204176,0.1623218921084607,0.5913876155506304
random,spatial_knn,7,G0S2,0.24529868010856043,0.22492947469039512,0.47068071849028414
random,spatial_knn,7,DAPP1,-0.007668980857877336,-0.010314039418076893,0.06935692144686685
random,spatial_knn,7,AC005837.3,,,0.005160821813761862
random,spatial_knn,7,DTHD1,-0.0007122832407335527,-0.0008404238813453747,0.04158288673705125
random,spatial_knn,7,HOXA5,-0.002013721228992872,-0.003101249984216295,0.060526680687626726
random,spatial_knn,7,Z82188.2,-0.0009685809946466078,-0.0012091242018436353,0.01874572051428542
random,spatial_knn,7,PLAC1,,,0.007308872992513466
random,spatial_knn,7,TNC,0.025186196549136494,0.036603633601578846,0.19746717502425018
random,spatial_knn,7,INTS3,0.018468169282141532,0.024724598183469164,0.5186194274434784
random,spatial_knn,7,ZFP36L1,0.002220031718305316,-0.0030153258744179106,0.5451163631903063
random,spatial_knn,7,PSD2-AS1,-0.001203925997705123,-0.0015168467574881214,0.029561336929597986
random,spatial_knn,7,CU634019.6,0.017794653949931714,0.03780846558044375,0.04643144475250063
random,spatial_knn,7,MYBL2,-0.008549966222647963,-0.011609761860674694,0.08224881293348929
random,spatial_knn,7,GDPD3,-0.014693049979945569,-0.020727861440616543,0.11357947258206741
random,spatial_knn,7,CDHR5,,,0.002591561093860821
random,spatial_knn,7,CST7,-0.006336896504280554,-0.00802406305985692,0.05973212714119879
random,spatial_knn,7,TXK,-0.0010275032699590756,-0.0012808474926163408,0.016621362325155764
random,spatial_knn,7,AC125807.2,-0.0008769295420114637,-0.0010083737797815177,0.018824232929311457
random,spatial_knn,7,HRK,0.010295400950806532,0.026152669135161084,0.27935044428425343
random,spatial_knn,7,AL132780.2,-0.0010337115370187173,-0.001394709945429004,0.028090834253612675
random,spatial_knn,7,BPI,-0.0006047129321778983,-0.0007275228993659896,0.018634678844252704
random,spatial_knn,7,GALNT5,0.005189769295152525,0.023608696925097913,0.15511782863608764
random,spatial_knn,7,TAT,0.2264645701473774,0.12855593053605352,0.027559238914361715
random,spatial_knn,7,EXOC3L4,-0.0020569936013297707,-0.002698595571767802,0.0340753667766486
random,spatial_knn,7,TJP1,0.07461016124008585,0.04127419406160408,0.5753678544577063
random,spatial_knn,7,PNMA3,-0.0011229502208278288,0.003998335916858694,0.5596458009949498
random,spatial_knn,7,SLC22A8,-0.0008130651471663911,-0.0010515232236238807,0.02175892965657617
random,spatial_knn,7,PALM2-AKAP2,-0.0007662599428636594,-0.0008129686234414923,0.05088041786909917
random,spatial_knn,7,HMGN1,0.03929834222077377,0.035581519233975775,0.6087997742177378
random,spatial_knn,7,AC004594.1,,,0.0020739317568096967
random,spatial_knn,7,F3,0.0343158926827444,0.03336049912294464,0.5415869861396551
random,spatial_knn,7,PSME2,0.00981412689012668,0.02075632049877686,0.5521042827904955
random,spatial_knn,7,FOXP3,-0.006738534367138943,-0.008665110397173922,0.07155691112664031
random,spatial_knn,7,AC113414.1,-0.0010935659304551924,-0.0014570330732443253,0.029016167452649094
random,spatial_knn,7,CHI3L2,-0.004915882820336001,0.003326638909129919,0.08321795704129255
random,spatial_knn,7,HOXC-AS1,-0.0036004248715672373,-0.005504811486206086,0.053301646732936886
random,spatial_knn,7,RBM15B,0.024693037005661205,0.021555729745640864,0.4577349062952566
random,spatial_knn,7,AC087762.1,,,0.003126078845781711
random,spatial_knn,7,EDA2R,,,0.015432655694484298
random,spatial_knn,7,AC012354.1,-0.00037693408145120705,-0.00041968311382942095,0.041078363388521395
random,spatial_knn,7,DEFB134,-0.000746627518498665,-0.0008915913357693467,0.03892252708815976
random,spatial_knn,7,APLNR,0.0414492711148928,0.03741468681447134,0.27236757009942825
random,spatial_knn,7,IFNG,,,0.0022170015637470704
random,spatial_knn,7,APOBEC3F,-0.00582000706464492,-0.007860788212674693,0.07106368139220398
random,spatial_knn,7,AC025164.1,-0.006979397199466538,-0.00959736136332478,0.0886567663340385
random,spatial_knn,7,CAPN9,0.006895784144136722,0.030825480809509045,0.08625279771665853
random,spatial_knn,7,AP001360.1,-0.0020042271559233995,-0.002554255716908986,0.032148912034402934
random,spatial_knn,7,AC133644.2,-0.0014365196729611467,-0.0015870978900650488,0.03866540965934195
random,spatial_knn,7,FXYD3,0.06762367296872301,0.0941991787437664,0.5617895961210218
random,spatial_knn,7,PAPOLB,-0.00043554945601289067,-0.0004692692089438357,0.02115254078528108
random,spatial_knn,7,TSPO,0.009115329332374467,-0.00041853347161753177,0.5617581643402271
random,spatial_knn,7,CLEC4F,,,0.004242642504824643
random,spatial_knn,7,AC009093.4,-0.0015552603824961152,-0.0019728315287848566,0.04513405487101046
random,spatial_knn,7,AC019077.1,-0.0019640039054436595,-0.0024491756216611866,0.039766784145778875
random,spatial_knn,7,ICAM3,0.0024565451565032644,0.01427163973653613,0.18718369800847476
random,spatial_knn,7,LRRC3,-0.005698285649666511,-0.008108817237989467,0.07512221945614247
random,spatial_knn,7,MTA1,0.004459610813523746,0.008981268285963151,0.45326597937881935
random,spatial_knn,7,AC015712.4,-0.0009498536425743997,-0.0010711094437929466,0.022668165624858197
random,spatial_knn,7,CEP55,-0.002484918498726894,-0.0034405069843170765,0.043969105481605916
random,spatial_knn,7,HIST1H1D,-0.0007961905515325582,-0.0010083737797815177,0.042300447811687
random,spatial_knn,7,AC003986.2,-0.0005956644648428217,-0.0006964770462074059,0.024841332046295274
random,spatial_knn,7,RIF1,-0.0012174593113991605,0.009720841855512906,0.4219077453234916
random,spatial_knn,7,C1orf116,-0.010079509486083684,-0.013598333061323964,0.1005757319430052
random,spatial_knn,7,TMEM270,,,0.0052345936227616375
random,spatial_knn,7,AL078639.1,0.06607357490006094,0.07593427870595433,0.5419535067110887
random,spatial_knn,7,LINC00607,-0.0014732357431736659,-0.00202184144283502,0.030597465255620813
random,spatial_knn,7,AC010267.1,0.0,0.0,0.0
random,spatial_knn,7,AC103855.1,-0.00041265599644438555,-0.00041968311382942095,0.0416175208381908
random,spatial_knn,7,HEPACAM,0.056693123757928884,0.05621736472122431,0.699352087367338
random,spatial_knn,7,CLCF1,0.016974439793662605,0.02788743087192157,0.05833485002940832
random,spatial_knn,7,RARRES3,0.052091652929173685,0.06619215896430763,0.5508136850546402
random,spatial_knn,7,SIRPB2,-0.0004281670082171194,-0.0005141125932779818,0.0371258522684746
random,spatial_knn,7,CCL26,-0.0006095919352390384,-0.0007275228993659896,0.0318647795906586
random,spatial_knn,7,SCGB2A1,0.12005702566560929,0.1479249946101444,0.48984399694018493
random,spatial_knn,7,AL162408.1,,,0.002140701951185886
random,spatial_knn,7,AC018754.1,-0.0024303523600623655,-0.003018003541850683,0.03402120585396117
random,spatial_knn,7,AF165147.1,-0.0008260842928488951,-0.0010515232236238807,0.03109801021685493
random,spatial_knn,7,ART4,-0.0006317772622641792,-0.0007854847278533446,0.04218764407476431
random,spatial_knn,7,Z82214.2,0.04012847561097023,0.07949132360086565,0.08946779620939488
random,spatial_knn,7,RCC1,-0.018602473700914633,-0.009455523348700237,0.16871720604950444
random,spatial_knn,7,MS4A1,0.07040368416862088,0.09619557313871967,0.03650890402650741
random,spatial_knn,7,LDB2,0.04168916677772749,0.05796199733346845,0.6889483418624515
random,spatial_knn,7,AC025682.1,-0.0018625597013707449,-0.0027097047612450417,0.02940336276396408
random,spatial_knn,7,AC061992.1,-0.001170014455361052,-0.0013488732930138584,0.024510912778324595
random,spatial_knn,7,AC012360.3,-0.0038769362534147346,0.01204960334072417,0.11388516137908672
random,spatial_knn,7,GATA2-AS1,-0.0038774155208859797,-0.004978631776226967,0.04821948420610791
random,spatial_knn,7,AP000238.1,,,0.008984228674275617
random,spatial_knn,7,ZNF670-ZNF695,,,0.0010795547705172994
random,spatial_knn,7,AC097381.3,-0.0010838209506902063,-0.0012610328052521662,0.02533316925814998
random,spatial_knn,7,ALKAL1,-0.0018915595808140409,-0.0036575513189927157,0.05174877462731521
random,spatial_knn,7,ITIH6,,,0.006149740442834607
random,spatial_knn,7,AC040162.1,-0.017931191607587077,-0.019368201883633158,0.1005929731457531
random,spatial_knn,7,MFAP2,-0.003899114190919469,-0.009573664734095051,0.17341867092791532
random,spatial_knn,7,HOXA10,-0.004520154264017544,-0.006556821544064132,0.06858481230140516
random,spatial_knn,7,IRX2,0.05008669788430767,0.08033357757432176,0.3083550546251521
random,spatial_knn,7,AC010457.1,0.047029157127265395,0.07757552066444875,0.033542119484165765
random,spatial_knn,7,ASPN,0.03466822181596724,0.04432490355233812,0.19542079714590135
random,spatial_knn,7,DDR1,0.05484229369651136,0.05613932792620918,0.6884926321973865
random,spatial_knn,7,MRE11,0.025712642982382836,0.012770279273542346,0.19381365600754064
random,spatial_knn,7,PLA1A,-0.004641299667794574,-0.006494456350202685,0.0720842504877837
random,spatial_knn,7,RPEL1,-0.002907494658480614,-0.0036265617527236507,0.04006543921836844
random,pca_ridge,8,SCGB2A2,0.2892151096690557,0.2775287467811924,1.4658946990966797
random,pca_ridge,8,SCGB1D2,0.23080828963015432,0.22394044865927487,1.154711365699768
random,pca_ridge,8,MBP,0.49433949660905785,0.39864112811534136,1.0293238162994385
random,pca_ridge,8,GFAP,0.44978793968164676,0.39569860690480546,1.0698070526123047
random,pca_ridge,8,PLP1,0.4966168032152095,0.37838592938019455,1.100051760673523
random,pca_ridge,8,SAA1,0.1281238148706054,0.10346180501688682,0.8316737413406372
random,pca_ridge,8,MGP,0.12854393447219892,0.11482752524326383,1.0430697202682495
random,pca_ridge,8,IGKC,0.08813932915027752,0.06847408378215025,1.0304334163665771
random,pca_ridge,8,FABP4,0.15463761366787176,0.12486117769536807,0.7561359405517578
random,pca_ridge,8,MOBP,0.4697801526882196,0.3037004549804939,0.7341407537460327
random,pca_ridge,8,HBB,0.07438788825931028,0.09063033519695761,0.8325532078742981
random,pca_ridge,8,NEFL,0.4682889216948324,0.41055446642100385,0.8960948586463928
random,pca_ridge,8,TF,0.4486440683074213,0.30268025700646467,0.8398929834365845
random,pca_ridge,8,IGHG3,0.061978744306662,0.06629836763834518,0.4948185682296753
random,pca_ridge,8,CNP,0.4351957650196836,0.30710638681900915,0.9534825086593628
random,pca_ridge,8,CPB1,0.06383710785013308,0.07870739960609133,0.46672511100769043
random,pca_ridge,8,CRYAB,0.3987243311799896,0.29932161148959796,0.9924042820930481
random,pca_ridge,8,IGHA1,0.05356940218460196,0.03328953499275957,0.6435599327087402
random,pca_ridge,8,KRT8,0.25008158634657135,0.19680398348493472,0.8677942752838135
random,pca_ridge,8,MUC1,0.23764744527474524,0.21559580745902918,0.9317865967750549
random,pca_ridge,8,KRT19,0.2389294832524153,0.21950636529819395,0.9835513830184937
random,pca_ridge,8,IGLC2,0.042874168416312496,0.035284771547992665,0.6900268793106079
random,pca_ridge,8,TFF1,0.1465102763485056,0.15262412889533072,0.8008479475975037
random,pca_ridge,8,MAG,0.4166880997117988,0.2805108501486442,0.6464639902114868
random,pca_ridge,8,ERMN,0.41691133368590927,0.25170273119672615,0.555945873260498
random,pca_ridge,8,CLDN11,0.4178840872416657,0.27457486893315564,0.6093622446060181
random,pca_ridge,8,CLDND1,0.4122202843751124,0.28841291770970534,0.7908387780189514
random,pca_ridge,8,SPP1,0.40889447293142045,0.2699365673050122,0.691103458404541
random,pca_ridge,8,PPP1R14A,0.4036104411552396,0.2655296878182875,0.7188332676887512
random,pca_ridge,8,S100B,0.3192330804925686,0.2755152257007587,0.9796990752220154
random,pca_ridge,8,MOG,0.4273633554939996,0.26548842093442265,0.4672439396381378
random,pca_ridge,8,MALAT1,0.1886894299600093,0.2162959657035498,1.0308458805084229
random,pca_ridge,8,CARNS1,0.4308078970397549,0.2980911518806878,0.49327200651168823
random,pca_ridge,8,IGHG4,0.03607828806195689,0.03740213957634883,0.4711768329143524
random,pca_ridge,8,KRT18,0.20968588220013645,0.1630813858508204,0.8116820454597473
random,pca_ridge,8,BCAS1,0.3692004075168688,0.24322305688067414,0.6107115745544434
random,pca_ridge,8,PTGDS,0.2972062126075058,0.2645200377287802,0.8993111252784729
random,pca_ridge,8,SAA2,0.07532125455441137,0.06508974426425126,0.3691067397594452
random,pca_ridge,8,SEPT4,0.34945067469564717,0.27769910700224254,0.7809765934944153
random,pca_ridge,8,TFF3,0.13947081066927824,0.13589424436196282,0.8437289595603943
random,pca_ridge,8,HPCAL1,0.23229343471928116,0.23615647038769555,0.8959951996803284
random,pca_ridge,8,S100A11,0.2288895912450625,0.17092763361915309,0.8433705568313599
random,pca_ridge,8,ALB,0.03826619046021506,0.037399275528576116,0.16190320253372192
random,pca_ridge,8,RNASE1,0.36549674741214827,0.2606785585522895,0.778793454170227
random,pca_ridge,8,TMEM144,0.3668947322206592,0.24062583072842478,0.5069494247436523
random,pca_ridge,8,ENPP2,0.38880792781568685,0.26559758257579613,0.5863935351371765
random,pca_ridge,8,MAL,0.3266555919588808,0.22479375451175798,0.6064648628234863
random,pca_ridge,8,NKX6-2,0.30893878849924505,0.19911336316595787,0.4476722478866577
random,pca_ridge,8,HSPA2,0.348998841710054,0.2325245056446832,0.5381308794021606
random,pca_ridge,8,G0S2,0.10199514055087065,0.07896052458155992,0.4481905996799469
random,pca_ridge,8,DAPP1,0.009633967460779285,0.023973505856393035,0.07088212668895721
random,pca_ridge,8,AC005837.3,,,0.0013836127473041415
random,pca_ridge,8,DTHD1,,,0.0012662872904911637
random,pca_ridge,8,HOXA5,0.001249672928900394,0.0025517819012234088,0.02212548814713955
random,pca_ridge,8,Z82188.2,0.013560412833714354,0.01616308262262533,0.044609133154153824
random,pca_ridge,8,PLAC1,0.01449340002391963,0.017125876470623323,0.037770602852106094
random,pca_ridge,8,TNC,0.09878544508073642,0.08446003335916126,0.18344499170780182
random,pca_ridge,8,INTS3,0.09248899080547426,0.16013122938878718,0.5088334083557129
random,pca_ridge,8,ZFP36L1,0.11203441824074037,0.08051514527724635,0.5151365995407104
random,pca_ridge,8,PSD2-AS1,-0.012170735117961884,-0.013054402890041658,0.019678551703691483
random,pca_ridge,8,CU634019.6,0.013231637981274025,0.015152404265315082,0.0514606274664402
random,pca_ridge,8,MYBL2,1.5696319851420462e-06,-0.002961041772799988,0.07800917327404022
random,pca_ridge,8,GDPD3,-0.01686362622544469,-0.007798984710113619,0.11260486394166946
random,pca_ridge,8,CDHR5,,,0.0006062049651518464
random,pca_ridge,8,CST7,-0.018839544749312702,-0.006914165574563778,0.07305920124053955
random,pca_ridge,8,TXK,-0.020299720516964204,-0.02471910434263872,0.03332424908876419
random,pca_ridge,8,AC125807.2,0.04066590186464672,0.02489171170038752,0.04268781840801239
random,pca_ridge,8,HRK,0.06143077308323564,0.10685405559028387,0.2744062840938568
random,pca_ridge,8,AL132780.2,-0.0018111389563281242,0.0016150460375887318,0.038233231753110886
random,pca_ridge,8,BPI,,,0.0009129937971010804
random,pca_ridge,8,GALNT5,0.027986048540376497,0.032688468582612165,0.1454748809337616
random,pca_ridge,8,TAT,-0.006723301119976179,-0.009160107814748273,0.019566399976611137
random,pca_ridge,8,EXOC3L4,-0.018520205931298543,-0.014985346854756318,0.042150113731622696
random,pca_ridge,8,TJP1,0.14140716877215626,0.12731255166995256,0.5520051717758179
random,pca_ridge,8,PNMA3,0.16992960785016376,0.22494940033728614,0.5108686685562134
random,pca_ridge,8,SLC22A8,0.004062850172982,0.005950650165368656,0.019309954717755318
random,pca_ridge,8,PALM2-AKAP2,0.0013029996381981436,0.0036809145228652628,0.028080197051167488
random,pca_ridge,8,HMGN1,0.07255671417737639,0.08576426442573343,0.5785049200057983
random,pca_ridge,8,AC004594.1,,,0.0006401907303370535
random,pca_ridge,8,F3,0.0800763151667743,0.0693107849604632,0.5138011574745178
random,pca_ridge,8,PSME2,0.0689643051711132,0.11394285693082824,0.5413992404937744
random,pca_ridge,8,FOXP3,-0.010907247234982088,-0.009484283996302613,0.058079104870557785
random,pca_ridge,8,AC113414.1,-0.004487371552737909,-0.006245288900347122,0.022572137415409088
random,pca_ridge,8,CHI3L2,0.014310202316696883,0.01904186222921892,0.08322986960411072
random,pca_ridge,8,HOXC-AS1,0.0024421129668011493,0.004787519362422961,0.06216852366924286
random,pca_ridge,8,RBM15B,0.06955702765401207,0.13238385677378295,0.4354211091995239
random,pca_ridge,8,AC087762.1,0.0,,0.029591085389256477
random,pca_ridge,8,EDA2R,-0.017808869547144755,-0.00459276757102247,0.04140236973762512
random,pca_ridge,8,AC012354.1,,,0.0011025717249140143
random,pca_ridge,8,DEFB134,,,0.0010479961056262255
random,pca_ridge,8,APLNR,0.14236256311929513,0.10883907692401049,0.25505250692367554
random,pca_ridge,8,IFNG,,,0.0007780758896842599
random,pca_ridge,8,APOBEC3F,0.05119107115332669,0.028889893063545228,0.05354684591293335
random,pca_ridge,8,AC025164.1,-0.0073941125322846465,0.004032255605020679,0.06574135273694992
random,pca_ridge,8,CAPN9,-0.01996206442311411,-0.015109942158434012,0.0962691530585289
random,pca_ridge,8,AP001360.1,0.018413125953147834,0.015098157842819804,0.03493223339319229
random,pca_ridge,8,AC133644.2,0.010630638647574442,0.013811190702115582,0.019796373322606087
random,pca_ridge,8,FXYD3,0.13467338003129292,0.11383733965425083,0.5497816205024719
random,pca_ridge,8,PAPOLB,,,0.0007859698962420225
random,pca_ridge,8,TSPO,0.06699777614407432,0.036491348561421846,0.5340293645858765
random,pca_ridge,8,CLEC4F,,,0.0013343460159376264
random,pca_ridge,8,AC009093.4,-0.008042940162117256,-0.01113097620559284,0.047188691794872284
random,pca_ridge,8,AC019077.1,-0.013710594044221168,-0.011237672241142626,0.04334701597690582
random,pca_ridge,8,ICAM3,-0.01498491986184799,-0.014400395399327139,0.168727308511734
random,pca_ridge,8,LRRC3,-0.018211085212600932,-0.012263126516546811,0.045325059443712234
random,pca_ridge,8,MTA1,0.04575157329832953,0.1067308978886816,0.43299415707588196
random,pca_ridge,8,AC015712.4,,,0.00132687424775213
random,pca_ridge,8,CEP55,0.005359677392373436,0.00024598087625305853,0.044906921684741974
random,pca_ridge,8,HIST1H1D,0.0013061319970421453,0.0019866175046380917,0.030557885766029358
random,pca_ridge,8,AC003986.2,-0.0011098184077284103,-0.00031042295293233214,0.009065049700438976
random,pca_ridge,8,RIF1,0.08180559328687242,0.135591448178752,0.3863753080368042
random,pca_ridge,8,C1orf116,0.007653478924322214,0.014044654033114553,0.07078935950994492
random,pca_ridge,8,TMEM270,0.009203699142254456,0.012337997027223253,0.014233868569135666
random,pca_ridge,8,AL078639.1,0.07405512648690556,0.031125190597102566,0.5089784264564514
random,pca_ridge,8,LINC00607,0.01841094346460324,0.013206464063708232,0.03208659216761589
random,pca_ridge,8,AC010267.1,,,0.0005515118828043342
random,pca_ridge,8,AC103855.1,,,0.0007314927643164992
random,pca_ridge,8,HEPACAM,0.20267259163001672,0.1551240769122974,0.6569976210594177
random,pca_ridge,8,CLCF1,-0.011007678637337473,-0.00895025632359786,0.05673370137810707
random,pca_ridge,8,RARRES3,0.07765184797812331,0.05771383723679599,0.5287687182426453
random,pca_ridge,8,SIRPB2,-0.014444215380167085,-0.017178490530916347,0.017693448811769485
random,pca_ridge,8,CCL26,-0.01308197510731158,-0.01628405151354199,0.03111572563648224
random,pca_ridge,8,SCGB2A1,0.07968485175451412,0.07787503314744729,0.4379982352256775
random,pca_ridge,8,AL162408.1,,,0.00048388942377641797
random,pca_ridge,8,AC018754.1,-0.020318342783129294,-0.007239363868935409,0.0668228417634964
random,pca_ridge,8,AF165147.1,-0.01860626899445568,-0.023015547548198328,0.020762907341122627
random,pca_ridge,8,ART4,-0.016508350712154153,-0.019262007299217197,0.023195011541247368
random,pca_ridge,8,Z82214.2,0.08325508203666115,0.06311600724195099,0.08331943303346634
random,pca_ridge,8,RCC1,-0.002824464148921255,-0.0030626668201677817,0.17169912159442902
random,pca_ridge,8,MS4A1,0.03840306770708005,0.02804994130146244,0.037852879613637924
random,pca_ridge,8,LDB2,0.21023500846827708,0.254896762123778,0.6361225843429565
random,pca_ridge,8,AC025682.1,0.018822591083600276,0.010374852187731433,0.04948186129331589
random,pca_ridge,8,AC061992.1,0.026056875959003405,0.021605361608106433,0.03037620335817337
random,pca_ridge,8,AC012360.3,0.01816855992974693,0.03237602697364399,0.08710257709026337
random,pca_ridge,8,GATA2-AS1,-0.0243624777853141,-0.021559604581726243,0.04931918904185295
random,pca_ridge,8,AP000238.1,,,0.0009937171125784516
random,pca_ridge,8,ZNF670-ZNF695,,,0.0005641071475110948
random,pca_ridge,8,AC097381.3,-0.0008974702429984246,-0.00019895329370415467,0.019044730812311172
random,pca_ridge,8,ALKAL1,-0.029262162259469364,-0.029937608266809183,0.03714703023433685
random,pca_ridge,8,ITIH6,-0.0043674147208915175,-0.005341445276897466,0.026819253340363503
random,pca_ridge,8,AC040162.1,-0.00802880973011745,0.0026301104121052342,0.10729964077472687
random,pca_ridge,8,MFAP2,0.019480813677817906,0.023190764958263922,0.16811886429786682
random,pca_ridge,8,HOXA10,-0.022540850777547517,-0.023792318262762648,0.03259183093905449
random,pca_ridge,8,IRX2,0.08346325179822077,0.06882902263400582,0.28149181604385376
random,pca_ridge,8,AC010457.1,0.0076036951167036985,0.010201866198629377,0.01724892109632492
random,pca_ridge,8,ASPN,0.03228850520232196,0.0222761388894796,0.17257267236709595
random,pca_ridge,8,DDR1,0.17820142795538296,0.1289985233133055,0.6374252438545227
random,pca_ridge,8,MRE11,0.029675031315565405,0.056423858983444805,0.21615464985370636
random,pca_ridge,8,PLA1A,0.0015158539060305216,-0.007619065716228427,0.07198536396026611
random,pca_ridge,8,RPEL1,-0.007339072984747215,-0.006728479768459181,0.048380229622125626
random,spatial_knn,8,SCGB2A2,0.7075029418465719,0.7021407076824207,1.087421450997851
random,spatial_knn,8,SCGB1D2,0.589108845535553,0.5891923856383771,0.9658777576877436
random,spatial_knn,8,MBP,0.4845727475016625,0.4421220918940642,1.048849750139686
random,spatial_knn,8,GFAP,0.23526809958653688,0.21008233782452448,1.1921912706226923
random,spatial_knn,8,PLP1,0.44046953531842636,0.3710454615413014,1.1548812859957238
random,spatial_knn,8,SAA1,0.5150943239320918,0.45903332917696854,0.7262044976876001
random,spatial_knn,8,MGP,0.43810581835531714,0.4047136367103936,0.9576085563139809
random,spatial_knn,8,IGKC,0.3439604169739661,0.33394718612345087,0.990468762095961
random,spatial_knn,8,FABP4,0.45243781264210525,0.41205327162330646,0.6893473424244737
random,spatial_knn,8,MOBP,0.37823845585801513,0.2620308025644205,0.7860827807538415
random,spatial_knn,8,HBB,0.33434168900902583,0.24624678915782952,0.7992985268386499
random,spatial_knn,8,NEFL,0.17819398221642627,0.1609084708717364,1.0285962270676743
random,spatial_knn,8,TF,0.3120219857544928,0.22823329980703871,0.9132302722301272
random,spatial_knn,8,IGHG3,0.2992049872914725,0.17881496496417548,0.4838888133647111
random,spatial_knn,8,CNP,0.30952774228254126,0.2333995752712276,1.0290185278523958
random,spatial_knn,8,CPB1,0.3687757931274809,0.31510497839569573,0.4415155834052395
random,spatial_knn,8,CRYAB,0.2973087529948111,0.24749815107215914,1.0553350637653605
random,spatial_knn,8,IGHA1,0.27615897140245216,0.259790592353572,0.6339573977967696
random,spatial_knn,8,KRT8,0.32492888653992213,0.3056890287439783,0.8629314846704543
random,spatial_knn,8,MUC1,0.3406365980673828,0.34812376146346924,0.9151013140126537
random,spatial_knn,8,KRT19,0.30981290039458576,0.3070750654361479,0.9786812089365774
random,spatial_knn,8,IGLC2,0.27110053079715607,0.24370779187516292,0.6810713093718919
random,spatial_knn,8,TFF1,0.32717768921095125,0.3373158249650084,0.7787145113628618
random,spatial_knn,8,MAG,0.2601459208092639,0.1924422723004537,0.7076404043431215
random,spatial_knn,8,ERMN,0.29064309571107005,0.2017592971147145,0.5998047573702843
random,spatial_knn,8,CLDN11,0.28058683628596304,0.19597127784323742,0.6573391563720092
random,spatial_knn,8,CLDND1,0.2788536871904559,0.21177567577981263,0.852625845635081
random,spatial_knn,8,SPP1,0.2801325669506558,0.21757073739149113,0.7440720216821978
random,spatial_knn,8,PPP1R14A,0.2744455306603141,0.19800665513142918,0.7742078737002152
random,spatial_knn,8,S100B,0.11421096770967848,0.09601278825692221,1.0703409295650588
random,spatial_knn,8,MOG,0.2823976720821187,0.18271411249072073,0.5062280906838347
random,spatial_knn,8,MALAT1,0.18876088396769253,0.18299569625210801,1.0609302728286605
random,spatial_knn,8,CARNS1,0.21622337627542226,0.14723702844698566,0.5521472402874489
random,spatial_knn,8,IGHG4,0.21142823846143213,0.1373005131287509,0.4735439528683328
random,spatial_knn,8,KRT18,0.24054008308263716,0.24359469607464054,0.824306777989066
random,spatial_knn,8,BCAS1,0.23575986461883464,0.17563718447538842,0.656563803407309
random,spatial_knn,8,PTGDS,0.09778311358789651,0.09660750994982402,0.9750435268719907
random,spatial_knn,8,SAA2,0.23741955692341582,0.2594619204490951,0.3695146075553894
random,spatial_knn,8,SEPT4,0.22805037948088852,0.1818469270771258,0.8335189399632493
random,spatial_knn,8,TFF3,0.23276820041306256,0.2473383107785687,0.8498869935006025
random,spatial_knn,8,HPCAL1,0.13033812303394973,0.12939407089364713,0.9442810507313152
random,spatial_knn,8,S100A11,0.23669227691858713,0.20665629943891006,0.8648728691513979
random,spatial_knn,8,ALB,0.32696917712602336,0.20124727540477802,0.15633010917947726
random,spatial_knn,8,RNASE1,0.1997827707085812,0.1675660896918872,0.8462949371152463
random,spatial_knn,8,TMEM144,0.21838297448265304,0.13947081335314096,0.5500266296395444
random,spatial_knn,8,ENPP2,0.22974030731802103,0.1689999366579025,0.6357573668199094
random,spatial_knn,8,MAL,0.2136080590731264,0.15185974824283804,0.6446590170499252
random,spatial_knn,8,NKX6-2,0.21666554336316954,0.15368919910002846,0.470765905057257
random,spatial_knn,8,HSPA2,0.2032277740698062,0.1355936347870351,0.580444281162912
random,spatial_knn,8,G0S2,0.2659639245265125,0.2411769595960173,0.4431525580872522
random,spatial_knn,8,DAPP1,-0.0069055892744430405,-0.009096665159069579,0.07404107162668248
random,spatial_knn,8,AC005837.3,,,0.0071136054001231935
random,spatial_knn,8,DTHD1,,,0.006806467884426568
random,spatial_knn,8,HOXA5,-0.0012591159620993773,-0.0017290406640059176,0.027547300966685635
random,spatial_knn,8,Z82188.2,-0.0013632367233215954,-0.0017083430213695593,0.04524869848643088
random,spatial_knn,8,PLAC1,-0.0006473045802281222,-0.0007859795210245142,0.03806587094487667
random,spatial_knn,8,TNC,0.021621394632119935,0.019911448854624255,0.19224825192674
random,spatial_knn,8,INTS3,0.02359038418465178,0.026511698798692456,0.5340871482146339
random,spatial_knn,8,ZFP36L1,0.027193636978978645,0.02733314377041141,0.5418227866662633
random,spatial_knn,8,PSD2-AS1,-0.0013245856926425302,-0.0017867455008345634,0.02286550177508745
random,spatial_knn,8,CU634019.6,0.014512124240618235,0.038671043804572806,0.05368347511940821
random,spatial_knn,8,MYBL2,0.023682369742359682,0.02996826048416927,0.0814511636305926
random,spatial_knn,8,GDPD3,-0.010507958499799429,-0.0115166084453039,0.11937061608551798
random,spatial_knn,8,CDHR5,,,0.0009350913210013408
random,spatial_knn,8,CST7,-0.006606384913615335,-0.010621523720212953,0.08056157626503689
random,spatial_knn,8,TXK,-0.001612994469602034,-0.00202184144283502,0.034556992445875234
random,spatial_knn,8,AC125807.2,-0.000849863089433666,-0.0009161192079399559,0.042981253707539184
random,spatial_knn,8,HRK,0.020811478739967262,0.030216604289555214,0.28696136318272814
random,spatial_knn,8,AL132780.2,-0.0013953094089914002,-0.0016688902359750638,0.03860610094276108
random,spatial_knn,8,BPI,,,0.00833869888996535
random,spatial_knn,8,GALNT5,0.01866722694677003,0.04378102277340807,0.1506615402655316
random,spatial_knn,8,TAT,0.11812057760578348,0.176236838577412,0.020412773736279338
random,spatial_knn,8,EXOC3L4,0.05149437223601095,0.0740551610230647,0.04265091318723481
random,spatial_knn,8,TJP1,0.0055424104227102386,0.005007563235008451,0.5894208143067127
random,spatial_knn,8,PNMA3,0.013856073606013578,0.02862409262275862,0.5442375230505507
random,spatial_knn,8,SLC22A8,-0.0008534821375121133,-0.0009861054352247212,0.020071166160615588
random,spatial_knn,8,PALM2-AKAP2,-0.0007493214978454383,-0.0009391293955591094,0.02966522351125912
random,spatial_knn,8,HMGN1,0.02952965346035994,0.028759901474417513,0.6063519681838758
random,spatial_knn,8,AC004594.1,,,0.0020096233683229623
random,spatial_knn,8,F3,0.013941664385956835,-0.002996616102630832,0.5403232002056467
random,spatial_knn,8,PSME2,0.0419353417524232,0.0572904122452245,0.562629599349574
random,spatial_knn,8,FOXP3,-0.004746552912500945,-0.006765564611775893,0.06147707838520704
random,spatial_knn,8,AC113414.1,-0.0009872120602289925,-0.0010930046192923544,0.023556118831595047
random,spatial_knn,8,CHI3L2,0.022838147871248604,0.036921066557541495,0.08788901555669974
random,spatial_knn,8,HOXC-AS1,-0.0033561453721453515,-0.006212858518895697,0.06902180633860705
random,spatial_knn,8,RBM15B,0.0007041630922774867,-0.0031497129590980456,0.4607154395073944
random,spatial_knn,8,AC087762.1,0.0,,0.029591085856238288
random,spatial_knn,8,EDA2R,-0.0023173523801583193,-0.003325841576769421,0.04441906785964346
random,spatial_knn,8,AC012354.1,,,0.002440807270681857
random,spatial_knn,8,DEFB134,,,0.014768088306249427
random,spatial_knn,8,APLNR,0.010565134550356394,0.03471227744643625,0.27116556898435445
random,spatial_knn,8,IFNG,,,0.003016691231291771
random,spatial_knn,8,APOBEC3F,-0.003507652303680641,-0.0048121202535073605,0.05684783838785203
random,spatial_knn,8,AC025164.1,0.002344710137010595,0.014275496755828631,0.07162696909012178
random,spatial_knn,8,CAPN9,-0.009277306218252044,-0.012481719365668631,0.09910301480945059
random,spatial_knn,8,AP001360.1,-0.002644832632086061,-0.0034328961590325735,0.03643090106409435
random,spatial_knn,8,AC133644.2,-0.0011904615150669018,-0.0013816715275731285,0.02276633073467605
random,spatial_knn,8,FXYD3,0.11634511788372631,0.1253687760912741,0.565706520981255
random,spatial_knn,8,PAPOLB,,,0.004892068360824708
random,spatial_knn,8,TSPO,0.05095724075279026,0.03877583743104992,0.5567907226215747
random,spatial_knn,8,CLEC4F,,,0.021091959786536586
random,spatial_knn,8,AC009093.4,-0.0017251682932160413,-0.002029809250538875,0.047803257633062465
random,spatial_knn,8,AC019077.1,-0.0018900138583281783,-0.0034328961590325735,0.048781518626787194
random,spatial_knn,8,ICAM3,0.01979910071260408,0.030195168944623287,0.17542131448594975
random,spatial_knn,8,LRRC3,-0.00446854979559614,-0.006186689275631221,0.049301985627028554
random,spatial_knn,8,MTA1,0.014089378823727192,0.017378346755920218,0.4547433665412028
random,spatial_knn,8,AC015712.4,,,0.009412706628001775
random,spatial_knn,8,CEP55,0.026191586098341744,0.05835859259813826,0.047152476099719356
random,spatial_knn,8,HIST1H1D,-0.0008013612166466871,-0.0011116594795226957,0.03115855019059859
random,spatial_knn,8,AC003986.2,-0.0004968824552533332,-0.0006298549853232226,0.012256893470651386
random,spatial_knn,8,RIF1,-0.007734628285202091,-0.008654483807835267,0.4122520894783257
random,spatial_knn,8,C1orf116,-0.00867212915363858,-0.012007895145076792,0.07662438202228607
random,spatial_knn,8,TMEM270,-0.0006556677678211078,-0.0009161192079399559,0.01847119258960107
random,spatial_knn,8,AL078639.1,0.10362755588470916,0.1011721958981106,0.5273814881479484
random,spatial_knn,8,LINC00607,-0.0018028533947783921,-0.0022786200604684014,0.03394301167299352
random,spatial_knn,8,AC010267.1,,,0.007524140762980632
random,spatial_knn,8,AC103855.1,,,0.005623150600632283
random,spatial_knn,8,HEPACAM,0.03666541550519803,0.03434469016556391,0.7013498942818633
random,spatial_knn,8,CLCF1,-0.004421483966638835,-0.005716746106505155,0.059470180638890355
random,spatial_knn,8,RARRES3,0.07172125703149572,0.08794541988665076,0.5494452217112228
random,spatial_knn,8,SIRPB2,-0.0003586466840328874,-0.00036341811666946674,0.018087583912154453
random,spatial_knn,8,CCL26,-0.000819925688681826,-0.0009400171801047962,0.031741208358162826
random,spatial_knn,8,SCGB2A1,0.14438246310670044,0.1720936512318839,0.44842453138683874
random,spatial_knn,8,AL162408.1,,,0.0026276648139532868
random,spatial_knn,8,AC018754.1,-0.0030305730502046945,-0.0040462288397677,0.06759365754940146
random,spatial_knn,8,AF165147.1,-0.001032228037546262,-0.001188663507793486,0.022441805078760004
random,spatial_knn,8,ART4,-0.0004365621022247385,-0.0004692692089438357,0.023354843454910262
random,spatial_knn,8,Z82214.2,0.05034687661843158,0.07028791393410441,0.08706886672704992
random,spatial_knn,8,RCC1,-0.02826019725778898,-0.03687125824905608,0.17950691639248584
random,spatial_knn,8,MS4A1,-0.0022465831832517383,-0.0029220408553124358,0.041082733070019396
random,spatial_knn,8,LDB2,0.0330042554736538,0.04657755303851344,0.683046067869842
random,spatial_knn,8,AC025682.1,-0.0027303789301171984,-0.0036265617527236507,0.05060309917817987
random,spatial_knn,8,AC061992.1,-0.001272834297850398,-0.0014262054432857075,0.031367953630404864
random,spatial_knn,8,AC012360.3,0.005034280885263467,0.02788689292093911,0.09148847888442989
random,spatial_knn,8,GATA2-AS1,-0.003659000915867473,-0.005300087236584971,0.05275564535706838
random,spatial_knn,8,AP000238.1,,,0.010058594853251846
random,spatial_knn,8,ZNF670-ZNF695,,,0.0018934793612933852
random,spatial_knn,8,AC097381.3,-0.0010755052307470955,-0.0013625002595074578,0.02060610940266924
random,spatial_knn,8,ALKAL1,-0.0018463198713021876,-0.0023319476157554796,0.03973184494828261
random,spatial_knn,8,ITIH6,-0.0008058267085844009,-0.001028980661730007,0.028133073094166915
random,spatial_knn,8,AC040162.1,-0.004161145318658004,-0.004149783481412735,0.11222314638123711
random,spatial_knn,8,MFAP2,0.018895625453424672,0.03458362159814979,0.174720967802307
random,spatial_knn,8,HOXA10,-0.002943771403654287,-0.0037832005658552602,0.03631064306772476
random,spatial_knn,8,IRX2,0.05598752188406606,0.08434931051389938,0.2948176012785653
random,spatial_knn,8,AC010457.1,-0.0010890709633619064,-0.0013816715275731285,0.019990535884094805
random,spatial_knn,8,ASPN,0.00768040058752698,-0.0021630614352614306,0.18057971486521326
random,spatial_knn,8,DDR1,0.03525432674975566,0.035061624282252575,0.6802284557126912
random,spatial_knn,8,MRE11,0.02214115625912056,0.023172648684412017,0.2234125760838341
random,spatial_knn,8,PLA1A,-0.005137812756442313,-0.006536150802356682,0.07353281963484475
random,spatial_knn,8,RPEL1,-0.00284640665286772,-0.003808905427744783,0.050157942941971394
random,pca_ridge,9,SCGB2A2,0.2929865535844499,0.2919448383244164,1.463888168334961
random,pca_ridge,9,SCGB1D2,0.24459925649571337,0.2340697166324681,1.1644302606582642
random,pca_ridge,9,MBP,0.514878358572449,0.41666330508785693,1.0317614078521729
random,pca_ridge,9,GFAP,0.492157512513672,0.43559372433371146,1.0446224212646484
random,pca_ridge,9,PLP1,0.5275790706717052,0.3899025289290147,1.0842101573944092
random,pca_ridge,9,SAA1,0.11686344272213256,0.08851493937898816,0.8406368494033813
random,pca_ridge,9,MGP,0.13022968237135837,0.10629737826472449,1.0280009508132935
random,pca_ridge,9,IGKC,0.10314000712302207,0.06964759831257424,1.021950602531433
random,pca_ridge,9,FABP4,0.14636948519492005,0.09545441826642606,0.7481725811958313
random,pca_ridge,9,MOBP,0.4716753331956809,0.28296896746236166,0.7567130923271179
random,pca_ridge,9,HBB,0.08100468451385891,0.10144263230102911,0.8284912109375
random,pca_ridge,9,NEFL,0.485450630559934,0.4151770700009811,0.8931792378425598
random,pca_ridge,9,TF,0.4925566997757657,0.32070213115691176,0.829728364944458
random,pca_ridge,9,IGHG3,0.01319352813133431,0.01576679972496914,0.49702051281929016
random,pca_ridge,9,CNP,0.4325341384451423,0.2793481328213237,0.971235454082489
random,pca_ridge,9,CPB1,0.08520031493135592,0.09593794126381465,0.46506577730178833
random,pca_ridge,9,CRYAB,0.4321195575921003,0.301359633598457,0.9772323966026306
random,pca_ridge,9,IGHA1,0.11122449656880132,0.07528259801683378,0.654495120048523
random,pca_ridge,9,KRT8,0.2988760406083658,0.2373605777649611,0.8662843704223633
random,pca_ridge,9,MUC1,0.25995646035864456,0.24906445216965734,0.928372859954834
random,pca_ridge,9,KRT19,0.23004144667861293,0.20981583113303018,0.9778107404708862
random,pca_ridge,9,IGLC2,0.07786254006507692,0.051526251218048436,0.6969459056854248
random,pca_ridge,9,TFF1,0.1430687726561375,0.15064310636990974,0.7818750739097595
random,pca_ridge,9,MAG,0.46646989416005513,0.2939681783400159,0.6411134004592896
random,pca_ridge,9,ERMN,0.4349148731348009,0.26007721150387,0.5673249959945679
random,pca_ridge,9,CLDN11,0.4675432507737237,0.27970335043679934,0.6011558175086975
random,pca_ridge,9,CLDND1,0.417264510991311,0.2786278253232403,0.7971781492233276
random,pca_ridge,9,SPP1,0.4503896395176769,0.29486886887887775,0.6958253383636475
random,pca_ridge,9,PPP1R14A,0.4096407579000954,0.25177255530939024,0.7413671016693115
random,pca_ridge,9,S100B,0.3200799364834498,0.26203166280854745,0.9841644167900085
random,pca_ridge,9,MOG,0.4372666462037576,0.2697411824734015,0.48303914070129395
random,pca_ridge,9,MALAT1,0.20881874374393122,0.24034798410352815,1.029379963874817
random,pca_ridge,9,CARNS1,0.41832751951781544,0.2712743875056132,0.5207910537719727
random,pca_ridge,9,IGHG4,0.016046588999645076,0.027255871051788578,0.46950462460517883
random,pca_ridge,9,KRT18,0.23421477727383644,0.1943437626428473,0.7865901589393616
random,pca_ridge,9,BCAS1,0.3770477239038038,0.2500005074600549,0.6200407147407532
random,pca_ridge,9,PTGDS,0.3173211065535432,0.2894093390015454,0.9155089855194092
random,pca_ridge,9,SAA2,0.09250504934645903,0.08165040454176888,0.3873066008090973
random,pca_ridge,9,SEPT4,0.354847493039925,0.2586901483584641,0.7933912873268127
random,pca_ridge,9,TFF3,0.16167093361222468,0.1563937765972937,0.8441838622093201
random,pca_ridge,9,HPCAL1,0.2649295300199539,0.2710559356927541,0.8854194283485413
random,pca_ridge,9,S100A11,0.2519487715275506,0.20293691145023907,0.8524965047836304
random,pca_ridge,9,ALB,0.024776671765073678,0.0279833506968187,0.14844158291816711
random,pca_ridge,9,RNASE1,0.39011889827280166,0.2659693766804233,0.7790316343307495
random,pca_ridge,9,TMEM144,0.3972547856537959,0.2512803489550965,0.5179656147956848
random,pca_ridge,9,ENPP2,0.4172632826661128,0.265237832560428,0.5960183143615723
random,pca_ridge,9,MAL,0.3539710148208337,0.21432977275665105,0.5862575173377991
random,pca_ridge,9,NKX6-2,0.4045210386740619,0.26033956794087465,0.44332632422447205
random,pca_ridge,9,HSPA2,0.3984142760947087,0.25457004210342726,0.537851095199585
random,pca_ridge,9,G0S2,0.10212421846046267,0.0762139557569413,0.45877811312675476
random,pca_ridge,9,DAPP1,0.016003983554830764,0.01944702122132568,0.053036101162433624
random,pca_ridge,9,AC005837.3,0.0201061963439552,0.014008794988679005,0.02396041713654995
random,pca_ridge,9,DTHD1,0.01075949786408515,0.014484650667780647,0.01829913817346096
random,pca_ridge,9,HOXA5,0.009460992662196525,0.008416906255861153,0.04963847994804382
random,pca_ridge,9,Z82188.2,-0.00016850742393668613,-0.0014355508267699082,0.033398207277059555
random,pca_ridge,9,PLAC1,0.006190155299763098,0.008875991891226282,0.012665735557675362
random,pca_ridge,9,TNC,0.12052672054679117,0.0855736456651836,0.18037182092666626
random,pca_ridge,9,INTS3,0.1002538421561106,0.16909855488371056,0.5177448987960815
random,pca_ridge,9,ZFP36L1,0.09504877801687243,0.05606898724336719,0.5028872489929199
random,pca_ridge,9,PSD2-AS1,-0.010502368516900097,-0.01417618419992093,0.030355924740433693
random,pca_ridge,9,CU634019.6,0.0429076102360398,0.024972274027897475,0.03897112235426903
random,pca_ridge,9,MYBL2,0.010462566743412682,0.014013473568971065,0.06989490985870361
random,pca_ridge,9,GDPD3,-0.019200565820921514,-0.019686528461882406,0.10867026448249817
random,pca_ridge,9,CDHR5,-0.04072258956897334,-0.024944325759516182,0.022567594423890114
random,pca_ridge,9,CST7,-0.015343994902836475,-0.00279080094919561,0.08371520787477493
random,pca_ridge,9,TXK,-0.017748195837034297,-0.007881749395709752,0.0469801127910614
random,pca_ridge,9,AC125807.2,0.014008855634375074,0.016989079915097606,0.016905415803194046
random,pca_ridge,9,HRK,0.07713535054744901,0.11814728633389365,0.2598085105419159
random,pca_ridge,9,AL132780.2,-0.006089688578413925,-0.008977748867820209,0.03714979067444801
random,pca_ridge,9,BPI,,,0.0009095156565308571
random,pca_ridge,9,GALNT5,0.01135923201619733,0.0292249350500558,0.1281980574131012
random,pca_ridge,9,TAT,,,0.0011735210428014398
random,pca_ridge,9,EXOC3L4,0.005517279696719189,0.006039240378182917,0.03232626989483833
random,pca_ridge,9,TJP1,0.1430767265937106,0.13221944960213938,0.548225998878479
random,pca_ridge,9,PNMA3,0.16391049120342766,0.22708231065646733,0.5125006437301636
random,pca_ridge,9,SLC22A8,,,0.0011718684108927846
random,pca_ridge,9,PALM2-AKAP2,,,0.0009840487036854029
random,pca_ridge,9,HMGN1,0.05860235634185887,0.0944655071120472,0.5775177478790283
random,pca_ridge,9,AC004594.1,,,0.0006832901854068041
random,pca_ridge,9,F3,0.0901507183167567,0.09490144421140037,0.5023220777511597
random,pca_ridge,9,PSME2,0.043052728617552466,0.09424276379720423,0.5342984795570374
random,pca_ridge,9,FOXP3,0.008754946303586307,0.008982549653545073,0.044343940913677216
random,pca_ridge,9,AC113414.1,-0.01538376227891821,-0.018306825432911664,0.03459824249148369
random,pca_ridge,9,CHI3L2,0.02479826692918299,0.03606875789283135,0.09334059804677963
random,pca_ridge,9,HOXC-AS1,0.0023482134398578186,-0.002900729090863279,0.07614775747060776
random,pca_ridge,9,RBM15B,0.0808785676180738,0.12918607865362644,0.41256532073020935
random,pca_ridge,9,AC087762.1,,,0.0004758795548696071
random,pca_ridge,9,EDA2R,-0.008566756521819095,-0.006083758393232933,0.02144005335867405
random,pca_ridge,9,AC012354.1,,,0.0007994738989509642
random,pca_ridge,9,DEFB134,,,0.0010624396381899714
random,pca_ridge,9,APLNR,0.15972459346023454,0.12213936249792812,0.2716117799282074
random,pca_ridge,9,IFNG,,,0.0007442946662195027
random,pca_ridge,9,APOBEC3F,0.00863633755733606,0.008744093228552303,0.0445253811776638
random,pca_ridge,9,AC025164.1,-0.0031854112352431192,-0.005784481592709674,0.06584441661834717
random,pca_ridge,9,CAPN9,-0.012546440119295135,-0.015091768827391456,0.07328367233276367
random,pca_ridge,9,AP001360.1,-0.00876692880848525,-0.004685156209766822,0.047889724373817444
random,pca_ridge,9,AC133644.2,0.029775815929016743,0.004694600087913655,0.04395268112421036
random,pca_ridge,9,FXYD3,0.1956887661961415,0.1690154675256872,0.5158832669258118
random,pca_ridge,9,PAPOLB,0.017030933356627084,0.019535600410809314,0.020916076377034187
random,pca_ridge,9,TSPO,0.07013229924020101,0.058257002824318393,0.5453878045082092
random,pca_ridge,9,CLEC4F,,,0.000907972629647702
random,pca_ridge,9,AC009093.4,0.006151031482232999,0.00828436988884459,0.02226525917649269
random,pca_ridge,9,AC019077.1,-0.005863521462087153,0.00602665059552132,0.06334047019481659
random,pca_ridge,9,ICAM3,0.0009955391192669168,0.0070509278011056855,0.16494616866111755
random,pca_ridge,9,LRRC3,0.018890828000570348,0.02578871173682403,0.04233238846063614
random,pca_ridge,9,MTA1,0.0658028731059008,0.11519707586751003,0.42976176738739014
random,pca_ridge,9,AC015712.4,0.004085561108951082,0.008039114595812557,0.028899166733026505
random,pca_ridge,9,CEP55,-0.002953299269069845,0.0003910211158706799,0.061573367565870285
random,pca_ridge,9,HIST1H1D,-0.017527576035320944,-0.012959019241914059,0.04392964392900467
random,pca_ridge,9,AC003986.2,-0.04156487522610968,-0.024986417008061788,0.024243107065558434
random,pca_ridge,9,RIF1,0.06586133281003398,0.12759492966308594,0.4036061465740204
random,pca_ridge,9,C1orf116,-0.012544576180020037,-0.007473204788929966,0.0931372418999672
random,pca_ridge,9,TMEM270,,,0.0010488304542377591
random,pca_ridge,9,AL078639.1,0.050313574691162974,0.016550268529196693,0.5157055258750916
random,pca_ridge,9,LINC00607,0.006589101359685786,0.004690760706708907,0.040764354169368744
random,pca_ridge,9,AC010267.1,,,0.0005377836641855538
random,pca_ridge,9,AC103855.1,,,0.0007251276983879507
random,pca_ridge,9,HEPACAM,0.16578809880345718,0.1124745652231339,0.6597729921340942
random,pca_ridge,9,CLCF1,-0.012940966232588929,-0.015403136233727886,0.07084234058856964
random,pca_ridge,9,RARRES3,0.12467137101438194,0.10828609951408555,0.5366222262382507
random,pca_ridge,9,SIRPB2,,,0.0009453175589442253
random,pca_ridge,9,CCL26,,,0.0017717746086418629
random,pca_ridge,9,SCGB2A1,0.07873220110731033,0.07613099300817266,0.4520623981952667
random,pca_ridge,9,AL162408.1,,,0.0004985822597518563
random,pca_ridge,9,AC018754.1,-0.009536220443218509,-0.006382889631130601,0.04072725027799606
random,pca_ridge,9,AF165147.1,-0.022082738698670595,-0.02691562518067007,0.05249328911304474
random,pca_ridge,9,ART4,0.008875670475353559,0.012243291719551602,0.018132692202925682
random,pca_ridge,9,Z82214.2,0.043153753826918995,0.034698561150283316,0.07683169096708298
random,pca_ridge,9,RCC1,0.0075701231436582795,0.013238118145310196,0.1401500254869461
random,pca_ridge,9,MS4A1,0.027503470741809997,0.01528299697860121,0.053345900028944016
random,pca_ridge,9,LDB2,0.21629639563050262,0.2716031592851449,0.6481983661651611
random,pca_ridge,9,AC025682.1,0.006300286322879354,0.003410041854241323,0.05280778929591179
random,pca_ridge,9,AC061992.1,0.031453952177213945,0.02128133740299613,0.039673399180173874
random,pca_ridge,9,AC012360.3,0.0016501998279406516,0.014612334437721307,0.08997830748558044
random,pca_ridge,9,GATA2-AS1,-0.002280662960984178,0.00039778166570378555,0.06988995522260666
random,pca_ridge,9,AP000238.1,-0.005490118529401738,-0.007686914139561649,0.015000048093497753
random,pca_ridge,9,ZNF670-ZNF695,,,0.00010021375783253461
random,pca_ridge,9,AC097381.3,-0.0018579388448849063,-0.010736908693299385,0.05435996875166893
random,pca_ridge,9,ALKAL1,0.0033453989843401123,0.0049922982393481785,0.04090939089655876
random,pca_ridge,9,ITIH6,-0.0018120684918978228,-0.0014889778928376036,0.035864949226379395
random,pca_ridge,9,AC040162.1,0.007771315329281004,0.019483300739514254,0.11060386896133423
random,pca_ridge,9,MFAP2,0.038415272196208446,0.04292946437284719,0.15833072364330292
random,pca_ridge,9,HOXA10,-0.01915418012214054,-0.012542154329144854,0.035325787961483
random,pca_ridge,9,IRX2,0.06317630565659198,0.07056309798218222,0.2804531753063202
random,pca_ridge,9,AC010457.1,,,0.0013525040121749043
random,pca_ridge,9,ASPN,0.04512112073679679,0.043866228552390724,0.13344618678092957
random,pca_ridge,9,DDR1,0.18570116424546432,0.1446513217862545,0.6200516223907471
random,pca_ridge,9,MRE11,0.037188303410722004,0.06100764109147083,0.18934620916843414
random,pca_ridge,9,PLA1A,-0.024458623590086336,-0.0269475922031583,0.05451009422540665
random,pca_ridge,9,RPEL1,0.005588116094594916,0.009103507431947846,0.0287659652531147
random,spatial_knn,9,SCGB2A2,0.7053839254607381,0.7006444561935864,1.0912559728307374
random,spatial_knn,9,SCGB1D2,0.5995580634760072,0.5969486001881901,0.9661129941166379
random,spatial_knn,9,MBP,0.4970570187153004,0.4470230504831713,1.0550218244002043
random,spatial_knn,9,GFAP,0.21912601417624625,0.188252185427874,1.2047027646927517
random,spatial_knn,9,PLP1,0.4438318088120461,0.3701693167063102,1.1601452039433497
random,spatial_knn,9,SAA1,0.5118864573781974,0.46082759663645995,0.7339277764561734
random,spatial_knn,9,MGP,0.4272194333787811,0.39771033012665347,0.9506331599364732
random,spatial_knn,9,IGKC,0.3678498130301311,0.34074248510022886,0.9696645113308829
random,spatial_knn,9,FABP4,0.4581128341411521,0.4034722775295871,0.6793460286674465
random,spatial_knn,9,MOBP,0.39250651632689126,0.2685500724875135,0.8003434664635197
random,spatial_knn,9,HBB,0.3377933910990415,0.24966584367064648,0.7939419625236096
random,spatial_knn,9,NEFL,0.16804342411356582,0.13709337579959513,1.0405037020830408
random,spatial_knn,9,TF,0.3363057442638744,0.24038990293823956,0.9133602984069698
random,spatial_knn,9,IGHG3,0.29775612023544284,0.19158122438716457,0.48337755701372354
random,spatial_knn,9,CNP,0.3060817054316059,0.22458570800569197,1.0457650653133987
random,spatial_knn,9,CPB1,0.3402973430137094,0.2976616226522618,0.44974428747932993
random,spatial_knn,9,CRYAB,0.2992514526552106,0.22870273377012565,1.055759058307664
random,spatial_knn,9,IGHA1,0.29795641274467166,0.2826095853159677,0.638738779567328
random,spatial_knn,9,KRT8,0.3096448283300677,0.2934126641846109,0.8816166248313444
random,spatial_knn,9,MUC1,0.321418562299292,0.32725152474117564,0.9266446668891392
random,spatial_knn,9,KRT19,0.28926169488770415,0.2837041203476043,0.9844718999641184
random,spatial_knn,9,IGLC2,0.2818359569669994,0.25546163270939576,0.6833372370448604
random,spatial_knn,9,TFF1,0.3429371939495537,0.3345423519977194,0.7534038098839119
random,spatial_knn,9,MAG,0.28380119754289956,0.20572252732922117,0.7112383759176952
random,spatial_knn,9,ERMN,0.31222896413806267,0.2188414183793376,0.608764768539737
random,spatial_knn,9,CLDN11,0.29121210619607135,0.18714686775901543,0.6623470613183369
random,spatial_knn,9,CLDND1,0.28901182799438474,0.20707753594692752,0.8567859311188868
random,spatial_knn,9,SPP1,0.28080539753640854,0.2211001050188767,0.7654608524198645
random,spatial_knn,9,PPP1R14A,0.29985297512854414,0.2077430578687534,0.7882862481642812
random,spatial_knn,9,S100B,0.1625548967725528,0.13908600987711112,1.0556980213895415
random,spatial_knn,9,MOG,0.2671646647339157,0.18412809869040153,0.5277574837843506
random,spatial_knn,9,MALAT1,0.1970344377978887,0.19621339352006706,1.0609184303617192
random,spatial_knn,9,CARNS1,0.231800203262071,0.15984451144259965,0.5706323620558297
random,spatial_knn,9,IGHG4,0.2412431825808762,0.15223434692999407,0.46616203159729575
random,spatial_knn,9,KRT18,0.2581464558212848,0.24987539299619263,0.801973676315011
random,spatial_knn,9,BCAS1,0.2578122258898071,0.20627809203943906,0.6591771807344581
random,spatial_knn,9,PTGDS,0.11937773827279057,0.11658604187142302,0.9896055483617745
random,spatial_knn,9,SAA2,0.26172812671454965,0.28255587603814963,0.3832697951175261
random,spatial_knn,9,SEPT4,0.24344687620812117,0.1808454447524913,0.8422371725502289
random,spatial_knn,9,TFF3,0.21982589389571194,0.2325948027272204,0.8568427353680494
random,spatial_knn,9,HPCAL1,0.12563642757305288,0.12475791894295911,0.9439312216321201
random,spatial_knn,9,S100A11,0.24271047670778517,0.2073022224132578,0.8757185194233295
random,spatial_knn,9,ALB,0.2556346019890906,0.14161568023201537,0.1466454236476866
random,spatial_knn,9,RNASE1,0.2421891805716039,0.18957769977681743,0.8385589837892583
random,spatial_knn,9,TMEM144,0.21240926558884515,0.15060962787481366,0.5676618979750495
random,spatial_knn,9,ENPP2,0.22972073578428337,0.16541934655609689,0.6533196639670814
random,spatial_knn,9,MAL,0.21663567424226196,0.1465677010723795,0.6315484988220212
random,spatial_knn,9,NKX6-2,0.23357248185901847,0.17538987289692803,0.4822026818364991
random,spatial_knn,9,HSPA2,0.23777103689937357,0.16550324083044202,0.5826854353239302
random,spatial_knn,9,G0S2,0.26344862294181237,0.2520872657475266,0.45274081145591966
random,spatial_knn,9,DAPP1,-0.006207235146460648,-0.008075605688543966,0.056878985384474896
random,spatial_knn,9,AC005837.3,-0.0006474884214850924,-0.0009850705902326952,0.024628967463680883
random,spatial_knn,9,DTHD1,-0.0004958758247078983,-0.0006964770462074059,0.020740504588693393
random,spatial_knn,9,HOXA5,-0.002432460172132337,-0.0030129217592095646,0.05098343551807631
random,spatial_knn,9,Z82188.2,-0.0010940213520133893,-0.0013295244738890566,0.033951204044561284
random,spatial_knn,9,PLAC1,-0.0009191142156448716,-0.0010930046192923544,0.014912171727455695
random,spatial_knn,9,TNC,0.00966433543417388,0.01286016761339584,0.1898352488988061
random,spatial_knn,9,INTS3,0.025001742257540475,0.03429129064595633,0.5424350014127465
random,spatial_knn,9,ZFP36L1,0.0004238430468951771,0.01258244341883531,0.533043189721471
random,spatial_knn,9,PSD2-AS1,-0.001360488801144822,-0.0017360394791055137,0.031315905027441825
random,spatial_knn,9,CU634019.6,-0.0028567477569484993,-0.0034205418855633085,0.042061788492454476
random,spatial_knn,9,MYBL2,0.017818611701850635,0.019537666257869686,0.07335039764956261
random,spatial_knn,9,GDPD3,0.004772321257366853,0.007648095141731992,0.11288225162225468
random,spatial_knn,9,CDHR5,-0.0002673597338027009,-0.00036341811666946674,0.023826552244531375
random,spatial_knn,9,CST7,-0.004814916519546663,-0.009175142042789323,0.08902451280028847
random,spatial_knn,9,TXK,-0.0018595319743884935,-0.0024491756216611866,0.04797700949083577
random,spatial_knn,9,AC125807.2,-0.0006345465909935099,-0.0006964770462074059,0.01758710029529126
random,spatial_knn,9,HRK,0.002749561941627744,0.012523327551864197,0.2741502855122895
random,spatial_knn,9,AL132780.2,-0.001038336287741963,-0.0017083430213695593,0.0398299568177385
random,spatial_knn,9,BPI,,,0.006058346024920654
random,spatial_knn,9,GALNT5,0.015346072124086226,0.04604852364304663,0.1373330841446699
random,spatial_knn,9,TAT,,,0.010307699249877353
random,spatial_knn,9,EXOC3L4,0.08164907884227345,0.0840883630103674,0.03296293207933865
random,spatial_knn,9,TJP1,0.027690638780082533,0.02070395563697759,0.5816404243226315
random,spatial_knn,9,PNMA3,0.030054086076092376,0.03797667789327667,0.5436011845587614
random,spatial_knn,9,SLC22A8,,,0.011863643421373813
random,spatial_knn,9,PALM2-AKAP2,,,0.007522326006984266
random,spatial_knn,9,HMGN1,0.025622193715257167,0.033209027624226145,0.6048078347020941
random,spatial_knn,9,AC004594.1,,,0.0012430241172581434
random,spatial_knn,9,F3,0.017057931837361873,0.01842938142617396,0.529326194614275
random,spatial_knn,9,PSME2,0.015377180704562175,0.02649355443111346,0.558618238944203
random,spatial_knn,9,FOXP3,0.02058689490348445,0.025686840382749626,0.054238583938594265
random,spatial_knn,9,AC113414.1,-0.0008579150765978012,-0.0016284990754904035,0.036350848441580694
random,spatial_knn,9,CHI3L2,0.044898406129000236,0.032356707419022315,0.09644648438606714
random,spatial_knn,9,HOXC-AS1,-0.005277246136271131,-0.007252049239057189,0.07806241538535051
random,spatial_knn,9,RBM15B,-0.0036632930076064417,-0.003852609551657654,0.43919083756875543
random,spatial_knn,9,AC087762.1,,,0.0013125359102463213
random,spatial_knn,9,EDA2R,-0.001723693298152938,-0.0022128952361671673,0.02442149944564538
random,spatial_knn,9,AC012354.1,,,0.0033311263952577846
random,spatial_knn,9,DEFB134,,,0.0071525480301497454
random,spatial_knn,9,APLNR,0.038164418692520116,0.04946363327524318,0.28511163173634635
random,spatial_knn,9,IFNG,,,0.009154101548172592
random,spatial_knn,9,APOBEC3F,0.001766740966039534,0.025385756000783757,0.047916658298734253
random,spatial_knn,9,AC025164.1,-0.00805649931622263,-0.010264204581571809,0.06989656688625764
random,spatial_knn,9,CAPN9,-0.007208539945262106,-0.010496604102452425,0.07863600862150252
random,spatial_knn,9,AP001360.1,-0.002987288960989847,-0.003763300228230743,0.049009563140762144
random,spatial_knn,9,AC133644.2,-0.0011741498865040405,-0.0015459040772648127,0.045029824192846304
random,spatial_knn,9,FXYD3,0.09900963861747747,0.11363158369028538,0.5431965881423041
random,spatial_knn,9,PAPOLB,-0.0003447523239548592,-0.00036341811666946674,0.02113547513486473
random,spatial_knn,9,TSPO,0.017179014865257986,0.011894002529968504,0.5735244043877761
random,spatial_knn,9,CLEC4F,,,0.005791246313111203
random,spatial_knn,9,AC009093.4,-0.0012067907127796139,-0.0014570330732443253,0.023427777704337162
random,spatial_knn,9,AC019077.1,-0.0020817422454775187,-0.0033057845833986085,0.06497043834237719
random,spatial_knn,9,ICAM3,0.0030629612189300662,0.0036253421662347154,0.1721726665548545
random,spatial_knn,9,LRRC3,-0.004627680459051709,-0.005775519821057983,0.04546127083382835
random,spatial_knn,9,MTA1,0.00727220107907537,0.01925944071554335,0.4518342797274778
random,spatial_knn,9,AC015712.4,-0.0010270655945854564,-0.001150797676083202,0.029230890928648345
random,spatial_knn,9,CEP55,-0.0032725848321521534,-0.004301176492264762,0.06412515176548364
random,spatial_knn,9,HIST1H1D,-0.0009625266357810329,-0.001602473746065451,0.04603612869166362
random,spatial_knn,9,AC003986.2,-0.0005477209879497873,-0.0006298549853232226,0.02490082751764056
random,spatial_knn,9,RIF1,0.021512092443497256,0.012457224543587902,0.42159286351137065
random,spatial_knn,9,C1orf116,-0.005503618453811353,0.0014336844125022897,0.09698968247623722
random,spatial_knn,9,TMEM270,,,0.005786772403136447
random,spatial_knn,9,AL078639.1,0.07804554113672282,0.08013438900808656,0.5346153153173817
random,spatial_knn,9,LINC00607,-0.0015100280062407439,-0.0019769839561298705,0.04232350214657659
random,spatial_knn,9,AC010267.1,,,0.007658556077664305
random,spatial_knn,9,AC103855.1,,,0.0065482545369344326
random,spatial_knn,9,HEPACAM,0.03836244472821515,0.033912976119272194,0.7009108519011242
random,spatial_knn,9,CLCF1,0.004416806850406458,0.02083276629515939,0.072198977943633
random,spatial_knn,9,RARRES3,0.05601799911468161,0.0691905799611587,0.5624053674996088
random,spatial_knn,9,SIRPB2,,,0.004900338466176709
random,spatial_knn,9,CCL26,,,0.013871361600127488
random,spatial_knn,9,SCGB2A1,0.13718397299882243,0.16847700568600607,0.4643955095699005
random,spatial_knn,9,AL162408.1,,,0.0020158497785503194
random,spatial_knn,9,AC018754.1,-0.002619038001838406,-0.003130163017849239,0.04201632183204007
random,spatial_knn,9,AF165147.1,-0.001205939062924892,-0.0014570330732443253,0.05298882777292466
random,spatial_knn,9,ART4,-0.000508147018070384,-0.0005937706685581259,0.018828689356248724
random,spatial_knn,9,Z82214.2,0.11272983250651791,0.08144650637774205,0.07730732167939344
random,spatial_knn,9,RCC1,-0.015522075632618615,-0.020120725508651915,0.1509315558581705
random,spatial_knn,9,MS4A1,0.10732505134235432,0.1545653491034649,0.054425552542452134
random,spatial_knn,9,LDB2,0.029074365090131907,0.04045946041162392,0.6954692829601485
random,spatial_knn,9,AC025682.1,-0.002357762092397971,-0.0036908347463330813,0.0546874656596271
random,spatial_knn,9,AC061992.1,-0.0018470134405298069,-0.0021885369193200195,0.04075005783591143
random,spatial_knn,9,AC012360.3,0.009191990501716363,0.027565642439149163,0.09590410665359032
random,spatial_knn,9,GATA2-AS1,-0.0034719172199092225,-0.004493756127482894,0.07168726359678103
random,spatial_knn,9,AP000238.1,-0.0007483419123952219,-0.0009400171801047962,0.016946276998171705
random,spatial_knn,9,ZNF670-ZNF695,,,0.00033936282858114
random,spatial_knn,9,AC097381.3,-0.0014306073958999194,-0.0016278151210364707,0.05453065573985378
random,spatial_knn,9,ALKAL1,-0.002282362411088419,-0.003232730224788655,0.04402623682887053
random,spatial_knn,9,ITIH6,-0.00037966473832579096,-0.0007275228993659896,0.03927117819033122
random,spatial_knn,9,AC040162.1,0.013500173743008813,0.018285843330833995,0.11834488968262252
random,spatial_knn,9,MFAP2,0.01941068931303714,0.026112931842014846,0.16685093433050058
random,spatial_knn,9,HOXA10,-0.002969016782186934,-0.003832905188783413,0.037778641432762744
random,spatial_knn,9,IRX2,0.05204346473893611,0.07757787316089171,0.2920170223235762
random,spatial_knn,9,AC010457.1,,,0.012260527028975298
random,spatial_knn,9,ASPN,0.011811015090684373,0.013438244862158775,0.14217610919833132
random,spatial_knn,9,DDR1,0.07673103157344593,0.07905427043261484,0.6551693780468285
random,spatial_knn,9,MRE11,0.008370548419681594,-0.0021197271694178028,0.20101349630118412
random,spatial_knn,9,PLA1A,-0.00432919711735358,-0.006594185418103266,0.06034871532772583
random,spatial_knn,9,RPEL1,0.06425924283650396,0.0754982185300038,0.03004545303344628
