split,model,seed,gene,pearson,spearman,rmse
random,mean,0,PTGDS,0.0,,0.9432082176208496
random,mean,0,CD74,0.0,,0.9354727864265442
random,mean,0,CCL19,0.0,,0.209476038813591
random,mean,0,COL3A1,,,0.5387420654296875
random,mean,0,CXCL14,,,0.9235588908195496
random,mean,0,ADH1B,0.0,,0.37995991110801697
random,mean,0,TFF3,0.0,,0.8542214035987854
random,mean,0,POSTN,,,0.36218005418777466
random,mean,0,AQP1,0.0,,0.32740283012390137
random,mean,0,ISG15,0.0,,0.7089888453483582
random,mean,0,FDCSP,,,0.08845541626214981
random,mean,0,CFD,,,0.4853448271751404
random,mean,0,FABP4,0.0,,0.75333172082901
random,mean,0,ADIRF,0.0,,0.8569021821022034
random,mean,0,CCL21,,,0.09601795673370361
random,mean,0,CD3D,,,0.07982969284057617
random,mean,0,CLDN5,,,0.5978335738182068
random,mean,0,IFIT2,,,0.22315837442874908
random,mean,0,PTN,,,0.8960379362106323
random,mean,0,S100B,,,1.0543240308761597
random,mean,0,ACTG2,0.0,,0.1036171168088913
random,mean,0,FOS,,,0.41704079508781433
random,mean,0,ELN,,,0.2282794564962387
random,mean,0,NRP1,,,0.2553248703479767
random,mean,0,MS4A4A,,,0.10101242363452911
random,mean,0,LMOD1,,,0.1289767622947693
random,mean,0,HBA2,,,0.7704223394393921
random,mean,0,PPP1R14A,0.0,,0.8183345794677734
random,mean,0,SLITRK6,,,0.10972050577402115
random,mean,0,ADD3,0.0,,0.680507242679596
random,mean,0,MIA,,,0.0690661072731018
random,mean,0,LTF,,,0.5003349184989929
random,mean,0,CST7,0.0,,0.06399112939834595
random,mean,0,TNF,,,0.041488952934741974
random,mean,0,NEXN,,,0.10473304241895676
random,mean,0,HBB,0.0,,0.8265683054924011
random,mean,0,SP140L,0.0,,0.09498807042837143
random,mean,0,CDKN1C,,,0.43726006150245667
random,mean,0,ITGB1,0.0,,0.48897433280944824
random,mean,0,CLDN11,0.0,,0.6921517252922058
random,mean,0,STC2,,,0.2706654667854309
random,mean,0,UGT8,0.0,,0.42905181646347046
random,mean,0,SOX6,0.0,,0.23525123298168182
random,mean,0,PDLIM4,,,0.274576336145401
random,mean,0,SEPT4,,,0.8633534908294678
random,mean,0,TLR7,0.0,,0.10936685651540756
random,mean,0,EBF1,0.0,,0.14756359159946442
random,mean,0,FMO2,0.0,,0.11558947712182999
random,mean,0,RELN,,,0.39226245880126953
random,mean,0,VTI1A,0.0,,0.22779102623462677
random,pca_ridge,0,PTGDS,0.3505311411874866,0.32647258644999977,0.8834624290466309
random,pca_ridge,0,CD74,0.2206858282194836,0.18017342183395238,0.9125066995620728
random,pca_ridge,0,CCL19,0.059507254252403,0.040832075558321725,0.2091037780046463
random,pca_ridge,0,COL3A1,0.14992683356720057,0.11473269488453665,0.5328928828239441
random,pca_ridge,0,CXCL14,0.16345040037978287,0.11931753540752509,0.9111561179161072
random,pca_ridge,0,ADH1B,0.08645330089829695,0.06581996256148118,0.37854093313217163
random,pca_ridge,0,TFF3,0.2065717585570474,0.19145531936864305,0.8358388543128967
random,pca_ridge,0,POSTN,0.10272346676186235,0.0858155813575698,0.3609448969364166
random,pca_ridge,0,AQP1,0.27527518955966923,0.17555808006194826,0.3151780366897583
random,pca_ridge,0,ISG15,0.03956515167129385,0.05712693388783214,0.7090414762496948
random,pca_ridge,0,FDCSP,0.02655566064207546,0.016147354940286605,0.08848369866609573
random,pca_ridge,0,CFD,0.0721421005181572,0.06257995397695328,0.4841676950454712
random,pca_ridge,0,FABP4,0.12430228838563825,0.09758543592497056,0.747641921043396
random,pca_ridge,0,ADIRF,0.11973043423429797,0.1055600432535432,0.8507529497146606
random,pca_ridge,0,CCL21,0.028119060953239086,0.017225394154730216,0.09598535299301147
random,pca_ridge,0,CD3D,0.012772006707033587,0.014347401607449382,0.07988659292459488
random,pca_ridge,0,CLDN5,0.02887753783421048,0.06223513429970497,0.5982427597045898
random,pca_ridge,0,IFIT2,0.08158025271011618,0.06018257012460883,0.22252711653709412
random,pca_ridge,0,PTN,0.11523739202993269,0.1212694685454154,0.890084981918335
random,pca_ridge,0,S100B,0.3711088455406498,0.29784971668255117,0.9792323708534241
random,pca_ridge,0,ACTG2,0.031145425704454235,0.022842255408261843,0.10359809547662735
random,pca_ridge,0,FOS,0.10722318982341009,0.0903822278931676,0.4147428572177887
random,pca_ridge,0,ELN,0.03982107542256742,0.026670620152738213,0.2281855195760727
random,pca_ridge,0,NRP1,-0.0009551303242641626,0.022365663964648518,0.255790650844574
random,pca_ridge,0,MS4A4A,-0.007907266993887252,-0.00511573733567666,0.10114480555057526
random,pca_ridge,0,LMOD1,0.030191101677185306,0.021885957992638466,0.12893551588058472
random,pca_ridge,0,HBA2,0.07874459161898746,0.1271466080116311,0.7682055830955505
random,pca_ridge,0,PPP1R14A,0.4073392271670615,0.25649065348711286,0.7476092576980591
random,pca_ridge,0,SLITRK6,0.06365654563180316,0.049869874183420676,0.109551340341568
random,pca_ridge,0,ADD3,0.11253659658872872,0.11348562092931218,0.6763458251953125
random,pca_ridge,0,MIA,-0.025302047560067854,-0.026834361333114374,0.06922774761915207
random,pca_ridge,0,LTF,0.08370712900557928,0.08480897452789228,0.49872973561286926
random,pca_ridge,0,CST7,0.013565929427230672,0.008941430414855107,0.06403455138206482
random,pca_ridge,0,TNF,0.02293652252754757,0.007130060060826989,0.04150974750518799
random,pca_ridge,0,NEXN,-0.019056261244584236,-0.001291259515289098,0.10488899052143097
random,pca_ridge,0,HBB,0.08375164839622455,0.083188286761885,0.8237801194190979
random,pca_ridge,0,SP140L,0.028903705668887385,0.02724074564546659,0.0949694961309433
random,pca_ridge,0,CDKN1C,0.3009794147721922,0.2016264772131827,0.41699862480163574
random,pca_ridge,0,ITGB1,0.12048761622475807,0.09333264808270095,0.4854278862476349
random,pca_ridge,0,CLDN11,0.46346597156868774,0.29900585798407897,0.6134395599365234
random,pca_ridge,0,STC2,0.05725117689772581,0.05939552287934881,0.2702692747116089
random,pca_ridge,0,UGT8,0.33440587533941407,0.2047289845728618,0.40456119179725647
random,pca_ridge,0,SOX6,0.032428596962559494,0.054424420311788194,0.2351481169462204
random,pca_ridge,0,PDLIM4,0.022044319576519988,0.02277230421263363,0.2746346592903137
random,pca_ridge,0,SEPT4,0.353312730343338,0.26102074098671363,0.8076932430267334
random,pca_ridge,0,TLR7,0.01124408303952341,0.02365293513174677,0.10940388590097427
random,pca_ridge,0,EBF1,-0.006122759933915598,-0.010349554579935888,0.14775051176548004
random,pca_ridge,0,FMO2,0.005471049057842651,0.0017035035342328145,0.11566861718893051
random,pca_ridge,0,RELN,0.12012119521074917,0.07489684938874268,0.3894217908382416
random,pca_ridge,0,VTI1A,0.022169767251341836,0.05698452798792424,0.2278151512145996
random,spatial_knn,0,PTGDS,0.10634175959712357,0.11103377567102822,0.9750603413215383
random,spatial_knn,0,CD74,0.13197923455862862,0.12312896060040705,0.9583957875109529
random,spatial_knn,0,CCL19,0.1581360256008229,0.08412314148752426,0.21139453825152602
random,spatial_knn,0,COL3A1,0.1636211831123457,0.16758848956774733,0.5453744553833426
random,spatial_knn,0,CXCL14,0.10666292129876656,0.09066235178586986,0.951281632860995
random,spatial_knn,0,ADH1B,0.20039952067145483,0.1802518081864752,0.38310438456184026
random,spatial_knn,0,TFF3,0.210067559175451,0.2227718246980954,0.8607875583238261
random,spatial_knn,0,POSTN,0.09177478074938089,0.09712041913325688,0.37534602213110135
random,spatial_knn,0,AQP1,0.12173461183088594,0.10717699041075365,0.34204462520479145
random,spatial_knn,0,ISG15,0.09010415389851714,0.09394308687224656,0.7350539496260359
random,spatial_knn,0,FDCSP,0.08266334153195778,0.12359047410987653,0.09710668423597076
random,spatial_knn,0,CFD,0.1609931649428855,0.15782337986373027,0.49415836289773324
random,spatial_knn,0,FABP4,0.43574366060207465,0.397495657728534,0.690351797210755
random,spatial_knn,0,ADIRF,0.10339394680979394,0.09644364166158866,0.8825848769542564
random,spatial_knn,0,CCL21,-0.009213676627848569,-0.012203301567725922,0.09950264562346701
random,spatial_knn,0,CD3D,0.054061057971472565,0.041410767564117115,0.08354880517459934
random,spatial_knn,0,CLDN5,0.01330036409786036,0.012162276209602217,0.6251230008584691
random,spatial_knn,0,IFIT2,0.0008039152564628315,-0.0017430841719338456,0.23771411242652274
random,spatial_knn,0,PTN,0.02752531165951036,0.03220092159514484,0.9398962568148441
random,spatial_knn,0,S100B,0.19271846022138023,0.16088960116109155,1.0587879541285845
random,spatial_knn,0,ACTG2,-0.013466457080845578,-0.01788496495676723,0.1089036071141406
random,spatial_knn,0,FOS,0.024720104710349373,0.03461647841267213,0.4389770815937006
random,spatial_knn,0,ELN,0.010144579025853688,0.018318912640707435,0.24009249975322208
random,spatial_knn,0,NRP1,0.003025823340106806,0.008031061250671127,0.27063031796769627
random,spatial_knn,0,MS4A4A,0.019010384315756974,0.018524814316797204,0.10503921269152271
random,spatial_knn,0,LMOD1,-0.0023615426810756793,-0.0007279861098257442,0.13678246105872804
random,spatial_knn,0,HBA2,0.1833660392147884,0.14781907897795474,0.7754305161900072
random,spatial_knn,0,PPP1R14A,0.2680836103967119,0.19747301068666656,0.8075078278533888
random,spatial_knn,0,SLITRK6,0.06449068653922649,0.083199267356796,0.1162346141798583
random,spatial_knn,0,ADD3,0.04338137311895858,0.039205636776489916,0.707414055605859
random,spatial_knn,0,MIA,-0.005087697293607982,-0.008234531907398627,0.07512989847736394
random,spatial_knn,0,LTF,0.12439183820998471,0.13496830004740934,0.5117457555283093
random,spatial_knn,0,CST7,-0.007381284581078583,-0.009448452018106929,0.06716184845950622
random,spatial_knn,0,TNF,-0.003256153883421336,-0.004041608187113382,0.04392188320232964
random,spatial_knn,0,NEXN,-0.005109053718276389,-0.0040677935562065,0.11096828317852579
random,spatial_knn,0,HBB,0.3200449184679258,0.24548464802049585,0.8001889999136078
random,spatial_knn,0,SP140L,0.0005569591976089887,0.02076919182253456,0.09844505057690497
random,spatial_knn,0,CDKN1C,0.1474040036150838,0.13805008918911327,0.44579888004208446
random,spatial_knn,0,ITGB1,0.03938192261953061,0.04829305508839853,0.5110312186873911
random,spatial_knn,0,CLDN11,0.28311701403930256,0.19589837707555946,0.6768478199371366
random,spatial_knn,0,STC2,0.04471458727363893,0.07125022032679304,0.28394920344230773
random,spatial_knn,0,UGT8,0.16956728694081769,0.1345957729363322,0.43726460173301773
random,spatial_knn,0,SOX6,0.01725349332835498,0.004105517723753803,0.24589402959295165
random,spatial_knn,0,PDLIM4,0.017724146019872673,0.006093786579546243,0.2847466831832902
random,spatial_knn,0,SEPT4,0.22574081549083472,0.17455534542424084,0.8613759337311906
random,spatial_knn,0,TLR7,0.0768796388163669,0.0048612390195725275,0.11348124291444364
random,spatial_knn,0,EBF1,-0.007719230134964242,-0.0070205702499564595,0.15753462287233197
random,spatial_knn,0,FMO2,0.0013267060707938807,0.005463007829597432,0.12225486881662698
random,spatial_knn,0,RELN,0.07717771305466845,0.0772284819456276,0.4067598608028983
random,spatial_knn,0,VTI1A,0.02250350073175736,0.018503984335207488,0.23656759945201802
matched_hop0,mean,0,PTGDS,0.0,,0.8508158922195435
matched_hop0,mean,0,CD74,,,0.861981987953186
matched_hop0,mean,0,CCL19,,,0.1900680959224701
matched_hop0,mean,0,COL3A1,0.0,,0.4731205403804779
matched_hop0,mean,0,CXCL14,,,0.9260468482971191
matched_hop0,mean,0,ADH1B,,,0.4871363937854767
matched_hop0,mean,0,TFF3,,,0.8343944549560547
matched_hop0,mean,0,POSTN,0.0,,0.3428017497062683
matched_hop0,mean,0,AQP1,,,0.24859285354614258
matched_hop0,mean,0,ISG15,0.0,,0.6791785359382629
matched_hop0,mean,0,FDCSP,,,0.0883830338716507
matched_hop0,mean,0,CFD,0.0,,0.5399428606033325
matched_hop0,mean,0,FABP4,0.0,,0.9048886299133301
matched_hop0,mean,0,ADIRF,0.0,,0.8636605143547058
matched_hop0,mean,0,CCL21,,,0.06862138211727142
matched_hop0,mean,0,CD3D,0.0,,0.08710407465696335
matched_hop0,mean,0,CLDN5,,,0.584987461566925
matched_hop0,mean,0,IFIT2,,,0.23116199672222137
matched_hop0,mean,0,PTN,,,0.8816390633583069
matched_hop0,mean,0,S100B,,,0.9636619687080383
matched_hop0,mean,0,ACTG2,,,0.1060241162776947
matched_hop0,mean,0,FOS,0.0,,0.41292065382003784
matched_hop0,mean,0,ELN,,,0.21425694227218628
matched_hop0,mean,0,NRP1,,,0.278551310300827
matched_hop0,mean,0,MS4A4A,,,0.10301214456558228
matched_hop0,mean,0,LMOD1,0.0,,0.12666656076908112
matched_hop0,mean,0,HBA2,,,0.7785800099372864
matched_hop0,mean,0,PPP1R14A,,,0.6692310571670532
matched_hop0,mean,0,SLITRK6,0.0,,0.06523693352937698
matched_hop0,mean,0,ADD3,0.0,,0.65602046251297
matched_hop0,mean,0,MIA,,,0.07493992149829865
matched_hop0,mean,0,LTF,,,0.46628761291503906
matched_hop0,mean,0,CST7,,,0.06098157912492752
matched_hop0,mean,0,TNF,,,0.040805328637361526
matched_hop0,mean,0,NEXN,,,0.11547743529081345
matched_hop0,mean,0,HBB,0.0,,0.9039648175239563
matched_hop0,mean,0,SP140L,,,0.09910594671964645
matched_hop0,mean,0,CDKN1C,,,0.3734886646270752
matched_hop0,mean,0,ITGB1,0.0,,0.46430739760398865
matched_hop0,mean,0,CLDN11,,,0.5350720882415771
matched_hop0,mean,0,STC2,,,0.26821190118789673
matched_hop0,mean,0,UGT8,0.0,,0.3418082892894745
matched_hop0,mean,0,SOX6,0.0,,0.2308785319328308
matched_hop0,mean,0,PDLIM4,,,0.26849108934402466
matched_hop0,mean,0,SEPT4,0.0,,0.7457103729248047
matched_hop0,mean,0,TLR7,0.0,,0.09497306495904922
matched_hop0,mean,0,EBF1,,,0.1563922017812729
matched_hop0,mean,0,FMO2,0.0,,0.12875430285930634
matched_hop0,mean,0,RELN,,,0.43270376324653625
matched_hop0,mean,0,VTI1A,0.0,,0.22173245251178741
matched_hop0,pca_ridge,0,PTGDS,0.18626173858795547,0.20539217952189373,0.8362728357315063
matched_hop0,pca_ridge,0,CD74,0.13467266110433476,0.11599300890631478,0.8538727760314941
matched_hop0,pca_ridge,0,CCL19,0.021426229272177983,0.008256983327601441,0.19010043144226074
matched_hop0,pca_ridge,0,COL3A1,0.10917856836251631,0.08947811441826735,0.47044241428375244
matched_hop0,pca_ridge,0,CXCL14,0.2030078809213425,0.16731902755721081,0.907547652721405
matched_hop0,pca_ridge,0,ADH1B,0.0865385789885255,0.07934703183486126,0.48533299565315247
matched_hop0,pca_ridge,0,TFF3,0.20010442645993534,0.1910342600553841,0.8174846768379211
matched_hop0,pca_ridge,0,POSTN,0.06657573857771391,0.07256120260524103,0.34232398867607117
matched_hop0,pca_ridge,0,AQP1,0.07176373683631938,0.054993937918209015,0.24846777319908142
matched_hop0,pca_ridge,0,ISG15,0.06336139693694454,0.07534371611014315,0.6778948903083801
matched_hop0,pca_ridge,0,FDCSP,-0.019485884745918045,-0.020936584624153053,0.08875579386949539
matched_hop0,pca_ridge,0,CFD,0.09525070627762872,0.07763805240590288,0.537440836429596
matched_hop0,pca_ridge,0,FABP4,0.19819657374959782,0.1585442173909019,0.8911582231521606
matched_hop0,pca_ridge,0,ADIRF,0.16655363763736017,0.14260561893515433,0.8533128499984741
matched_hop0,pca_ridge,0,CCL21,0.007335938970684428,0.008422648167724983,0.06868063658475876
matched_hop0,pca_ridge,0,CD3D,-0.0015382660422634635,-0.0019234983859033334,0.08719155937433243
matched_hop0,pca_ridge,0,CLDN5,0.03915507863047801,0.07466830036905067,0.584888219833374
matched_hop0,pca_ridge,0,IFIT2,0.013352905713138139,0.03243309783619032,0.23138242959976196
matched_hop0,pca_ridge,0,PTN,0.07802551501119258,0.07673061824646417,0.8787146806716919
matched_hop0,pca_ridge,0,S100B,0.23202262381989974,0.22126999165734984,0.9379280805587769
matched_hop0,pca_ridge,0,ACTG2,0.021951571669067017,0.006757387837606321,0.10605596750974655
matched_hop0,pca_ridge,0,FOS,0.04584303549042279,0.049097525714190314,0.4127287268638611
matched_hop0,pca_ridge,0,ELN,0.060891171208127266,0.03407314734695414,0.21387390792369843
matched_hop0,pca_ridge,0,NRP1,0.013186793106485618,0.048044849903129336,0.27869877219200134
matched_hop0,pca_ridge,0,MS4A4A,-0.01828964697738749,-0.012045433065032241,0.10321567207574844
matched_hop0,pca_ridge,0,LMOD1,0.017290148684519883,0.012309260441823011,0.12674283981323242
matched_hop0,pca_ridge,0,HBA2,0.05304854362113757,0.1086396254001085,0.7776299715042114
matched_hop0,pca_ridge,0,PPP1R14A,0.14678707638577268,0.1458663864938156,0.6638931035995483
matched_hop0,pca_ridge,0,SLITRK6,0.01842006725405757,0.013807647062153136,0.06584551930427551
matched_hop0,pca_ridge,0,ADD3,0.07730474119548289,0.08626699943022419,0.6539778113365173
matched_hop0,pca_ridge,0,MIA,0.010086157250133237,-0.0022366479332861654,0.07496663928031921
matched_hop0,pca_ridge,0,LTF,0.09746556721984719,0.10529095953695138,0.4640757739543915
matched_hop0,pca_ridge,0,CST7,0.002655323899874316,-0.0014611493310719367,0.061055075377225876
matched_hop0,pca_ridge,0,TNF,0.001591789582779749,-0.0021373054429357575,0.04090651869773865
matched_hop0,pca_ridge,0,NEXN,-0.002511616095812207,0.004381185918631403,0.11553873866796494
matched_hop0,pca_ridge,0,HBB,0.03471907338807345,0.07011776616156337,0.903528094291687
matched_hop0,pca_ridge,0,SP140L,0.021390841329848274,0.025570238848626792,0.09911856800317764
matched_hop0,pca_ridge,0,CDKN1C,0.08000414768754209,0.1058014684729877,0.3726949691772461
matched_hop0,pca_ridge,0,ITGB1,0.06138104832192547,0.07960711161871152,0.46346399188041687
matched_hop0,pca_ridge,0,CLDN11,0.17099760384923618,0.16793696327813,0.5280437469482422
matched_hop0,pca_ridge,0,STC2,0.043526206902162426,0.04720715090972608,0.26804932951927185
matched_hop0,pca_ridge,0,UGT8,0.1141229015949458,0.12048941909238385,0.3400440514087677
matched_hop0,pca_ridge,0,SOX6,0.03290915278979607,0.04803704150921608,0.23075388371944427
matched_hop0,pca_ridge,0,PDLIM4,0.020358716487610114,0.025886014473910476,0.2685388922691345
matched_hop0,pca_ridge,0,SEPT4,0.20530762211545175,0.23153392274406606,0.7301754951477051
matched_hop0,pca_ridge,0,TLR7,0.008535096417136892,0.013437360059639334,0.09502604603767395
matched_hop0,pca_ridge,0,EBF1,0.004322861128209258,0.0033959921008341084,0.15654206275939941
matched_hop0,pca_ridge,0,FMO2,-0.002243205549503436,0.003448354789857286,0.12886469066143036
matched_hop0,pca_ridge,0,RELN,0.14227393830045734,0.09496922743316576,0.42855459451675415
matched_hop0,pca_ridge,0,VTI1A,0.019334053104223106,0.058282069250486804,0.22179973125457764
matched_hop0,spatial_knn,0,PTGDS,-0.005013239826088534,0.003361504258010276,0.8887482936343328
matched_hop0,spatial_knn,0,CD74,0.10946886018403645,0.10891488024810583,0.8730979310394658
matched_hop0,spatial_knn,0,CCL19,0.10171217318322325,0.029637823362025688,0.19155472487474806
matched_hop0,spatial_knn,0,COL3A1,0.03579348554295371,0.050302333836574516,0.48141833019805547
matched_hop0,spatial_knn,0,CXCL14,0.06400171325442178,0.05052312052139417,0.9406440608547111
matched_hop0,spatial_knn,0,ADH1B,0.15752548080792164,0.17123543344375633,0.4964402656223441
matched_hop0,spatial_knn,0,TFF3,0.02794338992852025,0.03682262625444809,0.8727093104520417
matched_hop0,spatial_knn,0,POSTN,-0.02583838117414873,0.002381372972340817,0.3536673503913088
matched_hop0,spatial_knn,0,AQP1,0.02086974829263059,0.020460681717807364,0.25610519352383093
matched_hop0,spatial_knn,0,ISG15,0.11993303612390789,0.093742627163654,0.690289452030593
matched_hop0,spatial_knn,0,FDCSP,0.051279087194421716,0.03890394186679288,0.09840385854783786
matched_hop0,spatial_knn,0,CFD,0.21327942107605682,0.18664358563457004,0.5284803172194901
matched_hop0,spatial_knn,0,FABP4,0.37635239459602976,0.36085276006838013,0.8334460959695249
matched_hop0,spatial_knn,0,ADIRF,0.14340426980153048,0.13714005490864986,0.8648139831263015
matched_hop0,spatial_knn,0,CCL21,-0.00438586814892765,-0.004912053314792767,0.06960918423718584
matched_hop0,spatial_knn,0,CD3D,0.011053075843314712,0.009934801349646567,0.0905049221225639
matched_hop0,spatial_knn,0,CLDN5,0.01337427372175052,0.001925499793279537,0.6081765026870576
matched_hop0,spatial_knn,0,IFIT2,0.00646547024006129,0.00441010473833034,0.2358163528581075
matched_hop0,spatial_knn,0,PTN,0.04510208526144905,0.04166931825430773,0.9052139028624931
matched_hop0,spatial_knn,0,S100B,0.03650094372764923,0.034682968570662887,0.9880363716110155
matched_hop0,spatial_knn,0,ACTG2,0.030896531053264897,0.017732142665389326,0.10945253853845867
matched_hop0,spatial_knn,0,FOS,-0.010377579273694393,-0.008923885251905092,0.4249109473651136
matched_hop0,spatial_knn,0,ELN,0.017043997549508284,0.01400024635032734,0.21822228744179478
matched_hop0,spatial_knn,0,NRP1,-0.00957184685709198,-0.003543305440682123,0.2941124027704311
matched_hop0,spatial_knn,0,MS4A4A,-0.014063252399936232,-0.015796387028397255,0.10484714185475316
matched_hop0,spatial_knn,0,LMOD1,0.02841251637989127,0.01818587166545349,0.12740021719763334
matched_hop0,spatial_knn,0,HBA2,0.17585267725547307,0.13374464943240788,0.7748220147264189
matched_hop0,spatial_knn,0,PPP1R14A,0.03029656062421991,0.020559028200354563,0.6839395537464547
matched_hop0,spatial_knn,0,SLITRK6,-0.007566101039212382,-0.004947322394580691,0.06945688797608782
matched_hop0,spatial_knn,0,ADD3,-0.003991343718656345,-0.006889562951329543,0.6751970662046682
matched_hop0,spatial_knn,0,MIA,-0.0014233305016913512,-0.00040644461948223575,0.0758824592228873
matched_hop0,spatial_knn,0,LTF,0.04904222810471587,0.05084347683510037,0.47468323483975033
matched_hop0,spatial_knn,0,CST7,-0.005249437632201688,-0.0055428210622763385,0.06292142711324936
matched_hop0,spatial_knn,0,TNF,0.0,,0.04083168650614114
matched_hop0,spatial_knn,0,NEXN,-0.0154449795225515,-0.01173943755022467,0.11897588689874215
matched_hop0,spatial_knn,0,HBB,0.26603975644077776,0.21471218923809773,0.8773204257952872
matched_hop0,spatial_knn,0,SP140L,-0.014953818290313333,-0.01625130102281286,0.10534584860444468
matched_hop0,spatial_knn,0,CDKN1C,0.021474581237192706,0.023822487062128504,0.38339759128987827
matched_hop0,spatial_knn,0,ITGB1,0.013564843639700841,0.01767358555409423,0.474463496735046
matched_hop0,spatial_knn,0,CLDN11,0.04066846155212807,0.02482015752262819,0.5520541105963918
matched_hop0,spatial_knn,0,STC2,-0.00060297883534582,-0.00126363935329184,0.275901079458011
matched_hop0,spatial_knn,0,UGT8,0.005444792220407794,0.004971599840042233,0.35408907488232355
matched_hop0,spatial_knn,0,SOX6,0.013923197605863248,0.022225145347168792,0.23756908023930703
matched_hop0,spatial_knn,0,PDLIM4,0.014220018302036154,0.01595797695215595,0.2731585124627559
matched_hop0,spatial_knn,0,SEPT4,0.07269654764025268,0.04829072234405787,0.7634713638646539
matched_hop0,spatial_knn,0,TLR7,0.00040335668654171866,-0.0025254116645868825,0.09950189919199577
matched_hop0,spatial_knn,0,EBF1,0.005853236600965744,0.0071867769041308125,0.16305742841471374
matched_hop0,spatial_knn,0,FMO2,0.021616375493479296,0.01755204662898705,0.13122704573264785
matched_hop0,spatial_knn,0,RELN,0.06846803647984433,0.058885741863341896,0.4384753570946542
matched_hop0,spatial_knn,0,VTI1A,0.011541168148705871,0.0020167265115855824,0.22774877221136927
patient_Br5292,mean,0,PTGDS,0.0,,1.0815967321395874
patient_Br5292,mean,0,CD74,0.0,,0.9968660473823547
patient_Br5292,mean,0,CCL19,,,0.1783616691827774
patient_Br5292,mean,0,COL3A1,,,0.5765064358711243
patient_Br5292,mean,0,CXCL14,,,1.1057208776474
patient_Br5292,mean,0,ADH1B,,,0.4180923402309418
patient_Br5292,mean,0,TFF3,,,0.919789731502533
patient_Br5292,mean,0,POSTN,0.0,,0.4125322997570038
patient_Br5292,mean,0,AQP1,,,0.3130244016647339
patient_Br5292,mean,0,ISG15,,,0.7625575065612793
patient_Br5292,mean,0,FDCSP,,,0.12228433787822723
patient_Br5292,mean,0,CFD,,,0.5311142206192017
patient_Br5292,mean,0,FABP4,0.0,,0.8159447908401489
patient_Br5292,mean,0,ADIRF,,,0.9087120890617371
patient_Br5292,mean,0,CCL21,0.0,,0.09344363957643509
patient_Br5292,mean,0,CD3D,0.0,,0.11230895668268204
patient_Br5292,mean,0,CLDN5,,,0.5922288298606873
patient_Br5292,mean,0,IFIT2,,,0.24547086656093597
patient_Br5292,mean,0,PTN,,,0.9802284240722656
patient_Br5292,mean,0,S100B,,,1.141444206237793
patient_Br5292,mean,0,ACTG2,,,0.11690770089626312
patient_Br5292,mean,0,FOS,,,0.4286317825317383
patient_Br5292,mean,0,ELN,0.0,,0.24576270580291748
patient_Br5292,mean,0,NRP1,,,0.2786274254322052
patient_Br5292,mean,0,MS4A4A,,,0.1266653686761856
patient_Br5292,mean,0,LMOD1,,,0.13915763795375824
patient_Br5292,mean,0,HBA2,0.0,,0.7780373692512512
patient_Br5292,mean,0,PPP1R14A,0.0,,0.7971930503845215
patient_Br5292,mean,0,SLITRK6,,,0.1460563838481903
patient_Br5292,mean,0,ADD3,,,0.7050278186798096
patient_Br5292,mean,0,MIA,,,0.07310429960489273
patient_Br5292,mean,0,LTF,,,0.5515690445899963
patient_Br5292,mean,0,CST7,,,0.0727444440126419
patient_Br5292,mean,0,TNF,,,0.05330868437886238
patient_Br5292,mean,0,NEXN,,,0.11925780773162842
patient_Br5292,mean,0,HBB,,,0.857284665107727
patient_Br5292,mean,0,SP140L,,,0.10194455832242966
patient_Br5292,mean,0,CDKN1C,,,0.40053611993789673
patient_Br5292,mean,0,ITGB1,,,0.49963587522506714
patient_Br5292,mean,0,CLDN11,,,0.6173886060714722
patient_Br5292,mean,0,STC2,,,0.2954273819923401
patient_Br5292,mean,0,UGT8,0.0,,0.3824915885925293
patient_Br5292,mean,0,SOX6,,,0.24026131629943848
patient_Br5292,mean,0,PDLIM4,,,0.30499395728111267
patient_Br5292,mean,0,SEPT4,,,0.8681023120880127
patient_Br5292,mean,0,TLR7,,,0.10731309652328491
patient_Br5292,mean,0,EBF1,0.0,,0.15054528415203094
patient_Br5292,mean,0,FMO2,,,0.12762954831123352
patient_Br5292,mean,0,RELN,,,0.5054558515548706
patient_Br5292,mean,0,VTI1A,0.0,,0.22456273436546326
patient_Br5292,pca_ridge,0,PTGDS,0.23538648035791812,0.2261783324868569,1.0426428318023682
patient_Br5292,pca_ridge,0,CD74,0.13708514008444284,0.1167592586606563,0.9904138445854187
patient_Br5292,pca_ridge,0,CCL19,0.038778807414416805,0.018433163126947937,0.17867353558540344
patient_Br5292,pca_ridge,0,COL3A1,0.12870984087034232,0.09998908055138213,0.5730360746383667
patient_Br5292,pca_ridge,0,CXCL14,0.10881990941743491,0.10687399257407675,1.1009441614151
patient_Br5292,pca_ridge,0,ADH1B,0.049308832533343464,0.04747265954476842,0.4177660048007965
patient_Br5292,pca_ridge,0,TFF3,0.14076259300486246,0.13802521559542694,0.9141432642936707
patient_Br5292,pca_ridge,0,POSTN,0.11286967338096912,0.08985977897947396,0.4101749062538147
patient_Br5292,pca_ridge,0,AQP1,0.16338147698341646,0.08954340936949567,0.3109150826931
patient_Br5292,pca_ridge,0,ISG15,0.02782880928692992,0.022880223069579233,0.7647345662117004
patient_Br5292,pca_ridge,0,FDCSP,0.009171297858063691,0.0028836287081745833,0.12242817133665085
patient_Br5292,pca_ridge,0,CFD,0.060114657603165034,0.06296928577089132,0.5302343368530273
patient_Br5292,pca_ridge,0,FABP4,0.09306119194462119,0.09517584679373567,0.8125292658805847
patient_Br5292,pca_ridge,0,ADIRF,0.09848588415836691,0.08669164866481077,0.9058023691177368
patient_Br5292,pca_ridge,0,CCL21,0.0037636338366178173,0.0017381509351229714,0.09361077100038528
patient_Br5292,pca_ridge,0,CD3D,0.00850344576634731,0.006064694574412808,0.1123666763305664
patient_Br5292,pca_ridge,0,CLDN5,0.014910682053077868,0.03524796120966106,0.5920371413230896
patient_Br5292,pca_ridge,0,IFIT2,0.04657905164938396,0.03729317747344625,0.24546965956687927
patient_Br5292,pca_ridge,0,PTN,0.09712020197457104,0.10056785582959346,0.9757707715034485
patient_Br5292,pca_ridge,0,S100B,0.24614920137151358,0.22068399843003253,1.1126561164855957
patient_Br5292,pca_ridge,0,ACTG2,0.0024666015761537034,0.0009319005233191451,0.11716003715991974
patient_Br5292,pca_ridge,0,FOS,0.024605583934619833,0.014551332474424588,0.43086057901382446
patient_Br5292,pca_ridge,0,ELN,0.01596875313381777,0.010414468899215391,0.24602864682674408
patient_Br5292,pca_ridge,0,NRP1,0.01550022082963878,0.033023762925612606,0.2789985239505768
patient_Br5292,pca_ridge,0,MS4A4A,-0.009495767113910524,-0.011583704430491322,0.12684085965156555
patient_Br5292,pca_ridge,0,LMOD1,0.01854893047636418,0.01806720090174898,0.13921745121479034
patient_Br5292,pca_ridge,0,HBA2,0.01362401648752375,0.03017473091128894,0.77895188331604
patient_Br5292,pca_ridge,0,PPP1R14A,0.26662026867445243,0.1421599835210017,0.7569869160652161
patient_Br5292,pca_ridge,0,SLITRK6,0.03239850879078017,0.03110053423192993,0.14621850848197937
patient_Br5292,pca_ridge,0,ADD3,0.06887059832064596,0.06235415165111112,0.7017921805381775
patient_Br5292,pca_ridge,0,MIA,0.012625269583749509,0.010176672125948846,0.07314959168434143
patient_Br5292,pca_ridge,0,LTF,0.08086317961618111,0.08420946115214173,0.5502873063087463
patient_Br5292,pca_ridge,0,CST7,0.005506929287517704,0.008483862120048808,0.07285282015800476
patient_Br5292,pca_ridge,0,TNF,0.0069644852630739405,0.008881063495548755,0.05341986566781998
patient_Br5292,pca_ridge,0,NEXN,-0.009061726585626186,-0.007248979895561243,0.11946766823530197
patient_Br5292,pca_ridge,0,HBB,-0.010580878084023517,-0.012456229408277853,0.8649958372116089
patient_Br5292,pca_ridge,0,SP140L,0.009896480250909185,0.010081210705910034,0.10211966186761856
patient_Br5292,pca_ridge,0,CDKN1C,0.16634272686352672,0.08783203605096279,0.3936246633529663
patient_Br5292,pca_ridge,0,ITGB1,0.07662047406496236,0.061285842333193084,0.497778058052063
patient_Br5292,pca_ridge,0,CLDN11,0.2654848041586717,0.1299739653415987,0.5882655382156372
patient_Br5292,pca_ridge,0,STC2,0.033674830487191165,0.03276546831425065,0.2957780659198761
patient_Br5292,pca_ridge,0,UGT8,0.197845540046064,0.10762564170449022,0.37458258867263794
patient_Br5292,pca_ridge,0,SOX6,0.0043205434504452085,0.012532333265920124,0.240534245967865
patient_Br5292,pca_ridge,0,PDLIM4,-0.006131660999796324,-0.001332862363466626,0.3057049512863159
patient_Br5292,pca_ridge,0,SEPT4,0.20298362423548236,0.11908199099707752,0.8237953186035156
patient_Br5292,pca_ridge,0,TLR7,0.0016253382753112866,-0.0038437934609886603,0.10748717933893204
patient_Br5292,pca_ridge,0,EBF1,0.0006551157753747366,0.0011757200246130344,0.1508580595254898
patient_Br5292,pca_ridge,0,FMO2,-0.004389520604189533,-0.005568499151641812,0.127821147441864
patient_Br5292,pca_ridge,0,RELN,0.06659218130299988,0.062259882794502897,0.5047969222068787
patient_Br5292,pca_ridge,0,VTI1A,0.016864454209614688,0.0357181192287832,0.22465956211090088
patient_Br5292,spatial_knn,0,PTGDS,0.027869633257440657,0.023433784970451534,1.1296086348513517
patient_Br5292,spatial_knn,0,CD74,0.12609479661410308,0.12257116690174198,1.0185124632349987
patient_Br5292,spatial_knn,0,CCL19,0.1167441620499219,0.06809794345492567,0.18367251507086224
patient_Br5292,spatial_knn,0,COL3A1,0.14221089670452772,0.1461823805129002,0.5833780106530707
patient_Br5292,spatial_knn,0,CXCL14,0.06690193367260201,0.06768143843451095,1.1321847151032798
patient_Br5292,spatial_knn,0,ADH1B,0.20615493592511844,0.1870182007985216,0.4141867707215197
patient_Br5292,spatial_knn,0,TFF3,0.20958436067627118,0.2235438274548931,0.9208102629572886
patient_Br5292,spatial_knn,0,POSTN,0.10875704926685706,0.10363654627164003,0.4201650121117992
patient_Br5292,spatial_knn,0,AQP1,0.1114294074026919,0.07466620893708222,0.334291866016921
patient_Br5292,spatial_knn,0,ISG15,0.09343020837540797,0.09539802730073453,0.7820186445667877
patient_Br5292,spatial_knn,0,FDCSP,0.13199144332821688,0.10008309837877898,0.12498614061915686
patient_Br5292,spatial_knn,0,CFD,0.1532894121215988,0.14524527203772206,0.533991109738866
patient_Br5292,spatial_knn,0,FABP4,0.4516964859417927,0.39843618382455487,0.728542996876497
patient_Br5292,spatial_knn,0,ADIRF,0.09610052685411766,0.10053348945617535,0.9277481201576738
patient_Br5292,spatial_knn,0,CCL21,0.03545630756988999,0.03259806066608821,0.09695697266548062
patient_Br5292,spatial_knn,0,CD3D,0.04953139975696448,0.03512418848847416,0.11463516682409976
patient_Br5292,spatial_knn,0,CLDN5,0.01855530955715742,0.016478672657647107,0.6186139151031701
patient_Br5292,spatial_knn,0,IFIT2,0.009753198162202853,0.011251148227807838,0.2578519841814891
patient_Br5292,spatial_knn,0,PTN,0.035433984306719984,0.03258853050305613,1.0120902196210266
patient_Br5292,spatial_knn,0,S100B,0.0432892517256945,0.013974348881056555,1.213593102413542
patient_Br5292,spatial_knn,0,ACTG2,0.002007790140005381,8.826522604250113e-05,0.12191521508793982
patient_Br5292,spatial_knn,0,FOS,0.023023482053049216,0.020167076090316614,0.4531315484258946
patient_Br5292,spatial_knn,0,ELN,-0.0012652634678339849,0.008121313434473993,0.25583717308607273
patient_Br5292,spatial_knn,0,NRP1,-0.002733942377368307,0.005217407038055718,0.29111342649869126
patient_Br5292,spatial_knn,0,MS4A4A,-0.0010366518707228074,0.003284519640141145,0.13073173478262515
patient_Br5292,spatial_knn,0,LMOD1,0.0031924547429203775,0.0036265896708382542,0.1460658354219898
patient_Br5292,spatial_knn,0,HBA2,0.15540183185333858,0.12133851064199948,0.7930098455094332
patient_Br5292,spatial_knn,0,PPP1R14A,0.22255991866131125,0.15164670709740288,0.8120077663378826
patient_Br5292,spatial_knn,0,SLITRK6,0.0364659021099188,0.08194206779012984,0.15295302307820177
patient_Br5292,spatial_knn,0,ADD3,0.004248282331660739,0.007558508714816662,0.7382903382062765
patient_Br5292,spatial_knn,0,MIA,-0.0017249614698095143,0.005694146782703901,0.07704353687616293
patient_Br5292,spatial_knn,0,LTF,0.11469957207328112,0.13967719882432753,0.560398954053296
patient_Br5292,spatial_knn,0,CST7,0.016900264857328314,0.0059905322809655,0.07615585928965977
patient_Br5292,spatial_knn,0,TNF,0.0063063650269449085,0.008798698442156484,0.05554448917765915
patient_Br5292,spatial_knn,0,NEXN,-0.006821068297685345,-0.003211923588756631,0.12409530240305229
patient_Br5292,spatial_knn,0,HBB,0.3096337247423946,0.23164727031028967,0.8289717572281637
patient_Br5292,spatial_knn,0,SP140L,0.004886757465546001,0.017171530202799472,0.10659029832646098
patient_Br5292,spatial_knn,0,CDKN1C,0.0817131021549451,0.05588249808050593,0.4254849976851172
patient_Br5292,spatial_knn,0,ITGB1,0.0383432039595995,0.0365420180264381,0.5189774472428014
patient_Br5292,spatial_knn,0,CLDN11,0.20944180862291858,0.14523639050282805,0.6486721147411253
patient_Br5292,spatial_knn,0,STC2,0.03088380163891488,0.04519364918359439,0.30637745563001884
patient_Br5292,spatial_knn,0,UGT8,0.1304779489965859,0.09499148163200971,0.41056610085491874
patient_Br5292,spatial_knn,0,SOX6,0.0013946506320889954,-0.0001486495728296717,0.25159516914233576
patient_Br5292,spatial_knn,0,PDLIM4,0.011172386851143206,0.008665269373248494,0.3142939273940272
patient_Br5292,spatial_knn,0,SEPT4,0.19325579333474752,0.14779575696503847,0.8810677811545315
patient_Br5292,spatial_knn,0,TLR7,0.03216423186396071,-0.0011155877388708821,0.11043862105731535
patient_Br5292,spatial_knn,0,EBF1,0.018957855680945795,0.01570892994094966,0.15728390316934684
patient_Br5292,spatial_knn,0,FMO2,0.0073363188886596585,0.007199174369363664,0.13060576318828956
patient_Br5292,spatial_knn,0,RELN,0.033026571105359316,0.047546832951640375,0.5141173702340353
patient_Br5292,spatial_knn,0,VTI1A,0.004131628778729414,0.008972850252985817,0.2350816120045786
patient_Br5595,mean,0,PTGDS,0.0,,0.8622621893882751
patient_Br5595,mean,0,CD74,,,0.8600460290908813
patient_Br5595,mean,0,CCL19,,,0.19622798264026642
patient_Br5595,mean,0,COL3A1,,,0.49707478284835815
patient_Br5595,mean,0,CXCL14,,,0.8245707154273987
patient_Br5595,mean,0,ADH1B,,,0.3981819748878479
patient_Br5595,mean,0,TFF3,0.0,,0.8016191124916077
patient_Br5595,mean,0,POSTN,,,0.3449980318546295
patient_Br5595,mean,0,AQP1,0.0,,0.2757996618747711
patient_Br5595,mean,0,ISG15,0.0,,0.675679624080658
patient_Br5595,mean,0,FDCSP,0.0,,0.09401044994592667
patient_Br5595,mean,0,CFD,,,0.48702695965766907
patient_Br5595,mean,0,FABP4,,,0.7621944546699524
patient_Br5595,mean,0,ADIRF,0.0,,0.8228049874305725
patient_Br5595,mean,0,CCL21,,,0.0785067081451416
patient_Br5595,mean,0,CD3D,,,0.07293346524238586
patient_Br5595,mean,0,CLDN5,,,0.5357276797294617
patient_Br5595,mean,0,IFIT2,0.0,,0.23117946088314056
patient_Br5595,mean,0,PTN,0.0,,0.8587703704833984
patient_Br5595,mean,0,S100B,0.0,,0.9532685875892639
patient_Br5595,mean,0,ACTG2,0.0,,0.09098795056343079
patient_Br5595,mean,0,FOS,,,0.4167783260345459
patient_Br5595,mean,0,ELN,,,0.18204768002033234
patient_Br5595,mean,0,NRP1,0.0,,0.2571142613887787
patient_Br5595,mean,0,MS4A4A,0.0,,0.08130909502506256
patient_Br5595,mean,0,LMOD1,,,0.11299379914999008
patient_Br5595,mean,0,HBA2,,,0.6805721521377563
patient_Br5595,mean,0,PPP1R14A,,,0.7167227268218994
patient_Br5595,mean,0,SLITRK6,0.0,,0.1187116876244545
patient_Br5595,mean,0,ADD3,,,0.641071617603302
patient_Br5595,mean,0,MIA,,,0.07015708088874817
patient_Br5595,mean,0,LTF,,,0.4522411823272705
patient_Br5595,mean,0,CST7,,,0.0679335966706276
patient_Br5595,mean,0,TNF,,,0.05416583642363548
patient_Br5595,mean,0,NEXN,,,0.08853406459093094
patient_Br5595,mean,0,HBB,,,0.7327943444252014
patient_Br5595,mean,0,SP140L,,,0.09592735767364502
patient_Br5595,mean,0,CDKN1C,0.0,,0.38419848680496216
patient_Br5595,mean,0,ITGB1,,,0.4487791359424591
patient_Br5595,mean,0,CLDN11,,,0.5606454610824585
patient_Br5595,mean,0,STC2,,,0.26201069355010986
patient_Br5595,mean,0,UGT8,0.0,,0.3633307218551636
patient_Br5595,mean,0,SOX6,0.0,,0.21682576835155487
patient_Br5595,mean,0,PDLIM4,,,0.2189721018075943
patient_Br5595,mean,0,SEPT4,,,0.7808108329772949
patient_Br5595,mean,0,TLR7,,,0.07692456245422363
patient_Br5595,mean,0,EBF1,,,0.15379150211811066
patient_Br5595,mean,0,FMO2,,,0.09718707948923111
patient_Br5595,mean,0,RELN,,,0.24416564404964447
patient_Br5595,mean,0,VTI1A,,,0.20625203847885132
patient_Br5595,pca_ridge,0,PTGDS,0.0996197105664252,0.13471388199547404,0.8718819618225098
patient_Br5595,pca_ridge,0,CD74,0.12147281107483907,0.0932555971315297,0.8445085883140564
patient_Br5595,pca_ridge,0,CCL19,0.019823271732655343,0.0020086650979074055,0.1963910311460495
patient_Br5595,pca_ridge,0,COL3A1,0.17191650357772195,0.13283265134439287,0.48867660760879517
patient_Br5595,pca_ridge,0,CXCL14,0.07185405195862178,0.0505614568916451,0.8318002223968506
patient_Br5595,pca_ridge,0,ADH1B,0.04603229059295893,0.05040067527266259,0.3978901207447052
patient_Br5595,pca_ridge,0,TFF3,0.1750464155107836,0.1644635176150907,0.7880315780639648
patient_Br5595,pca_ridge,0,POSTN,0.12142415592538544,0.09833171118363876,0.3422040343284607
patient_Br5595,pca_ridge,0,AQP1,0.0535686248327792,0.04076314836277915,0.27882158756256104
patient_Br5595,pca_ridge,0,ISG15,0.04200141116446948,0.04406066816856191,0.6756681799888611
patient_Br5595,pca_ridge,0,FDCSP,0.016918764984872933,0.0019445888508967113,0.09412328898906708
patient_Br5595,pca_ridge,0,CFD,0.04371320456597039,0.059434957089881904,0.4870581328868866
patient_Br5595,pca_ridge,0,FABP4,0.10757919818423722,0.11312539399264807,0.7576459050178528
patient_Br5595,pca_ridge,0,ADIRF,0.08926040188922438,0.06873227992919584,0.8200697302818298
patient_Br5595,pca_ridge,0,CCL21,-0.0030048921274579646,-0.00904220099628344,0.078654944896698
patient_Br5595,pca_ridge,0,CD3D,-0.006474270119996025,-0.001510960942276147,0.07308489084243774
patient_Br5595,pca_ridge,0,CLDN5,0.028195766515738217,0.05896163479652981,0.5361736416816711
patient_Br5595,pca_ridge,0,IFIT2,0.027757508337483035,0.03712912465297159,0.23153479397296906
patient_Br5595,pca_ridge,0,PTN,0.08906306360732105,0.08596771329200639,0.8557323813438416
patient_Br5595,pca_ridge,0,S100B,0.11376705438204915,0.12468574487793986,0.954216480255127
patient_Br5595,pca_ridge,0,ACTG2,0.018993188550665605,0.01190063072904215,0.09109662473201752
patient_Br5595,pca_ridge,0,FOS,0.03299999704897223,0.03558727798505209,0.4174131751060486
patient_Br5595,pca_ridge,0,ELN,-0.003664192586022675,-0.013912856206064432,0.18271589279174805
patient_Br5595,pca_ridge,0,NRP1,0.025011388053406095,0.04732952751974474,0.2572561204433441
patient_Br5595,pca_ridge,0,MS4A4A,-0.012146862345142787,-0.010062462558620089,0.08158569782972336
patient_Br5595,pca_ridge,0,LMOD1,-0.0012697479473058005,-0.0019437477239946483,0.11322417110204697
patient_Br5595,pca_ridge,0,HBA2,0.1252053867800454,0.1587282190341823,0.6752543449401855
patient_Br5595,pca_ridge,0,PPP1R14A,0.1545368109140085,0.15174614509218137,0.7196865081787109
patient_Br5595,pca_ridge,0,SLITRK6,0.04606653216724441,0.04973883232777644,0.11869725584983826
patient_Br5595,pca_ridge,0,ADD3,0.05404483598974991,0.06174124878787242,0.6413224935531616
patient_Br5595,pca_ridge,0,MIA,-0.005279192140553684,-0.0013418165226338522,0.07025544345378876
patient_Br5595,pca_ridge,0,LTF,0.0758031716805326,0.08322005401758234,0.45129966735839844
patient_Br5595,pca_ridge,0,CST7,-0.0009826988089397903,-0.0009230813339921389,0.06803412735462189
patient_Br5595,pca_ridge,0,TNF,0.012483379805330857,0.009543735001062127,0.0541955940425396
patient_Br5595,pca_ridge,0,NEXN,0.0017946053151559635,0.004517397282881226,0.08865103870630264
patient_Br5595,pca_ridge,0,HBB,0.07971058704534684,0.07485703192915853,0.7280780076980591
patient_Br5595,pca_ridge,0,SP140L,0.017415515128514247,0.009666108523016153,0.09596944600343704
patient_Br5595,pca_ridge,0,CDKN1C,0.09519815818319965,0.09845646992532876,0.386984258890152
patient_Br5595,pca_ridge,0,ITGB1,0.04817221810646127,0.0630267683220761,0.4479755759239197
patient_Br5595,pca_ridge,0,CLDN11,0.1434281677332524,0.1397455674113898,0.5648757219314575
patient_Br5595,pca_ridge,0,STC2,0.038367528095554174,0.04655891201789043,0.26189643144607544
patient_Br5595,pca_ridge,0,UGT8,0.10188081891871767,0.1072524044466652,0.3671779930591583
patient_Br5595,pca_ridge,0,SOX6,0.00842181713002156,0.02421929179977274,0.21705102920532227
patient_Br5595,pca_ridge,0,PDLIM4,-0.006503058463844131,0.0030543861733281466,0.21931836009025574
patient_Br5595,pca_ridge,0,SEPT4,0.15210904080306598,0.16156544483639088,0.7810324430465698
patient_Br5595,pca_ridge,0,TLR7,-0.0038432720698326987,-0.006032988489636234,0.0771055817604065
patient_Br5595,pca_ridge,0,EBF1,0.009256993604265313,0.01324090625936941,0.15385925769805908
patient_Br5595,pca_ridge,0,FMO2,0.01039094656604265,0.007665819700916112,0.0972852110862732
patient_Br5595,pca_ridge,0,RELN,0.04606062563032773,0.02108605648842791,0.24807476997375488
patient_Br5595,pca_ridge,0,VTI1A,0.020558427540911233,0.051487014539156946,0.20641183853149414
patient_Br5595,spatial_knn,0,PTGDS,0.033244256573173356,0.03572730913839932,0.9580048966788578
patient_Br5595,spatial_knn,0,CD74,0.13142548277766386,0.1323001719199716,0.8982309233935585
patient_Br5595,spatial_knn,0,CCL19,0.08144148250728486,0.07481473626986661,0.20266113918641482
patient_Br5595,spatial_knn,0,COL3A1,0.13228228578465742,0.13688918785972723,0.5141348347291308
patient_Br5595,spatial_knn,0,CXCL14,0.05738051794094612,0.050794748914632246,0.8878541446523276
patient_Br5595,spatial_knn,0,ADH1B,0.20925336965986022,0.18411168480613108,0.397793607554516
patient_Br5595,spatial_knn,0,TFF3,0.23080445652382986,0.24858732364245978,0.8061680538141732
patient_Br5595,spatial_knn,0,POSTN,0.1031565831268385,0.10988509171644573,0.360922994621112
patient_Br5595,spatial_knn,0,AQP1,0.029502468712318763,0.031404181980684974,0.32954745173049627
patient_Br5595,spatial_knn,0,ISG15,0.09105965172665276,0.0967204004119044,0.704653782051286
patient_Br5595,spatial_knn,0,FDCSP,0.11996403985198856,0.09880068851145378,0.09901823054737713
patient_Br5595,spatial_knn,0,CFD,0.18723006837347278,0.15855619507905588,0.48895171209911287
patient_Br5595,spatial_knn,0,FABP4,0.4639333321317563,0.4055993809209798,0.6792912569337067
patient_Br5595,spatial_knn,0,ADIRF,0.09269169719090807,0.09403997999200014,0.8544038367896962
patient_Br5595,spatial_knn,0,CCL21,0.0029146092291645323,0.008130411357016703,0.08607346392870431
patient_Br5595,spatial_knn,0,CD3D,0.03045982331736191,0.033288176417004316,0.07938222241756075
patient_Br5595,spatial_knn,0,CLDN5,0.018418630736894395,0.01781344187339927,0.5667048649522489
patient_Br5595,spatial_knn,0,IFIT2,0.0030838076331439336,0.010083777245273023,0.24550436138583104
patient_Br5595,spatial_knn,0,PTN,0.031195595131672436,0.03386574194794183,0.9022402588051907
patient_Br5595,spatial_knn,0,S100B,0.06121835677114178,0.049180402164781034,1.0621852929161597
patient_Br5595,spatial_knn,0,ACTG2,0.0056156140655910175,0.0063062307073873105,0.09823887285813854
patient_Br5595,spatial_knn,0,FOS,0.0040556344001419714,0.010336986606798585,0.4437789278604405
patient_Br5595,spatial_knn,0,ELN,0.005721270963952456,0.00735717557516422,0.1978649282481832
patient_Br5595,spatial_knn,0,NRP1,0.009712270753768017,0.011222224252284918,0.2701508468883154
patient_Br5595,spatial_knn,0,MS4A4A,0.002487956244840376,0.008713350103709105,0.08963842231904262
patient_Br5595,spatial_knn,0,LMOD1,0.0047187286730594104,0.011925118440197073,0.1232324484766588
patient_Br5595,spatial_knn,0,HBA2,0.15697062791361033,0.11635071202493465,0.7094574298987316
patient_Br5595,spatial_knn,0,PPP1R14A,0.1234867124037562,0.11007759291796727,0.832283089242951
patient_Br5595,spatial_knn,0,SLITRK6,0.013101966207384711,0.03923992863255343,0.1272852298212925
patient_Br5595,spatial_knn,0,ADD3,0.02248879500031134,0.025986713146409525,0.6788709721342989
patient_Br5595,spatial_knn,0,MIA,-0.005173490709648436,-0.007958319466883064,0.0739357041506141
patient_Br5595,spatial_knn,0,LTF,0.11809738505844997,0.13794972678904532,0.4691046814613893
patient_Br5595,spatial_knn,0,CST7,-0.0012816891976964058,0.01098523810048872,0.07255177921958855
patient_Br5595,spatial_knn,0,TNF,-0.003406898618689148,-0.004949091336179605,0.056949450736535144
patient_Br5595,spatial_knn,0,NEXN,-0.001487846288858361,0.002654375878936782,0.0976571250173643
patient_Br5595,spatial_knn,0,HBB,0.30046922469899506,0.24174189580845606,0.7371335153139303
patient_Br5595,spatial_knn,0,SP140L,0.010225171458375138,0.008577453035147854,0.10105404210252275
patient_Br5595,spatial_knn,0,CDKN1C,0.04755168072534471,0.05088966454771943,0.43298144108670866
patient_Br5595,spatial_knn,0,ITGB1,0.0260199153865378,0.030712808891141898,0.47752066962634815
patient_Br5595,spatial_knn,0,CLDN11,0.11829754944626142,0.11022530582213318,0.6741066238405234
patient_Br5595,spatial_knn,0,STC2,0.03569172975553192,0.0540667616322984,0.27514624303735463
patient_Br5595,spatial_knn,0,UGT8,0.06529947524535712,0.059694509391614935,0.4254647814919316
patient_Br5595,spatial_knn,0,SOX6,-0.006632017621527857,0.005774704068402613,0.2311143763756388
patient_Br5595,spatial_knn,0,PDLIM4,0.0042338258036616365,0.004235777946722371,0.23844681620085503
patient_Br5595,spatial_knn,0,SEPT4,0.12227217175756622,0.10937999018827187,0.8642988272735334
patient_Br5595,spatial_knn,0,TLR7,0.044355892626204624,-0.00042185208340128074,0.08268467864595978
patient_Br5595,spatial_knn,0,EBF1,0.006011179129099733,0.009150169490370234,0.16127733175591402
patient_Br5595,spatial_knn,0,FMO2,-0.006295934727631491,-0.004822212188233061,0.10650273132020707
patient_Br5595,spatial_knn,0,RELN,0.02784694417246246,0.015581047120104257,0.2873655567712087
patient_Br5595,spatial_knn,0,VTI1A,0.0038432848894069125,0.006234710661062106,0.21649081632615222
patient_Br8100,mean,0,PTGDS,,,0.9018175005912781
patient_Br8100,mean,0,CD74,,,0.9247934818267822
patient_Br8100,mean,0,CCL19,,,0.19159585237503052
patient_Br8100,mean,0,COL3A1,,,0.5059647560119629
patient_Br8100,mean,0,CXCL14,0.0,,0.8112586736679077
patient_Br8100,mean,0,ADH1B,,,0.33327317237854004
patient_Br8100,mean,0,TFF3,,,0.8188372254371643
patient_Br8100,mean,0,POSTN,,,0.36132916808128357
patient_Br8100,mean,0,AQP1,,,0.47810766100883484
patient_Br8100,mean,0,ISG15,0.0,,0.6671323180198669
patient_Br8100,mean,0,FDCSP,,,0.10945301502943039
patient_Br8100,mean,0,CFD,,,0.42750170826911926
patient_Br8100,mean,0,FABP4,0.0,,0.648289680480957
patient_Br8100,mean,0,ADIRF,,,0.7843574285507202
patient_Br8100,mean,0,CCL21,0.0,,0.08796044439077377
patient_Br8100,mean,0,CD3D,0.0,,0.08977719396352768
patient_Br8100,mean,0,CLDN5,,,0.6054924726486206
patient_Br8100,mean,0,IFIT2,0.0,,0.25061601400375366
patient_Br8100,mean,0,PTN,0.0,,0.8157598972320557
patient_Br8100,mean,0,S100B,0.0,,1.0300228595733643
patient_Br8100,mean,0,ACTG2,,,0.11515507102012634
patient_Br8100,mean,0,FOS,0.0,,0.4680323004722595
patient_Br8100,mean,0,ELN,,,0.2297031283378601
patient_Br8100,mean,0,NRP1,,,0.2482132762670517
patient_Br8100,mean,0,MS4A4A,0.0,,0.09828230738639832
patient_Br8100,mean,0,LMOD1,,,0.14250074326992035
patient_Br8100,mean,0,HBA2,0.0,,0.8176798224449158
patient_Br8100,mean,0,PPP1R14A,0.0,,0.9861111044883728
patient_Br8100,mean,0,SLITRK6,0.0,,0.12483613193035126
patient_Br8100,mean,0,ADD3,0.0,,0.6653226017951965
patient_Br8100,mean,0,MIA,,,0.06029821187257767
patient_Br8100,mean,0,LTF,,,0.4500184655189514
patient_Br8100,mean,0,CST7,0.0,,0.07733983546495438
patient_Br8100,mean,0,TNF,,,0.04961895942687988
patient_Br8100,mean,0,NEXN,,,0.11538180708885193
patient_Br8100,mean,0,HBB,,,0.8880317211151123
patient_Br8100,mean,0,SP140L,,,0.09386775642633438
patient_Br8100,mean,0,CDKN1C,0.0,,0.5327666401863098
patient_Br8100,mean,0,ITGB1,,,0.5072520971298218
patient_Br8100,mean,0,CLDN11,0.0,,0.900844395160675
patient_Br8100,mean,0,STC2,0.0,,0.27549195289611816
patient_Br8100,mean,0,UGT8,0.0,,0.5852528214454651
patient_Br8100,mean,0,SOX6,,,0.24128615856170654
patient_Br8100,mean,0,PDLIM4,,,0.25853198766708374
patient_Br8100,mean,0,SEPT4,0.0,,0.9845956563949585
patient_Br8100,mean,0,TLR7,,,0.10542837530374527
patient_Br8100,mean,0,EBF1,,,0.14899350702762604
patient_Br8100,mean,0,FMO2,,,0.10014990717172623
patient_Br8100,mean,0,RELN,,,0.3518090844154358
patient_Br8100,mean,0,VTI1A,,,0.21353818476200104
patient_Br8100,pca_ridge,0,PTGDS,0.4756750202497746,0.4477314838181236,0.8191261887550354
patient_Br8100,pca_ridge,0,CD74,0.2787455332280758,0.2633785394948768,0.9002848267555237
patient_Br8100,pca_ridge,0,CCL19,0.03774036940107786,0.02196755602051035,0.191609725356102
patient_Br8100,pca_ridge,0,COL3A1,0.1992408077388289,0.14778171414364494,0.4957042634487152
patient_Br8100,pca_ridge,0,CXCL14,0.08853516271107524,0.05542394273196323,0.8140020966529846
patient_Br8100,pca_ridge,0,ADH1B,-0.009460472655479224,-0.019030745345866684,0.3357560634613037
patient_Br8100,pca_ridge,0,TFF3,0.21565042083704491,0.22784144738173842,0.7984876036643982
patient_Br8100,pca_ridge,0,POSTN,0.1638166427529652,0.12863434862636916,0.3564240038394928
patient_Br8100,pca_ridge,0,AQP1,0.35469330283920353,0.2654957759819842,0.4619712829589844
patient_Br8100,pca_ridge,0,ISG15,0.05426937389348774,0.08292171312602549,0.6662261486053467
patient_Br8100,pca_ridge,0,FDCSP,0.010911657900050971,0.0007845646924011073,0.10957100242376328
patient_Br8100,pca_ridge,0,CFD,0.030176116534495968,0.0070467221193123535,0.4287629723548889
patient_Br8100,pca_ridge,0,FABP4,0.01972720360727339,-0.003990315834276165,0.6554268002510071
patient_Br8100,pca_ridge,0,ADIRF,0.10329331435040695,0.09440308187884046,0.7828275561332703
patient_Br8100,pca_ridge,0,CCL21,0.006516988990891118,0.005981087083037497,0.08802039176225662
patient_Br8100,pca_ridge,0,CD3D,0.006788871746563069,0.004414936624961436,0.08985389769077301
patient_Br8100,pca_ridge,0,CLDN5,0.008434849397233596,0.0146746409136098,0.6059492826461792
patient_Br8100,pca_ridge,0,IFIT2,0.10076258019485124,0.1006378077194464,0.24934308230876923
patient_Br8100,pca_ridge,0,PTN,0.09796774853488513,0.10553370093578882,0.8118086457252502
patient_Br8100,pca_ridge,0,S100B,0.5099210215995191,0.4464805500778247,0.9259096384048462
patient_Br8100,pca_ridge,0,ACTG2,0.021811443334799875,0.011292668014275052,0.11524796485900879
patient_Br8100,pca_ridge,0,FOS,0.11491933799040074,0.08877208451159373,0.46617355942726135
patient_Br8100,pca_ridge,0,ELN,0.030590479756033517,0.0004650315308885407,0.22993671894073486
patient_Br8100,pca_ridge,0,NRP1,0.03318877029611916,0.054129237315003964,0.24806839227676392
patient_Br8100,pca_ridge,0,MS4A4A,-0.01653613470653871,-0.01557529771752519,0.09850213676691055
patient_Br8100,pca_ridge,0,LMOD1,0.003641145116407146,0.0010995203753393918,0.1426333338022232
patient_Br8100,pca_ridge,0,HBA2,0.007495160680697478,0.06748982755977594,0.81548011302948
patient_Br8100,pca_ridge,0,PPP1R14A,0.5637033666701545,0.4356364586305961,0.8656904101371765
patient_Br8100,pca_ridge,0,SLITRK6,0.06744214452087383,0.054575464238457154,0.124540314078331
patient_Br8100,pca_ridge,0,ADD3,0.1486413009082751,0.14753607760243911,0.6565391421318054
patient_Br8100,pca_ridge,0,MIA,-0.011949917876777235,-0.014151091541124946,0.060436349362134933
patient_Br8100,pca_ridge,0,LTF,0.09470644859248667,0.08876584968857613,0.4481339454650879
patient_Br8100,pca_ridge,0,CST7,0.007234781698885627,0.004021324983419878,0.07739825546741486
patient_Br8100,pca_ridge,0,TNF,0.0218107208661774,0.013918083021037682,0.049634236842393875
patient_Br8100,pca_ridge,0,NEXN,-0.016003758246635816,-0.009146779798693586,0.11561529338359833
patient_Br8100,pca_ridge,0,HBB,0.02851823102757742,0.06409265312984928,0.8849896192550659
patient_Br8100,pca_ridge,0,SP140L,0.012290198395265475,0.012543490495288514,0.09394737333059311
patient_Br8100,pca_ridge,0,CDKN1C,0.3817838857516088,0.30915599618604955,0.5054686069488525
patient_Br8100,pca_ridge,0,ITGB1,0.1433759963389948,0.12508737055995148,0.5020686984062195
patient_Br8100,pca_ridge,0,CLDN11,0.5648015268896114,0.43803805476925284,0.8081319332122803
patient_Br8100,pca_ridge,0,STC2,0.06400232969062099,0.06152859161066919,0.2747408449649811
patient_Br8100,pca_ridge,0,UGT8,0.42646866781567494,0.33465496022026475,0.551602303981781
patient_Br8100,pca_ridge,0,SOX6,0.018374169549802075,0.030682503957353266,0.24129179120063782
patient_Br8100,pca_ridge,0,PDLIM4,0.015764173073103304,0.0031371009298211696,0.25865378975868225
patient_Br8100,pca_ridge,0,SEPT4,0.4184141245972881,0.3766582404941438,0.8952145576477051
patient_Br8100,pca_ridge,0,TLR7,-0.0011686868505648683,-0.0037679102991047264,0.10551786422729492
patient_Br8100,pca_ridge,0,EBF1,0.004182601059454007,0.004032017930475804,0.14914187788963318
patient_Br8100,pca_ridge,0,FMO2,0.0014303368060358788,-0.0019219594444286334,0.10030589252710342
patient_Br8100,pca_ridge,0,RELN,0.06260065100907555,0.010329813345482601,0.35344821214675903
patient_Br8100,pca_ridge,0,VTI1A,0.020736021607848914,0.050182590068909926,0.21342222392559052
patient_Br8100,spatial_knn,0,PTGDS,0.059377320261015054,0.04686678851269449,0.9438124578976052
patient_Br8100,spatial_knn,0,CD74,0.16258222652557136,0.1561427306806476,0.9354630771774752
patient_Br8100,spatial_knn,0,CCL19,0.11542966622264213,0.07181287178856516,0.19385063398103825
patient_Br8100,spatial_knn,0,COL3A1,0.14711670885392564,0.16279180298882648,0.5178552058857989
patient_Br8100,spatial_knn,0,CXCL14,0.043919310788063215,0.05085541512126598,0.8669420138385749
patient_Br8100,spatial_knn,0,ADH1B,0.19863998666020977,0.20625851117133853,0.3473399631348092
patient_Br8100,spatial_knn,0,TFF3,0.1971484636441157,0.21940805831201216,0.8349689055702247
patient_Br8100,spatial_knn,0,POSTN,0.10717965665921425,0.12526728675109217,0.37375167532004194
patient_Br8100,spatial_knn,0,AQP1,0.1176254235294601,0.09326791596609929,0.477243407617249
patient_Br8100,spatial_knn,0,ISG15,0.10516285025460222,0.09686990084896804,0.6905532050932731
patient_Br8100,spatial_knn,0,FDCSP,0.1254001083236244,0.11794097172198106,0.11114750925864415
patient_Br8100,spatial_knn,0,CFD,0.13709029146278817,0.1498314068621041,0.44972072087141296
patient_Br8100,spatial_knn,0,FABP4,0.3920924176084722,0.37349395359892273,0.6381029783159891
patient_Br8100,spatial_knn,0,ADIRF,0.054466476803364014,0.057826209841938224,0.8351372189112858
patient_Br8100,spatial_knn,0,CCL21,0.020802701230753555,0.015423297125526255,0.09145143690669937
patient_Br8100,spatial_knn,0,CD3D,0.05225453568235548,0.04077813300430298,0.09362868928071373
patient_Br8100,spatial_knn,0,CLDN5,0.01621588527043862,0.012842029693255723,0.6302707888791589
patient_Br8100,spatial_knn,0,IFIT2,0.011458231853300964,0.014712964947480424,0.2610021571976993
patient_Br8100,spatial_knn,0,PTN,0.005348180419135578,0.001688187714984934,0.8734381176268532
patient_Br8100,spatial_knn,0,S100B,0.1149470102673915,0.08747283589322245,1.0524254362462389
patient_Br8100,spatial_knn,0,ACTG2,-0.0030887051723363134,0.00016942810770415953,0.12054562712203101
patient_Br8100,spatial_knn,0,FOS,0.007851530825388389,0.0016920870254101418,0.48708683712244244
patient_Br8100,spatial_knn,0,ELN,-0.0041607783201541475,-0.000786723817107597,0.24067020550507423
patient_Br8100,spatial_knn,0,NRP1,0.00895723115314749,0.024285719512563336,0.263439050962863
patient_Br8100,spatial_knn,0,MS4A4A,0.007850431696119764,0.01838139238273391,0.10463335071724422
patient_Br8100,spatial_knn,0,LMOD1,-0.009655879737607249,-0.006751668297532915,0.1496246402967167
patient_Br8100,spatial_knn,0,HBA2,0.16585930519130046,0.11603456679679536,0.8231210427561918
patient_Br8100,spatial_knn,0,PPP1R14A,0.3351824508443242,0.2527330107371759,0.9329506010608671
patient_Br8100,spatial_knn,0,SLITRK6,0.030343962574047346,0.0666125602719645,0.13284301666685172
patient_Br8100,spatial_knn,0,ADD3,0.037117691170185665,0.03908030939612127,0.6944536933358512
patient_Br8100,spatial_knn,0,MIA,-0.004388561653022679,-0.0003886287752191811,0.06403719938979421
patient_Br8100,spatial_knn,0,LTF,0.08962670456054475,0.13039679313890462,0.473248303115816
patient_Br8100,spatial_knn,0,CST7,0.023108415685577102,0.011645285768019684,0.07925345797980614
patient_Br8100,spatial_knn,0,TNF,0.005222782439826072,0.007345751903834302,0.052634935506471206
patient_Br8100,spatial_knn,0,NEXN,-0.0060853640746752315,-0.0014754696121634678,0.1213414423231118
patient_Br8100,spatial_knn,0,HBB,0.32763915669172283,0.2401347397812243,0.8462944948811392
patient_Br8100,spatial_knn,0,SP140L,0.012235886582376013,0.0033372750573200023,0.09850523000615674
patient_Br8100,spatial_knn,0,CDKN1C,0.13967058744039093,0.10641943403096686,0.5310343317954199
patient_Br8100,spatial_knn,0,ITGB1,0.02658494196435518,0.03498281475636986,0.5273100790642995
patient_Br8100,spatial_knn,0,CLDN11,0.3363846869199962,0.259825168262688,0.8559879362107415
patient_Br8100,spatial_knn,0,STC2,0.027610431109317046,0.0408507279308315,0.2900228783394672
patient_Br8100,spatial_knn,0,UGT8,0.18924108615115048,0.1484526954655263,0.5752444649206911
patient_Br8100,spatial_knn,0,SOX6,-0.0036385189320767234,-0.007899185292796151,0.2522460062750154
patient_Br8100,spatial_knn,0,PDLIM4,0.012117938425067103,0.005379521843879795,0.2707789491778583
patient_Br8100,spatial_knn,0,SEPT4,0.28827317571000655,0.23633947768648003,0.947825359250841
patient_Br8100,spatial_knn,0,TLR7,-0.012146884403620726,-0.015975891970710254,0.11006259953153268
patient_Br8100,spatial_knn,0,EBF1,0.014188255611343436,0.011024437788964359,0.1584314744549027
patient_Br8100,spatial_knn,0,FMO2,0.007250410842187183,0.010448373243750463,0.10705531304903312
patient_Br8100,spatial_knn,0,RELN,0.02445217512711219,0.029499063258095225,0.37445833725148264
patient_Br8100,spatial_knn,0,VTI1A,0.003074135908345116,0.006013992386270122,0.22369921265240944
random,mean,1,PTGDS,0.0,,0.9467843770980835
random,mean,1,CD74,,,0.9227009415626526
random,mean,1,CCL19,,,0.17907635867595673
random,mean,1,COL3A1,,,0.5320699214935303
random,mean,1,CXCL14,,,0.9240479469299316
random,mean,1,ADH1B,,,0.37157559394836426
random,mean,1,TFF3,0.0,,0.8506238460540771
random,mean,1,POSTN,,,0.38438743352890015
random,mean,1,AQP1,0.0,,0.3342509865760803
random,mean,1,ISG15,,,0.7052388191223145
random,mean,1,FDCSP,,,0.10059027373790741
random,mean,1,CFD,0.0,,0.5123633742332458
random,mean,1,FABP4,,,0.7532438039779663
random,mean,1,ADIRF,0.0,,0.8474245071411133
random,mean,1,CCL21,,,0.0769478902220726
random,mean,1,CD3D,,,0.10795319825410843
random,mean,1,CLDN5,,,0.5717563629150391
random,mean,1,IFIT2,0.0,,0.24493134021759033
random,mean,1,PTN,,,0.8942416906356812
random,mean,1,S100B,,,1.0441886186599731
random,mean,1,ACTG2,0.0,,0.12086720019578934
random,mean,1,FOS,0.0,,0.42880362272262573
random,mean,1,ELN,,,0.23791393637657166
random,mean,1,NRP1,0.0,,0.26510998606681824
random,mean,1,MS4A4A,0.0,,0.10576570779085159
random,mean,1,LMOD1,,,0.1483353078365326
random,mean,1,HBA2,,,0.7658581137657166
random,mean,1,PPP1R14A,,,0.8218880295753479
random,mean,1,SLITRK6,0.0,,0.12524883449077606
random,mean,1,ADD3,,,0.6724991798400879
random,mean,1,MIA,0.0,,0.05038122832775116
random,mean,1,LTF,0.0,,0.49659454822540283
random,mean,1,CST7,,,0.08830562233924866
random,mean,1,TNF,,,0.04150477051734924
random,mean,1,NEXN,0.0,,0.07849716395139694
random,mean,1,HBB,0.0,,0.8341593146324158
random,mean,1,SP140L,,,0.10576396435499191
random,mean,1,CDKN1C,0.0,,0.4367962181568146
random,mean,1,ITGB1,,,0.4935699999332428
random,mean,1,CLDN11,,,0.6639683246612549
random,mean,1,STC2,,,0.3158281743526459
random,mean,1,UGT8,0.0,,0.4261055886745453
random,mean,1,SOX6,,,0.23095783591270447
random,mean,1,PDLIM4,,,0.29309791326522827
random,mean,1,SEPT4,,,0.854497492313385
random,mean,1,TLR7,,,0.09963453561067581
random,mean,1,EBF1,,,0.15607000887393951
random,mean,1,FMO2,,,0.1241927444934845
random,mean,1,RELN,,,0.38019874691963196
random,mean,1,VTI1A,,,0.22470498085021973
random,pca_ridge,1,PTGDS,0.2991398895233609,0.2686563127164277,0.9041281342506409
random,pca_ridge,1,CD74,0.20947691633320048,0.1789562136765151,0.9022328853607178
random,pca_ridge,1,CCL19,0.03674003622390519,0.008908143440344095,0.17904885113239288
random,pca_ridge,1,COL3A1,0.19585310382279933,0.14669668877406553,0.5218105316162109
random,pca_ridge,1,CXCL14,0.16779645476460464,0.13123320504179278,0.9109821915626526
random,pca_ridge,1,ADH1B,0.07634853306722225,0.05153817556439124,0.37053367495536804
random,pca_ridge,1,TFF3,0.18438279898981652,0.18134284675877846,0.8360762000083923
random,pca_ridge,1,POSTN,0.16197882343733627,0.13960964513645072,0.37932664155960083
random,pca_ridge,1,AQP1,0.27323212396634877,0.16811575452186983,0.32171502709388733
random,pca_ridge,1,ISG15,0.042070727972115654,0.06078587186638365,0.7051916718482971
random,pca_ridge,1,FDCSP,0.006534317100023368,-5.453893557823851e-05,0.10072292387485504
random,pca_ridge,1,CFD,0.06628342396752329,0.04879089733429581,0.5113529562950134
random,pca_ridge,1,FABP4,0.1299496990635281,0.09366645835001688,0.7469417452812195
random,pca_ridge,1,ADIRF,0.11878371354181635,0.08482698710790804,0.8414290547370911
random,pca_ridge,1,CCL21,0.009114031099862991,0.005450962152380972,0.07700430601835251
random,pca_ridge,1,CD3D,-0.0006950060234446492,0.01077894540112788,0.10801616311073303
random,pca_ridge,1,CLDN5,0.06573331439604835,0.10994902080553835,0.5705469250679016
random,pca_ridge,1,IFIT2,0.07288808834901106,0.06356715357315665,0.24436679482460022
random,pca_ridge,1,PTN,0.11025057392355594,0.12169320330425543,0.8888236880302429
random,pca_ridge,1,S100B,0.35931211093199933,0.3060134779715807,0.9744849801063538
random,pca_ridge,1,ACTG2,-0.00630893340547813,-0.005079793175522394,0.12103221565485
random,pca_ridge,1,FOS,0.09179381281100801,0.08028950608419162,0.4271887540817261
random,pca_ridge,1,ELN,0.03699711092460704,0.012253747954163487,0.2378443032503128
random,pca_ridge,1,NRP1,0.02398454220112406,0.05538726112565648,0.26519298553466797
random,pca_ridge,1,MS4A4A,-0.012711756226852252,-0.011970248757185773,0.10592110455036163
random,pca_ridge,1,LMOD1,-0.008975839614179611,-0.0003869299318436802,0.14854365587234497
random,pca_ridge,1,HBA2,0.08795132950863545,0.1424783437477481,0.7629327178001404
random,pca_ridge,1,PPP1R14A,0.4160332183563562,0.264993798322708,0.7473194599151611
random,pca_ridge,1,SLITRK6,0.045217984967051116,0.047925065182814544,0.12522725760936737
random,pca_ridge,1,ADD3,0.1286707741166403,0.12769245179463737,0.6669186353683472
random,pca_ridge,1,MIA,0.0022888137105708545,0.0020570148150395855,0.05047454312443733
random,pca_ridge,1,LTF,0.12264798358638485,0.13213818658809998,0.4928925037384033
random,pca_ridge,1,CST7,0.01459994120933674,0.015245270939401928,0.08830935508012772
random,pca_ridge,1,TNF,0.0073982229183912115,0.010821489526708096,0.04156910628080368
random,pca_ridge,1,NEXN,-0.024437806720470516,-0.016441502509150753,0.07872434705495834
random,pca_ridge,1,HBB,0.10744811398151671,0.11589571974075422,0.8293849229812622
random,pca_ridge,1,SP140L,0.013583301613515798,0.01536387657096151,0.10581901669502258
random,pca_ridge,1,CDKN1C,0.29727493390369547,0.20264452774865566,0.4170549511909485
random,pca_ridge,1,ITGB1,0.12555371969991988,0.1174217024124229,0.4896562397480011
random,pca_ridge,1,CLDN11,0.43228948171253634,0.2745380313755596,0.5990610718727112
random,pca_ridge,1,STC2,0.06979195090286036,0.07471126275111682,0.3150574564933777
random,pca_ridge,1,UGT8,0.34747204543971993,0.22466151914331367,0.39963212609291077
random,pca_ridge,1,SOX6,0.018460849962682355,0.042920837928187704,0.23101411759853363
random,pca_ridge,1,PDLIM4,-0.0013086962678246637,-0.004209948784472693,0.2934572994709015
random,pca_ridge,1,SEPT4,0.36403277164442954,0.27747846437975704,0.7958270311355591
random,pca_ridge,1,TLR7,-0.0039025281150447755,-0.0012471561905186281,0.09976483881473541
random,pca_ridge,1,EBF1,0.009236740690789898,0.005762192738066091,0.1561398059129715
random,pca_ridge,1,FMO2,0.014657439177718022,0.009396035037521486,0.12420779466629028
random,pca_ridge,1,RELN,0.13190917655445358,0.07577657163897121,0.376862496137619
random,pca_ridge,1,VTI1A,0.017918851041277106,0.0475913852178013,0.2248188704252243
random,spatial_knn,1,PTGDS,0.11790202219528544,0.11859659106367983,0.9717637030813019
random,spatial_knn,1,CD74,0.14737341352138625,0.13715493332894174,0.9423390038340331
random,spatial_knn,1,CCL19,0.11003072762611023,0.07691098395834471,0.1838513525257246
random,spatial_knn,1,COL3A1,0.13627602431395774,0.14222385419949843,0.5449071143730575
random,spatial_knn,1,CXCL14,0.10762064238213492,0.09258099623737054,0.9501087417566766
random,spatial_knn,1,ADH1B,0.21171396947188595,0.19472253455580682,0.3750439694025335
random,spatial_knn,1,TFF3,0.22608045416196676,0.23980032036582039,0.8506210539240173
random,spatial_knn,1,POSTN,0.09126209783360442,0.10335158267791444,0.3980194131823775
random,spatial_knn,1,AQP1,0.13794234647401724,0.09848724226558223,0.3442585454469389
random,spatial_knn,1,ISG15,0.10511754416153117,0.11066998909811304,0.7270618141673056
random,spatial_knn,1,FDCSP,0.08900262842281065,0.06149407483176019,0.10545822212284173
random,spatial_knn,1,CFD,0.1586241151940259,0.15507278698972662,0.5201103221187909
random,spatial_knn,1,FABP4,0.4526257466358038,0.4053689422858427,0.6781165633481193
random,spatial_knn,1,ADIRF,0.12343616256075596,0.12355572023546392,0.8677489615696333
random,spatial_knn,1,CCL21,0.0577742957796578,0.05909594773014033,0.0807162689800275
random,spatial_knn,1,CD3D,0.1241698595983739,0.07537580892473765,0.10910748236522406
random,spatial_knn,1,CLDN5,-0.0033648119535149546,-0.004443071724088424,0.6044426193137492
random,spatial_knn,1,IFIT2,0.026411592480275976,0.039664970731198686,0.25545671914790913
random,spatial_knn,1,PTN,0.03684880241883251,0.03182614810573718,0.9321012676019677
random,spatial_knn,1,S100B,0.14666945486144614,0.12135581386943961,1.0659447786602672
random,spatial_knn,1,ACTG2,0.0036534414164353006,0.013794161916029926,0.12646424591413968
random,spatial_knn,1,FOS,0.004553238091920338,-0.0007372321122207982,0.45278958982827294
random,spatial_knn,1,ELN,-0.0029413585576850703,-0.0012491185770601278,0.2501836896768457
random,spatial_knn,1,NRP1,-0.002069175981862589,0.0029258021630429094,0.2801092260678767
random,spatial_knn,1,MS4A4A,-0.005836587658550171,0.0019362016206341225,0.11114641024250457
random,spatial_knn,1,LMOD1,-7.197961408655831e-06,-0.008687070144706497,0.15359441449210914
random,spatial_knn,1,HBA2,0.15989903448411696,0.13022382901927898,0.7820361046848959
random,spatial_knn,1,PPP1R14A,0.27264740242566043,0.192891978092495,0.8082075818252872
random,spatial_knn,1,SLITRK6,0.031149922798269156,0.060865128880113126,0.133369859847376
random,spatial_knn,1,ADD3,0.03678769972615273,0.03133827437178261,0.7010459764581771
random,spatial_knn,1,MIA,-0.004949231885326715,-0.007097340946009335,0.055888241023858996
random,spatial_knn,1,LTF,0.11362559933072433,0.14673999144658734,0.5101076810480265
random,spatial_knn,1,CST7,0.03337486644402712,0.012057713932801738,0.0899240262697414
random,spatial_knn,1,TNF,-0.0035784959718395447,-0.004781947296291504,0.04527201682502333
random,spatial_knn,1,NEXN,-0.005666932575665068,0.004219038782534045,0.08567468791145207
random,spatial_knn,1,HBB,0.329639940786676,0.2515318966426399,0.8004265944631461
random,spatial_knn,1,SP140L,-0.008377482240443572,-0.005130974682371363,0.11157334400693936
random,spatial_knn,1,CDKN1C,0.14056627679203357,0.11130719300907214,0.44661390275027035
random,spatial_knn,1,ITGB1,0.025066166445456256,0.031627734888269705,0.5161368927617425
random,spatial_knn,1,CLDN11,0.27795314200879223,0.19149949033466518,0.6536026447852272
random,spatial_knn,1,STC2,0.008494708764409588,0.022777566310883055,0.3283593805605183
random,spatial_knn,1,UGT8,0.20608884864677862,0.1670609731235521,0.4272109179139775
random,spatial_knn,1,SOX6,-0.006446979774013971,-0.0030060268957802054,0.24445500187707328
random,spatial_knn,1,PDLIM4,-0.007717829959821056,0.006950014354994089,0.3079234874187274
random,spatial_knn,1,SEPT4,0.2417408411647604,0.1908535600273947,0.8473399310266323
random,spatial_knn,1,TLR7,0.01131509702561092,-0.002675798342126742,0.10616157592139579
random,spatial_knn,1,EBF1,-0.0002151424130651773,-0.014597797599080474,0.16249796073975242
random,spatial_knn,1,FMO2,-0.0022881900008876804,0.006690928034699444,0.12785262269138553
random,spatial_knn,1,RELN,0.06710072701064856,0.06751106631767644,0.39578151684671165
random,spatial_knn,1,VTI1A,-0.008328099266989157,0.010679713620447274,0.2343682638430273
matched_hop0,mean,1,PTGDS,0.0,,0.8508158922195435
matched_hop0,mean,1,CD74,,,0.861981987953186
matched_hop0,mean,1,CCL19,,,0.1900680959224701
matched_hop0,mean,1,COL3A1,0.0,,0.4731205403804779
matched_hop0,mean,1,CXCL14,,,0.9260468482971191
matched_hop0,mean,1,ADH1B,,,0.4871363937854767
matched_hop0,mean,1,TFF3,,,0.8343944549560547
matched_hop0,mean,1,POSTN,0.0,,0.3428017497062683
matched_hop0,mean,1,AQP1,,,0.24859285354614258
matched_hop0,mean,1,ISG15,0.0,,0.6791785359382629
matched_hop0,mean,1,FDCSP,,,0.0883830338716507
matched_hop0,mean,1,CFD,0.0,,0.5399428606033325
matched_hop0,mean,1,FABP4,0.0,,0.9048886299133301
matched_hop0,mean,1,ADIRF,0.0,,0.8636605143547058
matched_hop0,mean,1,CCL21,,,0.06862138211727142
matched_hop0,mean,1,CD3D,0.0,,0.08710407465696335
matched_hop0,mean,1,CLDN5,,,0.584987461566925
matched_hop0,mean,1,IFIT2,,,0.23116199672222137
matched_hop0,mean,1,PTN,,,0.8816390633583069
matched_hop0,mean,1,S100B,,,0.9636619687080383
matched_hop0,mean,1,ACTG2,,,0.1060241162776947
matched_hop0,mean,1,FOS,0.0,,0.41292065382003784
matched_hop0,mean,1,ELN,,,0.21425694227218628
matched_hop0,mean,1,NRP1,,,0.278551310300827
matched_hop0,mean,1,MS4A4A,,,0.10301214456558228
matched_hop0,mean,1,LMOD1,0.0,,0.12666656076908112
matched_hop0,mean,1,HBA2,,,0.7785800099372864
matched_hop0,mean,1,PPP1R14A,,,0.6692310571670532
matched_hop0,mean,1,SLITRK6,0.0,,0.06523693352937698
matched_hop0,mean,1,ADD3,0.0,,0.65602046251297
matched_hop0,mean,1,MIA,,,0.07493992149829865
matched_hop0,mean,1,LTF,,,0.46628761291503906
matched_hop0,mean,1,CST7,,,0.06098157912492752
matched_hop0,mean,1,TNF,,,0.040805328637361526
matched_hop0,mean,1,NEXN,,,0.11547743529081345
matched_hop0,mean,1,HBB,0.0,,0.9039648175239563
matched_hop0,mean,1,SP140L,,,0.09910594671964645
matched_hop0,mean,1,CDKN1C,,,0.3734886646270752
matched_hop0,mean,1,ITGB1,0.0,,0.46430739760398865
matched_hop0,mean,1,CLDN11,,,0.5350720882415771
matched_hop0,mean,1,STC2,,,0.26821190118789673
matched_hop0,mean,1,UGT8,0.0,,0.3418082892894745
matched_hop0,mean,1,SOX6,0.0,,0.2308785319328308
matched_hop0,mean,1,PDLIM4,,,0.26849108934402466
matched_hop0,mean,1,SEPT4,0.0,,0.7457103729248047
matched_hop0,mean,1,TLR7,0.0,,0.09497306495904922
matched_hop0,mean,1,EBF1,,,0.1563922017812729
matched_hop0,mean,1,FMO2,0.0,,0.12875430285930634
matched_hop0,mean,1,RELN,,,0.43270376324653625
matched_hop0,mean,1,VTI1A,0.0,,0.22173245251178741
matched_hop0,pca_ridge,1,PTGDS,0.18833308105654753,0.20493574287758495,0.8359366655349731
matched_hop0,pca_ridge,1,CD74,0.13351106396925735,0.11406589401949016,0.8540191054344177
matched_hop0,pca_ridge,1,CCL19,0.022152352416472267,0.007824350847712843,0.19009719789028168
matched_hop0,pca_ridge,1,COL3A1,0.10787180439237415,0.08767677735703125,0.4705272614955902
matched_hop0,pca_ridge,1,CXCL14,0.2031702850174196,0.16799486898965182,0.907395601272583
matched_hop0,pca_ridge,1,ADH1B,0.09419180475546181,0.08483515292480259,0.48512017726898193
matched_hop0,pca_ridge,1,TFF3,0.1991156626669628,0.19054879107440348,0.8176523447036743
matched_hop0,pca_ridge,1,POSTN,0.06497580431282231,0.0707608304276767,0.3423871397972107
matched_hop0,pca_ridge,1,AQP1,0.07101130171993902,0.055246378159682016,0.24848173558712006
matched_hop0,pca_ridge,1,ISG15,0.06423808985488277,0.07540267226959801,0.6778506636619568
matched_hop0,pca_ridge,1,FDCSP,-0.01550305156194256,-0.01678207708366522,0.08869536966085434
matched_hop0,pca_ridge,1,CFD,0.09638251964978511,0.08124496331725618,0.5373916625976562
matched_hop0,pca_ridge,1,FABP4,0.20278415391858098,0.1666393295557233,0.8907061815261841
matched_hop0,pca_ridge,1,ADIRF,0.16936643528172812,0.14374010832090123,0.8531927466392517
matched_hop0,pca_ridge,1,CCL21,0.0030061301810576178,0.007663645912162018,0.0687049999833107
matched_hop0,pca_ridge,1,CD3D,-0.0051765820555381955,-0.005881353130318025,0.08720196783542633
matched_hop0,pca_ridge,1,CLDN5,0.03849779460774382,0.07385116981569027,0.5848968029022217
matched_hop0,pca_ridge,1,IFIT2,0.012734651364123469,0.029739044445810502,0.23141947388648987
matched_hop0,pca_ridge,1,PTN,0.07853551114129928,0.07805444986420527,0.8786293268203735
matched_hop0,pca_ridge,1,S100B,0.23378070307967852,0.22347678601898247,0.9375525116920471
matched_hop0,pca_ridge,1,ACTG2,0.020546165904034894,0.0056990225156229625,0.10606817156076431
matched_hop0,pca_ridge,1,FOS,0.044643691834161926,0.04927814489370707,0.4127453863620758
matched_hop0,pca_ridge,1,ELN,0.0639287476459883,0.038054929182500696,0.213828444480896
matched_hop0,pca_ridge,1,NRP1,0.015539554707844218,0.050191383064864495,0.27867022156715393
matched_hop0,pca_ridge,1,MS4A4A,-0.016322075532954634,-0.012276142044093552,0.10320060700178146
matched_hop0,pca_ridge,1,LMOD1,0.015240696272699835,0.0100162047781515,0.12676656246185303
matched_hop0,pca_ridge,1,HBA2,0.050379650380398065,0.1067145117077731,0.7778472900390625
matched_hop0,pca_ridge,1,PPP1R14A,0.14735881417888017,0.14692287139369242,0.6638369560241699
matched_hop0,pca_ridge,1,SLITRK6,0.014699751279210744,0.010753830773540413,0.06586993485689163
matched_hop0,pca_ridge,1,ADD3,0.07653230731188825,0.08648203225347266,0.6540380716323853
matched_hop0,pca_ridge,1,MIA,0.01099854775571428,-0.0016507500393581607,0.07496566325426102
matched_hop0,pca_ridge,1,LTF,0.10020926625380376,0.10785008574306149,0.4639332592487335
matched_hop0,pca_ridge,1,CST7,0.0029487494485876775,-0.003759892948304904,0.06105564907193184
matched_hop0,pca_ridge,1,TNF,0.008262273242962883,0.002761485144427001,0.040891602635383606
matched_hop0,pca_ridge,1,NEXN,0.0010494616370584305,0.0075235616880953106,0.1155361607670784
matched_hop0,pca_ridge,1,HBB,0.028099528108754483,0.06673634443272289,0.9040884375572205
matched_hop0,pca_ridge,1,SP140L,0.016286565524379112,0.02132379281110739,0.09914614260196686
matched_hop0,pca_ridge,1,CDKN1C,0.07816822078265785,0.10408501045381796,0.3727988302707672
matched_hop0,pca_ridge,1,ITGB1,0.06317115686545056,0.07999645392640942,0.463402658700943
matched_hop0,pca_ridge,1,CLDN11,0.17025079045746808,0.16802644261765348,0.5281243324279785
matched_hop0,pca_ridge,1,STC2,0.04260370460202919,0.04804550048912081,0.2680666148662567
matched_hop0,pca_ridge,1,UGT8,0.11394295198158932,0.12030487220822278,0.34005206823349
matched_hop0,pca_ridge,1,SOX6,0.03079502416707504,0.045336607720408366,0.23077452182769775
matched_hop0,pca_ridge,1,PDLIM4,0.01917503942575947,0.023322361597677983,0.26855626702308655
matched_hop0,pca_ridge,1,SEPT4,0.20595116062121793,0.23167294409360384,0.7300527095794678
matched_hop0,pca_ridge,1,TLR7,0.016924485830152537,0.01894498799878144,0.09499044716358185
matched_hop0,pca_ridge,1,EBF1,0.008120337160526766,0.008362840850601598,0.15650415420532227
matched_hop0,pca_ridge,1,FMO2,-0.0048154660961733904,-0.0005543749197279664,0.1288720965385437
matched_hop0,pca_ridge,1,RELN,0.14240803663491602,0.09442767700517372,0.4285260736942291
matched_hop0,pca_ridge,1,VTI1A,0.01970047722346444,0.0585041994217904,0.22180818021297455
matched_hop0,spatial_knn,1,PTGDS,-0.005013239826088534,0.003361504258010276,0.8887482936343328
matched_hop0,spatial_knn,1,CD74,0.10946886018403645,0.10891488024810583,0.8730979310394658
matched_hop0,spatial_knn,1,CCL19,0.10171217318322325,0.029637823362025688,0.19155472487474806
matched_hop0,spatial_knn,1,COL3A1,0.03579348554295371,0.050302333836574516,0.48141833019805547
matched_hop0,spatial_knn,1,CXCL14,0.06400171325442178,0.05052312052139417,0.9406440608547111
matched_hop0,spatial_knn,1,ADH1B,0.15752548080792164,0.17123543344375633,0.4964402656223441
matched_hop0,spatial_knn,1,TFF3,0.02794338992852025,0.03682262625444809,0.8727093104520417
matched_hop0,spatial_knn,1,POSTN,-0.02583838117414873,0.002381372972340817,0.3536673503913088
matched_hop0,spatial_knn,1,AQP1,0.02086974829263059,0.020460681717807364,0.25610519352383093
matched_hop0,spatial_knn,1,ISG15,0.11993303612390789,0.093742627163654,0.690289452030593
matched_hop0,spatial_knn,1,FDCSP,0.051279087194421716,0.03890394186679288,0.09840385854783786
matched_hop0,spatial_knn,1,CFD,0.21327942107605682,0.18664358563457004,0.5284803172194901
matched_hop0,spatial_knn,1,FABP4,0.37635239459602976,0.36085276006838013,0.8334460959695249
matched_hop0,spatial_knn,1,ADIRF,0.14340426980153048,0.13714005490864986,0.8648139831263015
matched_hop0,spatial_knn,1,CCL21,-0.00438586814892765,-0.004912053314792767,0.06960918423718584
matched_hop0,spatial_knn,1,CD3D,0.011053075843314712,0.009934801349646567,0.0905049221225639
matched_hop0,spatial_knn,1,CLDN5,0.01337427372175052,0.001925499793279537,0.6081765026870576
matched_hop0,spatial_knn,1,IFIT2,0.00646547024006129,0.00441010473833034,0.2358163528581075
matched_hop0,spatial_knn,1,PTN,0.04510208526144905,0.04166931825430773,0.9052139028624931
matched_hop0,spatial_knn,1,S100B,0.03650094372764923,0.034682968570662887,0.9880363716110155
matched_hop0,spatial_knn,1,ACTG2,0.030896531053264897,0.017732142665389326,0.10945253853845867
matched_hop0,spatial_knn,1,FOS,-0.010377579273694393,-0.008923885251905092,0.4249109473651136
matched_hop0,spatial_knn,1,ELN,0.017043997549508284,0.01400024635032734,0.21822228744179478
matched_hop0,spatial_knn,1,NRP1,-0.00957184685709198,-0.003543305440682123,0.2941124027704311
matched_hop0,spatial_knn,1,MS4A4A,-0.014063252399936232,-0.015796387028397255,0.10484714185475316
matched_hop0,spatial_knn,1,LMOD1,0.02841251637989127,0.01818587166545349,0.12740021719763334
matched_hop0,spatial_knn,1,HBA2,0.17585267725547307,0.13374464943240788,0.7748220147264189
matched_hop0,spatial_knn,1,PPP1R14A,0.03029656062421991,0.020559028200354563,0.6839395537464547
matched_hop0,spatial_knn,1,SLITRK6,-0.007566101039212382,-0.004947322394580691,0.06945688797608782
matched_hop0,spatial_knn,1,ADD3,-0.003991343718656345,-0.006889562951329543,0.6751970662046682
matched_hop0,spatial_knn,1,MIA,-0.0014233305016913512,-0.00040644461948223575,0.0758824592228873
matched_hop0,spatial_knn,1,LTF,0.04904222810471587,0.05084347683510037,0.47468323483975033
matched_hop0,spatial_knn,1,CST7,-0.005249437632201688,-0.0055428210622763385,0.06292142711324936
matched_hop0,spatial_knn,1,TNF,0.0,,0.04083168650614114
matched_hop0,spatial_knn,1,NEXN,-0.0154449795225515,-0.01173943755022467,0.11897588689874215
matched_hop0,spatial_knn,1,HBB,0.26603975644077776,0.21471218923809773,0.8773204257952872
matched_hop0,spatial_knn,1,SP140L,-0.014953818290313333,-0.01625130102281286,0.10534584860444468
matched_hop0,spatial_knn,1,CDKN1C,0.021474581237192706,0.023822487062128504,0.38339759128987827
matched_hop0,spatial_knn,1,ITGB1,0.013564843639700841,0.01767358555409423,0.474463496735046
matched_hop0,spatial_knn,1,CLDN11,0.04066846155212807,0.02482015752262819,0.5520541105963918
matched_hop0,spatial_knn,1,STC2,-0.00060297883534582,-0.00126363935329184,0.275901079458011
matched_hop0,spatial_knn,1,UGT8,0.005444792220407794,0.004971599840042233,0.35408907488232355
matched_hop0,spatial_knn,1,SOX6,0.013923197605863248,0.022225145347168792,0.23756908023930703
matched_hop0,spatial_knn,1,PDLIM4,0.014220018302036154,0.01595797695215595,0.2731585124627559
matched_hop0,spatial_knn,1,SEPT4,0.07269654764025268,0.04829072234405787,0.7634713638646539
matched_hop0,spatial_knn,1,TLR7,0.00040335668654171866,-0.0025254116645868825,0.09950189919199577
matched_hop0,spatial_knn,1,EBF1,0.005853236600965744,0.0071867769041308125,0.16305742841471374
matched_hop0,spatial_knn,1,FMO2,0.021616375493479296,0.01755204662898705,0.13122704573264785
matched_hop0,spatial_knn,1,RELN,0.06846803647984433,0.058885741863341896,0.4384753570946542
matched_hop0,spatial_knn,1,VTI1A,0.011541168148705871,0.0020167265115855824,0.22774877221136927
random,mean,2,PTGDS,,,0.9381412267684937
random,mean,2,CD74,,,0.9290657639503479
random,mean,2,CCL19,,,0.20345206558704376
random,mean,2,COL3A1,0.0,,0.5260996222496033
random,mean,2,CXCL14,,,0.9315011501312256
random,mean,2,ADH1B,,,0.39735573530197144
random,mean,2,TFF3,,,0.8528592586517334
random,mean,2,POSTN,,,0.36732199788093567
random,mean,2,AQP1,,,0.3519413471221924
random,mean,2,ISG15,0.0,,0.7052293419837952
random,mean,2,FDCSP,0.0,,0.11152712255716324
random,mean,2,CFD,,,0.4906389117240906
random,mean,2,FABP4,0.0,,0.7671451568603516
random,mean,2,ADIRF,,,0.8537447452545166
random,mean,2,CCL21,,,0.07217293232679367
random,mean,2,CD3D,0.0,,0.10138478875160217
random,mean,2,CLDN5,,,0.5850398540496826
random,mean,2,IFIT2,,,0.2457815259695053
random,mean,2,PTN,,,0.9002621173858643
random,mean,2,S100B,,,1.0456581115722656
random,mean,2,ACTG2,,,0.12797708809375763
random,mean,2,FOS,0.0,,0.450856477022171
random,mean,2,ELN,0.0,,0.23427724838256836
random,mean,2,NRP1,,,0.273962140083313
random,mean,2,MS4A4A,,,0.09903856366872787
random,mean,2,LMOD1,,,0.13657285273075104
random,mean,2,HBA2,,,0.7592270374298096
random,mean,2,PPP1R14A,,,0.8055452108383179
random,mean,2,SLITRK6,0.0,,0.12980404496192932
random,mean,2,ADD3,0.0,,0.6825119853019714
random,mean,2,MIA,,,0.062374264001846313
random,mean,2,LTF,,,0.49864980578422546
random,mean,2,CST7,0.0,,0.07247667014598846
random,mean,2,TNF,,,0.06555033475160599
random,mean,2,NEXN,0.0,,0.12930180132389069
random,mean,2,HBB,0.0,,0.8111608028411865
random,mean,2,SP140L,0.0,,0.10511137545108795
random,mean,2,CDKN1C,0.0,,0.43249276280403137
random,mean,2,ITGB1,0.0,,0.48954638838768005
random,mean,2,CLDN11,,,0.6773600578308105
random,mean,2,STC2,,,0.28338533639907837
random,mean,2,UGT8,,,0.44002994894981384
random,mean,2,SOX6,0.0,,0.21392451226711273
random,mean,2,PDLIM4,,,0.2768372893333435
random,mean,2,SEPT4,,,0.8421509861946106
random,mean,2,TLR7,0.0,,0.07272876799106598
random,mean,2,EBF1,,,0.13468196988105774
random,mean,2,FMO2,,,0.09471963346004486
random,mean,2,RELN,,,0.40178462862968445
random,mean,2,VTI1A,0.0,,0.21008101105690002
random,pca_ridge,2,PTGDS,0.31024407441905033,0.27839373356946345,0.8920618891716003
random,pca_ridge,2,CD74,0.19888956477716574,0.1652530313333416,0.910529613494873
random,pca_ridge,2,CCL19,0.057664407090677966,0.02219785118947681,0.20312152802944183
random,pca_ridge,2,COL3A1,0.1717335957235736,0.1300141773402509,0.5183112621307373
random,pca_ridge,2,CXCL14,0.15339518780740333,0.11441408816852337,0.920660138130188
random,pca_ridge,2,ADH1B,0.05915655124749128,0.03446960653660315,0.3968000113964081
random,pca_ridge,2,TFF3,0.20213922014982705,0.18219471180784838,0.8352766036987305
random,pca_ridge,2,POSTN,0.16460874258314845,0.1310870360215576,0.36232462525367737
random,pca_ridge,2,AQP1,0.25907463880694354,0.16088900971515488,0.34000805020332336
random,pca_ridge,2,ISG15,0.07893741378266535,0.09295891758073718,0.7030293345451355
random,pca_ridge,2,FDCSP,-0.009444125260088622,-0.009267593104999245,0.1116890087723732
random,pca_ridge,2,CFD,0.05853342135458177,0.03921556288184818,0.49000436067581177
random,pca_ridge,2,FABP4,0.1345304784980973,0.10635880709650951,0.7601902484893799
random,pca_ridge,2,ADIRF,0.11817874377571891,0.08503727193220738,0.8477701544761658
random,pca_ridge,2,CCL21,0.015034618664507983,0.010100480511955483,0.07223225384950638
random,pca_ridge,2,CD3D,0.0021874061588913526,0.005397996261209276,0.1014498770236969
random,pca_ridge,2,CLDN5,0.056981748445121105,0.09453836432374044,0.584165096282959
random,pca_ridge,2,IFIT2,0.06570630968469594,0.05709549747300794,0.24535933136940002
random,pca_ridge,2,PTN,0.1396523666407547,0.13723823132867893,0.8916386961936951
random,pca_ridge,2,S100B,0.3582182160596962,0.30981443261321523,0.9764026403427124
random,pca_ridge,2,ACTG2,0.015200728802183705,0.013103721993622672,0.1280175745487213
random,pca_ridge,2,FOS,0.13012785695554302,0.10780614484565469,0.4471333622932434
random,pca_ridge,2,ELN,0.06741442152315599,0.0517476301383116,0.23375484347343445
random,pca_ridge,2,NRP1,0.023846871625499345,0.04659128533955631,0.2740035057067871
random,pca_ridge,2,MS4A4A,-0.02407672620326254,-0.019483699758936577,0.09925778955221176
random,pca_ridge,2,LMOD1,0.00118020842976546,0.005901562335582424,0.13673914968967438
random,pca_ridge,2,HBA2,0.09086284034390177,0.14264361057031694,0.7561455965042114
random,pca_ridge,2,PPP1R14A,0.42777607042354426,0.2805876605816931,0.7281326055526733
random,pca_ridge,2,SLITRK6,0.03320410482522417,0.04786055706571624,0.12987637519836426
random,pca_ridge,2,ADD3,0.09995721702922922,0.1032953514716278,0.6794154644012451
random,pca_ridge,2,MIA,-0.011396150595852802,-0.008524872985353345,0.06248203665018082
random,pca_ridge,2,LTF,0.08696820497793323,0.0860873542601701,0.4968983232975006
random,pca_ridge,2,CST7,-0.007981787882232621,-0.013377418349734993,0.0725821703672409
random,pca_ridge,2,TNF,0.0326362839294271,0.008238004223869019,0.06551649421453476
random,pca_ridge,2,NEXN,-0.007982674058012191,-0.004518411655577635,0.12940095365047455
random,pca_ridge,2,HBB,0.10255001436272666,0.12443629886843256,0.8068752288818359
random,pca_ridge,2,SP140L,0.03747732054389197,0.016216751763028805,0.10503895580768585
random,pca_ridge,2,CDKN1C,0.29611926494105245,0.20403986116524658,0.4131096601486206
random,pca_ridge,2,ITGB1,0.09370822004054223,0.0878695321071638,0.4875712990760803
random,pca_ridge,2,CLDN11,0.4445742079217175,0.2961656613905066,0.6067637801170349
random,pca_ridge,2,STC2,0.04897624164432919,0.04969050508177004,0.2831319272518158
random,pca_ridge,2,UGT8,0.3316225023391569,0.21289903231461327,0.41515302658081055
random,pca_ridge,2,SOX6,-0.004885476885850664,0.015391600379752174,0.2143058180809021
random,pca_ridge,2,PDLIM4,0.028301035875990522,0.02609840896106949,0.27677521109580994
random,pca_ridge,2,SEPT4,0.3518251491242735,0.2716893817325669,0.7883680462837219
random,pca_ridge,2,TLR7,0.0071959944991158,0.0071315822655374835,0.07285529375076294
random,pca_ridge,2,EBF1,0.023823153671506073,0.016859194175273654,0.13468407094478607
random,pca_ridge,2,FMO2,-0.013770394412554884,-0.028223945840207376,0.09493697434663773
random,pca_ridge,2,RELN,0.11593050031309042,0.07844636676387373,0.39908140897750854
random,pca_ridge,2,VTI1A,0.04188204135196007,0.06705057894221407,0.2099120169878006
random,spatial_knn,2,PTGDS,0.09714579957629425,0.10910716852306884,0.9730393787516204
random,spatial_knn,2,CD74,0.15007754880729252,0.13721257633555192,0.9459945264554164
random,spatial_knn,2,CCL19,0.19594079883864135,0.0988610164986916,0.2034699730059228
random,spatial_knn,2,COL3A1,0.14204841099372278,0.1533283374566934,0.5374612965179848
random,spatial_knn,2,CXCL14,0.11478893472758511,0.10430686677671139,0.956270754740095
random,spatial_knn,2,ADH1B,0.23770616460004873,0.21475947905071158,0.3939607661482028
random,spatial_knn,2,TFF3,0.2371473670316817,0.25205379897083097,0.8491218354051152
random,spatial_knn,2,POSTN,0.08656267562720868,0.10178043362265816,0.3824479135668927
random,spatial_knn,2,AQP1,0.11777952123589386,0.09738238457372235,0.3624001306122387
random,spatial_knn,2,ISG15,0.0961680534208429,0.10674247671977483,0.7292319110181349
random,spatial_knn,2,FDCSP,0.13682483876774043,0.10561788097237126,0.1125105636910395
random,spatial_knn,2,CFD,0.1703970618656024,0.16619019532581064,0.4965588756801233
random,spatial_knn,2,FABP4,0.45389321498853286,0.4035532522500641,0.6908981017658457
random,spatial_knn,2,ADIRF,0.10176148130284925,0.09114695330930288,0.8794120229932044
random,spatial_knn,2,CCL21,0.05810225418978715,0.05233516260804581,0.07507566665826058
random,spatial_knn,2,CD3D,0.06869965845061403,0.05005720220846316,0.10415993529671136
random,spatial_knn,2,CLDN5,0.007574454616693235,0.015331781106267888,0.6138534301471089
random,spatial_knn,2,IFIT2,0.02282845167614343,0.009110082565754785,0.2589894365720645
random,spatial_knn,2,PTN,0.05379759702049343,0.051734879010001136,0.93468385363122
random,spatial_knn,2,S100B,0.1356098342655233,0.1139398500327893,1.0748692475873423
random,spatial_knn,2,ACTG2,0.02050962510361723,0.028895490117283585,0.1315232699366677
random,spatial_knn,2,FOS,0.04774077701218042,0.03152795445219011,0.46631183108005697
random,spatial_knn,2,ELN,-0.0012523922590250633,0.02460890532421737,0.24483528392199802
random,spatial_knn,2,NRP1,-0.003516396690811527,0.010338449602481488,0.28681157268611557
random,spatial_knn,2,MS4A4A,-0.011752756270746767,-0.01896661435289407,0.10739280172192824
random,spatial_knn,2,LMOD1,-0.005821297590319565,0.004079279719071999,0.14292502039288477
random,spatial_knn,2,HBA2,0.18783848581786883,0.14867355992428077,0.7663306150960566
random,spatial_knn,2,PPP1R14A,0.27349862716391804,0.189728522691785,0.7942696312338925
random,spatial_knn,2,SLITRK6,0.04347214407929339,0.06703120567572829,0.1350875617001929
random,spatial_knn,2,ADD3,0.05524342810936857,0.04663614112892889,0.7072469111998533
random,spatial_knn,2,MIA,0.005764970000018666,0.019204013310304198,0.06585179555208899
random,spatial_knn,2,LTF,0.11787323863013097,0.13859247325394425,0.5117945580133432
random,spatial_knn,2,CST7,-0.0027520055383239554,0.012139994198963045,0.07805154954562564
random,spatial_knn,2,TNF,-0.004247917135734986,-0.005489713147174179,0.06704942150830129
random,spatial_knn,2,NEXN,-0.016717356395735662,-0.018462643895846308,0.13399229064073748
random,spatial_knn,2,HBB,0.3394347238966806,0.25904499989174706,0.7777805769338808
random,spatial_knn,2,SP140L,-0.003956248404351572,0.00825235159049015,0.10930967476296734
random,spatial_knn,2,CDKN1C,0.14941389088464757,0.1068861535070022,0.4403846607623577
random,spatial_knn,2,ITGB1,0.05003502340999393,0.0539177654849341,0.5094474584370738
random,spatial_knn,2,CLDN11,0.28350826023482045,0.19705780367361753,0.664218445841441
random,spatial_knn,2,STC2,0.02406040952809233,0.04448181875072264,0.29722335215756984
random,spatial_knn,2,UGT8,0.1585515432814322,0.12206397984843426,0.4509935584117236
random,spatial_knn,2,SOX6,0.021021375606848292,0.009541965489547074,0.22643110317935916
random,spatial_knn,2,PDLIM4,-0.029626806507939467,-0.017891220166646793,0.29258250163414573
random,spatial_knn,2,SEPT4,0.22637258803850419,0.17975064067798172,0.8433808575680214
random,spatial_knn,2,TLR7,-0.012715817555547454,-0.016988450266813337,0.07992066533859177
random,spatial_knn,2,EBF1,0.0129759196427,0.018651334686079206,0.14471933626516248
random,spatial_knn,2,FMO2,-0.007886929726708295,-0.0010080670307569667,0.10245092202842569
random,spatial_knn,2,RELN,0.061884091029132594,0.062022137538778215,0.416895316157964
random,spatial_knn,2,VTI1A,-0.008505620144137329,-0.0020568095136067133,0.22087354864373923
matched_hop0,mean,2,PTGDS,,,0.9514653086662292
matched_hop0,mean,2,CD74,,,0.8850511312484741
matched_hop0,mean,2,CCL19,,,0.16737017035484314
matched_hop0,mean,2,COL3A1,,,0.6285684108734131
matched_hop0,mean,2,CXCL14,0.0,,0.9059239029884338
matched_hop0,mean,2,ADH1B,,,0.49625641107559204
matched_hop0,mean,2,TFF3,,,0.9214736819267273
matched_hop0,mean,2,POSTN,,,0.4484233260154724
matched_hop0,mean,2,AQP1,0.0,,0.35178378224372864
matched_hop0,mean,2,ISG15,,,0.6693376302719116
matched_hop0,mean,2,FDCSP,,,0.11644259095191956
matched_hop0,mean,2,CFD,0.0,,0.5838419795036316
matched_hop0,mean,2,FABP4,,,0.9287434816360474
matched_hop0,mean,2,ADIRF,,,0.8785868287086487
matched_hop0,mean,2,CCL21,,,0.08054733276367188
matched_hop0,mean,2,CD3D,,,0.07270107418298721
matched_hop0,mean,2,CLDN5,,,0.5629603862762451
matched_hop0,mean,2,IFIT2,0.0,,0.2531124949455261
matched_hop0,mean,2,PTN,,,0.8736660480499268
matched_hop0,mean,2,S100B,,,1.033517599105835
matched_hop0,mean,2,ACTG2,0.0,,0.11197268962860107
matched_hop0,mean,2,FOS,0.0,,0.4643729627132416
matched_hop0,mean,2,ELN,,,0.21906845271587372
matched_hop0,mean,2,NRP1,,,0.28705692291259766
matched_hop0,mean,2,MS4A4A,,,0.11071181297302246
matched_hop0,mean,2,LMOD1,,,0.12448269873857498
matched_hop0,mean,2,HBA2,0.0,,0.769620418548584
matched_hop0,mean,2,PPP1R14A,,,0.8025224804878235
matched_hop0,mean,2,SLITRK6,,,0.14060723781585693
matched_hop0,mean,2,ADD3,0.0,,0.6696842312812805
matched_hop0,mean,2,MIA,,,0.07872812449932098
matched_hop0,mean,2,LTF,,,0.5521450638771057
matched_hop0,mean,2,CST7,,,0.056505028158426285
matched_hop0,mean,2,TNF,,,0.05772059038281441
matched_hop0,mean,2,NEXN,0.0,,0.1038530021905899
matched_hop0,mean,2,HBB,,,0.8457821011543274
matched_hop0,mean,2,SP140L,,,0.10903231799602509
matched_hop0,mean,2,CDKN1C,,,0.4393693208694458
matched_hop0,mean,2,ITGB1,,,0.5075840950012207
matched_hop0,mean,2,CLDN11,0.0,,0.6618032455444336
matched_hop0,mean,2,STC2,0.0,,0.3072095811367035
matched_hop0,mean,2,UGT8,0.0,,0.4312903881072998
matched_hop0,mean,2,SOX6,,,0.23138602077960968
matched_hop0,mean,2,PDLIM4,0.0,,0.27472516894340515
matched_hop0,mean,2,SEPT4,,,0.8398755788803101
matched_hop0,mean,2,TLR7,,,0.09927684813737869
matched_hop0,mean,2,EBF1,,,0.13967886567115784
matched_hop0,mean,2,FMO2,0.0,,0.1278769075870514
matched_hop0,mean,2,RELN,,,0.3927256464958191
matched_hop0,mean,2,VTI1A,,,0.22200678288936615
matched_hop0,pca_ridge,2,PTGDS,0.2679055837192056,0.2847877636669938,0.9179201126098633
matched_hop0,pca_ridge,2,CD74,0.1641399711370374,0.1324662522201668,0.8778302073478699
matched_hop0,pca_ridge,2,CCL19,0.04573016760694886,0.018497505304300957,0.1673804372549057
matched_hop0,pca_ridge,2,COL3A1,0.1418302871291891,0.09658399048674791,0.6203936338424683
matched_hop0,pca_ridge,2,CXCL14,0.14643691010948331,0.09836893390931847,0.8969413638114929
matched_hop0,pca_ridge,2,ADH1B,0.10229612331996538,0.0870190911883034,0.4939567446708679
matched_hop0,pca_ridge,2,TFF3,0.17215036776294917,0.16924655711777328,0.9051024913787842
matched_hop0,pca_ridge,2,POSTN,0.08515906444856167,0.06185630465352699,0.4465586245059967
matched_hop0,pca_ridge,2,AQP1,0.19055611359836483,0.1250838625685062,0.34687820076942444
matched_hop0,pca_ridge,2,ISG15,0.05137213679787776,0.06715874061684024,0.6695473790168762
matched_hop0,pca_ridge,2,FDCSP,-0.0026623536062204416,-0.013552868060620345,0.11660411953926086
matched_hop0,pca_ridge,2,CFD,0.11553713239897481,0.08765392858158463,0.5803094506263733
matched_hop0,pca_ridge,2,FABP4,0.2217261626203897,0.18447196172627564,0.9110122919082642
matched_hop0,pca_ridge,2,ADIRF,0.11391105811582034,0.09050723395910588,0.8720812201499939
matched_hop0,pca_ridge,2,CCL21,0.00508756658237145,-0.004076403614521077,0.0806504562497139
matched_hop0,pca_ridge,2,CD3D,0.0009542885516097829,-0.0012484858658362607,0.07288146764039993
matched_hop0,pca_ridge,2,CLDN5,0.05624347202026128,0.1054028008816284,0.5622428059577942
matched_hop0,pca_ridge,2,IFIT2,0.03229552655752516,0.03856917570546569,0.2534554600715637
matched_hop0,pca_ridge,2,PTN,0.14373670268057298,0.15080374575051655,0.8650001287460327
matched_hop0,pca_ridge,2,S100B,0.2784171771332505,0.27651905924639897,0.9944980144500732
matched_hop0,pca_ridge,2,ACTG2,-0.007126412468577764,-0.019412617586575105,0.11215808242559433
matched_hop0,pca_ridge,2,FOS,0.07434988283398042,0.08217268822060293,0.4631706774234772
matched_hop0,pca_ridge,2,ELN,0.027564560941305778,0.015656850024994406,0.21906620264053345
matched_hop0,pca_ridge,2,NRP1,0.025470127089643902,0.0629544802932138,0.2870875597000122
matched_hop0,pca_ridge,2,MS4A4A,-0.01471155146152348,-0.009062589474048659,0.11091306060552597
matched_hop0,pca_ridge,2,LMOD1,0.017854055103703616,0.008243921984748976,0.12455755472183228
matched_hop0,pca_ridge,2,HBA2,0.09058449448774146,0.13784761213027005,0.7664327621459961
matched_hop0,pca_ridge,2,PPP1R14A,0.3181505210293325,0.22083451933824116,0.7645821571350098
matched_hop0,pca_ridge,2,SLITRK6,0.030469925462471792,0.028403731133320908,0.1407216489315033
matched_hop0,pca_ridge,2,ADD3,0.12136472601806261,0.12776651760222726,0.6647371649742126
matched_hop0,pca_ridge,2,MIA,-0.0009865065564853637,-0.0016279815143801096,0.07877761870622635
matched_hop0,pca_ridge,2,LTF,0.08778435766566513,0.08930932101943347,0.5493851900100708
matched_hop0,pca_ridge,2,CST7,-0.009117432194756594,-0.005978495069930723,0.05665680021047592
matched_hop0,pca_ridge,2,TNF,0.015669510928219946,0.002405270839825485,0.05774402245879173
matched_hop0,pca_ridge,2,NEXN,0.010972964139937336,0.017546738388126662,0.10389964282512665
matched_hop0,pca_ridge,2,HBB,0.06161653646162946,0.0559966742779611,0.844403862953186
matched_hop0,pca_ridge,2,SP140L,0.023630327444853803,0.01526476877370728,0.10901828110218048
matched_hop0,pca_ridge,2,CDKN1C,0.171276810064162,0.1237415082207649,0.4358846843242645
matched_hop0,pca_ridge,2,ITGB1,0.0619900969196093,0.06613809587361363,0.5071864128112793
matched_hop0,pca_ridge,2,CLDN11,0.3492373166814972,0.24034162482856605,0.6231786012649536
matched_hop0,pca_ridge,2,STC2,0.04622276645037432,0.050616108470560826,0.30682995915412903
matched_hop0,pca_ridge,2,UGT8,0.24250710132968453,0.17829364688095223,0.4207294285297394
matched_hop0,pca_ridge,2,SOX6,0.019049874063755058,0.04225691081354575,0.2314785122871399
matched_hop0,pca_ridge,2,PDLIM4,0.014832890798058482,-0.001449749866182522,0.2748538851737976
matched_hop0,pca_ridge,2,SEPT4,0.2731210630936977,0.22078740874593403,0.810828447341919
matched_hop0,pca_ridge,2,TLR7,0.0070161480201899554,0.01683181638554212,0.09935561567544937
matched_hop0,pca_ridge,2,EBF1,-0.0029873132418802317,-0.008945284479655726,0.13985350728034973
matched_hop0,pca_ridge,2,FMO2,-0.0029960196735976216,-0.00030159147946164934,0.12798576056957245
matched_hop0,pca_ridge,2,RELN,0.12011575869888359,0.08059672356988329,0.3898698091506958
matched_hop0,pca_ridge,2,VTI1A,0.01933897780318741,0.0574861037023867,0.22216005623340607
matched_hop0,spatial_knn,2,PTGDS,0.019551901167161007,0.024518067552339345,0.984263485277959
matched_hop0,spatial_knn,2,CD74,0.09524920687341347,0.08180506062055806,0.8942864125714532
matched_hop0,spatial_knn,2,CCL19,0.13010340059341055,0.03757639752312284,0.16683618175452877
matched_hop0,spatial_knn,2,COL3A1,0.08476185053009011,0.07115970590684065,0.6391785093461976
matched_hop0,spatial_knn,2,CXCL14,0.0641845063935702,0.05478404170737749,0.9204325663659707
matched_hop0,spatial_knn,2,ADH1B,0.17914566535590026,0.19112266367526978,0.49513081245029655
matched_hop0,spatial_knn,2,TFF3,0.13116267889630617,0.13054580697546572,0.9409748199665884
matched_hop0,spatial_knn,2,POSTN,0.021981482772555516,0.009390370531893195,0.4553944836115475
matched_hop0,spatial_knn,2,AQP1,0.11766590253037139,0.09747624482937413,0.3628583007056345
matched_hop0,spatial_knn,2,ISG15,0.0427395004093215,0.05442374062687744,0.6783685075775395
matched_hop0,spatial_knn,2,FDCSP,-0.003805904370612377,-0.005368400925945972,0.12011332172186288
matched_hop0,spatial_knn,2,CFD,0.18607657022015506,0.17984004773369594,0.5754701764215167
matched_hop0,spatial_knn,2,FABP4,0.3934478546796081,0.3697351441660019,0.8457774793792264
matched_hop0,spatial_knn,2,ADIRF,0.14751498445767217,0.14066134202267366,0.8861988923276628
matched_hop0,spatial_knn,2,CCL21,-0.0037918167598668655,-0.004316116545339576,0.08129884302703425
matched_hop0,spatial_knn,2,CD3D,0.004032063844848121,0.0054951500228761505,0.07521905465327515
matched_hop0,spatial_knn,2,CLDN5,0.011835545651057069,0.008958649796972716,0.5812916786434281
matched_hop0,spatial_knn,2,IFIT2,0.012055108801365644,0.013760935358618148,0.26021457919463165
matched_hop0,spatial_knn,2,PTN,0.05679320684742833,0.06111335162953323,0.8941970610998248
matched_hop0,spatial_knn,2,S100B,0.10415293972294551,0.11908578836096315,1.062284990764406
matched_hop0,spatial_knn,2,ACTG2,0.035672143841940424,0.028325970391740955,0.11523719971732833
matched_hop0,spatial_knn,2,FOS,-0.009121091670133199,-0.004142700735574032,0.474136811502706
matched_hop0,spatial_knn,2,ELN,0.007487232318947316,0.0019091823988946063,0.22326444119126534
matched_hop0,spatial_knn,2,NRP1,0.012295640927072103,0.027149702487427256,0.2942175243204649
matched_hop0,spatial_knn,2,MS4A4A,-0.012002949663570597,-0.011582995987385802,0.11434506937152661
matched_hop0,spatial_knn,2,LMOD1,0.018652938148515895,0.018541333160865613,0.1264070802383941
matched_hop0,spatial_knn,2,HBA2,0.17527160797624378,0.14182210451441923,0.7853037165863035
matched_hop0,spatial_knn,2,PPP1R14A,0.22285714362859899,0.1641822908759969,0.8255311307255693
matched_hop0,spatial_knn,2,SLITRK6,-0.011411070628523824,-0.007207089874701744,0.14234289305043576
matched_hop0,spatial_knn,2,ADD3,0.014144260094675164,0.021660044039948857,0.6848372778079103
matched_hop0,spatial_knn,2,MIA,0.02439090335577062,0.022093861509206114,0.08241280650167389
matched_hop0,spatial_knn,2,LTF,0.05137454147288614,0.048577626830910395,0.5585961241356796
matched_hop0,spatial_knn,2,CST7,-0.0006931764647942761,-0.0007348211792898032,0.05654133583591906
matched_hop0,spatial_knn,2,TNF,-0.0016664496714502383,-0.0018503666706149585,0.057879827587584476
matched_hop0,spatial_knn,2,NEXN,-0.01443133208774015,-0.011801000253610805,0.10799384629857955
matched_hop0,spatial_knn,2,HBB,0.28644405305440596,0.22913325207318622,0.8594350734524144
matched_hop0,spatial_knn,2,SP140L,-0.007936276518181585,-0.005707811783513517,0.11152790341420797
matched_hop0,spatial_knn,2,CDKN1C,0.056824979321409536,0.04399205536186707,0.456952210565968
matched_hop0,spatial_knn,2,ITGB1,0.021551957615655513,0.02284119717151752,0.520073323861556
matched_hop0,spatial_knn,2,CLDN11,0.2299884357391601,0.16769409114855824,0.6658593600393129
matched_hop0,spatial_knn,2,STC2,0.0005081887659967819,0.0013228075135590222,0.3148531587814598
matched_hop0,spatial_knn,2,UGT8,0.07037850914850784,0.049168805045476736,0.4378510875768445
matched_hop0,spatial_knn,2,SOX6,0.0011099035362917222,0.0035029571779342824,0.23955361445858153
matched_hop0,spatial_knn,2,PDLIM4,-0.0039756384482681414,-0.008934900268778558,0.2818942188633573
matched_hop0,spatial_knn,2,SEPT4,0.15068439577817463,0.11570934687427507,0.8634775632547288
matched_hop0,spatial_knn,2,TLR7,0.007444032759886484,0.002734502877420759,0.10169566122804564
matched_hop0,spatial_knn,2,EBF1,0.0026565046987141365,0.002194703754270343,0.14949980993255993
matched_hop0,spatial_knn,2,FMO2,0.015356473377066065,0.0013520990021280545,0.13042281763809263
matched_hop0,spatial_knn,2,RELN,0.06956287915943059,0.058712809570976236,0.39886292585815786
matched_hop0,spatial_knn,2,VTI1A,0.019393405070713243,0.011462726696919506,0.22983658544056282
random,mean,3,PTGDS,,,0.9615972638130188
random,mean,3,CD74,,,0.9350078105926514
random,mean,3,CCL19,0.0,,0.1842113584280014
random,mean,3,COL3A1,,,0.5157980918884277
random,mean,3,CXCL14,,,0.9351103901863098
random,mean,3,ADH1B,,,0.37427467107772827
random,mean,3,TFF3,0.0,,0.8474745750427246
random,mean,3,POSTN,,,0.3724210858345032
random,mean,3,AQP1,0.0,,0.36411160230636597
random,mean,3,ISG15,,,0.7073857188224792
random,mean,3,FDCSP,0.0,,0.12390459328889847
random,mean,3,CFD,0.0,,0.5099260210990906
random,mean,3,FABP4,0.0,,0.7522851228713989
random,mean,3,ADIRF,,,0.837953507900238
random,mean,3,CCL21,,,0.09116223454475403
random,mean,3,CD3D,,,0.09575271606445312
random,mean,3,CLDN5,,,0.5915371179580688
random,mean,3,IFIT2,0.0,,0.25309351086616516
random,mean,3,PTN,0.0,,0.8999682068824768
random,mean,3,S100B,0.0,,1.0510185956954956
random,mean,3,ACTG2,,,0.09383568912744522
random,mean,3,FOS,0.0,,0.4379500150680542
random,mean,3,ELN,,,0.20811346173286438
random,mean,3,NRP1,,,0.26332807540893555
random,mean,3,MS4A4A,,,0.12356658279895782
random,mean,3,LMOD1,0.0,,0.12147238850593567
random,mean,3,HBA2,,,0.7570934891700745
random,mean,3,PPP1R14A,,,0.8268035650253296
random,mean,3,SLITRK6,,,0.1261647790670395
random,mean,3,ADD3,,,0.6683111786842346
random,mean,3,MIA,,,0.0700535848736763
random,mean,3,LTF,,,0.4742526710033417
random,mean,3,CST7,0.0,,0.09404753893613815
random,mean,3,TNF,,,0.06495632231235504
random,mean,3,NEXN,0.0,,0.10814134031534195
random,mean,3,HBB,0.0,,0.8382301926612854
random,mean,3,SP140L,,,0.1182442381978035
random,mean,3,CDKN1C,,,0.43805772066116333
random,mean,3,ITGB1,,,0.47864359617233276
random,mean,3,CLDN11,0.0,,0.6893591284751892
random,mean,3,STC2,,,0.27769914269447327
random,mean,3,UGT8,0.0,,0.42880889773368835
random,mean,3,SOX6,,,0.23558296263217926
random,mean,3,PDLIM4,,,0.277474582195282
random,mean,3,SEPT4,,,0.8613219261169434
random,mean,3,TLR7,,,0.11240994185209274
random,mean,3,EBF1,0.0,,0.15339574217796326
random,mean,3,FMO2,0.0,,0.09913778305053711
random,mean,3,RELN,,,0.3930746018886566
random,mean,3,VTI1A,,,0.21514351665973663
random,pca_ridge,3,PTGDS,0.3316579998010066,0.29382774410436197,0.907220184803009
random,pca_ridge,3,CD74,0.20331624379667063,0.16752961590974116,0.9154685139656067
random,pca_ridge,3,CCL19,0.029001581044425694,0.015805232460209036,0.18429705500602722
random,pca_ridge,3,COL3A1,0.1796856410224744,0.14646004581048275,0.5075474381446838
random,pca_ridge,3,CXCL14,0.17571491749044968,0.1365666115507633,0.9205121397972107
random,pca_ridge,3,ADH1B,0.07572794327755043,0.05678585835259423,0.3732362985610962
random,pca_ridge,3,TFF3,0.2195922947713675,0.220678895530217,0.8270555734634399
random,pca_ridge,3,POSTN,0.14164930318289487,0.12576111413118918,0.3687118589878082
random,pca_ridge,3,AQP1,0.2658826698898751,0.1711669522942798,0.35112279653549194
random,pca_ridge,3,ISG15,0.06866927204422982,0.08524646961724298,0.7057538628578186
random,pca_ridge,3,FDCSP,0.01103354267590377,0.00019719210963144702,0.12398093193769455
random,pca_ridge,3,CFD,0.0740167383445808,0.0648423429993291,0.5085585713386536
random,pca_ridge,3,FABP4,0.11346332124219284,0.08488037365312243,0.7478564381599426
random,pca_ridge,3,ADIRF,0.10607560688145129,0.07770401748191565,0.8333592414855957
random,pca_ridge,3,CCL21,0.004634813092092675,0.0064350197336227625,0.09121516346931458
random,pca_ridge,3,CD3D,0.012836409385916885,0.013567179301015758,0.0957968607544899
random,pca_ridge,3,CLDN5,0.052917627578024026,0.08616081215094815,0.5908827781677246
random,pca_ridge,3,IFIT2,0.07175130501433827,0.0630252891127633,0.2525336742401123
random,pca_ridge,3,PTN,0.0994778077434587,0.10741370175658796,0.8956499695777893
random,pca_ridge,3,S100B,0.3353395317268427,0.2712535582349314,0.9906657934188843
random,pca_ridge,3,ACTG2,0.0023368078225905345,-0.007912584995658898,0.09402478486299515
random,pca_ridge,3,FOS,0.10987159018582464,0.08326046870392079,0.4353226125240326
random,pca_ridge,3,ELN,0.028872360160554028,0.012504527105237705,0.20824328064918518
random,pca_ridge,3,NRP1,0.0024981496586746715,0.04469146943602715,0.26372814178466797
random,pca_ridge,3,MS4A4A,-0.0033140383617628315,0.004228510510116744,0.12366803735494614
random,pca_ridge,3,LMOD1,0.012198620350799026,0.006192909087302007,0.12160632014274597
random,pca_ridge,3,HBA2,0.09783068111365173,0.146342920801328,0.7534893751144409
random,pca_ridge,3,PPP1R14A,0.42994630820770674,0.2707631712725833,0.7464630007743835
random,pca_ridge,3,SLITRK6,0.049350786749147224,0.044443459014438205,0.1260901689529419
random,pca_ridge,3,ADD3,0.15721045962116698,0.1392867643595138,0.6601744890213013
random,pca_ridge,3,MIA,-0.011179551107392754,-0.012550788582942977,0.07015059888362885
random,pca_ridge,3,LTF,0.08433523494186781,0.08661826557790994,0.4728265702724457
random,pca_ridge,3,CST7,0.0076703380165035265,0.014199613744487739,0.0940728634595871
random,pca_ridge,3,TNF,0.03927316712673838,0.01497577836523947,0.06490576267242432
random,pca_ridge,3,NEXN,-0.022349738158239298,-0.005202465076853614,0.10831709206104279
random,pca_ridge,3,HBB,0.08515518874225264,0.1009338152607016,0.8352407813072205
random,pca_ridge,3,SP140L,0.014390569664911779,-0.0018334775183684146,0.11826933175325394
random,pca_ridge,3,CDKN1C,0.3046653641652123,0.19340281498117384,0.4172419309616089
random,pca_ridge,3,ITGB1,0.08549287903570776,0.09210134998543813,0.47745028138160706
random,pca_ridge,3,CLDN11,0.4622480174636005,0.28629201836882906,0.611312747001648
random,pca_ridge,3,STC2,0.04592509521919175,0.04953989555112567,0.27751806378364563
random,pca_ridge,3,UGT8,0.37957614740595713,0.2405166601745264,0.39680057764053345
random,pca_ridge,3,SOX6,0.009134670508330046,0.04790955435254524,0.2357719987630844
random,pca_ridge,3,PDLIM4,0.01994959425271753,0.015656674335704637,0.2775927484035492
random,pca_ridge,3,SEPT4,0.37960791605532074,0.2907170127371936,0.7968552708625793
random,pca_ridge,3,TLR7,0.0037377358268468434,0.014361441406467739,0.11248432099819183
random,pca_ridge,3,EBF1,0.00488666865687787,0.0045998712166012545,0.15350215137004852
random,pca_ridge,3,FMO2,0.005636847941245721,-8.951812940891003e-05,0.09925036877393723
random,pca_ridge,3,RELN,0.09517199918547595,0.049138592229958186,0.3915403485298157
random,pca_ridge,3,VTI1A,0.01572900223823966,0.059272312902899436,0.21529817581176758
random,spatial_knn,3,PTGDS,0.12060504259932926,0.11396795587460652,0.984948943901954
random,spatial_knn,3,CD74,0.1384877484908571,0.13461816768308563,0.9576287425270397
random,spatial_knn,3,CCL19,0.09164705811972175,0.0833987074418968,0.19020688006193015
random,spatial_knn,3,COL3A1,0.1354525694670945,0.1477115411349769,0.5316399012511929
random,spatial_knn,3,CXCL14,0.09945238086792765,0.08825629031596378,0.9627421440385989
random,spatial_knn,3,ADH1B,0.21113918616425234,0.19897608493230715,0.3770113599791905
random,spatial_knn,3,TFF3,0.2672856974864947,0.27851089897852077,0.8312058623921288
random,spatial_knn,3,POSTN,0.11608417004172333,0.10441741319273354,0.3835139961774638
random,spatial_knn,3,AQP1,0.16973095119301093,0.12491010597633806,0.3698500064203335
random,spatial_knn,3,ISG15,0.12174645552554962,0.11452465295656801,0.7236702011809438
random,spatial_knn,3,FDCSP,0.02974402355319885,0.034548840518508504,0.12798830810633965
random,spatial_knn,3,CFD,0.18569430821777633,0.16544472942892172,0.5101690301878843
random,spatial_knn,3,FABP4,0.44371873281088325,0.39628737836917194,0.681990704675685
random,spatial_knn,3,ADIRF,0.09242141140464705,0.1024585036542919,0.8688268253539299
random,spatial_knn,3,CCL21,0.020702056577134843,0.06141613249047013,0.09484732122396856
random,spatial_knn,3,CD3D,0.03881112418128284,0.016336585962767453,0.09867962433628011
random,spatial_knn,3,CLDN5,0.021604217630384857,0.027447526492695367,0.6165769991205355
random,spatial_knn,3,IFIT2,0.019482490241371872,0.027211999757962065,0.26431535312357973
random,spatial_knn,3,PTN,0.025927828974029954,0.023429987344484444,0.9442815520869968
random,spatial_knn,3,S100B,0.17750839260447387,0.1443864728481771,1.0617420339017647
random,spatial_knn,3,ACTG2,-0.006453060898425268,-0.0033451559094018523,0.10118644247633644
random,spatial_knn,3,FOS,0.02959342083002925,0.026393314844058192,0.45955429981131435
random,spatial_knn,3,ELN,0.01999461681567513,0.029173179780214838,0.2181128781917352
random,spatial_knn,3,NRP1,-0.013876129754918788,-0.012318933555400327,0.27882599689239995
random,spatial_knn,3,MS4A4A,-0.0008628279052278458,-0.0012730467159419749,0.12729503456236296
random,spatial_knn,3,LMOD1,0.001591395952159052,0.008023427028417946,0.1334826615225081
random,spatial_knn,3,HBA2,0.18511085890316104,0.14378622758399268,0.7659819865060248
random,spatial_knn,3,PPP1R14A,0.3011778875816785,0.21346353479140773,0.8025952927240344
random,spatial_knn,3,SLITRK6,0.0502572988453101,0.0749333767784522,0.1334592164760043
random,spatial_knn,3,ADD3,0.040868355270902226,0.038074625976638604,0.6976987281200949
random,spatial_knn,3,MIA,-0.005965095163219431,-0.008924253684704482,0.07468420834015913
random,spatial_knn,3,LTF,0.14740188208355354,0.15986003079613872,0.4832401922801759
random,spatial_knn,3,CST7,0.009885038071725413,0.03615874317231221,0.09649642942690714
random,spatial_knn,3,TNF,-0.004617520888097446,-0.006030452854088611,0.06715480216968138
random,spatial_knn,3,NEXN,-0.005238237870955241,0.0022102621051478632,0.1126868104470596
random,spatial_knn,3,HBB,0.3452283332419043,0.26331066695347255,0.7999825785448824
random,spatial_knn,3,SP140L,-0.0015900931946180286,-0.006686507584727918,0.12172870491709983
random,spatial_knn,3,CDKN1C,0.16408275819047663,0.13656521346752049,0.4447130106744662
random,spatial_knn,3,ITGB1,0.05241567487103945,0.041456159650014326,0.49836259487926665
random,spatial_knn,3,CLDN11,0.298428979179961,0.2053222821394511,0.6694512205747012
random,spatial_knn,3,STC2,0.04528455381757014,0.05652191749053542,0.2890211774443788
random,spatial_knn,3,UGT8,0.16885789874698875,0.13189185902094558,0.440536554888771
random,spatial_knn,3,SOX6,-0.011494899328146074,-0.024263439181912868,0.24921124043269466
random,spatial_knn,3,PDLIM4,-0.008141465215811865,-0.003348025667109018,0.291277052999193
random,spatial_knn,3,SEPT4,0.26434204432040787,0.20742724781552968,0.8471190302715937
random,spatial_knn,3,TLR7,-0.004689179317142701,-0.008010049955495735,0.1181796513118695
random,spatial_knn,3,EBF1,0.0022930997640417962,0.030770195407072837,0.16207532305182182
random,spatial_knn,3,FMO2,0.023003067981323615,0.03933316020729209,0.10526695289224793
random,spatial_knn,3,RELN,0.04739093939593547,0.06316449981767383,0.4105587301135568
random,spatial_knn,3,VTI1A,0.0018693328163819816,0.010701508433512037,0.22724553542875708
matched_hop0,mean,3,PTGDS,,,0.9812991619110107
matched_hop0,mean,3,CD74,,,0.9005571007728577
matched_hop0,mean,3,CCL19,,,0.1458822786808014
matched_hop0,mean,3,COL3A1,0.0,,0.5721233487129211
matched_hop0,mean,3,CXCL14,,,0.9186590313911438
matched_hop0,mean,3,ADH1B,,,0.49139437079429626
matched_hop0,mean,3,TFF3,,,0.9096719622612
matched_hop0,mean,3,POSTN,,,0.38747191429138184
matched_hop0,mean,3,AQP1,,,0.3604617118835449
matched_hop0,mean,3,ISG15,,,0.6715126037597656
matched_hop0,mean,3,FDCSP,,,0.12132732570171356
matched_hop0,mean,3,CFD,,,0.6104268431663513
matched_hop0,mean,3,FABP4,0.0,,0.9866137504577637
matched_hop0,mean,3,ADIRF,,,0.8748404383659363
matched_hop0,mean,3,CCL21,0.0,,0.09653768688440323
matched_hop0,mean,3,CD3D,,,0.07897204160690308
matched_hop0,mean,3,CLDN5,,,0.5621012449264526
matched_hop0,mean,3,IFIT2,,,0.23766441643238068
matched_hop0,mean,3,PTN,,,0.8811866044998169
matched_hop0,mean,3,S100B,0.0,,1.0470794439315796
matched_hop0,mean,3,ACTG2,0.0,,0.09472441673278809
matched_hop0,mean,3,FOS,,,0.456057071685791
matched_hop0,mean,3,ELN,,,0.2051936537027359
matched_hop0,mean,3,NRP1,,,0.2756789028644562
matched_hop0,mean,3,MS4A4A,,,0.11148334294557571
matched_hop0,mean,3,LMOD1,,,0.1164933368563652
matched_hop0,mean,3,HBA2,,,0.7610137462615967
matched_hop0,mean,3,PPP1R14A,,,0.8142162561416626
matched_hop0,mean,3,SLITRK6,,,0.1432340145111084
matched_hop0,mean,3,ADD3,,,0.6668785214424133
matched_hop0,mean,3,MIA,,,0.06869521737098694
matched_hop0,mean,3,LTF,0.0,,0.5313493013381958
matched_hop0,mean,3,CST7,,,0.05133252218365669
matched_hop0,mean,3,TNF,,,0.06365583091974258
matched_hop0,mean,3,NEXN,,,0.10644809156656265
matched_hop0,mean,3,HBB,,,0.8388010859489441
matched_hop0,mean,3,SP140L,,,0.10383892059326172
matched_hop0,mean,3,CDKN1C,,,0.4299403429031372
matched_hop0,mean,3,ITGB1,0.0,,0.49520143866539
matched_hop0,mean,3,CLDN11,0.0,,0.6718195676803589
matched_hop0,mean,3,STC2,0.0,,0.26009151339530945
matched_hop0,mean,3,UGT8,0.0,,0.43180549144744873
matched_hop0,mean,3,SOX6,0.0,,0.22873945534229279
matched_hop0,mean,3,PDLIM4,,,0.25974729657173157
matched_hop0,mean,3,SEPT4,,,0.8480606079101562
matched_hop0,mean,3,TLR7,,,0.09867161512374878
matched_hop0,mean,3,EBF1,,,0.15509150922298431
matched_hop0,mean,3,FMO2,,,0.12427827715873718
matched_hop0,mean,3,RELN,0.0,,0.38852551579475403
matched_hop0,mean,3,VTI1A,,,0.21874164044857025
matched_hop0,pca_ridge,3,PTGDS,0.2757977133993653,0.29449459735289585,0.9440339207649231
matched_hop0,pca_ridge,3,CD74,0.16571642807745643,0.13951800434809533,0.8908051252365112
matched_hop0,pca_ridge,3,CCL19,0.01727506702247494,-0.0038534937475471613,0.1463117003440857
matched_hop0,pca_ridge,3,COL3A1,0.1611438863418151,0.11426685012765503,0.5644900798797607
matched_hop0,pca_ridge,3,CXCL14,0.15519489787520113,0.11771138442522851,0.9076353907585144
matched_hop0,pca_ridge,3,ADH1B,-0.004586903027805867,0.03843279058499525,0.4915381073951721
matched_hop0,pca_ridge,3,TFF3,0.16997324779601114,0.17046590265516873,0.89640212059021
matched_hop0,pca_ridge,3,POSTN,0.11617556256965215,0.10010100561914953,0.3852260410785675
matched_hop0,pca_ridge,3,AQP1,0.19747336614320146,0.1389043482842693,0.3545764982700348
matched_hop0,pca_ridge,3,ISG15,0.0636559322284813,0.06824110907514637,0.6699637174606323
matched_hop0,pca_ridge,3,FDCSP,0.022130771883785594,0.016929736525551044,0.12132484465837479
matched_hop0,pca_ridge,3,CFD,0.0059825141469100115,0.03750083320557092,0.6106013059616089
matched_hop0,pca_ridge,3,FABP4,0.005947289873722396,0.03350372534485299,0.9859417080879211
matched_hop0,pca_ridge,3,ADIRF,0.08738756939557714,0.06828378131540909,0.8714541792869568
matched_hop0,pca_ridge,3,CCL21,0.012781630366509483,0.004553109496770497,0.09656959772109985
matched_hop0,pca_ridge,3,CD3D,0.0030515993647557407,-0.0025035694269749495,0.07911188900470734
matched_hop0,pca_ridge,3,CLDN5,0.044199720073174256,0.076974312866929,0.5619535446166992
matched_hop0,pca_ridge,3,IFIT2,0.045865710125778766,0.0483225203491972,0.23785972595214844
matched_hop0,pca_ridge,3,PTN,0.13333111066605227,0.1426435109151172,0.8736234307289124
matched_hop0,pca_ridge,3,S100B,0.2742380012916239,0.26729515157978323,1.009085774421692
matched_hop0,pca_ridge,3,ACTG2,-0.002352409596469338,-0.006095070493387106,0.09501161426305771
matched_hop0,pca_ridge,3,FOS,0.08523767295205832,0.082009769358677,0.4545042812824249
matched_hop0,pca_ridge,3,ELN,0.02131396522743561,-0.006316034448830488,0.20541583001613617
matched_hop0,pca_ridge,3,NRP1,0.030604525068846124,0.05627295197353346,0.27562326192855835
matched_hop0,pca_ridge,3,MS4A4A,-0.00033598459093726223,0.0052836735090755794,0.11160178482532501
matched_hop0,pca_ridge,3,LMOD1,0.014483740782062375,0.002118593299926388,0.11660883575677872
matched_hop0,pca_ridge,3,HBA2,0.11179399281501469,0.15145827308181292,0.7562721371650696
matched_hop0,pca_ridge,3,PPP1R14A,0.3279939388003112,0.23426520505740187,0.7718552350997925
matched_hop0,pca_ridge,3,SLITRK6,0.03734235336611662,0.04199129387752266,0.14323805272579193
matched_hop0,pca_ridge,3,ADD3,0.11030847319369301,0.10770514434880327,0.6628828048706055
matched_hop0,pca_ridge,3,MIA,-0.011496213571133453,-0.008044328038591323,0.06882468611001968
matched_hop0,pca_ridge,3,LTF,0.06767042458204349,0.06525109746513762,0.5303743481636047
matched_hop0,pca_ridge,3,CST7,0.009919785236868258,0.015113797613887817,0.051453813910484314
matched_hop0,pca_ridge,3,TNF,0.021128561262226103,0.02055455932938569,0.06364937871694565
matched_hop0,pca_ridge,3,NEXN,-0.02094508838598354,-0.02154814923857328,0.10662500560283661
matched_hop0,pca_ridge,3,HBB,0.09061250213271227,0.09827289155349007,0.835319459438324
matched_hop0,pca_ridge,3,SP140L,0.01611908834800631,0.008937672383125773,0.10387124121189117
matched_hop0,pca_ridge,3,CDKN1C,0.1903556081111915,0.1458409440956519,0.424530953168869
matched_hop0,pca_ridge,3,ITGB1,0.065101287339071,0.06786178646262331,0.4949284493923187
matched_hop0,pca_ridge,3,CLDN11,0.3470227763068025,0.24197515572836975,0.6327337622642517
matched_hop0,pca_ridge,3,STC2,0.0638749386354994,0.06469682989198186,0.2595981955528259
matched_hop0,pca_ridge,3,UGT8,0.2435058267950073,0.18257522267664023,0.42105191946029663
matched_hop0,pca_ridge,3,SOX6,0.005107216847282386,0.017913199218731326,0.2289680391550064
matched_hop0,pca_ridge,3,PDLIM4,0.002460819613696679,0.0021907774283481556,0.26021280884742737
matched_hop0,pca_ridge,3,SEPT4,0.2804805700324437,0.22529156164209335,0.8160709738731384
matched_hop0,pca_ridge,3,TLR7,0.0007259118474896094,0.007000851244725114,0.09879658371210098
matched_hop0,pca_ridge,3,EBF1,-0.007430653346779952,-0.00645378553240966,0.1553231030702591
matched_hop0,pca_ridge,3,FMO2,0.00842876717566928,0.006511375409212358,0.12431363016366959
matched_hop0,pca_ridge,3,RELN,0.10616079734065832,0.0686454162172944,0.3862631022930145
matched_hop0,pca_ridge,3,VTI1A,0.017766671874228483,0.04908451421059148,0.21888358891010284
matched_hop0,spatial_knn,3,PTGDS,0.038374908759688596,0.0361025600242875,1.006113761790871
matched_hop0,spatial_knn,3,CD74,0.09056710602244929,0.06888545635043661,0.9082845396113906
matched_hop0,spatial_knn,3,CCL19,0.05041338177152168,0.054686415105758134,0.15423413417623855
matched_hop0,spatial_knn,3,COL3A1,0.14478029526673114,0.13682961717537986,0.5824211297445239
matched_hop0,spatial_knn,3,CXCL14,0.12698550868529956,0.12435943702647195,0.9366679289383978
matched_hop0,spatial_knn,3,ADH1B,0.15379193819057402,0.1276748380117964,0.48692088518154775
matched_hop0,spatial_knn,3,TFF3,0.13759117056605902,0.12869002342642125,0.9498478620096907
matched_hop0,spatial_knn,3,POSTN,0.06649140117810608,0.05758738906736079,0.3903322346507643
matched_hop0,spatial_knn,3,AQP1,0.11555199525920495,0.09972782132917979,0.3711716451325594
matched_hop0,spatial_knn,3,ISG15,0.05569793422042633,0.06536129095792845,0.6735823925757076
matched_hop0,spatial_knn,3,FDCSP,-0.005436055789558955,-0.005831834767362198,0.12178761239395078
matched_hop0,spatial_knn,3,CFD,0.08348234241802198,0.09763112152161357,0.6115323033036065
matched_hop0,spatial_knn,3,FABP4,0.2541141773474055,0.2582817239182379,0.9686690533434691
matched_hop0,spatial_knn,3,ADIRF,0.10949906981556098,0.1028084787015251,0.8869819454918227
matched_hop0,spatial_knn,3,CCL21,0.05101200797621689,0.037150914246955845,0.09657409580197371
matched_hop0,spatial_knn,3,CD3D,0.0031440443854755095,0.002400337984078382,0.08072888783561985
matched_hop0,spatial_knn,3,CLDN5,-0.0010386114824371881,0.0015060700755857295,0.5877723563203342
matched_hop0,spatial_knn,3,IFIT2,0.0032803626186285973,0.007334634810625391,0.24790062353415532
matched_hop0,spatial_knn,3,PTN,0.030825321013392255,0.03522886572032264,0.910117504078255
matched_hop0,spatial_knn,3,S100B,0.11698853961426396,0.1302509927882012,1.0700600977340027
matched_hop0,spatial_knn,3,ACTG2,-0.0003604979586361226,0.00057073004866629,0.095877918992235
matched_hop0,spatial_knn,3,FOS,-0.0003348662277844884,0.002348336466327765,0.463925248966612
matched_hop0,spatial_knn,3,ELN,-0.02380669612007395,-0.024125255800484455,0.20850079935784574
matched_hop0,spatial_knn,3,NRP1,0.02641856051130107,0.031793637040098084,0.2801257497425637
matched_hop0,spatial_knn,3,MS4A4A,-0.00942715319920909,-0.007976225508380851,0.11423890323468883
matched_hop0,spatial_knn,3,LMOD1,-0.0034914005823752777,0.003840687028763857,0.11786644796641285
matched_hop0,spatial_knn,3,HBA2,0.18958128079709005,0.15804718107322527,0.7762406290535802
matched_hop0,spatial_knn,3,PPP1R14A,0.23482736569526486,0.19806999990927696,0.8384484314724094
matched_hop0,spatial_knn,3,SLITRK6,0.008920977161730606,0.020452086242766027,0.14383178996934626
matched_hop0,spatial_knn,3,ADD3,0.002326444256931746,0.010138899725753006,0.6867819724442438
matched_hop0,spatial_knn,3,MIA,-0.0006661416631075896,-0.0007178503854663524,0.06875445634222628
matched_hop0,spatial_knn,3,LTF,0.05289673512634073,0.053013917358196626,0.5418681252087069
matched_hop0,spatial_knn,3,CST7,0.0,,0.051302872805306515
matched_hop0,spatial_knn,3,TNF,-0.0016398853223376151,-0.0017376158330550085,0.06380562974200875
matched_hop0,spatial_knn,3,NEXN,-0.007645998474591763,-0.00841381759189564,0.10703932178990641
matched_hop0,spatial_knn,3,HBB,0.3065958908249459,0.23662869110785117,0.8461838999238317
matched_hop0,spatial_knn,3,SP140L,0.0016446767545008133,0.005107112541893184,0.10437733950994067
matched_hop0,spatial_knn,3,CDKN1C,0.05634492433496644,0.050534147993049026,0.4546797757120403
matched_hop0,spatial_knn,3,ITGB1,0.022401938946480508,0.013757187999226064,0.5068998175404889
matched_hop0,spatial_knn,3,CLDN11,0.23162616949928086,0.18631076615697334,0.6769931013654192
matched_hop0,spatial_knn,3,STC2,0.015777280479263193,0.013039099556312201,0.2653306539055962
matched_hop0,spatial_knn,3,UGT8,0.11695265872549662,0.1025601498980521,0.4339505834151932
matched_hop0,spatial_knn,3,SOX6,0.014233269441713974,0.01298691567875181,0.23280703789216664
matched_hop0,spatial_knn,3,PDLIM4,0.008916334639736496,0.009560427020754278,0.2661574273597477
matched_hop0,spatial_knn,3,SEPT4,0.18957999800484546,0.1609978102035301,0.8581926396887348
matched_hop0,spatial_knn,3,TLR7,-0.007540682063116978,-0.008033639435811441,0.09918901413641522
matched_hop0,spatial_knn,3,EBF1,-0.020717174806714818,-0.01897142617934593,0.16098102386478805
matched_hop0,spatial_knn,3,FMO2,0.013999457839992398,0.012668020852701625,0.12805438056053087
matched_hop0,spatial_knn,3,RELN,0.06674130507623326,0.05475941058514497,0.3957502004501947
matched_hop0,spatial_knn,3,VTI1A,0.009133603754178899,0.007267535315913196,0.22871571929813117
random,mean,4,PTGDS,0.0,,0.9353518486022949
random,mean,4,CD74,,,0.9214428067207336
random,mean,4,CCL19,0.0,,0.181290403008461
random,mean,4,COL3A1,,,0.5392941236495972
random,mean,4,CXCL14,,,0.9026961326599121
random,mean,4,ADH1B,,,0.3954831659793854
random,mean,4,TFF3,,,0.8587390780448914
random,mean,4,POSTN,,,0.35705384612083435
random,mean,4,AQP1,,,0.3400540053844452
random,mean,4,ISG15,,,0.6895663142204285
random,mean,4,FDCSP,0.0,,0.12712542712688446
random,mean,4,CFD,0.0,,0.4988496005535126
random,mean,4,FABP4,,,0.760498046875
random,mean,4,ADIRF,,,0.8430620431900024
random,mean,4,CCL21,0.0,,0.11807186156511307
random,mean,4,CD3D,0.0,,0.11463207006454468
random,mean,4,CLDN5,0.0,,0.571399450302124
random,mean,4,IFIT2,0.0,,0.23080576956272125
random,mean,4,PTN,0.0,,0.8902654051780701
random,mean,4,S100B,0.0,,1.0407016277313232
random,mean,4,ACTG2,0.0,,0.10757332295179367
random,mean,4,FOS,,,0.4343124330043793
random,mean,4,ELN,,,0.23103277385234833
random,mean,4,NRP1,0.0,,0.24693088233470917
random,mean,4,MS4A4A,,,0.12787330150604248
random,mean,4,LMOD1,,,0.11790736764669418
random,mean,4,HBA2,0.0,,0.7402510643005371
random,mean,4,PPP1R14A,,,0.8107276558876038
random,mean,4,SLITRK6,0.0,,0.11961095035076141
random,mean,4,ADD3,0.0,,0.6701469421386719
random,mean,4,MIA,,,0.04093223810195923
random,mean,4,LTF,,,0.5136507749557495
random,mean,4,CST7,0.0,,0.08810627460479736
random,mean,4,TNF,0.0,,0.05441990867257118
random,mean,4,NEXN,,,0.09949497878551483
random,mean,4,HBB,0.0,,0.8430569171905518
random,mean,4,SP140L,0.0,,0.07987841963768005
random,mean,4,CDKN1C,0.0,,0.4293774366378784
random,mean,4,ITGB1,,,0.46566781401634216
random,mean,4,CLDN11,,,0.6698804497718811
random,mean,4,STC2,,,0.2785322368144989
random,mean,4,UGT8,,,0.4216518998146057
random,mean,4,SOX6,,,0.2381196767091751
random,mean,4,PDLIM4,0.0,,0.26678794622421265
random,mean,4,SEPT4,,,0.8524066805839539
random,mean,4,TLR7,,,0.08459159731864929
random,mean,4,EBF1,0.0,,0.1581888347864151
random,mean,4,FMO2,0.0,,0.11379566043615341
random,mean,4,RELN,0.0,,0.3616986870765686
random,mean,4,VTI1A,,,0.2220887392759323
random,pca_ridge,4,PTGDS,0.32270150872492775,0.28801608554679575,0.885299563407898
random,pca_ridge,4,CD74,0.18582831286380158,0.15979154603178355,0.9055735468864441
random,pca_ridge,4,CCL19,0.007424774374254822,0.004700645243655604,0.1816355288028717
random,pca_ridge,4,COL3A1,0.17525939650778138,0.14159024921652347,0.5309680700302124
random,pca_ridge,4,CXCL14,0.1384441642150213,0.09781912161265427,0.8944860100746155
random,pca_ridge,4,ADH1B,0.07985983404759713,0.05388295369069797,0.39422503113746643
random,pca_ridge,4,TFF3,0.19112716146063685,0.19292843422411493,0.8429858088493347
random,pca_ridge,4,POSTN,0.12255570826523274,0.10056895877878995,0.3545733690261841
random,pca_ridge,4,AQP1,0.2644161626969418,0.178547974632532,0.3280588388442993
random,pca_ridge,4,ISG15,0.05531811350219858,0.0719841779011613,0.68875652551651
random,pca_ridge,4,FDCSP,0.03583989496691922,0.023027002134125438,0.12704424560070038
random,pca_ridge,4,CFD,0.07576823223260698,0.04677131665791669,0.4974743127822876
random,pca_ridge,4,FABP4,0.14261659433666085,0.11306630283588766,0.7527628540992737
random,pca_ridge,4,ADIRF,0.13338297276078967,0.1156288475141627,0.8356638550758362
random,pca_ridge,4,CCL21,-0.004250489096657536,-0.0005496054975549985,0.11813119798898697
random,pca_ridge,4,CD3D,-0.00497164625822076,-0.00589148490666774,0.11472107470035553
random,pca_ridge,4,CLDN5,0.07180237735108613,0.10665467363276548,0.5699283480644226
random,pca_ridge,4,IFIT2,0.08237858570569301,0.06706574761578028,0.2300744354724884
random,pca_ridge,4,PTN,0.08688544456747609,0.08359354500812884,0.8873562812805176
random,pca_ridge,4,S100B,0.3379967502948671,0.277043823369221,0.979361891746521
random,pca_ridge,4,ACTG2,0.0106756801452412,0.009449658151699398,0.10767342150211334
random,pca_ridge,4,FOS,0.11204895080214755,0.09605369630476221,0.4315888285636902
random,pca_ridge,4,ELN,0.058177397276892445,0.029757181475103343,0.2306448221206665
random,pca_ridge,4,NRP1,0.030230356882781022,0.05400153171356827,0.24693845212459564
random,pca_ridge,4,MS4A4A,0.006280650312218522,0.007924853970704282,0.12792107462882996
random,pca_ridge,4,LMOD1,0.014056205132391402,0.012823404072976363,0.11800452321767807
random,pca_ridge,4,HBA2,0.09617098697335291,0.1449053501415624,0.736833930015564
random,pca_ridge,4,PPP1R14A,0.3997161520767877,0.2583363467462082,0.7433931231498718
random,pca_ridge,4,SLITRK6,0.038208757883928926,0.047685480305662435,0.119654580950737
random,pca_ridge,4,ADD3,0.14275405761274565,0.1360357210875161,0.663366973400116
random,pca_ridge,4,MIA,0.00987938092397413,0.014640643820691504,0.04102105647325516
random,pca_ridge,4,LTF,0.09536951736649998,0.1042114884761699,0.5113688707351685
random,pca_ridge,4,CST7,0.034521919275594636,0.02928522493119453,0.08805423229932785
random,pca_ridge,4,TNF,0.014001774861234318,0.010151004475361172,0.05444500222802162
random,pca_ridge,4,NEXN,-0.007404575864045608,-0.004790899455922852,0.09961714595556259
random,pca_ridge,4,HBB,0.09568550176493662,0.10452598995102297,0.8392017483711243
random,pca_ridge,4,SP140L,0.02090033341925976,0.026263473718287886,0.07992549240589142
random,pca_ridge,4,CDKN1C,0.2639721178737161,0.17669261465795894,0.4143732488155365
random,pca_ridge,4,ITGB1,0.10357227341184598,0.09156094317819197,0.4633125364780426
random,pca_ridge,4,CLDN11,0.4229602056969878,0.2546672040146227,0.6072118282318115
random,pca_ridge,4,STC2,0.06574703816766231,0.05898280674594787,0.27793827652931213
random,pca_ridge,4,UGT8,0.3133202709594424,0.18569200326782873,0.40085044503211975
random,pca_ridge,4,SOX6,0.026552044299828294,0.040667079934167266,0.23810048401355743
random,pca_ridge,4,PDLIM4,-0.006747740355890202,-0.009225339542839708,0.2673279047012329
random,pca_ridge,4,SEPT4,0.33635830409718676,0.2533736072465036,0.8029959797859192
random,pca_ridge,4,TLR7,0.0075314815704457475,0.0030909803288959306,0.08470218628644943
random,pca_ridge,4,EBF1,-0.0023747538317396887,-0.0009003505169242592,0.15834206342697144
random,pca_ridge,4,FMO2,-0.012886714848657062,-0.009145358048295821,0.1139538586139679
random,pca_ridge,4,RELN,0.11031518105263446,0.06499127013775854,0.35954901576042175
random,pca_ridge,4,VTI1A,0.010230953522601274,0.04972285467991343,0.2223266214132309
random,spatial_knn,4,PTGDS,0.09651237933058202,0.10404238376977354,0.9713570412773012
random,spatial_knn,4,CD74,0.13953810136826067,0.13163330341046245,0.9427109485636713
random,spatial_knn,4,CCL19,0.13860451127189227,0.09456724246289457,0.18575409086704772
random,spatial_knn,4,COL3A1,0.15727061949083876,0.1551723123305899,0.5465525207448924
random,spatial_knn,4,CXCL14,0.07589927284285054,0.05448024371432664,0.9426543750894818
random,spatial_knn,4,ADH1B,0.20536592965853273,0.19282733257107687,0.3969862404785305
random,spatial_knn,4,TFF3,0.21678529393204715,0.22629741025208094,0.8604719735822995
random,spatial_knn,4,POSTN,0.08001344646188938,0.0824753991988385,0.37275797928300974
random,spatial_knn,4,AQP1,0.1278664714210994,0.12126665625836384,0.3518613517189628
random,spatial_knn,4,ISG15,0.0770714576156667,0.08094058981690434,0.7180701473840098
random,spatial_knn,4,FDCSP,0.08084345325657477,0.08954263947986128,0.1309156751746624
random,spatial_knn,4,CFD,0.18283408090464193,0.16227836428563172,0.5034681847846009
random,spatial_knn,4,FABP4,0.462026355071424,0.4136084629135538,0.6810018244490881
random,spatial_knn,4,ADIRF,0.09583705290445967,0.09425902778449301,0.8707111127110425
random,spatial_knn,4,CCL21,0.002413527163615704,0.0017693835965771286,0.12092256538750769
random,spatial_knn,4,CD3D,0.06774015171650324,0.04752612760940105,0.11730140099754421
random,spatial_knn,4,CLDN5,0.005713927378868183,0.010071635803257083,0.6024089240914188
random,spatial_knn,4,IFIT2,0.02701192831165785,0.0200876399849344,0.24150485094389482
random,spatial_knn,4,PTN,0.03612800242486522,0.02995103778089281,0.9309547873962387
random,spatial_knn,4,S100B,0.13140656520758207,0.11132914071490288,1.071275612971742
random,spatial_knn,4,ACTG2,0.006118518253527258,-0.006781982768769682,0.113884896332375
random,spatial_knn,4,FOS,0.029694386096394465,0.029823036398886116,0.45392108118364216
random,spatial_knn,4,ELN,-0.00854237596855702,0.00701779478997691,0.243509601215817
random,spatial_knn,4,NRP1,-0.005174159964512369,0.01383086782293998,0.2645602841544984
random,spatial_knn,4,MS4A4A,-0.010549248586856486,-0.012913769970253671,0.13250373503891927
random,spatial_knn,4,LMOD1,0.003046273881272501,0.01220776785732088,0.12582130518685278
random,spatial_knn,4,HBA2,0.18122788017216387,0.13940637621818855,0.7525329949557843
random,spatial_knn,4,PPP1R14A,0.26835618892861113,0.18621505488451542,0.7984437617478244
random,spatial_knn,4,SLITRK6,0.025120573019134874,0.05626791134555197,0.12657904769309272
random,spatial_knn,4,ADD3,0.04280148704660587,0.04347381377893461,0.6990922261736202
random,spatial_knn,4,MIA,-0.00485551339958549,-0.0062475378965104675,0.046218449427801137
random,spatial_knn,4,LTF,0.11285943851735485,0.13147010905103207,0.5278843462573617
random,spatial_knn,4,CST7,0.019446166870304794,0.012842019146104056,0.09018928740203458
random,spatial_knn,4,TNF,-0.0032926884755591175,-0.005525227129831109,0.05844587706628964
random,spatial_knn,4,NEXN,-0.009258310894238642,0.0013824419670222792,0.10560188157278357
random,spatial_knn,4,HBB,0.3386323132548784,0.2549601522500777,0.8063125813908553
random,spatial_knn,4,SP140L,-0.006033875040337743,-0.0011947407408550968,0.08751672880525553
random,spatial_knn,4,CDKN1C,0.12279792515418908,0.09580506753540365,0.44306341302332874
random,spatial_knn,4,ITGB1,0.04099089780773311,0.03138466763263825,0.4876347309890871
random,spatial_knn,4,CLDN11,0.27319115965117957,0.18657967140498682,0.659932587032513
random,spatial_knn,4,STC2,0.018161635495923645,0.032324099392051955,0.2936410009335184
random,spatial_knn,4,UGT8,0.18076205212594937,0.12719653552601665,0.4290246796309728
random,spatial_knn,4,SOX6,0.000512980514291851,0.008401558823226069,0.24898560228926112
random,spatial_knn,4,PDLIM4,0.007235366470230974,0.005497039552981398,0.2801993674197706
random,spatial_knn,4,SEPT4,0.22544072710263047,0.1768743482080397,0.8516249127307288
random,spatial_knn,4,TLR7,-0.011467857104479087,-0.01671730725683457,0.09167343888105906
random,spatial_knn,4,EBF1,0.014442472221222885,0.009171232466378913,0.16547528050357452
random,spatial_knn,4,FMO2,-0.008744689612012076,-0.009527305683798093,0.11968009146972282
random,spatial_knn,4,RELN,0.0705048424021333,0.051342649206552904,0.3801636796806328
random,spatial_knn,4,VTI1A,0.01716211899849801,0.02508704865788143,0.2320806305859081
matched_hop0,mean,4,PTGDS,,,0.9812991619110107
matched_hop0,mean,4,CD74,,,0.9005571007728577
matched_hop0,mean,4,CCL19,,,0.1458822786808014
matched_hop0,mean,4,COL3A1,0.0,,0.5721233487129211
matched_hop0,mean,4,CXCL14,,,0.9186590313911438
matched_hop0,mean,4,ADH1B,,,0.49139437079429626
matched_hop0,mean,4,TFF3,,,0.9096719622612
matched_hop0,mean,4,POSTN,,,0.38747191429138184
matched_hop0,mean,4,AQP1,,,0.3604617118835449
matched_hop0,mean,4,ISG15,,,0.6715126037597656
matched_hop0,mean,4,FDCSP,,,0.12132732570171356
matched_hop0,mean,4,CFD,,,0.6104268431663513
matched_hop0,mean,4,FABP4,0.0,,0.9866137504577637
matched_hop0,mean,4,ADIRF,,,0.8748404383659363
matched_hop0,mean,4,CCL21,0.0,,0.09653768688440323
matched_hop0,mean,4,CD3D,,,0.07897204160690308
matched_hop0,mean,4,CLDN5,,,0.5621012449264526
matched_hop0,mean,4,IFIT2,,,0.23766441643238068
matched_hop0,mean,4,PTN,,,0.8811866044998169
matched_hop0,mean,4,S100B,0.0,,1.0470794439315796
matched_hop0,mean,4,ACTG2,0.0,,0.09472441673278809
matched_hop0,mean,4,FOS,,,0.456057071685791
matched_hop0,mean,4,ELN,,,0.2051936537027359
matched_hop0,mean,4,NRP1,,,0.2756789028644562
matched_hop0,mean,4,MS4A4A,,,0.11148334294557571
matched_hop0,mean,4,LMOD1,,,0.1164933368563652
matched_hop0,mean,4,HBA2,,,0.7610137462615967
matched_hop0,mean,4,PPP1R14A,,,0.8142162561416626
matched_hop0,mean,4,SLITRK6,,,0.1432340145111084
matched_hop0,mean,4,ADD3,,,0.6668785214424133
matched_hop0,mean,4,MIA,,,0.06869521737098694
matched_hop0,mean,4,LTF,0.0,,0.5313493013381958
matched_hop0,mean,4,CST7,,,0.05133252218365669
matched_hop0,mean,4,TNF,,,0.06365583091974258
matched_hop0,mean,4,NEXN,,,0.10644809156656265
matched_hop0,mean,4,HBB,,,0.8388010859489441
matched_hop0,mean,4,SP140L,,,0.10383892059326172
matched_hop0,mean,4,CDKN1C,,,0.4299403429031372
matched_hop0,mean,4,ITGB1,0.0,,0.49520143866539
matched_hop0,mean,4,CLDN11,0.0,,0.6718195676803589
matched_hop0,mean,4,STC2,0.0,,0.26009151339530945
matched_hop0,mean,4,UGT8,0.0,,0.43180549144744873
matched_hop0,mean,4,SOX6,0.0,,0.22873945534229279
matched_hop0,mean,4,PDLIM4,,,0.25974729657173157
matched_hop0,mean,4,SEPT4,,,0.8480606079101562
matched_hop0,mean,4,TLR7,,,0.09867161512374878
matched_hop0,mean,4,EBF1,,,0.15509150922298431
matched_hop0,mean,4,FMO2,,,0.12427827715873718
matched_hop0,mean,4,RELN,0.0,,0.38852551579475403
matched_hop0,mean,4,VTI1A,,,0.21874164044857025
matched_hop0,pca_ridge,4,PTGDS,0.27642813774008346,0.29589810444108394,0.9438307285308838
matched_hop0,pca_ridge,4,CD74,0.1669198673541899,0.14042899609357293,0.8905450105667114
matched_hop0,pca_ridge,4,CCL19,0.013518888225559996,-0.00622671717455525,0.14634625613689423
matched_hop0,pca_ridge,4,COL3A1,0.16043122396548717,0.1142658537398774,0.5645544528961182
matched_hop0,pca_ridge,4,CXCL14,0.1495866202177104,0.11194249942820216,0.9084441065788269
matched_hop0,pca_ridge,4,ADH1B,0.00016277476414771553,0.042864843233897006,0.49148327112197876
matched_hop0,pca_ridge,4,TFF3,0.17169341002238891,0.1715915510669332,0.8960562944412231
matched_hop0,pca_ridge,4,POSTN,0.11617949444361615,0.1003509687780895,0.38524943590164185
matched_hop0,pca_ridge,4,AQP1,0.1983031558792039,0.14010345558849432,0.35452622175216675
matched_hop0,pca_ridge,4,ISG15,0.06023073872115955,0.06524981112902035,0.6700552701950073
matched_hop0,pca_ridge,4,FDCSP,0.023223800265304174,0.015490195862810006,0.12131864577531815
matched_hop0,pca_ridge,4,CFD,0.0059485789566778935,0.03807143813132377,0.6106671094894409
matched_hop0,pca_ridge,4,FABP4,0.013197263016171813,0.04388867304760875,0.9856249094009399
matched_hop0,pca_ridge,4,ADIRF,0.08343863537440184,0.06432161612023234,0.8718932271003723
matched_hop0,pca_ridge,4,CCL21,0.014066302941317005,0.006723781150644146,0.09656713902950287
matched_hop0,pca_ridge,4,CD3D,0.004052383237066616,-0.0009164802130073288,0.07910118252038956
matched_hop0,pca_ridge,4,CLDN5,0.04531170674351297,0.0793517579493208,0.561901330947876
matched_hop0,pca_ridge,4,IFIT2,0.04802723167486538,0.05010940711063258,0.23780041933059692
matched_hop0,pca_ridge,4,PTN,0.13648438143800537,0.14444125386063103,0.8732690215110779
matched_hop0,pca_ridge,4,S100B,0.2769540519762733,0.27078328442586486,1.0081746578216553
matched_hop0,pca_ridge,4,ACTG2,-0.0042215788372341944,-0.00657176828678778,0.09503962099552155
matched_hop0,pca_ridge,4,FOS,0.08789564956726259,0.08371869585080892,0.4543814957141876
matched_hop0,pca_ridge,4,ELN,0.02209874345118094,-0.0012660985657075284,0.2054273933172226
matched_hop0,pca_ridge,4,NRP1,0.03165384449432664,0.05665728741688852,0.2756038010120392
matched_hop0,pca_ridge,4,MS4A4A,0.010096545175749158,0.017651326354105733,0.11153110861778259
matched_hop0,pca_ridge,4,LMOD1,0.016378374873187617,0.007764105885317652,0.11659841984510422
matched_hop0,pca_ridge,4,HBA2,0.11385355261009021,0.154947893444691,0.7561473250389099
matched_hop0,pca_ridge,4,PPP1R14A,0.3288704774290656,0.2358113505868304,0.771580696105957
matched_hop0,pca_ridge,4,SLITRK6,0.03850237637711621,0.04437659768244678,0.1432233452796936
matched_hop0,pca_ridge,4,ADD3,0.11013591823759376,0.10875925350181666,0.662900447845459
matched_hop0,pca_ridge,4,MIA,-0.008957564599689032,-0.006409861337736094,0.06881442666053772
matched_hop0,pca_ridge,4,LTF,0.06894960188960102,0.06676258866870338,0.5302765369415283
matched_hop0,pca_ridge,4,CST7,0.01193294896397416,0.013113455811624103,0.051449380815029144
matched_hop0,pca_ridge,4,TNF,0.018457903560231123,0.018184216185968,0.06365682184696198
matched_hop0,pca_ridge,4,NEXN,-0.015797318405606726,-0.015404297716900144,0.10659084469079971
matched_hop0,pca_ridge,4,HBB,0.08897497605390989,0.09652525497564146,0.8354487419128418
matched_hop0,pca_ridge,4,SP140L,0.020385106612676195,0.012685834010447034,0.10385093092918396
matched_hop0,pca_ridge,4,CDKN1C,0.19002163666448124,0.14598214700594986,0.4246259331703186
matched_hop0,pca_ridge,4,ITGB1,0.06651776210638996,0.06952057420166698,0.4948587715625763
matched_hop0,pca_ridge,4,CLDN11,0.3476865156282117,0.24249851459061214,0.6325545907020569
matched_hop0,pca_ridge,4,STC2,0.06416354406255409,0.06466038881578881,0.25958412885665894
matched_hop0,pca_ridge,4,UGT8,0.24387618311990145,0.18316307685557712,0.4210156798362732
matched_hop0,pca_ridge,4,SOX6,0.007492096640147981,0.021184922759747038,0.2289406806230545
matched_hop0,pca_ridge,4,PDLIM4,0.004066499631651654,0.0008538532007103552,0.2602004408836365
matched_hop0,pca_ridge,4,SEPT4,0.2815433264810735,0.22633118427627824,0.8157621622085571
matched_hop0,pca_ridge,4,TLR7,-0.0020845700982675894,0.005095867917556872,0.09880640357732773
matched_hop0,pca_ridge,4,EBF1,-0.008442066751361728,-0.006022530165641606,0.1553165763616562
matched_hop0,pca_ridge,4,FMO2,0.005741006329421445,0.0044911651403072884,0.12432488054037094
matched_hop0,pca_ridge,4,RELN,0.10662664126938397,0.07134844834617007,0.38624563813209534
matched_hop0,pca_ridge,4,VTI1A,0.018678344627621097,0.04897354030876795,0.218871608376503
matched_hop0,spatial_knn,4,PTGDS,0.038374908759688596,0.0361025600242875,1.006113761790871
matched_hop0,spatial_knn,4,CD74,0.09056710602244929,0.06888545635043661,0.9082845396113906
matched_hop0,spatial_knn,4,CCL19,0.05041338177152168,0.054686415105758134,0.15423413417623855
matched_hop0,spatial_knn,4,COL3A1,0.14478029526673114,0.13682961717537986,0.5824211297445239
matched_hop0,spatial_knn,4,CXCL14,0.12698550868529956,0.12435943702647195,0.9366679289383978
matched_hop0,spatial_knn,4,ADH1B,0.15379193819057402,0.1276748380117964,0.48692088518154775
matched_hop0,spatial_knn,4,TFF3,0.13759117056605902,0.12869002342642125,0.9498478620096907
matched_hop0,spatial_knn,4,POSTN,0.06649140117810608,0.05758738906736079,0.3903322346507643
matched_hop0,spatial_knn,4,AQP1,0.11555199525920495,0.09972782132917979,0.3711716451325594
matched_hop0,spatial_knn,4,ISG15,0.05569793422042633,0.06536129095792845,0.6735823925757076
matched_hop0,spatial_knn,4,FDCSP,-0.005436055789558955,-0.005831834767362198,0.12178761239395078
matched_hop0,spatial_knn,4,CFD,0.08348234241802198,0.09763112152161357,0.6115323033036065
matched_hop0,spatial_knn,4,FABP4,0.2541141773474055,0.2582817239182379,0.9686690533434691
matched_hop0,spatial_knn,4,ADIRF,0.10949906981556098,0.1028084787015251,0.8869819454918227
matched_hop0,spatial_knn,4,CCL21,0.05101200797621689,0.037150914246955845,0.09657409580197371
matched_hop0,spatial_knn,4,CD3D,0.0031440443854755095,0.002400337984078382,0.08072888783561985
matched_hop0,spatial_knn,4,CLDN5,-0.0010386114824371881,0.0015060700755857295,0.5877723563203342
matched_hop0,spatial_knn,4,IFIT2,0.0032803626186285973,0.007334634810625391,0.24790062353415532
matched_hop0,spatial_knn,4,PTN,0.030825321013392255,0.03522886572032264,0.910117504078255
matched_hop0,spatial_knn,4,S100B,0.11698853961426396,0.1302509927882012,1.0700600977340027
matched_hop0,spatial_knn,4,ACTG2,-0.0003604979586361226,0.00057073004866629,0.095877918992235
matched_hop0,spatial_knn,4,FOS,-0.0003348662277844884,0.002348336466327765,0.463925248966612
matched_hop0,spatial_knn,4,ELN,-0.02380669612007395,-0.024125255800484455,0.20850079935784574
matched_hop0,spatial_knn,4,NRP1,0.02641856051130107,0.031793637040098084,0.2801257497425637
matched_hop0,spatial_knn,4,MS4A4A,-0.00942715319920909,-0.007976225508380851,0.11423890323468883
matched_hop0,spatial_knn,4,LMOD1,-0.0034914005823752777,0.003840687028763857,0.11786644796641285
matched_hop0,spatial_knn,4,HBA2,0.18958128079709005,0.15804718107322527,0.7762406290535802
matched_hop0,spatial_knn,4,PPP1R14A,0.23482736569526486,0.19806999990927696,0.8384484314724094
matched_hop0,spatial_knn,4,SLITRK6,0.008920977161730606,0.020452086242766027,0.14383178996934626
matched_hop0,spatial_knn,4,ADD3,0.002326444256931746,0.010138899725753006,0.6867819724442438
matched_hop0,spatial_knn,4,MIA,-0.0006661416631075896,-0.0007178503854663524,0.06875445634222628
matched_hop0,spatial_knn,4,LTF,0.05289673512634073,0.053013917358196626,0.5418681252087069
matched_hop0,spatial_knn,4,CST7,0.0,,0.051302872805306515
matched_hop0,spatial_knn,4,TNF,-0.0016398853223376151,-0.0017376158330550085,0.06380562974200875
matched_hop0,spatial_knn,4,NEXN,-0.007645998474591763,-0.00841381759189564,0.10703932178990641
matched_hop0,spatial_knn,4,HBB,0.3065958908249459,0.23662869110785117,0.8461838999238317
matched_hop0,spatial_knn,4,SP140L,0.0016446767545008133,0.005107112541893184,0.10437733950994067
matched_hop0,spatial_knn,4,CDKN1C,0.05634492433496644,0.050534147993049026,0.4546797757120403
matched_hop0,spatial_knn,4,ITGB1,0.022401938946480508,0.013757187999226064,0.5068998175404889
matched_hop0,spatial_knn,4,CLDN11,0.23162616949928086,0.18631076615697334,0.6769931013654192
matched_hop0,spatial_knn,4,STC2,0.015777280479263193,0.013039099556312201,0.2653306539055962
matched_hop0,spatial_knn,4,UGT8,0.11695265872549662,0.1025601498980521,0.4339505834151932
matched_hop0,spatial_knn,4,SOX6,0.014233269441713974,0.01298691567875181,0.23280703789216664
matched_hop0,spatial_knn,4,PDLIM4,0.008916334639736496,0.009560427020754278,0.2661574273597477
matched_hop0,spatial_knn,4,SEPT4,0.18957999800484546,0.1609978102035301,0.8581926396887348
matched_hop0,spatial_knn,4,TLR7,-0.007540682063116978,-0.008033639435811441,0.09918901413641522
matched_hop0,spatial_knn,4,EBF1,-0.020717174806714818,-0.01897142617934593,0.16098102386478805
matched_hop0,spatial_knn,4,FMO2,0.013999457839992398,0.012668020852701625,0.12805438056053087
matched_hop0,spatial_knn,4,RELN,0.06674130507623326,0.05475941058514497,0.3957502004501947
matched_hop0,spatial_knn,4,VTI1A,0.009133603754178899,0.007267535315913196,0.22871571929813117
random,mean,5,PTGDS,0.0,,0.9424149394035339
random,mean,5,CD74,,,0.9200794100761414
random,mean,5,CCL19,,,0.18238690495491028
random,mean,5,COL3A1,,,0.545232355594635
random,mean,5,CXCL14,,,0.9160416126251221
random,mean,5,ADH1B,0.0,,0.3732629418373108
random,mean,5,TFF3,,,0.8593572974205017
random,mean,5,POSTN,,,0.378826379776001
random,mean,5,AQP1,0.0,,0.32893726229667664
random,mean,5,ISG15,0.0,,0.7013320326805115
random,mean,5,FDCSP,0.0,,0.11387399584054947
random,mean,5,CFD,,,0.504169762134552
random,mean,5,FABP4,0.0,,0.7537239789962769
random,mean,5,ADIRF,0.0,,0.8406730890274048
random,mean,5,CCL21,,,0.08051951229572296
random,mean,5,CD3D,,,0.09957604855298996
random,mean,5,CLDN5,0.0,,0.583780825138092
random,mean,5,IFIT2,,,0.251310795545578
random,mean,5,PTN,,,0.8918529748916626
random,mean,5,S100B,0.0,,1.041433334350586
random,mean,5,ACTG2,,,0.09488067775964737
random,mean,5,FOS,,,0.4195506274700165
random,mean,5,ELN,,,0.2528321444988251
random,mean,5,NRP1,0.0,,0.261286199092865
random,mean,5,MS4A4A,,,0.11108507961034775
random,mean,5,LMOD1,,,0.1309523731470108
random,mean,5,HBA2,0.0,,0.7619661092758179
random,mean,5,PPP1R14A,0.0,,0.8070045709609985
random,mean,5,SLITRK6,,,0.13138149678707123
random,mean,5,ADD3,0.0,,0.6670316457748413
random,mean,5,MIA,,,0.09946940094232559
random,mean,5,LTF,0.0,,0.4897637963294983
random,mean,5,CST7,,,0.06825565546751022
random,mean,5,TNF,0.0,,0.03839116171002388
random,mean,5,NEXN,,,0.089029461145401
random,mean,5,HBB,,,0.8165102005004883
random,mean,5,SP140L,,,0.08397937566041946
random,mean,5,CDKN1C,0.0,,0.41966089606285095
random,mean,5,ITGB1,,,0.4767725169658661
random,mean,5,CLDN11,,,0.669578492641449
random,mean,5,STC2,0.0,,0.29355669021606445
random,mean,5,UGT8,,,0.435546875
random,mean,5,SOX6,,,0.24386397004127502
random,mean,5,PDLIM4,0.0,,0.2708783745765686
random,mean,5,SEPT4,0.0,,0.8342682719230652
random,mean,5,TLR7,0.0,,0.10140235722064972
random,mean,5,EBF1,0.0,,0.14393079280853271
random,mean,5,FMO2,,,0.09979946911334991
random,mean,5,RELN,0.0,,0.3852446675300598
random,mean,5,VTI1A,0.0,,0.2227475792169571
random,pca_ridge,5,PTGDS,0.3124007756554068,0.29001341001812614,0.895258903503418
random,pca_ridge,5,CD74,0.18657013216461943,0.14810639818162755,0.9039613008499146
random,pca_ridge,5,CCL19,0.049401822046512,0.028514545898434412,0.18218831717967987
random,pca_ridge,5,COL3A1,0.18861283886040023,0.13924682981471154,0.5355420708656311
random,pca_ridge,5,CXCL14,0.18187083555766662,0.1479898772685329,0.9008614420890808
random,pca_ridge,5,ADH1B,0.05744929430514498,0.04398134839871642,0.37279683351516724
random,pca_ridge,5,TFF3,0.21004932584855054,0.1982996232190117,0.8403061628341675
random,pca_ridge,5,POSTN,0.13282627583385076,0.11106926350790527,0.3755483031272888
random,pca_ridge,5,AQP1,0.3117446281247722,0.17186677024443492,0.3125018775463104
random,pca_ridge,5,ISG15,0.038438173625373814,0.04675573329683521,0.7015495896339417
random,pca_ridge,5,FDCSP,0.0025742619952504008,-0.004248960997357858,0.11398936063051224
random,pca_ridge,5,CFD,0.07098591408837225,0.05908221807972203,0.5029957890510559
random,pca_ridge,5,FABP4,0.12732498464691716,0.10140860033861697,0.7477142810821533
random,pca_ridge,5,ADIRF,0.09721912321903411,0.0785352042031417,0.8369005918502808
random,pca_ridge,5,CCL21,0.006315032530335514,0.01017437769296882,0.08058758825063705
random,pca_ridge,5,CD3D,0.007461589942390501,0.0038402040451484083,0.0996350422501564
random,pca_ridge,5,CLDN5,0.07281099767462573,0.10953878477333139,0.5822324752807617
random,pca_ridge,5,IFIT2,0.1030754771244469,0.08065399528203603,0.2500019371509552
random,pca_ridge,5,PTN,0.0980122260200011,0.10663037268212142,0.8878608345985413
random,pca_ridge,5,S100B,0.32305808138632075,0.25729889327875577,0.9857242107391357
random,pca_ridge,5,ACTG2,0.0230646027966074,0.01300988252244972,0.09491724520921707
random,pca_ridge,5,FOS,0.1077795457561877,0.07870494876843101,0.41709989309310913
random,pca_ridge,5,ELN,0.04878698158984593,0.029988849123100816,0.25253158807754517
random,pca_ridge,5,NRP1,0.03215391619789141,0.05682270441663148,0.2612227201461792
random,pca_ridge,5,MS4A4A,-0.009849139707831918,0.0006964573483093794,0.11121134459972382
random,pca_ridge,5,LMOD1,-0.0028709144553625623,-0.012913720380693564,0.13115425407886505
random,pca_ridge,5,HBA2,0.10177388604596554,0.16013340991472247,0.7580146789550781
random,pca_ridge,5,PPP1R14A,0.41642209590520796,0.26957151558971726,0.7336084842681885
random,pca_ridge,5,SLITRK6,0.07350082127204641,0.0721699904821213,0.13102604448795319
random,pca_ridge,5,ADD3,0.11535025736070993,0.11870725656577732,0.6626749634742737
random,pca_ridge,5,MIA,0.0028092383331825236,0.0073978582376159506,0.09949684888124466
random,pca_ridge,5,LTF,0.09488590001739772,0.10575510381783829,0.48759564757347107
random,pca_ridge,5,CST7,0.021944187838181282,0.008011053384651464,0.06825999915599823
random,pca_ridge,5,TNF,0.007220098626272586,0.007499474633047074,0.03845948725938797
random,pca_ridge,5,NEXN,0.008244760679268836,0.00961556853861442,0.08909043669700623
random,pca_ridge,5,HBB,0.09629455811457655,0.10403362507447625,0.8126949667930603
random,pca_ridge,5,SP140L,0.008646723491588295,0.009330610031555329,0.08409610390663147
random,pca_ridge,5,CDKN1C,0.28810887337750535,0.1806078006568542,0.4018389880657196
random,pca_ridge,5,ITGB1,0.08698920963337167,0.09088960289732761,0.4753241240978241
random,pca_ridge,5,CLDN11,0.4490785342632382,0.2794768426702674,0.5983113646507263
random,pca_ridge,5,STC2,0.05321746332970623,0.064008033652086,0.29319366812705994
random,pca_ridge,5,UGT8,0.31718287520577193,0.21030364406177526,0.41326048970222473
random,pca_ridge,5,SOX6,0.01015831331821665,0.03996881668863373,0.24403080344200134
random,pca_ridge,5,PDLIM4,0.023222203208090007,0.01412342314878872,0.270908921957016
random,pca_ridge,5,SEPT4,0.3390709329902504,0.25107581138283236,0.7850752472877502
random,pca_ridge,5,TLR7,0.014114794692444893,0.013825894497317123,0.10144063830375671
random,pca_ridge,5,EBF1,-0.011605145527122307,-0.010745624950303113,0.14412455260753632
random,pca_ridge,5,FMO2,-0.011548552062333526,-0.009737246260176224,0.09996334463357925
random,pca_ridge,5,RELN,0.1066371679780683,0.06187427874712619,0.38312679529190063
random,pca_ridge,5,VTI1A,0.029740008016970132,0.06449771429606281,0.2227098047733307
random,spatial_knn,5,PTGDS,0.09942364315934962,0.10161912877569475,0.9745937250151128
random,spatial_knn,5,CD74,0.12810372242401585,0.1231656038673287,0.9462631981784652
random,spatial_knn,5,CCL19,0.12129918723748177,0.08934590753547471,0.18862521313042815
random,spatial_knn,5,COL3A1,0.12942539583670476,0.15020485447767762,0.5571829811612844
random,spatial_knn,5,CXCL14,0.10074647260360473,0.09242699502821225,0.9457682597285458
random,spatial_knn,5,ADH1B,0.19878250050528817,0.18135554294242978,0.3769265006688314
random,spatial_knn,5,TFF3,0.22571905588180524,0.24085961226838412,0.8588988109707697
random,spatial_knn,5,POSTN,0.12769526875055062,0.11068494921132913,0.386745453364989
random,spatial_knn,5,AQP1,0.09801347874945593,0.08463626234833421,0.3433837531674086
random,spatial_knn,5,ISG15,0.08862933022192912,0.08089673433784547,0.726619446908601
random,spatial_knn,5,FDCSP,0.29672060261556354,0.18918352492023574,0.10905068969109515
random,spatial_knn,5,CFD,0.16107223950850585,0.15063611572453423,0.511312266456974
random,spatial_knn,5,FABP4,0.4545444682167611,0.40495208331710697,0.6785981336867827
random,spatial_knn,5,ADIRF,0.10063849330200628,0.09088848393483344,0.8704041927594947
random,spatial_knn,5,CCL21,0.02007246646589307,0.030281677302097274,0.08594883865194225
random,spatial_knn,5,CD3D,0.11446657412053093,0.08353279215347428,0.10092094953901733
random,spatial_knn,5,CLDN5,0.025256176322728145,0.02719427680945855,0.6076930541026545
random,spatial_knn,5,IFIT2,0.031179926315007236,0.020200580663578493,0.26292124220121893
random,spatial_knn,5,PTN,0.03258364494301517,0.038893914478251676,0.9329643305007397
random,spatial_knn,5,S100B,0.16240099334013045,0.12918905781973966,1.0567720916836456
random,spatial_knn,5,ACTG2,0.03524289468094927,0.025697331921041046,0.09949816632314558
random,spatial_knn,5,FOS,0.007908050383878026,0.011743278712961732,0.4444259112598401
random,spatial_knn,5,ELN,-0.007838903102498254,-0.002511548335453305,0.2635421549536875
random,spatial_knn,5,NRP1,0.003965999205123482,0.00940383491910488,0.2765294224572272
random,spatial_knn,5,MS4A4A,0.006485799426153932,0.0031173574279846354,0.11623331834991402
random,spatial_knn,5,LMOD1,-0.010816807781755823,-0.01333614381003323,0.13797292913163725
random,spatial_knn,5,HBA2,0.1515827630086493,0.1155195684476114,0.7774423700149371
random,spatial_knn,5,PPP1R14A,0.26187375138697067,0.17679838303565693,0.7967557594670615
random,spatial_knn,5,SLITRK6,0.031192185188412044,0.05452221614207423,0.13702103929381618
random,spatial_knn,5,ADD3,0.039195177651040844,0.04226911105595393,0.696014410132403
random,spatial_knn,5,MIA,-0.007735463544252924,-0.010499761751191201,0.10137786488816128
random,spatial_knn,5,LTF,0.10047634915604212,0.13130412223088092,0.5072002618895544
random,spatial_knn,5,CST7,-0.005849124476672589,-0.008205947805339205,0.07281636550027536
random,spatial_knn,5,TNF,-0.00358356895600612,-0.004442607335298712,0.0410230568380934
random,spatial_knn,5,NEXN,0.007541280547667108,0.019651012700575326,0.09480247361233655
random,spatial_knn,5,HBB,0.319260449798761,0.25970728765551876,0.7899050557202045
random,spatial_knn,5,SP140L,0.0029791196446331365,-0.0014609362160982447,0.09236790954418594
random,spatial_knn,5,CDKN1C,0.10893574266014862,0.07894802447338804,0.43404698578347556
random,spatial_knn,5,ITGB1,0.031391144788291754,0.026383173374865548,0.4995809241596501
random,spatial_knn,5,CLDN11,0.2845653684516629,0.19406383963990692,0.6539846989487349
random,spatial_knn,5,STC2,0.026617285467699262,0.03611593206866792,0.3079936765910416
random,spatial_knn,5,UGT8,0.15030147541295996,0.13071505242684617,0.44654871648201744
random,spatial_knn,5,SOX6,0.022956801473322564,0.017132285160376244,0.25458988493645324
random,spatial_knn,5,PDLIM4,0.01615696245587371,0.010027969414590596,0.2851950803012375
random,spatial_knn,5,SEPT4,0.18873521754210232,0.152629975177694,0.8498736726645303
random,spatial_knn,5,TLR7,0.09856369377058112,0.027996047936590523,0.10424830151749045
random,spatial_knn,5,EBF1,-0.012553057416166259,-0.0005299165144455188,0.15315065398708902
random,spatial_knn,5,FMO2,-0.01538661284825383,-0.02049379948054671,0.1054993745513931
random,spatial_knn,5,RELN,0.01565107881447879,0.04582570094615866,0.4085565852422483
random,spatial_knn,5,VTI1A,0.027614807107418666,0.01892505435453242,0.2310577646627275
matched_hop0,mean,5,PTGDS,0.0,,0.8508158922195435
matched_hop0,mean,5,CD74,,,0.861981987953186
matched_hop0,mean,5,CCL19,,,0.1900680959224701
matched_hop0,mean,5,COL3A1,0.0,,0.4731205403804779
matched_hop0,mean,5,CXCL14,,,0.9260468482971191
matched_hop0,mean,5,ADH1B,,,0.4871363937854767
matched_hop0,mean,5,TFF3,,,0.8343944549560547
matched_hop0,mean,5,POSTN,0.0,,0.3428017497062683
matched_hop0,mean,5,AQP1,,,0.24859285354614258
matched_hop0,mean,5,ISG15,0.0,,0.6791785359382629
matched_hop0,mean,5,FDCSP,,,0.0883830338716507
matched_hop0,mean,5,CFD,0.0,,0.5399428606033325
matched_hop0,mean,5,FABP4,0.0,,0.9048886299133301
matched_hop0,mean,5,ADIRF,0.0,,0.8636605143547058
matched_hop0,mean,5,CCL21,,,0.06862138211727142
matched_hop0,mean,5,CD3D,0.0,,0.08710407465696335
matched_hop0,mean,5,CLDN5,,,0.584987461566925
matched_hop0,mean,5,IFIT2,,,0.23116199672222137
matched_hop0,mean,5,PTN,,,0.8816390633583069
matched_hop0,mean,5,S100B,,,0.9636619687080383
matched_hop0,mean,5,ACTG2,,,0.1060241162776947
matched_hop0,mean,5,FOS,0.0,,0.41292065382003784
matched_hop0,mean,5,ELN,,,0.21425694227218628
matched_hop0,mean,5,NRP1,,,0.278551310300827
matched_hop0,mean,5,MS4A4A,,,0.10301214456558228
matched_hop0,mean,5,LMOD1,0.0,,0.12666656076908112
matched_hop0,mean,5,HBA2,,,0.7785800099372864
matched_hop0,mean,5,PPP1R14A,,,0.6692310571670532
matched_hop0,mean,5,SLITRK6,0.0,,0.06523693352937698
matched_hop0,mean,5,ADD3,0.0,,0.65602046251297
matched_hop0,mean,5,MIA,,,0.07493992149829865
matched_hop0,mean,5,LTF,,,0.46628761291503906
matched_hop0,mean,5,CST7,,,0.06098157912492752
matched_hop0,mean,5,TNF,,,0.040805328637361526
matched_hop0,mean,5,NEXN,,,0.11547743529081345
matched_hop0,mean,5,HBB,0.0,,0.9039648175239563
matched_hop0,mean,5,SP140L,,,0.09910594671964645
matched_hop0,mean,5,CDKN1C,,,0.3734886646270752
matched_hop0,mean,5,ITGB1,0.0,,0.46430739760398865
matched_hop0,mean,5,CLDN11,,,0.5350720882415771
matched_hop0,mean,5,STC2,,,0.26821190118789673
matched_hop0,mean,5,UGT8,0.0,,0.3418082892894745
matched_hop0,mean,5,SOX6,0.0,,0.2308785319328308
matched_hop0,mean,5,PDLIM4,,,0.26849108934402466
matched_hop0,mean,5,SEPT4,0.0,,0.7457103729248047
matched_hop0,mean,5,TLR7,0.0,,0.09497306495904922
matched_hop0,mean,5,EBF1,,,0.1563922017812729
matched_hop0,mean,5,FMO2,0.0,,0.12875430285930634
matched_hop0,mean,5,RELN,,,0.43270376324653625
matched_hop0,mean,5,VTI1A,0.0,,0.22173245251178741
matched_hop0,pca_ridge,5,PTGDS,0.18663240614389714,0.2030883372636413,0.8361809253692627
matched_hop0,pca_ridge,5,CD74,0.13341134449621547,0.11382488197774866,0.8540358543395996
matched_hop0,pca_ridge,5,CCL19,0.019341226389404064,0.0057915313252927215,0.1901257336139679
matched_hop0,pca_ridge,5,COL3A1,0.11050218983944025,0.09030705176029138,0.4703657627105713
matched_hop0,pca_ridge,5,CXCL14,0.20341360744946893,0.168495772715065,0.9073943495750427
matched_hop0,pca_ridge,5,ADH1B,0.08556607740200955,0.07886982348854132,0.4853777587413788
matched_hop0,pca_ridge,5,TFF3,0.1990098749073383,0.18925406297624972,0.817668080329895
matched_hop0,pca_ridge,5,POSTN,0.06813919405815855,0.07168490165186843,0.3422851860523224
matched_hop0,pca_ridge,5,AQP1,0.07125882279095468,0.053876956584338616,0.24845686554908752
matched_hop0,pca_ridge,5,ISG15,0.059100786343852185,0.06999699790018866,0.6781713962554932
matched_hop0,pca_ridge,5,FDCSP,-0.017898676087585098,-0.02048750703851795,0.08874643594026566
matched_hop0,pca_ridge,5,CFD,0.09496977097892188,0.07660164364502728,0.5374519228935242
matched_hop0,pca_ridge,5,FABP4,0.19856538027326187,0.16273043729651482,0.8909429311752319
matched_hop0,pca_ridge,5,ADIRF,0.16837402387082165,0.14296351767713822,0.8531907796859741
matched_hop0,pca_ridge,5,CCL21,0.001666796323444164,0.0032280664905564313,0.06871212273836136
matched_hop0,pca_ridge,5,CD3D,0.0030091309417279175,-0.003055567369579899,0.08716719597578049
matched_hop0,pca_ridge,5,CLDN5,0.03837686615334971,0.07259073180961133,0.5849027037620544
matched_hop0,pca_ridge,5,IFIT2,0.012821207390825935,0.03238004791058655,0.23139624297618866
matched_hop0,pca_ridge,5,PTN,0.08080074860988855,0.07872624925417969,0.8784509897232056
matched_hop0,pca_ridge,5,S100B,0.232053200774487,0.22071050426028527,0.9379312992095947
matched_hop0,pca_ridge,5,ACTG2,0.01959802710085284,0.007635640364651473,0.10607108473777771
matched_hop0,pca_ridge,5,FOS,0.046027951947631554,0.04859334801387471,0.4126950204372406
matched_hop0,pca_ridge,5,ELN,0.061917309762423954,0.03781595821992266,0.21385936439037323
matched_hop0,pca_ridge,5,NRP1,0.017180978513309336,0.05351220638331454,0.27862605452537537
matched_hop0,pca_ridge,5,MS4A4A,-0.015629763488362935,-0.011742547860464506,0.10319987684488297
matched_hop0,pca_ridge,5,LMOD1,0.020058134462694804,0.014744370396890792,0.12672549486160278
matched_hop0,pca_ridge,5,HBA2,0.0524450222301082,0.10821136965173968,0.7776479721069336
matched_hop0,pca_ridge,5,PPP1R14A,0.14770924261893686,0.14701656894193063,0.6636741757392883
matched_hop0,pca_ridge,5,SLITRK6,0.013461170456892983,0.010498849653860491,0.06587982922792435
matched_hop0,pca_ridge,5,ADD3,0.07501443671773346,0.0842180191368263,0.6541140079498291
matched_hop0,pca_ridge,5,MIA,0.011732354240055644,-0.001818917223147841,0.07496294379234314
matched_hop0,pca_ridge,5,LTF,0.10276923309624296,0.110265782823831,0.46378833055496216
matched_hop0,pca_ridge,5,CST7,0.00019629632810093408,-0.003722851598650124,0.0610678568482399
matched_hop0,pca_ridge,5,TNF,0.004467047551927036,0.000382891093282462,0.04090326651930809
matched_hop0,pca_ridge,5,NEXN,-0.006618983455273908,-0.003931291603441573,0.11556652933359146
matched_hop0,pca_ridge,5,HBB,0.029050752260630627,0.06696497352965361,0.9039447903633118
matched_hop0,pca_ridge,5,SP140L,0.019668471388840165,0.027492767487267304,0.0991232767701149
matched_hop0,pca_ridge,5,CDKN1C,0.07747292912831813,0.10417299073366212,0.37280207872390747
matched_hop0,pca_ridge,5,ITGB1,0.061823613219429883,0.07864293357206002,0.46344587206840515
matched_hop0,pca_ridge,5,CLDN11,0.17196170201983246,0.16849134530766463,0.527884840965271
matched_hop0,pca_ridge,5,STC2,0.04179102340017829,0.04308083334244321,0.26807698607444763
matched_hop0,pca_ridge,5,UGT8,0.11170939744314833,0.11743234555471471,0.3401688039302826
matched_hop0,pca_ridge,5,SOX6,0.028439508274352022,0.04459215354265992,0.2308019995689392
matched_hop0,pca_ridge,5,PDLIM4,0.014473044234806484,0.020151031122302532,0.26862281560897827
matched_hop0,pca_ridge,5,SEPT4,0.20546980334148554,0.23109962165274345,0.730144739151001
matched_hop0,pca_ridge,5,TLR7,0.012129262528705049,0.017688212018774633,0.09501293301582336
matched_hop0,pca_ridge,5,EBF1,0.0032966716141816254,0.003520756445575001,0.15654130280017853
matched_hop0,pca_ridge,5,FMO2,-0.004929152494111316,-0.0008526328999805262,0.1288859099149704
matched_hop0,pca_ridge,5,RELN,0.13974342015166105,0.09356395609540086,0.42865216732025146
matched_hop0,pca_ridge,5,VTI1A,0.017759398212180266,0.05629859846900469,0.22182247042655945
matched_hop0,spatial_knn,5,PTGDS,-0.005013239826088534,0.003361504258010276,0.8887482936343328
matched_hop0,spatial_knn,5,CD74,0.10946886018403645,0.10891488024810583,0.8730979310394658
matched_hop0,spatial_knn,5,CCL19,0.10171217318322325,0.029637823362025688,0.19155472487474806
matched_hop0,spatial_knn,5,COL3A1,0.03579348554295371,0.050302333836574516,0.48141833019805547
matched_hop0,spatial_knn,5,CXCL14,0.06400171325442178,0.05052312052139417,0.9406440608547111
matched_hop0,spatial_knn,5,ADH1B,0.15752548080792164,0.17123543344375633,0.4964402656223441
matched_hop0,spatial_knn,5,TFF3,0.02794338992852025,0.03682262625444809,0.8727093104520417
matched_hop0,spatial_knn,5,POSTN,-0.02583838117414873,0.002381372972340817,0.3536673503913088
matched_hop0,spatial_knn,5,AQP1,0.02086974829263059,0.020460681717807364,0.25610519352383093
matched_hop0,spatial_knn,5,ISG15,0.11993303612390789,0.093742627163654,0.690289452030593
matched_hop0,spatial_knn,5,FDCSP,0.051279087194421716,0.03890394186679288,0.09840385854783786
matched_hop0,spatial_knn,5,CFD,0.21327942107605682,0.18664358563457004,0.5284803172194901
matched_hop0,spatial_knn,5,FABP4,0.37635239459602976,0.36085276006838013,0.8334460959695249
matched_hop0,spatial_knn,5,ADIRF,0.14340426980153048,0.13714005490864986,0.8648139831263015
matched_hop0,spatial_knn,5,CCL21,-0.00438586814892765,-0.004912053314792767,0.06960918423718584
matched_hop0,spatial_knn,5,CD3D,0.011053075843314712,0.009934801349646567,0.0905049221225639
matched_hop0,spatial_knn,5,CLDN5,0.01337427372175052,0.001925499793279537,0.6081765026870576
matched_hop0,spatial_knn,5,IFIT2,0.00646547024006129,0.00441010473833034,0.2358163528581075
matched_hop0,spatial_knn,5,PTN,0.04510208526144905,0.04166931825430773,0.9052139028624931
matched_hop0,spatial_knn,5,S100B,0.03650094372764923,0.034682968570662887,0.9880363716110155
matched_hop0,spatial_knn,5,ACTG2,0.030896531053264897,0.017732142665389326,0.10945253853845867
matched_hop0,spatial_knn,5,FOS,-0.010377579273694393,-0.008923885251905092,0.4249109473651136
matched_hop0,spatial_knn,5,ELN,0.017043997549508284,0.01400024635032734,0.21822228744179478
matched_hop0,spatial_knn,5,NRP1,-0.00957184685709198,-0.003543305440682123,0.2941124027704311
matched_hop0,spatial_knn,5,MS4A4A,-0.014063252399936232,-0.015796387028397255,0.10484714185475316
matched_hop0,spatial_knn,5,LMOD1,0.02841251637989127,0.01818587166545349,0.12740021719763334
matched_hop0,spatial_knn,5,HBA2,0.17585267725547307,0.13374464943240788,0.7748220147264189
matched_hop0,spatial_knn,5,PPP1R14A,0.03029656062421991,0.020559028200354563,0.6839395537464547
matched_hop0,spatial_knn,5,SLITRK6,-0.007566101039212382,-0.004947322394580691,0.06945688797608782
matched_hop0,spatial_knn,5,ADD3,-0.003991343718656345,-0.006889562951329543,0.6751970662046682
matched_hop0,spatial_knn,5,MIA,-0.0014233305016913512,-0.00040644461948223575,0.0758824592228873
matched_hop0,spatial_knn,5,LTF,0.04904222810471587,0.05084347683510037,0.47468323483975033
matched_hop0,spatial_knn,5,CST7,-0.005249437632201688,-0.0055428210622763385,0.06292142711324936
matched_hop0,spatial_knn,5,TNF,0.0,,0.04083168650614114
matched_hop0,spatial_knn,5,NEXN,-0.0154449795225515,-0.01173943755022467,0.11897588689874215
matched_hop0,spatial_knn,5,HBB,0.26603975644077776,0.21471218923809773,0.8773204257952872
matched_hop0,spatial_knn,5,SP140L,-0.014953818290313333,-0.01625130102281286,0.10534584860444468
matched_hop0,spatial_knn,5,CDKN1C,0.021474581237192706,0.023822487062128504,0.38339759128987827
matched_hop0,spatial_knn,5,ITGB1,0.013564843639700841,0.01767358555409423,0.474463496735046
matched_hop0,spatial_knn,5,CLDN11,0.04066846155212807,0.02482015752262819,0.5520541105963918
matched_hop0,spatial_knn,5,STC2,-0.00060297883534582,-0.00126363935329184,0.275901079458011
matched_hop0,spatial_knn,5,UGT8,0.005444792220407794,0.004971599840042233,0.35408907488232355
matched_hop0,spatial_knn,5,SOX6,0.013923197605863248,0.022225145347168792,0.23756908023930703
matched_hop0,spatial_knn,5,PDLIM4,0.014220018302036154,0.01595797695215595,0.2731585124627559
matched_hop0,spatial_knn,5,SEPT4,0.07269654764025268,0.04829072234405787,0.7634713638646539
matched_hop0,spatial_knn,5,TLR7,0.00040335668654171866,-0.0025254116645868825,0.09950189919199577
matched_hop0,spatial_knn,5,EBF1,0.005853236600965744,0.0071867769041308125,0.16305742841471374
matched_hop0,spatial_knn,5,FMO2,0.021616375493479296,0.01755204662898705,0.13122704573264785
matched_hop0,spatial_knn,5,RELN,0.06846803647984433,0.058885741863341896,0.4384753570946542
matched_hop0,spatial_knn,5,VTI1A,0.011541168148705871,0.0020167265115855824,0.22774877221136927
random,mean,6,PTGDS,,,0.9625270366668701
random,mean,6,CD74,0.0,,0.920548141002655
random,mean,6,CCL19,0.0,,0.1483999788761139
random,mean,6,COL3A1,,,0.5342870354652405
random,mean,6,CXCL14,0.0,,0.9097082614898682
random,mean,6,ADH1B,,,0.3944251537322998
random,mean,6,TFF3,0.0,,0.8527438044548035
random,mean,6,POSTN,,,0.3721993565559387
random,mean,6,AQP1,,,0.37529274821281433
random,mean,6,ISG15,,,0.6974687576293945
random,mean,6,FDCSP,,,0.10146929323673248
random,mean,6,CFD,0.0,,0.4828319549560547
random,mean,6,FABP4,,,0.7453405261039734
random,mean,6,ADIRF,0.0,,0.8446359634399414
random,mean,6,CCL21,,,0.08622042089700699
random,mean,6,CD3D,0.0,,0.09091708064079285
random,mean,6,CLDN5,0.0,,0.5751460790634155
random,mean,6,IFIT2,0.0,,0.2601880729198456
random,mean,6,PTN,,,0.8925558924674988
random,mean,6,S100B,0.0,,1.0389584302902222
random,mean,6,ACTG2,,,0.110276959836483
random,mean,6,FOS,,,0.4323590397834778
random,mean,6,ELN,,,0.22893355786800385
random,mean,6,NRP1,,,0.25647589564323425
random,mean,6,MS4A4A,,,0.09350861608982086
random,mean,6,LMOD1,0.0,,0.14265726506710052
random,mean,6,HBA2,0.0,,0.7478765249252319
random,mean,6,PPP1R14A,,,0.8069751858711243
random,mean,6,SLITRK6,,,0.12374605983495712
random,mean,6,ADD3,,,0.6708119511604309
random,mean,6,MIA,,,0.06964481621980667
random,mean,6,LTF,0.0,,0.47843676805496216
random,mean,6,CST7,,,0.07935155928134918
random,mean,6,TNF,,,0.07108592987060547
random,mean,6,NEXN,,,0.11791528016328812
random,mean,6,HBB,,,0.8221234679222107
random,mean,6,SP140L,,,0.10073395073413849
random,mean,6,CDKN1C,,,0.45904749631881714
random,mean,6,ITGB1,,,0.4878551661968231
random,mean,6,CLDN11,,,0.6688221096992493
random,mean,6,STC2,,,0.27973484992980957
random,mean,6,UGT8,,,0.4468955099582672
random,mean,6,SOX6,,,0.2212202250957489
random,mean,6,PDLIM4,0.0,,0.2557043433189392
random,mean,6,SEPT4,,,0.8460715413093567
random,mean,6,TLR7,0.0,,0.08312132954597473
random,mean,6,EBF1,0.0,,0.14340463280677795
random,mean,6,FMO2,,,0.08962003886699677
random,mean,6,RELN,,,0.3813449740409851
random,mean,6,VTI1A,,,0.22221803665161133
random,pca_ridge,6,PTGDS,0.3323229452563068,0.2958816891568976,0.9078119993209839
random,pca_ridge,6,CD74,0.19472011500209016,0.15931099265375115,0.9030121564865112
random,pca_ridge,6,CCL19,0.009997448164816233,-0.004536414100874382,0.14879320561885834
random,pca_ridge,6,COL3A1,0.1963293204971413,0.149256399790694,0.5239572525024414
random,pca_ridge,6,CXCL14,0.16987472777677876,0.12374170019939332,0.8964795470237732
random,pca_ridge,6,ADH1B,0.06237918662198022,0.041211498484165804,0.3937227427959442
random,pca_ridge,6,TFF3,0.1923299572167465,0.18287907966187142,0.836829423904419
random,pca_ridge,6,POSTN,0.1234362341805013,0.11238291956745644,0.3695359528064728
random,pca_ridge,6,AQP1,0.3144405184334177,0.21017889337093107,0.35669270157814026
random,pca_ridge,6,ISG15,0.04931981488507661,0.07020082283671442,0.6969701051712036
random,pca_ridge,6,FDCSP,0.025179991818448277,0.02087603025799352,0.10148327797651291
random,pca_ridge,6,CFD,0.08303783374685628,0.06538393563424875,0.4811716079711914
random,pca_ridge,6,FABP4,0.15095972535032803,0.12140837184204997,0.736845076084137
random,pca_ridge,6,ADIRF,0.08873332765343322,0.07521300465612094,0.8417497873306274
random,pca_ridge,6,CCL21,0.007419571381811353,0.0094942321178763,0.08628524094820023
random,pca_ridge,6,CD3D,-0.0031007003615551735,-0.007682226168583965,0.0910089835524559
random,pca_ridge,6,CLDN5,0.06795307220166344,0.10738838732791108,0.5738245248794556
random,pca_ridge,6,IFIT2,0.09586576719537188,0.07360605588084376,0.25899508595466614
random,pca_ridge,6,PTN,0.11242418368856433,0.1150408168638436,0.8868826627731323
random,pca_ridge,6,S100B,0.34997277066086263,0.27947221734305844,0.973282516002655
random,pca_ridge,6,ACTG2,0.015296849591020125,0.006623015868011173,0.11032343655824661
random,pca_ridge,6,FOS,0.09285914190988714,0.08343433079198488,0.43066152930259705
random,pca_ridge,6,ELN,0.05921690111387514,0.03383845048500175,0.2285361886024475
random,pca_ridge,6,NRP1,0.015774984139143078,0.05045502415826828,0.25666916370391846
random,pca_ridge,6,MS4A4A,-0.00680237038554969,-0.009265192192378698,0.09363969415426254
random,pca_ridge,6,LMOD1,0.004625789754499709,-0.0062601823235635175,0.14276236295700073
random,pca_ridge,6,HBA2,0.09128542554375776,0.15152142544539587,0.7448626756668091
random,pca_ridge,6,PPP1R14A,0.4394869322889967,0.2790696967557606,0.7248843312263489
random,pca_ridge,6,SLITRK6,0.032435417590799126,0.02948994514243467,0.12389043718576431
random,pca_ridge,6,ADD3,0.1371188355064366,0.12540577654299342,0.6644829511642456
random,pca_ridge,6,MIA,-0.02147735058273264,-0.011738065284685021,0.0697743147611618
random,pca_ridge,6,LTF,0.09138452022778712,0.09770390022226451,0.4765775501728058
random,pca_ridge,6,CST7,-0.0042866223183736655,-0.0014840386778244025,0.07941489666700363
random,pca_ridge,6,TNF,0.019936915199769197,0.023782045016520436,0.07107806950807571
random,pca_ridge,6,NEXN,-0.012732087065677515,-0.010536849157991744,0.11802956461906433
random,pca_ridge,6,HBB,0.08863732197680126,0.09209593784301677,0.8189440965652466
random,pca_ridge,6,SP140L,0.024263893591856673,0.01487928579375734,0.10072888433933258
random,pca_ridge,6,CDKN1C,0.3094624469202676,0.19698629841185641,0.43667128682136536
random,pca_ridge,6,ITGB1,0.12093152502455505,0.10553042037680391,0.4842885136604309
random,pca_ridge,6,CLDN11,0.4545115664449241,0.28089122570099534,0.5958335399627686
random,pca_ridge,6,STC2,0.04266296233291209,0.04742510797356885,0.27959874272346497
random,pca_ridge,6,UGT8,0.3481176760752457,0.2203522688304932,0.41894662380218506
random,pca_ridge,6,SOX6,0.031738164596589694,0.05229011485154129,0.22114388644695282
random,pca_ridge,6,PDLIM4,0.02463035236215122,0.02053486398867944,0.2557734549045563
random,pca_ridge,6,SEPT4,0.3791736910570229,0.28185788789623256,0.7829214334487915
random,pca_ridge,6,TLR7,-0.008197176082729324,0.0007818447065137107,0.0833195224404335
random,pca_ridge,6,EBF1,0.020597204115569395,0.014024011436506098,0.14340510964393616
random,pca_ridge,6,FMO2,-0.012088024957131675,-0.008286206048721951,0.08981312066316605
random,pca_ridge,6,RELN,0.11684468868482903,0.06287469430302249,0.3787553012371063
random,pca_ridge,6,VTI1A,0.018712552389403676,0.05981765558745209,0.22230397164821625
random,spatial_knn,6,PTGDS,0.12168446853970943,0.1290030526284027,0.9850676153384559
random,spatial_knn,6,CD74,0.1212681918139879,0.11440101827804157,0.9493422584959613
random,spatial_knn,6,CCL19,0.08760745656433518,0.040595789075776115,0.16115825357741986
random,spatial_knn,6,COL3A1,0.13641778119988035,0.14458673004675998,0.5482140248863662
random,spatial_knn,6,CXCL14,0.08611149153007633,0.07633328941796272,0.9456096528010437
random,spatial_knn,6,ADH1B,0.22406085858864644,0.185571317750532,0.3940599858843962
random,spatial_knn,6,TFF3,0.22151280006047686,0.23581174639187383,0.8524351351593576
random,spatial_knn,6,POSTN,0.1162662798104277,0.11361923983334564,0.3819014538495331
random,spatial_knn,6,AQP1,0.1741403259318573,0.12192499109857108,0.3773372288828074
random,spatial_knn,6,ISG15,0.08557385255192934,0.08366565918712428,0.7240193836932045
random,spatial_knn,6,FDCSP,0.05267177658948022,0.08417430318163066,0.10799660061516048
random,spatial_knn,6,CFD,0.20020203991916846,0.1724511705687747,0.48342048497032514
random,spatial_knn,6,FABP4,0.44980181769518846,0.39344396885847205,0.6752937631681118
random,spatial_knn,6,ADIRF,0.09968832460755425,0.09605475264680176,0.8718811884332311
random,spatial_knn,6,CCL21,0.00022695417179153382,0.005827667203729213,0.08964057905484044
random,spatial_knn,6,CD3D,0.007882961659191695,0.01668563499290291,0.09905311359276421
random,spatial_knn,6,CLDN5,0.020830169836901925,0.020782448073536918,0.6036295517191121
random,spatial_knn,6,IFIT2,0.01247775736389977,0.008186719772172162,0.2724077962556936
random,spatial_knn,6,PTN,0.026327353312071405,0.024608676365702836,0.9360336844619792
random,spatial_knn,6,S100B,0.14739011609028338,0.11732778099409492,1.0633439922087033
random,spatial_knn,6,ACTG2,0.02863826043046771,0.03966401190321535,0.11439992533778598
random,spatial_knn,6,FOS,0.04903052355282972,0.039084412645162867,0.4494296567487238
random,spatial_knn,6,ELN,-0.01132437923158211,0.0046588333428976125,0.24216687085750177
random,spatial_knn,6,NRP1,-0.009807685643670763,4.1719125599595664e-05,0.2723473850719712
random,spatial_knn,6,MS4A4A,-0.005764904490472416,0.0024025034712853574,0.09894668487347318
random,spatial_knn,6,LMOD1,-0.0018092298110236862,-0.0018154834189794118,0.14824228473597487
random,spatial_knn,6,HBA2,0.20389486032703708,0.16678388548570958,0.750895811040248
random,spatial_knn,6,PPP1R14A,0.2838567314806871,0.1952644302713031,0.7892251185360676
random,spatial_knn,6,SLITRK6,0.06331127337890113,0.0805200960213333,0.1290293337917823
random,spatial_knn,6,ADD3,0.046871212551864105,0.04198870012847964,0.6985241075110262
random,spatial_knn,6,MIA,-0.005042169185395614,-0.0071554328037860375,0.0724441177383134
random,spatial_knn,6,LTF,0.12684718723150562,0.13996410728970565,0.4913534434998296
random,spatial_knn,6,CST7,0.005274531498644028,0.013969898870569056,0.08539795508129508
random,spatial_knn,6,TNF,-0.004134014082535365,-0.0057162849549395765,0.07316115985409277
random,spatial_knn,6,NEXN,-0.00024187937123441514,0.011553288148937937,0.1226978728733738
random,spatial_knn,6,HBB,0.3481588131022247,0.2689557770800125,0.7819988754184938
random,spatial_knn,6,SP140L,-0.004382385733073905,0.004975702805014716,0.10633903416951007
random,spatial_knn,6,CDKN1C,0.14754733914848825,0.11699337244048831,0.46455612080087993
random,spatial_knn,6,ITGB1,0.04264469873003347,0.013570742262447758,0.5086307246088957
random,spatial_knn,6,CLDN11,0.2929368389479601,0.2041761054837205,0.6531436400331722
random,spatial_knn,6,STC2,0.04445903632199723,0.06351635058030673,0.2918269649524839
random,spatial_knn,6,UGT8,0.21117737140861811,0.15168552276194758,0.44512379965371857
random,spatial_knn,6,SOX6,-0.01900278256023686,-0.024838593843332,0.2381955464325545
random,spatial_knn,6,PDLIM4,-0.006224282388858575,-0.006103887853556893,0.2692736147414433
random,spatial_knn,6,SEPT4,0.2172801109121284,0.1669198297559515,0.8493504980870272
random,spatial_knn,6,TLR7,0.004117137524652878,0.014217466363176112,0.08869544542189277
random,spatial_knn,6,EBF1,-0.0008747340680469996,0.0010560056700133532,0.15347386030419655
random,spatial_knn,6,FMO2,-0.012770938902106,-0.017835678479544127,0.0967058508283668
random,spatial_knn,6,RELN,0.10525435305494409,0.09253427410109634,0.39207894252001835
random,spatial_knn,6,VTI1A,0.011252768345705311,0.009958425924054978,0.23186576228408903
matched_hop0,mean,6,PTGDS,,,0.9812991619110107
matched_hop0,mean,6,CD74,,,0.9005571007728577
matched_hop0,mean,6,CCL19,,,0.1458822786808014
matched_hop0,mean,6,COL3A1,0.0,,0.5721233487129211
matched_hop0,mean,6,CXCL14,,,0.9186590313911438
matched_hop0,mean,6,ADH1B,,,0.49139437079429626
matched_hop0,mean,6,TFF3,,,0.9096719622612
matched_hop0,mean,6,POSTN,,,0.38747191429138184
matched_hop0,mean,6,AQP1,,,0.3604617118835449
matched_hop0,mean,6,ISG15,,,0.6715126037597656
matched_hop0,mean,6,FDCSP,,,0.12132732570171356
matched_hop0,mean,6,CFD,,,0.6104268431663513
matched_hop0,mean,6,FABP4,0.0,,0.9866137504577637
matched_hop0,mean,6,ADIRF,,,0.8748404383659363
matched_hop0,mean,6,CCL21,0.0,,0.09653768688440323
matched_hop0,mean,6,CD3D,,,0.07897204160690308
matched_hop0,mean,6,CLDN5,,,0.5621012449264526
matched_hop0,mean,6,IFIT2,,,0.23766441643238068
matched_hop0,mean,6,PTN,,,0.8811866044998169
matched_hop0,mean,6,S100B,0.0,,1.0470794439315796
matched_hop0,mean,6,ACTG2,0.0,,0.09472441673278809
matched_hop0,mean,6,FOS,,,0.456057071685791
matched_hop0,mean,6,ELN,,,0.2051936537027359
matched_hop0,mean,6,NRP1,,,0.2756789028644562
matched_hop0,mean,6,MS4A4A,,,0.11148334294557571
matched_hop0,mean,6,LMOD1,,,0.1164933368563652
matched_hop0,mean,6,HBA2,,,0.7610137462615967
matched_hop0,mean,6,PPP1R14A,,,0.8142162561416626
matched_hop0,mean,6,SLITRK6,,,0.1432340145111084
matched_hop0,mean,6,ADD3,,,0.6668785214424133
matched_hop0,mean,6,MIA,,,0.06869521737098694
matched_hop0,mean,6,LTF,0.0,,0.5313493013381958
matched_hop0,mean,6,CST7,,,0.05133252218365669
matched_hop0,mean,6,TNF,,,0.06365583091974258
matched_hop0,mean,6,NEXN,,,0.10644809156656265
matched_hop0,mean,6,HBB,,,0.8388010859489441
matched_hop0,mean,6,SP140L,,,0.10383892059326172
matched_hop0,mean,6,CDKN1C,,,0.4299403429031372
matched_hop0,mean,6,ITGB1,0.0,,0.49520143866539
matched_hop0,mean,6,CLDN11,0.0,,0.6718195676803589
matched_hop0,mean,6,STC2,0.0,,0.26009151339530945
matched_hop0,mean,6,UGT8,0.0,,0.43180549144744873
matched_hop0,mean,6,SOX6,0.0,,0.22873945534229279
matched_hop0,mean,6,PDLIM4,,,0.25974729657173157
matched_hop0,mean,6,SEPT4,,,0.8480606079101562
matched_hop0,mean,6,TLR7,,,0.09867161512374878
matched_hop0,mean,6,EBF1,,,0.15509150922298431
matched_hop0,mean,6,FMO2,,,0.12427827715873718
matched_hop0,mean,6,RELN,0.0,,0.38852551579475403
matched_hop0,mean,6,VTI1A,,,0.21874164044857025
matched_hop0,pca_ridge,6,PTGDS,0.2755745982326352,0.29426637107663617,0.9440472722053528
matched_hop0,pca_ridge,6,CD74,0.16780129113985234,0.14108635290599128,0.8904328942298889
matched_hop0,pca_ridge,6,CCL19,0.016977347289939746,-0.002525339956360983,0.14631883800029755
matched_hop0,pca_ridge,6,COL3A1,0.16158967486370898,0.11505938160854247,0.5644411444664001
matched_hop0,pca_ridge,6,CXCL14,0.1555997682288409,0.11733705403068696,0.9075574278831482
matched_hop0,pca_ridge,6,ADH1B,-0.004685608457463008,0.038384926295296,0.491525799036026
matched_hop0,pca_ridge,6,TFF3,0.1708410616952097,0.17095246876552017,0.8961710929870605
matched_hop0,pca_ridge,6,POSTN,0.11631084842006835,0.10153944454076044,0.3852326571941376
matched_hop0,pca_ridge,6,AQP1,0.1978673229540217,0.13947128997160382,0.3545587658882141
matched_hop0,pca_ridge,6,ISG15,0.06330755221429853,0.06927494978580168,0.6699610948562622
matched_hop0,pca_ridge,6,FDCSP,0.02578138713203021,0.01798108081867709,0.1213047206401825
matched_hop0,pca_ridge,6,CFD,0.008414269064181577,0.039738265160520946,0.6105947494506836
matched_hop0,pca_ridge,6,FABP4,0.014253660551621802,0.04188149684397425,0.9855867624282837
matched_hop0,pca_ridge,6,ADIRF,0.08387477340839565,0.06518018246402137,0.8717765808105469
matched_hop0,pca_ridge,6,CCL21,0.01130326023836414,0.0060912204565389035,0.09658052772283554
matched_hop0,pca_ridge,6,CD3D,-0.001113446936475577,-0.0013845805403080984,0.07914643734693527
matched_hop0,pca_ridge,6,CLDN5,0.046992525517757316,0.08072820390634437,0.5618323087692261
matched_hop0,pca_ridge,6,IFIT2,0.042785633287552895,0.045859987774690254,0.23794709146022797
matched_hop0,pca_ridge,6,PTN,0.13244755758591395,0.14229891127455396,0.8736907243728638
matched_hop0,pca_ridge,6,S100B,0.2755060845820203,0.2692408352590671,1.0086482763290405
matched_hop0,pca_ridge,6,ACTG2,-0.0022408073410941347,-0.006101505231359395,0.09503190219402313
matched_hop0,pca_ridge,6,FOS,0.08774558695681003,0.0834320390580847,0.45438942313194275
matched_hop0,pca_ridge,6,ELN,0.021888667390877414,-0.0032254173427451426,0.2054232954978943
matched_hop0,pca_ridge,6,NRP1,0.03436240494837635,0.059318410663239673,0.27556419372558594
matched_hop0,pca_ridge,6,MS4A4A,0.005299195283010353,0.013876999345024718,0.11157172918319702
matched_hop0,pca_ridge,6,LMOD1,0.017025271847861793,0.004570882389110792,0.11659276485443115
matched_hop0,pca_ridge,6,HBA2,0.11572708408890844,0.15604432311308666,0.7560257911682129
matched_hop0,pca_ridge,6,PPP1R14A,0.32729259066421656,0.23372267193824303,0.7721560597419739
matched_hop0,pca_ridge,6,SLITRK6,0.034278783717604774,0.03994442394801071,0.1432662457227707
matched_hop0,pca_ridge,6,ADD3,0.10970357392318072,0.10877439952870985,0.6629500389099121
matched_hop0,pca_ridge,6,MIA,-0.007543270809576416,-0.005236301439703432,0.06880401074886322
matched_hop0,pca_ridge,6,LTF,0.07013345509876005,0.06822673710698603,0.5302227139472961
matched_hop0,pca_ridge,6,CST7,0.013799917333260444,0.016948039176103276,0.05143812298774719
matched_hop0,pca_ridge,6,TNF,0.021270447064240982,0.021658962467381106,0.06365063786506653
matched_hop0,pca_ridge,6,NEXN,-0.02252414830373631,-0.022161939007252558,0.10662399232387543
matched_hop0,pca_ridge,6,HBB,0.09337979020528676,0.10020502158745379,0.8351220488548279
matched_hop0,pca_ridge,6,SP140L,0.013242327640199763,0.007099210930523594,0.10388791561126709
matched_hop0,pca_ridge,6,CDKN1C,0.19126631380883008,0.1460633605133452,0.42442744970321655
matched_hop0,pca_ridge,6,ITGB1,0.06155371981482825,0.06278718461826145,0.49514880776405334
matched_hop0,pca_ridge,6,CLDN11,0.34759357128060314,0.24185585505197058,0.6325854659080505
matched_hop0,pca_ridge,6,STC2,0.06588420598737219,0.06645086627214958,0.25955021381378174
matched_hop0,pca_ridge,6,UGT8,0.24344942083402502,0.1826331564907803,0.4210626184940338
matched_hop0,pca_ridge,6,SOX6,0.005495171906996696,0.017315895588191816,0.22897006571292877
matched_hop0,pca_ridge,6,PDLIM4,0.006711405777049401,0.004814986653941321,0.26013025641441345
matched_hop0,pca_ridge,6,SEPT4,0.280837918696058,0.22585822059022703,0.8159400224685669
matched_hop0,pca_ridge,6,TLR7,-0.0021088923464373257,0.005422867329802649,0.0988038182258606
matched_hop0,pca_ridge,6,EBF1,-0.011025671630922555,-0.008994592404304719,0.1553528755903244
matched_hop0,pca_ridge,6,FMO2,0.0069695731487258265,0.0030171141299468805,0.12431543320417404
matched_hop0,pca_ridge,6,RELN,0.10768064951677092,0.07147207992880862,0.3861982822418213
matched_hop0,pca_ridge,6,VTI1A,0.015436584166152042,0.04384487425968089,0.21893194317817688
matched_hop0,spatial_knn,6,PTGDS,0.038374908759688596,0.0361025600242875,1.006113761790871
matched_hop0,spatial_knn,6,CD74,0.09056710602244929,0.06888545635043661,0.9082845396113906
matched_hop0,spatial_knn,6,CCL19,0.05041338177152168,0.054686415105758134,0.15423413417623855
matched_hop0,spatial_knn,6,COL3A1,0.14478029526673114,0.13682961717537986,0.5824211297445239
matched_hop0,spatial_knn,6,CXCL14,0.12698550868529956,0.12435943702647195,0.9366679289383978
matched_hop0,spatial_knn,6,ADH1B,0.15379193819057402,0.1276748380117964,0.48692088518154775
matched_hop0,spatial_knn,6,TFF3,0.13759117056605902,0.12869002342642125,0.9498478620096907
matched_hop0,spatial_knn,6,POSTN,0.06649140117810608,0.05758738906736079,0.3903322346507643
matched_hop0,spatial_knn,6,AQP1,0.11555199525920495,0.09972782132917979,0.3711716451325594
matched_hop0,spatial_knn,6,ISG15,0.05569793422042633,0.06536129095792845,0.6735823925757076
matched_hop0,spatial_knn,6,FDCSP,-0.005436055789558955,-0.005831834767362198,0.12178761239395078
matched_hop0,spatial_knn,6,CFD,0.08348234241802198,0.09763112152161357,0.6115323033036065
matched_hop0,spatial_knn,6,FABP4,0.2541141773474055,0.2582817239182379,0.9686690533434691
matched_hop0,spatial_knn,6,ADIRF,0.10949906981556098,0.1028084787015251,0.8869819454918227
matched_hop0,spatial_knn,6,CCL21,0.05101200797621689,0.037150914246955845,0.09657409580197371
matched_hop0,spatial_knn,6,CD3D,0.0031440443854755095,0.002400337984078382,0.08072888783561985
matched_hop0,spatial_knn,6,CLDN5,-0.0010386114824371881,0.0015060700755857295,0.5877723563203342
matched_hop0,spatial_knn,6,IFIT2,0.0032803626186285973,0.007334634810625391,0.24790062353415532
matched_hop0,spatial_knn,6,PTN,0.030825321013392255,0.03522886572032264,0.910117504078255
matched_hop0,spatial_knn,6,S100B,0.11698853961426396,0.1302509927882012,1.0700600977340027
matched_hop0,spatial_knn,6,ACTG2,-0.0003604979586361226,0.00057073004866629,0.095877918992235
matched_hop0,spatial_knn,6,FOS,-0.0003348662277844884,0.002348336466327765,0.463925248966612
matched_hop0,spatial_knn,6,ELN,-0.02380669612007395,-0.024125255800484455,0.20850079935784574
matched_hop0,spatial_knn,6,NRP1,0.02641856051130107,0.031793637040098084,0.2801257497425637
matched_hop0,spatial_knn,6,MS4A4A,-0.00942715319920909,-0.007976225508380851,0.11423890323468883
matched_hop0,spatial_knn,6,LMOD1,-0.0034914005823752777,0.003840687028763857,0.11786644796641285
matched_hop0,spatial_knn,6,HBA2,0.18958128079709005,0.15804718107322527,0.7762406290535802
matched_hop0,spatial_knn,6,PPP1R14A,0.23482736569526486,0.19806999990927696,0.8384484314724094
matched_hop0,spatial_knn,6,SLITRK6,0.008920977161730606,0.020452086242766027,0.14383178996934626
matched_hop0,spatial_knn,6,ADD3,0.002326444256931746,0.010138899725753006,0.6867819724442438
matched_hop0,spatial_knn,6,MIA,-0.0006661416631075896,-0.0007178503854663524,0.06875445634222628
matched_hop0,spatial_knn,6,LTF,0.05289673512634073,0.053013917358196626,0.5418681252087069
matched_hop0,spatial_knn,6,CST7,0.0,,0.051302872805306515
matched_hop0,spatial_knn,6,TNF,-0.0016398853223376151,-0.0017376158330550085,0.06380562974200875
matched_hop0,spatial_knn,6,NEXN,-0.007645998474591763,-0.00841381759189564,0.10703932178990641
matched_hop0,spatial_knn,6,HBB,0.3065958908249459,0.23662869110785117,0.8461838999238317
matched_hop0,spatial_knn,6,SP140L,0.0016446767545008133,0.005107112541893184,0.10437733950994067
matched_hop0,spatial_knn,6,CDKN1C,0.05634492433496644,0.050534147993049026,0.4546797757120403
matched_hop0,spatial_knn,6,ITGB1,0.022401938946480508,0.013757187999226064,0.5068998175404889
matched_hop0,spatial_knn,6,CLDN11,0.23162616949928086,0.18631076615697334,0.6769931013654192
matched_hop0,spatial_knn,6,STC2,0.015777280479263193,0.013039099556312201,0.2653306539055962
matched_hop0,spatial_knn,6,UGT8,0.11695265872549662,0.1025601498980521,0.4339505834151932
matched_hop0,spatial_knn,6,SOX6,0.014233269441713974,0.01298691567875181,0.23280703789216664
matched_hop0,spatial_knn,6,PDLIM4,0.008916334639736496,0.009560427020754278,0.2661574273597477
matched_hop0,spatial_knn,6,SEPT4,0.18957999800484546,0.1609978102035301,0.8581926396887348
matched_hop0,spatial_knn,6,TLR7,-0.007540682063116978,-0.008033639435811441,0.09918901413641522
matched_hop0,spatial_knn,6,EBF1,-0.020717174806714818,-0.01897142617934593,0.16098102386478805
matched_hop0,spatial_knn,6,FMO2,0.013999457839992398,0.012668020852701625,0.12805438056053087
matched_hop0,spatial_knn,6,RELN,0.06674130507623326,0.05475941058514497,0.3957502004501947
matched_hop0,spatial_knn,6,VTI1A,0.009133603754178899,0.007267535315913196,0.22871571929813117
random,mean,7,PTGDS,0.0,,0.9443857073783875
random,mean,7,CD74,,,0.9176883697509766
random,mean,7,CCL19,0.0,,0.18610435724258423
random,mean,7,COL3A1,,,0.5296623110771179
random,mean,7,CXCL14,,,0.9428666830062866
random,mean,7,ADH1B,,,0.38484910130500793
random,mean,7,TFF3,,,0.8512716293334961
random,mean,7,POSTN,,,0.36347153782844543
random,mean,7,AQP1,,,0.3449677526950836
random,mean,7,ISG15,,,0.7058119177818298
random,mean,7,FDCSP,0.0,,0.10678548365831375
random,mean,7,CFD,0.0,,0.49449506402015686
random,mean,7,FABP4,,,0.7540488839149475
random,mean,7,ADIRF,0.0,,0.8412399291992188
random,mean,7,CCL21,,,0.0962224081158638
random,mean,7,CD3D,,,0.10443234443664551
random,mean,7,CLDN5,,,0.5800594091415405
random,mean,7,IFIT2,,,0.23082168400287628
random,mean,7,PTN,,,0.8868887424468994
random,mean,7,S100B,,,1.0451538562774658
random,mean,7,ACTG2,,,0.1177595779299736
random,mean,7,FOS,,,0.44339752197265625
random,mean,7,ELN,,,0.21197445690631866
random,mean,7,NRP1,,,0.2525412142276764
random,mean,7,MS4A4A,,,0.10144127905368805
random,mean,7,LMOD1,,,0.1175973117351532
random,mean,7,HBA2,,,0.7618430852890015
random,mean,7,PPP1R14A,,,0.8079380393028259
random,mean,7,SLITRK6,,,0.16244739294052124
random,mean,7,ADD3,,,0.6769497394561768
random,mean,7,MIA,,,0.060301024466753006
random,mean,7,LTF,,,0.5027071833610535
random,mean,7,CST7,0.0,,0.056623734533786774
random,mean,7,TNF,,,0.06112029403448105
random,mean,7,NEXN,,,0.10582969337701797
random,mean,7,HBB,,,0.8256508708000183
random,mean,7,SP140L,,,0.10932499915361404
random,mean,7,CDKN1C,0.0,,0.4223853647708893
random,mean,7,ITGB1,0.0,,0.49711307883262634
random,mean,7,CLDN11,,,0.6699522137641907
random,mean,7,STC2,0.0,,0.28348371386528015
random,mean,7,UGT8,0.0,,0.43468180298805237
random,mean,7,SOX6,0.0,,0.2327391356229782
random,mean,7,PDLIM4,,,0.2572164535522461
random,mean,7,SEPT4,,,0.8377933502197266
random,mean,7,TLR7,0.0,,0.08276396244764328
random,mean,7,EBF1,,,0.15006941556930542
random,mean,7,FMO2,0.0,,0.11619684845209122
random,mean,7,RELN,,,0.3861062824726105
random,mean,7,VTI1A,0.0,,0.19228877127170563
random,pca_ridge,7,PTGDS,0.3317189160854644,0.296007549853168,0.8908658027648926
random,pca_ridge,7,CD74,0.2028549454996332,0.16252395818033763,0.8985840678215027
random,pca_ridge,7,CCL19,0.052824090696335424,0.022053201740466863,0.18585193157196045
random,pca_ridge,7,COL3A1,0.1414203504826545,0.10672085864973226,0.5249233841896057
random,pca_ridge,7,CXCL14,0.16642641384656637,0.13420563234104757,0.9297552108764648
random,pca_ridge,7,ADH1B,0.07149146183816585,0.05022563001229805,0.3838892877101898
random,pca_ridge,7,TFF3,0.2021672225693434,0.189463482699703,0.8337219953536987
random,pca_ridge,7,POSTN,0.10749413033234019,0.08225943502943994,0.36185428500175476
random,pca_ridge,7,AQP1,0.22722485729173006,0.14332051990740619,0.33680009841918945
random,pca_ridge,7,ISG15,0.0693274592834481,0.0865221507512947,0.7041385769844055
random,pca_ridge,7,FDCSP,-0.00014684185350085158,-0.013153849892748416,0.10694881528615952
random,pca_ridge,7,CFD,0.11256786279887035,0.08858425590996347,0.4915392994880676
random,pca_ridge,7,FABP4,0.1493480157333099,0.11215319666230428,0.7456361055374146
random,pca_ridge,7,ADIRF,0.09744849758833238,0.0771144244457964,0.8375680446624756
random,pca_ridge,7,CCL21,-0.004833914996928984,-0.008437694747414397,0.09632324427366257
random,pca_ridge,7,CD3D,-0.014494560687316022,-0.01629786783653661,0.10459169000387192
random,pca_ridge,7,CLDN5,0.05789565017425195,0.10159732723989634,0.5791569948196411
random,pca_ridge,7,IFIT2,0.05554518117753601,0.04464914024114811,0.2307213544845581
random,pca_ridge,7,PTN,0.11319695314980377,0.11848579090992442,0.8811984062194824
random,pca_ridge,7,S100B,0.3347785575910095,0.2817384927669813,0.9849791526794434
random,pca_ridge,7,ACTG2,0.01252882748436231,0.0010264172164854827,0.1178114265203476
random,pca_ridge,7,FOS,0.10809735468816088,0.0852428242366081,0.44080233573913574
random,pca_ridge,7,ELN,0.0172307614090127,0.007294126628457247,0.21226580440998077
random,pca_ridge,7,NRP1,-0.0036318449672097857,0.03286044039046992,0.2530817687511444
random,pca_ridge,7,MS4A4A,0.0025076852518475636,0.0026829432475853595,0.10152585059404373
random,pca_ridge,7,LMOD1,0.017899677128224795,0.01300639384096351,0.11765474826097488
random,pca_ridge,7,HBA2,0.08102372886853047,0.13608075137282,0.759494423866272
random,pca_ridge,7,PPP1R14A,0.417954042624438,0.277230990739216,0.7339643836021423
random,pca_ridge,7,SLITRK6,0.0689332962109246,0.06675723764475128,0.16206832230091095
random,pca_ridge,7,ADD3,0.10294413861394802,0.11307736305010385,0.6736771464347839
random,pca_ridge,7,MIA,-0.017003699527147358,-0.01918250462740081,0.060443151742219925
random,pca_ridge,7,LTF,0.11579485050984376,0.103245858427473,0.49933287501335144
random,pca_ridge,7,CST7,0.02354174551036623,0.01724980130480828,0.05664506554603577
random,pca_ridge,7,TNF,-0.0015434705091429916,-0.0012889663447700228,0.06118398904800415
random,pca_ridge,7,NEXN,0.02213209848076843,0.029812339966561945,0.10580839216709137
random,pca_ridge,7,HBB,0.09277330547247747,0.10520989843933806,0.82208251953125
random,pca_ridge,7,SP140L,0.025510992286471038,0.03004251530522236,0.10930762439966202
random,pca_ridge,7,CDKN1C,0.30171084071508125,0.19400828029848544,0.4026694893836975
random,pca_ridge,7,ITGB1,0.10000464045790061,0.08501990769696008,0.4947473406791687
random,pca_ridge,7,CLDN11,0.42668333048280216,0.271151190348887,0.606022834777832
random,pca_ridge,7,STC2,0.06211051575217662,0.06540470520903476,0.282947301864624
random,pca_ridge,7,UGT8,0.31653800026724666,0.20041409443549968,0.4124704897403717
random,pca_ridge,7,SOX6,0.02503707960551645,0.057203949009955964,0.2327195405960083
random,pca_ridge,7,PDLIM4,0.02098250245919466,0.01805368628686057,0.2572936713695526
random,pca_ridge,7,SEPT4,0.3459835519802569,0.2597054506823071,0.7861454486846924
random,pca_ridge,7,TLR7,0.019242306812170252,0.017318425768172153,0.0828075036406517
random,pca_ridge,7,EBF1,-0.013255145576564877,-0.015001350676123555,0.15031586587429047
random,pca_ridge,7,FMO2,0.0071990279015670955,0.009814582838073758,0.11627387255430222
random,pca_ridge,7,RELN,0.12302906853215559,0.08691195810029305,0.3831738531589508
random,pca_ridge,7,VTI1A,0.03225103589545893,0.06785509147105298,0.19226205348968506
random,spatial_knn,7,PTGDS,0.11414495900028412,0.09224070343570963,0.9726009874119117
random,spatial_knn,7,CD74,0.14651204196580064,0.13886061570901728,0.9373422574259989
random,spatial_knn,7,CCL19,0.11790026329001492,0.07944735044462928,0.19195622295535722
random,spatial_knn,7,COL3A1,0.14674931125219273,0.15381616876093104,0.5411218516969932
random,spatial_knn,7,CXCL14,0.10992565999706179,0.10242496514682006,0.966598141927717
random,spatial_knn,7,ADH1B,0.26510198334134094,0.21769568342094492,0.378330481959338
random,spatial_knn,7,TFF3,0.21725282256692519,0.22770877408734913,0.8525478749365919
random,spatial_knn,7,POSTN,0.051713970388176295,0.06685098955661317,0.3839519027540009
random,spatial_knn,7,AQP1,0.11157437312641579,0.09051119907676511,0.3563668094745109
random,spatial_knn,7,ISG15,0.11461252132864456,0.11893965920214893,0.7240280436370757
random,spatial_knn,7,FDCSP,0.1786602677960254,0.062271177891194324,0.10777135110578595
random,spatial_knn,7,CFD,0.16406917679202715,0.16087839555865016,0.5021115999627239
random,spatial_knn,7,FABP4,0.44758545093579216,0.39823007821708556,0.682366964107396
random,spatial_knn,7,ADIRF,0.1204722769655506,0.11694931825521164,0.8625158183176087
random,spatial_knn,7,CCL21,-0.004642292271586285,0.0025971121501151004,0.10007534344160475
random,spatial_knn,7,CD3D,0.0026170145285763493,0.010683783064178814,0.10962746137300812
random,spatial_knn,7,CLDN5,0.016469320267713656,0.032557212331354723,0.6077091480083728
random,spatial_knn,7,IFIT2,0.009182863489791259,-0.0017587040617992248,0.24517086723717657
random,spatial_knn,7,PTN,0.05429035765836675,0.05055640555764008,0.9222107750941994
random,spatial_knn,7,S100B,0.13631065209108661,0.11183352835517409,1.072541714476441
random,spatial_knn,7,ACTG2,-0.0036716013120050373,-0.007833353976936377,0.12433819609523847
random,spatial_knn,7,FOS,0.04062828314316996,0.03766533772473994,0.4605837805398465
random,spatial_knn,7,ELN,-0.001140105386005323,0.008313618568882639,0.22496880183727863
random,spatial_knn,7,NRP1,-0.009256527719409182,0.008861161432831907,0.2689351502705812
random,spatial_knn,7,MS4A4A,0.011192756783306031,0.01544789768169742,0.10881824493449188
random,spatial_knn,7,LMOD1,0.00018592949845414736,-0.004665298320096077,0.1269762889868957
random,spatial_knn,7,HBA2,0.18168968895472368,0.1476122277320681,0.7700835654478249
random,spatial_knn,7,PPP1R14A,0.26883956674957205,0.19382454460561868,0.7957307946954341
random,spatial_knn,7,SLITRK6,0.0410970995317033,0.07446806614053304,0.16784450275823481
random,spatial_knn,7,ADD3,0.028877620775182574,0.026931284398264848,0.7074565840129311
random,spatial_knn,7,MIA,-0.005464047394620315,-0.008842334650907528,0.0670986154756149
random,spatial_knn,7,LTF,0.12023807861582379,0.13339644835230086,0.514555883608906
random,spatial_knn,7,CST7,-0.006336896504280554,-0.00802406305985692,0.05973212714119879
random,spatial_knn,7,TNF,-0.004842547626789631,-0.005858509173871861,0.06257469052520738
random,spatial_knn,7,NEXN,-0.0019593953688476235,-0.004456731408294783,0.11269564786249332
random,spatial_knn,7,HBB,0.3108938908645873,0.2587821330495981,0.8030953976459944
random,spatial_knn,7,SP140L,-0.00011146307835574638,0.012257361982992498,0.11410653894981061
random,spatial_knn,7,CDKN1C,0.14939356694456002,0.09383172657194964,0.43204298057897694
random,spatial_knn,7,ITGB1,0.029901919200623447,0.03127197948943005,0.518930839021197
random,spatial_knn,7,CLDN11,0.2725651412516943,0.18756826115225622,0.6584158559961939
random,spatial_knn,7,STC2,0.00809448273431817,0.022233977643244588,0.2990269521658997
random,spatial_knn,7,UGT8,0.19155035713838375,0.1452568243288887,0.4371042802038663
random,spatial_knn,7,SOX6,0.014908840591822771,0.0108503567699861,0.24254311268327675
random,spatial_knn,7,PDLIM4,-0.010727375463325394,-0.024848527286379988,0.27163269178257915
random,spatial_knn,7,SEPT4,0.22401948794058918,0.1705920251340997,0.8388645534949849
random,spatial_knn,7,TLR7,0.13309367513368742,0.013573040008283108,0.08458795858092524
random,spatial_knn,7,EBF1,0.02642515412383862,0.02343562052297475,0.15913510365882513
random,spatial_knn,7,FMO2,0.0050099463685184175,0.026545532931556506,0.12111957098593591
random,spatial_knn,7,RELN,0.04087247702481388,0.06370541270604389,0.4061694480931633
random,spatial_knn,7,VTI1A,0.01395751654181028,0.022549640222921025,0.20616588939849456
matched_hop0,mean,7,PTGDS,0.0,,0.8508158922195435
matched_hop0,mean,7,CD74,,,0.861981987953186
matched_hop0,mean,7,CCL19,,,0.1900680959224701
matched_hop0,mean,7,COL3A1,0.0,,0.4731205403804779
matched_hop0,mean,7,CXCL14,,,0.9260468482971191
matched_hop0,mean,7,ADH1B,,,0.4871363937854767
matched_hop0,mean,7,TFF3,,,0.8343944549560547
matched_hop0,mean,7,POSTN,0.0,,0.3428017497062683
matched_hop0,mean,7,AQP1,,,0.24859285354614258
matched_hop0,mean,7,ISG15,0.0,,0.6791785359382629
matched_hop0,mean,7,FDCSP,,,0.0883830338716507
matched_hop0,mean,7,CFD,0.0,,0.5399428606033325
matched_hop0,mean,7,FABP4,0.0,,0.9048886299133301
matched_hop0,mean,7,ADIRF,0.0,,0.8636605143547058
matched_hop0,mean,7,CCL21,,,0.06862138211727142
matched_hop0,mean,7,CD3D,0.0,,0.08710407465696335
matched_hop0,mean,7,CLDN5,,,0.584987461566925
matched_hop0,mean,7,IFIT2,,,0.23116199672222137
matched_hop0,mean,7,PTN,,,0.8816390633583069
matched_hop0,mean,7,S100B,,,0.9636619687080383
matched_hop0,mean,7,ACTG2,,,0.1060241162776947
matched_hop0,mean,7,FOS,0.0,,0.41292065382003784
matched_hop0,mean,7,ELN,,,0.21425694227218628
matched_hop0,mean,7,NRP1,,,0.278551310300827
matched_hop0,mean,7,MS4A4A,,,0.10301214456558228
matched_hop0,mean,7,LMOD1,0.0,,0.12666656076908112
matched_hop0,mean,7,HBA2,,,0.7785800099372864
matched_hop0,mean,7,PPP1R14A,,,0.6692310571670532
matched_hop0,mean,7,SLITRK6,0.0,,0.06523693352937698
matched_hop0,mean,7,ADD3,0.0,,0.65602046251297
matched_hop0,mean,7,MIA,,,0.07493992149829865
matched_hop0,mean,7,LTF,,,0.46628761291503906
matched_hop0,mean,7,CST7,,,0.06098157912492752
matched_hop0,mean,7,TNF,,,0.040805328637361526
matched_hop0,mean,7,NEXN,,,0.11547743529081345
matched_hop0,mean,7,HBB,0.0,,0.9039648175239563
matched_hop0,mean,7,SP140L,,,0.09910594671964645
matched_hop0,mean,7,CDKN1C,,,0.3734886646270752
matched_hop0,mean,7,ITGB1,0.0,,0.46430739760398865
matched_hop0,mean,7,CLDN11,,,0.5350720882415771
matched_hop0,mean,7,STC2,,,0.26821190118789673
matched_hop0,mean,7,UGT8,0.0,,0.3418082892894745
matched_hop0,mean,7,SOX6,0.0,,0.2308785319328308
matched_hop0,mean,7,PDLIM4,,,0.26849108934402466
matched_hop0,mean,7,SEPT4,0.0,,0.7457103729248047
matched_hop0,mean,7,TLR7,0.0,,0.09497306495904922
matched_hop0,mean,7,EBF1,,,0.1563922017812729
matched_hop0,mean,7,FMO2,0.0,,0.12875430285930634
matched_hop0,mean,7,RELN,,,0.43270376324653625
matched_hop0,mean,7,VTI1A,0.0,,0.22173245251178741
matched_hop0,pca_ridge,7,PTGDS,0.18925500886428523,0.20630879898163657,0.8357453346252441
matched_hop0,pca_ridge,7,CD74,0.13106520182765868,0.11149593852196803,0.8543334007263184
matched_hop0,pca_ridge,7,CCL19,0.024534438669727744,0.0071604530245666445,0.19007207453250885
matched_hop0,pca_ridge,7,COL3A1,0.10772311424493515,0.08914981515663845,0.4705442488193512
matched_hop0,pca_ridge,7,CXCL14,0.20221942282378913,0.16675011882531746,0.9077146649360657
matched_hop0,pca_ridge,7,ADH1B,0.0858079826112068,0.07889984980422944,0.4853522479534149
matched_hop0,pca_ridge,7,TFF3,0.19930579231888884,0.19019701240177425,0.8176184892654419
matched_hop0,pca_ridge,7,POSTN,0.06384036795079233,0.07068502775522519,0.34242263436317444
matched_hop0,pca_ridge,7,AQP1,0.07169371419186779,0.05496259412516449,0.24846376478672028
matched_hop0,pca_ridge,7,ISG15,0.06505006253118654,0.07713924480038525,0.6777966618537903
matched_hop0,pca_ridge,7,FDCSP,-0.020394603820379133,-0.02323837031717123,0.08876412361860275
matched_hop0,pca_ridge,7,CFD,0.10013295208191186,0.08435195341515597,0.5372511744499207
matched_hop0,pca_ridge,7,FABP4,0.19802060577546268,0.1613533347856381,0.89111328125
matched_hop0,pca_ridge,7,ADIRF,0.16490995617408397,0.1395255025635477,0.8534929156303406
matched_hop0,pca_ridge,7,CCL21,-0.0019426527809558148,0.0016912085659347882,0.06872032582759857
matched_hop0,pca_ridge,7,CD3D,0.006019598001156022,0.00447107964998844,0.0871620699763298
matched_hop0,pca_ridge,7,CLDN5,0.03753830177568247,0.07135676161239603,0.5850009918212891
matched_hop0,pca_ridge,7,IFIT2,0.01133701926754134,0.029296068343592135,0.23144103586673737
matched_hop0,pca_ridge,7,PTN,0.08470126264739247,0.08308135369341513,0.8780773282051086
matched_hop0,pca_ridge,7,S100B,0.2332331685714804,0.22159835243228806,0.9376783967018127
matched_hop0,pca_ridge,7,ACTG2,0.01765603791818903,0.004596087570183532,0.10607921332120895
matched_hop0,pca_ridge,7,FOS,0.04333911010041141,0.04811811629601396,0.41278910636901855
matched_hop0,pca_ridge,7,ELN,0.05857724064666681,0.03370924296012918,0.21390677988529205
matched_hop0,pca_ridge,7,NRP1,0.010969799899724566,0.04801642863871549,0.27872297167778015
matched_hop0,pca_ridge,7,MS4A4A,-0.017476808607757605,-0.012566907823023762,0.10321220755577087
matched_hop0,pca_ridge,7,LMOD1,0.014640389096185834,0.010119676343233276,0.12676909565925598
matched_hop0,pca_ridge,7,HBA2,0.05708231780691072,0.11296862668888827,0.7773128747940063
matched_hop0,pca_ridge,7,PPP1R14A,0.14744886012448744,0.14686383649750395,0.6638104319572449
matched_hop0,pca_ridge,7,SLITRK6,0.011674559903189684,0.008272124992468951,0.0658811554312706
matched_hop0,pca_ridge,7,ADD3,0.07687999922344739,0.0866085188990445,0.6540104150772095
matched_hop0,pca_ridge,7,MIA,0.01277069719174868,0.0024982093555108937,0.07495738565921783
matched_hop0,pca_ridge,7,LTF,0.10087289476801203,0.10832922002859106,0.46388208866119385
matched_hop0,pca_ridge,7,CST7,0.0035901742444989066,-9.122725515092529e-05,0.061050865799188614
matched_hop0,pca_ridge,7,TNF,0.0001571694657607786,-0.0038107353565023936,0.040918875485658646
matched_hop0,pca_ridge,7,NEXN,-0.00530749732478987,0.0009196815796010153,0.11555780470371246
matched_hop0,pca_ridge,7,HBB,0.031968174633625446,0.07033964581397929,0.9037061929702759
matched_hop0,pca_ridge,7,SP140L,0.014142260064791539,0.021249087911121876,0.09914238005876541
matched_hop0,pca_ridge,7,CDKN1C,0.07792360422365655,0.10398009452718224,0.3728296160697937
matched_hop0,pca_ridge,7,ITGB1,0.05794183810905132,0.07648262322940819,0.4635782241821289
matched_hop0,pca_ridge,7,CLDN11,0.1697963922038587,0.16706139994565622,0.5282182097434998
matched_hop0,pca_ridge,7,STC2,0.04585462504171123,0.04983996306147184,0.2680045962333679
matched_hop0,pca_ridge,7,UGT8,0.11308678191344133,0.12013554018303473,0.34008803963661194
matched_hop0,pca_ridge,7,SOX6,0.03087065811558985,0.04517671317253945,0.23077304661273956
matched_hop0,pca_ridge,7,PDLIM4,0.02027808763750651,0.02391123923791892,0.26853710412979126
matched_hop0,pca_ridge,7,SEPT4,0.20544903977985932,0.2312853912795997,0.7301445007324219
matched_hop0,pca_ridge,7,TLR7,0.013443251000122138,0.018131128887441332,0.09500911831855774
matched_hop0,pca_ridge,7,EBF1,0.003965384329566972,0.006486104366013381,0.15652494132518768
matched_hop0,pca_ridge,7,FMO2,-0.008472231998740695,-0.00297188944616553,0.1288909614086151
matched_hop0,pca_ridge,7,RELN,0.13953634669584492,0.0925555888460329,0.4286961555480957
matched_hop0,pca_ridge,7,VTI1A,0.018923208797564893,0.0566395246217712,0.22180509567260742
matched_hop0,spatial_knn,7,PTGDS,-0.005013239826088534,0.003361504258010276,0.8887482936343328
matched_hop0,spatial_knn,7,CD74,0.10946886018403645,0.10891488024810583,0.8730979310394658
matched_hop0,spatial_knn,7,CCL19,0.10171217318322325,0.029637823362025688,0.19155472487474806
matched_hop0,spatial_knn,7,COL3A1,0.03579348554295371,0.050302333836574516,0.48141833019805547
matched_hop0,spatial_knn,7,CXCL14,0.06400171325442178,0.05052312052139417,0.9406440608547111
matched_hop0,spatial_knn,7,ADH1B,0.15752548080792164,0.17123543344375633,0.4964402656223441
matched_hop0,spatial_knn,7,TFF3,0.02794338992852025,0.03682262625444809,0.8727093104520417
matched_hop0,spatial_knn,7,POSTN,-0.02583838117414873,0.002381372972340817,0.3536673503913088
matched_hop0,spatial_knn,7,AQP1,0.02086974829263059,0.020460681717807364,0.25610519352383093
matched_hop0,spatial_knn,7,ISG15,0.11993303612390789,0.093742627163654,0.690289452030593
matched_hop0,spatial_knn,7,FDCSP,0.051279087194421716,0.03890394186679288,0.09840385854783786
matched_hop0,spatial_knn,7,CFD,0.21327942107605682,0.18664358563457004,0.5284803172194901
matched_hop0,spatial_knn,7,FABP4,0.37635239459602976,0.36085276006838013,0.8334460959695249
matched_hop0,spatial_knn,7,ADIRF,0.14340426980153048,0.13714005490864986,0.8648139831263015
matched_hop0,spatial_knn,7,CCL21,-0.00438586814892765,-0.004912053314792767,0.06960918423718584
matched_hop0,spatial_knn,7,CD3D,0.011053075843314712,0.009934801349646567,0.0905049221225639
matched_hop0,spatial_knn,7,CLDN5,0.01337427372175052,0.001925499793279537,0.6081765026870576
matched_hop0,spatial_knn,7,IFIT2,0.00646547024006129,0.00441010473833034,0.2358163528581075
matched_hop0,spatial_knn,7,PTN,0.04510208526144905,0.04166931825430773,0.9052139028624931
matched_hop0,spatial_knn,7,S100B,0.03650094372764923,0.034682968570662887,0.9880363716110155
matched_hop0,spatial_knn,7,ACTG2,0.030896531053264897,0.017732142665389326,0.10945253853845867
matched_hop0,spatial_knn,7,FOS,-0.010377579273694393,-0.008923885251905092,0.4249109473651136
matched_hop0,spatial_knn,7,ELN,0.017043997549508284,0.01400024635032734,0.21822228744179478
matched_hop0,spatial_knn,7,NRP1,-0.00957184685709198,-0.003543305440682123,0.2941124027704311
matched_hop0,spatial_knn,7,MS4A4A,-0.014063252399936232,-0.015796387028397255,0.10484714185475316
matched_hop0,spatial_knn,7,LMOD1,0.02841251637989127,0.01818587166545349,0.12740021719763334
matched_hop0,spatial_knn,7,HBA2,0.17585267725547307,0.13374464943240788,0.7748220147264189
matched_hop0,spatial_knn,7,PPP1R14A,0.03029656062421991,0.020559028200354563,0.6839395537464547
matched_hop0,spatial_knn,7,SLITRK6,-0.007566101039212382,-0.004947322394580691,0.06945688797608782
matched_hop0,spatial_knn,7,ADD3,-0.003991343718656345,-0.006889562951329543,0.6751970662046682
matched_hop0,spatial_knn,7,MIA,-0.0014233305016913512,-0.00040644461948223575,0.0758824592228873
matched_hop0,spatial_knn,7,LTF,0.04904222810471587,0.05084347683510037,0.47468323483975033
matched_hop0,spatial_knn,7,CST7,-0.005249437632201688,-0.0055428210622763385,0.06292142711324936
matched_hop0,spatial_knn,7,TNF,0.0,,0.04083168650614114
matched_hop0,spatial_knn,7,NEXN,-0.0154449795225515,-0.01173943755022467,0.11897588689874215
matched_hop0,spatial_knn,7,HBB,0.26603975644077776,0.21471218923809773,0.8773204257952872
matched_hop0,spatial_knn,7,SP140L,-0.014953818290313333,-0.01625130102281286,0.10534584860444468
matched_hop0,spatial_knn,7,CDKN1C,0.021474581237192706,0.023822487062128504,0.38339759128987827
matched_hop0,spatial_knn,7,ITGB1,0.013564843639700841,0.01767358555409423,0.474463496735046
matched_hop0,spatial_knn,7,CLDN11,0.04066846155212807,0.02482015752262819,0.5520541105963918
matched_hop0,spatial_knn,7,STC2,-0.00060297883534582,-0.00126363935329184,0.275901079458011
matched_hop0,spatial_knn,7,UGT8,0.005444792220407794,0.004971599840042233,0.35408907488232355
matched_hop0,spatial_knn,7,SOX6,0.013923197605863248,0.022225145347168792,0.23756908023930703
matched_hop0,spatial_knn,7,PDLIM4,0.014220018302036154,0.01595797695215595,0.2731585124627559
matched_hop0,spatial_knn,7,SEPT4,0.07269654764025268,0.04829072234405787,0.7634713638646539
matched_hop0,spatial_knn,7,TLR7,0.00040335668654171866,-0.0025254116645868825,0.09950189919199577
matched_hop0,spatial_knn,7,EBF1,0.005853236600965744,0.0071867769041308125,0.16305742841471374
matched_hop0,spatial_knn,7,FMO2,0.021616375493479296,0.01755204662898705,0.13122704573264785
matched_hop0,spatial_knn,7,RELN,0.06846803647984433,0.058885741863341896,0.4384753570946542
matched_hop0,spatial_knn,7,VTI1A,0.011541168148705871,0.0020167265115855824,0.22774877221136927
random,mean,8,PTGDS,,,0.9416200518608093
random,mean,8,CD74,0.0,,0.916003942489624
random,mean,8,CCL19,,,0.19763338565826416
random,mean,8,COL3A1,,,0.5075410008430481
random,mean,8,CXCL14,,,0.9329833984375
random,mean,8,ADH1B,,,0.37833699584007263
random,mean,8,TFF3,,,0.8516238927841187
random,mean,8,POSTN,,,0.3917085826396942
random,mean,8,AQP1,,,0.3461611866950989
random,mean,8,ISG15,,,0.7044135332107544
random,mean,8,FDCSP,0.0,,0.09031172841787338
random,mean,8,CFD,0.0,,0.4813905656337738
random,mean,8,FABP4,,,0.7652110457420349
random,mean,8,ADIRF,0.0,,0.8425650596618652
random,mean,8,CCL21,0.0,,0.07745086401700974
random,mean,8,CD3D,,,0.10750272870063782
random,mean,8,CLDN5,0.0,,0.5911391377449036
random,mean,8,IFIT2,,,0.24472200870513916
random,mean,8,PTN,,,0.9001972079277039
random,mean,8,S100B,,,1.0332331657409668
random,mean,8,ACTG2,,,0.1288200318813324
random,mean,8,FOS,,,0.4406124949455261
random,mean,8,ELN,,,0.23844783008098602
random,mean,8,NRP1,0.0,,0.26372575759887695
random,mean,8,MS4A4A,,,0.08461513370275497
random,mean,8,LMOD1,0.0,,0.1553276628255844
random,mean,8,HBA2,,,0.7719981670379639
random,mean,8,PPP1R14A,,,0.7855075001716614
random,mean,8,SLITRK6,0.0,,0.10574384778738022
random,mean,8,ADD3,,,0.666232705116272
random,mean,8,MIA,,,0.06604153662919998
random,mean,8,LTF,0.0,,0.48383477330207825
random,mean,8,CST7,,,0.07290985435247421
random,mean,8,TNF,,,0.05775255709886551
random,mean,8,NEXN,0.0,,0.12600159645080566
random,mean,8,HBB,0.0,,0.8346244096755981
random,mean,8,SP140L,,,0.1052953377366066
random,mean,8,CDKN1C,0.0,,0.4370895326137543
random,mean,8,ITGB1,,,0.4608542025089264
random,mean,8,CLDN11,0.0,,0.6702395081520081
random,mean,8,STC2,0.0,,0.283164918422699
random,mean,8,UGT8,,,0.4418449401855469
random,mean,8,SOX6,,,0.18917705118656158
random,mean,8,PDLIM4,,,0.2594163715839386
random,mean,8,SEPT4,,,0.8335573673248291
random,mean,8,TLR7,,,0.09658835828304291
random,mean,8,EBF1,,,0.13756370544433594
random,mean,8,FMO2,,,0.12646938860416412
random,mean,8,RELN,,,0.40218859910964966
random,mean,8,VTI1A,,,0.2019864171743393
random,pca_ridge,8,PTGDS,0.30194754407679353,0.27035333818726603,0.8979002237319946
random,pca_ridge,8,CD74,0.18424657536774988,0.1553405170959674,0.9004179835319519
random,pca_ridge,8,CCL19,0.04018044870261295,-0.012721668315379013,0.1975068897008896
random,pca_ridge,8,COL3A1,0.1374934462116557,0.1047178740893645,0.5034574866294861
random,pca_ridge,8,CXCL14,0.1702343491260287,0.1283625655359466,0.9193376302719116
random,pca_ridge,8,ADH1B,0.060233244369519726,0.04690013468751686,0.37779662013053894
random,pca_ridge,8,TFF3,0.17211697956238875,0.1759151434787594,0.8392608761787415
random,pca_ridge,8,POSTN,0.12494553421443538,0.1071179436357306,0.3887464702129364
random,pca_ridge,8,AQP1,0.23313075593715826,0.15356288444796148,0.337178111076355
random,pca_ridge,8,ISG15,0.07292970903220852,0.09692607111177869,0.7025457620620728
random,pca_ridge,8,FDCSP,0.004847727731463731,0.008915979900334643,0.09046328812837601
random,pca_ridge,8,CFD,0.0525140640422643,0.03448016454755222,0.4810916781425476
random,pca_ridge,8,FABP4,0.15547075227441765,0.12400690603468603,0.7560366988182068
random,pca_ridge,8,ADIRF,0.0911841332029739,0.06649813755212733,0.8394676446914673
random,pca_ridge,8,CCL21,-0.006709631977178956,-0.006967538863251005,0.07760284841060638
random,pca_ridge,8,CD3D,0.011607255297484994,0.0009390611037857763,0.10753215849399567
random,pca_ridge,8,CLDN5,0.05686143902100544,0.09397491358554057,0.5902479887008667
random,pca_ridge,8,IFIT2,0.04812639442800343,0.05283197851099174,0.24473899602890015
random,pca_ridge,8,PTN,0.10559170559888478,0.10675748805242284,0.895193338394165
random,pca_ridge,8,S100B,0.3222111578217271,0.2778662444743935,0.9785959720611572
random,pca_ridge,8,ACTG2,0.021398394565299267,0.020156580914225924,0.12882502377033234
random,pca_ridge,8,FOS,0.09116182543912352,0.07830672043194936,0.4389406442642212
random,pca_ridge,8,ELN,0.03500437897230089,0.011230893870069505,0.23840448260307312
random,pca_ridge,8,NRP1,0.033785829591902385,0.06481225476109502,0.2636248469352722
random,pca_ridge,8,MS4A4A,-0.026346923572901977,-0.016928117265685706,0.08484474569559097
random,pca_ridge,8,LMOD1,0.03562395705585989,0.01987061785779105,0.15523241460323334
random,pca_ridge,8,HBA2,0.09582940733098935,0.1476226882138603,0.7684809565544128
random,pca_ridge,8,PPP1R14A,0.40579786981246857,0.26974513511091913,0.717991054058075
random,pca_ridge,8,SLITRK6,0.028937619136703598,0.032731961194906865,0.10594743490219116
random,pca_ridge,8,ADD3,0.0850036270568855,0.08746062114048443,0.6646262407302856
random,pca_ridge,8,MIA,0.0014902505957374592,0.00861794982885762,0.06611673533916473
random,pca_ridge,8,LTF,0.10170288639512198,0.09641793342899765,0.4813392758369446
random,pca_ridge,8,CST7,-0.012438888221802875,-0.007359408806626747,0.07303807139396667
random,pca_ridge,8,TNF,0.019456790842127616,0.013245103866907006,0.057751644402742386
random,pca_ridge,8,NEXN,-0.0027378852425573585,-0.011635949181022865,0.12608055770397186
random,pca_ridge,8,HBB,0.07197190548478116,0.08791567396817783,0.8327532410621643
random,pca_ridge,8,SP140L,-0.014759023926581051,-0.008438566863622522,0.10547643154859543
random,pca_ridge,8,CDKN1C,0.25041857339745677,0.179841318358564,0.4236471652984619
random,pca_ridge,8,ITGB1,0.12457192759042432,0.10655198365977843,0.4571881592273712
random,pca_ridge,8,CLDN11,0.4177418751206483,0.2754742597780745,0.6093657612800598
random,pca_ridge,8,STC2,0.060140503069233124,0.05842560523369277,0.2826664447784424
random,pca_ridge,8,UGT8,0.3516952601045511,0.22292414117396447,0.413714736700058
random,pca_ridge,8,SOX6,0.029631661135393776,0.03890047835154732,0.18917834758758545
random,pca_ridge,8,PDLIM4,0.03142344801500624,0.017339327954241507,0.25934749841690063
random,pca_ridge,8,SEPT4,0.3479589333081321,0.27580285494313145,0.7814691066741943
random,pca_ridge,8,TLR7,0.01780293608066935,0.025410959565842946,0.09662289172410965
random,pca_ridge,8,EBF1,0.014277429706053741,0.010072353910254557,0.13762296736240387
random,pca_ridge,8,FMO2,0.028065271543053723,0.02628137016223684,0.12642081081867218
random,pca_ridge,8,RELN,0.10898697766905727,0.05950425957792689,0.39984142780303955
random,pca_ridge,8,VTI1A,-0.014103532275830145,0.011298832033904414,0.2025027722120285
random,spatial_knn,8,PTGDS,0.09778311358789651,0.09660750994982402,0.9750435268719907
random,spatial_knn,8,CD74,0.13572938300141424,0.12798373048224948,0.9398363083945126
random,spatial_knn,8,CCL19,0.1429295440070773,0.058220567662965586,0.20017093177004391
random,spatial_knn,8,COL3A1,0.13543955440294023,0.14019417500377784,0.5250219998368113
random,spatial_knn,8,CXCL14,0.0962542391598517,0.08236092421258617,0.9605773861729026
random,spatial_knn,8,ADH1B,0.2117943370316527,0.1868339866745074,0.3811344114465182
random,spatial_knn,8,TFF3,0.23276820041306256,0.2473383107785687,0.8498869935006025
random,spatial_knn,8,POSTN,0.09013821360651626,0.09694026106295603,0.4056332148213958
random,spatial_knn,8,AQP1,0.12704101001525503,0.0906135342493464,0.35673367234675113
random,spatial_knn,8,ISG15,0.1000922078331985,0.09917272993857293,0.725382290326471
random,spatial_knn,8,FDCSP,0.08428803799209159,0.10807720327181242,0.0953369026510296
random,spatial_knn,8,CFD,0.16036865471557166,0.14176835285421074,0.49039409373770126
random,spatial_knn,8,FABP4,0.45243781264210525,0.41205327162330646,0.6893473424244737
random,spatial_knn,8,ADIRF,0.11648811665260109,0.10975979562975378,0.8653591941700547
random,spatial_knn,8,CCL21,0.011643203752198152,0.01082688772005583,0.08229796131858322
random,spatial_knn,8,CD3D,0.04790097374269116,0.07342955963156801,0.1107260270089495
random,spatial_knn,8,CLDN5,0.023549931246942823,0.025944053839445883,0.617464700293948
random,spatial_knn,8,IFIT2,0.01057511962425316,0.02739881850537804,0.2564221992292958
random,spatial_knn,8,PTN,0.049304813958352664,0.048025375471744104,0.9340519542261869
random,spatial_knn,8,S100B,0.11421096770967848,0.09601278825692221,1.0703409295650588
random,spatial_knn,8,ACTG2,0.011396899716681577,0.019129823678111994,0.1329757861145018
random,spatial_knn,8,FOS,0.019425476597129364,0.0023290592968528883,0.46203777666009277
random,spatial_knn,8,ELN,-0.005621986004470852,-0.000988894989335439,0.2500339327160595
random,spatial_knn,8,NRP1,0.011940197928819717,0.02323815113238423,0.2757591290929272
random,spatial_knn,8,MS4A4A,-0.002340276374795367,0.0002491172597237426,0.09221999520701989
random,spatial_knn,8,LMOD1,-0.00825232865501085,-0.0036349265875448345,0.16061792493206337
random,spatial_knn,8,HBA2,0.18676066268097705,0.14457593829874826,0.7771197392244438
random,spatial_knn,8,PPP1R14A,0.2744455306603141,0.19800665513142918,0.7742078737002152
random,spatial_knn,8,SLITRK6,0.043290705699292054,0.05721553857984216,0.11629114758254415
random,spatial_knn,8,ADD3,0.006304997581099401,0.005325771319868183,0.7027968786315406
random,spatial_knn,8,MIA,-0.005990443701446275,-0.008257584105412013,0.07022884189904793
random,spatial_knn,8,LTF,0.08990969854054778,0.12165323107498215,0.5043126710938367
random,spatial_knn,8,CST7,-0.006606384913615335,-0.010621523720212953,0.08056157626503689
random,spatial_knn,8,TNF,-0.003700174915037803,-0.004714138975577046,0.05900897407986631
random,spatial_knn,8,NEXN,0.00345860426062115,0.021005899526067368,0.13183120337397944
random,spatial_knn,8,HBB,0.33434168900902583,0.24624678915782952,0.7992985268386499
random,spatial_knn,8,SP140L,0.001452029366101797,0.00275739924545211,0.11041244873882972
random,spatial_knn,8,CDKN1C,0.1592980501300214,0.10873239617239096,0.44373607389076697
random,spatial_knn,8,ITGB1,0.02499493625782224,0.030676643780203815,0.48520646979870846
random,spatial_knn,8,CLDN11,0.28058683628596304,0.19597127784323742,0.6573391563720092
random,spatial_knn,8,STC2,0.04902303053207295,0.058787027109255915,0.2920599533212006
random,spatial_knn,8,UGT8,0.20007169983154421,0.13839018111657275,0.4431770528934593
random,spatial_knn,8,SOX6,-0.02965703159461768,-0.0370856027083276,0.20700753142554928
random,spatial_knn,8,PDLIM4,-0.017680687193074487,-0.00447818414900794,0.27701807628515474
random,spatial_knn,8,SEPT4,0.22805037948088852,0.1818469270771258,0.8335189399632493
random,spatial_knn,8,TLR7,0.11311290053052918,0.02916334766876263,0.0990916259116072
random,spatial_knn,8,EBF1,-0.012290409358016697,0.000249842599027434,0.14788353033886073
random,spatial_knn,8,FMO2,0.00091297520607205,0.006830124178523516,0.13319696653445132
random,spatial_knn,8,RELN,0.07769921067113048,0.0816892580363849,0.4159448111213069
random,spatial_knn,8,VTI1A,0.010346745600841215,0.007287885176542223,0.2129834887114796
matched_hop0,mean,8,PTGDS,0.0,,0.8508158922195435
matched_hop0,mean,8,CD74,,,0.861981987953186
matched_hop0,mean,8,CCL19,,,0.1900680959224701
matched_hop0,mean,8,COL3A1,0.0,,0.4731205403804779
matched_hop0,mean,8,CXCL14,,,0.9260468482971191
matched_hop0,mean,8,ADH1B,,,0.4871363937854767
matched_hop0,mean,8,TFF3,,,0.8343944549560547
matched_hop0,mean,8,POSTN,0.0,,0.3428017497062683
matched_hop0,mean,8,AQP1,,,0.24859285354614258
matched_hop0,mean,8,ISG15,0.0,,0.6791785359382629
matched_hop0,mean,8,FDCSP,,,0.0883830338716507
matched_hop0,mean,8,CFD,0.0,,0.5399428606033325
matched_hop0,mean,8,FABP4,0.0,,0.9048886299133301
matched_hop0,mean,8,ADIRF,0.0,,0.8636605143547058
matched_hop0,mean,8,CCL21,,,0.06862138211727142
matched_hop0,mean,8,CD3D,0.0,,0.08710407465696335
matched_hop0,mean,8,CLDN5,,,0.584987461566925
matched_hop0,mean,8,IFIT2,,,0.23116199672222137
matched_hop0,mean,8,PTN,,,0.8816390633583069
matched_hop0,mean,8,S100B,,,0.9636619687080383
matched_hop0,mean,8,ACTG2,,,0.1060241162776947
matched_hop0,mean,8,FOS,0.0,,0.41292065382003784
matched_hop0,mean,8,ELN,,,0.21425694227218628
matched_hop0,mean,8,NRP1,,,0.278551310300827
matched_hop0,mean,8,MS4A4A,,,0.10301214456558228
matched_hop0,mean,8,LMOD1,0.0,,0.12666656076908112
matched_hop0,mean,8,HBA2,,,0.7785800099372864
matched_hop0,mean,8,PPP1R14A,,,0.6692310571670532
matched_hop0,mean,8,SLITRK6,0.0,,0.06523693352937698
matched_hop0,mean,8,ADD3,0.0,,0.65602046251297
matched_hop0,mean,8,MIA,,,0.07493992149829865
matched_hop0,mean,8,LTF,,,0.46628761291503906
matched_hop0,mean,8,CST7,,,0.06098157912492752
matched_hop0,mean,8,TNF,,,0.040805328637361526
matched_hop0,mean,8,NEXN,,,0.11547743529081345
matched_hop0,mean,8,HBB,0.0,,0.9039648175239563
matched_hop0,mean,8,SP140L,,,0.09910594671964645
matched_hop0,mean,8,CDKN1C,,,0.3734886646270752
matched_hop0,mean,8,ITGB1,0.0,,0.46430739760398865
matched_hop0,mean,8,CLDN11,,,0.5350720882415771
matched_hop0,mean,8,STC2,,,0.26821190118789673
matched_hop0,mean,8,UGT8,0.0,,0.3418082892894745
matched_hop0,mean,8,SOX6,0.0,,0.2308785319328308
matched_hop0,mean,8,PDLIM4,,,0.26849108934402466
matched_hop0,mean,8,SEPT4,0.0,,0.7457103729248047
matched_hop0,mean,8,TLR7,0.0,,0.09497306495904922
matched_hop0,mean,8,EBF1,,,0.1563922017812729
matched_hop0,mean,8,FMO2,0.0,,0.12875430285930634
matched_hop0,mean,8,RELN,,,0.43270376324653625
matched_hop0,mean,8,VTI1A,0.0,,0.22173245251178741
matched_hop0,pca_ridge,8,PTGDS,0.19047281976170524,0.20592694617054585,0.8354583978652954
matched_hop0,pca_ridge,8,CD74,0.1327101669527399,0.11302589828640787,0.8541238903999329
matched_hop0,pca_ridge,8,CCL19,0.02330551214266888,0.009132580634184026,0.19007883965969086
matched_hop0,pca_ridge,8,COL3A1,0.11047828243034484,0.09173279019388303,0.47037768363952637
matched_hop0,pca_ridge,8,CXCL14,0.2029957716537962,0.16644905290643489,0.9075549840927124
matched_hop0,pca_ridge,8,ADH1B,0.0819627764927101,0.07483473495371638,0.4854601323604584
matched_hop0,pca_ridge,8,TFF3,0.19930079813533597,0.1898113231723027,0.8176175951957703
matched_hop0,pca_ridge,8,POSTN,0.0666899476993049,0.07392847056104743,0.34232544898986816
matched_hop0,pca_ridge,8,AQP1,0.07078679739600804,0.053741156894659435,0.24853332340717316
matched_hop0,pca_ridge,8,ISG15,0.06456704422621991,0.0761362908771674,0.6778443455696106
matched_hop0,pca_ridge,8,FDCSP,-0.01763245972294139,-0.01891220549038461,0.08873520791530609
matched_hop0,pca_ridge,8,CFD,0.09733487222125348,0.07991603916808893,0.5373779535293579
matched_hop0,pca_ridge,8,FABP4,0.19953607782041052,0.1613192604165151,0.8910720348358154
matched_hop0,pca_ridge,8,ADIRF,0.16744658383300146,0.14228115370294908,0.8532879948616028
matched_hop0,pca_ridge,8,CCL21,0.0027260768560528497,0.00719985001976631,0.06870204955339432
matched_hop0,pca_ridge,8,CD3D,0.001354220492644022,0.0010544730953741031,0.08718465268611908
matched_hop0,pca_ridge,8,CLDN5,0.03540055679724821,0.0679550997621549,0.5850862860679626
matched_hop0,pca_ridge,8,IFIT2,0.013803978730009662,0.030001131940656824,0.23139965534210205
matched_hop0,pca_ridge,8,PTN,0.0812997460521546,0.07973609789544671,0.8783702850341797
matched_hop0,pca_ridge,8,S100B,0.2318769756622103,0.22157519324783834,0.9379939436912537
matched_hop0,pca_ridge,8,ACTG2,0.02197096565744157,0.006053510129860361,0.10605970025062561
matched_hop0,pca_ridge,8,FOS,0.04483385636693433,0.04935949835457392,0.4127594530582428
matched_hop0,pca_ridge,8,ELN,0.0561115210792337,0.03165172573912225,0.21394549310207367
matched_hop0,pca_ridge,8,NRP1,0.012777940139549955,0.047578202010500566,0.27871379256248474
matched_hop0,pca_ridge,8,MS4A4A,-0.01914398515436447,-0.013007993226243427,0.10321032255887985
matched_hop0,pca_ridge,8,LMOD1,0.014405373333565273,0.010810390165263329,0.12676653265953064
matched_hop0,pca_ridge,8,HBA2,0.05612244812229783,0.11089779426023742,0.7773922085762024
matched_hop0,pca_ridge,8,PPP1R14A,0.14782243484795618,0.1453708079506546,0.6637610197067261
matched_hop0,pca_ridge,8,SLITRK6,0.010652838451348581,0.006660457441276238,0.06589674949645996
matched_hop0,pca_ridge,8,ADD3,0.07704320449164515,0.08631515436331387,0.6539939641952515
matched_hop0,pca_ridge,8,MIA,0.014036594961810154,0.005113199642020181,0.07495792210102081
matched_hop0,pca_ridge,8,LTF,0.10360536738588444,0.11061231903102672,0.4637361168861389
matched_hop0,pca_ridge,8,CST7,0.00019178958964524522,-0.00442364365605751,0.061065126210451126
matched_hop0,pca_ridge,8,TNF,0.00785004118445072,0.002781817177866341,0.040887560695409775
matched_hop0,pca_ridge,8,NEXN,-0.00584888056916432,-0.0020943003538310043,0.1155579686164856
matched_hop0,pca_ridge,8,HBB,0.029961074800547823,0.06730094188548737,0.9039958715438843
matched_hop0,pca_ridge,8,SP140L,0.011191230358605978,0.017869006742405612,0.09916878491640091
matched_hop0,pca_ridge,8,CDKN1C,0.0796808193408409,0.10397578231340497,0.37272441387176514
matched_hop0,pca_ridge,8,ITGB1,0.06125910691668917,0.07956071076435968,0.4634677469730377
matched_hop0,pca_ridge,8,CLDN11,0.17049896207890775,0.16724136144964755,0.5281254053115845
matched_hop0,pca_ridge,8,STC2,0.04579459524369555,0.05085406220114107,0.2680072784423828
matched_hop0,pca_ridge,8,UGT8,0.11106803573186587,0.1175956078006119,0.34022143483161926
matched_hop0,pca_ridge,8,SOX6,0.029412519488406615,0.04607784146279776,0.2307882010936737
matched_hop0,pca_ridge,8,PDLIM4,0.01369684945336131,0.015992204552722926,0.2686290442943573
matched_hop0,pca_ridge,8,SEPT4,0.2050628072242281,0.23064916184938375,0.7302047610282898
matched_hop0,pca_ridge,8,TLR7,0.011140649668714264,0.015738831010219608,0.0950186550617218
matched_hop0,pca_ridge,8,EBF1,0.007094622886076601,0.009224795012888604,0.15651097893714905
matched_hop0,pca_ridge,8,FMO2,-0.006220703025303976,-5.992746502855443e-05,0.12887002527713776
matched_hop0,pca_ridge,8,RELN,0.1425548366174564,0.09558720907617016,0.4285512864589691
matched_hop0,pca_ridge,8,VTI1A,0.01844837423663354,0.057032815987500235,0.221812903881073
matched_hop0,spatial_knn,8,PTGDS,-0.005013239826088534,0.003361504258010276,0.8887482936343328
matched_hop0,spatial_knn,8,CD74,0.10946886018403645,0.10891488024810583,0.8730979310394658
matched_hop0,spatial_knn,8,CCL19,0.10171217318322325,0.029637823362025688,0.19155472487474806
matched_hop0,spatial_knn,8,COL3A1,0.03579348554295371,0.050302333836574516,0.48141833019805547
matched_hop0,spatial_knn,8,CXCL14,0.06400171325442178,0.05052312052139417,0.9406440608547111
matched_hop0,spatial_knn,8,ADH1B,0.15752548080792164,0.17123543344375633,0.4964402656223441
matched_hop0,spatial_knn,8,TFF3,0.02794338992852025,0.03682262625444809,0.8727093104520417
matched_hop0,spatial_knn,8,POSTN,-0.02583838117414873,0.002381372972340817,0.3536673503913088
matched_hop0,spatial_knn,8,AQP1,0.02086974829263059,0.020460681717807364,0.25610519352383093
matched_hop0,spatial_knn,8,ISG15,0.11993303612390789,0.093742627163654,0.690289452030593
matched_hop0,spatial_knn,8,FDCSP,0.051279087194421716,0.03890394186679288,0.09840385854783786
matched_hop0,spatial_knn,8,CFD,0.21327942107605682,0.18664358563457004,0.5284803172194901
matched_hop0,spatial_knn,8,FABP4,0.37635239459602976,0.36085276006838013,0.8334460959695249
matched_hop0,spatial_knn,8,ADIRF,0.14340426980153048,0.13714005490864986,0.8648139831263015
matched_hop0,spatial_knn,8,CCL21,-0.00438586814892765,-0.004912053314792767,0.06960918423718584
matched_hop0,spatial_knn,8,CD3D,0.011053075843314712,0.009934801349646567,0.0905049221225639
matched_hop0,spatial_knn,8,CLDN5,0.01337427372175052,0.001925499793279537,0.6081765026870576
matched_hop0,spatial_knn,8,IFIT2,0.00646547024006129,0.00441010473833034,0.2358163528581075
matched_hop0,spatial_knn,8,PTN,0.04510208526144905,0.04166931825430773,0.9052139028624931
matched_hop0,spatial_knn,8,S100B,0.03650094372764923,0.034682968570662887,0.9880363716110155
matched_hop0,spatial_knn,8,ACTG2,0.030896531053264897,0.017732142665389326,0.10945253853845867
matched_hop0,spatial_knn,8,FOS,-0.010377579273694393,-0.008923885251905092,0.4249109473651136
matched_hop0,spatial_knn,8,ELN,0.017043997549508284,0.01400024635032734,0.21822228744179478
matched_hop0,spatial_knn,8,NRP1,-0.00957184685709198,-0.003543305440682123,0.2941124027704311
matched_hop0,spatial_knn,8,MS4A4A,-0.014063252399936232,-0.015796387028397255,0.10484714185475316
matched_hop0,spatial_knn,8,LMOD1,0.02841251637989127,0.01818587166545349,0.12740021719763334
matched_hop0,spatial_knn,8,HBA2,0.17585267725547307,0.13374464943240788,0.7748220147264189
matched_hop0,spatial_knn,8,PPP1R14A,0.03029656062421991,0.020559028200354563,0.6839395537464547
matched_hop0,spatial_knn,8,SLITRK6,-0.007566101039212382,-0.004947322394580691,0.06945688797608782
matched_hop0,spatial_knn,8,ADD3,-0.003991343718656345,-0.006889562951329543,0.6751970662046682
matched_hop0,spatial_knn,8,MIA,-0.0014233305016913512,-0.00040644461948223575,0.0758824592228873
matched_hop0,spatial_knn,8,LTF,0.04904222810471587,0.05084347683510037,0.47468323483975033
matched_hop0,spatial_knn,8,CST7,-0.005249437632201688,-0.0055428210622763385,0.06292142711324936
matched_hop0,spatial_knn,8,TNF,0.0,,0.04083168650614114
matched_hop0,spatial_knn,8,NEXN,-0.0154449795225515,-0.01173943755022467,0.11897588689874215
matched_hop0,spatial_knn,8,HBB,0.26603975644077776,0.21471218923809773,0.8773204257952872
matched_hop0,spatial_knn,8,SP140L,-0.014953818290313333,-0.01625130102281286,0.10534584860444468
matched_hop0,spatial_knn,8,CDKN1C,0.021474581237192706,0.023822487062128504,0.38339759128987827
matched_hop0,spatial_knn,8,ITGB1,0.013564843639700841,0.01767358555409423,0.474463496735046
matched_hop0,spatial_knn,8,CLDN11,0.04066846155212807,0.02482015752262819,0.5520541105963918
matched_hop0,spatial_knn,8,STC2,-0.00060297883534582,-0.00126363935329184,0.275901079458011
matched_hop0,spatial_knn,8,UGT8,0.005444792220407794,0.004971599840042233,0.35408907488232355
matched_hop0,spatial_knn,8,SOX6,0.013923197605863248,0.022225145347168792,0.23756908023930703
matched_hop0,spatial_knn,8,PDLIM4,0.014220018302036154,0.01595797695215595,0.2731585124627559
matched_hop0,spatial_knn,8,SEPT4,0.07269654764025268,0.04829072234405787,0.7634713638646539
matched_hop0,spatial_knn,8,TLR7,0.00040335668654171866,-0.0025254116645868825,0.09950189919199577
matched_hop0,spatial_knn,8,EBF1,0.005853236600965744,0.0071867769041308125,0.16305742841471374
matched_hop0,spatial_knn,8,FMO2,0.021616375493479296,0.01755204662898705,0.13122704573264785
matched_hop0,spatial_knn,8,RELN,0.06846803647984433,0.058885741863341896,0.4384753570946542
matched_hop0,spatial_knn,8,VTI1A,0.011541168148705871,0.0020167265115855824,0.22774877221136927
random,mean,9,PTGDS,,,0.9653338193893433
random,mean,9,CD74,0.0,,0.9135912656784058
random,mean,9,CCL19,,,0.20619744062423706
random,mean,9,COL3A1,0.0,,0.5165537595748901
random,mean,9,CXCL14,,,0.9227935671806335
random,mean,9,ADH1B,,,0.387389212846756
random,mean,9,TFF3,0.0,,0.855415403842926
random,mean,9,POSTN,0.0,,0.3648795187473297
random,mean,9,AQP1,,,0.3541429042816162
random,mean,9,ISG15,,,0.724155068397522
random,mean,9,FDCSP,,,0.12003103643655777
random,mean,9,CFD,,,0.4994726777076721
random,mean,9,FABP4,,,0.7562700510025024
random,mean,9,ADIRF,0.0,,0.8387828469276428
random,mean,9,CCL21,,,0.058663152158260345
random,mean,9,CD3D,,,0.08881091326475143
random,mean,9,CLDN5,,,0.569520115852356
random,mean,9,IFIT2,,,0.2348511666059494
random,mean,9,PTN,,,0.899259090423584
random,mean,9,S100B,,,1.0378386974334717
random,mean,9,ACTG2,0.0,,0.10085219144821167
random,mean,9,FOS,0.0,,0.412367582321167
random,mean,9,ELN,0.0,,0.23739519715309143
random,mean,9,NRP1,,,0.2534730136394501
random,mean,9,MS4A4A,,,0.10732372850179672
random,mean,9,LMOD1,0.0,,0.11679201573133469
random,mean,9,HBA2,,,0.754837155342102
random,mean,9,PPP1R14A,,,0.8124287724494934
random,mean,9,SLITRK6,,,0.14844344556331635
random,mean,9,ADD3,,,0.6799020767211914
random,mean,9,MIA,,,0.06989232450723648
random,mean,9,LTF,0.0,,0.48052531480789185
random,mean,9,CST7,,,0.0835837721824646
random,mean,9,TNF,,,0.053068652749061584
random,mean,9,NEXN,0.0,,0.1154751181602478
random,mean,9,HBB,0.0,,0.8310605883598328
random,mean,9,SP140L,,,0.0848495215177536
random,mean,9,CDKN1C,0.0,,0.43390607833862305
random,mean,9,ITGB1,,,0.4822210371494293
random,mean,9,CLDN11,,,0.6799256801605225
random,mean,9,STC2,,,0.24643726646900177
random,mean,9,UGT8,,,0.42401593923568726
random,mean,9,SOX6,,,0.23219336569309235
random,mean,9,PDLIM4,0.0,,0.2609063386917114
random,mean,9,SEPT4,,,0.8484517931938171
random,mean,9,TLR7,,,0.09607848525047302
random,mean,9,EBF1,,,0.13532604277133942
random,mean,9,FMO2,,,0.11040028929710388
random,mean,9,RELN,0.0,,0.38195645809173584
random,mean,9,VTI1A,0.0,,0.201324462890625
random,pca_ridge,9,PTGDS,0.32195132136586924,0.29485513878517805,0.9139896631240845
random,pca_ridge,9,CD74,0.20170038971800822,0.16828498389774876,0.8948636651039124
random,pca_ridge,9,CCL19,0.036329878630910965,0.024997352471864163,0.20608976483345032
random,pca_ridge,9,COL3A1,0.1950831005264513,0.16103511541150212,0.5066189765930176
random,pca_ridge,9,CXCL14,0.17713559892048347,0.13822059013027754,0.9082326292991638
random,pca_ridge,9,ADH1B,0.07430237963643115,0.04667946927143134,0.3863290846347809
random,pca_ridge,9,TFF3,0.1881413724134569,0.17448564024967836,0.8401613831520081
random,pca_ridge,9,POSTN,0.12932115341014394,0.11668916116373769,0.36192086338996887
random,pca_ridge,9,AQP1,0.24350255455023304,0.14607439640073686,0.3439633846282959
random,pca_ridge,9,ISG15,0.05778776014827498,0.07619345779677664,0.7231143116950989
random,pca_ridge,9,FDCSP,-0.0017565721695601468,-0.000617188199494868,0.12017841637134552
random,pca_ridge,9,CFD,0.06249851048441269,0.03682934396169956,0.49865609407424927
random,pca_ridge,9,FABP4,0.14704673696530943,0.09924478753116042,0.7481071352958679
random,pca_ridge,9,ADIRF,0.10805086542981221,0.0958059218087285,0.8339561820030212
random,pca_ridge,9,CCL21,-0.007607909950133911,0.0007635480613425128,0.058824487030506134
random,pca_ridge,9,CD3D,0.01029893880206623,0.006827696164812795,0.0888584777712822
random,pca_ridge,9,CLDN5,0.05014597553845547,0.08943623193940764,0.5690110325813293
random,pca_ridge,9,IFIT2,0.060883497675689395,0.05588339150235392,0.23464974761009216
random,pca_ridge,9,PTN,0.09763276380462316,0.09838195314485984,0.8951841592788696
random,pca_ridge,9,S100B,0.31926355618151103,0.25972285343351176,0.9844741225242615
random,pca_ridge,9,ACTG2,0.03025568650564434,0.018417369214285814,0.10083848983049393
random,pca_ridge,9,FOS,0.08918751091316693,0.07463762085628974,0.41094204783439636
random,pca_ridge,9,ELN,0.0475128995749696,0.02785186271111437,0.23715656995773315
random,pca_ridge,9,NRP1,0.0015337590266184396,0.040332745245460294,0.253917932510376
random,pca_ridge,9,MS4A4A,-0.0066745128675036,-0.005040065317986823,0.10742952674627304
random,pca_ridge,9,LMOD1,0.02555762860335731,0.012763086428437615,0.11681297421455383
random,pca_ridge,9,HBA2,0.09118100818588054,0.15063543630535292,0.7517855763435364
random,pca_ridge,9,PPP1R14A,0.40800383540937113,0.2513858989113932,0.7419881224632263
random,pca_ridge,9,SLITRK6,0.04325191400146993,0.04958039846673117,0.1483413130044937
random,pca_ridge,9,ADD3,0.08779534660226088,0.09172360783258691,0.677944540977478
random,pca_ridge,9,MIA,0.021259002112821286,0.005739439644994503,0.06988781690597534
random,pca_ridge,9,LTF,0.10331907961715121,0.10435561286468287,0.47796177864074707
random,pca_ridge,9,CST7,-0.013767751064421973,-0.00402512403040327,0.08371333032846451
random,pca_ridge,9,TNF,-0.016091588229791842,-0.02020331891484539,0.05318518355488777
random,pca_ridge,9,NEXN,-0.008820431757411127,0.006335505803243943,0.11557407677173615
random,pca_ridge,9,HBB,0.08285576501202879,0.09916102642541767,0.828321635723114
random,pca_ridge,9,SP140L,0.015214334674017067,0.010083886651380622,0.08489299565553665
random,pca_ridge,9,CDKN1C,0.31384353236177265,0.2082882266301279,0.41208022832870483
random,pca_ridge,9,ITGB1,0.0927450185205019,0.0800475125766031,0.4805052876472473
random,pca_ridge,9,CLDN11,0.46802961409574334,0.282616107771386,0.6010041236877441
random,pca_ridge,9,STC2,0.028193017034687243,0.03503125192162007,0.24672366678714752
random,pca_ridge,9,UGT8,0.3324984642915618,0.19260556556685368,0.4001863896846771
random,pca_ridge,9,SOX6,0.0024097232454913155,0.03017618682467707,0.2324400693178177
random,pca_ridge,9,PDLIM4,0.009693504228623579,0.005180945043955084,0.26111578941345215
random,pca_ridge,9,SEPT4,0.35605698344796066,0.2615361887489139,0.7929835319519043
random,pca_ridge,9,TLR7,-0.0010625955061206315,0.003498955711247585,0.09618526697158813
random,pca_ridge,9,EBF1,0.017389121392051295,0.013307505739219627,0.13536933064460754
random,pca_ridge,9,FMO2,-0.018649895534092017,-0.008912324465391589,0.11058630794286728
random,pca_ridge,9,RELN,0.07617023886134841,0.051837483796474924,0.38142380118370056
random,pca_ridge,9,VTI1A,0.04422422258748039,0.06676346143992118,0.20115160942077637
random,spatial_knn,9,PTGDS,0.11937773827279057,0.11658604187142302,0.9896055483617745
random,spatial_knn,9,CD74,0.12475230456600066,0.11141628363882543,0.9416042241988035
random,spatial_knn,9,CCL19,0.18018192134478309,0.09222668722902988,0.20555221078309877
random,spatial_knn,9,COL3A1,0.15789201872617392,0.16759427475152106,0.5258707261163537
random,spatial_knn,9,CXCL14,0.08580838978491287,0.07197713486056324,0.9574848080152402
random,spatial_knn,9,ADH1B,0.20206673304300327,0.20374072058429793,0.38995282259420166
random,spatial_knn,9,TFF3,0.21982589389571194,0.2325948027272204,0.8568427353680494
random,spatial_knn,9,POSTN,0.09612937636403415,0.10526015604138012,0.3758343511027163
random,spatial_knn,9,AQP1,0.15291246887520135,0.12026216604605669,0.3596384514675974
random,spatial_knn,9,ISG15,0.07916774198495496,0.08507333554950357,0.7508769271024021
random,spatial_knn,9,FDCSP,0.1634999602589013,0.14767242178878429,0.11948602508951717
random,spatial_knn,9,CFD,0.1674363414222762,0.1731944674833069,0.5067683601428371
random,spatial_knn,9,FABP4,0.4581128341411521,0.4034722775295871,0.6793460286674465
random,spatial_knn,9,ADIRF,0.12066193142309359,0.11839400583721311,0.8607269771781995
random,spatial_knn,9,CCL21,0.009190601109006241,0.04384622109839873,0.06697206286522406
random,spatial_knn,9,CD3D,0.12711942695029166,0.0649637623767783,0.09043594183108496
random,spatial_knn,9,CLDN5,0.024411776385160146,0.03635296029090558,0.5982499409783301
random,spatial_knn,9,IFIT2,0.009550005280671282,0.011274573565312754,0.2479217043719939
random,spatial_knn,9,PTN,0.03702567648766361,0.03620419176295547,0.9388861250340576
random,spatial_knn,9,S100B,0.1625548967725528,0.13908600987711112,1.0556980213895415
random,spatial_knn,9,ACTG2,0.014994962602216251,-0.005083825381227032,0.10602167216031584
random,spatial_knn,9,FOS,0.012350472181190168,0.021908107007291094,0.43603504174169544
random,spatial_knn,9,ELN,0.01144611781336947,0.0400571533673453,0.25060624322509306
random,spatial_knn,9,NRP1,0.0005185419827330538,0.017964573662093853,0.26912398930125053
random,spatial_knn,9,MS4A4A,0.021333216230915053,0.026871676840602255,0.11032211261420152
random,spatial_knn,9,LMOD1,-0.008113186315786513,-0.01194898269950215,0.12528723761678853
random,spatial_knn,9,HBA2,0.16841806097807277,0.12290118934609066,0.7662590821549358
random,spatial_knn,9,PPP1R14A,0.29985297512854414,0.2077430578687534,0.7882862481642812
random,spatial_knn,9,SLITRK6,0.0320680707122315,0.06615051676127044,0.15371589019491663
random,spatial_knn,9,ADD3,0.06282299620079636,0.07123157851262278,0.7026020176857172
random,spatial_knn,9,MIA,-0.005654458942207228,-0.007809250419856201,0.07301463421188546
random,spatial_knn,9,LTF,0.10063631729748518,0.12480169968321993,0.49966994675276755
random,spatial_knn,9,CST7,-0.004814916519546663,-0.009175142042789323,0.08902451280028847
random,spatial_knn,9,TNF,-0.0032292585436463914,-0.004108988734500245,0.05496894321180384
random,spatial_knn,9,NEXN,-0.007424770373360199,0.0039046989519595683,0.12116472338505763
random,spatial_knn,9,HBB,0.3377933910990415,0.24966584367064648,0.7939419625236096
random,spatial_knn,9,SP140L,0.025506273219228773,0.021032627700140714,0.09316124686005933
random,spatial_knn,9,CDKN1C,0.13127535166677268,0.10190643725915827,0.445465651099342
random,spatial_knn,9,ITGB1,0.046325659256756774,0.04952540055795267,0.5026807689202776
random,spatial_knn,9,CLDN11,0.29121210619607135,0.18714686775901543,0.6623470613183369
random,spatial_knn,9,STC2,0.031658747974893306,0.04040518226850073,0.261896781018669
random,spatial_knn,9,UGT8,0.17676864976300616,0.152084820860687,0.43146923778501745
random,spatial_knn,9,SOX6,-0.027241390690245594,-0.02033842898982057,0.24467073405246603
random,spatial_knn,9,PDLIM4,0.006354359736539042,-0.01136293808000574,0.2773226676611562
random,spatial_knn,9,SEPT4,0.24344687620812117,0.1808454447524913,0.8422371725502289
random,spatial_knn,9,TLR7,0.0036106137901645383,0.006614556216717672,0.10035496995926715
random,spatial_knn,9,EBF1,0.01582661123297849,0.034177876405264075,0.14489539432250415
random,spatial_knn,9,FMO2,-0.011895905679758692,-0.019115189881379183,0.11863743349534535
random,spatial_knn,9,RELN,0.05537666929940127,0.0762068007365969,0.3994021159532068
random,spatial_knn,9,VTI1A,0.007371792981995914,0.001497853045517711,0.21276148170810016
matched_hop0,mean,9,PTGDS,0.0,,0.8508158922195435
matched_hop0,mean,9,CD74,,,0.861981987953186
matched_hop0,mean,9,CCL19,,,0.1900680959224701
matched_hop0,mean,9,COL3A1,0.0,,0.4731205403804779
matched_hop0,mean,9,CXCL14,,,0.9260468482971191
matched_hop0,mean,9,ADH1B,,,0.4871363937854767
matched_hop0,mean,9,TFF3,,,0.8343944549560547
matched_hop0,mean,9,POSTN,0.0,,0.3428017497062683
matched_hop0,mean,9,AQP1,,,0.24859285354614258
matched_hop0,mean,9,ISG15,0.0,,0.6791785359382629
matched_hop0,mean,9,FDCSP,,,0.0883830338716507
matched_hop0,mean,9,CFD,0.0,,0.5399428606033325
matched_hop0,mean,9,FABP4,0.0,,0.9048886299133301
matched_hop0,mean,9,ADIRF,0.0,,0.8636605143547058
matched_hop0,mean,9,CCL21,,,0.06862138211727142
matched_hop0,mean,9,CD3D,0.0,,0.08710407465696335
matched_hop0,mean,9,CLDN5,,,0.584987461566925
matched_hop0,mean,9,IFIT2,,,0.23116199672222137
matched_hop0,mean,9,PTN,,,0.8816390633583069
matched_hop0,mean,9,S100B,,,0.9636619687080383
matched_hop0,mean,9,ACTG2,,,0.1060241162776947
matched_hop0,mean,9,FOS,0.0,,0.41292065382003784
matched_hop0,mean,9,ELN,,,0.21425694227218628
matched_hop0,mean,9,NRP1,,,0.278551310300827
matched_hop0,mean,9,MS4A4A,,,0.10301214456558228
matched_hop0,mean,9,LMOD1,0.0,,0.12666656076908112
matched_hop0,mean,9,HBA2,,,0.7785800099372864
matched_hop0,mean,9,PPP1R14A,,,0.6692310571670532
matched_hop0,mean,9,SLITRK6,0.0,,0.06523693352937698
matched_hop0,mean,9,ADD3,0.0,,0.65602046251297
matched_hop0,mean,9,MIA,,,0.07493992149829865
matched_hop0,mean,9,LTF,,,0.46628761291503906
matched_hop0,mean,9,CST7,,,0.06098157912492752
matched_hop0,mean,9,TNF,,,0.040805328637361526
matched_hop0,mean,9,NEXN,,,0.11547743529081345
matched_hop0,mean,9,HBB,0.0,,0.9039648175239563
matched_hop0,mean,9,SP140L,,,0.09910594671964645
matched_hop0,mean,9,CDKN1C,,,0.3734886646270752
matched_hop0,mean,9,ITGB1,0.0,,0.46430739760398865
matched_hop0,mean,9,CLDN11,,,0.5350720882415771
matched_hop0,mean,9,STC2,,,0.26821190118789673
matched_hop0,mean,9,UGT8,0.0,,0.3418082892894745
matched_hop0,mean,9,SOX6,0.0,,0.2308785319328308
matched_hop0,mean,9,PDLIM4,,,0.26849108934402466
matched_hop0,mean,9,SEPT4,0.0,,0.7457103729248047
matched_hop0,mean,9,TLR7,0.0,,0.09497306495904922
matched_hop0,mean,9,EBF1,,,0.1563922017812729
matched_hop0,mean,9,FMO2,0.0,,0.12875430285930634
matched_hop0,mean,9,RELN,,,0.43270376324653625
matched_hop0,mean,9,VTI1A,0.0,,0.22173245251178741
matched_hop0,pca_ridge,9,PTGDS,0.1888579843342062,0.20572636003197542,0.8357829451560974
matched_hop0,pca_ridge,9,CD74,0.13312617452846018,0.11480978524467218,0.8540738821029663
matched_hop0,pca_ridge,9,CCL19,0.021491789049916662,0.004984013509880146,0.19010251760482788
matched_hop0,pca_ridge,9,COL3A1,0.10590161435097202,0.0853774181364817,0.47066521644592285
matched_hop0,pca_ridge,9,CXCL14,0.20306741090044614,0.1660649584506034,0.9074617624282837
matched_hop0,pca_ridge,9,ADH1B,0.08457686273193936,0.07906354130741985,0.48536416888237
matched_hop0,pca_ridge,9,TFF3,0.19929324936648338,0.19095977097430183,0.8176308870315552
matched_hop0,pca_ridge,9,POSTN,0.0647530418154762,0.06967942836678861,0.34236326813697815
matched_hop0,pca_ridge,9,AQP1,0.07483981276657353,0.05943564835551436,0.24832116067409515
matched_hop0,pca_ridge,9,ISG15,0.0605792695913975,0.07181026999884013,0.6780727505683899
matched_hop0,pca_ridge,9,FDCSP,-0.017563417956463885,-0.020003331109802684,0.08872842788696289
matched_hop0,pca_ridge,9,CFD,0.09487227894210615,0.07723990988462547,0.5374506115913391
matched_hop0,pca_ridge,9,FABP4,0.1940838048669633,0.15573704434533095,0.8912255167961121
matched_hop0,pca_ridge,9,ADIRF,0.16668623813857192,0.14062697520106873,0.8534072637557983
matched_hop0,pca_ridge,9,CCL21,0.001460352830889807,-0.0002912566148399059,0.06870147585868835
matched_hop0,pca_ridge,9,CD3D,-0.005077941343182813,-0.004996247347730656,0.08719918876886368
matched_hop0,pca_ridge,9,CLDN5,0.04024684190610491,0.07127078852187398,0.5848389267921448
matched_hop0,pca_ridge,9,IFIT2,0.014278660963372767,0.03226597902977254,0.23136694729328156
matched_hop0,pca_ridge,9,PTN,0.08313830285013585,0.08112680694240987,0.878193199634552
matched_hop0,pca_ridge,9,S100B,0.2311338962703553,0.21945001809538714,0.938103437423706
matched_hop0,pca_ridge,9,ACTG2,0.021018712539774755,0.008013461252332663,0.10605154186487198
matched_hop0,pca_ridge,9,FOS,0.04582849878209909,0.04830309459664332,0.41271349787712097
matched_hop0,pca_ridge,9,ELN,0.062432452342745325,0.03770782746428621,0.21385207772254944
matched_hop0,pca_ridge,9,NRP1,0.013313563053079857,0.050521391690766373,0.27869439125061035
matched_hop0,pca_ridge,9,MS4A4A,-0.01480642176905219,-0.009065284600095985,0.10319091379642487
matched_hop0,pca_ridge,9,LMOD1,0.017645942795698682,0.015828228529638562,0.12674951553344727
matched_hop0,pca_ridge,9,HBA2,0.053775420003071145,0.10946694154008269,0.7776349186897278
matched_hop0,pca_ridge,9,PPP1R14A,0.1470756576242192,0.14648226040319165,0.663804829120636
matched_hop0,pca_ridge,9,SLITRK6,0.016578832488235024,0.011721255245664981,0.06584315747022629
matched_hop0,pca_ridge,9,ADD3,0.07951220538539548,0.08953867775618922,0.6538347005844116
matched_hop0,pca_ridge,9,MIA,0.01155781694520269,-0.0009768209927904301,0.07496393471956253
matched_hop0,pca_ridge,9,LTF,0.10212534670780053,0.11066713810540567,0.46382325887680054
matched_hop0,pca_ridge,9,CST7,0.002151765537750356,-0.002774842435434223,0.06105966866016388
matched_hop0,pca_ridge,9,TNF,0.002073731183171403,-0.000211535773999898,0.04091617465019226
matched_hop0,pca_ridge,9,NEXN,0.002090500329923719,0.008461726641293306,0.11552349478006363
matched_hop0,pca_ridge,9,HBB,0.029678856585770883,0.06746535744635357,0.9039298892021179
matched_hop0,pca_ridge,9,SP140L,0.020300175759842845,0.026209033664875318,0.0991169661283493
matched_hop0,pca_ridge,9,CDKN1C,0.07795636242733818,0.1050789058594625,0.3727818429470062
matched_hop0,pca_ridge,9,ITGB1,0.06220580351851232,0.07908883563994754,0.4634353518486023
matched_hop0,pca_ridge,9,CLDN11,0.1680737572848284,0.16718688495538084,0.528400182723999
matched_hop0,pca_ridge,9,STC2,0.03897235563144563,0.042432656665229475,0.2681237757205963
matched_hop0,pca_ridge,9,UGT8,0.11336831396196465,0.11994158290917899,0.3400816023349762
matched_hop0,pca_ridge,9,SOX6,0.0263109593472162,0.041942015353528095,0.23082607984542847
matched_hop0,pca_ridge,9,PDLIM4,0.01894219698061595,0.02155783246335214,0.26855388283729553
matched_hop0,pca_ridge,9,SEPT4,0.20587781055272303,0.2318850833063458,0.7300753593444824
matched_hop0,pca_ridge,9,TLR7,0.0060955752378010755,0.010529999085212226,0.09503692388534546
matched_hop0,pca_ridge,9,EBF1,0.0030298694701893793,0.00199220311190493,0.15654954314231873
matched_hop0,pca_ridge,9,FMO2,-0.0034403716483104784,0.003492402636402151,0.1288592368364334
matched_hop0,pca_ridge,9,RELN,0.14025393547649237,0.09416791811652511,0.428627073764801
matched_hop0,pca_ridge,9,VTI1A,0.019249773122387685,0.05821623523077844,0.22180022299289703
matched_hop0,spatial_knn,9,PTGDS,-0.005013239826088534,0.003361504258010276,0.8887482936343328
matched_hop0,spatial_knn,9,CD74,0.10946886018403645,0.10891488024810583,0.8730979310394658
matched_hop0,spatial_knn,9,CCL19,0.10171217318322325,0.029637823362025688,0.19155472487474806
matched_hop0,spatial_knn,9,COL3A1,0.03579348554295371,0.050302333836574516,0.48141833019805547
matched_hop0,spatial_knn,9,CXCL14,0.06400171325442178,0.05052312052139417,0.9406440608547111
matched_hop0,spatial_knn,9,ADH1B,0.15752548080792164,0.17123543344375633,0.4964402656223441
matched_hop0,spatial_knn,9,TFF3,0.02794338992852025,0.03682262625444809,0.8727093104520417
matched_hop0,spatial_knn,9,POSTN,-0.02583838117414873,0.002381372972340817,0.3536673503913088
matched_hop0,spatial_knn,9,AQP1,0.02086974829263059,0.020460681717807364,0.25610519352383093
matched_hop0,spatial_knn,9,ISG15,0.11993303612390789,0.093742627163654,0.690289452030593
matched_hop0,spatial_knn,9,FDCSP,0.051279087194421716,0.03890394186679288,0.09840385854783786
matched_hop0,spatial_knn,9,CFD,0.21327942107605682,0.18664358563457004,0.5284803172194901
matched_hop0,spatial_knn,9,FABP4,0.37635239459602976,0.36085276006838013,0.8334460959695249
matched_hop0,spatial_knn,9,ADIRF,0.14340426980153048,0.13714005490864986,0.8648139831263015
matched_hop0,spatial_knn,9,CCL21,-0.00438586814892765,-0.004912053314792767,0.06960918423718584
matched_hop0,spatial_knn,9,CD3D,0.011053075843314712,0.009934801349646567,0.0905049221225639
matched_hop0,spatial_knn,9,CLDN5,0.01337427372175052,0.001925499793279537,0.6081765026870576
matched_hop0,spatial_knn,9,IFIT2,0.00646547024006129,0.00441010473833034,0.2358163528581075
matched_hop0,spatial_knn,9,PTN,0.04510208526144905,0.04166931825430773,0.9052139028624931
matched_hop0,spatial_knn,9,S100B,0.03650094372764923,0.034682968570662887,0.9880363716110155
matched_hop0,spatial_knn,9,ACTG2,0.030896531053264897,0.017732142665389326,0.10945253853845867
matched_hop0,spatial_knn,9,FOS,-0.010377579273694393,-0.008923885251905092,0.4249109473651136
matched_hop0,spatial_knn,9,ELN,0.017043997549508284,0.01400024635032734,0.21822228744179478
matched_hop0,spatial_knn,9,NRP1,-0.00957184685709198,-0.003543305440682123,0.2941124027704311
matched_hop0,spatial_knn,9,MS4A4A,-0.014063252399936232,-0.015796387028397255,0.10484714185475316
matched_hop0,spatial_knn,9,LMOD1,0.02841251637989127,0.01818587166545349,0.12740021719763334
matched_hop0,spatial_knn,9,HBA2,0.17585267725547307,0.13374464943240788,0.7748220147264189
matched_hop0,spatial_knn,9,PPP1R14A,0.03029656062421991,0.020559028200354563,0.6839395537464547
matched_hop0,spatial_knn,9,SLITRK6,-0.007566101039212382,-0.004947322394580691,0.06945688797608782
matched_hop0,spatial_knn,9,ADD3,-0.003991343718656345,-0.006889562951329543,0.6751970662046682
matched_hop0,spatial_knn,9,MIA,-0.0014233305016913512,-0.00040644461948223575,0.0758824592228873
matched_hop0,spatial_knn,9,LTF,0.04904222810471587,0.05084347683510037,0.47468323483975033
matched_hop0,spatial_knn,9,CST7,-0.005249437632201688,-0.0055428210622763385,0.06292142711324936
matched_hop0,spatial_knn,9,TNF,0.0,,0.04083168650614114
matched_hop0,spatial_knn,9,NEXN,-0.0154449795225515,-0.01173943755022467,0.11897588689874215
matched_hop0,spatial_knn,9,HBB,0.26603975644077776,0.21471218923809773,0.8773204257952872
matched_hop0,spatial_knn,9,SP140L,-0.014953818290313333,-0.01625130102281286,0.10534584860444468
matched_hop0,spatial_knn,9,CDKN1C,0.021474581237192706,0.023822487062128504,0.38339759128987827
matched_hop0,spatial_knn,9,ITGB1,0.013564843639700841,0.01767358555409423,0.474463496735046
matched_hop0,spatial_knn,9,CLDN11,0.04066846155212807,0.02482015752262819,0.5520541105963918
matched_hop0,spatial_knn,9,STC2,-0.00060297883534582,-0.00126363935329184,0.275901079458011
matched_hop0,spatial_knn,9,UGT8,0.005444792220407794,0.004971599840042233,0.35408907488232355
matched_hop0,spatial_knn,9,SOX6,0.013923197605863248,0.022225145347168792,0.23756908023930703
matched_hop0,spatial_knn,9,PDLIM4,0.014220018302036154,0.01595797695215595,0.2731585124627559
matched_hop0,spatial_knn,9,SEPT4,0.07269654764025268,0.04829072234405787,0.7634713638646539
matched_hop0,spatial_knn,9,TLR7,0.00040335668654171866,-0.0025254116645868825,0.09950189919199577
matched_hop0,spatial_knn,9,EBF1,0.005853236600965744,0.0071867769041308125,0.16305742841471374
matched_hop0,spatial_knn,9,FMO2,0.021616375493479296,0.01755204662898705,0.13122704573264785
matched_hop0,spatial_knn,9,RELN,0.06846803647984433,0.058885741863341896,0.4384753570946542
matched_hop0,spatial_knn,9,VTI1A,0.011541168148705871,0.0020167265115855824,0.22774877221136927
