split,model,seed,gene,pearson,spearman,rmse
random,graphsage,8,SCGB2A2,0.6135356416538125,0.6205146694608569,1.2115784883499146
random,graphsage,8,SCGB1D2,0.5355339246031074,0.5280172342178764,1.0023524761199951
random,graphsage,8,MBP,0.6940152723289916,0.6484343804884329,0.8527365326881409
random,graphsage,8,GFAP,0.6000199015673096,0.5034914428137803,0.958113133907318
random,graphsage,8,PLP1,0.6394323635951769,0.5374991065385559,0.9742329716682434
random,graphsage,8,SAA1,0.3945284998070925,0.3566458697407242,0.7707486152648926
random,graphsage,8,MGP,0.3685674592289117,0.3385111806985579,0.976975679397583
random,graphsage,8,IGKC,0.2244991741642517,0.1773657883435453,1.0079805850982666
random,graphsage,8,FABP4,0.3599158813031977,0.3108609173608251,0.7144808173179626
random,graphsage,8,MOBP,0.6122282670575518,0.3916273392196613,0.6573255658149719
random,graphsage,8,HBB,0.1984387674090427,0.1779983698565535,0.8180508017539978
random,graphsage,8,NEFL,0.5103542166929017,0.4677414276770828,0.8731646537780762
random,graphsage,8,TF,0.5745096281260882,0.4012610899954509,0.7685299515724182
random,graphsage,8,IGHG3,0.1991425542290537,0.1494515156834415,0.4859716594219208
random,graphsage,8,CNP,0.5462471474082214,0.3880016556903966,0.8865978717803955
random,graphsage,8,CPB1,0.2824782497117563,0.2253759432206108,0.4487249255180359
random,graphsage,8,CRYAB,0.4827491655741154,0.3734523288965757,0.947507917881012
random,graphsage,8,IGHA1,0.2100202163781228,0.1702817377608233,0.6294832825660706
random,graphsage,8,KRT8,0.3949189222334548,0.3237987063151786,0.8235949873924255
random,graphsage,8,MUC1,0.4156566061276738,0.4087156303494128,0.8725404739379883
random,graphsage,8,KRT19,0.3925841174937526,0.3711246217691312,0.9315574765205384
random,graphsage,8,IGLC2,0.1755298330652099,0.1351558999895852,0.6796227097511292
random,graphsage,8,TFF1,0.3781795493701022,0.3573362756243759,0.7494576573371887
random,graphsage,8,MAG,0.5180991212011762,0.3404098649540746,0.6083181500434875
random,graphsage,8,ERMN,0.5538742034899493,0.3361139584304496,0.5087846517562866
random,graphsage,8,CLDN11,0.532288919168857,0.3266687256441824,0.5676785707473755
random,graphsage,8,CLDND1,0.5162414172577515,0.3541757224131876,0.7432570457458496
random,graphsage,8,SPP1,0.533574914654295,0.350533103813554,0.6395058035850525
random,graphsage,8,PPP1R14A,0.4946419026433282,0.314662602570187,0.6825974583625793
random,graphsage,8,S100B,0.4117185069635231,0.3301658473251151,0.9421002864837646
random,graphsage,8,MOG,0.5445031753764551,0.316646685081537,0.4334651827812195
random,graphsage,8,MALAT1,0.3330752148840288,0.3667074431629826,0.9898369312286376
random,graphsage,8,CARNS1,0.5224046850190666,0.3155973414652615,0.4661057293415069
random,graphsage,8,IGHG4,0.1512764385040816,0.1167243677790376,0.4660846292972564
random,graphsage,8,KRT18,0.3891954225873323,0.3275761552983189,0.764604926109314
random,graphsage,8,BCAS1,0.5013335253210867,0.3228600497518091,0.5689201354980469
random,graphsage,8,PTGDS,0.3456255778057784,0.2893089953108576,0.8854486346244812
random,graphsage,8,SAA2,0.2265306092759479,0.2124428099905506,0.3610373735427856
random,graphsage,8,SEPT4,0.4454606775087173,0.3572868257466033,0.7461126446723938
random,graphsage,8,TFF3,0.3236597558936567,0.3140912234692011,0.8059459924697876
random,graphsage,8,HPCAL1,0.4000944484269716,0.377824884328704,0.8442583084106445
random,graphsage,8,S100A11,0.3657679926670362,0.2980747193592274,0.8061937093734741
random,graphsage,8,ALB,-0.0016330093316841,-0.00186029036349,0.1625801771879196
random,graphsage,8,RNASE1,0.432774636449707,0.2900022500681209,0.7543076276779175
random,graphsage,8,TMEM144,0.4682662399148537,0.2786985076489355,0.4808846712112427
random,graphsage,8,ENPP2,0.4780745164058786,0.3199282695402659,0.5589168667793274
random,graphsage,8,MAL,0.4143080853543756,0.2619116913264978,0.5836935639381409
random,graphsage,8,NKX6-2,0.4144404141703479,0.251074068765903,0.4279375076293945
random,graphsage,8,HSPA2,0.4384842692227312,0.2503476975501879,0.5157149434089661
random,graphsage,8,G0S2,0.2705504506290863,0.2275363036678531,0.4339510202407837
matched_hop0,graphsage,8,SCGB2A2,0.2653538380600954,0.2516038700327509,1.2861486673355105
matched_hop0,graphsage,8,SCGB1D2,0.2343456178715235,0.2165250294286821,1.0638902187347412
matched_hop0,graphsage,8,MBP,0.6307417401345484,0.6275493367396467,0.7639592289924622
matched_hop0,graphsage,8,GFAP,0.4339345539791051,0.3344561037386142,0.925248384475708
matched_hop0,graphsage,8,PLP1,0.5355204581359501,0.4829459479600085,0.932603120803833
matched_hop0,graphsage,8,SAA1,0.0062500875093179,0.0010472550329731,0.5906681418418884
matched_hop0,graphsage,8,MGP,0.1426103550486096,0.1196546436643963,0.9190940260887146
matched_hop0,graphsage,8,IGKC,0.0819303478731379,0.0734425761213306,1.0222171545028689
matched_hop0,graphsage,8,FABP4,-0.0166456825266921,-0.0153605221790925,0.5453596115112305
matched_hop0,graphsage,8,MOBP,0.4013838008190365,0.2819013253537167,0.6670895218849182
matched_hop0,graphsage,8,HBB,0.1021578060666994,0.073707921214751,0.8819735646247864
matched_hop0,graphsage,8,NEFL,0.3463219184136435,0.2662666267323939,0.8256274461746216
matched_hop0,graphsage,8,TF,0.4174171959739569,0.3217558151777681,0.7721006274223328
matched_hop0,graphsage,8,IGHG3,-0.0040639108801306,0.0072005848113434,0.5887986421585083
matched_hop0,graphsage,8,CNP,0.3890956096277624,0.2948448031795024,0.8918167352676392
matched_hop0,graphsage,8,CPB1,0.1033581888471888,0.1020735434857101,0.8217867612838745
matched_hop0,graphsage,8,CRYAB,0.313477367845365,0.2303090093768328,0.9183602929115297
matched_hop0,graphsage,8,IGHA1,0.0535645023613424,0.0541352666566015,0.5495942831039429
matched_hop0,graphsage,8,KRT8,0.2420644935602131,0.2096234592681844,0.8141307830810547
matched_hop0,graphsage,8,MUC1,0.2508121386822809,0.2285472788097645,0.871441125869751
matched_hop0,graphsage,8,KRT19,0.3595768512322189,0.3459823718036486,1.0302555561065674
matched_hop0,graphsage,8,IGLC2,0.0684851452737208,0.0623577903182876,0.699288010597229
matched_hop0,graphsage,8,TFF1,0.1300811308965313,0.122934219045905,0.7046331763267517
matched_hop0,graphsage,8,MAG,0.3535878589614961,0.2462018277672144,0.6180054545402527
matched_hop0,graphsage,8,ERMN,0.3570227247721668,0.2409443957972298,0.5117325782775879
matched_hop0,graphsage,8,CLDN11,0.3432870089424844,0.2309432733264544,0.5533162951469421
matched_hop0,graphsage,8,CLDND1,0.3208702558610929,0.2489169492448961,0.7686522006988525
matched_hop0,graphsage,8,SPP1,0.3556724613255276,0.2804856465040508,0.6372376680374146
matched_hop0,graphsage,8,PPP1R14A,0.2903487357359859,0.2105708129097566,0.693021833896637
matched_hop0,graphsage,8,S100B,0.2057493111813791,0.1348866955303345,0.915398120880127
matched_hop0,graphsage,8,MOG,0.2835029222588742,0.1827842784606583,0.4304070770740509
matched_hop0,graphsage,8,MALAT1,0.2040821086779691,0.2376650229745232,0.9614988565444946
matched_hop0,graphsage,8,CARNS1,0.310015303663748,0.2061782756750337,0.4767756164073944
matched_hop0,graphsage,8,IGHG4,0.0317008892758731,0.0401067165755316,0.5666638016700745
matched_hop0,graphsage,8,KRT18,0.2541074048708784,0.2131084778331936,0.7751666903495789
matched_hop0,graphsage,8,BCAS1,0.2794086833952506,0.2170698266472586,0.5690737962722778
matched_hop0,graphsage,8,PTGDS,0.1929417525731877,0.1633311863839485,0.8480514287948608
matched_hop0,graphsage,8,SAA2,-0.010817342402929,-0.0031095830693589,0.2052743285894394
matched_hop0,graphsage,8,SEPT4,0.2928073334023988,0.2442518156597821,0.7603360414505005
matched_hop0,graphsage,8,TFF3,0.2617475882327603,0.2340640919398447,0.8183518052101135
matched_hop0,graphsage,8,HPCAL1,0.3381517939350394,0.2971498296965297,0.8164125084877014
matched_hop0,graphsage,8,S100A11,0.1998346161443677,0.170999129314408,0.761581301689148
matched_hop0,graphsage,8,ALB,0.0046728814564693,0.0010215063659555,0.0903705060482025
matched_hop0,graphsage,8,RNASE1,0.2828174392583029,0.2104992046903297,0.7535966038703918
matched_hop0,graphsage,8,TMEM144,0.2344138567560023,0.177995580202567,0.4791738092899322
matched_hop0,graphsage,8,ENPP2,0.282989456063683,0.203831296199944,0.5679296255111694
matched_hop0,graphsage,8,MAL,0.2637073699643074,0.1748731964694468,0.5646278858184814
matched_hop0,graphsage,8,NKX6-2,0.2435096950628034,0.1514892770388736,0.4144248068332672
matched_hop0,graphsage,8,HSPA2,0.262448165250058,0.1756224146168047,0.4920671582221985
matched_hop0,graphsage,8,G0S2,0.0035259368436514,0.0032186728526839,0.2839652895927429
patient_Br5292,graphsage,8,SCGB2A2,0.4373629567894647,0.4551478981657199,1.4892618656158447
patient_Br5292,graphsage,8,SCGB1D2,0.357485236990582,0.3571145733503829,1.2079570293426514
patient_Br5292,graphsage,8,MBP,0.5191811778202376,0.4582654153309358,1.126819372177124
patient_Br5292,graphsage,8,GFAP,0.5579761727863732,0.5143907483780252,1.11797297000885
patient_Br5292,graphsage,8,PLP1,0.4908798869396618,0.3835260721970132,1.1359392404556274
patient_Br5292,graphsage,8,SAA1,0.244989406999161,0.2304911539927871,0.8864211440086365
patient_Br5292,graphsage,8,MGP,0.2638641059009906,0.2499132072074461,1.105994462966919
patient_Br5292,graphsage,8,IGKC,0.1279273518347109,0.1153024837570606,1.086551547050476
patient_Br5292,graphsage,8,FABP4,0.2328811532698206,0.2180912079954901,0.7976481914520264
patient_Br5292,graphsage,8,MOBP,0.4659493042529736,0.2279254051164703,0.690075159072876
patient_Br5292,graphsage,8,HBB,-0.0205894089492646,-0.021034074747031,0.8927642703056335
patient_Br5292,graphsage,8,NEFL,0.4856795609268268,0.4480482709614302,0.9906602501869202
patient_Br5292,graphsage,8,TF,0.420299925342861,0.247838952464631,0.8008649349212646
patient_Br5292,graphsage,8,IGHG3,0.0513352162335611,0.0405890216045616,0.5326730608940125
patient_Br5292,graphsage,8,CNP,0.3736570018971614,0.2268957652193008,0.9756914973258972
patient_Br5292,graphsage,8,CPB1,0.0712888341517048,0.0888443177964738,0.5005582571029663
patient_Br5292,graphsage,8,CRYAB,0.3626786833745976,0.2529104093017953,1.0691832304000854
patient_Br5292,graphsage,8,IGHA1,0.1026197708923189,0.0931871659559865,0.7068339586257935
patient_Br5292,graphsage,8,KRT8,0.3239448840361884,0.2741616912948592,0.9211931228637696
patient_Br5292,graphsage,8,MUC1,0.3151778252676872,0.3097531749969949,0.9983829855918884
patient_Br5292,graphsage,8,KRT19,0.2995000035166171,0.2880666915260891,1.0360023975372314
patient_Br5292,graphsage,8,IGLC2,0.0926769674854966,0.0868317039698964,0.7491204142570496
patient_Br5292,graphsage,8,TFF1,0.2524199559917189,0.2429162554854606,0.861948549747467
patient_Br5292,graphsage,8,MAG,0.383777661120343,0.1912874108081291,0.58138108253479
patient_Br5292,graphsage,8,ERMN,0.4100762209736018,0.1807735656540548,0.4806627333164215
patient_Br5292,graphsage,8,CLDN11,0.3809960073670434,0.1681777076956642,0.5383380651473999
patient_Br5292,graphsage,8,CLDND1,0.3433180986583772,0.1922582641494738,0.776350200176239
patient_Br5292,graphsage,8,SPP1,0.3778001596306147,0.2034328078644174,0.637985348701477
patient_Br5292,graphsage,8,PPP1R14A,0.3672770892513902,0.1774683094699725,0.7130883932113647
patient_Br5292,graphsage,8,S100B,0.3338434396304773,0.3049861937890898,1.081348180770874
patient_Br5292,graphsage,8,MOG,0.3803064424305759,0.1681438551135718,0.4366412162780761
patient_Br5292,graphsage,8,MALAT1,0.1970845380063625,0.2305740624748483,1.1121256351470947
patient_Br5292,graphsage,8,CARNS1,0.339511236822944,0.1393712343468573,0.4390413463115692
patient_Br5292,graphsage,8,IGHG4,0.0461898751617166,0.0423972604721517,0.4963550567626953
patient_Br5292,graphsage,8,KRT18,0.2974731682061573,0.2524401767200176,0.838616669178009
patient_Br5292,graphsage,8,BCAS1,0.3230263447347102,0.1739005236511014,0.5641710758209229
patient_Br5292,graphsage,8,PTGDS,0.27152490928306,0.2518753031470551,1.0333460569381714
patient_Br5292,graphsage,8,SAA2,0.1212854222208882,0.1247742974050105,0.4217199981212616
patient_Br5292,graphsage,8,SEPT4,0.3151313520404639,0.2171473477167913,0.7789623141288757
patient_Br5292,graphsage,8,TFF3,0.2117258661482438,0.2079315708722245,0.9002795815467834
patient_Br5292,graphsage,8,HPCAL1,0.369253804608424,0.3581605509705455,0.9771884083747864
patient_Br5292,graphsage,8,S100A11,0.309645095954848,0.2536986589823294,0.912108600139618
patient_Br5292,graphsage,8,ALB,-0.0016734199577974,0.009237699071363,0.1727817952632904
patient_Br5292,graphsage,8,RNASE1,0.271343964128183,0.1366887211585929,0.7944404482841492
patient_Br5292,graphsage,8,TMEM144,0.3425231401897261,0.1613803365252863,0.4688409864902496
patient_Br5292,graphsage,8,ENPP2,0.3227802551326689,0.1580561122079878,0.5542526245117188
patient_Br5292,graphsage,8,MAL,0.3008130645716801,0.1337454691343263,0.5645323395729065
patient_Br5292,graphsage,8,NKX6-2,0.3440776970701408,0.1514191912446176,0.3804631233215332
patient_Br5292,graphsage,8,HSPA2,0.3117012423277938,0.1325283099814852,0.5178472399711609
patient_Br5292,graphsage,8,G0S2,0.1463927291441698,0.1345824345524952,0.4921056926250458
patient_Br5595,graphsage,8,SCGB2A2,0.4621928379006509,0.4371564451663035,1.4176169633865356
patient_Br5595,graphsage,8,SCGB1D2,0.3850753137569875,0.3577716274076317,1.1425656080245972
patient_Br5595,graphsage,8,MBP,0.4836380093747725,0.5359012004287445,0.8492836952209473
patient_Br5595,graphsage,8,GFAP,0.3177038882613133,0.2941514716879266,0.9859381318092346
patient_Br5595,graphsage,8,PLP1,0.4358118374678554,0.428271363983489,0.9945167303085328
patient_Br5595,graphsage,8,SAA1,0.2609005589890703,0.261501423699716,0.8291871547698975
patient_Br5595,graphsage,8,MGP,0.2554800509305314,0.2273785869163852,0.9913387298583984
patient_Br5595,graphsage,8,IGKC,0.134147173363114,0.1153239336693147,0.9807295799255372
patient_Br5595,graphsage,8,FABP4,0.2567406773271016,0.2436312947683915,0.7410097122192383
patient_Br5595,graphsage,8,MOBP,0.2655029035134819,0.2580520496883639,0.654817521572113
patient_Br5595,graphsage,8,HBB,0.0966941641180391,0.1000842065850817,0.7310274243354797
patient_Br5595,graphsage,8,NEFL,0.4674936013953006,0.3769413016217788,0.8360825777053833
patient_Br5595,graphsage,8,TF,0.2819968395925658,0.2692147804441921,0.7492491602897644
patient_Br5595,graphsage,8,IGHG3,0.0439308694526859,0.0493640373518219,0.4711006283760071
patient_Br5595,graphsage,8,CNP,0.2870443728281361,0.2651515636160176,0.8966504335403442
patient_Br5595,graphsage,8,CPB1,0.0518047080115086,0.0351249297794224,0.4129280745983124
patient_Br5595,graphsage,8,CRYAB,0.2885603526203287,0.2745318416948242,0.9396057724952698
patient_Br5595,graphsage,8,IGHA1,0.1080867208461799,0.0932645770407652,0.6219184994697571
patient_Br5595,graphsage,8,KRT8,0.4033964873560148,0.2861139427302978,0.7886298298835754
patient_Br5595,graphsage,8,MUC1,0.3588720160653527,0.3172387291406717,0.8728193640708923
patient_Br5595,graphsage,8,KRT19,0.3316570081759925,0.2813671453602843,0.901369571685791
patient_Br5595,graphsage,8,IGLC2,0.084499261293316,0.0595303716565272,0.6625608801841736
patient_Br5595,graphsage,8,TFF1,0.2455891567435799,0.2458352975818633,0.7605340480804443
patient_Br5595,graphsage,8,MAG,0.2239404388246891,0.2093539444302516,0.5976461172103882
patient_Br5595,graphsage,8,ERMN,0.1794589443819503,0.1821898295500239,0.504662036895752
patient_Br5595,graphsage,8,CLDN11,0.1858880209458243,0.1833097838009267,0.5356801152229309
patient_Br5595,graphsage,8,CLDND1,0.2393176831406927,0.238872578155514,0.7596117258071899
patient_Br5595,graphsage,8,SPP1,0.2391900354899244,0.2353790865348684,0.6086022257804871
patient_Br5595,graphsage,8,PPP1R14A,0.1811823910923791,0.1872208091650114,0.6991555094718933
patient_Br5595,graphsage,8,S100B,0.1172319571131611,0.1055400862488001,0.9393605589866638
patient_Br5595,graphsage,8,MOG,0.1610663279100208,0.1680344201277672,0.4188025593757629
patient_Br5595,graphsage,8,MALAT1,0.270788848623195,0.2793133567403321,1.0206443071365356
patient_Br5595,graphsage,8,CARNS1,0.1630530374933703,0.1657807211365415,0.4369648993015289
patient_Br5595,graphsage,8,IGHG4,0.0235101582257924,0.0260594614893039,0.4407995045185089
patient_Br5595,graphsage,8,KRT18,0.3537169319302761,0.2596414971458384,0.7216567397117615
patient_Br5595,graphsage,8,BCAS1,0.1644283774429497,0.1752962125351068,0.5730565786361694
patient_Br5595,graphsage,8,PTGDS,0.0613084016590982,0.0823108570335652,0.8923718333244324
patient_Br5595,graphsage,8,SAA2,0.1408066493924826,0.1430256388898086,0.3833598792552948
patient_Br5595,graphsage,8,SEPT4,0.1989432656624802,0.2104825005691214,0.7656406760215759
patient_Br5595,graphsage,8,TFF3,0.2403740005422243,0.2280425824765457,0.7798475027084351
patient_Br5595,graphsage,8,HPCAL1,0.3195659374485871,0.2932952616220864,0.8059196472167969
patient_Br5595,graphsage,8,S100A11,0.384082867910397,0.2633458528693179,0.7696763277053833
patient_Br5595,graphsage,8,ALB,-0.0051415374939988,-0.0071760241333002,0.1250170618295669
patient_Br5595,graphsage,8,RNASE1,0.1888599384494522,0.1924775662811285,0.7677176594734192
patient_Br5595,graphsage,8,TMEM144,0.1426622795863738,0.1592909894069434,0.4634652137756347
patient_Br5595,graphsage,8,ENPP2,0.162232223325685,0.1743294046344656,0.5363117456436157
patient_Br5595,graphsage,8,MAL,0.1499106523587652,0.1526218832018055,0.579753577709198
patient_Br5595,graphsage,8,NKX6-2,0.1132792945558141,0.1243819917326392,0.3964802622795105
patient_Br5595,graphsage,8,HSPA2,0.1278397440751942,0.1193271444670963,0.4944347739219665
patient_Br5595,graphsage,8,G0S2,0.177089589962279,0.1578208548693737,0.4618724286556244
patient_Br8100,graphsage,8,SCGB2A2,0.4919139470083612,0.4935898097051606,1.2860475778579712
patient_Br8100,graphsage,8,SCGB1D2,0.4113128168207199,0.4093716371968363,1.0291112661361694
patient_Br8100,graphsage,8,MBP,0.8446408721315315,0.7768275052876886,0.8090856075286865
patient_Br8100,graphsage,8,GFAP,0.7208610276737626,0.6402190317536847,0.8305339813232422
patient_Br8100,graphsage,8,PLP1,0.7911649396940693,0.7013290147755695,0.8665974140167236
patient_Br8100,graphsage,8,SAA1,0.260512110604476,0.2647116436564394,0.7224470973014832
patient_Br8100,graphsage,8,MGP,0.3673401826541846,0.3494372696312623,0.9272355437278748
patient_Br8100,graphsage,8,IGKC,0.1819651084288281,0.160382722979674,1.0281659364700315
patient_Br8100,graphsage,8,FABP4,0.2144168492506649,0.2201200751377749,0.6599820852279663
patient_Br8100,graphsage,8,MOBP,0.7542371634551814,0.5517646052903992,0.6855975389480591
patient_Br8100,graphsage,8,HBB,-0.0344869007637462,-0.0021536411097963,0.9039112329483032
patient_Br8100,graphsage,8,NEFL,0.5263618528426532,0.5068028782202549,0.7910865545272827
patient_Br8100,graphsage,8,TF,0.7131755808768749,0.5582289794675027,0.7829430103302002
patient_Br8100,graphsage,8,IGHG3,0.0703622744191474,0.0738721362323114,0.5190446376800537
patient_Br8100,graphsage,8,CNP,0.7051877462994265,0.5532483393811056,0.8278806805610657
patient_Br8100,graphsage,8,CPB1,0.0986181379413618,0.0965880369373188,0.5457677245140076
patient_Br8100,graphsage,8,CRYAB,0.6950723839183466,0.5397502228874161,0.8276802897453308
patient_Br8100,graphsage,8,IGHA1,0.1476612794045061,0.1321793955710856,0.644671618938446
patient_Br8100,graphsage,8,KRT8,0.4594013025083134,0.4009140171857859,0.7818331122398376
patient_Br8100,graphsage,8,MUC1,0.4153326057625912,0.3934778606824783,0.8246756196022034
patient_Br8100,graphsage,8,KRT19,0.4219303563358274,0.4098469220048826,0.9103397727012634
patient_Br8100,graphsage,8,IGLC2,0.1197801427161101,0.1083431468506977,0.7173784971237183
patient_Br8100,graphsage,8,TFF1,0.3799701609279813,0.3639069492528876,0.6905962824821472
patient_Br8100,graphsage,8,MAG,0.6827415330649176,0.4979224096280269,0.663624107837677
patient_Br8100,graphsage,8,ERMN,0.6646810932037102,0.4761977800669579,0.6018677949905396
patient_Br8100,graphsage,8,CLDN11,0.6571254329196402,0.4605187839178258,0.6355611681938171
patient_Br8100,graphsage,8,CLDND1,0.6580720246477537,0.5120849469642301,0.7512049674987793
patient_Br8100,graphsage,8,SPP1,0.6482706672610239,0.4924189442490845,0.7155011892318726
patient_Br8100,graphsage,8,PPP1R14A,0.6593677576156597,0.4714257979562632,0.7086268067359924
patient_Br8100,graphsage,8,S100B,0.6028391109632177,0.4825511880365574,0.8166288137435913
patient_Br8100,graphsage,8,MOG,0.6384120369432091,0.4491028474720692,0.5283509492874146
patient_Br8100,graphsage,8,MALAT1,0.2556442256452531,0.3109731248895134,0.8941363096237183
patient_Br8100,graphsage,8,CARNS1,0.6251927050253177,0.44314280203124,0.5866615176200867
patient_Br8100,graphsage,8,IGHG4,0.0506722607370157,0.0650594689389547,0.502297043800354
patient_Br8100,graphsage,8,KRT18,0.4140562098525672,0.3672340854945861,0.7322674989700317
patient_Br8100,graphsage,8,BCAS1,0.5970270149017776,0.4421668569536566,0.6377160549163818
patient_Br8100,graphsage,8,PTGDS,0.5425834732990675,0.4560693782658345,0.7543903589248657
patient_Br8100,graphsage,8,SAA2,0.1435036395218469,0.1847287315524708,0.3121338188648224
patient_Br8100,graphsage,8,SEPT4,0.5806587788048254,0.4563582572878324,0.750512957572937
patient_Br8100,graphsage,8,TFF3,0.3190637245779344,0.3139208170939093,0.7818307876586914
patient_Br8100,graphsage,8,HPCAL1,0.386535677364426,0.351187449109205,0.7860238552093506
patient_Br8100,graphsage,8,S100A11,0.4275301850067868,0.3695099225191531,0.74845290184021
patient_Br8100,graphsage,8,ALB,-0.004145243051949,-0.0059466357073939,0.1758357882499694
patient_Br8100,graphsage,8,RNASE1,0.5977516069824896,0.4450848884380822,0.7455332279205322
patient_Br8100,graphsage,8,TMEM144,0.5940387679476555,0.4197396695032947,0.5675479769706726
patient_Br8100,graphsage,8,ENPP2,0.5771112762852582,0.4168404254847185,0.65175861120224
patient_Br8100,graphsage,8,MAL,0.5879011281789452,0.4161321899235378,0.6194795966148376
patient_Br8100,graphsage,8,NKX6-2,0.5625376443094743,0.4020180894239469,0.5149548053741455
patient_Br8100,graphsage,8,HSPA2,0.5905834348870973,0.4161014773259283,0.5806196928024292
patient_Br8100,graphsage,8,G0S2,0.1639031249962425,0.1721083992708435,0.3763735592365265
random,graphsage,9,SCGB2A2,0.6048441006619554,0.6108824330258683,1.220511794090271
random,graphsage,9,SCGB1D2,0.5479807695364654,0.5368856199580413,1.0057657957077026
random,graphsage,9,MBP,0.7152689339897871,0.6699313256416709,0.8410139083862305
random,graphsage,9,GFAP,0.6228619629400762,0.5282306247211038,0.9388576745986938
random,graphsage,9,PLP1,0.661161013508279,0.5471725850105509,0.957542359828949
random,graphsage,9,SAA1,0.3738147584617327,0.33803420507111,0.7853366136550903
random,graphsage,9,MGP,0.3618886613787057,0.3309324359776791,0.9659754633903505
random,graphsage,9,IGKC,0.2230157795121401,0.1787381287829612,1.001469373703003
random,graphsage,9,FABP4,0.376119232243524,0.3166131152778866,0.7009986639022827
random,graphsage,9,MOBP,0.6249356848234521,0.3948522125105342,0.669795036315918
random,graphsage,9,HBB,0.1956848952062154,0.1817763198004338,0.8149982690811157
random,graphsage,9,NEFL,0.5171823056038561,0.4618965153553372,0.8751509785652161
random,graphsage,9,TF,0.602864400413896,0.4183713138631574,0.7606483697891235
random,graphsage,9,IGHG3,0.1494134334971711,0.1299004258269676,0.4914291799068451
random,graphsage,9,CNP,0.5516584340314937,0.3954743513691095,0.8982276916503906
random,graphsage,9,CPB1,0.3036695786275896,0.2447962472822557,0.4446377754211426
random,graphsage,9,CRYAB,0.5096660550382742,0.3610651066545894,0.9324591159820556
random,graphsage,9,IGHA1,0.2332973572158702,0.1809093411141745,0.6403968334197998
random,graphsage,9,KRT8,0.437694210559129,0.3674722543997875,0.8162372708320618
random,graphsage,9,MUC1,0.4125264824262106,0.3906061379770148,0.8757166862487793
random,graphsage,9,KRT19,0.3937441813689494,0.3713296811894029,0.9235864281654358
random,graphsage,9,IGLC2,0.1866424640885018,0.1393672874202693,0.6869329810142517
random,graphsage,9,TFF1,0.3561872551846966,0.3422550883831874,0.7381952404975891
random,graphsage,9,MAG,0.5694380412941356,0.3509498256994862,0.5959457755088806
random,graphsage,9,ERMN,0.5508991558510401,0.336140496726535,0.5260584354400635
random,graphsage,9,CLDN11,0.5592998494373191,0.3176183589959528,0.5636729598045349
random,graphsage,9,CLDND1,0.5165965678253672,0.3471901011602648,0.7511060237884521
random,graphsage,9,SPP1,0.5590727654740562,0.3615876442290999,0.6462175846099854
random,graphsage,9,PPP1R14A,0.5020577089960157,0.3067573090689032,0.702975332736969
random,graphsage,9,S100B,0.4065221950520414,0.3104115950251158,0.9494403600692748
random,graphsage,9,MOG,0.5332201630077992,0.3048708933947324,0.4546846747398376
random,graphsage,9,MALAT1,0.3443409982182445,0.3879946071560546,0.98833566904068
random,graphsage,9,CARNS1,0.5242915805871193,0.32171900405012,0.4884403944015503
random,graphsage,9,IGHG4,0.1383433761686926,0.1320770580093696,0.4645645022392273
random,graphsage,9,KRT18,0.3822098297941446,0.315744614357045,0.7475146055221558
random,graphsage,9,BCAS1,0.5078267230732293,0.3349158894853773,0.5768855810165405
random,graphsage,9,PTGDS,0.3687758536686395,0.3265552914188936,0.8979278206825256
random,graphsage,9,SAA2,0.2601641539813628,0.2273695003862509,0.3756921291351318
random,graphsage,9,SEPT4,0.444153222078991,0.3324276359337251,0.7606306076049805
random,graphsage,9,TFF3,0.3196923687103038,0.3099054520075346,0.8105648159980774
random,graphsage,9,HPCAL1,0.4083090315410795,0.3834170408178325,0.8380456566810608
random,graphsage,9,S100A11,0.3917025243086198,0.3113335792966347,0.8102832436561584
random,graphsage,9,ALB,0.0,,0.148869127035141
random,graphsage,9,RNASE1,0.4603579991133754,0.3247227104299201,0.7509893178939819
random,graphsage,9,TMEM144,0.4688540764765447,0.2838898938446859,0.4990414381027221
random,graphsage,9,ENPP2,0.4982000096240597,0.3061223724173713,0.5685552954673767
random,graphsage,9,MAL,0.442708732981073,0.2619949727686741,0.5623273253440857
random,graphsage,9,NKX6-2,0.486003353600305,0.2921908420409916,0.4235943555831909
random,graphsage,9,HSPA2,0.4794211096609029,0.2985646463525591,0.5145655274391174
random,graphsage,9,G0S2,0.2629379661121278,0.2261389847537776,0.4452186524868011
matched_hop0,graphsage,9,SCGB2A2,0.28475889049087,0.2706845229323887,1.2783865928649902
matched_hop0,graphsage,9,SCGB1D2,0.2528747067551463,0.2347219758218559,1.059689164161682
matched_hop0,graphsage,9,MBP,0.6322453193191809,0.6235539105214208,0.7635271549224854
matched_hop0,graphsage,9,GFAP,0.4350935103174507,0.3362076373874738,0.9242236614227296
matched_hop0,graphsage,9,PLP1,0.5409098341634366,0.4868844145134227,0.9284265041351318
matched_hop0,graphsage,9,SAA1,0.0111116597032732,0.0004101863175111,0.5835895538330078
matched_hop0,graphsage,9,MGP,0.1373173782359649,0.1109366638347369,0.9236984848976136
matched_hop0,graphsage,9,IGKC,0.0775764960197609,0.0681140053228737,1.0217822790145874
matched_hop0,graphsage,9,FABP4,-0.0083595569504818,-0.0173214836827863,0.5420421957969666
matched_hop0,graphsage,9,MOBP,0.4042838881365263,0.284946696634781,0.666166365146637
matched_hop0,graphsage,9,HBB,0.1124393056208005,0.0767777439780159,0.8802093863487244
matched_hop0,graphsage,9,NEFL,0.3512196165663944,0.2671253157544507,0.8249818682670593
matched_hop0,graphsage,9,TF,0.4221836884832058,0.3270969829741475,0.7703539133071899
matched_hop0,graphsage,9,IGHG3,0.0357826859169148,0.0356377272546936,0.5841416120529175
matched_hop0,graphsage,9,CNP,0.388970845243035,0.2963661518469339,0.8915999531745911
matched_hop0,graphsage,9,CPB1,0.0947143935829004,0.0993734111893149,0.8239625096321106
matched_hop0,graphsage,9,CRYAB,0.3194471015755372,0.2381696293969833,0.9152050614356996
matched_hop0,graphsage,9,IGHA1,0.0516970460246569,0.0541357037769919,0.5484097599983215
matched_hop0,graphsage,9,KRT8,0.2344469229750226,0.205817284179631,0.8159667253494263
matched_hop0,graphsage,9,MUC1,0.2606025011278211,0.2321140463651546,0.8686854243278503
matched_hop0,graphsage,9,KRT19,0.3415055017239982,0.3307909343679213,1.034500002861023
matched_hop0,graphsage,9,IGLC2,0.0462149466638525,0.0444704481418957,0.7018614411354065
matched_hop0,graphsage,9,TFF1,0.1465537708004464,0.1364452581568569,0.703362762928009
matched_hop0,graphsage,9,MAG,0.3556261418379223,0.2484068091047316,0.6173622608184814
matched_hop0,graphsage,9,ERMN,0.3567076021122509,0.243088981437523,0.5116697549819946
matched_hop0,graphsage,9,CLDN11,0.3438707692234468,0.227956189849249,0.5532010793685913
matched_hop0,graphsage,9,CLDND1,0.32288476719123,0.2518941488556213,0.7679451704025269
matched_hop0,graphsage,9,SPP1,0.3570905278993366,0.2792534157931789,0.6368837356567383
matched_hop0,graphsage,9,PPP1R14A,0.2894452665236158,0.2059809281414128,0.6929416060447693
matched_hop0,graphsage,9,S100B,0.2100437671963307,0.1370288098859909,0.9143943190574646
matched_hop0,graphsage,9,MOG,0.2856509098535862,0.1933961710027709,0.4301936328411102
matched_hop0,graphsage,9,MALAT1,0.2058015747742532,0.2410173214268038,0.9608420133590698
matched_hop0,graphsage,9,CARNS1,0.3130029123932162,0.2073809233236485,0.4761746525764465
matched_hop0,graphsage,9,IGHG4,0.0262607667304429,0.0279269401749366,0.5663179159164429
matched_hop0,graphsage,9,KRT18,0.250530354677187,0.2096839756216853,0.7743839621543884
matched_hop0,graphsage,9,BCAS1,0.2781182583917957,0.2118757533582068,0.5693652629852295
matched_hop0,graphsage,9,PTGDS,0.1958566193094717,0.1695207511655623,0.8472611308097839
matched_hop0,graphsage,9,SAA2,0.0217952593400576,0.023399979748991,0.2051898837089538
matched_hop0,graphsage,9,SEPT4,0.2926194493846207,0.2439403770934338,0.7604007124900818
matched_hop0,graphsage,9,TFF3,0.2554660482610417,0.2247505841518364,0.8189595937728882
matched_hop0,graphsage,9,HPCAL1,0.3406878408432769,0.2988564939306911,0.8159909248352051
matched_hop0,graphsage,9,S100A11,0.19657948940695,0.1685967749510086,0.7619839906692505
matched_hop0,graphsage,9,ALB,0.0139905300007085,-0.0026262322004652,0.0904643386602401
matched_hop0,graphsage,9,RNASE1,0.2949785323712044,0.2263734829688113,0.7507503032684326
matched_hop0,graphsage,9,TMEM144,0.2412569931612543,0.1885373857882228,0.4781919121742248
matched_hop0,graphsage,9,ENPP2,0.2816793104802848,0.1990646430625377,0.568187952041626
matched_hop0,graphsage,9,MAL,0.2672361357913717,0.1708715781834233,0.5640273690223694
matched_hop0,graphsage,9,NKX6-2,0.2460048264381577,0.1602670340109047,0.4140646755695343
matched_hop0,graphsage,9,HSPA2,0.261512110665663,0.1704401978577022,0.4922149777412414
matched_hop0,graphsage,9,G0S2,0.0062807535826367,-0.0103796901286254,0.2824589014053345
random,graphsage,0,SCGB2A2,0.6134606649916976,0.6144007818894832,1.2063632011413574
random,graphsage,0,SCGB1D2,0.5364791216705066,0.5211311644692675,1.002865195274353
random,graphsage,0,MBP,0.7121472617299593,0.6640347370197076,0.8595755696296692
random,graphsage,0,GFAP,0.6194898349087763,0.5310874341428556,0.9547222256660461
random,graphsage,0,PLP1,0.6728856554258356,0.566434319694919,0.9523294568061829
random,graphsage,0,SAA1,0.39606141449116744,0.35497835154517876,0.7792888283729553
random,graphsage,0,MGP,0.37302980046198786,0.34104364094296735,0.9664547443389893
random,graphsage,0,IGKC,0.21758992937044472,0.1782434925368266,0.9986222982406616
random,graphsage,0,FABP4,0.362794601010741,0.31552480486770507,0.7027595043182373
random,graphsage,0,MOBP,0.6458283728225215,0.43025054899842724,0.6686716079711914
random,graphsage,0,HBB,0.1819401258974787,0.15763293637461706,0.8129070401191711
random,graphsage,0,NEFL,0.5241453471356428,0.47077929456331186,0.8730454444885254
random,graphsage,0,TF,0.6035282669411509,0.41730126065687795,0.7670754194259644
random,graphsage,0,IGHG3,0.15267071543527633,0.11695746493359944,0.4820517599582672
random,graphsage,0,CNP,0.5672454871194108,0.4046832797416616,0.8972203731536865
random,graphsage,0,CPB1,0.28993402085147796,0.25675899058177476,0.4777791500091553
random,graphsage,0,CRYAB,0.5155961822824107,0.37548123206009393,0.9379955530166626
random,graphsage,0,IGHA1,0.19740651464327655,0.17180599241728253,0.6341083645820618
random,graphsage,0,KRT8,0.4176917118955903,0.34516213430426007,0.8287530541419983
random,graphsage,0,MUC1,0.4526620233647407,0.42325518753063957,0.8712484836578369
random,graphsage,0,KRT19,0.4055066638546283,0.3792065200732955,0.928264319896698
random,graphsage,0,IGLC2,0.18670168287914157,0.14991023658460587,0.6762871742248535
random,graphsage,0,TFF1,0.36082844871106834,0.339529968230029,0.7464308738708496
random,graphsage,0,MAG,0.588075210920779,0.36704420968963863,0.6016353368759155
random,graphsage,0,ERMN,0.579711005898915,0.34530993720015735,0.5158909559249878
random,graphsage,0,CLDN11,0.5601039816536433,0.34469096909141933,0.5733846426010132
random,graphsage,0,CLDND1,0.5357120789837646,0.36981162374569215,0.758568286895752
random,graphsage,0,SPP1,0.542886730276244,0.3635878816480197,0.665065348148346
random,graphsage,0,PPP1R14A,0.49953143919400994,0.307398923481131,0.7094957232475281
random,graphsage,0,S100B,0.4466639448846168,0.3410053560973799,0.9433059692382812
random,graphsage,0,MOG,0.53484600083985,0.3136841816245394,0.46698036789894104
random,graphsage,0,MALAT1,0.3357086456584223,0.3777922111882757,0.9903450012207031
random,graphsage,0,CARNS1,0.5464821433116069,0.320603852384737,0.483039915561676
random,graphsage,0,IGHG4,0.10500401942596745,0.08890188596017273,0.45562371611595154
random,graphsage,0,KRT18,0.40016811510870165,0.3292399113476704,0.7639343738555908
random,graphsage,0,BCAS1,0.4798668542101786,0.33713751281025917,0.605609655380249
random,graphsage,0,PTGDS,0.38292877585743845,0.332716435935327,0.872361421585083
random,graphsage,0,SAA2,0.23942864051183843,0.22851764672703437,0.3800719976425171
random,graphsage,0,SEPT4,0.44937321008939696,0.337279039125675,0.7714493274688721
random,graphsage,0,TFF3,0.31776460970561615,0.2982457865761536,0.8101561069488525
random,graphsage,0,HPCAL1,0.3883837317087028,0.363227324563533,0.8527666926383972
random,graphsage,0,S100A11,0.3798603725066755,0.2908542412123605,0.8193031549453735
random,graphsage,0,ALB,0.014593048935755061,0.007015451844420235,0.16319508850574493
random,graphsage,0,RNASE1,0.4401892485012061,0.29107897826086143,0.7690653800964355
random,graphsage,0,TMEM144,0.49599883299311287,0.29707160539505456,0.4916194677352905
random,graphsage,0,ENPP2,0.46080200787867065,0.29435800129327816,0.583558976650238
random,graphsage,0,MAL,0.4638320917444272,0.2919137084207961,0.5788434147834778
random,graphsage,0,NKX6-2,0.4813178589684728,0.2986532442302268,0.4398418962955475
random,graphsage,0,HSPA2,0.465583306208909,0.2684004498582835,0.5350096225738525
random,graphsage,0,G0S2,0.2650322107733303,0.22753020417173062,0.4401894211769104
matched_hop0,graphsage,0,SCGB2A2,0.27341175037657506,0.25918012871865115,1.2851923704147339
matched_hop0,graphsage,0,SCGB1D2,0.24386971376882102,0.22608800269885704,1.0626579523086548
matched_hop0,graphsage,0,MBP,0.6311679074957177,0.6224276507152232,0.7645629048347473
matched_hop0,graphsage,0,GFAP,0.43068867880679285,0.3326473714845753,0.9263458847999573
matched_hop0,graphsage,0,PLP1,0.540818357426269,0.49084077747897586,0.9285457730293274
matched_hop0,graphsage,0,SAA1,0.00713756182480323,-0.0014184357957231055,0.5832396745681763
matched_hop0,graphsage,0,MGP,0.134631416978622,0.10884849315991833,0.9287629723548889
matched_hop0,graphsage,0,IGKC,0.06543837925449532,0.056144450387964534,1.0243891477584839
matched_hop0,graphsage,0,FABP4,0.0005401896065726766,-0.007934983633941071,0.5374872088432312
matched_hop0,graphsage,0,MOBP,0.3998626799022002,0.2788093256348771,0.6677280068397522
matched_hop0,graphsage,0,HBB,0.09977298046055597,0.06801791579695132,0.8824409246444702
matched_hop0,graphsage,0,NEFL,0.3520256171730096,0.274248753885378,0.8236097097396851
matched_hop0,graphsage,0,TF,0.4233239266466366,0.3268048812400945,0.7698878049850464
matched_hop0,graphsage,0,IGHG3,0.02224203932878102,0.022278916910357303,0.5848667025566101
matched_hop0,graphsage,0,CNP,0.39047229014120866,0.2937122710682594,0.8917068243026733
matched_hop0,graphsage,0,CPB1,0.11234559567811894,0.10926293306944619,0.8228312134742737
matched_hop0,graphsage,0,CRYAB,0.3171113380034586,0.23726143038419414,0.916079044342041
matched_hop0,graphsage,0,IGHA1,0.05720852789407425,0.05705642307829189,0.5502708554267883
matched_hop0,graphsage,0,KRT8,0.2423622243400891,0.20792503858199676,0.8138756155967712
matched_hop0,graphsage,0,MUC1,0.2583326655236182,0.2344788602641207,0.8702865839004517
matched_hop0,graphsage,0,KRT19,0.3542997966372017,0.3438683973961235,1.034959077835083
matched_hop0,graphsage,0,IGLC2,0.05730634200815812,0.04466775867052145,0.6992592811584473
matched_hop0,graphsage,0,TFF1,0.14052242914712393,0.12597140997972772,0.702501654624939
matched_hop0,graphsage,0,MAG,0.3592625645582606,0.25063795146030937,0.6165598034858704
matched_hop0,graphsage,0,ERMN,0.3584405375871128,0.2438488398997649,0.511368989944458
matched_hop0,graphsage,0,CLDN11,0.3433928880255456,0.2319754173354859,0.5532969236373901
matched_hop0,graphsage,0,CLDND1,0.3245998061575015,0.25267076983694275,0.7673704028129578
matched_hop0,graphsage,0,SPP1,0.3609599004234415,0.2842542276462797,0.6358352899551392
matched_hop0,graphsage,0,PPP1R14A,0.2911512620105823,0.2051320495368843,0.6925614476203918
matched_hop0,graphsage,0,S100B,0.21320181091178034,0.14509670999982904,0.9135338068008423
matched_hop0,graphsage,0,MOG,0.2916538419782264,0.19415014771010758,0.42930522561073303
matched_hop0,graphsage,0,MALAT1,0.1978864682307571,0.2343143375847728,0.96172034740448
matched_hop0,graphsage,0,CARNS1,0.3171787500053826,0.21239515816175278,0.4754633605480194
matched_hop0,graphsage,0,IGHG4,0.03375368544442453,0.04148410233448143,0.5656766295433044
matched_hop0,graphsage,0,KRT18,0.25387274224095685,0.21456755574038472,0.7742035388946533
matched_hop0,graphsage,0,BCAS1,0.27441012577286206,0.20619055033944847,0.5699795484542847
matched_hop0,graphsage,0,PTGDS,0.18780075177352865,0.15824121396318208,0.8487280011177063
matched_hop0,graphsage,0,SAA2,0.01301882885187494,0.016961700499573632,0.20214545726776123
matched_hop0,graphsage,0,SEPT4,0.2940792829895373,0.24323450419320583,0.760075032711029
matched_hop0,graphsage,0,TFF3,0.2623365900847246,0.2362764505148569,0.8181877136230469
matched_hop0,graphsage,0,HPCAL1,0.34061330422100766,0.2979237234725112,0.8153992295265198
matched_hop0,graphsage,0,S100A11,0.19737972324365569,0.16802583825877437,0.762802004814148
matched_hop0,graphsage,0,ALB,-0.0007378020683794649,-0.0010905237883739398,0.08939851075410843
matched_hop0,graphsage,0,RNASE1,0.28515861482919136,0.2095762313696657,0.7531940340995789
matched_hop0,graphsage,0,TMEM144,0.23884575530878605,0.19026812897148118,0.47846224904060364
matched_hop0,graphsage,0,ENPP2,0.28479628542291835,0.20533123117512164,0.5675492882728577
matched_hop0,graphsage,0,MAL,0.27151689325223216,0.18848790459734985,0.5632877349853516
matched_hop0,graphsage,0,NKX6-2,0.24884261960046336,0.16122006878106895,0.41370150446891785
matched_hop0,graphsage,0,HSPA2,0.2605078903774359,0.17035352932464545,0.4923853576183319
matched_hop0,graphsage,0,G0S2,0.008685935954149009,-0.002458900462836627,0.28156694769859314
patient_Br5292,graphsage,0,SCGB2A2,0.44780367673839194,0.4645406504916198,1.475176453590393
patient_Br5292,graphsage,0,SCGB1D2,0.37601878756270807,0.37540608538988607,1.1958807706832886
patient_Br5292,graphsage,0,MBP,0.5232559545030144,0.4604739119974258,1.118391752243042
patient_Br5292,graphsage,0,GFAP,0.5605547251595991,0.5177561302761611,1.1146820783615112
patient_Br5292,graphsage,0,PLP1,0.4914414670123224,0.37968803093594816,1.1375682353973389
patient_Br5292,graphsage,0,SAA1,0.2878552610679874,0.26299423189843835,0.8714902400970459
patient_Br5292,graphsage,0,MGP,0.2647548149466028,0.250491137185084,1.103654146194458
patient_Br5292,graphsage,0,IGKC,0.12070153259572974,0.11783759012595003,1.0894991159439087
patient_Br5292,graphsage,0,FABP4,0.2688080274321987,0.2424887442325473,0.7874807119369507
patient_Br5292,graphsage,0,MOBP,0.4688858339162809,0.23175223882137705,0.6887912750244141
patient_Br5292,graphsage,0,HBB,-0.01358379851429234,-0.00950050671205616,0.8845745325088501
patient_Br5292,graphsage,0,NEFL,0.49033266291513605,0.4496681588620333,0.986613392829895
patient_Br5292,graphsage,0,TF,0.4210523408221571,0.2467888920983281,0.8006111979484558
patient_Br5292,graphsage,0,IGHG3,0.0673217788590181,0.06563284938823392,0.5289934873580933
patient_Br5292,graphsage,0,CNP,0.3767744048467553,0.2285796892474178,0.9757699370384216
patient_Br5292,graphsage,0,CPB1,0.06050459348352291,0.08321885036353303,0.49823763966560364
patient_Br5292,graphsage,0,CRYAB,0.36016147682380395,0.2530643801642159,1.0702931880950928
patient_Br5292,graphsage,0,IGHA1,0.11296047817344214,0.10399477068212426,0.7044963240623474
patient_Br5292,graphsage,0,KRT8,0.32452660136035455,0.2700377280774912,0.9234216213226318
patient_Br5292,graphsage,0,MUC1,0.3219012043697187,0.3154303109395789,0.9950557947158813
patient_Br5292,graphsage,0,KRT19,0.306473377607059,0.29553767528358654,1.034290075302124
patient_Br5292,graphsage,0,IGLC2,0.0818068130899946,0.07892398075966356,0.7512113451957703
patient_Br5292,graphsage,0,TFF1,0.2581374751126862,0.24739444150461307,0.8590252995491028
patient_Br5292,graphsage,0,MAG,0.38445907750691993,0.18902734060763063,0.5797494649887085
patient_Br5292,graphsage,0,ERMN,0.41057085617528216,0.17353229261845707,0.47954800724983215
patient_Br5292,graphsage,0,CLDN11,0.3770039975592875,0.1632895238198773,0.5395714640617371
patient_Br5292,graphsage,0,CLDND1,0.34100383501255843,0.18517061320095127,0.777018666267395
patient_Br5292,graphsage,0,SPP1,0.3779683959786383,0.20101315361072014,0.6382502913475037
patient_Br5292,graphsage,0,PPP1R14A,0.36652906144352176,0.17464858735045774,0.7127333283424377
patient_Br5292,graphsage,0,S100B,0.3440044890981939,0.3138663473926286,1.0780812501907349
patient_Br5292,graphsage,0,MOG,0.3867638423586133,0.1612780608945219,0.4354671239852905
patient_Br5292,graphsage,0,MALAT1,0.18883145102069163,0.22629898875926827,1.113244891166687
patient_Br5292,graphsage,0,CARNS1,0.34290858500447147,0.14682275878255044,0.438292920589447
patient_Br5292,graphsage,0,IGHG4,0.06629732224505733,0.06745778174666607,0.49366840720176697
patient_Br5292,graphsage,0,KRT18,0.30048303875764265,0.2547331909407228,0.839935839176178
patient_Br5292,graphsage,0,BCAS1,0.3186949401373363,0.1620701146646245,0.5656003355979919
patient_Br5292,graphsage,0,PTGDS,0.2707927248223175,0.2552870813817289,1.0330463647842407
patient_Br5292,graphsage,0,SAA2,0.14782511658393493,0.14195429035967613,0.41939663887023926
patient_Br5292,graphsage,0,SEPT4,0.3135759749707658,0.21263705365375452,0.7786110639572144
patient_Br5292,graphsage,0,TFF3,0.22417912330768558,0.2203335666117444,0.8977140188217163
patient_Br5292,graphsage,0,HPCAL1,0.371469837653825,0.3610879185010651,0.9785584807395935
patient_Br5292,graphsage,0,S100A11,0.31717004120042047,0.2585622275102573,0.909303605556488
patient_Br5292,graphsage,0,ALB,-0.0025266976472301758,-0.0032116814472416145,0.172782301902771
patient_Br5292,graphsage,0,RNASE1,0.2668853049644752,0.12948232267276671,0.7937704920768738
patient_Br5292,graphsage,0,TMEM144,0.3421671984941813,0.15918118710964885,0.46880143880844116
patient_Br5292,graphsage,0,ENPP2,0.32328808515828955,0.15866612829354407,0.5540897846221924
patient_Br5292,graphsage,0,MAL,0.29520506800135043,0.12576672371996978,0.5660301446914673
patient_Br5292,graphsage,0,NKX6-2,0.34896462925407284,0.15519682072184454,0.379701167345047
patient_Br5292,graphsage,0,HSPA2,0.3115487138328829,0.13010495856111395,0.5177225470542908
patient_Br5292,graphsage,0,G0S2,0.17868494700858417,0.1564175245478093,0.4879409074783325
patient_Br5595,graphsage,0,SCGB2A2,0.4819115911019809,0.46090174976742576,1.39747953414917
patient_Br5595,graphsage,0,SCGB1D2,0.3922935687080262,0.37036466813883884,1.1365412473678589
patient_Br5595,graphsage,0,MBP,0.4833668080228284,0.5392439180308943,0.8489475250244141
patient_Br5595,graphsage,0,GFAP,0.3159234841852997,0.29157289758036187,0.9850853681564331
patient_Br5595,graphsage,0,PLP1,0.4392609584675178,0.4280441540086726,0.993818998336792
patient_Br5595,graphsage,0,SAA1,0.2595925546950372,0.26412466866205964,0.8281564712524414
patient_Br5595,graphsage,0,MGP,0.26999916055949447,0.23278536334754343,0.9834308624267578
patient_Br5595,graphsage,0,IGKC,0.1191342735516727,0.09344735447527933,0.9811192750930786
patient_Br5595,graphsage,0,FABP4,0.2604634239700189,0.25012926449872797,0.739277184009552
patient_Br5595,graphsage,0,MOBP,0.2718690250313908,0.2615853584831426,0.6527070999145508
patient_Br5595,graphsage,0,HBB,0.10150683377979791,0.100485001022173,0.7306183576583862
patient_Br5595,graphsage,0,NEFL,0.46208921358118465,0.37534165008114156,0.840442419052124
patient_Br5595,graphsage,0,TF,0.27895966069402744,0.26382277650551245,0.7484400868415833
patient_Br5595,graphsage,0,IGHG3,0.01786809675600989,0.025575519878691437,0.47001010179519653
patient_Br5595,graphsage,0,CNP,0.27931715246019156,0.25880352355883435,0.8991608619689941
patient_Br5595,graphsage,0,CPB1,0.050603793543584165,0.04877438235259392,0.4125027358531952
patient_Br5595,graphsage,0,CRYAB,0.28619285638883735,0.27129700813739577,0.9408385157585144
patient_Br5595,graphsage,0,IGHA1,0.09689086403535437,0.08652533397193705,0.6235062479972839
patient_Br5595,graphsage,0,KRT8,0.410306206931061,0.29194341882402974,0.7858459949493408
patient_Br5595,graphsage,0,MUC1,0.36562872304896754,0.32110325113847027,0.8701476454734802
patient_Br5595,graphsage,0,KRT19,0.3250454440698635,0.275768130817975,0.9045418500900269
patient_Br5595,graphsage,0,IGLC2,0.07650283935452902,0.04572301760561597,0.6598469614982605
patient_Br5595,graphsage,0,TFF1,0.2452326374276283,0.25328710445746894,0.7611405849456787
patient_Br5595,graphsage,0,MAG,0.22862210108411812,0.21455189112509773,0.5961937308311462
patient_Br5595,graphsage,0,ERMN,0.18147990908362555,0.1763727207403003,0.5039634704589844
patient_Br5595,graphsage,0,CLDN11,0.18608860039809436,0.17220112946602792,0.5349254012107849
patient_Br5595,graphsage,0,CLDND1,0.23816395414679892,0.23881493552494518,0.7600582838058472
patient_Br5595,graphsage,0,SPP1,0.23669105499888637,0.22868688662250622,0.6087771654129028
patient_Br5595,graphsage,0,PPP1R14A,0.18053757747850924,0.1824938158270851,0.6986435651779175
patient_Br5595,graphsage,0,S100B,0.11976689839777462,0.11363219686762976,0.9383060932159424
patient_Br5595,graphsage,0,MOG,0.15093317466935358,0.15239821962468897,0.41935378313064575
patient_Br5595,graphsage,0,MALAT1,0.26947055218601523,0.2817689723507512,1.018663763999939
patient_Br5595,graphsage,0,CARNS1,0.1563265923815394,0.15715760003823429,0.4377889633178711
patient_Br5595,graphsage,0,IGHG4,0.013082359205642434,0.01901618663513254,0.4397937059402466
patient_Br5595,graphsage,0,KRT18,0.35184332203059776,0.2537871292753004,0.7221971154212952
patient_Br5595,graphsage,0,BCAS1,0.1671696278543289,0.17335540360811166,0.5729184150695801
patient_Br5595,graphsage,0,PTGDS,0.06973063802201457,0.07391098771812286,0.8917251825332642
patient_Br5595,graphsage,0,SAA2,0.15427683149943505,0.15158322959732093,0.3819733262062073
patient_Br5595,graphsage,0,SEPT4,0.20908572409222625,0.21945667270338318,0.7638792991638184
patient_Br5595,graphsage,0,TFF3,0.23996671410450382,0.2280481675695494,0.7799550294876099
patient_Br5595,graphsage,0,HPCAL1,0.3154558579779786,0.29362280334586227,0.8096594214439392
patient_Br5595,graphsage,0,S100A11,0.3865925994101227,0.2646216249484398,0.7684732675552368
patient_Br5595,graphsage,0,ALB,-0.0012978414012886283,-0.001949929752104199,0.1250142753124237
patient_Br5595,graphsage,0,RNASE1,0.18681362193501722,0.18770625922130185,0.7684509754180908
patient_Br5595,graphsage,0,TMEM144,0.1470621328340656,0.1612241173407328,0.4631838798522949
patient_Br5595,graphsage,0,ENPP2,0.1593392060526566,0.17075945918600685,0.5362667441368103
patient_Br5595,graphsage,0,MAL,0.14872601744883943,0.14901842461773335,0.5804859399795532
patient_Br5595,graphsage,0,NKX6-2,0.1224461805956406,0.13142678509919328,0.3954463303089142
patient_Br5595,graphsage,0,HSPA2,0.12137096306399106,0.1058159206615188,0.494794636964798
patient_Br5595,graphsage,0,G0S2,0.1761695157015677,0.1603600981943433,0.4628181457519531
patient_Br8100,graphsage,0,SCGB2A2,0.4961926697848299,0.49997047169864134,1.2750554084777832
patient_Br8100,graphsage,0,SCGB1D2,0.42598701596024335,0.42167680970636123,1.0195305347442627
patient_Br8100,graphsage,0,MBP,0.8440608052530703,0.7701440129122344,0.7994915246963501
patient_Br8100,graphsage,0,GFAP,0.7217547517000389,0.6412104319785342,0.8318526148796082
patient_Br8100,graphsage,0,PLP1,0.7901751501869478,0.6937085701725548,0.8647063374519348
patient_Br8100,graphsage,0,SAA1,0.24975017318276999,0.2533309471571132,0.7241266369819641
patient_Br8100,graphsage,0,MGP,0.35745364359320675,0.3427403599399168,0.9425638914108276
patient_Br8100,graphsage,0,IGKC,0.1719736525088973,0.13217086911483578,1.0394188165664673
patient_Br8100,graphsage,0,FABP4,0.22782059077173933,0.22615622749196215,0.655221164226532
patient_Br8100,graphsage,0,MOBP,0.7541303139406472,0.5540004474783383,0.6877763867378235
patient_Br8100,graphsage,0,HBB,0.02953377244861694,0.04450645359649872,0.8901863694190979
patient_Br8100,graphsage,0,NEFL,0.5193411042923757,0.4977525983009241,0.7973805069923401
patient_Br8100,graphsage,0,TF,0.712706688326825,0.5579699521760516,0.7833576202392578
patient_Br8100,graphsage,0,IGHG3,0.045358640626597425,0.045506891593291986,0.5233832001686096
patient_Br8100,graphsage,0,CNP,0.7044968034746791,0.5489968193038177,0.8302200436592102
patient_Br8100,graphsage,0,CPB1,0.10505129421348926,0.10841785419825513,0.541899561882019
patient_Br8100,graphsage,0,CRYAB,0.6962456496736482,0.5396880220756736,0.8317283987998962
patient_Br8100,graphsage,0,IGHA1,0.14710732890219408,0.11441080140773852,0.6484777927398682
patient_Br8100,graphsage,0,KRT8,0.44607674155272525,0.39035168247678953,0.790302038192749
patient_Br8100,graphsage,0,MUC1,0.415400777949555,0.39348792450575004,0.8258550763130188
patient_Br8100,graphsage,0,KRT19,0.4158422937529235,0.40343342297083895,0.9217331409454346
patient_Br8100,graphsage,0,IGLC2,0.12315774679644839,0.0951386377197994,0.7182504534721375
patient_Br8100,graphsage,0,TFF1,0.3710803394907952,0.35496450727663637,0.6957100033760071
patient_Br8100,graphsage,0,MAG,0.6817121142326505,0.4944071802491699,0.6645411849021912
patient_Br8100,graphsage,0,ERMN,0.6637643283360066,0.47761524109288594,0.6026224493980408
patient_Br8100,graphsage,0,CLDN11,0.6579212584070138,0.4695545148840824,0.6358052492141724
patient_Br8100,graphsage,0,CLDND1,0.6572551157719566,0.5087109737612803,0.7521765828132629
patient_Br8100,graphsage,0,SPP1,0.6480475798612747,0.4877508134243416,0.7168522477149963
patient_Br8100,graphsage,0,PPP1R14A,0.6585373936659308,0.4677547829410098,0.7101039886474609
patient_Br8100,graphsage,0,S100B,0.605437536049986,0.4895424671414162,0.8159084320068359
patient_Br8100,graphsage,0,MOG,0.6382332540002884,0.45257187010183403,0.5274014472961426
patient_Br8100,graphsage,0,MALAT1,0.25686907297085415,0.3215183882197458,0.9082219004631042
patient_Br8100,graphsage,0,CARNS1,0.6231786802314083,0.44465481629438136,0.5859598517417908
patient_Br8100,graphsage,0,IGHG4,0.03540655084136319,0.0328639073370928,0.5044553279876709
patient_Br8100,graphsage,0,KRT18,0.40368743090471026,0.35661126234789864,0.7399546504020691
patient_Br8100,graphsage,0,BCAS1,0.5976302757821257,0.44435817424576124,0.6370977163314819
patient_Br8100,graphsage,0,PTGDS,0.5382704488895844,0.4495431971308831,0.7532902956008911
patient_Br8100,graphsage,0,SAA2,0.1717530146911665,0.20124297849378564,0.31058740615844727
patient_Br8100,graphsage,0,SEPT4,0.5818675897748142,0.4596472095504041,0.7488263249397278
patient_Br8100,graphsage,0,TFF3,0.3200807067978606,0.31634462332018176,0.782487690448761
patient_Br8100,graphsage,0,HPCAL1,0.3793716377191183,0.3435528975069588,0.7879378199577332
patient_Br8100,graphsage,0,S100A11,0.4234486452968955,0.36364326091546895,0.75047367811203
patient_Br8100,graphsage,0,ALB,-0.0009452839144821065,-0.001003975474176423,0.17583517730236053
patient_Br8100,graphsage,0,RNASE1,0.5987156331294994,0.4479316153398957,0.7460630536079407
patient_Br8100,graphsage,0,TMEM144,0.5957249668447564,0.4193184291537188,0.56651371717453
patient_Br8100,graphsage,0,ENPP2,0.5772312114893172,0.42231668733467537,0.6517955660820007
patient_Br8100,graphsage,0,MAL,0.5870315037975335,0.4173699961671472,0.6203859448432922
patient_Br8100,graphsage,0,NKX6-2,0.5617744685583438,0.399535216930943,0.5153442025184631
patient_Br8100,graphsage,0,HSPA2,0.5893654562048591,0.4097596054897961,0.583023726940155
patient_Br8100,graphsage,0,G0S2,0.1844453312293503,0.19618042315371056,0.37534183263778687
random,graphsage,1,SCGB2A2,0.6244164628725362,0.6312352114358125,1.1986764669418335
random,graphsage,1,SCGB1D2,0.550972154098694,0.5391615291500385,1.0022116899490356
random,graphsage,1,MBP,0.7148940943154483,0.6692495964653847,0.8500717282295227
random,graphsage,1,GFAP,0.6116739164526874,0.5090278649331064,0.9578310251235962
random,graphsage,1,PLP1,0.6588872085056594,0.5510641898363299,0.9634352922439575
random,graphsage,1,SAA1,0.4265543798022514,0.3915171543348763,0.774551272392273
random,graphsage,1,MGP,0.3706820324036999,0.34289935193766696,0.9849063754081726
random,graphsage,1,IGKC,0.2583463846924128,0.21039656918523644,1.0071873664855957
random,graphsage,1,FABP4,0.37194680774204103,0.31956199857890333,0.699468195438385
random,graphsage,1,MOBP,0.6439303443793931,0.39986646179866264,0.6475279927253723
random,graphsage,1,HBB,0.20549066529418897,0.19236721968781398,0.8163512349128723
random,graphsage,1,NEFL,0.5050163201665017,0.44813514868521354,0.8872039318084717
random,graphsage,1,TF,0.5995363722248408,0.41596956713416355,0.7604638934135437
random,graphsage,1,IGHG3,0.18562955612472948,0.15030209819681242,0.5073537230491638
random,graphsage,1,CNP,0.557354301127212,0.3910907100707148,0.8951017260551453
random,graphsage,1,CPB1,0.27024423669078435,0.23048823092738396,0.45099470019340515
random,graphsage,1,CRYAB,0.4971930668792076,0.3629082220345179,0.9509027004241943
random,graphsage,1,IGHA1,0.21644855986232664,0.17321549584330906,0.6324516534805298
random,graphsage,1,KRT8,0.4374638109059454,0.3639006380008312,0.8226122856140137
random,graphsage,1,MUC1,0.43560881024424936,0.42417395673472613,0.8677177429199219
random,graphsage,1,KRT19,0.3800039915553124,0.34728153600833367,0.9427990913391113
random,graphsage,1,IGLC2,0.20338960399223222,0.16361853753886468,0.6927871108055115
random,graphsage,1,TFF1,0.35799529950028164,0.3391245443899764,0.7684394121170044
random,graphsage,1,MAG,0.5750098633819295,0.36837559729296776,0.6005093455314636
random,graphsage,1,ERMN,0.5599515332973998,0.33388724947652737,0.5261750817298889
random,graphsage,1,CLDN11,0.5396272000315688,0.3246951892308884,0.5594041347503662
random,graphsage,1,CLDND1,0.5246507532272306,0.3671632310248724,0.7507064342498779
random,graphsage,1,SPP1,0.5630130769572514,0.39381675519124265,0.6417573094367981
random,graphsage,1,PPP1R14A,0.5058911207140009,0.3134702600557522,0.7090808153152466
random,graphsage,1,S100B,0.43342571149237363,0.35494809844311953,0.9410619735717773
random,graphsage,1,MOG,0.5665335291172964,0.32200357724839396,0.45447593927383423
random,graphsage,1,MALAT1,0.34259516194800177,0.38536458326959355,0.9926961064338684
random,graphsage,1,CARNS1,0.5175101344584154,0.3202713764418806,0.48426130414009094
random,graphsage,1,IGHG4,0.13783369101801243,0.11705954826335373,0.4709661602973938
random,graphsage,1,KRT18,0.373997075316312,0.3129902372359153,0.7629389762878418
random,graphsage,1,BCAS1,0.47800008814929357,0.3074526981982885,0.5879318714141846
random,graphsage,1,PTGDS,0.37000524815666347,0.32720436757608135,0.8804069757461548
random,graphsage,1,SAA2,0.28321788295941036,0.24054851881163672,0.37637853622436523
random,graphsage,1,SEPT4,0.47021525969642564,0.37458964645796905,0.7542188763618469
random,graphsage,1,TFF3,0.31882044283580185,0.3039508125371071,0.8067141771316528
random,graphsage,1,HPCAL1,0.3946977562043005,0.3719286186641277,0.8455966711044312
random,graphsage,1,S100A11,0.38126101945138413,0.30514146890135835,0.8202723860740662
random,graphsage,1,ALB,-0.0024783628553726785,-0.0027964640915750633,0.1639818698167801
random,graphsage,1,RNASE1,0.4535364144685552,0.29575610263469526,0.7668177485466003
random,graphsage,1,TMEM144,0.5077465826950445,0.29589404183071755,0.4824884533882141
random,graphsage,1,ENPP2,0.48158263342414376,0.30828398381490557,0.5822166800498962
random,graphsage,1,MAL,0.46395810578249413,0.2894154546865483,0.5735096335411072
random,graphsage,1,NKX6-2,0.49058471224580247,0.29819462201753066,0.4285888671875
random,graphsage,1,HSPA2,0.46929588322123345,0.2683934974377692,0.5324038863182068
random,graphsage,1,G0S2,0.24249914426291247,0.2037185715928429,0.4314707815647125
matched_hop0,graphsage,1,SCGB2A2,0.2854947775380275,0.27097711068713015,1.2791520357131958
matched_hop0,graphsage,1,SCGB1D2,0.2535553400382118,0.23470606523645504,1.0581318140029907
matched_hop0,graphsage,1,MBP,0.630055907495646,0.6195614288484895,0.7655293345451355
matched_hop0,graphsage,1,GFAP,0.4327391582046026,0.3320357971731751,0.9258034825325012
matched_hop0,graphsage,1,PLP1,0.5393717680876285,0.48898599105730073,0.9301227331161499
matched_hop0,graphsage,1,SAA1,0.019954139450400844,0.009258384232507235,0.5812297463417053
matched_hop0,graphsage,1,MGP,0.13392150801277486,0.10817998195915852,0.91656094789505
matched_hop0,graphsage,1,IGKC,0.07327443614655721,0.0633781893487148,1.0240176916122437
matched_hop0,graphsage,1,FABP4,-0.0012734321660511064,-0.010020200399661741,0.5411717295646667
matched_hop0,graphsage,1,MOBP,0.3993703906385295,0.27471997976393325,0.6679099202156067
matched_hop0,graphsage,1,HBB,0.11656200531350648,0.08731122252099983,0.8795264959335327
matched_hop0,graphsage,1,NEFL,0.3480596070627642,0.2701106007562453,0.8247606754302979
matched_hop0,graphsage,1,TF,0.4222467935614913,0.3257749868885264,0.7702757716178894
matched_hop0,graphsage,1,IGHG3,-0.017283932228973918,-0.007375782492427641,0.5886346101760864
matched_hop0,graphsage,1,CNP,0.3917854361466192,0.2959505915130079,0.8906573057174683
matched_hop0,graphsage,1,CPB1,0.11741504900433718,0.11136599706195714,0.8223351240158081
matched_hop0,graphsage,1,CRYAB,0.315934525509566,0.23601892060207766,0.9167936444282532
matched_hop0,graphsage,1,IGHA1,0.05867000242079804,0.05383703460732551,0.5535375475883484
matched_hop0,graphsage,1,KRT8,0.24418851281118537,0.21255002249376273,0.8133372068405151
matched_hop0,graphsage,1,MUC1,0.2613386526899496,0.23867331869006234,0.8694363832473755
matched_hop0,graphsage,1,KRT19,0.35727064333125824,0.3467314534170778,1.0310683250427246
matched_hop0,graphsage,1,IGLC2,0.06117070056837283,0.04814055662063913,0.6989193558692932
matched_hop0,graphsage,1,TFF1,0.13949148104314504,0.12952904717418026,0.7035489082336426
matched_hop0,graphsage,1,MAG,0.3582737760845121,0.2532691757217083,0.6166595220565796
matched_hop0,graphsage,1,ERMN,0.3568725836592215,0.2407472561232628,0.5116819739341736
matched_hop0,graphsage,1,CLDN11,0.3455439212452638,0.23413956570755648,0.5528282523155212
matched_hop0,graphsage,1,CLDND1,0.33035255039804695,0.25624076977114923,0.7657187581062317
matched_hop0,graphsage,1,SPP1,0.35962886549266615,0.28128757868430393,0.6363340020179749
matched_hop0,graphsage,1,PPP1R14A,0.29497355400780595,0.21640392791352456,0.6916935443878174
matched_hop0,graphsage,1,S100B,0.20570197102281568,0.13113850779379138,0.9150754809379578
matched_hop0,graphsage,1,MOG,0.284804666722581,0.19165713853826388,0.4302472174167633
matched_hop0,graphsage,1,MALAT1,0.20655824220892943,0.24249596730095827,0.9613770246505737
matched_hop0,graphsage,1,CARNS1,0.31674176460593545,0.21579551876143366,0.475536048412323
matched_hop0,graphsage,1,IGHG4,-0.008526373799278087,0.004522512884555823,0.5683836936950684
matched_hop0,graphsage,1,KRT18,0.2505977079436244,0.2091562643638664,0.7744337916374207
matched_hop0,graphsage,1,BCAS1,0.2812819761053268,0.2165181098583243,0.5686890482902527
matched_hop0,graphsage,1,PTGDS,0.18578926501644136,0.1598247626581029,0.8487987518310547
matched_hop0,graphsage,1,SAA2,0.008217383301376861,0.019872849829298343,0.20236869156360626
matched_hop0,graphsage,1,SEPT4,0.2944990181807195,0.24436320310919887,0.7600345015525818
matched_hop0,graphsage,1,TFF3,0.25675919475529313,0.23111957915763762,0.820114016532898
matched_hop0,graphsage,1,HPCAL1,0.33674641777506703,0.29404647227514263,0.8164830207824707
matched_hop0,graphsage,1,S100A11,0.19827755246328593,0.1698971548531952,0.7624559998512268
matched_hop0,graphsage,1,ALB,-0.0017621831556378172,-0.0024398878247952373,0.08940146118402481
matched_hop0,graphsage,1,RNASE1,0.28830728748227397,0.21496255674917028,0.7523762583732605
matched_hop0,graphsage,1,TMEM144,0.2426213297757617,0.19152269265759264,0.4777336120605469
matched_hop0,graphsage,1,ENPP2,0.28397639118499285,0.20497887753726216,0.5677054524421692
matched_hop0,graphsage,1,MAL,0.2639466825194832,0.17361379434513954,0.5646060705184937
matched_hop0,graphsage,1,NKX6-2,0.24901980826642195,0.1615607467605008,0.41394463181495667
matched_hop0,graphsage,1,HSPA2,0.26434741291438374,0.17906064348279083,0.4918476939201355
matched_hop0,graphsage,1,G0S2,0.007944109699476152,-0.0001262636856976217,0.28297266364097595
random,graphsage,2,SCGB2A2,0.6237469746945501,0.6277381795434592,1.213005781173706
random,graphsage,2,SCGB1D2,0.5252162364145982,0.5167876403432248,1.0148488283157349
random,graphsage,2,MBP,0.7024339241804578,0.647169860479389,0.8507183790206909
random,graphsage,2,GFAP,0.6182391580527278,0.5321453783785568,0.9486329555511475
random,graphsage,2,PLP1,0.6551865912990238,0.5621455608397922,0.965383768081665
random,graphsage,2,SAA1,0.4272342412688015,0.38310552732317915,0.7626073360443115
random,graphsage,2,MGP,0.3493070943510548,0.31555541377759583,0.9852040410041809
random,graphsage,2,IGKC,0.2195158874688578,0.18604655191914177,1.00961172580719
random,graphsage,2,FABP4,0.3732553450259658,0.3269018192483137,0.7120617032051086
random,graphsage,2,MOBP,0.6228677742828368,0.4053996300790389,0.6650724411010742
random,graphsage,2,HBB,0.1906767407589273,0.1740295461319639,0.7963399291038513
random,graphsage,2,NEFL,0.522046929960972,0.4692132549291874,0.8791369199752808
random,graphsage,2,TF,0.5921426256192381,0.40844735956411393,0.7707152366638184
random,graphsage,2,IGHG3,0.18417746418491282,0.13253832421540426,0.4913935661315918
random,graphsage,2,CNP,0.5612663048930531,0.42272520815724574,0.8857330083847046
random,graphsage,2,CPB1,0.30166819188926475,0.2509331716925926,0.4699696898460388
random,graphsage,2,CRYAB,0.5002461519849394,0.3817193257560761,0.9408469200134277
random,graphsage,2,IGHA1,0.18852479794341648,0.17033967192819016,0.6303974986076355
random,graphsage,2,KRT8,0.4227956164091683,0.3446426921250011,0.8183593153953552
random,graphsage,2,MUC1,0.42408132803802495,0.4048900943162325,0.873237133026123
random,graphsage,2,KRT19,0.38996768731337594,0.3685067962287265,0.9404058456420898
random,graphsage,2,IGLC2,0.18473549182666366,0.1385813928014756,0.6843340992927551
random,graphsage,2,TFF1,0.3661269687215001,0.354349417009983,0.7536653876304626
random,graphsage,2,MAG,0.56341750839194,0.3731984490595101,0.5996077656745911
random,graphsage,2,ERMN,0.5638818207605436,0.35366064982615647,0.5148893594741821
random,graphsage,2,CLDN11,0.542943401361079,0.3433374168040956,0.5690191388130188
random,graphsage,2,CLDND1,0.5119710112487834,0.38710338538756084,0.756139874458313
random,graphsage,2,SPP1,0.5409864812825288,0.3600225712022254,0.6459316611289978
random,graphsage,2,PPP1R14A,0.5200346335817476,0.3436034014032208,0.688064455986023
random,graphsage,2,S100B,0.42938016222396946,0.350992085450062,0.9444825053215027
random,graphsage,2,MOG,0.5130384659324222,0.2917380851935643,0.4557759165763855
random,graphsage,2,MALAT1,0.3296699575719784,0.37895046942117183,0.9967648386955261
random,graphsage,2,CARNS1,0.5115096021495691,0.3117811067634647,0.48478835821151733
random,graphsage,2,IGHG4,0.1435031508726377,0.13011705393299597,0.4720612168312073
random,graphsage,2,KRT18,0.3901957473284171,0.3311326512800725,0.7579681277275085
random,graphsage,2,BCAS1,0.4587234291773076,0.297870696224804,0.5823219418525696
random,graphsage,2,PTGDS,0.37647003649672905,0.331804529602193,0.8702985644340515
random,graphsage,2,SAA2,0.25664750733293035,0.2269482785986719,0.3697870373725891
random,graphsage,2,SEPT4,0.445827006660607,0.346075139453641,0.7538530230522156
random,graphsage,2,TFF3,0.3391747413663348,0.32315024803840126,0.8023034930229187
random,graphsage,2,HPCAL1,0.39115189157094704,0.3626566030355776,0.8461544513702393
random,graphsage,2,S100A11,0.3779318427530123,0.2971310631320097,0.8079570531845093
random,graphsage,2,ALB,0.22829332596435375,0.1035393311586253,0.16388173401355743
random,graphsage,2,RNASE1,0.4409714546942547,0.29157663641796266,0.7644633650779724
random,graphsage,2,TMEM144,0.490284088958303,0.2885813740395044,0.49183183908462524
random,graphsage,2,ENPP2,0.4838009040922363,0.3170501155515245,0.5561787486076355
random,graphsage,2,MAL,0.40439061234000173,0.25009683697404556,0.5890986919403076
random,graphsage,2,NKX6-2,0.4740063695522938,0.2832042092633893,0.4337504208087921
random,graphsage,2,HSPA2,0.4492256814994534,0.2454077180345725,0.5315952301025391
random,graphsage,2,G0S2,0.23150993102949968,0.2199554091412068,0.44858989119529724
matched_hop0,graphsage,2,SCGB2A2,0.551094652842417,0.576183067981724,1.3752319812774658
matched_hop0,graphsage,2,SCGB1D2,0.49114467266289374,0.49338190811262095,1.2411108016967773
matched_hop0,graphsage,2,MBP,0.6734324575059449,0.6916563927114702,0.8866974711418152
matched_hop0,graphsage,2,GFAP,0.555603418432455,0.515411463747524,1.0077714920043945
matched_hop0,graphsage,2,PLP1,0.6169459864186041,0.5772869178870352,1.0085903406143188
matched_hop0,graphsage,2,SAA1,0.2882796685174727,0.28483530027772624,0.96009761095047
matched_hop0,graphsage,2,MGP,0.16790841225507752,0.14914292967883605,1.0540138483047485
matched_hop0,graphsage,2,IGKC,0.21166191846353863,0.1903939972396879,1.0396106243133545
matched_hop0,graphsage,2,FABP4,0.291507831604013,0.28678129003390734,0.9060170650482178
matched_hop0,graphsage,2,MOBP,0.5371102525712785,0.3885794399221205,0.722322940826416
matched_hop0,graphsage,2,HBB,0.1598340684125482,0.14036010625394224,0.8291355967521667
matched_hop0,graphsage,2,NEFL,0.5000938487072704,0.46147058964744175,0.8931956887245178
matched_hop0,graphsage,2,TF,0.5120473187899327,0.38605877539515376,0.8225910663604736
matched_hop0,graphsage,2,IGHG3,0.05173517728409376,0.05146922271386657,0.4202478528022766
matched_hop0,graphsage,2,CNP,0.4869119481523501,0.3833037623258794,0.9361801743507385
matched_hop0,graphsage,2,CPB1,0.02389543920602894,0.024715959455554205,0.2638886272907257
matched_hop0,graphsage,2,CRYAB,0.42572686554510564,0.36192923537476474,0.9885144233703613
matched_hop0,graphsage,2,IGHA1,0.1770082735591397,0.1617910385850005,0.7770568132400513
matched_hop0,graphsage,2,KRT8,0.4626724591118242,0.35903901792922777,0.8193961977958679
matched_hop0,graphsage,2,MUC1,0.36945099846098195,0.3422886988287447,0.9462822675704956
matched_hop0,graphsage,2,KRT19,0.378571160553795,0.3289847503924353,0.9437000751495361
matched_hop0,graphsage,2,IGLC2,0.12032557906891084,0.0919301532138088,0.754570484161377
matched_hop0,graphsage,2,TFF1,0.2797136788167531,0.284236790155427,0.8513877391815186
matched_hop0,graphsage,2,MAG,0.4794479695390499,0.3424331754178798,0.6436206102371216
matched_hop0,graphsage,2,ERMN,0.46058862226229635,0.3060939175156587,0.5452085137367249
matched_hop0,graphsage,2,CLDN11,0.44752951201942176,0.3047846352842838,0.6011700630187988
matched_hop0,graphsage,2,CLDND1,0.4468133422326964,0.33439085534857177,0.7900829911231995
matched_hop0,graphsage,2,SPP1,0.4788921454758675,0.3468892598998765,0.6803629994392395
matched_hop0,graphsage,2,PPP1R14A,0.4102502898605054,0.27955857522285343,0.7425239086151123
matched_hop0,graphsage,2,S100B,0.3631334539908716,0.3202198482452678,0.975925862789154
matched_hop0,graphsage,2,MOG,0.41251161624371613,0.2684692256178809,0.48350682854652405
matched_hop0,graphsage,2,MALAT1,0.2695689266128722,0.3134841626115994,1.0148730278015137
matched_hop0,graphsage,2,CARNS1,0.44794849122587366,0.29242304347865555,0.5014523863792419
matched_hop0,graphsage,2,IGHG4,0.048333279213633284,0.04750704610445485,0.39716872572898865
matched_hop0,graphsage,2,KRT18,0.40555355023157186,0.31823884707966205,0.7503478527069092
matched_hop0,graphsage,2,BCAS1,0.39211693579335294,0.2937349786914294,0.6252613067626953
matched_hop0,graphsage,2,PTGDS,0.3471336401290087,0.33166074891329145,0.9178369045257568
matched_hop0,graphsage,2,SAA2,0.12838562960017325,0.1501454752754871,0.4491408169269562
matched_hop0,graphsage,2,SEPT4,0.3779051866325971,0.3108257956838056,0.7838491201400757
matched_hop0,graphsage,2,TFF3,0.2743845019918574,0.2604602636143909,0.8713701963424683
matched_hop0,graphsage,2,HPCAL1,0.3947683028461127,0.3757271861991928,0.8591083288192749
matched_hop0,graphsage,2,S100A11,0.42564402088886594,0.33101962696945014,0.8475969433784485
matched_hop0,graphsage,2,ALB,0.0,,0.1148374080657959
matched_hop0,graphsage,2,RNASE1,0.37598949679670635,0.2707914469647087,0.7941523194313049
matched_hop0,graphsage,2,TMEM144,0.40834012823310056,0.27236290702721555,0.5165154933929443
matched_hop0,graphsage,2,ENPP2,0.3866292348302781,0.2585265791456526,0.5999047756195068
matched_hop0,graphsage,2,MAL,0.37509731493156245,0.25385935856680875,0.6007986664772034
matched_hop0,graphsage,2,NKX6-2,0.37657538450858996,0.2515484978089402,0.4337216019630432
matched_hop0,graphsage,2,HSPA2,0.35186892703751455,0.24148497161967825,0.5504781603813171
matched_hop0,graphsage,2,G0S2,0.2095602993101872,0.20840009747181487,0.5672875642776489
random,graphsage,3,SCGB2A2,0.6193575132554167,0.624631687914622,1.2221847772598267
random,graphsage,3,SCGB1D2,0.5624195804204041,0.5529775403852798,0.9980785846710205
random,graphsage,3,MBP,0.7044533465596845,0.6566288475369167,0.8709734082221985
random,graphsage,3,GFAP,0.614727048464806,0.5138051250471182,0.9604644179344177
random,graphsage,3,PLP1,0.6707112797417499,0.5667733151727088,0.9661495685577393
random,graphsage,3,SAA1,0.38788940666457794,0.36096896868638806,0.7859143614768982
random,graphsage,3,MGP,0.3906418315155423,0.3669433721288351,0.9829238653182983
random,graphsage,3,IGKC,0.22762878435529377,0.19755792501318467,1.0088927745819092
random,graphsage,3,FABP4,0.3381867926102328,0.3016580608954437,0.709107518196106
random,graphsage,3,MOBP,0.6372168407912826,0.41385967682751335,0.6667302846908569
random,graphsage,3,HBB,0.2279876245386092,0.21336610109648238,0.8167478442192078
random,graphsage,3,NEFL,0.5207869159499812,0.46597127564997376,0.882635772228241
random,graphsage,3,TF,0.5878271845770008,0.39789371813475977,0.7819629311561584
random,graphsage,3,IGHG3,0.1859284407228387,0.14557508400739277,0.49720367789268494
random,graphsage,3,CNP,0.5807155044463275,0.4228602885601569,0.8820130228996277
random,graphsage,3,CPB1,0.2797362801984312,0.23408292693343616,0.4487805664539337
random,graphsage,3,CRYAB,0.5246215823429071,0.38560782869364896,0.9517590403556824
random,graphsage,3,IGHA1,0.18769121311562303,0.16526836710476037,0.6446821689605713
random,graphsage,3,KRT8,0.4041141966236115,0.3394473197208151,0.830859363079071
random,graphsage,3,MUC1,0.42086104816165903,0.4071469385252517,0.8830236792564392
random,graphsage,3,KRT19,0.3900822986931668,0.37258043008491176,0.9298240542411804
random,graphsage,3,IGLC2,0.18226183447475536,0.15550994719286698,0.7095099091529846
random,graphsage,3,TFF1,0.3862803078984561,0.36940995261379445,0.7529656291007996
random,graphsage,3,MAG,0.5941678661324568,0.38994763085924405,0.5910688638687134
random,graphsage,3,ERMN,0.6003122681134632,0.3468842478857673,0.5056104063987732
random,graphsage,3,CLDN11,0.5681770268283437,0.35279139406924076,0.5672950744628906
random,graphsage,3,CLDND1,0.5354567007106278,0.37539726598800105,0.7503994703292847
random,graphsage,3,SPP1,0.5452537549412722,0.3587716791889901,0.6469762921333313
random,graphsage,3,PPP1R14A,0.525464746771316,0.3278982641161034,0.7035102248191833
random,graphsage,3,S100B,0.42779744096317596,0.33370547035059617,0.950542688369751
random,graphsage,3,MOG,0.5423684106135465,0.29532370055094675,0.4489666223526001
random,graphsage,3,MALAT1,0.33084580119908985,0.3713138748370825,0.9946749806404114
random,graphsage,3,CARNS1,0.5708973500544152,0.33473928628092514,0.45292115211486816
random,graphsage,3,IGHG4,0.14003106164637338,0.11020224511833328,0.49551963806152344
random,graphsage,3,KRT18,0.3700696300647398,0.30775831495570616,0.7569310665130615
random,graphsage,3,BCAS1,0.49376564662819,0.32228299777433206,0.585136890411377
random,graphsage,3,PTGDS,0.37806102637673134,0.3132759003500063,0.8912880420684814
random,graphsage,3,SAA2,0.2371193221521623,0.2211267312108984,0.3704124093055725
random,graphsage,3,SEPT4,0.4817398186516454,0.375304956714302,0.7548162937164307
random,graphsage,3,TFF3,0.34367001925573637,0.3353193782512135,0.795890212059021
random,graphsage,3,HPCAL1,0.4077553306837527,0.3737562179112548,0.8524516820907593
random,graphsage,3,S100A11,0.3975806792349732,0.32336071126232335,0.821743369102478
random,graphsage,3,ALB,-0.0012841244855009743,-0.001365367457459153,0.15026947855949402
random,graphsage,3,RNASE1,0.4661327834352227,0.2945964318085487,0.7621771693229675
random,graphsage,3,TMEM144,0.48165000184517825,0.2930895355137845,0.5002413392066956
random,graphsage,3,ENPP2,0.49734829804775726,0.3170669284314125,0.5658288598060608
random,graphsage,3,MAL,0.4786853399762931,0.273889760530032,0.5844079852104187
random,graphsage,3,NKX6-2,0.49139488748523885,0.3116344346591964,0.43812400102615356
random,graphsage,3,HSPA2,0.49680123333503234,0.2643270228967685,0.5356655120849609
random,graphsage,3,G0S2,0.25640504671242864,0.2211668992402645,0.45781639218330383
matched_hop0,graphsage,3,SCGB2A2,0.2852297162113354,0.27031141229674854,1.2814053297042847
matched_hop0,graphsage,3,SCGB1D2,0.25555109374481433,0.2377039004753823,1.0615254640579224
matched_hop0,graphsage,3,MBP,0.6251095829768395,0.6178600419677409,0.7703166604042053
matched_hop0,graphsage,3,GFAP,0.4291384946123682,0.3258562417735668,0.9275911450386047
matched_hop0,graphsage,3,PLP1,0.5382957686684587,0.4869245162322674,0.9310855269432068
matched_hop0,graphsage,3,SAA1,-0.0017727309916612901,-0.0074400473343352435,0.5860869884490967
matched_hop0,graphsage,3,MGP,0.13431351834459485,0.10657616448836099,0.9262771010398865
matched_hop0,graphsage,3,IGKC,0.08255093044322044,0.07580231649131398,1.0211067199707031
matched_hop0,graphsage,3,FABP4,-0.016078471229020504,-0.021253118088479125,0.5428469777107239
matched_hop0,graphsage,3,MOBP,0.40164837764264133,0.2811118637556406,0.6670571565628052
matched_hop0,graphsage,3,HBB,0.1158312006522563,0.07868537355250005,0.8799033164978027
matched_hop0,graphsage,3,NEFL,0.3574657587519962,0.2746616157525635,0.8211005926132202
matched_hop0,graphsage,3,TF,0.42172204287136617,0.3281683010320751,0.7704755067825317
matched_hop0,graphsage,3,IGHG3,0.011608814535181958,0.016439871049543104,0.5872200131416321
matched_hop0,graphsage,3,CNP,0.39408718013421634,0.3006832399168096,0.8899393677711487
matched_hop0,graphsage,3,CPB1,0.0909199465326124,0.09420204272257691,0.8238959908485413
matched_hop0,graphsage,3,CRYAB,0.32015667232459655,0.23832409598006252,0.9153547883033752
matched_hop0,graphsage,3,IGHA1,0.05456307763348905,0.04894007544789859,0.5503423810005188
matched_hop0,graphsage,3,KRT8,0.2385970786888121,0.20688842812052483,0.8149217963218689
matched_hop0,graphsage,3,MUC1,0.26418056944856233,0.23688072220077017,0.868194043636322
matched_hop0,graphsage,3,KRT19,0.34650963055258166,0.3349403621222785,1.0372588634490967
matched_hop0,graphsage,3,IGLC2,0.051554843794275426,0.04534581981193123,0.7015337944030762
matched_hop0,graphsage,3,TFF1,0.1419925430528701,0.13038309492790587,0.7040591835975647
matched_hop0,graphsage,3,MAG,0.3605552431518715,0.25276536068230476,0.6162406206130981
matched_hop0,graphsage,3,ERMN,0.3562304429918752,0.24207243447886756,0.5119028091430664
matched_hop0,graphsage,3,CLDN11,0.3400686195574352,0.22185666771784202,0.5540255308151245
matched_hop0,graphsage,3,CLDND1,0.3240897508644796,0.2518921877025295,0.7674623131752014
matched_hop0,graphsage,3,SPP1,0.3593460521750417,0.2792838802628439,0.6364697217941284
matched_hop0,graphsage,3,PPP1R14A,0.28978795151868314,0.203875755825932,0.6930161118507385
matched_hop0,graphsage,3,S100B,0.2093003991556987,0.13972767048452386,0.9140512943267822
matched_hop0,graphsage,3,MOG,0.2850848725810242,0.18304854864857426,0.43024468421936035
matched_hop0,graphsage,3,MALAT1,0.2047840357676645,0.2400958782831735,0.9600123763084412
matched_hop0,graphsage,3,CARNS1,0.31449027933661733,0.21208716714358186,0.4759620428085327
matched_hop0,graphsage,3,IGHG4,0.019368561914906483,0.026177210975150814,0.5676374435424805
matched_hop0,graphsage,3,KRT18,0.24810312889331895,0.20541019826732215,0.7754460573196411
matched_hop0,graphsage,3,BCAS1,0.27619711196031604,0.2099713250915249,0.5696485042572021
matched_hop0,graphsage,3,PTGDS,0.18289530820573136,0.16235120814211887,0.8505569696426392
matched_hop0,graphsage,3,SAA2,0.004559759144005556,0.011844575150604744,0.20439252257347107
matched_hop0,graphsage,3,SEPT4,0.2956190151986001,0.24462044043749984,0.7597928643226624
matched_hop0,graphsage,3,TFF3,0.2641749150817933,0.23712591141387135,0.8176587820053101
matched_hop0,graphsage,3,HPCAL1,0.33938987640027424,0.2968319479633254,0.8159977793693542
matched_hop0,graphsage,3,S100A11,0.20390339367032273,0.17461794057433816,0.7611969709396362
matched_hop0,graphsage,3,ALB,-0.0017383819337986183,-0.002271194254280734,0.08940115571022034
matched_hop0,graphsage,3,RNASE1,0.2883696143663826,0.2181536306660478,0.7524616718292236
matched_hop0,graphsage,3,TMEM144,0.24198657362462014,0.19076617389759626,0.47810500860214233
matched_hop0,graphsage,3,ENPP2,0.28306948450871433,0.20117084361844492,0.567848801612854
matched_hop0,graphsage,3,MAL,0.2652956147544468,0.17684482089210599,0.5644032955169678
matched_hop0,graphsage,3,NKX6-2,0.2485674037956248,0.16039118202028665,0.4138452410697937
matched_hop0,graphsage,3,HSPA2,0.2630546178996925,0.1736380174299933,0.4920169413089752
matched_hop0,graphsage,3,G0S2,0.007103659851463086,0.0002494203751275393,0.2815163731575012
random,graphsage,4,SCGB2A2,0.6310419254629456,0.6398134557748602,1.191227674484253
random,graphsage,4,SCGB1D2,0.5675195150281536,0.5629344415584104,0.9925984144210815
random,graphsage,4,MBP,0.7089751246572501,0.6569946625247658,0.8379811644554138
random,graphsage,4,GFAP,0.6090136468827398,0.5024105889171555,0.9470880627632141
random,graphsage,4,PLP1,0.6433768333863131,0.5341283186448827,0.9771357178688049
random,graphsage,4,SAA1,0.3846821145054265,0.3541405551382695,0.7876015305519104
random,graphsage,4,MGP,0.3879991190983459,0.3591611638980128,0.9893558025360107
random,graphsage,4,IGKC,0.23711564303299656,0.19644638913262735,1.0025432109832764
random,graphsage,4,FABP4,0.3796798470334582,0.3273332826516166,0.7042855620384216
random,graphsage,4,MOBP,0.6170278771326405,0.3804327760901716,0.6600548028945923
random,graphsage,4,HBB,0.1985453479684146,0.17018163960108143,0.826346755027771
random,graphsage,4,NEFL,0.5142066645379484,0.4644035871845362,0.8677101135253906
random,graphsage,4,TF,0.5742969632892911,0.3933572169424003,0.7669252157211304
random,graphsage,4,IGHG3,0.16821619720713502,0.143020676775899,0.5007641315460205
random,graphsage,4,CNP,0.5494078989714715,0.39599578757720855,0.8914943337440491
random,graphsage,4,CPB1,0.2553288649068557,0.22012844768450163,0.46928220987319946
random,graphsage,4,CRYAB,0.5049928894540808,0.37632459577213156,0.9419161677360535
random,graphsage,4,IGHA1,0.2116633392780885,0.18127918634787474,0.6410896182060242
random,graphsage,4,KRT8,0.4164712291066277,0.3533762525286843,0.81183260679245
random,graphsage,4,MUC1,0.4276099304420736,0.40517854615232723,0.872963011264801
random,graphsage,4,KRT19,0.37077961870911125,0.34725863038574023,0.939740002155304
random,graphsage,4,IGLC2,0.2317916557428143,0.17418623106987047,0.69062739610672
random,graphsage,4,TFF1,0.3876100287500902,0.35642273448779244,0.7454172968864441
random,graphsage,4,MAG,0.5550542944157411,0.3332331600873473,0.6083398461341858
random,graphsage,4,ERMN,0.5638652877495431,0.35088011351453746,0.5197859406471252
random,graphsage,4,CLDN11,0.5318755418878385,0.3015355145719063,0.5674264430999756
random,graphsage,4,CLDND1,0.5016177452488135,0.3499082799623741,0.744600236415863
random,graphsage,4,SPP1,0.527725366473335,0.3475503203074754,0.6477193832397461
random,graphsage,4,PPP1R14A,0.49529523599340275,0.29770764573174746,0.7044359445571899
random,graphsage,4,S100B,0.41227463443643636,0.312786345347774,0.9480483531951904
random,graphsage,4,MOG,0.5189263475228347,0.28094340663819706,0.44865718483924866
random,graphsage,4,MALAT1,0.3026096536228191,0.3436892412357102,1.0074145793914795
random,graphsage,4,CARNS1,0.52317393613544,0.30450439467926527,0.47361287474632263
random,graphsage,4,IGHG4,0.15188817441100846,0.12492547215791028,0.4643977880477905
random,graphsage,4,KRT18,0.3750182320005223,0.3161086606758916,0.7542567849159241
random,graphsage,4,BCAS1,0.44594273585612887,0.30328496633879976,0.5888457894325256
random,graphsage,4,PTGDS,0.35777144656799736,0.3017838875148017,0.8749788999557495
random,graphsage,4,SAA2,0.23462965982866646,0.21857243103894472,0.37594589591026306
random,graphsage,4,SEPT4,0.4361649097203793,0.32674654853968316,0.767300009727478
random,graphsage,4,TFF3,0.3403433887778423,0.3146628156542657,0.8075892329216003
random,graphsage,4,HPCAL1,0.3774678254073103,0.3439573332570493,0.8488636016845703
random,graphsage,4,S100A11,0.40395590020304945,0.3335360869493878,0.802245557308197
random,graphsage,4,ALB,-0.002502188832524157,-0.0029177406180154637,0.13185952603816986
random,graphsage,4,RNASE1,0.41927391712297657,0.2647161619028189,0.7776767015457153
random,graphsage,4,TMEM144,0.4435314185384921,0.26818801346986115,0.5051835775375366
random,graphsage,4,ENPP2,0.46259664903962805,0.31521875455141146,0.5708362460136414
random,graphsage,4,MAL,0.46442666827837875,0.2699072884085184,0.5686904788017273
random,graphsage,4,NKX6-2,0.46998573305971103,0.2751613554313456,0.4317585229873657
random,graphsage,4,HSPA2,0.442248009293259,0.23991110145426595,0.5264430642127991
random,graphsage,4,G0S2,0.2660360289685791,0.2337196702072397,0.43907496333122253
matched_hop0,graphsage,4,SCGB2A2,0.2784646776774823,0.2631595204821869,1.2822074890136719
matched_hop0,graphsage,4,SCGB1D2,0.24882664004808414,0.22907642968422032,1.0630316734313965
matched_hop0,graphsage,4,MBP,0.6340435855201166,0.6256213952801083,0.7619408965110779
matched_hop0,graphsage,4,GFAP,0.4287301043522252,0.32680607794149014,0.9276988506317139
matched_hop0,graphsage,4,PLP1,0.5425681172720962,0.4903134709883506,0.9277943968772888
matched_hop0,graphsage,4,SAA1,0.0130667251530485,0.0022194242821098964,0.5851695537567139
matched_hop0,graphsage,4,MGP,0.12692282813075115,0.10198199371045756,0.9276884198188782
matched_hop0,graphsage,4,IGKC,0.0725674072697531,0.06823746474788685,1.0225132703781128
matched_hop0,graphsage,4,FABP4,0.013871712579562441,0.007855266730062599,0.5371319055557251
matched_hop0,graphsage,4,MOBP,0.40189757537826093,0.28341221699996433,0.6669619679450989
matched_hop0,graphsage,4,HBB,0.10880600015625896,0.07125789401990991,0.8805238604545593
matched_hop0,graphsage,4,NEFL,0.34730755288644516,0.26762748623064375,0.8261076807975769
matched_hop0,graphsage,4,TF,0.42111635663844227,0.3224584702148209,0.7706602811813354
matched_hop0,graphsage,4,IGHG3,-0.005129723542642861,0.003628994295962365,0.5887683033943176
matched_hop0,graphsage,4,CNP,0.39327961821119783,0.2984443434578947,0.8903798460960388
matched_hop0,graphsage,4,CPB1,0.09680968673148353,0.09275358964830444,0.8228585720062256
matched_hop0,graphsage,4,CRYAB,0.31675369596775077,0.23886218310773913,0.916400671005249
matched_hop0,graphsage,4,IGHA1,0.05473479851720192,0.050715807738778956,0.5512258410453796
matched_hop0,graphsage,4,KRT8,0.25359213631763583,0.21951114065810512,0.8110672831535339
matched_hop0,graphsage,4,MUC1,0.2634016356925632,0.23904005318760155,0.8672938942909241
matched_hop0,graphsage,4,KRT19,0.3543513378320524,0.3432069303608396,1.0312070846557617
matched_hop0,graphsage,4,IGLC2,0.04293819931817579,0.03628565017789732,0.7029827833175659
matched_hop0,graphsage,4,TFF1,0.13865011995162846,0.12808719841837893,0.7046900987625122
matched_hop0,graphsage,4,MAG,0.3553495262041223,0.24829197365119457,0.6176536083221436
matched_hop0,graphsage,4,ERMN,0.3556976290751448,0.23968972818997158,0.5119970440864563
matched_hop0,graphsage,4,CLDN11,0.3452603182394591,0.23288385650858096,0.5528858304023743
matched_hop0,graphsage,4,CLDND1,0.3242110208575199,0.2519882663710811,0.7675355076789856
matched_hop0,graphsage,4,SPP1,0.3530349380700517,0.27375053465834637,0.6381731033325195
matched_hop0,graphsage,4,PPP1R14A,0.2952339463915432,0.21779359619570735,0.6917424201965332
matched_hop0,graphsage,4,S100B,0.20707579713893784,0.1314604252014076,0.91502845287323
matched_hop0,graphsage,4,MOG,0.28748719883976825,0.19242730823213886,0.429813951253891
matched_hop0,graphsage,4,MALAT1,0.2016425556673752,0.24087333149461373,0.9627357721328735
matched_hop0,graphsage,4,CARNS1,0.3159171019380636,0.21340599974356603,0.4757422208786011
matched_hop0,graphsage,4,IGHG4,0.018203513261752555,0.024450387621931635,0.5673555135726929
matched_hop0,graphsage,4,KRT18,0.25035836152499297,0.20872286418375105,0.7762104868888855
matched_hop0,graphsage,4,BCAS1,0.2776968174943177,0.20795785639086645,0.5694260001182556
matched_hop0,graphsage,4,PTGDS,0.18676819442068773,0.16316431412633575,0.8490428328514099
matched_hop0,graphsage,4,SAA2,0.03586006511489166,0.03468811066227207,0.2020493596792221
matched_hop0,graphsage,4,SEPT4,0.29411325240151587,0.2411592006920939,0.7601316571235657
matched_hop0,graphsage,4,TFF3,0.25973179132917174,0.23037744024858464,0.8173941969871521
matched_hop0,graphsage,4,HPCAL1,0.3476718165801931,0.3051628109976032,0.8130471706390381
matched_hop0,graphsage,4,S100A11,0.20136455335683023,0.17241642768059182,0.7611968517303467
matched_hop0,graphsage,4,ALB,0.0,,0.08939820528030396
matched_hop0,graphsage,4,RNASE1,0.2895559009987937,0.21967647924664305,0.7523206472396851
matched_hop0,graphsage,4,TMEM144,0.24143280162135128,0.18681855107953946,0.4781331717967987
matched_hop0,graphsage,4,ENPP2,0.2895988878283312,0.20401505850435886,0.5666133165359497
matched_hop0,graphsage,4,MAL,0.2729721306065232,0.1803307638578203,0.5630807280540466
matched_hop0,graphsage,4,NKX6-2,0.24765017745239243,0.15990939243239938,0.4139084219932556
matched_hop0,graphsage,4,HSPA2,0.25862183201068256,0.16607444209416888,0.4926486015319824
matched_hop0,graphsage,4,G0S2,0.017306003708507944,0.006487590425164589,0.28298336267471313
random,graphsage,5,SCGB2A2,0.6112987583981477,0.6161362181542985,1.2207955121994019
random,graphsage,5,SCGB1D2,0.5338018404357366,0.5167530585384185,1.0204493999481201
random,graphsage,5,MBP,0.69806337388387,0.6511089479256557,0.8351842164993286
random,graphsage,5,GFAP,0.6061986202599443,0.496581422946434,0.9540084600448608
random,graphsage,5,PLP1,0.6457640000727911,0.5501509303514259,0.9761289954185486
random,graphsage,5,SAA1,0.39772398271831166,0.36140573006180404,0.7580226063728333
random,graphsage,5,MGP,0.37470225436112053,0.34907375450233374,0.9844058752059937
random,graphsage,5,IGKC,0.22704913739499938,0.19155840063076798,1.002217411994934
random,graphsage,5,FABP4,0.35147090911907236,0.30985183335736266,0.7062623500823975
random,graphsage,5,MOBP,0.6066374928075458,0.3865197299299685,0.6734575629234314
random,graphsage,5,HBB,0.1849734831330463,0.16304989518454643,0.8024879097938538
random,graphsage,5,NEFL,0.5168003822186419,0.45588842995275364,0.8678158521652222
random,graphsage,5,TF,0.5790091035661391,0.40563976646530475,0.7699275016784668
random,graphsage,5,IGHG3,0.18502130576085535,0.15219263878917982,0.4919557273387909
random,graphsage,5,CNP,0.5500719501371198,0.39998499506202734,0.8875797986984253
random,graphsage,5,CPB1,0.2773289562793678,0.2424227496443997,0.4599376618862152
random,graphsage,5,CRYAB,0.49617114724212297,0.3728275265096356,0.9489396810531616
random,graphsage,5,IGHA1,0.22720295526562817,0.18774282773731785,0.6315388083457947
random,graphsage,5,KRT8,0.4037193903551971,0.3392697615782067,0.8264293074607849
random,graphsage,5,MUC1,0.4151883141409075,0.3872195017548586,0.8816485404968262
random,graphsage,5,KRT19,0.39673825315836414,0.3735106999245853,0.9335574507713318
random,graphsage,5,IGLC2,0.2078075696224437,0.15060507833430295,0.6970841884613037
random,graphsage,5,TFF1,0.3820928813414606,0.36258585926409054,0.7425807118415833
random,graphsage,5,MAG,0.5590181628247863,0.36024799700233173,0.6054909229278564
random,graphsage,5,ERMN,0.5492388386655709,0.3490246694703771,0.5189453959465027
random,graphsage,5,CLDN11,0.5478662063381461,0.3398758193374129,0.5603958964347839
random,graphsage,5,CLDND1,0.5071474593907094,0.36162459112966855,0.7487384080886841
random,graphsage,5,SPP1,0.5459824623837153,0.3636293970854052,0.6317630410194397
random,graphsage,5,PPP1R14A,0.5072324880143815,0.3202200994982132,0.6954037547111511
random,graphsage,5,S100B,0.41768573437610096,0.3202725793975429,0.9459717869758606
random,graphsage,5,MOG,0.5037046298091163,0.2812090672466864,0.45291680097579956
random,graphsage,5,MALAT1,0.3178091959890331,0.3563774640029381,0.9990844130516052
random,graphsage,5,CARNS1,0.5477538182378102,0.3187974497554712,0.4698012173175812
random,graphsage,5,IGHG4,0.16125363987551317,0.11967678141696052,0.46638816595077515
random,graphsage,5,KRT18,0.3761865316308647,0.31705609258324124,0.7623478770256042
random,graphsage,5,BCAS1,0.4453619854914903,0.2873622385419802,0.5777343511581421
random,graphsage,5,PTGDS,0.3628418650607215,0.3161702493616882,0.8790746331214905
random,graphsage,5,SAA2,0.21186050397012754,0.19701272149980179,0.3488326370716095
random,graphsage,5,SEPT4,0.4430898798351678,0.34242856248692893,0.7479684352874756
random,graphsage,5,TFF3,0.3404676530567634,0.31873210461437407,0.8080529570579529
random,graphsage,5,HPCAL1,0.38135541410862434,0.35050610440392427,0.8521906137466431
random,graphsage,5,S100A11,0.3745926687928015,0.3015558636204442,0.8057257533073425
random,graphsage,5,ALB,-0.001322703000176771,-0.0014137356269373741,0.16106323897838593
random,graphsage,5,RNASE1,0.4348280420318509,0.2873194517174815,0.7591460943222046
random,graphsage,5,TMEM144,0.48178803933862313,0.2969883805123383,0.49793821573257446
random,graphsage,5,ENPP2,0.4719748701134274,0.29559775486560885,0.5633220076560974
random,graphsage,5,MAL,0.443590476867076,0.26265561374356705,0.5755539536476135
random,graphsage,5,NKX6-2,0.442107131870503,0.2656602646382427,0.4220513105392456
random,graphsage,5,HSPA2,0.4788510318561012,0.2697663803756788,0.5160017609596252
random,graphsage,5,G0S2,0.23005131352241648,0.18962184207004518,0.44422248005867004
matched_hop0,graphsage,5,SCGB2A2,0.3177420620379629,0.30214531691891017,1.365493893623352
matched_hop0,graphsage,5,SCGB1D2,0.2562080502218319,0.24737152855972822,1.1242280006408691
matched_hop0,graphsage,5,MBP,0.5530345970258892,0.5545854217475514,0.8192181587219238
matched_hop0,graphsage,5,GFAP,0.4671481171129167,0.34395062282907096,0.9550679922103882
matched_hop0,graphsage,5,PLP1,0.4590255048913279,0.41319310778766977,0.9624902606010437
matched_hop0,graphsage,5,SAA1,0.35650075123492103,0.3359046679274545,0.8544242978096008
matched_hop0,graphsage,5,MGP,0.19119767942060772,0.17274479249186805,0.9338482618331909
matched_hop0,graphsage,5,IGKC,0.14236083842121616,0.13060762286267963,1.064386010169983
matched_hop0,graphsage,5,FABP4,0.3294067761930334,0.3049002567355453,0.8416638374328613
matched_hop0,graphsage,5,MOBP,0.32048447866380186,0.2244030197715911,0.617712676525116
matched_hop0,graphsage,5,HBB,0.05137658919896776,0.041749947996897935,0.6719967126846313
matched_hop0,graphsage,5,NEFL,0.47027460064006693,0.41823557002144696,0.8440871238708496
matched_hop0,graphsage,5,TF,0.3374043835362261,0.24923995625741668,0.7261492609977722
matched_hop0,graphsage,5,IGHG3,0.008559286493203366,0.006350547347971295,0.5839242339134216
matched_hop0,graphsage,5,CNP,0.32830497360916616,0.26079320812856727,0.8712930679321289
matched_hop0,graphsage,5,CPB1,0.2773425445277077,0.2656196756870584,0.5495389699935913
matched_hop0,graphsage,5,CRYAB,0.2701693200752322,0.2271293214701233,0.9332395195960999
matched_hop0,graphsage,5,IGHA1,0.034841918550519616,0.028292348535168908,0.6403313875198364
matched_hop0,graphsage,5,KRT8,0.28347851669150526,0.25284725352665394,0.7414659857749939
matched_hop0,graphsage,5,MUC1,0.2901627953212651,0.2691413224310772,0.886364221572876
matched_hop0,graphsage,5,KRT19,0.37757999101184364,0.3535835743580065,0.960310161113739
matched_hop0,graphsage,5,IGLC2,0.05716034865999371,0.05209470189679114,0.7745641469955444
matched_hop0,graphsage,5,TFF1,0.21499255686383303,0.20025037955509206,0.7570868134498596
matched_hop0,graphsage,5,MAG,0.29432860019177826,0.21178745120960102,0.5516919493675232
matched_hop0,graphsage,5,ERMN,0.29232584315001886,0.18244948103649297,0.45933887362480164
matched_hop0,graphsage,5,CLDN11,0.2680591070934792,0.16912076110287994,0.5038437843322754
matched_hop0,graphsage,5,CLDND1,0.27342872652962436,0.21449576426428155,0.7209670543670654
matched_hop0,graphsage,5,SPP1,0.29951683513682414,0.23201399008579132,0.5723219513893127
matched_hop0,graphsage,5,PPP1R14A,0.2253297255287766,0.16662608320224992,0.6690136194229126
matched_hop0,graphsage,5,S100B,0.28065469777379853,0.1963603279953362,0.9280556440353394
matched_hop0,graphsage,5,MOG,0.2434301223563531,0.14022348388108685,0.38795411586761475
matched_hop0,graphsage,5,MALAT1,0.29122872894105634,0.31824293110470525,0.961995005607605
matched_hop0,graphsage,5,CARNS1,0.2823593626163397,0.17510373604644014,0.418539822101593
matched_hop0,graphsage,5,IGHG4,0.03002639152825396,0.03651946283176802,0.5411325097084045
matched_hop0,graphsage,5,KRT18,0.302147740450155,0.2649453769301613,0.6999639868736267
matched_hop0,graphsage,5,BCAS1,0.2335273911407162,0.18128734724188442,0.5256600975990295
matched_hop0,graphsage,5,PTGDS,0.21767626412268928,0.19805150067713229,0.8633350729942322
matched_hop0,graphsage,5,SAA2,0.16137983994447347,0.16340592828023912,0.40320122241973877
matched_hop0,graphsage,5,SEPT4,0.25733969288865277,0.22990242432257632,0.7270612120628357
matched_hop0,graphsage,5,TFF3,0.280222683211527,0.2589463211544584,0.8417724967002869
matched_hop0,graphsage,5,HPCAL1,0.4170943925240879,0.4003886051896017,0.8423022031784058
matched_hop0,graphsage,5,S100A11,0.20257874662902256,0.1783697030568337,0.7441829442977905
matched_hop0,graphsage,5,ALB,0.0013673019526187697,0.01067918477974751,0.1188531294465065
matched_hop0,graphsage,5,RNASE1,0.20659418482217823,0.15165771217577925,0.7340251803398132
matched_hop0,graphsage,5,TMEM144,0.20536415835965868,0.15849974889684407,0.43089762330055237
matched_hop0,graphsage,5,ENPP2,0.22099135380778082,0.1513560959977327,0.5273353457450867
matched_hop0,graphsage,5,MAL,0.1846283539933771,0.12626841395855778,0.528381884098053
matched_hop0,graphsage,5,NKX6-2,0.21193520789710873,0.1465561586385372,0.3545374274253845
matched_hop0,graphsage,5,HSPA2,0.18792226155208727,0.11599351984760674,0.46762925386428833
matched_hop0,graphsage,5,G0S2,0.22591048611744166,0.20714743777693706,0.5279107689857483
random,graphsage,6,SCGB2A2,0.6073436697348493,0.6160276880319081,1.2153639793395996
random,graphsage,6,SCGB1D2,0.524388509429423,0.5120009551157647,1.0043562650680542
random,graphsage,6,MBP,0.7204379568586656,0.6664736325778922,0.8365514278411865
random,graphsage,6,GFAP,0.6137633146667916,0.5041373545765822,0.955269992351532
random,graphsage,6,PLP1,0.6609992210853943,0.5445497728476003,0.9526057839393616
random,graphsage,6,SAA1,0.38388805826545835,0.34847712662740576,0.7641832232475281
random,graphsage,6,MGP,0.36012918559556456,0.32697963762227705,0.984576940536499
random,graphsage,6,IGKC,0.22144544745300349,0.183415474404887,0.9846564531326294
random,graphsage,6,FABP4,0.3890113058003962,0.324881395332762,0.6867169141769409
random,graphsage,6,MOBP,0.6349979556402613,0.40013689760826837,0.6553396582603455
random,graphsage,6,HBB,0.18463780951297132,0.16458784660593295,0.8081095218658447
random,graphsage,6,NEFL,0.5234616490167379,0.46988513578293656,0.8661895394325256
random,graphsage,6,TF,0.6033361689742338,0.40101858269248797,0.755499005317688
random,graphsage,6,IGHG3,0.15638169822097653,0.126225915153095,0.48524194955825806
random,graphsage,6,CNP,0.5744808143047795,0.3991146644288174,0.8806760311126709
random,graphsage,6,CPB1,0.28031793808526206,0.2331551229663351,0.4583966135978699
random,graphsage,6,CRYAB,0.5216042474265434,0.3782178739720112,0.9336395859718323
random,graphsage,6,IGHA1,0.210954141743612,0.1920047518853401,0.6400401592254639
random,graphsage,6,KRT8,0.42649286382075335,0.35397401752259017,0.8207363486289978
random,graphsage,6,MUC1,0.412502661157791,0.3971400437774349,0.8801546096801758
random,graphsage,6,KRT19,0.3899535413671066,0.36788777454607574,0.9241548776626587
random,graphsage,6,IGLC2,0.18008986476574546,0.1464470615158115,0.6817214488983154
random,graphsage,6,TFF1,0.36706864746129964,0.3462352670797231,0.7552410960197449
random,graphsage,6,MAG,0.5730930197074904,0.36317725661973965,0.58501797914505
random,graphsage,6,ERMN,0.5584666846177521,0.3351250185947408,0.5221245288848877
random,graphsage,6,CLDN11,0.5506560586186107,0.33240769172960954,0.5586920380592346
random,graphsage,6,CLDND1,0.5157102366585171,0.3608611515341215,0.7529605031013489
random,graphsage,6,SPP1,0.5685168010274482,0.37665371471903003,0.63998943567276
random,graphsage,6,PPP1R14A,0.5315455871624724,0.32457389149456567,0.6835532784461975
random,graphsage,6,S100B,0.44958684438678104,0.3548920528075827,0.9280562996864319
random,graphsage,6,MOG,0.5297788747797066,0.28675117699663083,0.4508666396141052
random,graphsage,6,MALAT1,0.3293127968775068,0.3760932674395408,0.984308660030365
random,graphsage,6,CARNS1,0.5201014817519813,0.314631151922655,0.4849895238876343
random,graphsage,6,IGHG4,0.1398725628032764,0.11698651233990416,0.4718046486377716
random,graphsage,6,KRT18,0.4029261257448341,0.33591839695953657,0.7493477463722229
random,graphsage,6,BCAS1,0.5262849124783022,0.3542380502885131,0.5576726794242859
random,graphsage,6,PTGDS,0.3739802894438784,0.29840203174498153,0.8932013511657715
random,graphsage,6,SAA2,0.23824656407110437,0.22270748772346272,0.3778591752052307
random,graphsage,6,SEPT4,0.4754696505372361,0.3631155625069145,0.7443190813064575
random,graphsage,6,TFF3,0.3225220830538822,0.3126483161002824,0.8072957396507263
random,graphsage,6,HPCAL1,0.3903653489491845,0.37285897122161293,0.851773738861084
random,graphsage,6,S100A11,0.3791509865164596,0.31217512147020854,0.814606785774231
random,graphsage,6,ALB,0.0,,0.17696495354175568
random,graphsage,6,RNASE1,0.4349927673092302,0.2855293326579676,0.7631007432937622
random,graphsage,6,TMEM144,0.5222855195631437,0.30255705170204433,0.48247745633125305
random,graphsage,6,ENPP2,0.49596490451911257,0.3182162193484745,0.5533078908920288
random,graphsage,6,MAL,0.45449098183535885,0.2826536810700165,0.5722074508666992
random,graphsage,6,NKX6-2,0.4679098696982808,0.26592871357835557,0.4310985505580902
random,graphsage,6,HSPA2,0.4734035872600788,0.26835969872059806,0.5251743793487549
random,graphsage,6,G0S2,0.27571695817043823,0.2292688336569923,0.4541960656642914
matched_hop0,graphsage,6,SCGB2A2,0.27457031122969316,0.25731735677985934,1.2843698263168335
matched_hop0,graphsage,6,SCGB1D2,0.2456496993815738,0.22355451539994634,1.0636556148529053
matched_hop0,graphsage,6,MBP,0.627161682658917,0.6183066083439076,0.7668342590332031
matched_hop0,graphsage,6,GFAP,0.42745363212202725,0.32353495154171585,0.9283170700073242
matched_hop0,graphsage,6,PLP1,0.5351642774011193,0.48638082719226305,0.9323789477348328
matched_hop0,graphsage,6,SAA1,0.02041875951427488,0.011909733933565616,0.5804226398468018
matched_hop0,graphsage,6,MGP,0.13636991954938574,0.1087739181145398,0.928968608379364
matched_hop0,graphsage,6,IGKC,0.07471674136156538,0.06482769625908667,1.0230950117111206
matched_hop0,graphsage,6,FABP4,0.012649925809132389,0.0031995689126605186,0.5365841388702393
matched_hop0,graphsage,6,MOBP,0.39961676310508776,0.27815079851666463,0.6676315665245056
matched_hop0,graphsage,6,HBB,0.09131247018201119,0.06899803747610213,0.88468998670578
matched_hop0,graphsage,6,NEFL,0.34765830136530246,0.26584068737210764,0.8257132172584534
matched_hop0,graphsage,6,TF,0.4198202236037391,0.3231717510346559,0.7712864279747009
matched_hop0,graphsage,6,IGHG3,0.02088331374741886,0.02329213017027924,0.5853228569030762
matched_hop0,graphsage,6,CNP,0.3884215913171113,0.29395575205378227,0.8918305039405823
matched_hop0,graphsage,6,CPB1,0.08904590037162172,0.08704254975906317,0.8242101669311523
matched_hop0,graphsage,6,CRYAB,0.31448957688446133,0.23363994044956476,0.9168492555618286
matched_hop0,graphsage,6,IGHA1,0.05574988984959716,0.05234630234499879,0.5522478222846985
matched_hop0,graphsage,6,KRT8,0.24021311596190156,0.20915147545722063,0.8145425915718079
matched_hop0,graphsage,6,MUC1,0.259808680722352,0.23608799757728208,0.8694900870323181
matched_hop0,graphsage,6,KRT19,0.34255319207055734,0.332327946726505,1.0354185104370117
matched_hop0,graphsage,6,IGLC2,0.05126779637541096,0.04784783152727362,0.700901448726654
matched_hop0,graphsage,6,TFF1,0.13762693794097555,0.12673466723222598,0.7032520771026611
matched_hop0,graphsage,6,MAG,0.35469975432322626,0.24442043196762525,0.6176257133483887
matched_hop0,graphsage,6,ERMN,0.3562940547130787,0.24256723227644875,0.5118950605392456
matched_hop0,graphsage,6,CLDN11,0.3475591420214431,0.23911209574912207,0.5523810982704163
matched_hop0,graphsage,6,CLDND1,0.3209596462913663,0.24820108548031392,0.7684116959571838
matched_hop0,graphsage,6,SPP1,0.3528301660614838,0.27427052200475377,0.6381620764732361
matched_hop0,graphsage,6,PPP1R14A,0.2939337720961097,0.2147929035973469,0.6918404698371887
matched_hop0,graphsage,6,S100B,0.20989250620485791,0.13745400358687318,0.9142776727676392
matched_hop0,graphsage,6,MOG,0.28666570925674345,0.18826611286949888,0.4298781454563141
matched_hop0,graphsage,6,MALAT1,0.20786625205320713,0.2407160555485553,0.9601895213127136
matched_hop0,graphsage,6,CARNS1,0.3123085963634273,0.20426088231379785,0.4763014316558838
matched_hop0,graphsage,6,IGHG4,0.042238700166636695,0.04849187775275191,0.5655871033668518
matched_hop0,graphsage,6,KRT18,0.2452789751118768,0.20604750000660021,0.776136040687561
matched_hop0,graphsage,6,BCAS1,0.2707383868331958,0.1997012384116249,0.5706149935722351
matched_hop0,graphsage,6,PTGDS,0.18493061903688507,0.14798482256302872,0.8502092957496643
matched_hop0,graphsage,6,SAA2,0.026526554972249893,0.028060910348844857,0.20221078395843506
matched_hop0,graphsage,6,SEPT4,0.29134486995412856,0.24410079629811024,0.7607678174972534
matched_hop0,graphsage,6,TFF3,0.2547570477716106,0.22589479902521514,0.8192763328552246
matched_hop0,graphsage,6,HPCAL1,0.34015012264516964,0.29787401079961956,0.8162919878959656
matched_hop0,graphsage,6,S100A11,0.20047878235939884,0.17344187033534228,0.7623715996742249
matched_hop0,graphsage,6,ALB,0.003825629403460931,0.0030941939506616925,0.09114474058151245
matched_hop0,graphsage,6,RNASE1,0.2871117577884437,0.21797675315664466,0.7529419660568237
matched_hop0,graphsage,6,TMEM144,0.23954550968430005,0.1857809549131474,0.47802814841270447
matched_hop0,graphsage,6,ENPP2,0.28300389914974744,0.2049691680496623,0.5677891373634338
matched_hop0,graphsage,6,MAL,0.2663373385117848,0.1749485843322125,0.564160168170929
matched_hop0,graphsage,6,NKX6-2,0.2555079080933556,0.16852008015964975,0.4128439724445343
matched_hop0,graphsage,6,HSPA2,0.26241602569450906,0.16934216734120536,0.49204954504966736
matched_hop0,graphsage,6,G0S2,0.008427941600922362,0.0009843349266576331,0.28231745958328247
random,graphsage,7,SCGB2A2,0.6132100374797349,0.615297110281269,1.2181845903396606
random,graphsage,7,SCGB1D2,0.5484808017011313,0.534694459799654,1.0117456912994385
random,graphsage,7,MBP,0.7007694896068275,0.6556281403003255,0.8567540645599365
random,graphsage,7,GFAP,0.6201128523942581,0.5191980596888066,0.9346200823783875
random,graphsage,7,PLP1,0.6390096927238623,0.523586084675805,0.9693381190299988
random,graphsage,7,SAA1,0.3828031551111869,0.3502676717426298,0.7927747368812561
random,graphsage,7,MGP,0.3678899471268776,0.34557470250685984,1.0015772581100464
random,graphsage,7,IGKC,0.24121948106776347,0.20455665430106323,0.997295618057251
random,graphsage,7,FABP4,0.3651359028497644,0.30689621292635905,0.7022018432617188
random,graphsage,7,MOBP,0.6290388472413078,0.4095555464154839,0.649946928024292
random,graphsage,7,HBB,0.21216267763904242,0.1933663576708151,0.8068808913230896
random,graphsage,7,NEFL,0.5317285354164967,0.4755484733002569,0.875674307346344
random,graphsage,7,TF,0.5849012310289241,0.39145618559429973,0.7637124061584473
random,graphsage,7,IGHG3,0.1861834532244789,0.1470755376303967,0.4969618618488312
random,graphsage,7,CNP,0.543078321263857,0.3806824900805139,0.8963998556137085
random,graphsage,7,CPB1,0.27876369485916996,0.23436267511113032,0.4553503692150116
random,graphsage,7,CRYAB,0.4888588405521329,0.3566120840335183,0.9451994299888611
random,graphsage,7,IGHA1,0.2197807370048041,0.18105110752400605,0.63494873046875
random,graphsage,7,KRT8,0.4204589240804172,0.3382242679906206,0.8181675672531128
random,graphsage,7,MUC1,0.44292285041607043,0.4256608310476648,0.8757427930831909
random,graphsage,7,KRT19,0.39751800602302506,0.3709129413220587,0.929574191570282
random,graphsage,7,IGLC2,0.17834697217166506,0.1379211139899804,0.6995340585708618
random,graphsage,7,TFF1,0.3555370263769866,0.34114879453236746,0.7618148922920227
random,graphsage,7,MAG,0.5856703176584799,0.362214226951423,0.5849426984786987
random,graphsage,7,ERMN,0.5738022174473061,0.34353411269693385,0.509848952293396
random,graphsage,7,CLDN11,0.5239288061777762,0.32076257248517603,0.5708475708961487
random,graphsage,7,CLDND1,0.5261961619574713,0.369401639447117,0.7413367629051208
random,graphsage,7,SPP1,0.5568255129767812,0.37228114358562425,0.639048159122467
random,graphsage,7,PPP1R14A,0.5093087660700822,0.3210330638593127,0.6953200101852417
random,graphsage,7,S100B,0.4157650461581782,0.33020891260121255,0.9507055282592773
random,graphsage,7,MOG,0.5136063498190154,0.2837046915129172,0.4532914161682129
random,graphsage,7,MALAT1,0.33518021874358866,0.3817458331051462,1.0006343126296997
random,graphsage,7,CARNS1,0.5050225233932104,0.2966322850561674,0.46417880058288574
random,graphsage,7,IGHG4,0.13624778854882735,0.11511713966518891,0.449701189994812
random,graphsage,7,KRT18,0.37644413021225986,0.3103863707502046,0.766613781452179
random,graphsage,7,BCAS1,0.4780243144204359,0.31861432770212245,0.5619354248046875
random,graphsage,7,PTGDS,0.37235469625258527,0.32047724743851125,0.8773171901702881
random,graphsage,7,SAA2,0.2676032788860222,0.2481684028942988,0.3889082074165344
random,graphsage,7,SEPT4,0.44706869196227716,0.33147559279927163,0.7491756677627563
random,graphsage,7,TFF3,0.3077073563496962,0.29715744793527527,0.8105130195617676
random,graphsage,7,HPCAL1,0.407164286047818,0.3793913740830042,0.8452171087265015
random,graphsage,7,S100A11,0.3877942070752751,0.3006761861841964,0.8135311007499695
random,graphsage,7,ALB,-0.0014055974096249743,-0.0014758518186380302,0.1723337173461914
random,graphsage,7,RNASE1,0.4210022041645439,0.27577657882715667,0.7739755511283875
random,graphsage,7,TMEM144,0.4796565967833911,0.2929644489567974,0.48687300086021423
random,graphsage,7,ENPP2,0.49158032052549505,0.3137139738157976,0.5822440385818481
random,graphsage,7,MAL,0.4264177811629549,0.23198332596778778,0.5858762860298157
random,graphsage,7,NKX6-2,0.46723681773792947,0.2860354890967732,0.43330276012420654
random,graphsage,7,HSPA2,0.449406653466326,0.26984663446786145,0.5304440259933472
random,graphsage,7,G0S2,0.25266264369296737,0.21178934499449353,0.4610931873321533
matched_hop0,graphsage,7,SCGB2A2,0.3007836935537778,0.28767639872943607,1.3802169561386108
matched_hop0,graphsage,7,SCGB1D2,0.24548239481047576,0.2378147392700456,1.1290336847305298
matched_hop0,graphsage,7,MBP,0.5514392469408014,0.5593715769161134,0.820550799369812
matched_hop0,graphsage,7,GFAP,0.4748811916480375,0.34945522506865945,0.9503405094146729
matched_hop0,graphsage,7,PLP1,0.45905579315177053,0.41254554834753315,0.9621871709823608
matched_hop0,graphsage,7,SAA1,0.3489260065852516,0.3439347580557078,0.8570508360862732
matched_hop0,graphsage,7,MGP,0.18890466125490052,0.16869107584139875,0.9339761734008789
matched_hop0,graphsage,7,IGKC,0.14169321286402223,0.12616895616493753,1.0654016733169556
matched_hop0,graphsage,7,FABP4,0.3242617733226544,0.3108127703332016,0.8432389497756958
matched_hop0,graphsage,7,MOBP,0.318625345149908,0.21815281110266463,0.6180029511451721
matched_hop0,graphsage,7,HBB,0.06242649647685842,0.05128570151968803,0.6703602075576782
matched_hop0,graphsage,7,NEFL,0.4651101030169372,0.41541858265491277,0.8466586470603943
matched_hop0,graphsage,7,TF,0.33538809830793453,0.2480001565889246,0.7266716957092285
matched_hop0,graphsage,7,IGHG3,-0.001916236282651591,0.003415179246710368,0.5856599807739258
matched_hop0,graphsage,7,CNP,0.32229841393494224,0.25485102542735344,0.8730342984199524
matched_hop0,graphsage,7,CPB1,0.30323783937856813,0.2829702431728031,0.5457200407981873
matched_hop0,graphsage,7,CRYAB,0.2666190541890601,0.22540088908627293,0.9345216751098633
matched_hop0,graphsage,7,IGHA1,0.05410490685345074,0.041112817997390416,0.6397995948791504
matched_hop0,graphsage,7,KRT8,0.28152219534587797,0.2504849852759711,0.7418237924575806
matched_hop0,graphsage,7,MUC1,0.28580876049564524,0.2654911817930156,0.8886016607284546
matched_hop0,graphsage,7,KRT19,0.3798664278514327,0.35913479889998,0.9585748910903931
matched_hop0,graphsage,7,IGLC2,0.07277377309108563,0.05990285740529088,0.7755690217018127
matched_hop0,graphsage,7,TFF1,0.20606315279175602,0.1949335563057481,0.75846928358078
matched_hop0,graphsage,7,MAG,0.29219754502289685,0.20842760488221493,0.5520208477973938
matched_hop0,graphsage,7,ERMN,0.29736048442218893,0.19149164555886058,0.45838379859924316
matched_hop0,graphsage,7,CLDN11,0.27077864757354336,0.17369831641631378,0.5031543374061584
matched_hop0,graphsage,7,CLDND1,0.27503574564649585,0.21684488684373524,0.7204263210296631
matched_hop0,graphsage,7,SPP1,0.28993193303488374,0.2184403145733483,0.5739332437515259
matched_hop0,graphsage,7,PPP1R14A,0.22910733979764214,0.16845273139308634,0.6681574583053589
matched_hop0,graphsage,7,S100B,0.2894357174643169,0.20920946151241446,0.9249918460845947
matched_hop0,graphsage,7,MOG,0.2471063603696257,0.14771614503515146,0.3875093460083008
matched_hop0,graphsage,7,MALAT1,0.2847897880477379,0.30954585078030616,0.9641352891921997
matched_hop0,graphsage,7,CARNS1,0.2801119162549604,0.17126456758572536,0.4187735319137573
matched_hop0,graphsage,7,IGHG4,0.011779002355395267,0.023708913898268746,0.5426076054573059
matched_hop0,graphsage,7,KRT18,0.30464246548804824,0.26746214620571757,0.6995159983634949
matched_hop0,graphsage,7,BCAS1,0.23026984531656872,0.18082028712977385,0.526107907295227
matched_hop0,graphsage,7,PTGDS,0.22861446722832526,0.2199209734245837,0.8595978021621704
matched_hop0,graphsage,7,SAA2,0.15289655523276027,0.16609533830030593,0.40385836362838745
matched_hop0,graphsage,7,SEPT4,0.2625207775694827,0.23723731192561126,0.7259313464164734
matched_hop0,graphsage,7,TFF3,0.2822333864236265,0.2603532465457183,0.8420554995536804
matched_hop0,graphsage,7,HPCAL1,0.4196671003654311,0.40224677592759644,0.8409286737442017
matched_hop0,graphsage,7,S100A11,0.19142099178723887,0.17095794780097257,0.7465540170669556
matched_hop0,graphsage,7,ALB,-0.0011112118040341667,-0.001152870581811869,0.1177864596247673
matched_hop0,graphsage,7,RNASE1,0.2059924360614117,0.15464687270329008,0.7341061234474182
matched_hop0,graphsage,7,TMEM144,0.2012022755030942,0.14736634520355624,0.43122515082359314
matched_hop0,graphsage,7,ENPP2,0.21805277068647533,0.14560847792364207,0.5276087522506714
matched_hop0,graphsage,7,MAL,0.18049482204561584,0.11854348304023245,0.5290107131004333
matched_hop0,graphsage,7,NKX6-2,0.20329370200687982,0.1353075523540235,0.3554787337779999
matched_hop0,graphsage,7,HSPA2,0.19614231879140512,0.1242219214903089,0.4664788246154785
matched_hop0,graphsage,7,G0S2,0.22258404755370562,0.20784443118968748,0.5279241800308228
