split,model,seed,gene,pearson,spearman,rmse
random,mean,0,CRISP3,,,0.8796875476837158
random,mean,0,CPB1,,,0.9796189069747925
random,mean,0,IGHG3,,,0.9542615413665771
random,mean,0,CD74,0.0,,0.572238028049469
random,mean,0,IGLC2,,,1.1188240051269531
random,mean,0,HLA-B,0.0,,0.4516531229019165
random,mean,0,IGKC,,,0.9883736371994019
random,mean,0,MALAT1,,,0.7728661894798279
random,mean,0,ALB,,,0.7111752033233643
random,mean,0,IGHG4,0.0,,0.7398207783699036
random,mean,0,TFF3,,,0.5960535407066345
random,mean,0,CXCL14,0.0,,0.8153858780860901
random,mean,0,IGHG1,,,0.9065605998039246
random,mean,0,SLITRK6,,,0.5119030475616455
random,mean,0,APOE,0.0,,0.6569218039512634
random,mean,0,MT-ND2,,,0.5803289413452148
random,mean,0,CALML5,0.0,,0.5291932225227356
random,mean,0,HLA-DRA,,,0.619123637676239
random,mean,0,S100G,,,0.8013894557952881
random,mean,0,LINC00645,0.0,,0.5186884999275208
random,mean,0,C3,,,0.7719361782073975
random,mean,0,IGLC3,0.0,,0.8764513731002808
random,mean,0,IGLC1,0.0,,0.8736432790756226
random,mean,0,TIMP1,,,0.7447004914283752
random,mean,0,APOC1,,,0.6839209794998169
random,mean,0,TFF1,0.0,,0.7092627286911011
random,mean,0,SCGB2A2,0.0,,0.7659688591957092
random,mean,0,SCGB1D2,0.0,,0.7681206464767456
random,mean,0,SERPINA3,,,0.6606450080871582
random,mean,0,LINC00052,,,0.2809836268424988
random,mean,0,AGR2,,,0.6240531206130981
random,mean,0,C6orf141,,,0.4293552339076996
random,mean,0,LYZ,0.0,,0.7267765402793884
random,mean,0,CTSD,,,0.4792576730251312
random,mean,0,HEBP1,0.0,,0.6522658467292786
random,mean,0,IGHM,,,0.836993932723999
random,mean,0,HLA-DRB1,0.0,,0.5869629383087158
random,mean,0,C1QA,,,0.6749818921089172
random,mean,0,IGHA1,,,0.8676629066467285
random,mean,0,DEGS1,,,0.6269302368164062
random,mean,0,AC087379.2,0.0,,0.4316481947898865
random,mean,0,AEBP1,,,0.7100533246994019
random,mean,0,COL1A2,,,0.7079249024391174
random,mean,0,GFRA1,0.0,,0.6424321532249451
random,mean,0,COL1A1,0.0,,0.7176073789596558
random,mean,0,HLA-E,,,0.5241157412528992
random,mean,0,CFB,,,0.5810990929603577
random,mean,0,CCL19,,,0.6165382266044617
random,mean,0,SNCG,0.0,,0.6154323816299438
random,mean,0,IGHG2,0.0,,0.6856945157051086
random,pca_ridge,0,CRISP3,0.7077386323964441,0.42130033716453213,0.6222315430641174
random,pca_ridge,0,CPB1,0.5509239535052517,0.5587794059243265,0.8190174698829651
random,pca_ridge,0,IGHG3,0.6298648194433393,0.6845712579074245,0.744375467300415
random,pca_ridge,0,CD74,0.7948866672015938,0.8019982520320862,0.34711754322052
random,pca_ridge,0,IGLC2,0.6446455643249654,0.6877620618787472,0.8555669784545898
random,pca_ridge,0,HLA-B,0.7117105579748791,0.729830844482215,0.3178848922252655
random,pca_ridge,0,IGKC,0.6475346054846383,0.7133533431334648,0.7559680938720703
random,pca_ridge,0,MALAT1,0.6930562148855581,0.6995097067851944,0.5573495030403137
random,pca_ridge,0,ALB,0.35743397101195584,0.22742828339649535,0.6643866896629333
random,pca_ridge,0,IGHG4,0.6147004983629043,0.6561842238532082,0.5849789381027222
random,pca_ridge,0,TFF3,0.6829438934324861,0.6648212051068628,0.4365547299385071
random,pca_ridge,0,CXCL14,0.6964944027443134,0.5267148133291001,0.5858042240142822
random,pca_ridge,0,IGHG1,0.6411518563354478,0.6782626258457107,0.6971275210380554
random,pca_ridge,0,SLITRK6,0.6727075501849578,0.3938346491462374,0.37913456559181213
random,pca_ridge,0,APOE,0.8040874855212943,0.8135370361135563,0.3907212018966675
random,pca_ridge,0,MT-ND2,0.5587504404746138,0.5712139885155187,0.48154115676879883
random,pca_ridge,0,CALML5,0.566617293040108,0.5830031299539947,0.4361932575702667
random,pca_ridge,0,HLA-DRA,0.7726938844843709,0.7949518209956067,0.3934662938117981
random,pca_ridge,0,S100G,0.6174165803064176,0.6127763430869904,0.6310149431228638
random,pca_ridge,0,LINC00645,0.4404701875440356,0.36157521610047616,0.4657476544380188
random,pca_ridge,0,C3,0.7231839892846763,0.715404845687407,0.5333760976791382
random,pca_ridge,0,IGLC3,0.48642464062473856,0.46127919299582604,0.7655081748962402
random,pca_ridge,0,IGLC1,0.4435809342789175,0.4111368461723415,0.7842938303947449
random,pca_ridge,0,TIMP1,0.7067455373797222,0.7149776009326154,0.5270008444786072
random,pca_ridge,0,APOC1,0.6788603743799418,0.6874404438170365,0.5033242106437683
random,pca_ridge,0,TFF1,0.540147710352869,0.5579427379900999,0.5980698466300964
random,pca_ridge,0,SCGB2A2,0.5416564136995294,0.5671355478453186,0.6445227265357971
random,pca_ridge,0,SCGB1D2,0.5206467529288009,0.5418230925170264,0.6562979817390442
random,pca_ridge,0,SERPINA3,0.4933924490126978,0.5157451807768259,0.5786958932876587
random,pca_ridge,0,LINC00052,0.39331558191290816,0.22602971312013106,0.25847387313842773
random,pca_ridge,0,AGR2,0.6183644770033134,0.5401926744574128,0.4908737540245056
random,pca_ridge,0,C6orf141,0.5619724075447529,0.3537338986664522,0.35521814227104187
random,pca_ridge,0,LYZ,0.6863271845436025,0.7101758234139603,0.528148353099823
random,pca_ridge,0,CTSD,0.6454813268460553,0.6705105782590736,0.36622148752212524
random,pca_ridge,0,HEBP1,0.6128609825045654,0.6200417139922922,0.5163576006889343
random,pca_ridge,0,IGHM,0.4862345650180802,0.4430664128721078,0.7314815521240234
random,pca_ridge,0,HLA-DRB1,0.6735705128127737,0.7055544147304461,0.4338673949241638
random,pca_ridge,0,C1QA,0.7369872957418452,0.7477695733336077,0.45592644810676575
random,pca_ridge,0,IGHA1,0.43782905273041217,0.4657006289907886,0.7800182104110718
random,pca_ridge,0,DEGS1,0.5392426033501743,0.3968485757320873,0.5290096998214722
random,pca_ridge,0,AC087379.2,0.4281597861585078,0.35391760321683324,0.3900918960571289
random,pca_ridge,0,AEBP1,0.7076860020694424,0.7220882615334981,0.5019246339797974
random,pca_ridge,0,COL1A2,0.7056475982125193,0.7283018212237318,0.5020595192909241
random,pca_ridge,0,GFRA1,0.5759449292794954,0.41589658516215816,0.5256205797195435
random,pca_ridge,0,COL1A1,0.6950556522529864,0.7152066434131857,0.5162821412086487
random,pca_ridge,0,HLA-E,0.6482662897443404,0.7025352897417901,0.39904072880744934
random,pca_ridge,0,CFB,0.47286790828333186,0.46759932365594775,0.5130482316017151
random,pca_ridge,0,CCL19,0.5927651523914144,0.47544832461193326,0.49810028076171875
random,pca_ridge,0,SNCG,0.49414987999864973,0.4943556571663831,0.5350123047828674
random,pca_ridge,0,IGHG2,0.369308085670425,0.2896346711607212,0.6373018026351929
random,spatial_knn,0,CRISP3,0.8411815537229892,0.4566944828205278,0.47592934153859207
random,spatial_knn,0,CPB1,0.774651632074627,0.7185948104050706,0.6223177334878695
random,spatial_knn,0,IGHG3,0.7185815090331723,0.7245364254719334,0.6670262470248783
random,spatial_knn,0,CD74,0.798554666618186,0.8008655423224378,0.3442924604983969
random,spatial_knn,0,IGLC2,0.7054521286168808,0.7355469749393234,0.7968621198552345
random,spatial_knn,0,HLA-B,0.8061387271304632,0.8073391628588087,0.26801290629144486
random,spatial_knn,0,IGKC,0.6966525827060065,0.734038330173379,0.7122645022915332
random,spatial_knn,0,MALAT1,0.5796806923054877,0.6140623152182679,0.6353992415007131
random,spatial_knn,0,ALB,0.7744020237119319,0.29290338393349347,0.45234200526224766
random,spatial_knn,0,IGHG4,0.6515400695671824,0.6597437987431091,0.5642590100674945
random,spatial_knn,0,TFF3,0.758983291125701,0.7497734523451073,0.38878046546390044
random,spatial_knn,0,CXCL14,0.7824017253440883,0.6260570857730607,0.5090195983422761
random,spatial_knn,0,IGHG1,0.6609897548918626,0.6751857505698677,0.6852234436361446
random,spatial_knn,0,SLITRK6,0.7724846649348203,0.3902804217925505,0.3251301324549694
random,spatial_knn,0,APOE,0.6893079348375185,0.6645353453878081,0.4766069309068714
random,spatial_knn,0,MT-ND2,0.5884088119216478,0.5842010071069145,0.47099582811595414
random,spatial_knn,0,CALML5,0.7086335484794065,0.69372596169681,0.37452255689868513
random,spatial_knn,0,HLA-DRA,0.7319474696120838,0.7593593693785123,0.42201678772557333
random,spatial_knn,0,S100G,0.7153529373180543,0.6781574029517331,0.5613353560677771
random,spatial_knn,0,LINC00645,0.6507758526630155,0.4579214183966208,0.3975274658271555
random,spatial_knn,0,C3,0.6387498608998472,0.6255745952343277,0.5957180792448912
random,spatial_knn,0,IGLC3,0.5693610303608135,0.49738290649774725,0.7239297522413075
random,spatial_knn,0,IGLC1,0.48986805923128957,0.4103971643671093,0.7683430259781993
random,spatial_knn,0,TIMP1,0.6394804537890514,0.6505799034103045,0.5738171297818482
random,spatial_knn,0,APOC1,0.6176899024622694,0.6105294030885899,0.5388106105826396
random,spatial_knn,0,TFF1,0.6749557934715292,0.6859088896965807,0.5231701847603658
random,spatial_knn,0,SCGB2A2,0.6367128779008743,0.6304740111697028,0.591399576461572
random,spatial_knn,0,SCGB1D2,0.6160180636882242,0.6058186252597572,0.6060530454995425
random,spatial_knn,0,SERPINA3,0.6739979335543217,0.6446054713272256,0.4892882719745978
random,spatial_knn,0,LINC00052,0.6797382791190386,0.2964575140688265,0.2089728427615032
random,spatial_knn,0,AGR2,0.6328711469165398,0.5430563736253997,0.4857553333664099
random,spatial_knn,0,C6orf141,0.630508680480822,0.3530821140706763,0.3338001578213447
random,spatial_knn,0,LYZ,0.6593996799585762,0.6832309065594078,0.5464146377099921
random,spatial_knn,0,CTSD,0.583273702501251,0.5789835868402343,0.39012297308452015
random,spatial_knn,0,HEBP1,0.6244712304312084,0.5793983315334655,0.5117056543538601
random,spatial_knn,0,IGHM,0.6006479627420999,0.5093769481443586,0.6710525844491051
random,spatial_knn,0,HLA-DRB1,0.6488687919775364,0.6639791880940036,0.44687959493450735
random,spatial_knn,0,C1QA,0.6572530386210365,0.6660689747204941,0.5087271981175032
random,spatial_knn,0,IGHA1,0.5712879152147335,0.5531863251785103,0.7131332107384168
random,spatial_knn,0,DEGS1,0.6073696764432778,0.5179692472054551,0.501755725903806
random,spatial_knn,0,AC087379.2,0.5780577228543354,0.35265723247527436,0.35479865645173186
random,spatial_knn,0,AEBP1,0.5716491814391095,0.5689871168902199,0.5838746650318299
random,spatial_knn,0,COL1A2,0.5899032849325128,0.6048488235864339,0.5727439182674894
random,spatial_knn,0,GFRA1,0.6216105739001947,0.45468358315603974,0.5050570365995147
random,spatial_knn,0,COL1A1,0.580760328289176,0.588158729062159,0.5863783563276806
random,spatial_knn,0,HLA-E,0.60639167522342,0.6630786675535608,0.4190544169341702
random,spatial_knn,0,CFB,0.5820381941372982,0.6099991946110167,0.47444833504160766
random,spatial_knn,0,CCL19,0.6239690902198093,0.49573802828339913,0.48153979530276747
random,spatial_knn,0,SNCG,0.5824969085334557,0.5486573195826505,0.5029835412808626
random,spatial_knn,0,IGHG2,0.4582149213775998,0.3227370086734155,0.6116963471999816
matched_hop0,mean,0,CRISP3,0.0,,0.6546719074249268
matched_hop0,mean,0,CPB1,,,1.2929320335388184
matched_hop0,mean,0,IGHG3,,,0.7977928519248962
matched_hop0,mean,0,CD74,,,0.5789300203323364
matched_hop0,mean,0,IGLC2,,,0.9246160387992859
matched_hop0,mean,0,HLA-B,,,0.5173699855804443
matched_hop0,mean,0,IGKC,,,0.8383240699768066
matched_hop0,mean,0,MALAT1,0.0,,0.7077241539955139
matched_hop0,mean,0,ALB,,,0.43659794330596924
matched_hop0,mean,0,IGHG4,,,0.5962137579917908
matched_hop0,mean,0,TFF3,,,0.48401153087615967
matched_hop0,mean,0,CXCL14,,,0.7307226061820984
matched_hop0,mean,0,IGHG1,,,0.7321970462799072
matched_hop0,mean,0,SLITRK6,0.0,,0.37609949707984924
matched_hop0,mean,0,APOE,0.0,,0.6470247507095337
matched_hop0,mean,0,MT-ND2,0.0,,0.5929847955703735
matched_hop0,mean,0,CALML5,,,0.6973613500595093
matched_hop0,mean,0,HLA-DRA,,,0.6143076419830322
matched_hop0,mean,0,S100G,0.0,,0.5698551535606384
matched_hop0,mean,0,LINC00645,,,0.8051794171333313
matched_hop0,mean,0,C3,,,0.6570367813110352
matched_hop0,mean,0,IGLC3,,,0.6928877830505371
matched_hop0,mean,0,IGLC1,,,0.718975305557251
matched_hop0,mean,0,TIMP1,,,0.7003111243247986
matched_hop0,mean,0,APOC1,,,0.6678770780563354
matched_hop0,mean,0,TFF1,,,0.7003987431526184
matched_hop0,mean,0,SCGB2A2,,,0.7665771842002869
matched_hop0,mean,0,SCGB1D2,0.0,,0.7520244121551514
matched_hop0,mean,0,SERPINA3,,,0.519359827041626
matched_hop0,mean,0,LINC00052,0.0,,0.45964452624320984
matched_hop0,mean,0,AGR2,,,0.4909168779850006
matched_hop0,mean,0,C6orf141,0.0,,0.33029159903526306
matched_hop0,mean,0,LYZ,,,0.779449462890625
matched_hop0,mean,0,CTSD,,,0.5075235962867737
matched_hop0,mean,0,HEBP1,0.0,,0.6449683904647827
matched_hop0,mean,0,IGHM,0.0,,0.6971294283866882
matched_hop0,mean,0,HLA-DRB1,,,0.5973902344703674
matched_hop0,mean,0,C1QA,,,0.6502656936645508
matched_hop0,mean,0,IGHA1,,,0.7002073526382446
matched_hop0,mean,0,DEGS1,,,0.6001683473587036
matched_hop0,mean,0,AC087379.2,,,0.3229730725288391
matched_hop0,mean,0,AEBP1,,,0.6665515303611755
matched_hop0,mean,0,COL1A2,,,0.6907783150672913
matched_hop0,mean,0,GFRA1,0.0,,0.5231577157974243
matched_hop0,mean,0,COL1A1,,,0.7121535539627075
matched_hop0,mean,0,HLA-E,,,0.5251191258430481
matched_hop0,mean,0,CFB,,,0.6127002239227295
matched_hop0,mean,0,CCL19,,,0.5480058789253235
matched_hop0,mean,0,SNCG,,,0.7775010466575623
matched_hop0,mean,0,IGHG2,,,0.5113536715507507
matched_hop0,pca_ridge,0,CRISP3,0.07229085984747674,0.05525111823097548,0.5880323052406311
matched_hop0,pca_ridge,0,CPB1,0.057297742702575545,0.0428750757434181,1.202178955078125
matched_hop0,pca_ridge,0,IGHG3,0.5822682426629086,0.5652859720343041,0.7161531448364258
matched_hop0,pca_ridge,0,CD74,0.7709182562808198,0.7795330481788779,0.3779004216194153
matched_hop0,pca_ridge,0,IGLC2,0.480974187062088,0.495780786447308,0.9332115650177002
matched_hop0,pca_ridge,0,HLA-B,0.5524766338322825,0.5709134265515793,0.3921408951282501
matched_hop0,pca_ridge,0,IGKC,0.586035949370045,0.5977854995892878,0.7585138082504272
matched_hop0,pca_ridge,0,MALAT1,0.6224157994599829,0.6385686777916632,0.5255334377288818
matched_hop0,pca_ridge,0,ALB,0.053125173650234093,0.05316398061003311,0.5585741996765137
matched_hop0,pca_ridge,0,IGHG4,0.5649636449500556,0.5382720964184347,0.5279488563537598
matched_hop0,pca_ridge,0,TFF3,0.3148953895590351,0.28605743870828326,0.43208470940589905
matched_hop0,pca_ridge,0,CXCL14,0.3297766623907232,0.2613858303170031,0.5904076099395752
matched_hop0,pca_ridge,0,IGHG1,0.5539125313228168,0.537236079675743,0.6784242987632751
matched_hop0,pca_ridge,0,SLITRK6,0.0015342452960860596,0.033775836940581776,0.35434630513191223
matched_hop0,pca_ridge,0,APOE,0.8420869198182798,0.8442011881985277,0.3497016727924347
matched_hop0,pca_ridge,0,MT-ND2,0.5535526454683252,0.564555609579519,0.49977564811706543
matched_hop0,pca_ridge,0,CALML5,0.33033373437836083,0.3496928715782517,0.6462401747703552
matched_hop0,pca_ridge,0,HLA-DRA,0.726364833403013,0.7157649982788856,0.40141406655311584
matched_hop0,pca_ridge,0,S100G,0.3511569738139151,0.3258886769568866,0.6146753430366516
matched_hop0,pca_ridge,0,LINC00645,0.2774114947195489,0.26746120209734536,0.7175307869911194
matched_hop0,pca_ridge,0,C3,0.7127845921150007,0.6828343935324676,0.46194955706596375
matched_hop0,pca_ridge,0,IGLC3,0.32942675643305575,0.3172202448322243,0.7214410305023193
matched_hop0,pca_ridge,0,IGLC1,0.34472060100162677,0.2976055815761775,0.6924501061439514
matched_hop0,pca_ridge,0,TIMP1,0.6952805133615244,0.6849574007819126,0.5078161954879761
matched_hop0,pca_ridge,0,APOC1,0.6973723566925494,0.6813529659358963,0.4513509273529053
matched_hop0,pca_ridge,0,TFF1,0.3214261648177334,0.28487285452171185,0.6375955939292908
matched_hop0,pca_ridge,0,SCGB2A2,0.3630071244337995,0.34524120056478885,0.6478562355041504
matched_hop0,pca_ridge,0,SCGB1D2,0.3215035659023102,0.3176466942688416,0.6272042393684387
matched_hop0,pca_ridge,0,SERPINA3,0.018940382187621986,-0.011532867886881145,0.5925126671791077
matched_hop0,pca_ridge,0,LINC00052,0.36396317560979247,0.35749425363122034,0.4319031238555908
matched_hop0,pca_ridge,0,AGR2,0.4258258111945191,0.42091609164610966,0.43860679864883423
matched_hop0,pca_ridge,0,C6orf141,0.02418851708137758,0.06868269814011696,0.3283899128437042
matched_hop0,pca_ridge,0,LYZ,0.7259207901692702,0.7378122167108832,0.5073142647743225
matched_hop0,pca_ridge,0,CTSD,0.716232089478775,0.7193270375931669,0.36678409576416016
matched_hop0,pca_ridge,0,HEBP1,0.5050519033072616,0.5036118181218888,0.5249326825141907
matched_hop0,pca_ridge,0,IGHM,0.3617933303401896,0.34385622205177047,0.6693028807640076
matched_hop0,pca_ridge,0,HLA-DRB1,0.6808607814487697,0.6858563103025762,0.403597891330719
matched_hop0,pca_ridge,0,C1QA,0.7645085730235972,0.7536634384332914,0.4158272445201874
matched_hop0,pca_ridge,0,IGHA1,0.2910769516189486,0.25088925197918815,0.7285610437393188
matched_hop0,pca_ridge,0,DEGS1,0.34071398619483806,0.3041215159515213,0.5335181355476379
matched_hop0,pca_ridge,0,AC087379.2,0.16607741680394725,0.20024229443018024,0.4149567186832428
matched_hop0,pca_ridge,0,AEBP1,0.6578379342229388,0.6331127637170696,0.4817959666252136
matched_hop0,pca_ridge,0,COL1A2,0.6809874665394655,0.6736581275381379,0.4657089412212372
matched_hop0,pca_ridge,0,GFRA1,0.22097367545770558,0.2403152882269289,0.5128191709518433
matched_hop0,pca_ridge,0,COL1A1,0.6789868042393399,0.6639262313537756,0.49749746918678284
matched_hop0,pca_ridge,0,HLA-E,0.648925865930274,0.6834699951251181,0.39574214816093445
matched_hop0,pca_ridge,0,CFB,0.1701312949727866,0.15260101473632004,0.5773172378540039
matched_hop0,pca_ridge,0,CCL19,0.4503525468403957,0.3893915905026862,0.4917421340942383
matched_hop0,pca_ridge,0,SNCG,0.35918256903879436,0.3133144236377515,0.6095137000083923
matched_hop0,pca_ridge,0,IGHG2,0.27515972550536905,0.21406524467596869,0.5161126255989075
matched_hop0,spatial_knn,0,CRISP3,0.30461111009894265,0.16473894715328802,0.46681497253925686
matched_hop0,spatial_knn,0,CPB1,0.5771389388748988,0.5946773133133327,0.9847426802943251
matched_hop0,spatial_knn,0,IGHG3,0.26388465261902405,0.12603188742332255,0.7641160758244068
matched_hop0,spatial_knn,0,CD74,0.36476530943263447,0.3714332139376196,0.5131910070378216
matched_hop0,spatial_knn,0,IGLC2,0.255035012102721,0.2510628477279366,0.9565214382730644
matched_hop0,spatial_knn,0,HLA-B,0.4668060971703254,0.46374543496565473,0.4181248821582198
matched_hop0,spatial_knn,0,IGKC,0.17715224841211252,0.07205067601496606,0.8649699403446279
matched_hop0,spatial_knn,0,MALAT1,0.37573734113808654,0.3262498253491638,0.7118254811022418
matched_hop0,spatial_knn,0,ALB,0.1317592976370547,0.05635935216539816,0.5660964914260235
matched_hop0,spatial_knn,0,IGHG4,0.21569162653491789,0.10301198920944622,0.5930274646783781
matched_hop0,spatial_knn,0,TFF3,0.2838548833713631,0.21415112132222625,0.42283369221931366
matched_hop0,spatial_knn,0,CXCL14,0.39116023269189715,0.26527577524771434,0.6049866186498917
matched_hop0,spatial_knn,0,IGHG1,0.22105882647643663,0.1820057304127229,0.758286087151977
matched_hop0,spatial_knn,0,SLITRK6,0.07498940282986342,0.03794877201635064,0.2963723325959209
matched_hop0,spatial_knn,0,APOE,0.30399734058421757,0.3651480604572485,0.6452503989288745
matched_hop0,spatial_knn,0,MT-ND2,0.25793600093933317,0.23605321558928868,0.758061813279758
matched_hop0,spatial_knn,0,CALML5,0.7403357993775223,0.7305581115658613,0.42953602500758914
matched_hop0,spatial_knn,0,HLA-DRA,0.34611782098211785,0.3320390238460865,0.5231135491482624
matched_hop0,spatial_knn,0,S100G,0.18641789292749414,0.14425678069246461,0.7451948983925305
matched_hop0,spatial_knn,0,LINC00645,0.566226836970081,0.5212199057171814,0.5712727597958492
matched_hop0,spatial_knn,0,C3,0.15135554042451405,0.0753560615408151,0.7044619665817108
matched_hop0,spatial_knn,0,IGLC3,0.1644304438970689,0.09633951478930003,0.7519984563244779
matched_hop0,spatial_knn,0,IGLC1,0.1797636791039926,0.19869593449046608,0.8703261526298245
matched_hop0,spatial_knn,0,TIMP1,0.12550383457458747,0.10278162784927787,0.8009707037535866
matched_hop0,spatial_knn,0,APOC1,0.3334214964919069,0.2705036627567206,0.5854680819322183
matched_hop0,spatial_knn,0,TFF1,0.4261523994068406,0.42427318624161886,0.6398677919447194
matched_hop0,spatial_knn,0,SCGB2A2,0.11913544949318039,0.09202414001286054,0.9183958468373374
matched_hop0,spatial_knn,0,SCGB1D2,-0.0035584500300819386,-0.032441523830805175,0.9893873325842792
matched_hop0,spatial_knn,0,SERPINA3,0.30420007043783764,0.3228108840457034,0.48611535090087815
matched_hop0,spatial_knn,0,LINC00052,0.5366837896453087,0.5232412484290653,0.4071562641625606
matched_hop0,spatial_knn,0,AGR2,0.31022396993012685,0.26495420668189285,0.49223805406605897
matched_hop0,spatial_knn,0,C6orf141,0.06201593152047303,0.031503201019476575,0.30272858141036674
matched_hop0,spatial_knn,0,LYZ,0.23481723944638264,0.2737516430099327,0.7075198753006209
matched_hop0,spatial_knn,0,CTSD,0.2938971400071341,0.3327928504616435,0.5012990096604165
matched_hop0,spatial_knn,0,HEBP1,0.3269968409692465,0.2818348108505514,0.7021654294589845
matched_hop0,spatial_knn,0,IGHM,0.2650775309284546,0.20558331166809524,0.6987749436209945
matched_hop0,spatial_knn,0,HLA-DRB1,0.21266723847695285,0.1913092358109312,0.5689959390955923
matched_hop0,spatial_knn,0,C1QA,0.28729759455152515,0.31959763068092395,0.6656024996190645
matched_hop0,spatial_knn,0,IGHA1,0.2200139663860076,0.06017228809261791,0.6869388225455068
matched_hop0,spatial_knn,0,DEGS1,0.38748585781671474,0.3357923489392258,0.5169244552454558
matched_hop0,spatial_knn,0,AC087379.2,0.08498651632580104,0.08705898950365723,0.4124242747150837
matched_hop0,spatial_knn,0,AEBP1,0.2915077446615084,0.2372688070570404,0.6019914886227201
matched_hop0,spatial_knn,0,COL1A2,0.22801754593929346,0.19501414407012121,0.6313247950817947
matched_hop0,spatial_knn,0,GFRA1,0.05969616880987482,0.04960883690217492,0.5340984319202399
matched_hop0,spatial_knn,0,COL1A1,0.14427237282999744,0.05310627515679581,0.6851917962463382
matched_hop0,spatial_knn,0,HLA-E,0.26973765606643085,0.28965546543060533,0.5118316839968553
matched_hop0,spatial_knn,0,CFB,0.5408226378247109,0.5968749858265657,0.4943714257300769
matched_hop0,spatial_knn,0,CCL19,0.15973231885293634,0.12735477991163718,0.5757722828400247
matched_hop0,spatial_knn,0,SNCG,0.5544271538193396,0.5518579891470907,0.5011568901270809
matched_hop0,spatial_knn,0,IGHG2,0.05757992153819147,0.0812416970366855,0.5439173816237598
matched_hop1,mean,0,CRISP3,0.0,,0.6546719074249268
matched_hop1,mean,0,CPB1,,,1.2929320335388184
matched_hop1,mean,0,IGHG3,,,0.7977928519248962
matched_hop1,mean,0,CD74,,,0.5789300203323364
matched_hop1,mean,0,IGLC2,,,0.9246160387992859
matched_hop1,mean,0,HLA-B,,,0.5173699855804443
matched_hop1,mean,0,IGKC,,,0.8383240699768066
matched_hop1,mean,0,MALAT1,0.0,,0.7077241539955139
matched_hop1,mean,0,ALB,,,0.43659794330596924
matched_hop1,mean,0,IGHG4,,,0.5962137579917908
matched_hop1,mean,0,TFF3,,,0.48401153087615967
matched_hop1,mean,0,CXCL14,,,0.7307226061820984
matched_hop1,mean,0,IGHG1,,,0.7321970462799072
matched_hop1,mean,0,SLITRK6,0.0,,0.37609949707984924
matched_hop1,mean,0,APOE,0.0,,0.6470247507095337
matched_hop1,mean,0,MT-ND2,0.0,,0.5929847955703735
matched_hop1,mean,0,CALML5,,,0.6973613500595093
matched_hop1,mean,0,HLA-DRA,,,0.6143076419830322
matched_hop1,mean,0,S100G,0.0,,0.5698551535606384
matched_hop1,mean,0,LINC00645,,,0.8051794171333313
matched_hop1,mean,0,C3,,,0.6570367813110352
matched_hop1,mean,0,IGLC3,,,0.6928877830505371
matched_hop1,mean,0,IGLC1,,,0.718975305557251
matched_hop1,mean,0,TIMP1,,,0.7003111243247986
matched_hop1,mean,0,APOC1,,,0.6678770780563354
matched_hop1,mean,0,TFF1,,,0.7003987431526184
matched_hop1,mean,0,SCGB2A2,,,0.7665771842002869
matched_hop1,mean,0,SCGB1D2,0.0,,0.7520244121551514
matched_hop1,mean,0,SERPINA3,,,0.519359827041626
matched_hop1,mean,0,LINC00052,0.0,,0.45964452624320984
matched_hop1,mean,0,AGR2,,,0.4909168779850006
matched_hop1,mean,0,C6orf141,0.0,,0.33029159903526306
matched_hop1,mean,0,LYZ,,,0.779449462890625
matched_hop1,mean,0,CTSD,,,0.5075235962867737
matched_hop1,mean,0,HEBP1,0.0,,0.6449683904647827
matched_hop1,mean,0,IGHM,0.0,,0.6971294283866882
matched_hop1,mean,0,HLA-DRB1,,,0.5973902344703674
matched_hop1,mean,0,C1QA,,,0.6502656936645508
matched_hop1,mean,0,IGHA1,,,0.7002073526382446
matched_hop1,mean,0,DEGS1,,,0.6001683473587036
matched_hop1,mean,0,AC087379.2,,,0.3229730725288391
matched_hop1,mean,0,AEBP1,,,0.6665515303611755
matched_hop1,mean,0,COL1A2,,,0.6907783150672913
matched_hop1,mean,0,GFRA1,0.0,,0.5231577157974243
matched_hop1,mean,0,COL1A1,,,0.7121535539627075
matched_hop1,mean,0,HLA-E,,,0.5251191258430481
matched_hop1,mean,0,CFB,,,0.6127002239227295
matched_hop1,mean,0,CCL19,,,0.5480058789253235
matched_hop1,mean,0,SNCG,,,0.7775010466575623
matched_hop1,mean,0,IGHG2,,,0.5113536715507507
matched_hop1,pca_ridge,0,CRISP3,0.07229085984747674,0.05525111823097548,0.5880323052406311
matched_hop1,pca_ridge,0,CPB1,0.057297742702575545,0.0428750757434181,1.202178955078125
matched_hop1,pca_ridge,0,IGHG3,0.5822682426629086,0.5652859720343041,0.7161531448364258
matched_hop1,pca_ridge,0,CD74,0.7709182562808198,0.7795330481788779,0.3779004216194153
matched_hop1,pca_ridge,0,IGLC2,0.480974187062088,0.495780786447308,0.9332115650177002
matched_hop1,pca_ridge,0,HLA-B,0.5524766338322825,0.5709134265515793,0.3921408951282501
matched_hop1,pca_ridge,0,IGKC,0.586035949370045,0.5977854995892878,0.7585138082504272
matched_hop1,pca_ridge,0,MALAT1,0.6224157994599829,0.6385686777916632,0.5255334377288818
matched_hop1,pca_ridge,0,ALB,0.053125173650234093,0.05316398061003311,0.5585741996765137
matched_hop1,pca_ridge,0,IGHG4,0.5649636449500556,0.5382720964184347,0.5279488563537598
matched_hop1,pca_ridge,0,TFF3,0.3148953895590351,0.28605743870828326,0.43208470940589905
matched_hop1,pca_ridge,0,CXCL14,0.3297766623907232,0.2613858303170031,0.5904076099395752
matched_hop1,pca_ridge,0,IGHG1,0.5539125313228168,0.537236079675743,0.6784242987632751
matched_hop1,pca_ridge,0,SLITRK6,0.0015342452960860596,0.033775836940581776,0.35434630513191223
matched_hop1,pca_ridge,0,APOE,0.8420869198182798,0.8442011881985277,0.3497016727924347
matched_hop1,pca_ridge,0,MT-ND2,0.5535526454683252,0.564555609579519,0.49977564811706543
matched_hop1,pca_ridge,0,CALML5,0.33033373437836083,0.3496928715782517,0.6462401747703552
matched_hop1,pca_ridge,0,HLA-DRA,0.726364833403013,0.7157649982788856,0.40141406655311584
matched_hop1,pca_ridge,0,S100G,0.3511569738139151,0.3258886769568866,0.6146753430366516
matched_hop1,pca_ridge,0,LINC00645,0.2774114947195489,0.26746120209734536,0.7175307869911194
matched_hop1,pca_ridge,0,C3,0.7127845921150007,0.6828343935324676,0.46194955706596375
matched_hop1,pca_ridge,0,IGLC3,0.32942675643305575,0.3172202448322243,0.7214410305023193
matched_hop1,pca_ridge,0,IGLC1,0.34472060100162677,0.2976055815761775,0.6924501061439514
matched_hop1,pca_ridge,0,TIMP1,0.6952805133615244,0.6849574007819126,0.5078161954879761
matched_hop1,pca_ridge,0,APOC1,0.6973723566925494,0.6813529659358963,0.4513509273529053
matched_hop1,pca_ridge,0,TFF1,0.3214261648177334,0.28487285452171185,0.6375955939292908
matched_hop1,pca_ridge,0,SCGB2A2,0.3630071244337995,0.34524120056478885,0.6478562355041504
matched_hop1,pca_ridge,0,SCGB1D2,0.3215035659023102,0.3176466942688416,0.6272042393684387
matched_hop1,pca_ridge,0,SERPINA3,0.018940382187621986,-0.011532867886881145,0.5925126671791077
matched_hop1,pca_ridge,0,LINC00052,0.36396317560979247,0.35749425363122034,0.4319031238555908
matched_hop1,pca_ridge,0,AGR2,0.4258258111945191,0.42091609164610966,0.43860679864883423
matched_hop1,pca_ridge,0,C6orf141,0.02418851708137758,0.06868269814011696,0.3283899128437042
matched_hop1,pca_ridge,0,LYZ,0.7259207901692702,0.7378122167108832,0.5073142647743225
matched_hop1,pca_ridge,0,CTSD,0.716232089478775,0.7193270375931669,0.36678409576416016
matched_hop1,pca_ridge,0,HEBP1,0.5050519033072616,0.5036118181218888,0.5249326825141907
matched_hop1,pca_ridge,0,IGHM,0.3617933303401896,0.34385622205177047,0.6693028807640076
matched_hop1,pca_ridge,0,HLA-DRB1,0.6808607814487697,0.6858563103025762,0.403597891330719
matched_hop1,pca_ridge,0,C1QA,0.7645085730235972,0.7536634384332914,0.4158272445201874
matched_hop1,pca_ridge,0,IGHA1,0.2910769516189486,0.25088925197918815,0.7285610437393188
matched_hop1,pca_ridge,0,DEGS1,0.34071398619483806,0.3041215159515213,0.5335181355476379
matched_hop1,pca_ridge,0,AC087379.2,0.16607741680394725,0.20024229443018024,0.4149567186832428
matched_hop1,pca_ridge,0,AEBP1,0.6578379342229388,0.6331127637170696,0.4817959666252136
matched_hop1,pca_ridge,0,COL1A2,0.6809874665394655,0.6736581275381379,0.4657089412212372
matched_hop1,pca_ridge,0,GFRA1,0.22097367545770558,0.2403152882269289,0.5128191709518433
matched_hop1,pca_ridge,0,COL1A1,0.6789868042393399,0.6639262313537756,0.49749746918678284
matched_hop1,pca_ridge,0,HLA-E,0.648925865930274,0.6834699951251181,0.39574214816093445
matched_hop1,pca_ridge,0,CFB,0.1701312949727866,0.15260101473632004,0.5773172378540039
matched_hop1,pca_ridge,0,CCL19,0.4503525468403957,0.3893915905026862,0.4917421340942383
matched_hop1,pca_ridge,0,SNCG,0.35918256903879436,0.3133144236377515,0.6095137000083923
matched_hop1,pca_ridge,0,IGHG2,0.27515972550536905,0.21406524467596869,0.5161126255989075
matched_hop1,spatial_knn,0,CRISP3,0.30461111009894265,0.16473894715328802,0.46681497253925686
matched_hop1,spatial_knn,0,CPB1,0.5771389388748988,0.5946773133133327,0.9847426802943251
matched_hop1,spatial_knn,0,IGHG3,0.26388465261902405,0.12603188742332255,0.7641160758244068
matched_hop1,spatial_knn,0,CD74,0.36476530943263447,0.3714332139376196,0.5131910070378216
matched_hop1,spatial_knn,0,IGLC2,0.255035012102721,0.2510628477279366,0.9565214382730644
matched_hop1,spatial_knn,0,HLA-B,0.4668060971703254,0.46374543496565473,0.4181248821582198
matched_hop1,spatial_knn,0,IGKC,0.17715224841211252,0.07205067601496606,0.8649699403446279
matched_hop1,spatial_knn,0,MALAT1,0.37573734113808654,0.3262498253491638,0.7118254811022418
matched_hop1,spatial_knn,0,ALB,0.1317592976370547,0.05635935216539816,0.5660964914260235
matched_hop1,spatial_knn,0,IGHG4,0.21569162653491789,0.10301198920944622,0.5930274646783781
matched_hop1,spatial_knn,0,TFF3,0.2838548833713631,0.21415112132222625,0.42283369221931366
matched_hop1,spatial_knn,0,CXCL14,0.39116023269189715,0.26527577524771434,0.6049866186498917
matched_hop1,spatial_knn,0,IGHG1,0.22105882647643663,0.1820057304127229,0.758286087151977
matched_hop1,spatial_knn,0,SLITRK6,0.07498940282986342,0.03794877201635064,0.2963723325959209
matched_hop1,spatial_knn,0,APOE,0.30399734058421757,0.3651480604572485,0.6452503989288745
matched_hop1,spatial_knn,0,MT-ND2,0.25793600093933317,0.23605321558928868,0.758061813279758
matched_hop1,spatial_knn,0,CALML5,0.7403357993775223,0.7305581115658613,0.42953602500758914
matched_hop1,spatial_knn,0,HLA-DRA,0.34611782098211785,0.3320390238460865,0.5231135491482624
matched_hop1,spatial_knn,0,S100G,0.18641789292749414,0.14425678069246461,0.7451948983925305
matched_hop1,spatial_knn,0,LINC00645,0.566226836970081,0.5212199057171814,0.5712727597958492
matched_hop1,spatial_knn,0,C3,0.15135554042451405,0.0753560615408151,0.7044619665817108
matched_hop1,spatial_knn,0,IGLC3,0.1644304438970689,0.09633951478930003,0.7519984563244779
matched_hop1,spatial_knn,0,IGLC1,0.1797636791039926,0.19869593449046608,0.8703261526298245
matched_hop1,spatial_knn,0,TIMP1,0.12550383457458747,0.10278162784927787,0.8009707037535866
matched_hop1,spatial_knn,0,APOC1,0.3334214964919069,0.2705036627567206,0.5854680819322183
matched_hop1,spatial_knn,0,TFF1,0.4261523994068406,0.42427318624161886,0.6398677919447194
matched_hop1,spatial_knn,0,SCGB2A2,0.11913544949318039,0.09202414001286054,0.9183958468373374
matched_hop1,spatial_knn,0,SCGB1D2,-0.0035584500300819386,-0.032441523830805175,0.9893873325842792
matched_hop1,spatial_knn,0,SERPINA3,0.30420007043783764,0.3228108840457034,0.48611535090087815
matched_hop1,spatial_knn,0,LINC00052,0.5366837896453087,0.5232412484290653,0.4071562641625606
matched_hop1,spatial_knn,0,AGR2,0.31022396993012685,0.26495420668189285,0.49223805406605897
matched_hop1,spatial_knn,0,C6orf141,0.06201593152047303,0.031503201019476575,0.30272858141036674
matched_hop1,spatial_knn,0,LYZ,0.23481723944638264,0.2737516430099327,0.7075198753006209
matched_hop1,spatial_knn,0,CTSD,0.2938971400071341,0.3327928504616435,0.5012990096604165
matched_hop1,spatial_knn,0,HEBP1,0.3269968409692465,0.2818348108505514,0.7021654294589845
matched_hop1,spatial_knn,0,IGHM,0.2650775309284546,0.20558331166809524,0.6987749436209945
matched_hop1,spatial_knn,0,HLA-DRB1,0.21266723847695285,0.1913092358109312,0.5689959390955923
matched_hop1,spatial_knn,0,C1QA,0.28729759455152515,0.31959763068092395,0.6656024996190645
matched_hop1,spatial_knn,0,IGHA1,0.2200139663860076,0.06017228809261791,0.6869388225455068
matched_hop1,spatial_knn,0,DEGS1,0.38748585781671474,0.3357923489392258,0.5169244552454558
matched_hop1,spatial_knn,0,AC087379.2,0.08498651632580104,0.08705898950365723,0.4124242747150837
matched_hop1,spatial_knn,0,AEBP1,0.2915077446615084,0.2372688070570404,0.6019914886227201
matched_hop1,spatial_knn,0,COL1A2,0.22801754593929346,0.19501414407012121,0.6313247950817947
matched_hop1,spatial_knn,0,GFRA1,0.05969616880987482,0.04960883690217492,0.5340984319202399
matched_hop1,spatial_knn,0,COL1A1,0.14427237282999744,0.05310627515679581,0.6851917962463382
matched_hop1,spatial_knn,0,HLA-E,0.26973765606643085,0.28965546543060533,0.5118316839968553
matched_hop1,spatial_knn,0,CFB,0.5408226378247109,0.5968749858265657,0.4943714257300769
matched_hop1,spatial_knn,0,CCL19,0.15973231885293634,0.12735477991163718,0.5757722828400247
matched_hop1,spatial_knn,0,SNCG,0.5544271538193396,0.5518579891470907,0.5011568901270809
matched_hop1,spatial_knn,0,IGHG2,0.05757992153819147,0.0812416970366855,0.5439173816237598
matched_hop2,mean,0,CRISP3,0.0,,0.6465955376625061
matched_hop2,mean,0,CPB1,,,1.3349496126174927
matched_hop2,mean,0,IGHG3,,,0.7609813809394836
matched_hop2,mean,0,CD74,0.0,,0.5852691531181335
matched_hop2,mean,0,IGLC2,,,0.9003964066505432
matched_hop2,mean,0,HLA-B,,,0.538103461265564
matched_hop2,mean,0,IGKC,0.0,,0.8194959163665771
matched_hop2,mean,0,MALAT1,,,0.7035546898841858
matched_hop2,mean,0,ALB,,,0.4262688457965851
matched_hop2,mean,0,IGHG4,,,0.5720939040184021
matched_hop2,mean,0,TFF3,,,0.4911934733390808
matched_hop2,mean,0,CXCL14,,,0.725400984287262
matched_hop2,mean,0,IGHG1,0.0,,0.6992007493972778
matched_hop2,mean,0,SLITRK6,,,0.3672317862510681
matched_hop2,mean,0,APOE,0.0,,0.6482253074645996
matched_hop2,mean,0,MT-ND2,0.0,,0.592713475227356
matched_hop2,mean,0,CALML5,0.0,,0.7277976870536804
matched_hop2,mean,0,HLA-DRA,,,0.6234564781188965
matched_hop2,mean,0,S100G,0.0,,0.5516052842140198
matched_hop2,mean,0,LINC00645,,,0.7462355494499207
matched_hop2,mean,0,C3,,,0.6312406659126282
matched_hop2,mean,0,IGLC3,,,0.6558632254600525
matched_hop2,mean,0,IGLC1,,,0.6981197595596313
matched_hop2,mean,0,TIMP1,,,0.6865372657775879
matched_hop2,mean,0,APOC1,,,0.686023473739624
matched_hop2,mean,0,TFF1,,,0.7216686010360718
matched_hop2,mean,0,SCGB2A2,,,0.7597665190696716
matched_hop2,mean,0,SCGB1D2,0.0,,0.7462566494941711
matched_hop2,mean,0,SERPINA3,,,0.5052382349967957
matched_hop2,mean,0,LINC00052,0.0,,0.46534228324890137
matched_hop2,mean,0,AGR2,,,0.4823615849018097
matched_hop2,mean,0,C6orf141,,,0.32396742701530457
matched_hop2,mean,0,LYZ,,,0.7992752194404602
matched_hop2,mean,0,CTSD,,,0.4932596981525421
matched_hop2,mean,0,HEBP1,0.0,,0.6386297941207886
matched_hop2,mean,0,IGHM,0.0,,0.6967505812644958
matched_hop2,mean,0,HLA-DRB1,,,0.599921464920044
matched_hop2,mean,0,C1QA,,,0.6381217241287231
matched_hop2,mean,0,IGHA1,,,0.6674003601074219
matched_hop2,mean,0,DEGS1,,,0.599920928478241
matched_hop2,mean,0,AC087379.2,,,0.31754833459854126
matched_hop2,mean,0,AEBP1,,,0.6517419815063477
matched_hop2,mean,0,COL1A2,,,0.6918627023696899
matched_hop2,mean,0,GFRA1,,,0.5114052891731262
matched_hop2,mean,0,COL1A1,,,0.7004141211509705
matched_hop2,mean,0,HLA-E,,,0.5248910188674927
matched_hop2,mean,0,CFB,,,0.6195788383483887
matched_hop2,mean,0,CCL19,0.0,,0.562069833278656
matched_hop2,mean,0,SNCG,0.0,,0.7969920635223389
matched_hop2,mean,0,IGHG2,0.0,,0.49852561950683594
matched_hop2,pca_ridge,0,CRISP3,0.03364301677944725,0.03354990769933772,0.5717582106590271
matched_hop2,pca_ridge,0,CPB1,0.016456320475814943,0.007532878760840744,1.248793363571167
matched_hop2,pca_ridge,0,IGHG3,0.5672279933411387,0.5433312060583942,0.715870201587677
matched_hop2,pca_ridge,0,CD74,0.7710059317802482,0.7803860644964499,0.3800366222858429
matched_hop2,pca_ridge,0,IGLC2,0.4714509959869849,0.49341405442492087,0.9440330862998962
matched_hop2,pca_ridge,0,HLA-B,0.5562805159748148,0.5715004868092491,0.399229496717453
matched_hop2,pca_ridge,0,IGKC,0.584848383969149,0.5840358223730223,0.7595527768135071
matched_hop2,pca_ridge,0,MALAT1,0.62540939459171,0.6153271741215809,0.5044004321098328
matched_hop2,pca_ridge,0,ALB,0.03133925169161997,0.03485435030069692,0.5546919107437134
matched_hop2,pca_ridge,0,IGHG4,0.53403566115433,0.4946666511582314,0.5268893241882324
matched_hop2,pca_ridge,0,TFF3,0.2993152552966101,0.27714197904595517,0.42929551005363464
matched_hop2,pca_ridge,0,CXCL14,0.27567862391701475,0.22297281390197948,0.57315993309021
matched_hop2,pca_ridge,0,IGHG1,0.5453427858648539,0.5166778106336332,0.6714775562286377
matched_hop2,pca_ridge,0,SLITRK6,0.0059688126752779624,0.03577219725783281,0.33649295568466187
matched_hop2,pca_ridge,0,APOE,0.8513517971775907,0.8525789176129989,0.34099358320236206
matched_hop2,pca_ridge,0,MT-ND2,0.5506734731462052,0.5597714598621885,0.5019256472587585
matched_hop2,pca_ridge,0,CALML5,0.3538630668872001,0.3701852657748671,0.6724434494972229
matched_hop2,pca_ridge,0,HLA-DRA,0.7202376544149582,0.7095213757396127,0.4057339131832123
matched_hop2,pca_ridge,0,S100G,0.31596090327837284,0.29198817832350743,0.6200551390647888
matched_hop2,pca_ridge,0,LINC00645,0.24630914684599,0.232162997859226,0.662941038608551
matched_hop2,pca_ridge,0,C3,0.7027011880076619,0.6737614163225535,0.451596736907959
matched_hop2,pca_ridge,0,IGLC3,0.3053534558821317,0.3059212249409878,0.7124045491218567
matched_hop2,pca_ridge,0,IGLC1,0.29395683345023205,0.24794296285573303,0.6895852088928223
matched_hop2,pca_ridge,0,TIMP1,0.6849920397742258,0.680205842563349,0.506998598575592
matched_hop2,pca_ridge,0,APOC1,0.713390909504561,0.705901509775536,0.44978708028793335
matched_hop2,pca_ridge,0,TFF1,0.3177631077352495,0.29102744981143586,0.6456127166748047
matched_hop2,pca_ridge,0,SCGB2A2,0.32789960453624545,0.31111839751928666,0.6437176465988159
matched_hop2,pca_ridge,0,SCGB1D2,0.28062840566589986,0.27917129950466996,0.6269115805625916
matched_hop2,pca_ridge,0,SERPINA3,0.00509834887852803,-0.01968770441563886,0.5819047093391418
matched_hop2,pca_ridge,0,LINC00052,0.3640243568440668,0.3447151661579776,0.4368191659450531
matched_hop2,pca_ridge,0,AGR2,0.4085588981121424,0.39476654786091303,0.43193504214286804
matched_hop2,pca_ridge,0,C6orf141,0.028034770755311668,0.06398383009770356,0.32122915983200073
matched_hop2,pca_ridge,0,LYZ,0.7360307088253993,0.748998647495256,0.5076065063476562
matched_hop2,pca_ridge,0,CTSD,0.7386116370584597,0.7281814506470029,0.3485153317451477
matched_hop2,pca_ridge,0,HEBP1,0.4896414600245047,0.48679806003987125,0.5171816349029541
matched_hop2,pca_ridge,0,IGHM,0.3291163125100441,0.3139671191280448,0.6826366186141968
matched_hop2,pca_ridge,0,HLA-DRB1,0.6886120514354376,0.6924728909752624,0.39219292998313904
matched_hop2,pca_ridge,0,C1QA,0.7761595289103241,0.767535252822734,0.39762288331985474
matched_hop2,pca_ridge,0,IGHA1,0.2580140146754773,0.22068431822719242,0.7194201946258545
matched_hop2,pca_ridge,0,DEGS1,0.32328109369761976,0.27597311971411514,0.527876079082489
matched_hop2,pca_ridge,0,AC087379.2,0.1537051102197838,0.18595669943191467,0.4176763594150543
matched_hop2,pca_ridge,0,AEBP1,0.6534799219344843,0.6261079926200896,0.46935880184173584
matched_hop2,pca_ridge,0,COL1A2,0.6889463608186989,0.6742115942614473,0.45400747656822205
matched_hop2,pca_ridge,0,GFRA1,0.2517503397571293,0.2654716426900773,0.4952847361564636
matched_hop2,pca_ridge,0,COL1A1,0.6873701540251457,0.6682729350424477,0.4803474545478821
matched_hop2,pca_ridge,0,HLA-E,0.654850192114132,0.6885153181299997,0.3913861811161041
matched_hop2,pca_ridge,0,CFB,0.13230194301230408,0.12091383848458392,0.5868502855300903
matched_hop2,pca_ridge,0,CCL19,0.47464709878021183,0.42011919021213817,0.4982992112636566
matched_hop2,pca_ridge,0,SNCG,0.298247246986046,0.2599692764640614,0.6168011426925659
matched_hop2,pca_ridge,0,IGHG2,0.2661839974863312,0.20356704511382337,0.5092406272888184
matched_hop2,spatial_knn,0,CRISP3,0.17991867776568177,0.10978755325414319,0.4558726338550157
matched_hop2,spatial_knn,0,CPB1,0.5992730296606692,0.6062082296639894,1.0228132818029452
matched_hop2,spatial_knn,0,IGHG3,0.0298174829102316,-0.028038357581416783,0.7702192576516711
matched_hop2,spatial_knn,0,CD74,0.33684656797398216,0.3489757464493558,0.5325989648823543
matched_hop2,spatial_knn,0,IGLC2,0.08652244790526296,0.14310256712338815,0.978871981758336
matched_hop2,spatial_knn,0,HLA-B,0.42773502645719685,0.42605564068729895,0.43591273548453136
matched_hop2,spatial_knn,0,IGKC,-0.03686373738346741,-0.049285940095789585,0.8838532909846923
matched_hop2,spatial_knn,0,MALAT1,0.2693647451228239,0.21754812503778934,0.7308769581736441
matched_hop2,spatial_knn,0,ALB,0.09810244587159773,0.046920818528686375,0.5811844738173784
matched_hop2,spatial_knn,0,IGHG4,0.04159405378689602,0.011141758921002777,0.5928687493055567
matched_hop2,spatial_knn,0,TFF3,0.20343721263313838,0.15451791385218644,0.42954233553371113
matched_hop2,spatial_knn,0,CXCL14,0.2867525450071166,0.17413046388077516,0.6204179694120214
matched_hop2,spatial_knn,0,IGHG1,0.03295605148261741,0.08748190777361983,0.7653023900098065
matched_hop2,spatial_knn,0,SLITRK6,-0.027119527226178112,-0.013767958879381169,0.28152396358987414
matched_hop2,spatial_knn,0,APOE,0.29157073193683103,0.35683735294852376,0.6589902406404805
matched_hop2,spatial_knn,0,MT-ND2,0.2718168074600109,0.23999645915076906,0.7930149003584649
matched_hop2,spatial_knn,0,CALML5,0.7492926153127814,0.7425689119769989,0.43440970012912233
matched_hop2,spatial_knn,0,HLA-DRA,0.32608682076533674,0.3119845523363671,0.5371592484526595
matched_hop2,spatial_knn,0,S100G,0.14850055617765803,0.10480679322486486,0.7672484151437877
matched_hop2,spatial_knn,0,LINC00645,0.5059986126083389,0.45176638106351874,0.5764261294124049
matched_hop2,spatial_knn,0,C3,0.01763542117331393,-0.013734893956503642,0.7126421460667515
matched_hop2,spatial_knn,0,IGLC3,-0.038455833623304625,-0.00452123533554788,0.7543367100525836
matched_hop2,spatial_knn,0,IGLC1,0.08104661145441323,0.13455203764910176,0.8863095823583608
matched_hop2,spatial_knn,0,TIMP1,-0.0015854373101856407,0.02635956045646107,0.8227621229555002
matched_hop2,spatial_knn,0,APOC1,0.34598595486674405,0.28666073027839684,0.5972740656473393
matched_hop2,spatial_knn,0,TFF1,0.4233810792803094,0.42075990978546945,0.6532761552431839
matched_hop2,spatial_knn,0,SCGB2A2,0.016632301785818666,-0.014557996714633566,0.9601076525280084
matched_hop2,spatial_knn,0,SCGB1D2,-0.10334242081261527,-0.14057316428696356,1.040245981291214
matched_hop2,spatial_knn,0,SERPINA3,0.2868060991455309,0.30741784550327733,0.4766300976684886
matched_hop2,spatial_knn,0,LINC00052,0.5078502768799262,0.5101195825009425,0.42913565784665697
matched_hop2,spatial_knn,0,AGR2,0.26650609351160587,0.21362863994585077,0.4933841115525205
matched_hop2,spatial_knn,0,C6orf141,0.05153966848271551,0.028679608324073874,0.2990224964829128
matched_hop2,spatial_knn,0,LYZ,0.26063812077520987,0.27971168137102426,0.7194153382820317
matched_hop2,spatial_knn,0,CTSD,0.24570961961117707,0.2993288988696783,0.5004538765339798
matched_hop2,spatial_knn,0,HEBP1,0.2510447824425079,0.20219104420839276,0.7322698705165199
matched_hop2,spatial_knn,0,IGHM,0.20368464070372597,0.13645971410111402,0.7125709678424035
matched_hop2,spatial_knn,0,HLA-DRB1,0.19660430923397218,0.16514502834990685,0.5744633282917964
matched_hop2,spatial_knn,0,C1QA,0.263553643622115,0.3044804059170178,0.6709823050440723
matched_hop2,spatial_knn,0,IGHA1,0.020444832356022236,-0.005317967109104173,0.684399957272073
matched_hop2,spatial_knn,0,DEGS1,0.3657903694736972,0.29372956757828045,0.5103274627158277
matched_hop2,spatial_knn,0,AC087379.2,0.06729741348341817,0.06531732316245376,0.4177292212113735
matched_hop2,spatial_knn,0,AEBP1,0.1810543615070718,0.192838941985204,0.5970076272270387
matched_hop2,spatial_knn,0,COL1A2,0.11340109126542629,0.13013538570471492,0.6419317654014901
matched_hop2,spatial_knn,0,GFRA1,0.027687504657295445,0.017940267227443324,0.5274366547522392
matched_hop2,spatial_knn,0,COL1A1,0.019496401374544996,-0.013418196774560177,0.6878816251888862
matched_hop2,spatial_knn,0,HLA-E,0.24298702784343482,0.26437996014077186,0.5198290462366781
matched_hop2,spatial_knn,0,CFB,0.5478667950198453,0.6080274998041816,0.4996532168131432
matched_hop2,spatial_knn,0,CCL19,0.14850043151538075,0.12014821101125879,0.5983130734278739
matched_hop2,spatial_knn,0,SNCG,0.5305839405343786,0.5249853792567419,0.49747701801223354
matched_hop2,spatial_knn,0,IGHG2,-0.0029289825944528096,0.043518240953173054,0.5416143917414105
matched_hop5,mean,0,CRISP3,0.0,,0.6436485648155212
matched_hop5,mean,0,CPB1,0.0,,1.0022695064544678
matched_hop5,mean,0,IGHG3,,,0.7430500388145447
matched_hop5,mean,0,CD74,0.0,,0.6296112537384033
matched_hop5,mean,0,IGLC2,,,0.8982773423194885
matched_hop5,mean,0,HLA-B,,,0.5490849018096924
matched_hop5,mean,0,IGKC,,,0.8286420106887817
matched_hop5,mean,0,MALAT1,0.0,,0.7083367109298706
matched_hop5,mean,0,ALB,,,0.4308582544326782
matched_hop5,mean,0,IGHG4,,,0.5577162504196167
matched_hop5,mean,0,TFF3,0.0,,0.5412453413009644
matched_hop5,mean,0,CXCL14,,,0.7258976101875305
matched_hop5,mean,0,IGHG1,,,0.7075585126876831
matched_hop5,mean,0,SLITRK6,0.0,,0.3633182644844055
matched_hop5,mean,0,APOE,0.0,,0.7337871789932251
matched_hop5,mean,0,MT-ND2,,,0.5772098302841187
matched_hop5,mean,0,CALML5,0.0,,0.8922570943832397
matched_hop5,mean,0,HLA-DRA,,,0.7053387761116028
matched_hop5,mean,0,S100G,0.0,,0.5497434139251709
matched_hop5,mean,0,LINC00645,,,0.507897138595581
matched_hop5,mean,0,C3,,,0.6579912900924683
matched_hop5,mean,0,IGLC3,0.0,,0.6565958857536316
matched_hop5,mean,0,IGLC1,,,0.6494255661964417
matched_hop5,mean,0,TIMP1,,,0.7083489894866943
matched_hop5,mean,0,APOC1,,,0.7864945530891418
matched_hop5,mean,0,TFF1,,,0.868423581123352
matched_hop5,mean,0,SCGB2A2,,,0.6870653033256531
matched_hop5,mean,0,SCGB1D2,,,0.6784193515777588
matched_hop5,mean,0,SERPINA3,0.0,,0.4832286536693573
matched_hop5,mean,0,LINC00052,,,0.4232390522956848
matched_hop5,mean,0,AGR2,,,0.48479777574539185
matched_hop5,mean,0,C6orf141,,,0.30575230717658997
matched_hop5,mean,0,LYZ,,,0.8772161602973938
matched_hop5,mean,0,CTSD,,,0.5381835103034973
matched_hop5,mean,0,HEBP1,0.0,,0.5772854685783386
matched_hop5,mean,0,IGHM,0.0,,0.6097703576087952
matched_hop5,mean,0,HLA-DRB1,,,0.688201367855072
matched_hop5,mean,0,C1QA,,,0.6783022284507751
matched_hop5,mean,0,IGHA1,,,0.6247520446777344
matched_hop5,mean,0,DEGS1,0.0,,0.6283559799194336
matched_hop5,mean,0,AC087379.2,,,0.3028890788555145
matched_hop5,mean,0,AEBP1,,,0.641086757183075
matched_hop5,mean,0,COL1A2,,,0.6730328798294067
matched_hop5,mean,0,GFRA1,,,0.512898862361908
matched_hop5,mean,0,COL1A1,,,0.6864466071128845
matched_hop5,mean,0,HLA-E,,,0.5357345342636108
matched_hop5,mean,0,CFB,,,0.5190151929855347
matched_hop5,mean,0,CCL19,,,0.6537371873855591
matched_hop5,mean,0,SNCG,,,0.8900011777877808
matched_hop5,mean,0,IGHG2,0.0,,0.5264611840248108
matched_hop5,pca_ridge,0,CRISP3,0.059010123901808174,0.08142841581953485,0.5401666760444641
matched_hop5,pca_ridge,0,CPB1,0.007416737235125923,0.04889332708585741,0.9773354530334473
matched_hop5,pca_ridge,0,IGHG3,0.6003602524411994,0.5792326159282362,0.7316431403160095
matched_hop5,pca_ridge,0,CD74,0.7775685182147609,0.7871005707040696,0.38090813159942627
matched_hop5,pca_ridge,0,IGLC2,0.5018481224077056,0.533446232242215,1.0317316055297852
matched_hop5,pca_ridge,0,HLA-B,0.4697633320692813,0.4879604298067446,0.3951168656349182
matched_hop5,pca_ridge,0,IGKC,0.5778156498353972,0.5719904178278291,0.8344141840934753
matched_hop5,pca_ridge,0,MALAT1,0.5893795113001624,0.5876232188101093,0.521649956703186
matched_hop5,pca_ridge,0,ALB,0.022238071486893794,0.023295299958668175,0.5587007999420166
matched_hop5,pca_ridge,0,IGHG4,0.4928792462178908,0.44291184237668224,0.5624855756759644
matched_hop5,pca_ridge,0,TFF3,0.33190213065020713,0.3450474501031144,0.4583890438079834
matched_hop5,pca_ridge,0,CXCL14,0.10222986756127639,0.11488155343953589,0.5505994558334351
matched_hop5,pca_ridge,0,IGHG1,0.5353047274385608,0.506978851219737,0.7165572047233582
matched_hop5,pca_ridge,0,SLITRK6,0.017693246087610966,0.045118478512504376,0.3211668133735657
matched_hop5,pca_ridge,0,APOE,0.871707068984095,0.8915145504116633,0.3583984971046448
matched_hop5,pca_ridge,0,MT-ND2,0.47753243732923445,0.4637031781132843,0.5113224983215332
matched_hop5,pca_ridge,0,CALML5,0.27619461376608484,0.2418204626051494,0.811501681804657
matched_hop5,pca_ridge,0,HLA-DRA,0.6695516517095317,0.662840166317656,0.449083149433136
matched_hop5,pca_ridge,0,S100G,0.30358234019995267,0.2717569138441212,0.6131761074066162
matched_hop5,pca_ridge,0,LINC00645,0.18738285852579759,0.1588050435975991,0.4461551606655121
matched_hop5,pca_ridge,0,C3,0.7465610778265729,0.7354336656914471,0.4378216862678528
matched_hop5,pca_ridge,0,IGLC3,0.2833246702020987,0.2942527860722556,0.7766542434692383
matched_hop5,pca_ridge,0,IGLC1,0.2620572374349674,0.24817417866475833,0.683906078338623
matched_hop5,pca_ridge,0,TIMP1,0.6930836829184992,0.7269974555021926,0.5336986184120178
matched_hop5,pca_ridge,0,APOC1,0.7459229653690874,0.7593337601962511,0.4756042957305908
matched_hop5,pca_ridge,0,TFF1,0.4007258647988503,0.364857577495829,0.7444846034049988
matched_hop5,pca_ridge,0,SCGB2A2,0.26850232214234515,0.22304749415752884,0.6568568348884583
matched_hop5,pca_ridge,0,SCGB1D2,0.27638405948114103,0.25384718880372076,0.642120897769928
matched_hop5,pca_ridge,0,SERPINA3,0.07157783380797791,0.04973807455671774,0.5531641840934753
matched_hop5,pca_ridge,0,LINC00052,0.21562958806306784,0.2057266489489184,0.395550012588501
matched_hop5,pca_ridge,0,AGR2,0.2567964952552112,0.2393464220194534,0.44279518723487854
matched_hop5,pca_ridge,0,C6orf141,0.07170829839485957,0.1025995281862435,0.29894906282424927
matched_hop5,pca_ridge,0,LYZ,0.7237569299690992,0.7407452806464123,0.5143283009529114
matched_hop5,pca_ridge,0,CTSD,0.7911828151874023,0.8000005560869276,0.35568568110466003
matched_hop5,pca_ridge,0,HEBP1,0.4330585031328442,0.42285885397457956,0.5044143199920654
matched_hop5,pca_ridge,0,IGHM,0.25955051237180776,0.253254635538783,0.6828829050064087
matched_hop5,pca_ridge,0,HLA-DRB1,0.6617136295064237,0.6718063001452014,0.4244493842124939
matched_hop5,pca_ridge,0,C1QA,0.8175070439912322,0.8176889916453384,0.373243123292923
matched_hop5,pca_ridge,0,IGHA1,0.27614736667223655,0.24241432775376429,0.7428296804428101
matched_hop5,pca_ridge,0,DEGS1,0.0508663236168826,0.0339318719632115,0.5342175364494324
matched_hop5,pca_ridge,0,AC087379.2,0.1355554828721881,0.14597476064767193,0.41326260566711426
matched_hop5,pca_ridge,0,AEBP1,0.7034285391397382,0.6796007214648164,0.4440203905105591
matched_hop5,pca_ridge,0,COL1A2,0.7074716633013819,0.6698799090559551,0.43904921412467957
matched_hop5,pca_ridge,0,GFRA1,0.2615188971456404,0.26688578548683367,0.4716719686985016
matched_hop5,pca_ridge,0,COL1A1,0.6808723380884949,0.6636469954588253,0.48470503091812134
matched_hop5,pca_ridge,0,HLA-E,0.6483339157077991,0.6722956831824952,0.38202372193336487
matched_hop5,pca_ridge,0,CFB,0.08400624942630858,0.04520611451748566,0.5285446047782898
matched_hop5,pca_ridge,0,CCL19,0.4372627703114774,0.4342999517007289,0.5795619487762451
matched_hop5,pca_ridge,0,SNCG,0.16227253551670867,0.1499785180672392,0.6818335652351379
matched_hop5,pca_ridge,0,IGHG2,0.2512411883917464,0.17588432595334694,0.5409687757492065
matched_hop5,spatial_knn,0,CRISP3,0.04316206379773449,0.048236863690410525,0.3956175928004517
matched_hop5,spatial_knn,0,CPB1,0.4540862484247062,0.4167275003335115,0.8640045328283872
matched_hop5,spatial_knn,0,IGHG3,-0.22281549749071067,-0.3442270630030601,0.7764320558990941
matched_hop5,spatial_knn,0,CD74,0.4340076935945023,0.44572869630980716,0.613793027571028
matched_hop5,spatial_knn,0,IGLC2,-0.07670806991450937,0.053448464534457896,0.9143331486850289
matched_hop5,spatial_knn,0,HLA-B,0.14661917315207934,0.19733259394954772,0.4555748565892431
matched_hop5,spatial_knn,0,IGKC,-0.29114536582518363,-0.3551923425241262,0.8939881439958568
matched_hop5,spatial_knn,0,MALAT1,-0.012775713741171205,-0.00847901486817562,0.6707986643849624
matched_hop5,spatial_knn,0,ALB,0.09901941208401577,0.052585108660139775,0.6700213670462796
matched_hop5,spatial_knn,0,IGHG4,-0.08982723575202692,-0.11806929119243002,0.5954001450807643
matched_hop5,spatial_knn,0,TFF3,0.001471320060826266,-0.009020564094579265,0.4881025207166736
matched_hop5,spatial_knn,0,CXCL14,-0.10729855745068104,-0.12644009032641007,0.5574691308312919
matched_hop5,spatial_knn,0,IGHG1,-0.025827506027090986,0.09200442327430339,0.7493870917602411
matched_hop5,spatial_knn,0,SLITRK6,-0.0030800626937623893,-0.01046141893726341,0.24910546860588226
matched_hop5,spatial_knn,0,APOE,0.4301441322101493,0.4586773392988221,0.7716616492679185
matched_hop5,spatial_knn,0,MT-ND2,0.16182569542552835,0.1290011261654105,0.7981219340411622
matched_hop5,spatial_knn,0,CALML5,0.6717813100014418,0.6017925720469458,0.49183703035540305
matched_hop5,spatial_knn,0,HLA-DRA,0.40933896531120556,0.4064784524259689,0.6200617502180609
matched_hop5,spatial_knn,0,S100G,0.0259560325458103,0.011710940496556936,0.8672749073636858
matched_hop5,spatial_knn,0,LINC00645,0.014050064182559665,-0.002650934837608495,0.6274955240343681
matched_hop5,spatial_knn,0,C3,-0.1234004838952605,-0.09494917150783297,0.8076083219078845
matched_hop5,spatial_knn,0,IGLC3,-0.1632993540481529,-0.1591788336798749,0.715966015680094
matched_hop5,spatial_knn,0,IGLC1,0.10141949953531196,0.1594562391347889,0.7189532237944247
matched_hop5,spatial_knn,0,TIMP1,-0.13738244326355228,-0.02986846882248044,0.9375423483994431
matched_hop5,spatial_knn,0,APOC1,0.5083594436381662,0.446590710488435,0.6618753473834778
matched_hop5,spatial_knn,0,TFF1,0.22930359601460368,0.18260866301228842,0.7623899806148119
matched_hop5,spatial_knn,0,SCGB2A2,-0.2536484593735678,-0.2368739059657089,1.190022242703142
matched_hop5,spatial_knn,0,SCGB1D2,-0.30009277653688693,-0.2634128599167466,1.3228997651961572
matched_hop5,spatial_knn,0,SERPINA3,0.06066059337894263,0.08778878804768957,0.4734041188400854
matched_hop5,spatial_knn,0,LINC00052,0.26667413511544863,0.2967322604195821,0.5467704310918938
matched_hop5,spatial_knn,0,AGR2,-0.020496812303157346,-0.055683279774370605,0.5186495795987871
matched_hop5,spatial_knn,0,C6orf141,0.00274936895856602,0.018967682651104167,0.2853022444591511
matched_hop5,spatial_knn,0,LYZ,0.20564822543500216,0.209748313554595,0.8054901895320405
matched_hop5,spatial_knn,0,CTSD,0.3506318910379733,0.41439780552210204,0.582621052944325
matched_hop5,spatial_knn,0,HEBP1,-0.026466132025504466,-0.06113001156935538,0.9129320872615284
matched_hop5,spatial_knn,0,IGHM,-0.048134703390547574,-0.10498365979274465,0.6518726977707359
matched_hop5,spatial_knn,0,HLA-DRB1,0.18926123094512845,0.16628568257173607,0.6785077803228904
matched_hop5,spatial_knn,0,C1QA,0.3552970042179204,0.3917689147552802,0.7530104459302361
matched_hop5,spatial_knn,0,IGHA1,-0.09373215522383746,-0.17657480030268904,0.5857154628506555
matched_hop5,spatial_knn,0,DEGS1,0.08597205595157491,0.02780751637517593,0.49150774550221266
matched_hop5,spatial_knn,0,AC087379.2,-0.10105270760296141,-0.07654154444994242,0.45289149161536685
matched_hop5,spatial_knn,0,AEBP1,0.26853380974323293,0.2614791929027584,0.5925120433503211
matched_hop5,spatial_knn,0,COL1A2,0.06664713524004592,0.08793489969780648,0.6196488488518249
matched_hop5,spatial_knn,0,GFRA1,-0.2322029783129554,-0.24583689820223936,0.5435446019554889
matched_hop5,spatial_knn,0,COL1A1,-0.13843444286750312,-0.15704750965453806,0.6939840304628826
matched_hop5,spatial_knn,0,HLA-E,0.15979303055902402,0.14516820329044985,0.5683586976366152
matched_hop5,spatial_knn,0,CFB,0.5425231069745323,0.539588832098069,0.4404510794974799
matched_hop5,spatial_knn,0,CCL19,0.0626737064355809,0.07558004320158992,0.7276926637570127
matched_hop5,spatial_knn,0,SNCG,0.3114718180285292,0.22154194828275436,0.5047064060774208
matched_hop5,spatial_knn,0,IGHG2,-0.07976310111239358,-0.030636909538428715,0.5571148537537419
matched_coord0.25,mean,0,CRISP3,0.0,,0.6419338583946228
matched_coord0.25,mean,0,CPB1,0.0,,1.3794668912887573
matched_coord0.25,mean,0,IGHG3,,,0.7419383525848389
matched_coord0.25,mean,0,CD74,0.0,,0.6000152230262756
matched_coord0.25,mean,0,IGLC2,0.0,,0.9095902442932129
matched_coord0.25,mean,0,HLA-B,0.0,,0.5622510313987732
matched_coord0.25,mean,0,IGKC,,,0.8236492872238159
matched_coord0.25,mean,0,MALAT1,0.0,,0.7114264965057373
matched_coord0.25,mean,0,ALB,,,0.4221542179584503
matched_coord0.25,mean,0,IGHG4,,,0.5562004446983337
matched_coord0.25,mean,0,TFF3,0.0,,0.5145289897918701
matched_coord0.25,mean,0,CXCL14,,,0.7136340141296387
matched_coord0.25,mean,0,IGHG1,,,0.702772855758667
matched_coord0.25,mean,0,SLITRK6,,,0.36348065733909607
matched_coord0.25,mean,0,APOE,0.0,,0.6708996891975403
matched_coord0.25,mean,0,MT-ND2,,,0.5812619924545288
matched_coord0.25,mean,0,CALML5,0.0,,0.7540708184242249
matched_coord0.25,mean,0,HLA-DRA,,,0.6519039869308472
matched_coord0.25,mean,0,S100G,0.0,,0.5334126353263855
matched_coord0.25,mean,0,LINC00645,0.0,,0.621656060218811
matched_coord0.25,mean,0,C3,,,0.6263541579246521
matched_coord0.25,mean,0,IGLC3,0.0,,0.6543125510215759
matched_coord0.25,mean,0,IGLC1,0.0,,0.6598218679428101
matched_coord0.25,mean,0,TIMP1,,,0.6896418929100037
matched_coord0.25,mean,0,APOC1,,,0.724380373954773
matched_coord0.25,mean,0,TFF1,,,0.7605660557746887
matched_coord0.25,mean,0,SCGB2A2,0.0,,0.7357502579689026
matched_coord0.25,mean,0,SCGB1D2,,,0.7298629879951477
matched_coord0.25,mean,0,SERPINA3,0.0,,0.4852113723754883
matched_coord0.25,mean,0,LINC00052,0.0,,0.40869757533073425
matched_coord0.25,mean,0,AGR2,0.0,,0.47699877619743347
matched_coord0.25,mean,0,C6orf141,,,0.31416746973991394
matched_coord0.25,mean,0,LYZ,,,0.8316124081611633
matched_coord0.25,mean,0,CTSD,,,0.49152764678001404
matched_coord0.25,mean,0,HEBP1,,,0.598818838596344
matched_coord0.25,mean,0,IGHM,,,0.6998046636581421
matched_coord0.25,mean,0,HLA-DRB1,,,0.6264171600341797
matched_coord0.25,mean,0,C1QA,,,0.6399940252304077
matched_coord0.25,mean,0,IGHA1,,,0.6386813521385193
matched_coord0.25,mean,0,DEGS1,,,0.6078059673309326
matched_coord0.25,mean,0,AC087379.2,,,0.30755165219306946
matched_coord0.25,mean,0,AEBP1,,,0.6427438855171204
matched_coord0.25,mean,0,COL1A2,0.0,,0.6716315746307373
matched_coord0.25,mean,0,GFRA1,,,0.5039839744567871
matched_coord0.25,mean,0,COL1A1,,,0.6917779445648193
matched_coord0.25,mean,0,HLA-E,0.0,,0.5270322561264038
matched_coord0.25,mean,0,CFB,,,0.6230864524841309
matched_coord0.25,mean,0,CCL19,,,0.5869920253753662
matched_coord0.25,mean,0,SNCG,,,0.8059901595115662
matched_coord0.25,mean,0,IGHG2,,,0.5092213153839111
matched_coord0.25,pca_ridge,0,CRISP3,0.03727944636673262,0.041926099555384316,0.5607559084892273
matched_coord0.25,pca_ridge,0,CPB1,-0.02860594824738971,-0.0260867457296418,1.2986326217651367
matched_coord0.25,pca_ridge,0,IGHG3,0.571563540059876,0.5359947872780653,0.7205616235733032
matched_coord0.25,pca_ridge,0,CD74,0.7775488493056215,0.7851172528835483,0.3784730136394501
matched_coord0.25,pca_ridge,0,IGLC2,0.47722810615764477,0.5037293283279666,0.9776284098625183
matched_coord0.25,pca_ridge,0,HLA-B,0.5466484840276898,0.560047379082167,0.40198883414268494
matched_coord0.25,pca_ridge,0,IGKC,0.5817709084038125,0.5797753551604194,0.7872331142425537
matched_coord0.25,pca_ridge,0,MALAT1,0.6074695477562122,0.5931201587959062,0.5110776424407959
matched_coord0.25,pca_ridge,0,ALB,0.045942065442217815,0.04849601043708013,0.5491487979888916
matched_coord0.25,pca_ridge,0,IGHG4,0.52174194196997,0.47383534691629986,0.5324615240097046
matched_coord0.25,pca_ridge,0,TFF3,0.29700146142908146,0.2964137636717185,0.43797656893730164
matched_coord0.25,pca_ridge,0,CXCL14,0.18154922617077762,0.1745803678525223,0.5574536919593811
matched_coord0.25,pca_ridge,0,IGHG1,0.5395398233870837,0.5110839721473975,0.6897385716438293
matched_coord0.25,pca_ridge,0,SLITRK6,0.011282054916677595,0.039458280766201954,0.3263360261917114
matched_coord0.25,pca_ridge,0,APOE,0.8567394189732251,0.8597699889459098,0.3431050479412079
matched_coord0.25,pca_ridge,0,MT-ND2,0.5243806447633796,0.5295014742192716,0.49981337785720825
matched_coord0.25,pca_ridge,0,CALML5,0.36941296574991106,0.38741148390835517,0.6940972805023193
matched_coord0.25,pca_ridge,0,HLA-DRA,0.7084236961324626,0.6993367029896465,0.4172094464302063
matched_coord0.25,pca_ridge,0,S100G,0.2859183302415504,0.26628021057720513,0.6177464723587036
matched_coord0.25,pca_ridge,0,LINC00645,0.22186100693869615,0.2049487929374113,0.5521953105926514
matched_coord0.25,pca_ridge,0,C3,0.7191292855720414,0.6932617198974276,0.437691867351532
matched_coord0.25,pca_ridge,0,IGLC3,0.31437659780445,0.31879707988267575,0.7267833352088928
matched_coord0.25,pca_ridge,0,IGLC1,0.2624730068228571,0.23578972176126228,0.6793345212936401
matched_coord0.25,pca_ridge,0,TIMP1,0.6988979751391586,0.7036028101498507,0.5062277317047119
matched_coord0.25,pca_ridge,0,APOC1,0.7279881381600196,0.7272915287617224,0.4563707411289215
matched_coord0.25,pca_ridge,0,TFF1,0.34743903492279316,0.3138083763914924,0.6648642420768738
matched_coord0.25,pca_ridge,0,SCGB2A2,0.28859673509769956,0.26788852209448794,0.6398994326591492
matched_coord0.25,pca_ridge,0,SCGB1D2,0.23922419968225597,0.22973903145541513,0.6296520829200745
matched_coord0.25,pca_ridge,0,SERPINA3,0.05341911197669903,0.02137254291892886,0.5490935444831848
matched_coord0.25,pca_ridge,0,LINC00052,0.2921909001494615,0.285498828613563,0.38447830080986023
matched_coord0.25,pca_ridge,0,AGR2,0.4010518392845033,0.3729732021623167,0.4217652678489685
matched_coord0.25,pca_ridge,0,C6orf141,0.048408528047507234,0.09037847840774818,0.30710241198539734
matched_coord0.25,pca_ridge,0,LYZ,0.7432588490461398,0.7512322617542245,0.5068066120147705
matched_coord0.25,pca_ridge,0,CTSD,0.7539249636359837,0.7443193689802597,0.3406987488269806
matched_coord0.25,pca_ridge,0,HEBP1,0.44825235425564125,0.4415925363715905,0.4978892207145691
matched_coord0.25,pca_ridge,0,IGHM,0.30596237255481396,0.2906357544993041,0.6981469988822937
matched_coord0.25,pca_ridge,0,HLA-DRB1,0.6857199852146275,0.6946310015605248,0.3953011929988861
matched_coord0.25,pca_ridge,0,C1QA,0.7940398361575738,0.7863178001360358,0.3782317340373993
matched_coord0.25,pca_ridge,0,IGHA1,0.24117986960480126,0.22185173400524227,0.7224306464195251
matched_coord0.25,pca_ridge,0,DEGS1,0.2708777791378576,0.21473125232144608,0.5284075736999512
matched_coord0.25,pca_ridge,0,AC087379.2,0.1662381321162764,0.1828379160854584,0.41290727257728577
matched_coord0.25,pca_ridge,0,AEBP1,0.6729745772213646,0.639188220146254,0.456699013710022
matched_coord0.25,pca_ridge,0,COL1A2,0.7125338586876651,0.6857591628179897,0.4283994734287262
matched_coord0.25,pca_ridge,0,GFRA1,0.3009844665226117,0.306823518954764,0.4748461842536926
matched_coord0.25,pca_ridge,0,COL1A1,0.6987703688312177,0.6793336419997351,0.4706564247608185
matched_coord0.25,pca_ridge,0,HLA-E,0.6575928603626838,0.6778758379697687,0.38302016258239746
matched_coord0.25,pca_ridge,0,CFB,0.1841377125018068,0.1714398003808375,0.5865516662597656
matched_coord0.25,pca_ridge,0,CCL19,0.46437370116898946,0.4295754113917186,0.5211259722709656
matched_coord0.25,pca_ridge,0,SNCG,0.22898001690811215,0.20770512825720822,0.6230628490447998
matched_coord0.25,pca_ridge,0,IGHG2,0.25860903775736244,0.19347095689000024,0.5196666121482849
matched_coord0.25,spatial_knn,0,CRISP3,0.12086609606250615,0.07105476541982447,0.4575318704102241
matched_coord0.25,spatial_knn,0,CPB1,0.60031662391067,0.5993506087610766,1.0803409649268776
matched_coord0.25,spatial_knn,0,IGHG3,-0.07990735395409444,-0.14395419844517898,0.7774290717424127
matched_coord0.25,spatial_knn,0,CD74,0.32069742118004263,0.332749661281448,0.5576179060468927
matched_coord0.25,spatial_knn,0,IGLC2,0.01063507851987959,0.04788758280530271,1.0117696259516842
matched_coord0.25,spatial_knn,0,HLA-B,0.3439444806659572,0.3459772071623942,0.4555318078926156
matched_coord0.25,spatial_knn,0,IGKC,-0.1338724846518271,-0.158511693587415,0.9139193722455558
matched_coord0.25,spatial_knn,0,MALAT1,0.13293391219293738,0.0858308474896998,0.7628364003106645
matched_coord0.25,spatial_knn,0,ALB,0.07693437668800228,0.03989300662925693,0.6019141469544753
matched_coord0.25,spatial_knn,0,IGHG4,-0.0210833291021581,-0.02437664979807273,0.6003550936410282
matched_coord0.25,spatial_knn,0,TFF3,0.1164985453468177,0.10127188709435636,0.44913069084817614
matched_coord0.25,spatial_knn,0,CXCL14,0.13514004415866115,0.07864404009383108,0.6193699501350941
matched_coord0.25,spatial_knn,0,IGHG1,-0.04168957917999225,0.02014312278600411,0.7961208157721021
matched_coord0.25,spatial_knn,0,SLITRK6,-0.0209267412373667,0.00014440919813947612,0.2693378169293939
matched_coord0.25,spatial_knn,0,APOE,0.2864146795808977,0.3532479773855816,0.6941063693743383
matched_coord0.25,spatial_knn,0,MT-ND2,0.24270780429164762,0.2073564560649359,0.829544135218216
matched_coord0.25,spatial_knn,0,CALML5,0.7531904647082593,0.7505119529016185,0.4380154352583803
matched_coord0.25,spatial_knn,0,HLA-DRA,0.31090383191210774,0.2931151189310981,0.563856118132874
matched_coord0.25,spatial_knn,0,S100G,0.09341767346642021,0.06070103155016098,0.7885062668504785
matched_coord0.25,spatial_knn,0,LINC00645,0.4163721475934483,0.34794416087192004,0.5875109992276965
matched_coord0.25,spatial_knn,0,C3,-0.0539741525334282,-0.06714935982286381,0.7275943708182828
matched_coord0.25,spatial_knn,0,IGLC3,-0.08012433108039005,-0.07333823092235332,0.7682869569685106
matched_coord0.25,spatial_knn,0,IGLC1,0.05666427987859197,0.09656998517468864,0.8790223746647062
matched_coord0.25,spatial_knn,0,TIMP1,-0.11240186156665805,-0.08010111173904891,0.87131822265631
matched_coord0.25,spatial_knn,0,APOC1,0.3770173492669766,0.3112899043097222,0.625711033177338
matched_coord0.25,spatial_knn,0,TFF1,0.39913196103531084,0.398240682605285,0.6846685241975138
matched_coord0.25,spatial_knn,0,SCGB2A2,-0.1529283076859315,-0.17335515625065526,1.0266962929638244
matched_coord0.25,spatial_knn,0,SCGB1D2,-0.2559339863061477,-0.29430173668626264,1.1150824545537632
matched_coord0.25,spatial_knn,0,SERPINA3,0.2248275507759328,0.24755295132180827,0.4695757992173665
matched_coord0.25,spatial_knn,0,LINC00052,0.43504351212235803,0.4650243979645057,0.4530958598696162
matched_coord0.25,spatial_knn,0,AGR2,0.21373368388872976,0.12840320433593314,0.49153197217643396
matched_coord0.25,spatial_knn,0,C6orf141,0.028444708223771317,0.024068742874094218,0.28826977431435097
matched_coord0.25,spatial_knn,0,LYZ,0.23439843238063374,0.23677119229364146,0.7545333097607411
matched_coord0.25,spatial_knn,0,CTSD,0.22789254315949525,0.2930093354752233,0.5175029013356903
matched_coord0.25,spatial_knn,0,HEBP1,0.07874525951758007,0.027345606545140854,0.7893750599371092
matched_coord0.25,spatial_knn,0,IGHM,0.16472390966097328,0.07080919605587016,0.7286705481390824
matched_coord0.25,spatial_knn,0,HLA-DRB1,0.11306734583436885,0.08594291742519691,0.6072126584181954
matched_coord0.25,spatial_knn,0,C1QA,0.2513560617192781,0.2963062347844366,0.691307100191259
matched_coord0.25,spatial_knn,0,IGHA1,-0.01288388789911632,-0.06058279203747258,0.66896616991741
matched_coord0.25,spatial_knn,0,DEGS1,0.33007624446539735,0.2381553128147269,0.5093401454203491
matched_coord0.25,spatial_knn,0,AC087379.2,0.02043847336580003,0.023291994456158968,0.42612550793212967
matched_coord0.25,spatial_knn,0,AEBP1,0.1988154767613187,0.21155095956127837,0.5826158037973796
matched_coord0.25,spatial_knn,0,COL1A2,0.08089165262166828,0.09404094856473671,0.6251922758705558
matched_coord0.25,spatial_knn,0,GFRA1,-0.015060847325632693,-0.026834144928974735,0.5233264435209088
matched_coord0.25,spatial_knn,0,COL1A1,-0.027733564432681143,-0.04496589900382744,0.6867451223297361
matched_coord0.25,spatial_knn,0,HLA-E,0.23048347906802463,0.2512788829602448,0.5262014634684493
matched_coord0.25,spatial_knn,0,CFB,0.5687910756395818,0.6301624779626053,0.5022217846098467
matched_coord0.25,spatial_knn,0,CCL19,0.10075123569223932,0.1011460364594471,0.6404609737272333
matched_coord0.25,spatial_knn,0,SNCG,0.523887742734542,0.5102763686415223,0.489710393986441
matched_coord0.25,spatial_knn,0,IGHG2,-0.03056838828447828,0.006432399811499143,0.5563447609173123
matched_coord0.5,mean,0,CRISP3,0.0,,0.6426100134849548
matched_coord0.5,mean,0,CPB1,0.0,,1.0772643089294434
matched_coord0.5,mean,0,IGHG3,,,0.7164320945739746
matched_coord0.5,mean,0,CD74,0.0,,0.6288959383964539
matched_coord0.5,mean,0,IGLC2,0.0,,0.8775886297225952
matched_coord0.5,mean,0,HLA-B,0.0,,0.5742074847221375
matched_coord0.5,mean,0,IGKC,,,0.802651047706604
matched_coord0.5,mean,0,MALAT1,,,0.6975277066230774
matched_coord0.5,mean,0,ALB,,,0.43054625391960144
matched_coord0.5,mean,0,IGHG4,,,0.5254862904548645
matched_coord0.5,mean,0,TFF3,0.0,,0.5365732312202454
matched_coord0.5,mean,0,CXCL14,0.0,,0.722430408000946
matched_coord0.5,mean,0,IGHG1,,,0.6670939922332764
matched_coord0.5,mean,0,SLITRK6,,,0.36131468415260315
matched_coord0.5,mean,0,APOE,0.0,,0.6858524680137634
matched_coord0.5,mean,0,MT-ND2,,,0.5528954267501831
matched_coord0.5,mean,0,CALML5,0.0,,0.8990010023117065
matched_coord0.5,mean,0,HLA-DRA,0.0,,0.6937938332557678
matched_coord0.5,mean,0,S100G,0.0,,0.5371023416519165
matched_coord0.5,mean,0,LINC00645,,,0.4416530430316925
matched_coord0.5,mean,0,C3,,,0.6576340794563293
matched_coord0.5,mean,0,IGLC3,0.0,,0.6439781785011292
matched_coord0.5,mean,0,IGLC1,,,0.624880850315094
matched_coord0.5,mean,0,TIMP1,,,0.7015412449836731
matched_coord0.5,mean,0,APOC1,,,0.7322778701782227
matched_coord0.5,mean,0,TFF1,,,0.8915325999259949
matched_coord0.5,mean,0,SCGB2A2,,,0.683484673500061
matched_coord0.5,mean,0,SCGB1D2,,,0.6966557502746582
matched_coord0.5,mean,0,SERPINA3,0.0,,0.4543403387069702
matched_coord0.5,mean,0,LINC00052,0.0,,0.3439423143863678
matched_coord0.5,mean,0,AGR2,,,0.48242267966270447
matched_coord0.5,mean,0,C6orf141,,,0.29909175634384155
matched_coord0.5,mean,0,LYZ,,,0.8676788806915283
matched_coord0.5,mean,0,CTSD,,,0.5145155787467957
matched_coord0.5,mean,0,HEBP1,0.0,,0.49558117985725403
matched_coord0.5,mean,0,IGHM,,,0.6019927859306335
matched_coord0.5,mean,0,HLA-DRB1,,,0.6973422765731812
matched_coord0.5,mean,0,C1QA,,,0.660473644733429
matched_coord0.5,mean,0,IGHA1,,,0.621635913848877
matched_coord0.5,mean,0,DEGS1,0.0,,0.6367684602737427
matched_coord0.5,mean,0,AC087379.2,,,0.2998806834220886
matched_coord0.5,mean,0,AEBP1,,,0.6284903883934021
matched_coord0.5,mean,0,COL1A2,,,0.6570230722427368
matched_coord0.5,mean,0,GFRA1,0.0,,0.5079512000083923
matched_coord0.5,mean,0,COL1A1,,,0.6781471967697144
matched_coord0.5,mean,0,HLA-E,0.0,,0.5383806824684143
matched_coord0.5,mean,0,CFB,,,0.5291182398796082
matched_coord0.5,mean,0,CCL19,0.0,,0.6768210530281067
matched_coord0.5,mean,0,SNCG,0.0,,0.8641235828399658
matched_coord0.5,mean,0,IGHG2,0.0,,0.5106903314590454
matched_coord0.5,pca_ridge,0,CRISP3,0.09477515021590242,0.09832821020278638,0.5328776240348816
matched_coord0.5,pca_ridge,0,CPB1,0.025846767529743662,0.062019447086002835,1.0365898609161377
matched_coord0.5,pca_ridge,0,IGHG3,0.5812489651588966,0.5593708708888796,0.7306416630744934
matched_coord0.5,pca_ridge,0,CD74,0.7566298395035314,0.7509626888271876,0.3993890881538391
matched_coord0.5,pca_ridge,0,IGLC2,0.4980382830889235,0.5294794502372439,1.0146373510360718
matched_coord0.5,pca_ridge,0,HLA-B,0.47459728715099486,0.49076479150619967,0.40036019682884216
matched_coord0.5,pca_ridge,0,IGKC,0.5434716584062184,0.5415404195626666,0.8406913876533508
matched_coord0.5,pca_ridge,0,MALAT1,0.5901980149448253,0.5942966948479547,0.5098162889480591
matched_coord0.5,pca_ridge,0,ALB,0.052157513677530104,0.043590952545864696,0.5496944189071655
matched_coord0.5,pca_ridge,0,IGHG4,0.4574971867912113,0.42070196452931047,0.5582736134529114
matched_coord0.5,pca_ridge,0,TFF3,0.2990658621775177,0.3211623878830766,0.46331650018692017
matched_coord0.5,pca_ridge,0,CXCL14,0.11289055178620991,0.1333132060879376,0.5464163422584534
matched_coord0.5,pca_ridge,0,IGHG1,0.5103981777517939,0.4829600142126379,0.7083058953285217
matched_coord0.5,pca_ridge,0,SLITRK6,-0.03307344726952512,-0.007869853494860517,0.326975554227829
matched_coord0.5,pca_ridge,0,APOE,0.8754476378642798,0.8853299129383779,0.32216835021972656
matched_coord0.5,pca_ridge,0,MT-ND2,0.4432505941745692,0.4246024934084145,0.4997852146625519
matched_coord0.5,pca_ridge,0,CALML5,0.3564837873024089,0.3304818728898431,0.8160978555679321
matched_coord0.5,pca_ridge,0,HLA-DRA,0.6190696855169895,0.6015525832618704,0.45806047320365906
matched_coord0.5,pca_ridge,0,S100G,0.2736503148842406,0.24172665388763756,0.6056254506111145
matched_coord0.5,pca_ridge,0,LINC00645,0.1178313353786791,0.12229492066292115,0.40385356545448303
matched_coord0.5,pca_ridge,0,C3,0.7527105195915792,0.7359373034222494,0.43439725041389465
matched_coord0.5,pca_ridge,0,IGLC3,0.27036012422604505,0.30458411965291515,0.7680625319480896
matched_coord0.5,pca_ridge,0,IGLC1,0.27694683468185277,0.28110813884680735,0.6615111231803894
matched_coord0.5,pca_ridge,0,TIMP1,0.733339347029832,0.7584902538176336,0.5128849148750305
matched_coord0.5,pca_ridge,0,APOC1,0.7348336082265975,0.7395272998586734,0.43356913328170776
matched_coord0.5,pca_ridge,0,TFF1,0.3730359260839709,0.33019590633913865,0.7720522880554199
matched_coord0.5,pca_ridge,0,SCGB2A2,0.2721006756634795,0.22056133815952633,0.6663853526115417
matched_coord0.5,pca_ridge,0,SCGB1D2,0.26346723391882304,0.22772455024533045,0.6618390679359436
matched_coord0.5,pca_ridge,0,SERPINA3,0.04611887550274005,0.04565972468947728,0.5232480764389038
matched_coord0.5,pca_ridge,0,LINC00052,0.13222189292427397,0.1505967329136101,0.3249782621860504
matched_coord0.5,pca_ridge,0,AGR2,0.25189926443211264,0.22780114174776933,0.4373131990432739
matched_coord0.5,pca_ridge,0,C6orf141,0.09332072097146803,0.09439949781465466,0.2883431315422058
matched_coord0.5,pca_ridge,0,LYZ,0.70709991905818,0.7142997538884196,0.5104170441627502
matched_coord0.5,pca_ridge,0,CTSD,0.7915906480816557,0.7863186869201754,0.3397079408168793
matched_coord0.5,pca_ridge,0,HEBP1,0.38590220674923803,0.38059371985955265,0.4671826660633087
matched_coord0.5,pca_ridge,0,IGHM,0.23835906260521705,0.2592395313582417,0.6738040447235107
matched_coord0.5,pca_ridge,0,HLA-DRB1,0.6294967859682487,0.6328612190270005,0.43607112765312195
matched_coord0.5,pca_ridge,0,C1QA,0.8162563800979289,0.8128773192619236,0.36144933104515076
matched_coord0.5,pca_ridge,0,IGHA1,0.25395399733135565,0.2233144150011109,0.7460801005363464
matched_coord0.5,pca_ridge,0,DEGS1,0.011411853719044462,0.020907459539913475,0.5390457510948181
matched_coord0.5,pca_ridge,0,AC087379.2,0.1924761964052319,0.1832183937535384,0.407667875289917
matched_coord0.5,pca_ridge,0,AEBP1,0.7276095141222004,0.6902239909358103,0.42207100987434387
matched_coord0.5,pca_ridge,0,COL1A2,0.7035557340512906,0.6720854847189157,0.4293719530105591
matched_coord0.5,pca_ridge,0,GFRA1,0.24735552228487628,0.2567960934334436,0.4663173258304596
matched_coord0.5,pca_ridge,0,COL1A1,0.6734814140239436,0.6576853190047557,0.48196420073509216
matched_coord0.5,pca_ridge,0,HLA-E,0.6349345812417632,0.6648127311429669,0.3845876157283783
matched_coord0.5,pca_ridge,0,CFB,0.12022982814883998,0.0890475934879419,0.528453528881073
matched_coord0.5,pca_ridge,0,CCL19,0.4661166489854656,0.4642669964411233,0.5940085053443909
matched_coord0.5,pca_ridge,0,SNCG,0.08085016727202239,0.07676561210895891,0.6705403327941895
matched_coord0.5,pca_ridge,0,IGHG2,0.20650424386341085,0.16105935453461043,0.5387201905250549
matched_coord0.5,spatial_knn,0,CRISP3,0.03584636735280051,0.03464451664090939,0.41512795591260326
matched_coord0.5,spatial_knn,0,CPB1,0.5120601563407903,0.4824879041932436,0.9027836821917532
matched_coord0.5,spatial_knn,0,IGHG3,-0.251506540384,-0.36099219354374434,0.7583031457086418
matched_coord0.5,spatial_knn,0,CD74,0.3977517570387775,0.39995869639526727,0.6210242825186207
matched_coord0.5,spatial_knn,0,IGLC2,-0.12849211673428698,-0.027849200854532463,0.9418552174909769
matched_coord0.5,spatial_knn,0,HLA-B,0.19872707525785263,0.24631944162797798,0.45614866841324164
matched_coord0.5,spatial_knn,0,IGKC,-0.2875124729779796,-0.35561754011422086,0.8871240812259568
matched_coord0.5,spatial_knn,0,MALAT1,-0.08811786325755011,-0.09281529667632168,0.707393147428276
matched_coord0.5,spatial_knn,0,ALB,0.11902074631932409,0.047572306450123836,0.6758472946381933
matched_coord0.5,spatial_knn,0,IGHG4,-0.12060192742352158,-0.15337099611685517,0.5672079320083085
matched_coord0.5,spatial_knn,0,TFF3,-0.05078584760668713,-0.06371268432951731,0.4955412596740022
matched_coord0.5,spatial_knn,0,CXCL14,-0.053467845930970835,-0.08843793311779834,0.5402588388138408
matched_coord0.5,spatial_knn,0,IGHG1,-0.11393454315071559,-0.0002751699619597049,0.7431945242242479
matched_coord0.5,spatial_knn,0,SLITRK6,-0.004853735629446472,-0.010668542710244719,0.2546410148989026
matched_coord0.5,spatial_knn,0,APOE,0.3559855615404518,0.37756991878207097,0.7361655421745703
matched_coord0.5,spatial_knn,0,MT-ND2,0.06221677959328748,0.03456365852488411,0.8058822254166212
matched_coord0.5,spatial_knn,0,CALML5,0.6957900428750863,0.6166378316032296,0.5027003168131681
matched_coord0.5,spatial_knn,0,HLA-DRA,0.3149412136535873,0.31892585890508723,0.6207830309022248
matched_coord0.5,spatial_knn,0,S100G,-0.021838540741473168,-0.047559773703232056,0.8528691370524883
matched_coord0.5,spatial_knn,0,LINC00645,0.06492214395964695,0.04206203590371669,0.6227296296505408
matched_coord0.5,spatial_knn,0,C3,-0.15471144905056053,-0.12973078796632256,0.8235216264016048
matched_coord0.5,spatial_knn,0,IGLC3,-0.17128399601844785,-0.18348676396849095,0.72844171735708
matched_coord0.5,spatial_knn,0,IGLC1,0.06647128780689078,0.14413001233692826,0.7496149780649747
matched_coord0.5,spatial_knn,0,TIMP1,-0.1972218876106608,-0.11330208322996865,0.9610473733376482
matched_coord0.5,spatial_knn,0,APOC1,0.4545765826503035,0.3967551058551671,0.6206485628305404
matched_coord0.5,spatial_knn,0,TFF1,0.2237022353121344,0.14438664972752402,0.785671345301559
matched_coord0.5,spatial_knn,0,SCGB2A2,-0.41070021670841667,-0.3885026699289811,1.2311348437549055
matched_coord0.5,spatial_knn,0,SCGB1D2,-0.48126553274117345,-0.4343089771445746,1.353384695815035
matched_coord0.5,spatial_knn,0,SERPINA3,0.08649591680676569,0.10624212614872147,0.4464371154709543
matched_coord0.5,spatial_knn,0,LINC00052,0.2326889877779929,0.26560519180281356,0.5585464268801801
matched_coord0.5,spatial_knn,0,AGR2,-0.03588461810861757,-0.07904812557168672,0.5121820089709461
matched_coord0.5,spatial_knn,0,C6orf141,-0.012935690778929502,-0.009000962549021925,0.2807201683188707
matched_coord0.5,spatial_knn,0,LYZ,0.1196674186304351,0.1211427811822036,0.8120769239747782
matched_coord0.5,spatial_knn,0,CTSD,0.2918245482310905,0.3503078530321294,0.5616599947128373
matched_coord0.5,spatial_knn,0,HEBP1,-0.22795965756487782,-0.2410379739372463,0.9414253806566776
matched_coord0.5,spatial_knn,0,IGHM,-0.10207557152113411,-0.16546761776223995,0.6558076223582159
matched_coord0.5,spatial_knn,0,HLA-DRB1,0.015378167031131654,0.0013106648460888643,0.6922582836972048
matched_coord0.5,spatial_knn,0,C1QA,0.29161348225670974,0.3212516156282308,0.7532866680318792
matched_coord0.5,spatial_knn,0,IGHA1,-0.09656453311965084,-0.1899084409374186,0.5996903913576082
matched_coord0.5,spatial_knn,0,DEGS1,0.14039300495528642,0.08039419338310601,0.4917932613414633
matched_coord0.5,spatial_knn,0,AC087379.2,-0.15852917914754217,-0.1113782611547855,0.45338167148423225
matched_coord0.5,spatial_knn,0,AEBP1,0.25624260213312616,0.2584683500854167,0.576488621198028
matched_coord0.5,spatial_knn,0,COL1A2,0.07447259030443928,0.07275012793373034,0.6007113034513285
matched_coord0.5,spatial_knn,0,GFRA1,-0.292066926742253,-0.2926102505244653,0.545728817448046
matched_coord0.5,spatial_knn,0,COL1A1,-0.056619611503868766,-0.07080819635428849,0.6746964187646654
matched_coord0.5,spatial_knn,0,HLA-E,0.17922255346008759,0.23036108280849715,0.567377662831537
matched_coord0.5,spatial_knn,0,CFB,0.5542668490720108,0.5593631336368251,0.44515197010591534
matched_coord0.5,spatial_knn,0,CCL19,0.11189054766995317,0.12550383916675423,0.7545205205592802
matched_coord0.5,spatial_knn,0,SNCG,0.3951692735088521,0.2909158647064173,0.484149538855436
matched_coord0.5,spatial_knn,0,IGHG2,-0.1034063256480036,-0.08345295536479308,0.5527676214783279
matched_coord1.0,mean,0,CRISP3,,,0.6964411735534668
matched_coord1.0,mean,0,CPB1,,,0.6227497458457947
matched_coord1.0,mean,0,IGHG3,,,0.7278399467468262
matched_coord1.0,mean,0,CD74,,,0.7219985127449036
matched_coord1.0,mean,0,IGLC2,,,0.8106127381324768
matched_coord1.0,mean,0,HLA-B,,,0.5328903794288635
matched_coord1.0,mean,0,IGKC,,,0.8407605290412903
matched_coord1.0,mean,0,MALAT1,,,0.5770252346992493
matched_coord1.0,mean,0,ALB,,,0.3826543986797333
matched_coord1.0,mean,0,IGHG4,,,0.5971547961235046
matched_coord1.0,mean,0,TFF3,,,0.4930000901222229
matched_coord1.0,mean,0,CXCL14,,,0.7071595191955566
matched_coord1.0,mean,0,IGHG1,,,0.6668334007263184
matched_coord1.0,mean,0,SLITRK6,,,0.36638376116752625
matched_coord1.0,mean,0,APOE,,,0.6301923990249634
matched_coord1.0,mean,0,MT-ND2,,,0.4980145990848541
matched_coord1.0,mean,0,CALML5,,,0.9510735869407654
matched_coord1.0,mean,0,HLA-DRA,,,0.7397210597991943
matched_coord1.0,mean,0,S100G,,,0.4960751235485077
matched_coord1.0,mean,0,LINC00645,,,0.4526735246181488
matched_coord1.0,mean,0,C3,0.0,,0.8116185665130615
matched_coord1.0,mean,0,IGLC3,0.0,,0.5535722970962524
matched_coord1.0,mean,0,IGLC1,0.0,,0.5766075253486633
matched_coord1.0,mean,0,TIMP1,,,0.8759275674819946
matched_coord1.0,mean,0,APOC1,,,0.6190908551216125
matched_coord1.0,mean,0,TFF1,,,0.822538435459137
matched_coord1.0,mean,0,SCGB2A2,,,0.5492616891860962
matched_coord1.0,mean,0,SCGB1D2,0.0,,0.47428077459335327
matched_coord1.0,mean,0,SERPINA3,,,0.41802194714546204
matched_coord1.0,mean,0,LINC00052,,,0.27961429953575134
matched_coord1.0,mean,0,AGR2,,,0.5119642615318298
matched_coord1.0,mean,0,C6orf141,,,0.29499587416648865
matched_coord1.0,mean,0,LYZ,,,0.8259690403938293
matched_coord1.0,mean,0,CTSD,,,0.4162217080593109
matched_coord1.0,mean,0,HEBP1,,,0.4684220254421234
matched_coord1.0,mean,0,IGHM,,,0.5774919390678406
matched_coord1.0,mean,0,HLA-DRB1,,,0.8350083231925964
matched_coord1.0,mean,0,C1QA,,,0.6664731502532959
matched_coord1.0,mean,0,IGHA1,0.0,,0.6166389584541321
matched_coord1.0,mean,0,DEGS1,0.0,,0.692773163318634
matched_coord1.0,mean,0,AC087379.2,,,0.2810411751270294
matched_coord1.0,mean,0,AEBP1,,,0.5743095278739929
matched_coord1.0,mean,0,COL1A2,,,0.5933029055595398
matched_coord1.0,mean,0,GFRA1,0.0,,0.5185508728027344
matched_coord1.0,mean,0,COL1A1,,,0.6164869666099548
matched_coord1.0,mean,0,HLA-E,,,0.6467882394790649
matched_coord1.0,mean,0,CFB,,,0.4340461790561676
matched_coord1.0,mean,0,CCL19,0.0,,0.9669257402420044
matched_coord1.0,mean,0,SNCG,,,1.0442100763320923
matched_coord1.0,mean,0,IGHG2,0.0,,0.5154485106468201
matched_coord1.0,pca_ridge,0,CRISP3,0.04067134525756436,0.017461856895130714,0.5377918481826782
matched_coord1.0,pca_ridge,0,CPB1,0.38937810788782856,0.26402451781443137,0.6218277215957642
matched_coord1.0,pca_ridge,0,IGHG3,0.4446841661959496,0.4868222401908952,0.8896364569664001
matched_coord1.0,pca_ridge,0,CD74,0.6820899569351208,0.6667590231324674,0.4147314131259918
matched_coord1.0,pca_ridge,0,IGLC2,0.5560642894023772,0.6171014017449716,1.1015541553497314
matched_coord1.0,pca_ridge,0,HLA-B,0.34961732536372175,0.37891219161893347,0.3748638331890106
matched_coord1.0,pca_ridge,0,IGKC,0.45290058980444664,0.5560443537214944,1.000923752784729
matched_coord1.0,pca_ridge,0,MALAT1,0.5626404896870949,0.5507646288836575,0.4783289134502411
matched_coord1.0,pca_ridge,0,ALB,0.036759887324993926,0.04011774257506779,0.46062585711479187
matched_coord1.0,pca_ridge,0,IGHG4,0.4288788400716105,0.5181932813498369,0.6976895928382874
matched_coord1.0,pca_ridge,0,TFF3,0.14747286525672496,0.08253840803840523,0.5078959465026855
matched_coord1.0,pca_ridge,0,CXCL14,0.18591053950076403,0.24727665457646306,0.5617533326148987
matched_coord1.0,pca_ridge,0,IGHG1,0.4588619397270789,0.5662563400828946,0.8570590019226074
matched_coord1.0,pca_ridge,0,SLITRK6,-0.05361795170776083,0.0049896324708961146,0.317042738199234
matched_coord1.0,pca_ridge,0,APOE,0.8484056660781498,0.8530627477367955,0.2811468243598938
matched_coord1.0,pca_ridge,0,MT-ND2,0.4486081079402093,0.4431470559962907,0.4871460795402527
matched_coord1.0,pca_ridge,0,CALML5,0.4270198816447186,0.22732695885236726,0.8695660829544067
matched_coord1.0,pca_ridge,0,HLA-DRA,0.45713709454595164,0.4709444673764921,0.4717821776866913
matched_coord1.0,pca_ridge,0,S100G,0.25349602472796573,0.22127917037982947,0.5881491303443909
matched_coord1.0,pca_ridge,0,LINC00645,0.025143531630810463,0.030631935254910415,0.4010884761810303
matched_coord1.0,pca_ridge,0,C3,0.7707067486702773,0.7987458368909421,0.4779523015022278
matched_coord1.0,pca_ridge,0,IGLC3,0.3359814755733847,0.31223965844103135,0.7880874276161194
matched_coord1.0,pca_ridge,0,IGLC1,0.28920090526683984,0.3329694849300447,0.6773574948310852
matched_coord1.0,pca_ridge,0,TIMP1,0.7512586734199144,0.7327467755342068,0.5798638463020325
matched_coord1.0,pca_ridge,0,APOC1,0.6605697250882406,0.653063878632295,0.3672415614128113
matched_coord1.0,pca_ridge,0,TFF1,0.4051787565519344,0.35506160553234073,0.780301570892334
matched_coord1.0,pca_ridge,0,SCGB2A2,0.021555841174182643,-0.07303170656493108,0.7006396055221558
matched_coord1.0,pca_ridge,0,SCGB1D2,0.07125337361621649,0.045293882019942465,0.559035062789917
matched_coord1.0,pca_ridge,0,SERPINA3,0.11472465367501736,0.08532041096742456,0.46082624793052673
matched_coord1.0,pca_ridge,0,LINC00052,0.1506511589118364,0.20991143568215173,0.2702783942222595
matched_coord1.0,pca_ridge,0,AGR2,0.19671151281603969,0.2458962629558216,0.463515967130661
matched_coord1.0,pca_ridge,0,C6orf141,-0.07916303110080217,-0.03197647581304714,0.2898041009902954
matched_coord1.0,pca_ridge,0,LYZ,0.6119323509211274,0.5621285715093497,0.4637698233127594
matched_coord1.0,pca_ridge,0,CTSD,0.786927483665276,0.7893367863342589,0.2607008218765259
matched_coord1.0,pca_ridge,0,HEBP1,0.14430183789047415,0.12360821322515124,0.5521664619445801
matched_coord1.0,pca_ridge,0,IGHM,0.12493924255998803,0.13921329610381794,0.7970793843269348
matched_coord1.0,pca_ridge,0,HLA-DRB1,0.5309361311251006,0.5593804954453184,0.5011500120162964
matched_coord1.0,pca_ridge,0,C1QA,0.7724586850601699,0.790286738553924,0.33877286314964294
matched_coord1.0,pca_ridge,0,IGHA1,0.12360144674125766,0.12416238335626724,0.8873542547225952
matched_coord1.0,pca_ridge,0,DEGS1,0.008101439647306101,0.00758110393436665,0.5563123822212219
matched_coord1.0,pca_ridge,0,AC087379.2,0.10812790019928326,0.15861189273321152,0.3857923746109009
matched_coord1.0,pca_ridge,0,AEBP1,0.6137474608508242,0.5988329026840539,0.5322667360305786
matched_coord1.0,pca_ridge,0,COL1A2,0.6500266831814077,0.6524305771525183,0.4672025442123413
matched_coord1.0,pca_ridge,0,GFRA1,0.19280163585927618,0.19418129715489915,0.43956831097602844
matched_coord1.0,pca_ridge,0,COL1A1,0.6397928016469578,0.6117861928968453,0.4938114583492279
matched_coord1.0,pca_ridge,0,HLA-E,0.5999502341280841,0.569931750456599,0.42267394065856934
matched_coord1.0,pca_ridge,0,CFB,0.22438749055150872,0.1512516185941838,0.4347096383571625
matched_coord1.0,pca_ridge,0,CCL19,0.48809459791753296,0.5149839169207119,0.8115082383155823
matched_coord1.0,pca_ridge,0,SNCG,0.1680494135219942,0.19290249984450186,0.8250003457069397
matched_coord1.0,pca_ridge,0,IGHG2,0.30481095273804676,0.2824987854193208,0.5555789470672607
matched_coord1.0,spatial_knn,0,CRISP3,-0.010675978529780718,0.021628114798401793,0.380059638144038
matched_coord1.0,spatial_knn,0,CPB1,0.5029978177769585,0.4312047995205003,0.5425424462959791
matched_coord1.0,spatial_knn,0,IGHG3,-0.25832868890308897,-0.23269871247547372,0.7693108463180143
matched_coord1.0,spatial_knn,0,CD74,0.03360304628008672,-0.08372584831298664,0.8191798586775196
matched_coord1.0,spatial_knn,0,IGLC2,0.16231761831095923,0.24124828245245997,0.7601541707727308
matched_coord1.0,spatial_knn,0,HLA-B,-0.07208026030792831,-0.06551843076940475,0.43974451132394293
matched_coord1.0,spatial_knn,0,IGKC,-0.37027208252447114,-0.31670163018586267,0.8765492243589382
matched_coord1.0,spatial_knn,0,MALAT1,0.26780082500138597,0.26867249831779294,0.6310763469173887
matched_coord1.0,spatial_knn,0,ALB,0.15988133523537817,0.20562501057804072,0.7226041032949405
matched_coord1.0,spatial_knn,0,IGHG4,0.12397080498211249,0.10567652996024904,0.5834187193349049
matched_coord1.0,spatial_knn,0,TFF3,-0.08083386527355982,-0.09480862420907994,0.558164513409541
matched_coord1.0,spatial_knn,0,CXCL14,0.01480346800548415,0.04913754838145626,0.510614119039113
matched_coord1.0,spatial_knn,0,IGHG1,0.3190475764356073,0.3744790812604961,0.6250694419047268
matched_coord1.0,spatial_knn,0,SLITRK6,-0.01729488652431147,-0.004027775609036622,0.2529695104346771
matched_coord1.0,spatial_knn,0,APOE,0.46431020904685805,0.29688834103284684,0.78200233736482
matched_coord1.0,spatial_knn,0,MT-ND2,-0.08733694441981045,-0.04929008035012525,0.7297483422611979
matched_coord1.0,spatial_knn,0,CALML5,0.5921020765788506,0.37684265285466295,0.5121166666521024
matched_coord1.0,spatial_knn,0,HLA-DRA,-0.17968483394913917,-0.14263419488722143,0.7640089212399623
matched_coord1.0,spatial_knn,0,S100G,-0.05963551623527323,-0.07009935029767067,1.0054007386361095
matched_coord1.0,spatial_knn,0,LINC00645,-0.06076854834929607,-0.061155043514711765,0.5338229668462304
matched_coord1.0,spatial_knn,0,C3,0.1395792095771543,0.19614816992835776,1.0241585506547288
matched_coord1.0,spatial_knn,0,IGLC3,-0.11501827179529732,-0.07360832557787861,0.5514656062311398
matched_coord1.0,spatial_knn,0,IGLC1,0.23521120725204003,0.27982173642672176,0.526282699314899
matched_coord1.0,spatial_knn,0,TIMP1,-0.11198497741079154,-0.09371165557446665,1.2573340665133157
matched_coord1.0,spatial_knn,0,APOC1,0.2625996159182699,0.18558560596208107,0.5582895331353868
matched_coord1.0,spatial_knn,0,TFF1,-0.2475458122666874,-0.34663643406031064,0.6851475484766923
matched_coord1.0,spatial_knn,0,SCGB2A2,-0.2948050238718136,-0.4204059020185676,1.4449233507197632
matched_coord1.0,spatial_knn,0,SCGB1D2,-0.22935673668641146,-0.30058872808614834,1.4479728750380378
matched_coord1.0,spatial_knn,0,SERPINA3,-0.1343607426289562,-0.14048549343797886,0.4278715942526954
matched_coord1.0,spatial_knn,0,LINC00052,0.08110152409432037,0.1774940874681807,0.7030438939659628
matched_coord1.0,spatial_knn,0,AGR2,-0.31466309106676715,-0.1853820447721528,0.5313729823185992
matched_coord1.0,spatial_knn,0,C6orf141,0.031466721560878014,0.033454302540397676,0.2562628391302458
matched_coord1.0,spatial_knn,0,LYZ,-0.16165538720177594,-0.1518057573889885,0.8312915366854202
matched_coord1.0,spatial_knn,0,CTSD,0.3999131113205752,0.2826729846028577,0.6120039056395338
matched_coord1.0,spatial_knn,0,HEBP1,0.17970634254021978,0.04740416539944384,1.138548966421562
matched_coord1.0,spatial_knn,0,IGHM,-0.4013099394653316,-0.2652590679636516,0.5939251103121089
matched_coord1.0,spatial_knn,0,HLA-DRB1,-0.3298939677499485,-0.29620980373308603,0.8758294686905107
matched_coord1.0,spatial_knn,0,C1QA,0.3619164067861088,0.3014797767612284,0.8850198257811904
matched_coord1.0,spatial_knn,0,IGHA1,-0.12516886798708485,-0.14792384142718015,0.48535145689547615
matched_coord1.0,spatial_knn,0,DEGS1,-0.18335885494548998,-0.14002112128515432,0.49994761452287695
matched_coord1.0,spatial_knn,0,AC087379.2,0.12711553170094844,0.08708975233663453,0.4759960803320543
matched_coord1.0,spatial_knn,0,AEBP1,0.38871425123934883,0.32360375237439665,0.5205423104910402
matched_coord1.0,spatial_knn,0,COL1A2,0.1492813461799282,0.16401942878468315,0.5493054937045143
matched_coord1.0,spatial_knn,0,GFRA1,-0.3614096056052389,-0.3604454626068716,0.4994878798735123
matched_coord1.0,spatial_knn,0,COL1A1,-0.04309459781447016,-0.04680211025100226,0.6150433634720681
matched_coord1.0,spatial_knn,0,HLA-E,0.2932627944303434,0.3071681811242232,0.72875512342707
matched_coord1.0,spatial_knn,0,CFB,0.13549064747335765,0.0713764694573398,0.43578982805664707
matched_coord1.0,spatial_knn,0,CCL19,0.3927712429881734,0.3849442711264108,1.0604749824790722
matched_coord1.0,spatial_knn,0,SNCG,0.057083200512021266,0.03614907464475745,0.5238702923399123
matched_coord1.0,spatial_knn,0,IGHG2,-0.09025921331751713,-0.1941541716748733,0.5326586097110481
slide_Section_1,mean,0,CRISP3,,,0.8972335457801819
slide_Section_1,mean,0,CPB1,,,0.9525448679924011
slide_Section_1,mean,0,IGHG3,,,1.0144939422607422
slide_Section_1,mean,0,CD74,,,0.5824163556098938
slide_Section_1,mean,0,IGLC2,,,1.1646065711975098
slide_Section_1,mean,0,HLA-B,,,0.46880385279655457
slide_Section_1,mean,0,IGKC,,,1.0005275011062622
slide_Section_1,mean,0,MALAT1,0.0,,0.8520923256874084
slide_Section_1,mean,0,ALB,,,0.7432379722595215
slide_Section_1,mean,0,IGHG4,,,0.7686067819595337
slide_Section_1,mean,0,TFF3,0.0,,0.620241641998291
slide_Section_1,mean,0,CXCL14,0.0,,0.818079948425293
slide_Section_1,mean,0,IGHG1,,,0.9084091186523438
slide_Section_1,mean,0,SLITRK6,0.0,,0.5240659713745117
slide_Section_1,mean,0,APOE,,,0.6456940770149231
slide_Section_1,mean,0,MT-ND2,0.0,,0.4990173280239105
slide_Section_1,mean,0,CALML5,,,0.564819872379303
slide_Section_1,mean,0,HLA-DRA,0.0,,0.6220766305923462
slide_Section_1,mean,0,S100G,,,0.8010148406028748
slide_Section_1,mean,0,LINC00645,0.0,,0.49228987097740173
slide_Section_1,mean,0,C3,0.0,,0.8473123908042908
slide_Section_1,mean,0,IGLC3,0.0,,0.8497896790504456
slide_Section_1,mean,0,IGLC1,,,0.9826979637145996
slide_Section_1,mean,0,TIMP1,,,0.7908975481987
slide_Section_1,mean,0,APOC1,,,0.6913652420043945
slide_Section_1,mean,0,TFF1,0.0,,0.7090024948120117
slide_Section_1,mean,0,SCGB2A2,,,0.7681894898414612
slide_Section_1,mean,0,SCGB1D2,,,0.7435272932052612
slide_Section_1,mean,0,SERPINA3,,,0.6663853526115417
slide_Section_1,mean,0,LINC00052,,,0.2775791883468628
slide_Section_1,mean,0,AGR2,,,0.6542574763298035
slide_Section_1,mean,0,C6orf141,0.0,,0.43725907802581787
slide_Section_1,mean,0,LYZ,,,0.7402566075325012
slide_Section_1,mean,0,CTSD,0.0,,0.49370431900024414
slide_Section_1,mean,0,HEBP1,,,0.661611020565033
slide_Section_1,mean,0,IGHM,,,0.8445465564727783
slide_Section_1,mean,0,HLA-DRB1,,,0.592805802822113
slide_Section_1,mean,0,C1QA,0.0,,0.7069781422615051
slide_Section_1,mean,0,IGHA1,0.0,,0.8350183963775635
slide_Section_1,mean,0,DEGS1,,,0.6518477201461792
slide_Section_1,mean,0,AC087379.2,,,0.4317522943019867
slide_Section_1,mean,0,AEBP1,0.0,,0.7477943301200867
slide_Section_1,mean,0,COL1A2,,,0.7553589940071106
slide_Section_1,mean,0,GFRA1,,,0.6390427947044373
slide_Section_1,mean,0,COL1A1,,,0.7586620450019836
slide_Section_1,mean,0,HLA-E,,,0.5493248105049133
slide_Section_1,mean,0,CFB,,,0.5852304100990295
slide_Section_1,mean,0,CCL19,,,0.603583812713623
slide_Section_1,mean,0,SNCG,,,0.60163813829422
slide_Section_1,mean,0,IGHG2,,,0.6270784735679626
slide_Section_1,pca_ridge,0,CRISP3,0.661713333040428,0.39199980791395234,0.6844930648803711
slide_Section_1,pca_ridge,0,CPB1,0.5127219191233865,0.5373957723775851,0.8131471276283264
slide_Section_1,pca_ridge,0,IGHG3,0.6290771778614965,0.6784919949884437,0.8105577230453491
slide_Section_1,pca_ridge,0,CD74,0.7894746212742582,0.7980249798118332,0.3601415455341339
slide_Section_1,pca_ridge,0,IGLC2,0.6414009300888717,0.6870597096275277,0.9924471974372864
slide_Section_1,pca_ridge,0,HLA-B,0.6862707350944072,0.700018713921401,0.3411179184913635
slide_Section_1,pca_ridge,0,IGKC,0.6583230213802823,0.7238539494554047,0.7674201726913452
slide_Section_1,pca_ridge,0,MALAT1,0.7332446303413225,0.7537302596983972,0.598741352558136
slide_Section_1,pca_ridge,0,ALB,0.29310090866644284,0.16979697927934528,0.7145877480506897
slide_Section_1,pca_ridge,0,IGHG4,0.6302002188018544,0.68971850435666,0.5942395329475403
slide_Section_1,pca_ridge,0,TFF3,0.6081089680299842,0.6210114985955442,0.4895259439945221
slide_Section_1,pca_ridge,0,CXCL14,0.6514510970459543,0.5022908893172555,0.622732400894165
slide_Section_1,pca_ridge,0,IGHG1,0.635736745968672,0.6752566363270226,0.73838871717453
slide_Section_1,pca_ridge,0,SLITRK6,0.6222160583231301,0.38246534949433125,0.418018639087677
slide_Section_1,pca_ridge,0,APOE,0.7587185125300344,0.7732603503764308,0.4233819246292114
slide_Section_1,pca_ridge,0,MT-ND2,0.4752076915588437,0.49281928196794483,0.4504544734954834
slide_Section_1,pca_ridge,0,CALML5,0.5596073011370746,0.5734329934493584,0.47245222330093384
slide_Section_1,pca_ridge,0,HLA-DRA,0.7383705859492957,0.7604935377216582,0.4187651574611664
slide_Section_1,pca_ridge,0,S100G,0.5791382751508305,0.5714974089998514,0.6544520854949951
slide_Section_1,pca_ridge,0,LINC00645,0.3442768303818743,0.2824500442328641,0.45790499448776245
slide_Section_1,pca_ridge,0,C3,0.7452789179600753,0.7461235391064841,0.5602916479110718
slide_Section_1,pca_ridge,0,IGLC3,0.49159460257695325,0.43516283446403137,0.7817253470420837
slide_Section_1,pca_ridge,0,IGLC1,0.457327936568734,0.4804572840955803,0.8532058596611023
slide_Section_1,pca_ridge,0,TIMP1,0.706618526258597,0.7100894600254716,0.5535531044006348
slide_Section_1,pca_ridge,0,APOC1,0.6032278656841428,0.6239831638653484,0.5606145858764648
slide_Section_1,pca_ridge,0,TFF1,0.4965614720325622,0.5267167036453115,0.610724151134491
slide_Section_1,pca_ridge,0,SCGB2A2,0.4998109004923362,0.5120628535585191,0.6648543477058411
slide_Section_1,pca_ridge,0,SCGB1D2,0.4974605818103871,0.4977452281923642,0.639485776424408
slide_Section_1,pca_ridge,0,SERPINA3,0.375331288156785,0.4551409358169752,0.6202778220176697
slide_Section_1,pca_ridge,0,LINC00052,0.3680975281313778,0.2637771482268727,0.25824540853500366
slide_Section_1,pca_ridge,0,AGR2,0.618010616533586,0.5814070553142584,0.5069448947906494
slide_Section_1,pca_ridge,0,C6orf141,0.5531302057265226,0.37231265811808384,0.3666467070579529
slide_Section_1,pca_ridge,0,LYZ,0.6632669761101007,0.6800803965468913,0.5539219379425049
slide_Section_1,pca_ridge,0,CTSD,0.6236122224177024,0.6636264991310306,0.3785032629966736
slide_Section_1,pca_ridge,0,HEBP1,0.5832811652575631,0.582436762785174,0.5397917032241821
slide_Section_1,pca_ridge,0,IGHM,0.49804262829699025,0.47541166390096373,0.7483447790145874
slide_Section_1,pca_ridge,0,HLA-DRB1,0.6336204414607914,0.6829883310320702,0.4589977562427521
slide_Section_1,pca_ridge,0,C1QA,0.7194699586208195,0.740278499664663,0.48714229464530945
slide_Section_1,pca_ridge,0,IGHA1,0.46048979888394787,0.49445451012321473,0.7393117547035217
slide_Section_1,pca_ridge,0,DEGS1,0.5399557566034531,0.4378699931166538,0.5496169924736023
slide_Section_1,pca_ridge,0,AC087379.2,0.42950872176114396,0.32758772343834797,0.39623934030532837
slide_Section_1,pca_ridge,0,AEBP1,0.6805399366461468,0.7043745340613058,0.5224881768226624
slide_Section_1,pca_ridge,0,COL1A2,0.6909036114072008,0.7196458109299351,0.5194382667541504
slide_Section_1,pca_ridge,0,GFRA1,0.5488451236404122,0.4147328208998443,0.5443069934844971
slide_Section_1,pca_ridge,0,COL1A1,0.6770409573174413,0.6963232338493532,0.5414206385612488
slide_Section_1,pca_ridge,0,HLA-E,0.6352649370430994,0.6980493458933078,0.42228734493255615
slide_Section_1,pca_ridge,0,CFB,0.39465213178407604,0.4080327629054984,0.5374855399131775
slide_Section_1,pca_ridge,0,CCL19,0.5368855994338445,0.403958851766003,0.5100032687187195
slide_Section_1,pca_ridge,0,SNCG,0.4903637805373306,0.4917981028258796,0.5164381265640259
slide_Section_1,pca_ridge,0,IGHG2,0.35620209800633934,0.2358902880524939,0.6148619651794434
slide_Section_1,spatial_knn,0,CRISP3,0.817301355278552,0.4618458666866036,0.525534666102697
slide_Section_1,spatial_knn,0,CPB1,0.7152990050654692,0.6697681378378273,0.700597400895802
slide_Section_1,spatial_knn,0,IGHG3,0.6185422167538945,0.6035634656942443,0.8172837191308336
slide_Section_1,spatial_knn,0,CD74,0.698268688192009,0.6938879170948222,0.4279089163431628
slide_Section_1,spatial_knn,0,IGLC2,0.5870841050003494,0.6055358423574054,0.9784316196156471
slide_Section_1,spatial_knn,0,HLA-B,0.7391929902569093,0.7519433996481584,0.3186356195003737
slide_Section_1,spatial_knn,0,IGKC,0.6155221578042976,0.6272815790843248,0.8181601545383557
slide_Section_1,spatial_knn,0,MALAT1,0.3639008849374434,0.4219124467714984,0.8340987424036354
slide_Section_1,spatial_knn,0,ALB,0.6819851707432429,0.20962978803594257,0.5565086150092379
slide_Section_1,spatial_knn,0,IGHG4,0.5382395012533479,0.5235208692239048,0.6762271294610986
slide_Section_1,spatial_knn,0,TFF3,0.6644117791601223,0.6828838886097153,0.4775392473796681
slide_Section_1,spatial_knn,0,CXCL14,0.73283426628387,0.5831663495433727,0.5744760239043396
slide_Section_1,spatial_knn,0,IGHG1,0.5467004805052537,0.5575218621321358,0.7984117107276861
slide_Section_1,spatial_knn,0,SLITRK6,0.7455071221567757,0.3699891806567639,0.351847090203483
slide_Section_1,spatial_knn,0,APOE,0.4526896222953509,0.45954207090828675,0.6260443950577503
slide_Section_1,spatial_knn,0,MT-ND2,0.26914767793133765,0.27186276838317636,0.6073871680125831
slide_Section_1,spatial_knn,0,CALML5,0.62145943884306,0.6354955345654224,0.44992215094452676
slide_Section_1,spatial_knn,0,HLA-DRA,0.6421041910728363,0.6696960105484184,0.48612244794637677
slide_Section_1,spatial_knn,0,S100G,0.6725442148167351,0.6356147760567373,0.599525923247799
slide_Section_1,spatial_knn,0,LINC00645,0.6228751959031843,0.3723888079475831,0.42189658483376946
slide_Section_1,spatial_knn,0,C3,0.5925595355273933,0.5725729779120103,0.7006108575740665
slide_Section_1,spatial_knn,0,IGLC3,0.4280447700465609,0.3537490415357824,0.82368456438964
slide_Section_1,spatial_knn,0,IGLC1,0.30046947126999884,0.309748554548748,0.9805634084637646
slide_Section_1,spatial_knn,0,TIMP1,0.5684731012248184,0.558898597231036,0.6587182302317357
slide_Section_1,spatial_knn,0,APOC1,0.4460958279645033,0.46612014460910156,0.6490284037719419
slide_Section_1,spatial_knn,0,TFF1,0.564082820629763,0.5736015444128364,0.5983497971254935
slide_Section_1,spatial_knn,0,SCGB2A2,0.5502478556342472,0.5377888560747526,0.6647579172491364
slide_Section_1,spatial_knn,0,SCGB1D2,0.5221277519622037,0.5082069439712033,0.6706884827134305
slide_Section_1,spatial_knn,0,SERPINA3,0.5771029802800935,0.5698531293561171,0.5536062704133374
slide_Section_1,spatial_knn,0,LINC00052,0.6407475513909521,0.3008492697501917,0.21508237253475443
slide_Section_1,spatial_knn,0,AGR2,0.5528081954949728,0.5087198562320656,0.5581033001154644
slide_Section_1,spatial_knn,0,C6orf141,0.6203219290676307,0.3281481594003447,0.3477507034531809
slide_Section_1,spatial_knn,0,LYZ,0.5259315778559065,0.5673858897598442,0.6426485442317403
slide_Section_1,spatial_knn,0,CTSD,0.3748899182555788,0.420596204563135,0.4878800017294565
slide_Section_1,spatial_knn,0,HEBP1,0.5662018392536432,0.5273375274475751,0.559562767814232
slide_Section_1,spatial_knn,0,IGHM,0.4714239186181763,0.38369383087576153,0.7648287828873079
slide_Section_1,spatial_knn,0,HLA-DRB1,0.4912482598933001,0.5421001466204651,0.5341097695719251
slide_Section_1,spatial_knn,0,C1QA,0.47281517791155625,0.49184618224855653,0.6411666862852639
slide_Section_1,spatial_knn,0,IGHA1,0.43656589184727423,0.4109452585783371,0.7812691360508914
slide_Section_1,spatial_knn,0,DEGS1,0.5634271779407253,0.4810933644765027,0.5495936737304202
slide_Section_1,spatial_knn,0,AC087379.2,0.5251041663009371,0.2843601219770215,0.37952781729410323
slide_Section_1,spatial_knn,0,AEBP1,0.433069470362619,0.44741990709649937,0.7004652351512666
slide_Section_1,spatial_knn,0,COL1A2,0.4717330886086744,0.5099666672986025,0.6897174769796821
slide_Section_1,spatial_knn,0,GFRA1,0.6007067755174067,0.4766637975746798,0.5169904382857556
slide_Section_1,spatial_knn,0,COL1A1,0.43680065944456975,0.4686743554404789,0.7110998270364142
slide_Section_1,spatial_knn,0,HLA-E,0.540203229946635,0.5982822183840028,0.46998752078642914
slide_Section_1,spatial_knn,0,CFB,0.47469475940979583,0.5226486322606628,0.526334530817875
slide_Section_1,spatial_knn,0,CCL19,0.4542513546237148,0.3799561477744148,0.548129243008523
slide_Section_1,spatial_knn,0,SNCG,0.5448176154078754,0.5082688331260055,0.5196201855048008
slide_Section_1,spatial_knn,0,IGHG2,0.2574731482093661,0.17026224546914925,0.6809012477436805
slide_Section_2,mean,0,CRISP3,,,0.8987777829170227
slide_Section_2,mean,0,CPB1,,,0.9608151316642761
slide_Section_2,mean,0,IGHG3,0.0,,0.946881115436554
slide_Section_2,mean,0,CD74,,,0.5567494034767151
slide_Section_2,mean,0,IGLC2,,,1.111037254333496
slide_Section_2,mean,0,HLA-B,,,0.4650871157646179
slide_Section_2,mean,0,IGKC,,,0.9814958572387695
slide_Section_2,mean,0,MALAT1,,,0.7521676421165466
slide_Section_2,mean,0,ALB,,,0.6740280389785767
slide_Section_2,mean,0,IGHG4,,,0.7142164707183838
slide_Section_2,mean,0,TFF3,0.0,,0.5911993384361267
slide_Section_2,mean,0,CXCL14,,,0.8435521125793457
slide_Section_2,mean,0,IGHG1,0.0,,0.9054951667785645
slide_Section_2,mean,0,SLITRK6,,,0.5208125710487366
slide_Section_2,mean,0,APOE,0.0,,0.6561152935028076
slide_Section_2,mean,0,MT-ND2,,,0.6241773962974548
slide_Section_2,mean,0,CALML5,,,0.5400705933570862
slide_Section_2,mean,0,HLA-DRA,0.0,,0.5827069878578186
slide_Section_2,mean,0,S100G,0.0,,0.7738949656486511
slide_Section_2,mean,0,LINC00645,,,0.5878453254699707
slide_Section_2,mean,0,C3,,,0.7469954490661621
slide_Section_2,mean,0,IGLC3,0.0,,0.8709534406661987
slide_Section_2,mean,0,IGLC1,,,0.8376723527908325
slide_Section_2,mean,0,TIMP1,0.0,,0.720230221748352
slide_Section_2,mean,0,APOC1,0.0,,0.664685845375061
slide_Section_2,mean,0,TFF1,,,0.6815367937088013
slide_Section_2,mean,0,SCGB2A2,,,0.7766546607017517
slide_Section_2,mean,0,SCGB1D2,,,0.7649563550949097
slide_Section_2,mean,0,SERPINA3,0.0,,0.6503007411956787
slide_Section_2,mean,0,LINC00052,,,0.28552716970443726
slide_Section_2,mean,0,AGR2,0.0,,0.6301218271255493
slide_Section_2,mean,0,C6orf141,,,0.43951642513275146
slide_Section_2,mean,0,LYZ,,,0.6994796991348267
slide_Section_2,mean,0,CTSD,,,0.4817398488521576
slide_Section_2,mean,0,HEBP1,,,0.6334334015846252
slide_Section_2,mean,0,IGHM,,,0.7959819436073303
slide_Section_2,mean,0,HLA-DRB1,0.0,,0.5787728428840637
slide_Section_2,mean,0,C1QA,0.0,,0.6759264469146729
slide_Section_2,mean,0,IGHA1,,,0.81878662109375
slide_Section_2,mean,0,DEGS1,,,0.6496411561965942
slide_Section_2,mean,0,AC087379.2,0.0,,0.45082035660743713
slide_Section_2,mean,0,AEBP1,,,0.7082265615463257
slide_Section_2,mean,0,COL1A2,,,0.7259783744812012
slide_Section_2,mean,0,GFRA1,,,0.6389736533164978
slide_Section_2,mean,0,COL1A1,,,0.7491745948791504
slide_Section_2,mean,0,HLA-E,0.0,,0.5301162004470825
slide_Section_2,mean,0,CFB,,,0.5529335141181946
slide_Section_2,mean,0,CCL19,,,0.5615132451057434
slide_Section_2,mean,0,SNCG,,,0.6182057857513428
slide_Section_2,mean,0,IGHG2,0.0,,0.6734008193016052
slide_Section_2,pca_ridge,0,CRISP3,0.7266736739074284,0.3750150371087025,0.6163009405136108
slide_Section_2,pca_ridge,0,CPB1,0.5179334654948783,0.5390250123394386,0.8206309676170349
slide_Section_2,pca_ridge,0,IGHG3,0.6673222045829411,0.6728520980148702,0.7027547955513
slide_Section_2,pca_ridge,0,CD74,0.7919000280494762,0.8061867574405142,0.33512744307518005
slide_Section_2,pca_ridge,0,IGLC2,0.6874000335022662,0.6979561741434633,0.8697842955589294
slide_Section_2,pca_ridge,0,HLA-B,0.6925749723663316,0.7169066115709689,0.33480775356292725
slide_Section_2,pca_ridge,0,IGKC,0.7154385305673957,0.7257275374942721,0.684436559677124
slide_Section_2,pca_ridge,0,MALAT1,0.5000467519412652,0.5621241803357472,0.6449467539787292
slide_Section_2,pca_ridge,0,ALB,0.30638684577735853,0.17310428961248267,0.6433510184288025
slide_Section_2,pca_ridge,0,IGHG4,0.6576937491566097,0.6393336715830519,0.5276818871498108
slide_Section_2,pca_ridge,0,TFF3,0.6195723896566997,0.5988879160328626,0.4600886404514313
slide_Section_2,pca_ridge,0,CXCL14,0.6746130669868884,0.514144859382451,0.6224220991134644
slide_Section_2,pca_ridge,0,IGHG1,0.698653065624793,0.6875522604682507,0.6594518423080444
slide_Section_2,pca_ridge,0,SLITRK6,0.677276171038497,0.39453449362505166,0.383698970079422
slide_Section_2,pca_ridge,0,APOE,0.8103845966834528,0.8106190123267027,0.3907797038555145
slide_Section_2,pca_ridge,0,MT-ND2,0.5322654054373626,0.5506545496098856,0.5333387851715088
slide_Section_2,pca_ridge,0,CALML5,0.5358958146714838,0.5627694990763973,0.4565996527671814
slide_Section_2,pca_ridge,0,HLA-DRA,0.7623625634420277,0.7753229928822429,0.37280651926994324
slide_Section_2,pca_ridge,0,S100G,0.5994225857260966,0.5901841904247589,0.6188053488731384
slide_Section_2,pca_ridge,0,LINC00645,0.40959160791777516,0.3403958393741842,0.5364611744880676
slide_Section_2,pca_ridge,0,C3,0.6771694540771747,0.6555520934276348,0.5374352335929871
slide_Section_2,pca_ridge,0,IGLC3,0.5243366806097691,0.46145212788602763,0.7593324780464172
slide_Section_2,pca_ridge,0,IGLC1,0.39618906499056045,0.3776745126886537,0.7439733743667603
slide_Section_2,pca_ridge,0,TIMP1,0.6845534210095717,0.686304203806903,0.5180850625038147
slide_Section_2,pca_ridge,0,APOC1,0.6756085693819324,0.6754186744079902,0.522762656211853
slide_Section_2,pca_ridge,0,TFF1,0.4769490623499633,0.48376838821716817,0.5937864184379578
slide_Section_2,pca_ridge,0,SCGB2A2,0.51558279555702,0.5248366113198341,0.669008731842041
slide_Section_2,pca_ridge,0,SCGB1D2,0.49976625484529136,0.519399565520197,0.670822024345398
slide_Section_2,pca_ridge,0,SERPINA3,0.4170422205871835,0.4425745432252586,0.5913621187210083
slide_Section_2,pca_ridge,0,LINC00052,0.3195915795943141,0.2204006577759254,0.27078089118003845
slide_Section_2,pca_ridge,0,AGR2,0.6275225208437949,0.562214995107211,0.48974618315696716
slide_Section_2,pca_ridge,0,C6orf141,0.6007971441772088,0.3659491805501513,0.35171642899513245
slide_Section_2,pca_ridge,0,LYZ,0.6840226884141488,0.6942232850331906,0.5079110860824585
slide_Section_2,pca_ridge,0,CTSD,0.6571568429859267,0.6806026545461454,0.35947006940841675
slide_Section_2,pca_ridge,0,HEBP1,0.5576150587656064,0.5580781624649042,0.5272640585899353
slide_Section_2,pca_ridge,0,IGHM,0.4900703273598862,0.42965216208761997,0.6984595656394958
slide_Section_2,pca_ridge,0,HLA-DRB1,0.6950901554451051,0.7189600784722578,0.41943347454071045
slide_Section_2,pca_ridge,0,C1QA,0.7109778085519484,0.7223953792705038,0.47141483426094055
slide_Section_2,pca_ridge,0,IGHA1,0.4701169033712598,0.43412170399487204,0.7167116403579712
slide_Section_2,pca_ridge,0,DEGS1,0.5451014063745842,0.43794576120135587,0.5462921261787415
slide_Section_2,pca_ridge,0,AC087379.2,0.41645707665002896,0.31909315317107334,0.4117128252983093
slide_Section_2,pca_ridge,0,AEBP1,0.6587239923922994,0.6578422856760759,0.5066435933113098
slide_Section_2,pca_ridge,0,COL1A2,0.6367796807294999,0.6539051501399857,0.5324103236198425
slide_Section_2,pca_ridge,0,GFRA1,0.5954678740723234,0.4633152551368541,0.518609344959259
slide_Section_2,pca_ridge,0,COL1A1,0.6608286265941388,0.67394318655685,0.5453304648399353
slide_Section_2,pca_ridge,0,HLA-E,0.6413833696131737,0.6858213286724676,0.4027847647666931
slide_Section_2,pca_ridge,0,CFB,0.3815024896419497,0.3980617371218803,0.510949432849884
slide_Section_2,pca_ridge,0,CCL19,0.4983998144051836,0.35655550839195826,0.48919010162353516
slide_Section_2,pca_ridge,0,SNCG,0.5075894975820096,0.5021676408849817,0.5256463289260864
slide_Section_2,pca_ridge,0,IGHG2,0.42977287167931355,0.3398729574383355,0.6233031153678894
slide_Section_2,spatial_knn,0,CRISP3,0.8438381383062952,0.46655859232747515,0.48844935741871326
slide_Section_2,spatial_knn,0,CPB1,0.7353143855306262,0.7044185426232301,0.6732180737769033
slide_Section_2,spatial_knn,0,IGHG3,0.6336508993204096,0.6117444488956664,0.763802691829194
slide_Section_2,spatial_knn,0,CD74,0.6928247726201195,0.69488134542259,0.41906514444837184
slide_Section_2,spatial_knn,0,IGLC2,0.602223897806039,0.6201219749581127,0.9316206377709789
slide_Section_2,spatial_knn,0,HLA-B,0.7342228135453498,0.7493374016516726,0.31938247928959507
slide_Section_2,spatial_knn,0,IGKC,0.6342524365873597,0.6417873085790975,0.7815021018472145
slide_Section_2,spatial_knn,0,MALAT1,0.3258915070762132,0.4197235213116853,0.8539738119404464
slide_Section_2,spatial_knn,0,ALB,0.6922500881375522,0.20753037489033738,0.5056408880257751
slide_Section_2,spatial_knn,0,IGHG4,0.5754371286571944,0.531910385138545,0.6132604649270541
slide_Section_2,spatial_knn,0,TFF3,0.6727658400320814,0.6787129815829309,0.452930225502024
slide_Section_2,spatial_knn,0,CXCL14,0.7624564796039957,0.5956403953453702,0.5532786903469245
slide_Section_2,spatial_knn,0,IGHG1,0.5686783940735141,0.5786731730779382,0.765825093698662
slide_Section_2,spatial_knn,0,SLITRK6,0.771328176846229,0.3890154612053538,0.33252647327025514
slide_Section_2,spatial_knn,0,APOE,0.48478176178282073,0.46595744005783174,0.599056604047487
slide_Section_2,spatial_knn,0,MT-ND2,0.2922395756895347,0.315442699865373,0.6273564184102055
slide_Section_2,spatial_knn,0,CALML5,0.6500157008450029,0.6405275054351875,0.42137797349392403
slide_Section_2,spatial_knn,0,HLA-DRA,0.6627676744584832,0.6679520311512146,0.45046512650886333
slide_Section_2,spatial_knn,0,S100G,0.6693207220800766,0.6309076259592016,0.5859153597610947
slide_Section_2,spatial_knn,0,LINC00645,0.6373655279429474,0.4210926955567428,0.45975341526180896
slide_Section_2,spatial_knn,0,C3,0.5468269329194001,0.5398340391346766,0.6818362032339638
slide_Section_2,spatial_knn,0,IGLC3,0.45593510292518913,0.3781786275108136,0.7986405751633663
slide_Section_2,spatial_knn,0,IGLC1,0.28616003201251583,0.28941286190187343,0.9291272221061346
slide_Section_2,spatial_knn,0,TIMP1,0.5336614501692806,0.5476667094538953,0.6433427806334425
slide_Section_2,spatial_knn,0,APOC1,0.4779649538628066,0.46438614925581995,0.6124923550525729
slide_Section_2,spatial_knn,0,TFF1,0.5717555207021592,0.5744908659069543,0.57416947552876
slide_Section_2,spatial_knn,0,SCGB2A2,0.564538485306921,0.5518207628426091,0.6563366723182233
slide_Section_2,spatial_knn,0,SCGB1D2,0.5480731150307901,0.5502832428565407,0.6584383489668941
slide_Section_2,spatial_knn,0,SERPINA3,0.5930918675164017,0.5588057994769337,0.5318024881029271
slide_Section_2,spatial_knn,0,LINC00052,0.6554175061379617,0.3003415155268716,0.21643308474228773
slide_Section_2,spatial_knn,0,AGR2,0.578426201633935,0.498402015668315,0.5295932009580109
slide_Section_2,spatial_knn,0,C6orf141,0.6545055352847894,0.3440301713029068,0.3336904880280477
slide_Section_2,spatial_knn,0,LYZ,0.5283824130434727,0.5534989991901542,0.6166237069133248
slide_Section_2,spatial_knn,0,CTSD,0.38852420445981883,0.4135264863155376,0.46991797613014646
slide_Section_2,spatial_knn,0,HEBP1,0.558170917868305,0.5002076572179209,0.5444513891399388
slide_Section_2,spatial_knn,0,IGHM,0.4880121536476804,0.3955948578044025,0.718779766709342
slide_Section_2,spatial_knn,0,HLA-DRB1,0.5329957112975396,0.5532690272766928,0.49916130936454695
slide_Section_2,spatial_knn,0,C1QA,0.4888911815212277,0.5040341760484183,0.6117394950417648
slide_Section_2,spatial_knn,0,IGHA1,0.45691060439947717,0.41858829758472765,0.7508216819330049
slide_Section_2,spatial_knn,0,DEGS1,0.5872337318694356,0.4895513414536141,0.5303178694205185
slide_Section_2,spatial_knn,0,AC087379.2,0.5233035188960382,0.3006126858196675,0.3901948264672156
slide_Section_2,spatial_knn,0,AEBP1,0.4194704039655815,0.4346445362769964,0.6819666663404875
slide_Section_2,spatial_knn,0,COL1A2,0.44056191714805093,0.47460076555328456,0.6887286017836722
slide_Section_2,spatial_knn,0,GFRA1,0.6081619140338611,0.46983519569122006,0.5111120847504049
slide_Section_2,spatial_knn,0,COL1A1,0.42633617013993297,0.4547370005757105,0.7082763508834492
slide_Section_2,spatial_knn,0,HLA-E,0.564202351920382,0.6064581559422032,0.44528179753148506
slide_Section_2,spatial_knn,0,CFB,0.48657173379391183,0.4911272886910528,0.4996134474001461
slide_Section_2,spatial_knn,0,CCL19,0.45733175405781373,0.38104199512896786,0.5190599729841656
slide_Section_2,spatial_knn,0,SNCG,0.5686421197672094,0.5515559508764489,0.5171136991914949
slide_Section_2,spatial_knn,0,IGHG2,0.2665707911458443,0.22393304242688497,0.6853181387017345
region_hop5,mean,0,CRISP3,,,0.7529720664024353
region_hop5,mean,0,CPB1,0.0,,1.0836642980575562
region_hop5,mean,0,IGHG3,0.0,,0.8495495319366455
region_hop5,mean,0,CD74,0.0,,0.4803852140903473
region_hop5,mean,0,IGLC2,,,0.9771168231964111
region_hop5,mean,0,HLA-B,,,0.5024169683456421
region_hop5,mean,0,IGKC,,,0.8827768564224243
region_hop5,mean,0,MALAT1,0.0,,0.6535864472389221
region_hop5,mean,0,ALB,,,1.0634434223175049
region_hop5,mean,0,IGHG4,,,0.6674771904945374
region_hop5,mean,0,TFF3,,,0.5036932826042175
region_hop5,mean,0,CXCL14,,,0.7426310777664185
region_hop5,mean,0,IGHG1,,,0.8264063000679016
region_hop5,mean,0,SLITRK6,,,0.4574764668941498
region_hop5,mean,0,APOE,,,0.5618683695793152
region_hop5,mean,0,MT-ND2,,,0.7110307216644287
region_hop5,mean,0,CALML5,0.0,,0.475535124540329
region_hop5,mean,0,HLA-DRA,,,0.5080821514129639
region_hop5,mean,0,S100G,0.0,,0.9771455526351929
region_hop5,mean,0,LINC00645,,,0.7419005632400513
region_hop5,mean,0,C3,,,0.7125968337059021
region_hop5,mean,0,IGLC3,,,0.7322292923927307
region_hop5,mean,0,IGLC1,,,0.8384746313095093
region_hop5,mean,0,TIMP1,,,0.7090115547180176
region_hop5,mean,0,APOC1,,,0.5454820394515991
region_hop5,mean,0,TFF1,,,0.5969716906547546
region_hop5,mean,0,SCGB2A2,,,0.9053301215171814
region_hop5,mean,0,SCGB1D2,0.0,,0.8796415328979492
region_hop5,mean,0,SERPINA3,,,0.5553513169288635
region_hop5,mean,0,LINC00052,,,0.25175365805625916
region_hop5,mean,0,AGR2,0.0,,0.5306072235107422
region_hop5,mean,0,C6orf141,,,0.3689396381378174
region_hop5,mean,0,LYZ,,,0.6713839769363403
region_hop5,mean,0,CTSD,,,0.45546603202819824
region_hop5,mean,0,HEBP1,,,0.8058600425720215
region_hop5,mean,0,IGHM,0.0,,0.7672249674797058
region_hop5,mean,0,HLA-DRB1,,,0.4758746922016144
region_hop5,mean,0,C1QA,,,0.6301484107971191
region_hop5,mean,0,IGHA1,,,0.7893189191818237
region_hop5,mean,0,DEGS1,,,0.6373216509819031
region_hop5,mean,0,AC087379.2,0.0,,0.658607006072998
region_hop5,mean,0,AEBP1,,,0.6984441876411438
region_hop5,mean,0,COL1A2,,,0.6744040250778198
region_hop5,mean,0,GFRA1,,,0.551206111907959
region_hop5,mean,0,COL1A1,0.0,,0.6909688115119934
region_hop5,mean,0,HLA-E,,,0.4711660146713257
region_hop5,mean,0,CFB,,,0.5249898433685303
region_hop5,mean,0,CCL19,0.0,,0.4674443304538727
region_hop5,mean,0,SNCG,,,0.5232160091400146
region_hop5,mean,0,IGHG2,0.0,,0.5466477870941162
region_hop5,pca_ridge,0,CRISP3,0.5521296437106825,0.374394572172716,0.6373835206031799
region_hop5,pca_ridge,0,CPB1,0.3599185691820297,0.34650262291021566,0.9723668098449707
region_hop5,pca_ridge,0,IGHG3,0.5479206468559729,0.5467336454068555,0.6441248655319214
region_hop5,pca_ridge,0,CD74,0.7037156972344428,0.6960514301466959,0.3438498079776764
region_hop5,pca_ridge,0,IGLC2,0.5436960094690945,0.5427937349051574,0.7855446934700012
region_hop5,pca_ridge,0,HLA-B,0.5724532515290925,0.5751923315583461,0.38990768790245056
region_hop5,pca_ridge,0,IGKC,0.630643457037341,0.6405575500591184,0.65763920545578
region_hop5,pca_ridge,0,MALAT1,0.5776826079988135,0.5911771549986444,0.5689920783042908
region_hop5,pca_ridge,0,ALB,0.28867648141549224,0.2095222632677601,1.0272170305252075
region_hop5,pca_ridge,0,IGHG4,0.591573284520766,0.5789889989919605,0.499287873506546
region_hop5,pca_ridge,0,TFF3,0.45560077380723235,0.3894155479632009,0.48939254879951477
region_hop5,pca_ridge,0,CXCL14,0.5695854366582694,0.37974146283912974,0.5894025564193726
region_hop5,pca_ridge,0,IGHG1,0.5902909817018549,0.5628258284581471,0.6204425692558289
region_hop5,pca_ridge,0,SLITRK6,0.4719051837657172,0.28032282145070625,0.4104418456554413
region_hop5,pca_ridge,0,APOE,0.7343665299076495,0.7309033442257536,0.3728604316711426
region_hop5,pca_ridge,0,MT-ND2,0.5541340214982001,0.574745485045081,0.5745095014572144
region_hop5,pca_ridge,0,CALML5,0.4633174222892346,0.4692967011792623,0.4375956952571869
region_hop5,pca_ridge,0,HLA-DRA,0.6811066263047416,0.6862605116253747,0.37218332290649414
region_hop5,pca_ridge,0,S100G,0.5554607630137579,0.5455623922512578,0.7358083128929138
region_hop5,pca_ridge,0,LINC00645,0.1982609863775049,0.19516760925898288,0.7215073704719543
region_hop5,pca_ridge,0,C3,0.5615049039012328,0.5419849210967497,0.539328396320343
region_hop5,pca_ridge,0,IGLC3,0.44211995828648,0.390980460247124,0.6173274517059326
region_hop5,pca_ridge,0,IGLC1,0.3636165588165745,0.33212710485216945,0.775206983089447
region_hop5,pca_ridge,0,TIMP1,0.6047881052537347,0.5813600917228772,0.5070538520812988
region_hop5,pca_ridge,0,APOC1,0.546837096408556,0.5439707766022649,0.4708210229873657
region_hop5,pca_ridge,0,TFF1,0.32179351184359223,0.2950706254597707,0.6949284672737122
region_hop5,pca_ridge,0,SCGB2A2,0.4372706078338205,0.42124389160357556,0.7690703868865967
region_hop5,pca_ridge,0,SCGB1D2,0.4621065738282033,0.443939935034536,0.7511473894119263
region_hop5,pca_ridge,0,SERPINA3,0.14798479744530751,0.15457323694160158,0.5849547386169434
region_hop5,pca_ridge,0,LINC00052,0.18350187007414243,0.12306090352676313,0.2467031031847
region_hop5,pca_ridge,0,AGR2,0.48053163150499967,0.49046303790027956,0.4723573625087738
region_hop5,pca_ridge,0,C6orf141,0.3941541670927574,0.2579912088451847,0.3528246283531189
region_hop5,pca_ridge,0,LYZ,0.6754681647410344,0.6761095501399841,0.5022024512290955
region_hop5,pca_ridge,0,CTSD,0.6005646795690963,0.6023121260262914,0.3402598202228546
region_hop5,pca_ridge,0,HEBP1,0.5212519815573993,0.5262168970679255,0.6401878595352173
region_hop5,pca_ridge,0,IGHM,0.39768113066193267,0.3659349573919129,0.6745040416717529
region_hop5,pca_ridge,0,HLA-DRB1,0.5391175603819484,0.5452045244382027,0.403740257024765
region_hop5,pca_ridge,0,C1QA,0.671264515263531,0.6648265958991113,0.4545975923538208
region_hop5,pca_ridge,0,IGHA1,0.3386598682605178,0.3179072482328224,0.7413884401321411
region_hop5,pca_ridge,0,DEGS1,0.4778600756833249,0.36329732330271,0.5811834335327148
region_hop5,pca_ridge,0,AC087379.2,0.40737731360619645,0.367863125709724,0.5934979915618896
region_hop5,pca_ridge,0,AEBP1,0.5852633452033141,0.5710632627353595,0.5202015042304993
region_hop5,pca_ridge,0,COL1A2,0.6287740934665492,0.6369482657477222,0.5035769939422607
region_hop5,pca_ridge,0,GFRA1,0.4824977586422333,0.4114058210012988,0.4865284264087677
region_hop5,pca_ridge,0,COL1A1,0.6291567447305167,0.6282052978941213,0.5070023536682129
region_hop5,pca_ridge,0,HLA-E,0.5320267818290791,0.566585481201622,0.39951613545417786
region_hop5,pca_ridge,0,CFB,0.2746327137290478,0.2616155137674386,0.48798906803131104
region_hop5,pca_ridge,0,CCL19,0.3155824696181946,0.19440149712997049,0.4144115149974823
region_hop5,pca_ridge,0,SNCG,0.32332124825325403,0.28563691445168266,0.5036213397979736
region_hop5,pca_ridge,0,IGHG2,0.29106467178180195,0.198919634416032,0.5032510757446289
region_hop5,spatial_knn,0,CRISP3,0.6229639466359623,0.4108229781631724,0.7400471261007616
region_hop5,spatial_knn,0,CPB1,0.53794753493962,0.45118126365456557,0.9259897872794702
region_hop5,spatial_knn,0,IGHG3,0.21674943012759387,0.1406852816399037,0.9261888942495343
region_hop5,spatial_knn,0,CD74,-0.016557232540132267,0.03149562684320215,0.6862858485112298
region_hop5,spatial_knn,0,IGLC2,0.29487779511960144,0.264351168133116,1.0731189180039715
region_hop5,spatial_knn,0,HLA-B,0.07866228404003903,0.06861194676500221,0.6084895356369038
region_hop5,spatial_knn,0,IGKC,0.23265723866205595,0.15611828397110447,0.969704847652868
region_hop5,spatial_knn,0,MALAT1,0.16211466718829498,0.16305790861782227,0.7992236246588634
region_hop5,spatial_knn,0,ALB,0.5599599048716744,0.23373434282205705,0.9601165885415722
region_hop5,spatial_knn,0,IGHG4,0.24252092357268898,0.14326797624662269,0.7359554578236875
region_hop5,spatial_knn,0,TFF3,0.34897986542582765,0.365439980314496,0.5502022353562791
region_hop5,spatial_knn,0,CXCL14,0.3189720389099272,0.20408226033824434,0.8597982916478861
region_hop5,spatial_knn,0,IGHG1,0.2556718238841077,0.19034536934538843,0.9213910438846252
region_hop5,spatial_knn,0,SLITRK6,0.5656326285803269,0.2841940725957803,0.43527525581701076
region_hop5,spatial_knn,0,APOE,0.028046270224615817,0.06488389461493917,0.7270855184143895
region_hop5,spatial_knn,0,MT-ND2,0.09008467399387264,0.1250121055357411,0.7391177566587226
region_hop5,spatial_knn,0,CALML5,0.43890944080032923,0.38017324937980934,0.47697921276103133
region_hop5,spatial_knn,0,HLA-DRA,0.09194107487638468,0.12010184644567247,0.6751278524196578
region_hop5,spatial_knn,0,S100G,-0.0010819123751858672,0.05682697400588109,1.0847652288888752
region_hop5,spatial_knn,0,LINC00645,0.2264522535343224,0.31144525248943333,0.715485493886087
region_hop5,spatial_knn,0,C3,0.19880707321733146,0.1576642937206514,0.7754575699970607
region_hop5,spatial_knn,0,IGLC3,0.1280189681759403,0.0902030699248569,0.7951597476630168
region_hop5,spatial_knn,0,IGLC1,0.22180093352848104,0.12177415731749576,0.8641574695553971
region_hop5,spatial_knn,0,TIMP1,0.17490244630107193,0.13284765829783046,0.7564547631355053
region_hop5,spatial_knn,0,APOC1,0.0947049949123959,0.1215772514442977,0.7188521169188784
region_hop5,spatial_knn,0,TFF1,0.1819400051642442,0.17290234645654562,0.6790066248518166
region_hop5,spatial_knn,0,SCGB2A2,-0.00438534050724362,0.034622583788452295,0.9696576258550519
region_hop5,spatial_knn,0,SCGB1D2,0.11419801876451469,0.11764158531821815,0.9312783884828151
region_hop5,spatial_knn,0,SERPINA3,0.1517809918692534,0.16263205237002978,0.6629047670735637
region_hop5,spatial_knn,0,LINC00052,0.4507225823312481,0.19911776694133074,0.2330450697267308
region_hop5,spatial_knn,0,AGR2,0.004780419479012713,-0.03988021860640062,0.7137367157420379
region_hop5,spatial_knn,0,C6orf141,0.41398737783999773,0.24623364271245382,0.3891203599975571
region_hop5,spatial_knn,0,LYZ,0.03336160304705824,0.023732626627919754,0.8112149357481071
region_hop5,spatial_knn,0,CTSD,0.045328993740245904,0.07217905901358025,0.49859985335883983
region_hop5,spatial_knn,0,HEBP1,0.020458929620223915,0.01190209035207168,0.8048846906719462
region_hop5,spatial_knn,0,IGHM,0.06927749363445213,0.07886012699634418,0.7770864232907585
region_hop5,spatial_knn,0,HLA-DRB1,0.12976723705392404,0.12775751826752452,0.5822710675549057
region_hop5,spatial_knn,0,C1QA,0.13337171553279742,0.12622564053826998,0.7046797780750278
region_hop5,spatial_knn,0,IGHA1,0.15083675878592764,0.089833439277035,0.8479471768843667
region_hop5,spatial_knn,0,DEGS1,0.21497192860303904,0.1524891823657692,0.697641093617545
region_hop5,spatial_knn,0,AC087379.2,-0.16046928175432035,-0.2648461623052932,0.7179190939276447
region_hop5,spatial_knn,0,AEBP1,0.10197593101043852,0.12141299170119774,0.7310051927183034
region_hop5,spatial_knn,0,COL1A2,0.10297538596957474,0.10548695258728649,0.7608262965917364
region_hop5,spatial_knn,0,GFRA1,0.09204220023245105,0.018370179228448684,0.6868680084716146
region_hop5,spatial_knn,0,COL1A1,0.07586985157989659,0.09289827412834452,0.7506212128455966
region_hop5,spatial_knn,0,HLA-E,-0.1118932619735314,-0.09737516278583401,0.6418389470876745
region_hop5,spatial_knn,0,CFB,0.45288040003926416,0.44844426445246766,0.5182255483868276
region_hop5,spatial_knn,0,CCL19,-0.07452741099229977,-0.1321309726554722,0.5501039695323622
region_hop5,spatial_knn,0,SNCG,0.3244583144293233,0.31854160077532717,0.5591207420816688
region_hop5,spatial_knn,0,IGHG2,0.11126339354785345,0.05002719804582589,0.6021362423182812
region_hop10,mean,0,CRISP3,,,0.6742379665374756
region_hop10,mean,0,CPB1,,,1.165453314781189
region_hop10,mean,0,IGHG3,,,0.814021646976471
region_hop10,mean,0,CD74,,,0.4325747787952423
region_hop10,mean,0,IGLC2,0.0,,0.9273479580879211
region_hop10,mean,0,HLA-B,,,0.5215771794319153
region_hop10,mean,0,IGKC,,,0.8477635979652405
region_hop10,mean,0,MALAT1,,,0.672269880771637
region_hop10,mean,0,ALB,,,0.8233012557029724
region_hop10,mean,0,IGHG4,,,0.648182213306427
region_hop10,mean,0,TFF3,,,0.4396188259124756
region_hop10,mean,0,CXCL14,,,0.6985030770301819
region_hop10,mean,0,IGHG1,,,0.7918056845664978
region_hop10,mean,0,SLITRK6,0.0,,0.4230004847049713
region_hop10,mean,0,APOE,,,0.5107698440551758
region_hop10,mean,0,MT-ND2,,,0.7209014892578125
region_hop10,mean,0,CALML5,,,0.48014381527900696
region_hop10,mean,0,HLA-DRA,0.0,,0.4754202961921692
region_hop10,mean,0,S100G,,,0.9723470211029053
region_hop10,mean,0,LINC00645,,,0.8148648142814636
region_hop10,mean,0,C3,0.0,,0.6999165415763855
region_hop10,mean,0,IGLC3,,,0.7195996642112732
region_hop10,mean,0,IGLC1,,,0.8428700566291809
region_hop10,mean,0,TIMP1,,,0.6923192739486694
region_hop10,mean,0,APOC1,,,0.5377603769302368
region_hop10,mean,0,TFF1,,,0.5534487962722778
region_hop10,mean,0,SCGB2A2,,,0.9304900169372559
region_hop10,mean,0,SCGB1D2,0.0,,0.9084075093269348
region_hop10,mean,0,SERPINA3,,,0.5220317244529724
region_hop10,mean,0,LINC00052,,,0.24255402386188507
region_hop10,mean,0,AGR2,,,0.5436363816261292
region_hop10,mean,0,C6orf141,,,0.3384000062942505
region_hop10,mean,0,LYZ,,,0.6661425232887268
region_hop10,mean,0,CTSD,,,0.45304709672927856
region_hop10,mean,0,HEBP1,,,0.8248592019081116
region_hop10,mean,0,IGHM,0.0,,0.767231285572052
region_hop10,mean,0,HLA-DRB1,,,0.4586198031902313
region_hop10,mean,0,C1QA,,,0.6093105673789978
region_hop10,mean,0,IGHA1,,,0.7664996385574341
region_hop10,mean,0,DEGS1,,,0.600744366645813
region_hop10,mean,0,AC087379.2,,,0.6850454211235046
region_hop10,mean,0,AEBP1,0.0,,0.6834219694137573
region_hop10,mean,0,COL1A2,0.0,,0.6524046063423157
region_hop10,mean,0,GFRA1,,,0.5337527990341187
region_hop10,mean,0,COL1A1,0.0,,0.6750854253768921
region_hop10,mean,0,HLA-E,,,0.45638447999954224
region_hop10,mean,0,CFB,,,0.5280624032020569
region_hop10,mean,0,CCL19,,,0.4573056101799011
region_hop10,mean,0,SNCG,0.0,,0.5201936364173889
region_hop10,mean,0,IGHG2,0.0,,0.5409178733825684
region_hop10,pca_ridge,0,CRISP3,0.46291612506946583,0.37585755586668795,0.6206083297729492
region_hop10,pca_ridge,0,CPB1,0.29886717931194307,0.27784657465071083,1.0327095985412598
region_hop10,pca_ridge,0,IGHG3,0.5435890882460157,0.5594772024800996,0.6117366552352905
region_hop10,pca_ridge,0,CD74,0.6894027202298233,0.673994166262149,0.31879132986068726
region_hop10,pca_ridge,0,IGLC2,0.5301996345006776,0.5445251506857912,0.75813227891922
region_hop10,pca_ridge,0,HLA-B,0.49445081440751787,0.49854941237413225,0.41110995411872864
region_hop10,pca_ridge,0,IGKC,0.6263623597452337,0.6391295862857317,0.6356209516525269
region_hop10,pca_ridge,0,MALAT1,0.5769658297534856,0.5897950616133782,0.5892237424850464
region_hop10,pca_ridge,0,ALB,0.186718627399118,0.09985058737037034,0.8001644015312195
region_hop10,pca_ridge,0,IGHG4,0.5720049243906096,0.5830662316670979,0.4883871078491211
region_hop10,pca_ridge,0,TFF3,0.310534595005154,0.24789947551492153,0.4925219416618347
region_hop10,pca_ridge,0,CXCL14,0.373765604526297,0.2336811327823248,0.6053482890129089
region_hop10,pca_ridge,0,IGHG1,0.5631363473541191,0.5615941546011579,0.6068551540374756
region_hop10,pca_ridge,0,SLITRK6,0.3323641725517629,0.22434740899560576,0.41388702392578125
region_hop10,pca_ridge,0,APOE,0.7063185351146642,0.6933501448937877,0.3594699501991272
region_hop10,pca_ridge,0,MT-ND2,0.5771013411121022,0.5957761703384578,0.571068286895752
region_hop10,pca_ridge,0,CALML5,0.49971458620662773,0.5154299276069472,0.43170756101608276
region_hop10,pca_ridge,0,HLA-DRA,0.6280954394459656,0.6392338530427785,0.36885589361190796
region_hop10,pca_ridge,0,S100G,0.42584452538933243,0.4141512626034816,0.7489161491394043
region_hop10,pca_ridge,0,LINC00645,0.1749269088468418,0.17090150352541722,0.7915347218513489
region_hop10,pca_ridge,0,C3,0.49722362853053076,0.480959283261361,0.555055558681488
region_hop10,pca_ridge,0,IGLC3,0.4028845215993511,0.36581470718374015,0.6202953457832336
region_hop10,pca_ridge,0,IGLC1,0.34397864517014914,0.33580647597353674,0.784788191318512
region_hop10,pca_ridge,0,TIMP1,0.5506963763932122,0.5370445705566133,0.5138542652130127
region_hop10,pca_ridge,0,APOC1,0.5299629747487178,0.5258955948551426,0.46810635924339294
region_hop10,pca_ridge,0,TFF1,0.1829700517562699,0.14408684213781459,0.7191864252090454
region_hop10,pca_ridge,0,SCGB2A2,0.32323786451076747,0.3118444350805969,0.792060911655426
region_hop10,pca_ridge,0,SCGB1D2,0.3474914680956168,0.31761259759090055,0.7791800498962402
region_hop10,pca_ridge,0,SERPINA3,0.05751385600010454,0.05509207696131351,0.5721263289451599
region_hop10,pca_ridge,0,LINC00052,0.12135192158026908,0.09228623835372488,0.24045340716838837
region_hop10,pca_ridge,0,AGR2,0.4605642054350974,0.4740435920943479,0.48555704951286316
region_hop10,pca_ridge,0,C6orf141,0.26185438854902043,0.20344342045861286,0.34847038984298706
region_hop10,pca_ridge,0,LYZ,0.6363964167945163,0.6436365636724691,0.5134724378585815
region_hop10,pca_ridge,0,CTSD,0.5793316833982656,0.5711367536134492,0.34290558099746704
region_hop10,pca_ridge,0,HEBP1,0.4414356867383189,0.42717165951656,0.6634826064109802
region_hop10,pca_ridge,0,IGHM,0.3471805281322139,0.3129415718049785,0.6952759623527527
region_hop10,pca_ridge,0,HLA-DRB1,0.4895032150612402,0.5186074308784114,0.40363070368766785
region_hop10,pca_ridge,0,C1QA,0.648625634191415,0.6351016602818679,0.4536075294017792
region_hop10,pca_ridge,0,IGHA1,0.361203195802061,0.3294230557823141,0.707082986831665
region_hop10,pca_ridge,0,DEGS1,0.3351674507749794,0.290559304319278,0.5959200859069824
region_hop10,pca_ridge,0,AC087379.2,0.3649746977340055,0.3280457170138934,0.6222397685050964
region_hop10,pca_ridge,0,AEBP1,0.5528255087662133,0.5371866787938693,0.5169664621353149
region_hop10,pca_ridge,0,COL1A2,0.6231241621063657,0.6175134913353849,0.48775914311408997
region_hop10,pca_ridge,0,GFRA1,0.41006962396005064,0.38641601343459836,0.49133530259132385
region_hop10,pca_ridge,0,COL1A1,0.6096087667189598,0.5972993572191077,0.500011146068573
region_hop10,pca_ridge,0,HLA-E,0.5065267779988994,0.5217126458039947,0.3956046998500824
region_hop10,pca_ridge,0,CFB,0.24538377699219047,0.23027115950855134,0.484316885471344
region_hop10,pca_ridge,0,CCL19,0.25688333152076903,0.16672381508672196,0.4171580970287323
region_hop10,pca_ridge,0,SNCG,0.2186809446992286,0.16960417073592202,0.5128892660140991
region_hop10,pca_ridge,0,IGHG2,0.23230115286670455,0.18764474062729905,0.5088053345680237
region_hop10,spatial_knn,0,CRISP3,0.5381189473214132,0.379266913791466,0.733629897963278
region_hop10,spatial_knn,0,CPB1,0.5483659783723978,0.4768111169042909,0.9629179388061554
region_hop10,spatial_knn,0,IGHG3,0.166449987170579,0.10954496861412091,0.9332341177111606
region_hop10,spatial_knn,0,CD74,-0.0861658487344464,-0.04158312657303526,0.6644326538824988
region_hop10,spatial_knn,0,IGLC2,0.2516150775091587,0.2332308364390399,1.065173352705226
region_hop10,spatial_knn,0,HLA-B,-0.06877985462458323,-0.08598588075112082,0.6554847294875676
region_hop10,spatial_knn,0,IGKC,0.18975303820738793,0.1245959140537064,0.9691209801985302
region_hop10,spatial_knn,0,MALAT1,0.14541838222599537,0.1539960974868703,0.8358268139846384
region_hop10,spatial_knn,0,ALB,0.2896918428730655,0.17079949736248176,0.7995124792866416
region_hop10,spatial_knn,0,IGHG4,0.1815708368220589,0.11505118848070255,0.7569837154517876
region_hop10,spatial_knn,0,TFF3,0.33202591690985034,0.32657001316059164,0.5328924712465702
region_hop10,spatial_knn,0,CXCL14,0.2176651297813142,0.11591478761279705,0.8793993100556101
region_hop10,spatial_knn,0,IGHG1,0.22070224248118928,0.1619051022174942,0.9147824368151066
region_hop10,spatial_knn,0,SLITRK6,0.44949983134725296,0.1917536664913042,0.44244044940996313
region_hop10,spatial_knn,0,APOE,-0.017201997118247082,0.010677761208196183,0.7105285185907104
region_hop10,spatial_knn,0,MT-ND2,0.1157659730104903,0.1541416764366758,0.7731522369161467
region_hop10,spatial_knn,0,CALML5,0.45193483628639997,0.394959033418849,0.4722624548983642
region_hop10,spatial_knn,0,HLA-DRA,-0.005065997831830853,0.01979246077812862,0.6755195163183869
region_hop10,spatial_knn,0,S100G,-0.19719372406084365,-0.21644387015239963,1.1298411598313596
region_hop10,spatial_knn,0,LINC00645,0.22597691044137813,0.3378450652692825,0.785249959995534
region_hop10,spatial_knn,0,C3,0.10793077133258756,0.07289264298424908,0.8032954280473574
region_hop10,spatial_knn,0,IGLC3,0.09429708757090616,0.07103265779112732,0.7904501973266125
region_hop10,spatial_knn,0,IGLC1,0.20802999406649006,0.1419789149368507,0.8748809547922201
region_hop10,spatial_knn,0,TIMP1,0.11026248654453627,0.06577085083625228,0.7719601769454034
region_hop10,spatial_knn,0,APOC1,0.12790393315701082,0.13530238437369307,0.705673763072071
region_hop10,spatial_knn,0,TFF1,0.1362299519173212,0.12860882190055734,0.6502995206035533
region_hop10,spatial_knn,0,SCGB2A2,-0.14701129137365435,-0.13789590926337617,1.030554209926971
region_hop10,spatial_knn,0,SCGB1D2,0.029011199663622186,0.02506444136513071,0.9634448891726677
region_hop10,spatial_knn,0,SERPINA3,0.06343808246781378,0.058296987578925485,0.6646916076236926
region_hop10,spatial_knn,0,LINC00052,0.38464727302680457,0.199608737030395,0.24450629834027618
region_hop10,spatial_knn,0,AGR2,-0.10969595828609753,-0.1651034906689896,0.757885216301438
region_hop10,spatial_knn,0,C6orf141,0.2851416592858065,0.17958313238548484,0.3808864185864503
region_hop10,spatial_knn,0,LYZ,-0.019131480686266026,-0.007046315800475189,0.8281551763435386
region_hop10,spatial_knn,0,CTSD,-0.015856547276647127,0.002356612864022996,0.5154053465668811
region_hop10,spatial_knn,0,HEBP1,-0.0779839704456126,-0.09179570104569203,0.8469164941415237
region_hop10,spatial_knn,0,IGHM,0.022881567724410534,0.022491571831824885,0.7911398004305911
region_hop10,spatial_knn,0,HLA-DRB1,0.02606320822622157,0.0330707285881067,0.600686610636691
region_hop10,spatial_knn,0,C1QA,0.04841024399092481,0.055057335611246705,0.7207053788535586
region_hop10,spatial_knn,0,IGHA1,0.15094416044550835,0.08565871549175066,0.8181868852151192
region_hop10,spatial_knn,0,DEGS1,0.1124078581896498,0.061905130021486114,0.7150988320130137
region_hop10,spatial_knn,0,AC087379.2,-0.2263531933458171,-0.4110289330359422,0.7534231444622334
region_hop10,spatial_knn,0,AEBP1,0.0216232813103892,0.05718244153279895,0.7473094768982749
region_hop10,spatial_knn,0,COL1A2,0.0977088025039089,0.11026389540540271,0.7367887988566038
region_hop10,spatial_knn,0,GFRA1,-0.02234984843225467,-0.02061422279331068,0.7124866501038893
region_hop10,spatial_knn,0,COL1A1,0.08022692989870196,0.10654436157730869,0.7268979839884949
region_hop10,spatial_knn,0,HLA-E,-0.203844227348449,-0.19154925601268113,0.656712711287701
region_hop10,spatial_knn,0,CFB,0.4608897905728158,0.4797401637951705,0.5102999570182434
region_hop10,spatial_knn,0,CCL19,-0.07439122481155415,-0.13765578105683182,0.5341569901083445
region_hop10,spatial_knn,0,SNCG,0.2342681029631328,0.21923252000729862,0.58031303381953
region_hop10,spatial_knn,0,IGHG2,0.12915495486923426,0.07759935742757021,0.5841426736262635
random,mean,1,CRISP3,,,0.9362200498580933
random,mean,1,CPB1,,,0.9614742994308472
random,mean,1,IGHG3,,,0.9439499974250793
random,mean,1,CD74,0.0,,0.5484811067581177
random,mean,1,IGLC2,0.0,,1.0689504146575928
random,mean,1,HLA-B,,,0.48829591274261475
random,mean,1,IGKC,,,0.9648376703262329
random,mean,1,MALAT1,,,0.7730957865715027
random,mean,1,ALB,0.0,,0.6355246901512146
random,mean,1,IGHG4,0.0,,0.7082062363624573
random,mean,1,TFF3,,,0.5936194062232971
random,mean,1,CXCL14,0.0,,0.8013967275619507
random,mean,1,IGHG1,,,0.8714756965637207
random,mean,1,SLITRK6,,,0.559097945690155
random,mean,1,APOE,,,0.6401341557502747
random,mean,1,MT-ND2,0.0,,0.585640549659729
random,mean,1,CALML5,0.0,,0.5320389270782471
random,mean,1,HLA-DRA,0.0,,0.6077492833137512
random,mean,1,S100G,,,0.7626619935035706
random,mean,1,LINC00645,0.0,,0.52997225522995
random,mean,1,C3,,,0.7547367215156555
random,mean,1,IGLC3,0.0,,0.765643298625946
random,mean,1,IGLC1,,,0.8219878673553467
random,mean,1,TIMP1,,,0.7276915907859802
random,mean,1,APOC1,,,0.6420317888259888
random,mean,1,TFF1,0.0,,0.6870244145393372
random,mean,1,SCGB2A2,,,0.7606409192085266
random,mean,1,SCGB1D2,,,0.7419412136077881
random,mean,1,SERPINA3,0.0,,0.6567543745040894
random,mean,1,LINC00052,0.0,,0.29763105511665344
random,mean,1,AGR2,0.0,,0.6267367601394653
random,mean,1,C6orf141,0.0,,0.4614102244377136
random,mean,1,LYZ,0.0,,0.705508291721344
random,mean,1,CTSD,0.0,,0.48685505986213684
random,mean,1,HEBP1,0.0,,0.6432706117630005
random,mean,1,IGHM,,,0.8180534243583679
random,mean,1,HLA-DRB1,,,0.59828782081604
random,mean,1,C1QA,,,0.6844106316566467
random,mean,1,IGHA1,,,0.8081437349319458
random,mean,1,DEGS1,,,0.6423596143722534
random,mean,1,AC087379.2,0.0,,0.41811034083366394
random,mean,1,AEBP1,,,0.698246955871582
random,mean,1,COL1A2,,,0.7084243297576904
random,mean,1,GFRA1,0.0,,0.6248862147331238
random,mean,1,COL1A1,,,0.7192041277885437
random,mean,1,HLA-E,,,0.568891167640686
random,mean,1,CFB,,,0.5763771533966064
random,mean,1,CCL19,0.0,,0.5379614233970642
random,mean,1,SNCG,0.0,,0.5969206094741821
random,mean,1,IGHG2,0.0,,0.6300941109657288
random,pca_ridge,1,CRISP3,0.7306347889660507,0.4719029640344536,0.63946932554245
random,pca_ridge,1,CPB1,0.5216227005811341,0.5493876480119768,0.819818377494812
random,pca_ridge,1,IGHG3,0.6410478784845579,0.6801943510234568,0.7248433828353882
random,pca_ridge,1,CD74,0.7862666163318598,0.7918489780285107,0.3386842608451843
random,pca_ridge,1,IGLC2,0.6549832857312629,0.6940589176018667,0.8081745505332947
random,pca_ridge,1,HLA-B,0.6929507094079551,0.7090727804781839,0.3522479236125946
random,pca_ridge,1,IGKC,0.6903400026552928,0.7217137469814588,0.6982468366622925
random,pca_ridge,1,MALAT1,0.6969210387030297,0.7349866938592815,0.5545951724052429
random,pca_ridge,1,ALB,0.23600215030626293,0.1285679711767476,0.6252355575561523
random,pca_ridge,1,IGHG4,0.6733096783248462,0.7050202194661235,0.5235484838485718
random,pca_ridge,1,TFF3,0.6146298635860504,0.6248923655072016,0.46815118193626404
random,pca_ridge,1,CXCL14,0.6533763494195429,0.5195024085514844,0.6086739301681519
random,pca_ridge,1,IGHG1,0.6511794141394947,0.6772817241993531,0.6620321273803711
random,pca_ridge,1,SLITRK6,0.6843817225923216,0.44310183741740206,0.40814101696014404
random,pca_ridge,1,APOE,0.7983893738003283,0.808869430384555,0.385966420173645
random,pca_ridge,1,MT-ND2,0.5767830641559052,0.6208453452264554,0.47872862219810486
random,pca_ridge,1,CALML5,0.526073525211705,0.5620969523204709,0.45319777727127075
random,pca_ridge,1,HLA-DRA,0.7338066244273953,0.7657545752909884,0.41296279430389404
random,pca_ridge,1,S100G,0.5788845899619252,0.5780169004872422,0.6250356435775757
random,pca_ridge,1,LINC00645,0.4140115682692499,0.3048262561070165,0.4824273884296417
random,pca_ridge,1,C3,0.6799947223599381,0.6677877868022842,0.5536887645721436
random,pca_ridge,1,IGLC3,0.4603890889309862,0.3913691854548132,0.6858065128326416
random,pca_ridge,1,IGLC1,0.4546919204523029,0.4226827883533495,0.7342845797538757
random,pca_ridge,1,TIMP1,0.6975482177935111,0.6923243826567417,0.5210532546043396
random,pca_ridge,1,APOC1,0.6666056268773312,0.6663573217483604,0.47914111614227295
random,pca_ridge,1,TFF1,0.49809499191763734,0.5180032092069224,0.5954020619392395
random,pca_ridge,1,SCGB2A2,0.5364881253396092,0.5533924220091845,0.6417453289031982
random,pca_ridge,1,SCGB1D2,0.5359379270736616,0.5487743746090413,0.6263023614883423
random,pca_ridge,1,SERPINA3,0.37439539140083317,0.4379217635114678,0.6101463437080383
random,pca_ridge,1,LINC00052,0.4116602124109043,0.2778322266099065,0.271536260843277
random,pca_ridge,1,AGR2,0.5960365548662144,0.5744016817642428,0.5038554072380066
random,pca_ridge,1,C6orf141,0.5713396647785368,0.3741136482497931,0.3785381019115448
random,pca_ridge,1,LYZ,0.6658000880305188,0.6779181171544577,0.5266516208648682
random,pca_ridge,1,CTSD,0.631268653773256,0.6808996868706877,0.377591997385025
random,pca_ridge,1,HEBP1,0.5434703510850001,0.5575674757578355,0.5405795574188232
random,pca_ridge,1,IGHM,0.49561143703401417,0.454726514883432,0.7102611660957336
random,pca_ridge,1,HLA-DRB1,0.6425403610938255,0.6849602577724359,0.4582129716873169
random,pca_ridge,1,C1QA,0.7326362985253151,0.747990482054025,0.4666374623775482
random,pca_ridge,1,IGHA1,0.44408008385834846,0.47721033051304795,0.724962055683136
random,pca_ridge,1,DEGS1,0.48568762108440805,0.4065616530213686,0.5648975968360901
random,pca_ridge,1,AC087379.2,0.4441015189443619,0.3254560783134777,0.37468868494033813
random,pca_ridge,1,AEBP1,0.696485074479577,0.704233622439726,0.5009861588478088
random,pca_ridge,1,COL1A2,0.6448998472961004,0.6801458614553058,0.5414391756057739
random,pca_ridge,1,GFRA1,0.5265761326170634,0.412871248844795,0.5329612493515015
random,pca_ridge,1,COL1A1,0.7038118968035884,0.7183989082911976,0.5109906792640686
random,pca_ridge,1,HLA-E,0.6275384369166641,0.705710683402415,0.4435979127883911
random,pca_ridge,1,CFB,0.4230213050417609,0.4410266232211679,0.5225390791893005
random,pca_ridge,1,CCL19,0.5280795287892877,0.37668895227371174,0.45656222105026245
random,pca_ridge,1,SNCG,0.4989328719735855,0.48654620547461597,0.5194476842880249
random,pca_ridge,1,IGHG2,0.4347671907453103,0.34410260529470404,0.5673977732658386
random,spatial_knn,1,CRISP3,0.8615424081225221,0.5362144694938444,0.47435372023778233
random,spatial_knn,1,CPB1,0.7843345429878702,0.7402433329419789,0.5964304411985031
random,spatial_knn,1,IGHG3,0.7409565397049265,0.703921778908643,0.6341285599921677
random,spatial_knn,1,CD74,0.7867578448291761,0.7718948375159237,0.3391065362332849
random,spatial_knn,1,IGLC2,0.7299056927131623,0.7355382545567447,0.7315742026717432
random,spatial_knn,1,HLA-B,0.7865301055249031,0.8059873921882137,0.3018223565275678
random,spatial_knn,1,IGKC,0.735575370481931,0.7363010588152571,0.6541377215031999
random,spatial_knn,1,MALAT1,0.5948945355325603,0.6231242985691525,0.6275253176505624
random,spatial_knn,1,ALB,0.7235536712330989,0.20804353260709785,0.4489719779961408
random,spatial_knn,1,IGHG4,0.6964568603497265,0.6742235731798929,0.5089079910044577
random,spatial_knn,1,TFF3,0.7321881549341742,0.7412300238678949,0.40512011442008217
random,spatial_knn,1,CXCL14,0.7749590103754724,0.6354044199679374,0.5068119453304527
random,spatial_knn,1,IGHG1,0.6802397670303043,0.6793446394266779,0.6404096611548409
random,spatial_knn,1,SLITRK6,0.8088107491293453,0.4618374048706873,0.3288108293513157
random,spatial_knn,1,APOE,0.6412476628056457,0.640205909882867,0.49383781637618673
random,spatial_knn,1,MT-ND2,0.5679951579031335,0.5735456144848955,0.48407347600522427
random,spatial_knn,1,CALML5,0.7207355564211234,0.7228342315712001,0.37179176660625
random,spatial_knn,1,HLA-DRA,0.7133981651114019,0.746001300273352,0.42733160567960404
random,spatial_knn,1,S100G,0.7220779237547554,0.6730828720683865,0.5320052169654592
random,spatial_knn,1,LINC00645,0.6768290372200292,0.4610180858804787,0.3911288288545084
random,spatial_knn,1,C3,0.5987977741092405,0.576722352399217,0.6117280329120333
random,spatial_knn,1,IGLC3,0.6022610841883465,0.4804070084263621,0.6173183247393875
random,spatial_knn,1,IGLC1,0.5111724243014961,0.472865348519632,0.7111792431934922
random,spatial_knn,1,TIMP1,0.6226487358112399,0.6073701860966001,0.5729393666020602
random,spatial_knn,1,APOC1,0.6084401082878474,0.6146301027642597,0.510874277880361
random,spatial_knn,1,TFF1,0.635375142701199,0.6299270544122552,0.5316365866217708
random,spatial_knn,1,SCGB2A2,0.6530432498166333,0.6338507258030587,0.5772224806188875
random,spatial_knn,1,SCGB1D2,0.6302348657374877,0.6144298391934125,0.5773637585608471
random,spatial_knn,1,SERPINA3,0.6159318901252169,0.5904045322737062,0.5200936122404552
random,spatial_knn,1,LINC00052,0.6662282938602001,0.2751396457447237,0.22323139004147619
random,spatial_knn,1,AGR2,0.6059124568832064,0.5768325828814033,0.5009489202518015
random,spatial_knn,1,C6orf141,0.682541672414652,0.42017508719466196,0.3370559526300529
random,spatial_knn,1,LYZ,0.6174759989779652,0.6294585310523118,0.5571823761860645
random,spatial_knn,1,CTSD,0.503827070141706,0.553059917146199,0.4236770174311265
random,spatial_knn,1,HEBP1,0.6451165112776315,0.600647944234197,0.49203867080465463
random,spatial_knn,1,IGHM,0.5565815541569671,0.5074130261869951,0.6818757555384753
random,spatial_knn,1,HLA-DRB1,0.5895516047806116,0.6448788212233212,0.4849751599182219
random,spatial_knn,1,C1QA,0.6179130741297932,0.6357542058405456,0.5385251127373564
random,spatial_knn,1,IGHA1,0.5618796385231165,0.5452534578617145,0.6706833204820847
random,spatial_knn,1,DEGS1,0.5841961165767092,0.5024580007416724,0.5251194835556553
random,spatial_knn,1,AC087379.2,0.64465032133044,0.3817863650673763,0.3207609130897695
random,spatial_knn,1,AEBP1,0.5419538453069901,0.540403380095586,0.5905144857668552
random,spatial_knn,1,COL1A2,0.5260798163145038,0.5545686184006715,0.6108783838482656
random,spatial_knn,1,GFRA1,0.5767409566637013,0.45007263334418746,0.5149168376806932
random,spatial_knn,1,COL1A1,0.5711267732441775,0.5864154524008731,0.5947433955314269
random,spatial_knn,1,HLA-E,0.6008471661853904,0.6681128079588139,0.4551321619314496
random,spatial_knn,1,CFB,0.562704527786023,0.5817680528749052,0.47861931013268433
random,spatial_knn,1,CCL19,0.5166225513320147,0.3977009056956681,0.46451646946143055
random,spatial_knn,1,SNCG,0.6234397985755509,0.5803824397314687,0.4682526264838063
random,spatial_knn,1,IGHG2,0.48347751754228124,0.4011874634176962,0.5528504199201371
matched_hop0,mean,1,CRISP3,,,0.8510287404060364
matched_hop0,mean,1,CPB1,,,0.8005809783935547
matched_hop0,mean,1,IGHG3,,,0.8229166269302368
matched_hop0,mean,1,CD74,,,0.5004886984825134
matched_hop0,mean,1,IGLC2,,,0.9698345065116882
matched_hop0,mean,1,HLA-B,,,0.4933422803878784
matched_hop0,mean,1,IGKC,,,0.8877245187759399
matched_hop0,mean,1,MALAT1,0.0,,0.6316999197006226
matched_hop0,mean,1,ALB,,,0.35233259201049805
matched_hop0,mean,1,IGHG4,0.0,,0.6394078731536865
matched_hop0,mean,1,TFF3,0.0,,0.509209930896759
matched_hop0,mean,1,CXCL14,,,0.777587890625
matched_hop0,mean,1,IGHG1,,,0.7722637057304382
matched_hop0,mean,1,SLITRK6,0.0,,0.5087006092071533
matched_hop0,mean,1,APOE,0.0,,0.6197260618209839
matched_hop0,mean,1,MT-ND2,0.0,,0.6931376457214355
matched_hop0,mean,1,CALML5,,,0.7339107990264893
matched_hop0,mean,1,HLA-DRA,,,0.57480388879776
matched_hop0,mean,1,S100G,,,0.865200936794281
matched_hop0,mean,1,LINC00645,,,0.4952993094921112
matched_hop0,mean,1,C3,,,0.6498775482177734
matched_hop0,mean,1,IGLC3,0.0,,0.7004159688949585
matched_hop0,mean,1,IGLC1,,,0.7917926907539368
matched_hop0,mean,1,TIMP1,0.0,,0.6855579614639282
matched_hop0,mean,1,APOC1,,,0.5988755226135254
matched_hop0,mean,1,TFF1,,,0.7106549739837646
matched_hop0,mean,1,SCGB2A2,0.0,,0.8356714844703674
matched_hop0,mean,1,SCGB1D2,,,0.732603132724762
matched_hop0,mean,1,SERPINA3,,,0.48448967933654785
matched_hop0,mean,1,LINC00052,,,0.4671761691570282
matched_hop0,mean,1,AGR2,,,0.5160017013549805
matched_hop0,mean,1,C6orf141,0.0,,0.39761409163475037
matched_hop0,mean,1,LYZ,0.0,,0.7271910905838013
matched_hop0,mean,1,CTSD,0.0,,0.4804665744304657
matched_hop0,mean,1,HEBP1,,,0.8017717003822327
matched_hop0,mean,1,IGHM,,,0.6868188977241516
matched_hop0,mean,1,HLA-DRB1,,,0.56646728515625
matched_hop0,mean,1,C1QA,,,0.6395238637924194
matched_hop0,mean,1,IGHA1,,,0.7666659951210022
matched_hop0,mean,1,DEGS1,,,0.6514807939529419
matched_hop0,mean,1,AC087379.2,,,0.603087842464447
matched_hop0,mean,1,AEBP1,,,0.6260107159614563
matched_hop0,mean,1,COL1A2,,,0.6160836815834045
matched_hop0,mean,1,GFRA1,,,0.5590776205062866
matched_hop0,mean,1,COL1A1,,,0.6335509419441223
matched_hop0,mean,1,HLA-E,,,0.4696451425552368
matched_hop0,mean,1,CFB,,,0.44328635931015015
matched_hop0,mean,1,CCL19,,,0.49153822660446167
matched_hop0,mean,1,SNCG,,,0.7492319941520691
matched_hop0,mean,1,IGHG2,,,0.49754440784454346
matched_hop0,pca_ridge,1,CRISP3,0.731253604027216,0.5461730118206348,0.5836822390556335
matched_hop0,pca_ridge,1,CPB1,0.3242969658540357,0.31927330584957814,1.0322216749191284
matched_hop0,pca_ridge,1,IGHG3,0.6045222055671199,0.6158668978611948,0.6402047276496887
matched_hop0,pca_ridge,1,CD74,0.8005651016038765,0.7943580142555647,0.31090325117111206
matched_hop0,pca_ridge,1,IGLC2,0.5212671346444994,0.5451996340316597,0.8202965259552002
matched_hop0,pca_ridge,1,HLA-B,0.6726389570638204,0.688598076666184,0.3512668311595917
matched_hop0,pca_ridge,1,IGKC,0.6157797513945962,0.6386273470597248,0.6910526156425476
matched_hop0,pca_ridge,1,MALAT1,0.5773505461239277,0.5910202290550529,0.5112740397453308
matched_hop0,pca_ridge,1,ALB,0.05761076497775621,0.04069329197313005,0.36568230390548706
matched_hop0,pca_ridge,1,IGHG4,0.5976173916032174,0.5798134371588198,0.5087962746620178
matched_hop0,pca_ridge,1,TFF3,0.5697598306501972,0.5350981760604143,0.48913487792015076
matched_hop0,pca_ridge,1,CXCL14,0.7325896901058856,0.49245738565750335,0.5198478102684021
matched_hop0,pca_ridge,1,IGHG1,0.6205890177934381,0.6039673668385139,0.5950713753700256
matched_hop0,pca_ridge,1,SLITRK6,0.6795980295722379,0.4743925641008944,0.3753224313259125
matched_hop0,pca_ridge,1,APOE,0.8348614822175586,0.8224179637052953,0.3424946963787079
matched_hop0,pca_ridge,1,MT-ND2,0.5897343364717929,0.599675362918212,0.5956090092658997
matched_hop0,pca_ridge,1,CALML5,0.3958056789623317,0.438187777956662,0.7072955965995789
matched_hop0,pca_ridge,1,HLA-DRA,0.7930374016908375,0.7852834844845165,0.3573698401451111
matched_hop0,pca_ridge,1,S100G,0.5933637137395398,0.6047516649973685,0.6810504198074341
matched_hop0,pca_ridge,1,LINC00645,0.5053247270766228,0.47666265707547556,0.43434566259384155
matched_hop0,pca_ridge,1,C3,0.7204687269731636,0.6736404378240177,0.4366852939128876
matched_hop0,pca_ridge,1,IGLC3,0.3605280389723967,0.34829990554692924,0.658865213394165
matched_hop0,pca_ridge,1,IGLC1,0.3756112898360441,0.38440732402291794,0.7459232211112976
matched_hop0,pca_ridge,1,TIMP1,0.6774965334383091,0.6510331749563047,0.5001134872436523
matched_hop0,pca_ridge,1,APOC1,0.660226849027423,0.6402882248367937,0.44306480884552
matched_hop0,pca_ridge,1,TFF1,0.3836261442015562,0.3509165646985411,0.6510038375854492
matched_hop0,pca_ridge,1,SCGB2A2,0.5754509051351787,0.5916638146265977,0.6647528409957886
matched_hop0,pca_ridge,1,SCGB1D2,0.5281869177352665,0.5435390768119356,0.6001325249671936
matched_hop0,pca_ridge,1,SERPINA3,0.19999970513040405,0.2100281132202103,0.5251178741455078
matched_hop0,pca_ridge,1,LINC00052,0.08184336503955777,0.10152432996288188,0.4648120403289795
matched_hop0,pca_ridge,1,AGR2,0.6008106494387169,0.5657853659492057,0.42367494106292725
matched_hop0,pca_ridge,1,C6orf141,0.5519872539630961,0.3407548313995736,0.3359093964099884
matched_hop0,pca_ridge,1,LYZ,0.7715904629178442,0.7803811105249561,0.4681958258152008
matched_hop0,pca_ridge,1,CTSD,0.7495053964920548,0.738331173047217,0.32410478591918945
matched_hop0,pca_ridge,1,HEBP1,0.6129508516194527,0.6192566973174104,0.6165423393249512
matched_hop0,pca_ridge,1,IGHM,0.2964272557524194,0.287920339386453,0.6763110160827637
matched_hop0,pca_ridge,1,HLA-DRB1,0.7611706129457396,0.766826638910764,0.37347763776779175
matched_hop0,pca_ridge,1,C1QA,0.7921364083876345,0.7657498334927353,0.39131036400794983
matched_hop0,pca_ridge,1,IGHA1,0.31137816696694,0.29041320746030186,0.7300324440002441
matched_hop0,pca_ridge,1,DEGS1,0.5923159529113007,0.36602182840628145,0.5267021656036377
matched_hop0,pca_ridge,1,AC087379.2,0.4108104410176387,0.3577439902712152,0.5505457520484924
matched_hop0,pca_ridge,1,AEBP1,0.6909621325872584,0.6941916107196708,0.4385998249053955
matched_hop0,pca_ridge,1,COL1A2,0.6886759671283907,0.6870389567347253,0.43882128596305847
matched_hop0,pca_ridge,1,GFRA1,0.6133447246246856,0.5005741622633185,0.441048800945282
matched_hop0,pca_ridge,1,COL1A1,0.6735303483731583,0.6764039229494971,0.4645806550979614
matched_hop0,pca_ridge,1,HLA-E,0.6880993532170271,0.7078293693325853,0.340969443321228
matched_hop0,pca_ridge,1,CFB,0.03695785133513885,0.012246095786751733,0.5499550104141235
matched_hop0,pca_ridge,1,CCL19,0.4761768839107769,0.3809021166674053,0.42862603068351746
matched_hop0,pca_ridge,1,SNCG,0.6536514241902119,0.6346243499723145,0.6337025761604309
matched_hop0,pca_ridge,1,IGHG2,0.3334710842655607,0.2781590697736418,0.47207486629486084
matched_hop0,spatial_knn,1,CRISP3,0.7290276009859145,0.5619241853918862,0.6622196004502843
matched_hop0,spatial_knn,1,CPB1,0.2995487835227136,0.3251081395545217,0.8744630607655521
matched_hop0,spatial_knn,1,IGHG3,0.18209958495369033,0.2477714558980422,0.9615116113761585
matched_hop0,spatial_knn,1,CD74,0.3915821882770174,0.3895600941134444,0.5587195924796211
matched_hop0,spatial_knn,1,IGLC2,0.22151363472822322,0.20989975008215453,0.9952984692084996
matched_hop0,spatial_knn,1,HLA-B,0.29136888256358023,0.3100701932053606,0.48742744863952286
matched_hop0,spatial_knn,1,IGKC,0.10628787896502655,0.17409792003213745,1.1489573573762526
matched_hop0,spatial_knn,1,MALAT1,0.2468274798570956,0.1947688032645886,0.6530475087260322
matched_hop0,spatial_knn,1,ALB,0.06647726384392284,0.06628122498043952,0.35934198039115994
matched_hop0,spatial_knn,1,IGHG4,0.2273387723272999,0.24294634147397967,0.6467405131642912
matched_hop0,spatial_knn,1,TFF3,0.5506765131402703,0.5300327440958484,0.4979063505601883
matched_hop0,spatial_knn,1,CXCL14,0.6603368815175504,0.5830019896765462,0.6015037943528759
matched_hop0,spatial_knn,1,IGHG1,0.1925122218742418,0.22078523181297813,0.8916563607581316
matched_hop0,spatial_knn,1,SLITRK6,0.6441466476491811,0.4583673506925611,0.45745533379534103
matched_hop0,spatial_knn,1,APOE,0.19476774396521432,0.19701434680015964,0.8917072436849627
matched_hop0,spatial_knn,1,MT-ND2,0.17426934308906955,0.1597103041509446,0.6296770632708293
matched_hop0,spatial_knn,1,CALML5,0.4495009619134226,0.4697335338584261,0.6898339444357274
matched_hop0,spatial_knn,1,HLA-DRA,0.4617537886841173,0.4816100406135844,0.559335674007266
matched_hop0,spatial_knn,1,S100G,0.30448724756112183,0.2693161820620703,0.9299057174078588
matched_hop0,spatial_knn,1,LINC00645,0.5961527781298588,0.5115468446829756,0.5057499278222718
matched_hop0,spatial_knn,1,C3,0.3444186286723518,0.3070202603196164,0.6710063746901404
matched_hop0,spatial_knn,1,IGLC3,0.22259986980124374,0.08856781721660743,0.6857551715673662
matched_hop0,spatial_knn,1,IGLC1,0.20823317273818098,0.21799089009721626,0.800615600069085
matched_hop0,spatial_knn,1,TIMP1,0.4444237134908018,0.42503794145955204,0.6110648094466679
matched_hop0,spatial_knn,1,APOC1,0.23424882989351364,0.20251346774526077,0.7762536696433125
matched_hop0,spatial_knn,1,TFF1,0.5315927845182874,0.5310573708654581,0.6141447945564081
matched_hop0,spatial_knn,1,SCGB2A2,0.28985346485246044,0.3245169599128803,0.8166300740547506
matched_hop0,spatial_knn,1,SCGB1D2,0.2978706949841245,0.3419714022982207,0.7260361301590722
matched_hop0,spatial_knn,1,SERPINA3,0.14023812014486745,0.09441107121123292,0.484373135141315
matched_hop0,spatial_knn,1,LINC00052,0.3555838248671942,0.29571685925306634,0.4519118452691602
matched_hop0,spatial_knn,1,AGR2,0.2835394211910116,0.26744060635519884,0.6169672574914089
matched_hop0,spatial_knn,1,C6orf141,0.4568214894644345,0.28982992063934215,0.38655533682848875
matched_hop0,spatial_knn,1,LYZ,0.3645530123412834,0.41647821115999883,0.7258336779493586
matched_hop0,spatial_knn,1,CTSD,0.09439382164941786,0.09547346163677914,0.7043821446420595
matched_hop0,spatial_knn,1,HEBP1,0.2544874329807806,0.273730837015374,0.8204174571958307
matched_hop0,spatial_knn,1,IGHM,0.09200579143875592,0.134431995054088,0.7045987007391306
matched_hop0,spatial_knn,1,HLA-DRB1,0.4603261239647778,0.4497225031304444,0.5738322789349205
matched_hop0,spatial_knn,1,C1QA,0.24943947581092296,0.2529394257092084,0.8280219284500904
matched_hop0,spatial_knn,1,IGHA1,0.3068011478265845,0.2133227192455998,0.7283787276758922
matched_hop0,spatial_knn,1,DEGS1,0.5486697598233465,0.49848663204488947,0.6089587515641044
matched_hop0,spatial_knn,1,AC087379.2,0.36517967894988285,0.3283030750744373,0.5998933329482733
matched_hop0,spatial_knn,1,AEBP1,0.1431182980410061,0.11592640402112357,0.6959151092720798
matched_hop0,spatial_knn,1,COL1A2,0.263016522289685,0.26972932518266757,0.6373298291623907
matched_hop0,spatial_knn,1,GFRA1,0.33287272060493045,0.2669046200748966,0.6257168010461786
matched_hop0,spatial_knn,1,COL1A1,0.21236779872492748,0.19865246755786245,0.691448323671987
matched_hop0,spatial_knn,1,HLA-E,0.2657705223112778,0.2439821007617983,0.5536357408550516
matched_hop0,spatial_knn,1,CFB,0.010367786466401917,-0.027991222380511722,0.5188626421807342
matched_hop0,spatial_knn,1,CCL19,0.510339000384785,0.4361477644544057,0.4665005936410946
matched_hop0,spatial_knn,1,SNCG,0.7292083738078446,0.6919385818824492,0.5628126719721599
matched_hop0,spatial_knn,1,IGHG2,0.07407311377481399,0.08464945648905657,0.5190373044694587
matched_hop1,mean,1,CRISP3,,,0.8510287404060364
matched_hop1,mean,1,CPB1,,,0.8005809783935547
matched_hop1,mean,1,IGHG3,,,0.8229166269302368
matched_hop1,mean,1,CD74,,,0.5004886984825134
matched_hop1,mean,1,IGLC2,,,0.9698345065116882
matched_hop1,mean,1,HLA-B,,,0.4933422803878784
matched_hop1,mean,1,IGKC,,,0.8877245187759399
matched_hop1,mean,1,MALAT1,0.0,,0.6316999197006226
matched_hop1,mean,1,ALB,,,0.35233259201049805
matched_hop1,mean,1,IGHG4,0.0,,0.6394078731536865
matched_hop1,mean,1,TFF3,0.0,,0.509209930896759
matched_hop1,mean,1,CXCL14,,,0.777587890625
matched_hop1,mean,1,IGHG1,,,0.7722637057304382
matched_hop1,mean,1,SLITRK6,0.0,,0.5087006092071533
matched_hop1,mean,1,APOE,0.0,,0.6197260618209839
matched_hop1,mean,1,MT-ND2,0.0,,0.6931376457214355
matched_hop1,mean,1,CALML5,,,0.7339107990264893
matched_hop1,mean,1,HLA-DRA,,,0.57480388879776
matched_hop1,mean,1,S100G,,,0.865200936794281
matched_hop1,mean,1,LINC00645,,,0.4952993094921112
matched_hop1,mean,1,C3,,,0.6498775482177734
matched_hop1,mean,1,IGLC3,0.0,,0.7004159688949585
matched_hop1,mean,1,IGLC1,,,0.7917926907539368
matched_hop1,mean,1,TIMP1,0.0,,0.6855579614639282
matched_hop1,mean,1,APOC1,,,0.5988755226135254
matched_hop1,mean,1,TFF1,,,0.7106549739837646
matched_hop1,mean,1,SCGB2A2,0.0,,0.8356714844703674
matched_hop1,mean,1,SCGB1D2,,,0.732603132724762
matched_hop1,mean,1,SERPINA3,,,0.48448967933654785
matched_hop1,mean,1,LINC00052,,,0.4671761691570282
matched_hop1,mean,1,AGR2,,,0.5160017013549805
matched_hop1,mean,1,C6orf141,0.0,,0.39761409163475037
matched_hop1,mean,1,LYZ,0.0,,0.7271910905838013
matched_hop1,mean,1,CTSD,0.0,,0.4804665744304657
matched_hop1,mean,1,HEBP1,,,0.8017717003822327
matched_hop1,mean,1,IGHM,,,0.6868188977241516
matched_hop1,mean,1,HLA-DRB1,,,0.56646728515625
matched_hop1,mean,1,C1QA,,,0.6395238637924194
matched_hop1,mean,1,IGHA1,,,0.7666659951210022
matched_hop1,mean,1,DEGS1,,,0.6514807939529419
matched_hop1,mean,1,AC087379.2,,,0.603087842464447
matched_hop1,mean,1,AEBP1,,,0.6260107159614563
matched_hop1,mean,1,COL1A2,,,0.6160836815834045
matched_hop1,mean,1,GFRA1,,,0.5590776205062866
matched_hop1,mean,1,COL1A1,,,0.6335509419441223
matched_hop1,mean,1,HLA-E,,,0.4696451425552368
matched_hop1,mean,1,CFB,,,0.44328635931015015
matched_hop1,mean,1,CCL19,,,0.49153822660446167
matched_hop1,mean,1,SNCG,,,0.7492319941520691
matched_hop1,mean,1,IGHG2,,,0.49754440784454346
matched_hop1,pca_ridge,1,CRISP3,0.731253604027216,0.5461730118206348,0.5836822390556335
matched_hop1,pca_ridge,1,CPB1,0.3242969658540357,0.31927330584957814,1.0322216749191284
matched_hop1,pca_ridge,1,IGHG3,0.6045222055671199,0.6158668978611948,0.6402047276496887
matched_hop1,pca_ridge,1,CD74,0.8005651016038765,0.7943580142555647,0.31090325117111206
matched_hop1,pca_ridge,1,IGLC2,0.5212671346444994,0.5451996340316597,0.8202965259552002
matched_hop1,pca_ridge,1,HLA-B,0.6726389570638204,0.688598076666184,0.3512668311595917
matched_hop1,pca_ridge,1,IGKC,0.6157797513945962,0.6386273470597248,0.6910526156425476
matched_hop1,pca_ridge,1,MALAT1,0.5773505461239277,0.5910202290550529,0.5112740397453308
matched_hop1,pca_ridge,1,ALB,0.05761076497775621,0.04069329197313005,0.36568230390548706
matched_hop1,pca_ridge,1,IGHG4,0.5976173916032174,0.5798134371588198,0.5087962746620178
matched_hop1,pca_ridge,1,TFF3,0.5697598306501972,0.5350981760604143,0.48913487792015076
matched_hop1,pca_ridge,1,CXCL14,0.7325896901058856,0.49245738565750335,0.5198478102684021
matched_hop1,pca_ridge,1,IGHG1,0.6205890177934381,0.6039673668385139,0.5950713753700256
matched_hop1,pca_ridge,1,SLITRK6,0.6795980295722379,0.4743925641008944,0.3753224313259125
matched_hop1,pca_ridge,1,APOE,0.8348614822175586,0.8224179637052953,0.3424946963787079
matched_hop1,pca_ridge,1,MT-ND2,0.5897343364717929,0.599675362918212,0.5956090092658997
matched_hop1,pca_ridge,1,CALML5,0.3958056789623317,0.438187777956662,0.7072955965995789
matched_hop1,pca_ridge,1,HLA-DRA,0.7930374016908375,0.7852834844845165,0.3573698401451111
matched_hop1,pca_ridge,1,S100G,0.5933637137395398,0.6047516649973685,0.6810504198074341
matched_hop1,pca_ridge,1,LINC00645,0.5053247270766228,0.47666265707547556,0.43434566259384155
matched_hop1,pca_ridge,1,C3,0.7204687269731636,0.6736404378240177,0.4366852939128876
matched_hop1,pca_ridge,1,IGLC3,0.3605280389723967,0.34829990554692924,0.658865213394165
matched_hop1,pca_ridge,1,IGLC1,0.3756112898360441,0.38440732402291794,0.7459232211112976
matched_hop1,pca_ridge,1,TIMP1,0.6774965334383091,0.6510331749563047,0.5001134872436523
matched_hop1,pca_ridge,1,APOC1,0.660226849027423,0.6402882248367937,0.44306480884552
matched_hop1,pca_ridge,1,TFF1,0.3836261442015562,0.3509165646985411,0.6510038375854492
matched_hop1,pca_ridge,1,SCGB2A2,0.5754509051351787,0.5916638146265977,0.6647528409957886
matched_hop1,pca_ridge,1,SCGB1D2,0.5281869177352665,0.5435390768119356,0.6001325249671936
matched_hop1,pca_ridge,1,SERPINA3,0.19999970513040405,0.2100281132202103,0.5251178741455078
matched_hop1,pca_ridge,1,LINC00052,0.08184336503955777,0.10152432996288188,0.4648120403289795
matched_hop1,pca_ridge,1,AGR2,0.6008106494387169,0.5657853659492057,0.42367494106292725
matched_hop1,pca_ridge,1,C6orf141,0.5519872539630961,0.3407548313995736,0.3359093964099884
matched_hop1,pca_ridge,1,LYZ,0.7715904629178442,0.7803811105249561,0.4681958258152008
matched_hop1,pca_ridge,1,CTSD,0.7495053964920548,0.738331173047217,0.32410478591918945
matched_hop1,pca_ridge,1,HEBP1,0.6129508516194527,0.6192566973174104,0.6165423393249512
matched_hop1,pca_ridge,1,IGHM,0.2964272557524194,0.287920339386453,0.6763110160827637
matched_hop1,pca_ridge,1,HLA-DRB1,0.7611706129457396,0.766826638910764,0.37347763776779175
matched_hop1,pca_ridge,1,C1QA,0.7921364083876345,0.7657498334927353,0.39131036400794983
matched_hop1,pca_ridge,1,IGHA1,0.31137816696694,0.29041320746030186,0.7300324440002441
matched_hop1,pca_ridge,1,DEGS1,0.5923159529113007,0.36602182840628145,0.5267021656036377
matched_hop1,pca_ridge,1,AC087379.2,0.4108104410176387,0.3577439902712152,0.5505457520484924
matched_hop1,pca_ridge,1,AEBP1,0.6909621325872584,0.6941916107196708,0.4385998249053955
matched_hop1,pca_ridge,1,COL1A2,0.6886759671283907,0.6870389567347253,0.43882128596305847
matched_hop1,pca_ridge,1,GFRA1,0.6133447246246856,0.5005741622633185,0.441048800945282
matched_hop1,pca_ridge,1,COL1A1,0.6735303483731583,0.6764039229494971,0.4645806550979614
matched_hop1,pca_ridge,1,HLA-E,0.6880993532170271,0.7078293693325853,0.340969443321228
matched_hop1,pca_ridge,1,CFB,0.03695785133513885,0.012246095786751733,0.5499550104141235
matched_hop1,pca_ridge,1,CCL19,0.4761768839107769,0.3809021166674053,0.42862603068351746
matched_hop1,pca_ridge,1,SNCG,0.6536514241902119,0.6346243499723145,0.6337025761604309
matched_hop1,pca_ridge,1,IGHG2,0.3334710842655607,0.2781590697736418,0.47207486629486084
matched_hop1,spatial_knn,1,CRISP3,0.7290276009859145,0.5619241853918862,0.6622196004502843
matched_hop1,spatial_knn,1,CPB1,0.2995487835227136,0.3251081395545217,0.8744630607655521
matched_hop1,spatial_knn,1,IGHG3,0.18209958495369033,0.2477714558980422,0.9615116113761585
matched_hop1,spatial_knn,1,CD74,0.3915821882770174,0.3895600941134444,0.5587195924796211
matched_hop1,spatial_knn,1,IGLC2,0.22151363472822322,0.20989975008215453,0.9952984692084996
matched_hop1,spatial_knn,1,HLA-B,0.29136888256358023,0.3100701932053606,0.48742744863952286
matched_hop1,spatial_knn,1,IGKC,0.10628787896502655,0.17409792003213745,1.1489573573762526
matched_hop1,spatial_knn,1,MALAT1,0.2468274798570956,0.1947688032645886,0.6530475087260322
matched_hop1,spatial_knn,1,ALB,0.06647726384392284,0.06628122498043952,0.35934198039115994
matched_hop1,spatial_knn,1,IGHG4,0.2273387723272999,0.24294634147397967,0.6467405131642912
matched_hop1,spatial_knn,1,TFF3,0.5506765131402703,0.5300327440958484,0.4979063505601883
matched_hop1,spatial_knn,1,CXCL14,0.6603368815175504,0.5830019896765462,0.6015037943528759
matched_hop1,spatial_knn,1,IGHG1,0.1925122218742418,0.22078523181297813,0.8916563607581316
matched_hop1,spatial_knn,1,SLITRK6,0.6441466476491811,0.4583673506925611,0.45745533379534103
matched_hop1,spatial_knn,1,APOE,0.19476774396521432,0.19701434680015964,0.8917072436849627
matched_hop1,spatial_knn,1,MT-ND2,0.17426934308906955,0.1597103041509446,0.6296770632708293
matched_hop1,spatial_knn,1,CALML5,0.4495009619134226,0.4697335338584261,0.6898339444357274
matched_hop1,spatial_knn,1,HLA-DRA,0.4617537886841173,0.4816100406135844,0.559335674007266
matched_hop1,spatial_knn,1,S100G,0.30448724756112183,0.2693161820620703,0.9299057174078588
matched_hop1,spatial_knn,1,LINC00645,0.5961527781298588,0.5115468446829756,0.5057499278222718
matched_hop1,spatial_knn,1,C3,0.3444186286723518,0.3070202603196164,0.6710063746901404
matched_hop1,spatial_knn,1,IGLC3,0.22259986980124374,0.08856781721660743,0.6857551715673662
matched_hop1,spatial_knn,1,IGLC1,0.20823317273818098,0.21799089009721626,0.800615600069085
matched_hop1,spatial_knn,1,TIMP1,0.4444237134908018,0.42503794145955204,0.6110648094466679
matched_hop1,spatial_knn,1,APOC1,0.23424882989351364,0.20251346774526077,0.7762536696433125
matched_hop1,spatial_knn,1,TFF1,0.5315927845182874,0.5310573708654581,0.6141447945564081
matched_hop1,spatial_knn,1,SCGB2A2,0.28985346485246044,0.3245169599128803,0.8166300740547506
matched_hop1,spatial_knn,1,SCGB1D2,0.2978706949841245,0.3419714022982207,0.7260361301590722
matched_hop1,spatial_knn,1,SERPINA3,0.14023812014486745,0.09441107121123292,0.484373135141315
matched_hop1,spatial_knn,1,LINC00052,0.3555838248671942,0.29571685925306634,0.4519118452691602
matched_hop1,spatial_knn,1,AGR2,0.2835394211910116,0.26744060635519884,0.6169672574914089
matched_hop1,spatial_knn,1,C6orf141,0.4568214894644345,0.28982992063934215,0.38655533682848875
matched_hop1,spatial_knn,1,LYZ,0.3645530123412834,0.41647821115999883,0.7258336779493586
matched_hop1,spatial_knn,1,CTSD,0.09439382164941786,0.09547346163677914,0.7043821446420595
matched_hop1,spatial_knn,1,HEBP1,0.2544874329807806,0.273730837015374,0.8204174571958307
matched_hop1,spatial_knn,1,IGHM,0.09200579143875592,0.134431995054088,0.7045987007391306
matched_hop1,spatial_knn,1,HLA-DRB1,0.4603261239647778,0.4497225031304444,0.5738322789349205
matched_hop1,spatial_knn,1,C1QA,0.24943947581092296,0.2529394257092084,0.8280219284500904
matched_hop1,spatial_knn,1,IGHA1,0.3068011478265845,0.2133227192455998,0.7283787276758922
matched_hop1,spatial_knn,1,DEGS1,0.5486697598233465,0.49848663204488947,0.6089587515641044
matched_hop1,spatial_knn,1,AC087379.2,0.36517967894988285,0.3283030750744373,0.5998933329482733
matched_hop1,spatial_knn,1,AEBP1,0.1431182980410061,0.11592640402112357,0.6959151092720798
matched_hop1,spatial_knn,1,COL1A2,0.263016522289685,0.26972932518266757,0.6373298291623907
matched_hop1,spatial_knn,1,GFRA1,0.33287272060493045,0.2669046200748966,0.6257168010461786
matched_hop1,spatial_knn,1,COL1A1,0.21236779872492748,0.19865246755786245,0.691448323671987
matched_hop1,spatial_knn,1,HLA-E,0.2657705223112778,0.2439821007617983,0.5536357408550516
matched_hop1,spatial_knn,1,CFB,0.010367786466401917,-0.027991222380511722,0.5188626421807342
matched_hop1,spatial_knn,1,CCL19,0.510339000384785,0.4361477644544057,0.4665005936410946
matched_hop1,spatial_knn,1,SNCG,0.7292083738078446,0.6919385818824492,0.5628126719721599
matched_hop1,spatial_knn,1,IGHG2,0.07407311377481399,0.08464945648905657,0.5190373044694587
matched_hop2,mean,1,CRISP3,,,0.8154914379119873
matched_hop2,mean,1,CPB1,0.0,,0.8019675016403198
matched_hop2,mean,1,IGHG3,,,0.78558349609375
matched_hop2,mean,1,CD74,,,0.47897571325302124
matched_hop2,mean,1,IGLC2,,,0.9222502708435059
matched_hop2,mean,1,HLA-B,0.0,,0.5136227607727051
matched_hop2,mean,1,IGKC,,,0.8406282663345337
matched_hop2,mean,1,MALAT1,0.0,,0.6440361738204956
matched_hop2,mean,1,ALB,,,0.35325464606285095
matched_hop2,mean,1,IGHG4,,,0.596195638179779
matched_hop2,mean,1,TFF3,,,0.5000026226043701
matched_hop2,mean,1,CXCL14,,,0.7714223861694336
matched_hop2,mean,1,IGHG1,,,0.7196217775344849
matched_hop2,mean,1,SLITRK6,,,0.4944925904273987
matched_hop2,mean,1,APOE,0.0,,0.5866889953613281
matched_hop2,mean,1,MT-ND2,,,0.7030441164970398
matched_hop2,mean,1,CALML5,0.0,,0.7752947807312012
matched_hop2,mean,1,HLA-DRA,,,0.5463030934333801
matched_hop2,mean,1,S100G,,,0.8972019553184509
matched_hop2,mean,1,LINC00645,0.0,,0.4874613285064697
matched_hop2,mean,1,C3,,,0.6266896724700928
matched_hop2,mean,1,IGLC3,,,0.6548513770103455
matched_hop2,mean,1,IGLC1,,,0.7184522747993469
matched_hop2,mean,1,TIMP1,,,0.6698341369628906
matched_hop2,mean,1,APOC1,,,0.5571638941764832
matched_hop2,mean,1,TFF1,0.0,,0.7339659929275513
matched_hop2,mean,1,SCGB2A2,0.0,,0.8626928925514221
matched_hop2,mean,1,SCGB1D2,0.0,,0.7426632642745972
matched_hop2,mean,1,SERPINA3,,,0.47956180572509766
matched_hop2,mean,1,LINC00052,0.0,,0.5027803778648376
matched_hop2,mean,1,AGR2,0.0,,0.4896501898765564
matched_hop2,mean,1,C6orf141,0.0,,0.38816332817077637
matched_hop2,mean,1,LYZ,,,0.7131286263465881
matched_hop2,mean,1,CTSD,0.0,,0.4537145495414734
matched_hop2,mean,1,HEBP1,,,0.8399115800857544
matched_hop2,mean,1,IGHM,,,0.6491052508354187
matched_hop2,mean,1,HLA-DRB1,0.0,,0.5456069111824036
matched_hop2,mean,1,C1QA,,,0.6041352152824402
matched_hop2,mean,1,IGHA1,,,0.7052869200706482
matched_hop2,mean,1,DEGS1,0.0,,0.6408257484436035
matched_hop2,mean,1,AC087379.2,,,0.6270447373390198
matched_hop2,mean,1,AEBP1,0.0,,0.6170400381088257
matched_hop2,mean,1,COL1A2,,,0.6192275285720825
matched_hop2,mean,1,GFRA1,,,0.544220507144928
matched_hop2,mean,1,COL1A1,,,0.636284351348877
matched_hop2,mean,1,HLA-E,0.0,,0.45188358426094055
matched_hop2,mean,1,CFB,,,0.4401320815086365
matched_hop2,mean,1,CCL19,,,0.4965800642967224
matched_hop2,mean,1,SNCG,,,0.7760930061340332
matched_hop2,mean,1,IGHG2,0.0,,0.48897072672843933
matched_hop2,pca_ridge,1,CRISP3,0.7179752502732407,0.5171158175561015,0.576856791973114
matched_hop2,pca_ridge,1,CPB1,0.2993713065392542,0.2844235868207067,1.0818071365356445
matched_hop2,pca_ridge,1,IGHG3,0.5848727554896574,0.5759032896641932,0.6001234650611877
matched_hop2,pca_ridge,1,CD74,0.7678991197814119,0.7632977755366754,0.3204266428947449
matched_hop2,pca_ridge,1,IGLC2,0.49196642021776477,0.49901446221735746,0.7657833099365234
matched_hop2,pca_ridge,1,HLA-B,0.6791153330102324,0.6924580280415031,0.364406019449234
matched_hop2,pca_ridge,1,IGKC,0.5871701880918689,0.6012842715938398,0.6543463468551636
matched_hop2,pca_ridge,1,MALAT1,0.5722208556604107,0.5789823089578469,0.5132151246070862
matched_hop2,pca_ridge,1,ALB,0.07315062406000993,0.05541582674288926,0.36614859104156494
matched_hop2,pca_ridge,1,IGHG4,0.6017592457600162,0.5434068418571024,0.46161898970603943
matched_hop2,pca_ridge,1,TFF3,0.574238279696629,0.5294869968198558,0.49455732107162476
matched_hop2,pca_ridge,1,CXCL14,0.7468049396970664,0.48513585712900353,0.5005910992622375
matched_hop2,pca_ridge,1,IGHG1,0.6016144079461117,0.5560855429647135,0.5467233061790466
matched_hop2,pca_ridge,1,SLITRK6,0.6809464007373413,0.4419190415377932,0.3672374188899994
matched_hop2,pca_ridge,1,APOE,0.8215661108037364,0.7989178170515226,0.33188381791114807
matched_hop2,pca_ridge,1,MT-ND2,0.61025690608465,0.6158316411020149,0.6035947203636169
matched_hop2,pca_ridge,1,CALML5,0.40961699171623284,0.4355589477462455,0.7520444393157959
matched_hop2,pca_ridge,1,HLA-DRA,0.7754762432108686,0.7738706103450734,0.35710352659225464
matched_hop2,pca_ridge,1,S100G,0.6017186872299245,0.5984573846320477,0.6885163187980652
matched_hop2,pca_ridge,1,LINC00645,0.49165798388762694,0.4828213309331175,0.42921364307403564
matched_hop2,pca_ridge,1,C3,0.6794167859334814,0.6247524711981224,0.4331570863723755
matched_hop2,pca_ridge,1,IGLC3,0.3266826756063675,0.3260261617297702,0.6110748052597046
matched_hop2,pca_ridge,1,IGLC1,0.3548640327463523,0.3521403070551463,0.6781448721885681
matched_hop2,pca_ridge,1,TIMP1,0.6874729737062666,0.6399515381948734,0.4778033494949341
matched_hop2,pca_ridge,1,APOC1,0.641688070731709,0.6163526254341067,0.42519843578338623
matched_hop2,pca_ridge,1,TFF1,0.378547983130684,0.3299986645422443,0.6665949821472168
matched_hop2,pca_ridge,1,SCGB2A2,0.5819663401635353,0.5985553239952623,0.6770282983779907
matched_hop2,pca_ridge,1,SCGB1D2,0.526865075724248,0.5367139880774312,0.603002667427063
matched_hop2,pca_ridge,1,SERPINA3,0.20064871058183578,0.20897065946534812,0.5276207327842712
matched_hop2,pca_ridge,1,LINC00052,0.10334837708065968,0.12947783210575264,0.5001092553138733
matched_hop2,pca_ridge,1,AGR2,0.591065644697651,0.5425918591768599,0.4114059805870056
matched_hop2,pca_ridge,1,C6orf141,0.5197816395783057,0.28073052776834245,0.33664944767951965
matched_hop2,pca_ridge,1,LYZ,0.7622870320816197,0.7687597032635418,0.4736698865890503
matched_hop2,pca_ridge,1,CTSD,0.721718302579744,0.7021814608866455,0.3081173896789551
matched_hop2,pca_ridge,1,HEBP1,0.6060676218731479,0.613424487656261,0.6340568661689758
matched_hop2,pca_ridge,1,IGHM,0.24690852568989652,0.2364094175324675,0.6390973925590515
matched_hop2,pca_ridge,1,HLA-DRB1,0.7399008660365545,0.7488870361973637,0.3752790689468384
matched_hop2,pca_ridge,1,C1QA,0.7672591194420033,0.7330379107758457,0.3832637369632721
matched_hop2,pca_ridge,1,IGHA1,0.23240366449767066,0.21667337589598387,0.683958888053894
matched_hop2,pca_ridge,1,DEGS1,0.575749889280307,0.3144502495998479,0.524573564529419
matched_hop2,pca_ridge,1,AC087379.2,0.402495874339036,0.3491809054107437,0.5698073506355286
matched_hop2,pca_ridge,1,AEBP1,0.6730072307226261,0.6541046162096752,0.4264664053916931
matched_hop2,pca_ridge,1,COL1A2,0.6937024763426218,0.6782723683883499,0.4293535053730011
matched_hop2,pca_ridge,1,GFRA1,0.6129760528964581,0.4922227262038124,0.43009233474731445
matched_hop2,pca_ridge,1,COL1A1,0.675799943479674,0.666844459487939,0.45735037326812744
matched_hop2,pca_ridge,1,HLA-E,0.6724668451165272,0.6986165714277256,0.3353622257709503
matched_hop2,pca_ridge,1,CFB,-0.0048977908670728276,-0.014081087073289046,0.5693953037261963
matched_hop2,pca_ridge,1,CCL19,0.5169627150519841,0.39587240171969207,0.42063257098197937
matched_hop2,pca_ridge,1,SNCG,0.6635518569936996,0.6247151417171518,0.6562328934669495
matched_hop2,pca_ridge,1,IGHG2,0.36361220047897624,0.2886435658172963,0.45121490955352783
matched_hop2,spatial_knn,1,CRISP3,0.697717075960626,0.5150655458810419,0.6835433038792842
matched_hop2,spatial_knn,1,CPB1,0.23848947037054755,0.2782699852714698,0.9096610157475584
matched_hop2,spatial_knn,1,IGHG3,0.06647039853129956,0.1770169454555978,0.9786918506926747
matched_hop2,spatial_knn,1,CD74,0.31909073993740383,0.3165877192876621,0.587681121562205
matched_hop2,spatial_knn,1,IGLC2,0.09315131540202917,0.13830082442467553,0.9894939259859626
matched_hop2,spatial_knn,1,HLA-B,0.2622843701150692,0.2778549176262645,0.5095699797804614
matched_hop2,spatial_knn,1,IGKC,-0.014572433572503856,0.09129827492328085,1.174684394749333
matched_hop2,spatial_knn,1,MALAT1,0.17224461988287446,0.1201083074307223,0.6832889776485039
matched_hop2,spatial_knn,1,ALB,0.07827810823118192,0.08017792810159073,0.3613972295703345
matched_hop2,spatial_knn,1,IGHG4,0.11005405082120691,0.18518582642898343,0.6231196939615037
matched_hop2,spatial_knn,1,TFF3,0.5172899749198869,0.48235815179255204,0.5146238147641726
matched_hop2,spatial_knn,1,CXCL14,0.638714099863462,0.5700669495914437,0.617178128184576
matched_hop2,spatial_knn,1,IGHG1,0.0709625071931338,0.14726320600431733,0.8934658052205805
matched_hop2,spatial_knn,1,SLITRK6,0.627289434350141,0.42196048693881827,0.4619137994899249
matched_hop2,spatial_knn,1,APOE,0.12814100790616026,0.1369460041050105,0.946628592098501
matched_hop2,spatial_knn,1,MT-ND2,0.10960463285866713,0.09494675048850094,0.6507799872281487
matched_hop2,spatial_knn,1,CALML5,0.429821459058541,0.43296161324931265,0.7324025645917501
matched_hop2,spatial_knn,1,HLA-DRA,0.41202105517460175,0.4314951816732805,0.5674546709739047
matched_hop2,spatial_knn,1,S100G,0.2952778467849276,0.24879608700536754,0.9768173698119964
matched_hop2,spatial_knn,1,LINC00645,0.5681643119072571,0.522660390486389,0.5232854663628034
matched_hop2,spatial_knn,1,C3,0.28198704299774985,0.2460632253838464,0.6855181595751302
matched_hop2,spatial_knn,1,IGLC3,0.041955076867367144,0.03646779136571677,0.6613075827133793
matched_hop2,spatial_knn,1,IGLC1,0.15605239409868688,0.1831253087944083,0.7442879095879128
matched_hop2,spatial_knn,1,TIMP1,0.3861401778714524,0.37358985077351425,0.6130320054862332
matched_hop2,spatial_knn,1,APOC1,0.16553146744472147,0.14576600769395193,0.8152014746428579
matched_hop2,spatial_knn,1,TFF1,0.5286439362465706,0.5228029657947741,0.6369402661094448
matched_hop2,spatial_knn,1,SCGB2A2,0.29296565971385663,0.3194834827717446,0.8375434601583984
matched_hop2,spatial_knn,1,SCGB1D2,0.2814388486842564,0.32362413903719445,0.7371883122847332
matched_hop2,spatial_knn,1,SERPINA3,0.08598463188196284,0.04178417499094618,0.48679368874560663
matched_hop2,spatial_knn,1,LINC00052,0.39194637375669844,0.33248467512653207,0.4856009184908853
matched_hop2,spatial_knn,1,AGR2,0.17659275461563673,0.16423931970607428,0.6412316218481598
matched_hop2,spatial_knn,1,C6orf141,0.4214600478376912,0.25066549708294855,0.38865062237006276
matched_hop2,spatial_knn,1,LYZ,0.32068647167128156,0.3697688598882521,0.7376014642857345
matched_hop2,spatial_knn,1,CTSD,0.02569109743259885,0.042002528343329924,0.7414070517994782
matched_hop2,spatial_knn,1,HEBP1,0.2558094149487064,0.27688458235260743,0.8612668026658076
matched_hop2,spatial_knn,1,IGHM,0.011608662331395797,0.07632194198662087,0.6813425141442112
matched_hop2,spatial_knn,1,HLA-DRB1,0.4186702921875846,0.40008476736844945,0.5937327302036681
matched_hop2,spatial_knn,1,C1QA,0.1852384266159409,0.1896847366235125,0.8672228262258974
matched_hop2,spatial_knn,1,IGHA1,0.1508217063244647,0.1287146645638236,0.6924872359912041
matched_hop2,spatial_knn,1,DEGS1,0.5213169872821578,0.48427881377794596,0.625723218321562
matched_hop2,spatial_knn,1,AC087379.2,0.402887854932928,0.35722044665253844,0.623940421180157
matched_hop2,spatial_knn,1,AEBP1,0.07470627460600412,0.05759399663895505,0.710863910447476
matched_hop2,spatial_knn,1,COL1A2,0.22841244865142918,0.2431000699200903,0.6464074499164622
matched_hop2,spatial_knn,1,GFRA1,0.273292327068957,0.20762102979482464,0.6475902141049334
matched_hop2,spatial_knn,1,COL1A1,0.18428735512745006,0.17110142651717106,0.7060796796724256
matched_hop2,spatial_knn,1,HLA-E,0.19044485959476445,0.1671267943655155,0.5747711477991855
matched_hop2,spatial_knn,1,CFB,-0.07612828928244135,-0.10647199428319,0.5325678437950717
matched_hop2,spatial_knn,1,CCL19,0.5176256429021578,0.44732364702555105,0.47023027446629206
matched_hop2,spatial_knn,1,SNCG,0.7448277226323727,0.6950016578030295,0.5765449003158966
matched_hop2,spatial_knn,1,IGHG2,0.03572967165309645,0.06048208031418815,0.512236290206649
matched_hop5,mean,1,CRISP3,,,0.7599236369132996
matched_hop5,mean,1,CPB1,,,0.783424437046051
matched_hop5,mean,1,IGHG3,0.0,,0.7416046857833862
matched_hop5,mean,1,CD74,,,0.46073800325393677
matched_hop5,mean,1,IGLC2,,,0.9038083553314209
matched_hop5,mean,1,HLA-B,0.0,,0.4626918137073517
matched_hop5,mean,1,IGKC,,,0.7805100083351135
matched_hop5,mean,1,MALAT1,0.0,,0.6790277361869812
matched_hop5,mean,1,ALB,,,0.4041987657546997
matched_hop5,mean,1,IGHG4,,,0.5330294966697693
matched_hop5,mean,1,TFF3,,,0.49091681838035583
matched_hop5,mean,1,CXCL14,0.0,,0.7615585327148438
matched_hop5,mean,1,IGHG1,,,0.6658468842506409
matched_hop5,mean,1,SLITRK6,,,0.4659888446331024
matched_hop5,mean,1,APOE,0.0,,0.5841543674468994
matched_hop5,mean,1,MT-ND2,0.0,,0.8046057820320129
matched_hop5,mean,1,CALML5,0.0,,0.9153653383255005
matched_hop5,mean,1,HLA-DRA,,,0.47437340021133423
matched_hop5,mean,1,S100G,,,0.8095158338546753
matched_hop5,mean,1,LINC00645,0.0,,0.586355447769165
matched_hop5,mean,1,C3,,,0.6358664035797119
matched_hop5,mean,1,IGLC3,0.0,,0.6544601917266846
matched_hop5,mean,1,IGLC1,,,0.6319396495819092
matched_hop5,mean,1,TIMP1,0.0,,0.6805218458175659
matched_hop5,mean,1,APOC1,0.0,,0.5298738479614258
matched_hop5,mean,1,TFF1,,,0.7083417177200317
matched_hop5,mean,1,SCGB2A2,,,0.8267824053764343
matched_hop5,mean,1,SCGB1D2,,,0.7426456212997437
matched_hop5,mean,1,SERPINA3,0.0,,0.5174775719642639
matched_hop5,mean,1,LINC00052,0.0,,0.683648943901062
matched_hop5,mean,1,AGR2,,,0.45322704315185547
matched_hop5,mean,1,C6orf141,0.0,,0.3481375277042389
matched_hop5,mean,1,LYZ,0.0,,0.6794642806053162
matched_hop5,mean,1,CTSD,0.0,,0.4852367043495178
matched_hop5,mean,1,HEBP1,,,0.9208176136016846
matched_hop5,mean,1,IGHM,,,0.6514611840248108
matched_hop5,mean,1,HLA-DRB1,0.0,,0.5047549605369568
matched_hop5,mean,1,C1QA,,,0.5911005139350891
matched_hop5,mean,1,IGHA1,,,0.7220252156257629
matched_hop5,mean,1,DEGS1,0.0,,0.5964558720588684
matched_hop5,mean,1,AC087379.2,,,0.5781741142272949
matched_hop5,mean,1,AEBP1,0.0,,0.672526478767395
matched_hop5,mean,1,COL1A2,,,0.6397077441215515
matched_hop5,mean,1,GFRA1,,,0.5212441682815552
matched_hop5,mean,1,COL1A1,,,0.6425373554229736
matched_hop5,mean,1,HLA-E,,,0.4626052677631378
matched_hop5,mean,1,CFB,,,0.4971764087677002
matched_hop5,mean,1,CCL19,,,0.5903506278991699
matched_hop5,mean,1,SNCG,,,0.9013742208480835
matched_hop5,mean,1,IGHG2,,,0.4250236749649048
matched_hop5,pca_ridge,1,CRISP3,0.6789083016532524,0.4709942459393805,0.5539804100990295
matched_hop5,pca_ridge,1,CPB1,0.23678731163219255,0.22062984253431908,1.1460585594177246
matched_hop5,pca_ridge,1,IGHG3,0.46626982756144986,0.4496520220911069,0.5528631806373596
matched_hop5,pca_ridge,1,CD74,0.763474676241769,0.7598354158820666,0.2976602017879486
matched_hop5,pca_ridge,1,IGLC2,0.43984014959284173,0.4141559065887326,0.706676185131073
matched_hop5,pca_ridge,1,HLA-B,0.6197502113534771,0.6197970760487626,0.35718441009521484
matched_hop5,pca_ridge,1,IGKC,0.4634624875920082,0.47199325170667145,0.6161261200904846
matched_hop5,pca_ridge,1,MALAT1,0.5981641604656669,0.6081540674574417,0.5275736451148987
matched_hop5,pca_ridge,1,ALB,0.10762922611829036,0.1092353756298299,0.4123676121234894
matched_hop5,pca_ridge,1,IGHG4,0.49145171808766497,0.4106932894970985,0.3939058482646942
matched_hop5,pca_ridge,1,TFF3,0.5617098112515707,0.5484891256760945,0.5070139169692993
matched_hop5,pca_ridge,1,CXCL14,0.6622507446332854,0.37086912726867555,0.529862642288208
matched_hop5,pca_ridge,1,IGHG1,0.45452298545873704,0.40668010326542514,0.5224985480308533
matched_hop5,pca_ridge,1,SLITRK6,0.6135332482509325,0.38648608192972805,0.36690229177474976
matched_hop5,pca_ridge,1,APOE,0.7911318533932347,0.755717104801311,0.3355596661567688
matched_hop5,pca_ridge,1,MT-ND2,0.6575350032803459,0.6710263776378128,0.6921045184135437
matched_hop5,pca_ridge,1,CALML5,0.3400667705896537,0.3354663366363018,0.8915999531745911
matched_hop5,pca_ridge,1,HLA-DRA,0.7555716116381765,0.7494221235241774,0.3199934661388397
matched_hop5,pca_ridge,1,S100G,0.47755206272149053,0.44201457871500355,0.6107549667358398
matched_hop5,pca_ridge,1,LINC00645,0.4779325199123047,0.49348016080171025,0.5066479444503784
matched_hop5,pca_ridge,1,C3,0.6405462689089587,0.5875000931300247,0.4443851411342621
matched_hop5,pca_ridge,1,IGLC3,0.2911024479934556,0.28958922728230774,0.5974715948104858
matched_hop5,pca_ridge,1,IGLC1,0.25881003269356556,0.22659315364165528,0.5585225224494934
matched_hop5,pca_ridge,1,TIMP1,0.6571319813773209,0.6222564618261689,0.49616739153862
matched_hop5,pca_ridge,1,APOC1,0.6147333309537083,0.587035965824893,0.42041853070259094
matched_hop5,pca_ridge,1,TFF1,0.32782754292167166,0.27382131593283915,0.6476468443870544
matched_hop5,pca_ridge,1,SCGB2A2,0.4938864097997403,0.5077780621036374,0.6646471619606018
matched_hop5,pca_ridge,1,SCGB1D2,0.4403339206792242,0.44272579738094153,0.6354555487632751
matched_hop5,pca_ridge,1,SERPINA3,0.13764630663026006,0.15015906831518158,0.5883959531784058
matched_hop5,pca_ridge,1,LINC00052,0.06541417504384765,0.09314866150387702,0.6802778840065002
matched_hop5,pca_ridge,1,AGR2,0.46606959047915064,0.4034563685559903,0.4316205084323883
matched_hop5,pca_ridge,1,C6orf141,0.4350623632931338,0.23233267186813816,0.3174062967300415
matched_hop5,pca_ridge,1,LYZ,0.7401859405720561,0.7449301096067658,0.47730088233947754
matched_hop5,pca_ridge,1,CTSD,0.656317251476799,0.6268437965856166,0.32857200503349304
matched_hop5,pca_ridge,1,HEBP1,0.5602964376390053,0.5658471411920083,0.7085757851600647
matched_hop5,pca_ridge,1,IGHM,0.12019179851565595,0.10822726359641519,0.6377018094062805
matched_hop5,pca_ridge,1,HLA-DRB1,0.6861816033584851,0.6776149630335854,0.37053021788597107
matched_hop5,pca_ridge,1,C1QA,0.7033644063087771,0.6473917131117061,0.39444705843925476
matched_hop5,pca_ridge,1,IGHA1,0.20420871341692956,0.11738007810762004,0.6741875410079956
matched_hop5,pca_ridge,1,DEGS1,0.44140443891709175,0.21079161029592838,0.5289021134376526
matched_hop5,pca_ridge,1,AC087379.2,0.2721409838158761,0.20231553187301687,0.5383291244506836
matched_hop5,pca_ridge,1,AEBP1,0.5846754999878546,0.5444826285193138,0.4562564790248871
matched_hop5,pca_ridge,1,COL1A2,0.6498533959705657,0.6483286784757665,0.42779770493507385
matched_hop5,pca_ridge,1,GFRA1,0.476156858465365,0.3965018211537957,0.4582427740097046
matched_hop5,pca_ridge,1,COL1A1,0.6230325460775329,0.6217285953910424,0.4640512466430664
matched_hop5,pca_ridge,1,HLA-E,0.6676860592566437,0.6697780952076943,0.3421589434146881
matched_hop5,pca_ridge,1,CFB,-0.092185865255249,-0.10006774602834698,0.6751418709754944
matched_hop5,pca_ridge,1,CCL19,0.6051328743674123,0.4700173637655827,0.49372971057891846
matched_hop5,pca_ridge,1,SNCG,0.6674681578626432,0.5892986927996563,0.7591708302497864
matched_hop5,pca_ridge,1,IGHG2,0.3199733656516451,0.2765495302108973,0.3999626636505127
matched_hop5,spatial_knn,1,CRISP3,0.6922136838535915,0.4625276030207268,0.595427634727888
matched_hop5,spatial_knn,1,CPB1,0.1203426009258238,0.1464414685249524,0.9821277519777916
matched_hop5,spatial_knn,1,IGHG3,-0.011018505650085391,0.06728667015804483,1.0069715703334194
matched_hop5,spatial_knn,1,CD74,0.20202264527613895,0.16635364436311495,0.6772601002320907
matched_hop5,spatial_knn,1,IGLC2,-0.007264427712417378,0.02047341861988749,1.0010685354717084
matched_hop5,spatial_knn,1,HLA-B,0.12784692365990794,0.1666920008717354,0.499305307684942
matched_hop5,spatial_knn,1,IGKC,-0.10662984976905339,-0.022228773099408742,1.2066643471976195
matched_hop5,spatial_knn,1,MALAT1,-0.11712957213407484,-0.1436403584215888,0.7509582144310224
matched_hop5,spatial_knn,1,ALB,0.04346767330242045,0.04239220543590749,0.4228192002771577
matched_hop5,spatial_knn,1,IGHG4,0.054816037308507114,0.15972530831816864,0.5381020890012523
matched_hop5,spatial_knn,1,TFF3,0.39697507672423427,0.24699850297195539,0.5898738039763192
matched_hop5,spatial_knn,1,CXCL14,0.5354461095547187,0.4646007111553504,0.6615225143841746
matched_hop5,spatial_knn,1,IGHG1,0.0494212727920707,0.10176556309873033,0.8740907154209336
matched_hop5,spatial_knn,1,SLITRK6,0.6124175165358309,0.33537676885740325,0.4124125936155248
matched_hop5,spatial_knn,1,APOE,0.057850265185093695,0.043916751665850295,1.1140770760825447
matched_hop5,spatial_knn,1,MT-ND2,-0.07332104302416208,-0.1300247731440755,0.7687728980890937
matched_hop5,spatial_knn,1,CALML5,0.3393873719437568,0.28831476816185103,0.8713032666236477
matched_hop5,spatial_knn,1,HLA-DRA,0.23766411106455934,0.23845050712023452,0.6174113224819341
matched_hop5,spatial_knn,1,S100G,0.08427157055217231,0.07847015575469687,0.9661188930184617
matched_hop5,spatial_knn,1,LINC00645,0.6698802451504398,0.6187568541432513,0.5034968948513906
matched_hop5,spatial_knn,1,C3,0.2648836832428671,0.22325536907536528,0.735944849487623
matched_hop5,spatial_knn,1,IGLC3,-0.04564468276750704,-0.046864435740091866,0.6486946148823194
matched_hop5,spatial_knn,1,IGLC1,0.16942593668600145,0.14802645891429883,0.631054584918609
matched_hop5,spatial_knn,1,TIMP1,0.42942594553961794,0.40928605999972084,0.5975539396146088
matched_hop5,spatial_knn,1,APOC1,0.006279790715172395,-0.029891184924690582,0.9773528249546471
matched_hop5,spatial_knn,1,TFF1,0.4102028861028047,0.344664502975269,0.6449804980545433
matched_hop5,spatial_knn,1,SCGB2A2,0.28092585801644854,0.30314478461266453,0.7890956328763123
matched_hop5,spatial_knn,1,SCGB1D2,0.3214175114679369,0.38752741157178383,0.7055441195675096
matched_hop5,spatial_knn,1,SERPINA3,0.04437957289999542,0.02583561746548521,0.5007847689587066
matched_hop5,spatial_knn,1,LINC00052,0.47545854851807307,0.4286273716805444,0.6603156548399562
matched_hop5,spatial_knn,1,AGR2,0.06255410023220691,0.03867999453113916,0.6438878135300804
matched_hop5,spatial_knn,1,C6orf141,0.35993573453262484,0.1602414658906938,0.3551543662523362
matched_hop5,spatial_knn,1,LYZ,0.26392208190139593,0.264379567879194,0.7465456448844547
matched_hop5,spatial_knn,1,CTSD,-0.03390191278982935,-0.02125873725176151,0.8788708420506248
matched_hop5,spatial_knn,1,HEBP1,0.2214031769216073,0.2295127584430864,0.9377044747212121
matched_hop5,spatial_knn,1,IGHM,-0.038215695639884986,0.020825345216701433,0.7145063507017191
matched_hop5,spatial_knn,1,HLA-DRB1,0.25390799091435107,0.21711961575288,0.7014589607228685
matched_hop5,spatial_knn,1,C1QA,0.061110167540639665,0.03926388624690401,1.0164293471829828
matched_hop5,spatial_knn,1,IGHA1,0.07484863713391654,0.06430579827001388,0.6864566228118284
matched_hop5,spatial_knn,1,DEGS1,0.45313746372504576,0.4374852948930696,0.6580994062901979
matched_hop5,spatial_knn,1,AC087379.2,0.33144147486964076,0.23454935240957883,0.589176666456908
matched_hop5,spatial_knn,1,AEBP1,0.09826716791360841,0.0703072953884857,0.7935777715237713
matched_hop5,spatial_knn,1,COL1A2,0.28443007247551494,0.2789976796960944,0.6275282046891582
matched_hop5,spatial_knn,1,GFRA1,-0.025763501588095632,-0.06914724109611088,0.7497652986956651
matched_hop5,spatial_knn,1,COL1A1,0.2229552320287922,0.2077069597499292,0.705773003091454
matched_hop5,spatial_knn,1,HLA-E,0.10273981448288214,0.08595591817361595,0.654141515468023
matched_hop5,spatial_knn,1,CFB,-0.25509227554817765,-0.275129241456678,0.6331570032611425
matched_hop5,spatial_knn,1,CCL19,0.5973674051352778,0.5570756138992069,0.4928107814960796
matched_hop5,spatial_knn,1,SNCG,0.7422637849418146,0.5537523532764412,0.639786527271233
matched_hop5,spatial_knn,1,IGHG2,0.06453416602504636,0.06147692193031284,0.4446157742354105
matched_coord0.25,mean,1,CRISP3,0.0,,0.7563728094100952
matched_coord0.25,mean,1,CPB1,,,0.7921594381332397
matched_coord0.25,mean,1,IGHG3,0.0,,0.7520331144332886
matched_coord0.25,mean,1,CD74,,,0.46306610107421875
matched_coord0.25,mean,1,IGLC2,0.0,,0.9084464907646179
matched_coord0.25,mean,1,HLA-B,0.0,,0.5171716213226318
matched_coord0.25,mean,1,IGKC,,,0.8103160262107849
matched_coord0.25,mean,1,MALAT1,0.0,,0.6569662094116211
matched_coord0.25,mean,1,ALB,,,0.36867091059684753
matched_coord0.25,mean,1,IGHG4,0.0,,0.5507016181945801
matched_coord0.25,mean,1,TFF3,,,0.4893432557582855
matched_coord0.25,mean,1,CXCL14,0.0,,0.7669602036476135
matched_coord0.25,mean,1,IGHG1,,,0.6873661875724792
matched_coord0.25,mean,1,SLITRK6,,,0.4613605737686157
matched_coord0.25,mean,1,APOE,0.0,,0.5704928636550903
matched_coord0.25,mean,1,MT-ND2,0.0,,0.735725998878479
matched_coord0.25,mean,1,CALML5,0.0,,0.8343275785446167
matched_coord0.25,mean,1,HLA-DRA,,,0.5179711580276489
matched_coord0.25,mean,1,S100G,,,0.8970948457717896
matched_coord0.25,mean,1,LINC00645,0.0,,0.5152044892311096
matched_coord0.25,mean,1,C3,0.0,,0.6211887001991272
matched_coord0.25,mean,1,IGLC3,0.0,,0.6323230862617493
matched_coord0.25,mean,1,IGLC1,0.0,,0.6651599407196045
matched_coord0.25,mean,1,TIMP1,0.0,,0.667809009552002
matched_coord0.25,mean,1,APOC1,,,0.5348732471466064
matched_coord0.25,mean,1,TFF1,,,0.7428482174873352
matched_coord0.25,mean,1,SCGB2A2,0.0,,0.8650862574577332
matched_coord0.25,mean,1,SCGB1D2,0.0,,0.7396784424781799
matched_coord0.25,mean,1,SERPINA3,,,0.4796067774295807
matched_coord0.25,mean,1,LINC00052,0.0,,0.5640986561775208
matched_coord0.25,mean,1,AGR2,,,0.4822627604007721
matched_coord0.25,mean,1,C6orf141,,,0.3568299114704132
matched_coord0.25,mean,1,LYZ,,,0.689457893371582
matched_coord0.25,mean,1,CTSD,0.0,,0.4592856168746948
matched_coord0.25,mean,1,HEBP1,,,0.8884298801422119
matched_coord0.25,mean,1,IGHM,,,0.6305146813392639
matched_coord0.25,mean,1,HLA-DRB1,0.0,,0.521791398525238
matched_coord0.25,mean,1,C1QA,,,0.5848514437675476
matched_coord0.25,mean,1,IGHA1,,,0.675581693649292
matched_coord0.25,mean,1,DEGS1,0.0,,0.6255267858505249
matched_coord0.25,mean,1,AC087379.2,,,0.6243283152580261
matched_coord0.25,mean,1,AEBP1,,,0.6361677646636963
matched_coord0.25,mean,1,COL1A2,,,0.6287891864776611
matched_coord0.25,mean,1,GFRA1,,,0.5400115251541138
matched_coord0.25,mean,1,COL1A1,0.0,,0.6423671841621399
matched_coord0.25,mean,1,HLA-E,,,0.45227062702178955
matched_coord0.25,mean,1,CFB,0.0,,0.45819994807243347
matched_coord0.25,mean,1,CCL19,,,0.5244622230529785
matched_coord0.25,mean,1,SNCG,,,0.8222116827964783
matched_coord0.25,mean,1,IGHG2,,,0.4616403877735138
matched_coord0.25,pca_ridge,1,CRISP3,0.6712484217767137,0.4653461778886769,0.5717364549636841
matched_coord0.25,pca_ridge,1,CPB1,0.24774474852147904,0.22268223351131977,1.1293407678604126
matched_coord0.25,pca_ridge,1,IGHG3,0.5465101350202652,0.5169257224494374,0.56954026222229
matched_coord0.25,pca_ridge,1,CD74,0.7412639559777685,0.7325567300337493,0.3235940635204315
matched_coord0.25,pca_ridge,1,IGLC2,0.4667658263653592,0.4304950978530701,0.7403807044029236
matched_coord0.25,pca_ridge,1,HLA-B,0.6540165914506233,0.6630945028466836,0.3764375150203705
matched_coord0.25,pca_ridge,1,IGKC,0.5412747123005154,0.5419050024646047,0.6378825902938843
matched_coord0.25,pca_ridge,1,MALAT1,0.5622555084675549,0.5626797420405891,0.5217156410217285
matched_coord0.25,pca_ridge,1,ALB,0.07485728888216396,0.06480681406860438,0.38217613101005554
matched_coord0.25,pca_ridge,1,IGHG4,0.5684938866513294,0.5012702393640633,0.421498566865921
matched_coord0.25,pca_ridge,1,TFF3,0.5783626570296948,0.5291328693169839,0.4952109754085541
matched_coord0.25,pca_ridge,1,CXCL14,0.7176569019414667,0.42953419809845994,0.509063184261322
matched_coord0.25,pca_ridge,1,IGHG1,0.5472211754718292,0.47696892733094526,0.5324733853340149
matched_coord0.25,pca_ridge,1,SLITRK6,0.6182226501699197,0.3710725192605084,0.3670569360256195
matched_coord0.25,pca_ridge,1,APOE,0.8058952145781166,0.7732520586740131,0.32779479026794434
matched_coord0.25,pca_ridge,1,MT-ND2,0.6188401229416929,0.6233498705685633,0.6331304311752319
matched_coord0.25,pca_ridge,1,CALML5,0.4038443152037032,0.40345060648217485,0.8163369297981262
matched_coord0.25,pca_ridge,1,HLA-DRA,0.740502900104846,0.7335914476312501,0.36195531487464905
matched_coord0.25,pca_ridge,1,S100G,0.5665324249558796,0.539827938628993,0.6752361059188843
matched_coord0.25,pca_ridge,1,LINC00645,0.4793202708463661,0.4792117428940021,0.4519902169704437
matched_coord0.25,pca_ridge,1,C3,0.662961431069184,0.5965819296221131,0.43007299304008484
matched_coord0.25,pca_ridge,1,IGLC3,0.2990072868052094,0.29549877669622937,0.5882691740989685
matched_coord0.25,pca_ridge,1,IGLC1,0.30281229183161884,0.2924723553250597,0.6236536502838135
matched_coord0.25,pca_ridge,1,TIMP1,0.6839222367443762,0.623593345532134,0.4781404435634613
matched_coord0.25,pca_ridge,1,APOC1,0.6257209738723153,0.5984206063781913,0.4180976152420044
matched_coord0.25,pca_ridge,1,TFF1,0.3518432921179234,0.28594508333249735,0.6655911803245544
matched_coord0.25,pca_ridge,1,SCGB2A2,0.5498657398977567,0.555563835345216,0.6813141703605652
matched_coord0.25,pca_ridge,1,SCGB1D2,0.49215933339785933,0.49649848840743327,0.6088984608650208
matched_coord0.25,pca_ridge,1,SERPINA3,0.1797171952279561,0.1941120383514791,0.5411778688430786
matched_coord0.25,pca_ridge,1,LINC00052,0.08426300111452173,0.10997751211705907,0.56105637550354
matched_coord0.25,pca_ridge,1,AGR2,0.5504504132168577,0.4944713668507475,0.4194967746734619
matched_coord0.25,pca_ridge,1,C6orf141,0.444784047517184,0.21343086491707056,0.3266739547252655
matched_coord0.25,pca_ridge,1,LYZ,0.7442738551795356,0.7434912023904657,0.4752998948097229
matched_coord0.25,pca_ridge,1,CTSD,0.6951609133709633,0.6744583193815885,0.31113988161087036
matched_coord0.25,pca_ridge,1,HEBP1,0.5881025862066624,0.5955816107721775,0.6690129637718201
matched_coord0.25,pca_ridge,1,IGHM,0.18243145645481354,0.17911124172687334,0.6236609220504761
matched_coord0.25,pca_ridge,1,HLA-DRB1,0.6936064525873773,0.6948913819425598,0.38163527846336365
matched_coord0.25,pca_ridge,1,C1QA,0.7372496002386284,0.6970464408508366,0.38279300928115845
matched_coord0.25,pca_ridge,1,IGHA1,0.17513644477906445,0.14873111606399772,0.6549016833305359
matched_coord0.25,pca_ridge,1,DEGS1,0.5256573660670214,0.24945651669863497,0.5280217528343201
matched_coord0.25,pca_ridge,1,AC087379.2,0.3848294948540715,0.3295045906330535,0.566848635673523
matched_coord0.25,pca_ridge,1,AEBP1,0.6355919030822788,0.6083425514302367,0.4373728632926941
matched_coord0.25,pca_ridge,1,COL1A2,0.6778152607953665,0.6589628708600791,0.42983514070510864
matched_coord0.25,pca_ridge,1,GFRA1,0.5846976441986541,0.4626623571876153,0.4369989335536957
matched_coord0.25,pca_ridge,1,COL1A1,0.6670278393940399,0.6423972748922457,0.45530790090560913
matched_coord0.25,pca_ridge,1,HLA-E,0.657322010312974,0.677352992981237,0.34108614921569824
matched_coord0.25,pca_ridge,1,CFB,0.007832598134571584,0.0057420692282937405,0.601064920425415
matched_coord0.25,pca_ridge,1,CCL19,0.5848167763151009,0.4432238797303763,0.43231409788131714
matched_coord0.25,pca_ridge,1,SNCG,0.6532361335261252,0.5858842879104256,0.6951117515563965
matched_coord0.25,pca_ridge,1,IGHG2,0.3613809706026497,0.26347960352235217,0.4247707426548004
matched_coord0.25,spatial_knn,1,CRISP3,0.6570855873977022,0.4373625965487899,0.6628240107324621
matched_coord0.25,spatial_knn,1,CPB1,0.14958061518608168,0.18295121374808626,0.9713602569787677
matched_coord0.25,spatial_knn,1,IGHG3,0.0737837533755056,0.15816215528717711,0.9713255102513649
matched_coord0.25,spatial_knn,1,CD74,0.28927770125775054,0.27151016077471885,0.6094851705534834
matched_coord0.25,spatial_knn,1,IGLC2,0.061371671488379395,0.09769691826545603,0.9951477090662253
matched_coord0.25,spatial_knn,1,HLA-B,0.22694235549027525,0.23438359406776355,0.5103650020895204
matched_coord0.25,spatial_knn,1,IGKC,-0.0075777203711317204,0.06271689999383584,1.1763819938768227
matched_coord0.25,spatial_knn,1,MALAT1,0.1266854501739899,0.08677567619382406,0.7072862230528935
matched_coord0.25,spatial_knn,1,ALB,0.08466946527344099,0.09593816584843952,0.3800372617587737
matched_coord0.25,spatial_knn,1,IGHG4,0.11050508606689702,0.17806931583042834,0.5687607474967514
matched_coord0.25,spatial_knn,1,TFF3,0.46715338208689594,0.39239227810263344,0.5412943534743655
matched_coord0.25,spatial_knn,1,CXCL14,0.5688248602614003,0.5164414685875182,0.6516041167361115
matched_coord0.25,spatial_knn,1,IGHG1,0.08394201739722693,0.137021026760458,0.878800530520074
matched_coord0.25,spatial_knn,1,SLITRK6,0.5927112191449808,0.34676828763577944,0.4392677713741556
matched_coord0.25,spatial_knn,1,APOE,0.12233723250128263,0.10666058656361346,1.0131792441909504
matched_coord0.25,spatial_knn,1,MT-ND2,0.04863404484838098,0.011023756100477096,0.681227421395623
matched_coord0.25,spatial_knn,1,CALML5,0.378924541216956,0.3629058994881405,0.7978609360910047
matched_coord0.25,spatial_knn,1,HLA-DRA,0.36192473401373526,0.36697341602774763,0.5699015783431209
matched_coord0.25,spatial_knn,1,S100G,0.2819361920283623,0.23732318700267752,0.9848692988706896
matched_coord0.25,spatial_knn,1,LINC00645,0.5783291790137158,0.5448775019523782,0.537424669531696
matched_coord0.25,spatial_knn,1,C3,0.2905421103656861,0.24193692858920382,0.6986580591042483
matched_coord0.25,spatial_knn,1,IGLC3,0.04033769764941601,0.026184011467019458,0.6220569598958728
matched_coord0.25,spatial_knn,1,IGLC1,0.19078772670207228,0.20605637846104433,0.6860376064471458
matched_coord0.25,spatial_knn,1,TIMP1,0.4041440009713282,0.40315405600589255,0.6043092690624015
matched_coord0.25,spatial_knn,1,APOC1,0.1382420481368591,0.11420999453844059,0.8697499320996983
matched_coord0.25,spatial_knn,1,TFF1,0.480199367430176,0.4493759176516839,0.6557050861034708
matched_coord0.25,spatial_knn,1,SCGB2A2,0.30722152085164595,0.3215964917778735,0.8210482450907962
matched_coord0.25,spatial_knn,1,SCGB1D2,0.27944743591752785,0.3110843483001125,0.7207578639624521
matched_coord0.25,spatial_knn,1,SERPINA3,0.08622890183330363,0.05602143288067809,0.4821143142218032
matched_coord0.25,spatial_knn,1,LINC00052,0.4560702539619085,0.40868275807010385,0.5443055172574792
matched_coord0.25,spatial_knn,1,AGR2,0.08873844362476285,0.0768929444381156,0.6575525759243657
matched_coord0.25,spatial_knn,1,C6orf141,0.3613194321967274,0.1770534836709417,0.37125693050760095
matched_coord0.25,spatial_knn,1,LYZ,0.3020226029420924,0.3275154182495462,0.7236657158491933
matched_coord0.25,spatial_knn,1,CTSD,0.039362304875824046,0.04512599060106403,0.7966239279595568
matched_coord0.25,spatial_knn,1,HEBP1,0.23196617419309035,0.24933693199841075,0.9088375179410583
matched_coord0.25,spatial_knn,1,IGHM,-0.02450263973831951,0.01767646171905246,0.6821229852063647
matched_coord0.25,spatial_knn,1,HLA-DRB1,0.36931716615486,0.34020960394967,0.620056076056766
matched_coord0.25,spatial_knn,1,C1QA,0.16141199527039107,0.14031733256954754,0.9218097515384595
matched_coord0.25,spatial_knn,1,IGHA1,0.0698016651686248,0.061524365551833736,0.6628592228597393
matched_coord0.25,spatial_knn,1,DEGS1,0.46668076766413213,0.45469364439209686,0.6474186635252589
matched_coord0.25,spatial_knn,1,AC087379.2,0.42053901272207883,0.3335015925939421,0.623263181691998
matched_coord0.25,spatial_knn,1,AEBP1,0.08876772810525624,0.07055994906402806,0.7381444280933749
matched_coord0.25,spatial_knn,1,COL1A2,0.2319129384047393,0.25021806976479405,0.6421251192843681
matched_coord0.25,spatial_knn,1,GFRA1,0.17159805287137364,0.11320327081806293,0.6814712214729208
matched_coord0.25,spatial_knn,1,COL1A1,0.20236320847988043,0.17812025915194735,0.7054923653609589
matched_coord0.25,spatial_knn,1,HLA-E,0.1618762312351249,0.1397627464695611,0.5987134610512967
matched_coord0.25,spatial_knn,1,CFB,-0.15214499011074312,-0.17755749767733423,0.5715273586016326
matched_coord0.25,spatial_knn,1,CCL19,0.5342534035175533,0.48675026663812143,0.48795620828144187
matched_coord0.25,spatial_knn,1,SNCG,0.7352924296394187,0.6445902404656204,0.5966098695197358
matched_coord0.25,spatial_knn,1,IGHG2,0.020816441570415296,0.0378735362645584,0.4876737568492447
matched_coord0.5,mean,1,CRISP3,0.0,,0.6402023434638977
matched_coord0.5,mean,1,CPB1,0.0,,0.7835335731506348
matched_coord0.5,mean,1,IGHG3,,,0.7359691262245178
matched_coord0.5,mean,1,CD74,,,0.48452505469322205
matched_coord0.5,mean,1,IGLC2,0.0,,0.9250895977020264
matched_coord0.5,mean,1,HLA-B,0.0,,0.4402804672718048
matched_coord0.5,mean,1,IGKC,,,0.7773202657699585
matched_coord0.5,mean,1,MALAT1,0.0,,0.6958988308906555
matched_coord0.5,mean,1,ALB,,,0.4159846901893616
matched_coord0.5,mean,1,IGHG4,0.0,,0.5078850388526917
matched_coord0.5,mean,1,TFF3,,,0.4686230421066284
matched_coord0.5,mean,1,CXCL14,0.0,,0.761290431022644
matched_coord0.5,mean,1,IGHG1,0.0,,0.647968590259552
matched_coord0.5,mean,1,SLITRK6,0.0,,0.3788488507270813
matched_coord0.5,mean,1,APOE,,,0.604442834854126
matched_coord0.5,mean,1,MT-ND2,,,0.7904154658317566
matched_coord0.5,mean,1,CALML5,0.0,,1.0051590204238892
matched_coord0.5,mean,1,HLA-DRA,,,0.5026358366012573
matched_coord0.5,mean,1,S100G,0.0,,0.7443913221359253
matched_coord0.5,mean,1,LINC00645,0.0,,0.6239652633666992
matched_coord0.5,mean,1,C3,,,0.6420614123344421
matched_coord0.5,mean,1,IGLC3,,,0.6341923475265503
matched_coord0.5,mean,1,IGLC1,,,0.5985126495361328
matched_coord0.5,mean,1,TIMP1,,,0.7173305153846741
matched_coord0.5,mean,1,APOC1,,,0.5359077453613281
matched_coord0.5,mean,1,TFF1,,,0.7565938234329224
matched_coord0.5,mean,1,SCGB2A2,,,0.8274891972541809
matched_coord0.5,mean,1,SCGB1D2,0.0,,0.7311241626739502
matched_coord0.5,mean,1,SERPINA3,0.0,,0.5260627865791321
matched_coord0.5,mean,1,LINC00052,0.0,,0.741826593875885
matched_coord0.5,mean,1,AGR2,0.0,,0.4483072757720947
matched_coord0.5,mean,1,C6orf141,0.0,,0.3105250597000122
matched_coord0.5,mean,1,LYZ,,,0.691153883934021
matched_coord0.5,mean,1,CTSD,0.0,,0.5116167068481445
matched_coord0.5,mean,1,HEBP1,,,0.9059362411499023
matched_coord0.5,mean,1,IGHM,,,0.6508229970932007
matched_coord0.5,mean,1,HLA-DRB1,,,0.5355620980262756
matched_coord0.5,mean,1,C1QA,,,0.5839834213256836
matched_coord0.5,mean,1,IGHA1,0.0,,0.657037615776062
matched_coord0.5,mean,1,DEGS1,,,0.598595917224884
matched_coord0.5,mean,1,AC087379.2,,,0.43349581956863403
matched_coord0.5,mean,1,AEBP1,0.0,,0.6795754432678223
matched_coord0.5,mean,1,COL1A2,,,0.6574464440345764
matched_coord0.5,mean,1,GFRA1,,,0.5139800310134888
matched_coord0.5,mean,1,COL1A1,,,0.6670876145362854
matched_coord0.5,mean,1,HLA-E,0.0,,0.4714803993701935
matched_coord0.5,mean,1,CFB,,,0.536691427230835
matched_coord0.5,mean,1,CCL19,,,0.6239335536956787
matched_coord0.5,mean,1,SNCG,0.0,,0.9808072447776794
matched_coord0.5,mean,1,IGHG2,,,0.4427877366542816
matched_coord0.5,pca_ridge,1,CRISP3,0.4658366484696108,0.23329715894505443,0.5321740508079529
matched_coord0.5,pca_ridge,1,CPB1,0.20509513380841868,0.1791395621625559,1.1933753490447998
matched_coord0.5,pca_ridge,1,IGHG3,0.4946193028288731,0.4441695123822861,0.5381807684898376
matched_coord0.5,pca_ridge,1,CD74,0.7534320522440177,0.742217720388571,0.31835153698921204
matched_coord0.5,pca_ridge,1,IGLC2,0.45436264400672743,0.4307371985410739,0.7419369220733643
matched_coord0.5,pca_ridge,1,HLA-B,0.5352428841568712,0.5263247235797588,0.36711761355400085
matched_coord0.5,pca_ridge,1,IGKC,0.46746627010357145,0.44732978851044736,0.6088775992393494
matched_coord0.5,pca_ridge,1,MALAT1,0.5690997596666951,0.5788012787841188,0.5153764486312866
matched_coord0.5,pca_ridge,1,ALB,0.11802292093985382,0.12342816661122717,0.4213636517524719
matched_coord0.5,pca_ridge,1,IGHG4,0.46466519210101537,0.36555814343348747,0.380264014005661
matched_coord0.5,pca_ridge,1,TFF3,0.5612522464010569,0.5392466821218265,0.481311172246933
matched_coord0.5,pca_ridge,1,CXCL14,0.5737406672264399,0.2369155216065641,0.5389112830162048
matched_coord0.5,pca_ridge,1,IGHG1,0.44735896483333465,0.3934318788579206,0.5256776809692383
matched_coord0.5,pca_ridge,1,SLITRK6,0.42019576433914607,0.2017216022884969,0.3298068642616272
matched_coord0.5,pca_ridge,1,APOE,0.8052786547662792,0.7642377182257417,0.3372504413127899
matched_coord0.5,pca_ridge,1,MT-ND2,0.646274988755922,0.6533327262648351,0.6978660225868225
matched_coord0.5,pca_ridge,1,CALML5,0.22263051226175942,0.2060617222394415,0.9872888922691345
matched_coord0.5,pca_ridge,1,HLA-DRA,0.7195836453568423,0.7167023099402473,0.3597889840602875
matched_coord0.5,pca_ridge,1,S100G,0.39136335710068665,0.334708280545658,0.5476721525192261
matched_coord0.5,pca_ridge,1,LINC00645,0.379325857483046,0.38369602107698675,0.5401793718338013
matched_coord0.5,pca_ridge,1,C3,0.6567911802241684,0.5967119285937169,0.4483087658882141
matched_coord0.5,pca_ridge,1,IGLC3,0.26340993159294984,0.27404835814008216,0.5923324823379517
matched_coord0.5,pca_ridge,1,IGLC1,0.2027966364828696,0.18585068241504193,0.5221618413925171
matched_coord0.5,pca_ridge,1,TIMP1,0.7350054640216022,0.6969896899485359,0.5123727917671204
matched_coord0.5,pca_ridge,1,APOC1,0.6617978400749617,0.6274806709199684,0.40415021777153015
matched_coord0.5,pca_ridge,1,TFF1,0.33586337388268067,0.27332265000267886,0.6366128325462341
matched_coord0.5,pca_ridge,1,SCGB2A2,0.38489405931421183,0.3952270433710769,0.6931605339050293
matched_coord0.5,pca_ridge,1,SCGB1D2,0.3503880216866344,0.3451511253900108,0.6510403156280518
matched_coord0.5,pca_ridge,1,SERPINA3,0.08275121531611722,0.10171760335489588,0.6160703301429749
matched_coord0.5,pca_ridge,1,LINC00052,0.030455916105748805,0.0561729380222244,0.7376261353492737
matched_coord0.5,pca_ridge,1,AGR2,0.34678896564232936,0.27641600005043576,0.4526824355125427
matched_coord0.5,pca_ridge,1,C6orf141,0.23068711252990984,0.1003555317287846,0.3078151047229767
matched_coord0.5,pca_ridge,1,LYZ,0.7414471112646401,0.7420174449612692,0.4839566648006439
matched_coord0.5,pca_ridge,1,CTSD,0.657762892849069,0.6319329706539057,0.3415994346141815
matched_coord0.5,pca_ridge,1,HEBP1,0.47597918169348186,0.4857603855060965,0.707181453704834
matched_coord0.5,pca_ridge,1,IGHM,0.09895178617172172,0.10320295449922631,0.6593703031539917
matched_coord0.5,pca_ridge,1,HLA-DRB1,0.6704421179108124,0.6594341322917084,0.3993817865848541
matched_coord0.5,pca_ridge,1,C1QA,0.7177228596069101,0.6713429539524142,0.3810993731021881
matched_coord0.5,pca_ridge,1,IGHA1,0.09092525554011498,0.03658723147722883,0.6211961507797241
matched_coord0.5,pca_ridge,1,DEGS1,0.388501531153888,0.1586854275489357,0.5327696204185486
matched_coord0.5,pca_ridge,1,AC087379.2,0.1873641380214726,0.1377238418718865,0.4202549457550049
matched_coord0.5,pca_ridge,1,AEBP1,0.5782716519949438,0.5413926087525716,0.4431544542312622
matched_coord0.5,pca_ridge,1,COL1A2,0.651858659575898,0.6377208610574301,0.4208317995071411
matched_coord0.5,pca_ridge,1,GFRA1,0.40750075170389977,0.31958928256544356,0.4675566554069519
matched_coord0.5,pca_ridge,1,COL1A1,0.6394715369275876,0.6257481885960307,0.4721839427947998
matched_coord0.5,pca_ridge,1,HLA-E,0.644908456208575,0.6402911958585898,0.3580980896949768
matched_coord0.5,pca_ridge,1,CFB,-0.02963395883548337,-0.034481306824876976,0.7238886952400208
matched_coord0.5,pca_ridge,1,CCL19,0.6449715574131876,0.556230473195855,0.5154833793640137
matched_coord0.5,pca_ridge,1,SNCG,0.565732371118397,0.4299910369183507,0.8296719789505005
matched_coord0.5,pca_ridge,1,IGHG2,0.3088685627470337,0.2596442093552247,0.42670658230781555
matched_coord0.5,spatial_knn,1,CRISP3,0.5396745585239328,0.22881903655869407,0.5288492824666042
matched_coord0.5,spatial_knn,1,CPB1,0.11503523353613025,0.1297835983192109,1.0752860376876712
matched_coord0.5,spatial_knn,1,IGHG3,0.1280832393966182,0.16619894679790748,1.0637507481659543
matched_coord0.5,spatial_knn,1,CD74,0.29564253043446426,0.24176298050721048,0.7136508016661999
matched_coord0.5,spatial_knn,1,IGLC2,0.10716285713697159,0.1379405469147548,1.061044106369067
matched_coord0.5,spatial_knn,1,HLA-B,0.23181047814991296,0.23057076253168768,0.4565102919806123
matched_coord0.5,spatial_knn,1,IGKC,0.040006213134562846,0.07128206835667335,1.2686004527645685
matched_coord0.5,spatial_knn,1,MALAT1,-0.03289423289317753,-0.027193923115735007,0.7438402985521495
matched_coord0.5,spatial_knn,1,ALB,0.0629136582328051,0.06119805293809515,0.4390083958948887
matched_coord0.5,spatial_knn,1,IGHG4,0.15526195802676204,0.18928625628770512,0.517833137148105
matched_coord0.5,spatial_knn,1,TFF3,0.27039729091452347,-0.03441459691053102,0.6259634602821513
matched_coord0.5,spatial_knn,1,CXCL14,0.5085489921458195,0.26872837653348725,0.5580314103396172
matched_coord0.5,spatial_knn,1,IGHG1,0.1468378637735797,0.16517344499610798,0.9259608245548698
matched_coord0.5,spatial_knn,1,SLITRK6,0.4509016124933062,0.15557816174411654,0.3512729187745848
matched_coord0.5,spatial_knn,1,APOE,0.19441603443226357,0.21138080455318714,1.2272181274802234
matched_coord0.5,spatial_knn,1,MT-ND2,-0.11104903663784446,-0.1780805195833766,0.7598306473669139
matched_coord0.5,spatial_knn,1,CALML5,0.24268586709161336,0.20200227008422875,0.9663249411133937
matched_coord0.5,spatial_knn,1,HLA-DRA,0.2708530627250765,0.2596335641625223,0.612773052188206
matched_coord0.5,spatial_knn,1,S100G,0.17192765112022795,0.1783315734978337,0.8650279825291209
matched_coord0.5,spatial_knn,1,LINC00645,0.6142299902703153,0.5580801545718107,0.5568796427414622
matched_coord0.5,spatial_knn,1,C3,0.3498293726906003,0.3630145258887835,0.7731516845196287
matched_coord0.5,spatial_knn,1,IGLC3,0.06229265382469276,0.04912698827510872,0.5959106606378608
matched_coord0.5,spatial_knn,1,IGLC1,0.18451863551889663,0.1512950927569476,0.6095299335545525
matched_coord0.5,spatial_knn,1,TIMP1,0.48439230297981084,0.5020219792276498,0.6231062132816387
matched_coord0.5,spatial_knn,1,APOC1,0.13434257761199137,0.09713436152375167,1.0425800281833948
matched_coord0.5,spatial_knn,1,TFF1,0.28216870513089226,0.1843348753887615,0.6838020700952652
matched_coord0.5,spatial_knn,1,SCGB2A2,0.33996519675976095,0.3664472466225262,0.7406450124206595
matched_coord0.5,spatial_knn,1,SCGB1D2,0.4090826508003026,0.47822376588692106,0.6385723240261847
matched_coord0.5,spatial_knn,1,SERPINA3,0.0785881339531683,0.06316155382172844,0.4937672980998602
matched_coord0.5,spatial_knn,1,LINC00052,0.5992346291225329,0.5857251320027987,0.7150606459425264
matched_coord0.5,spatial_knn,1,AGR2,-0.007582983954533108,-0.009843769178166262,0.6198453766453311
matched_coord0.5,spatial_knn,1,C6orf141,0.15223108487832368,0.02508893603988938,0.33894868798494043
matched_coord0.5,spatial_knn,1,LYZ,0.2520730512632803,0.22633532825100888,0.7514418130943737
matched_coord0.5,spatial_knn,1,CTSD,0.09227422057929605,0.07673780565109192,0.9674056065936701
matched_coord0.5,spatial_knn,1,HEBP1,0.3745343478998327,0.360925378074991,0.8874659080157241
matched_coord0.5,spatial_knn,1,IGHM,-0.018212941759610943,0.025313935959919164,0.7452228919643452
matched_coord0.5,spatial_knn,1,HLA-DRB1,0.3321006844130951,0.310496984214459,0.710942021867497
matched_coord0.5,spatial_knn,1,C1QA,0.18051863430791956,0.14231578820033497,1.0855024638233948
matched_coord0.5,spatial_knn,1,IGHA1,0.050445864009521314,0.03166256906980964,0.5952688807623837
matched_coord0.5,spatial_knn,1,DEGS1,0.4234320354200306,0.38968832794448227,0.6088609638211818
matched_coord0.5,spatial_knn,1,AC087379.2,0.30504803812381376,0.10098740657190648,0.442259477690426
matched_coord0.5,spatial_knn,1,AEBP1,0.08814449634925589,0.07356587824370187,0.8191719649190297
matched_coord0.5,spatial_knn,1,COL1A2,0.1914468390024869,0.16503553458704404,0.6085713061426639
matched_coord0.5,spatial_knn,1,GFRA1,-0.03317552698182523,-0.03933572549946181,0.7071114508951905
matched_coord0.5,spatial_knn,1,COL1A1,0.21186884621365654,0.2118022151957963,0.6912580125567271
matched_coord0.5,spatial_knn,1,HLA-E,0.28898358062470425,0.3024754721412108,0.6578470352075937
matched_coord0.5,spatial_knn,1,CFB,-0.10814733826988643,-0.08541177950749397,0.6896600125693405
matched_coord0.5,spatial_knn,1,CCL19,0.5607341033298452,0.5683561171181588,0.5460280772462455
matched_coord0.5,spatial_knn,1,SNCG,0.6197525558953388,0.2384184429862235,0.6622404510060383
matched_coord0.5,spatial_knn,1,IGHG2,0.08486023232330316,0.0742229845606818,0.4707257812539862
matched_coord1.0,mean,1,CRISP3,,,0.5674899816513062
matched_coord1.0,mean,1,CPB1,,,0.7710662484169006
matched_coord1.0,mean,1,IGHG3,,,0.6805843114852905
matched_coord1.0,mean,1,CD74,,,0.3832900822162628
matched_coord1.0,mean,1,IGLC2,0.0,,0.9427464008331299
matched_coord1.0,mean,1,HLA-B,,,0.38012686371803284
matched_coord1.0,mean,1,IGKC,,,0.714121401309967
matched_coord1.0,mean,1,MALAT1,,,0.6049050688743591
matched_coord1.0,mean,1,ALB,0.0,,0.7880213260650635
matched_coord1.0,mean,1,IGHG4,,,0.4391729235649109
matched_coord1.0,mean,1,TFF3,,,0.5286126136779785
matched_coord1.0,mean,1,CXCL14,,,0.7836036086082458
matched_coord1.0,mean,1,IGHG1,0.0,,0.6372614502906799
matched_coord1.0,mean,1,SLITRK6,,,0.3315596878528595
matched_coord1.0,mean,1,APOE,,,0.5280010104179382
matched_coord1.0,mean,1,MT-ND2,,,0.73652184009552
matched_coord1.0,mean,1,CALML5,,,1.0016449689865112
matched_coord1.0,mean,1,HLA-DRA,,,0.4791502058506012
matched_coord1.0,mean,1,S100G,,,0.6365451812744141
matched_coord1.0,mean,1,LINC00645,0.0,,0.5278708338737488
matched_coord1.0,mean,1,C3,,,0.5396116971969604
matched_coord1.0,mean,1,IGLC3,,,0.5900319814682007
matched_coord1.0,mean,1,IGLC1,0.0,,0.7035438418388367
matched_coord1.0,mean,1,TIMP1,,,0.7592034935951233
matched_coord1.0,mean,1,APOC1,,,0.5507664084434509
matched_coord1.0,mean,1,TFF1,,,1.011172890663147
matched_coord1.0,mean,1,SCGB2A2,,,0.8025843501091003
matched_coord1.0,mean,1,SCGB1D2,,,0.7448278665542603
matched_coord1.0,mean,1,SERPINA3,,,0.34597015380859375
matched_coord1.0,mean,1,LINC00052,,,0.5251950621604919
matched_coord1.0,mean,1,AGR2,0.0,,0.43064284324645996
matched_coord1.0,mean,1,C6orf141,,,0.29976657032966614
matched_coord1.0,mean,1,LYZ,,,0.7346118092536926
matched_coord1.0,mean,1,CTSD,,,0.41086670756340027
matched_coord1.0,mean,1,HEBP1,,,0.6526827216148376
matched_coord1.0,mean,1,IGHM,,,0.5697953104972839
matched_coord1.0,mean,1,HLA-DRB1,,,0.49829578399658203
matched_coord1.0,mean,1,C1QA,,,0.46483394503593445
matched_coord1.0,mean,1,IGHA1,,,0.6438482999801636
matched_coord1.0,mean,1,DEGS1,,,0.5556362867355347
matched_coord1.0,mean,1,AC087379.2,,,0.2769239842891693
matched_coord1.0,mean,1,AEBP1,,,0.6843634843826294
matched_coord1.0,mean,1,COL1A2,0.0,,0.5174785256385803
matched_coord1.0,mean,1,GFRA1,0.0,,0.4943321943283081
matched_coord1.0,mean,1,COL1A1,0.0,,0.6082499623298645
matched_coord1.0,mean,1,HLA-E,,,0.3411071300506592
matched_coord1.0,mean,1,CFB,,,0.508756160736084
matched_coord1.0,mean,1,CCL19,,,0.6441016793251038
matched_coord1.0,mean,1,SNCG,0.0,,1.0996204614639282
matched_coord1.0,mean,1,IGHG2,,,0.4950364828109741
matched_coord1.0,pca_ridge,1,CRISP3,-0.06024736428836006,-0.08656673903877676,0.5471372604370117
matched_coord1.0,pca_ridge,1,CPB1,0.16222023154009635,0.21844956932481246,1.285780429840088
matched_coord1.0,pca_ridge,1,IGHG3,0.34043012610456136,0.26068352320088917,0.6439212560653687
matched_coord1.0,pca_ridge,1,CD74,0.741122749196781,0.7122534037232566,0.2591845393180847
matched_coord1.0,pca_ridge,1,IGLC2,0.34212573437808513,0.32126036763822263,0.9492685198783875
matched_coord1.0,pca_ridge,1,HLA-B,0.5494147028663159,0.45623784384551275,0.2612766921520233
matched_coord1.0,pca_ridge,1,IGKC,0.30326444539960057,0.21811614337315927,0.7147793173789978
matched_coord1.0,pca_ridge,1,MALAT1,0.5718848109064457,0.5904973603778828,0.49542170763015747
matched_coord1.0,pca_ridge,1,ALB,0.17289078543007894,0.22368675794904297,0.7674409747123718
matched_coord1.0,pca_ridge,1,IGHG4,0.210836268332728,0.19288691303139763,0.44411346316337585
matched_coord1.0,pca_ridge,1,TFF3,0.3476575315198477,0.3523200889135872,0.4114578366279602
matched_coord1.0,pca_ridge,1,CXCL14,0.2202737290768433,0.16756982237621842,0.5591769814491272
matched_coord1.0,pca_ridge,1,IGHG1,0.36365441426072964,0.27446512920255633,0.6265427470207214
matched_coord1.0,pca_ridge,1,SLITRK6,-0.13509266593239175,-0.1369004246751928,0.33864179253578186
matched_coord1.0,pca_ridge,1,APOE,0.7687416558017088,0.7508196721311476,0.34333205223083496
matched_coord1.0,pca_ridge,1,MT-ND2,0.5770194833938926,0.5951097527090861,0.6347979307174683
matched_coord1.0,pca_ridge,1,CALML5,0.33772137676414327,0.23006390664073356,1.0485670566558838
matched_coord1.0,pca_ridge,1,HLA-DRA,0.6355457193328786,0.5956654626285081,0.36191147565841675
matched_coord1.0,pca_ridge,1,S100G,0.28319313925569,0.2511288014802158,0.504569947719574
matched_coord1.0,pca_ridge,1,LINC00645,-0.02882213570322914,0.009973405204620703,0.5209111571311951
matched_coord1.0,pca_ridge,1,C3,0.5523535343127157,0.4892470130591832,0.45264101028442383
matched_coord1.0,pca_ridge,1,IGLC3,0.11075456345802022,0.10572083302019579,0.6708215475082397
matched_coord1.0,pca_ridge,1,IGLC1,0.1539132132909234,0.1476810130870684,0.6526999473571777
matched_coord1.0,pca_ridge,1,TIMP1,0.648535506239319,0.6709740234284899,0.6408922076225281
matched_coord1.0,pca_ridge,1,APOC1,0.5347219032952215,0.5195887746596278,0.45662355422973633
matched_coord1.0,pca_ridge,1,TFF1,0.3910072172584776,0.2909697138093915,0.7988430261611938
matched_coord1.0,pca_ridge,1,SCGB2A2,0.4600582706469049,0.45253973616620763,0.6298404335975647
matched_coord1.0,pca_ridge,1,SCGB1D2,0.39195741884172686,0.411530710931681,0.6955912709236145
matched_coord1.0,pca_ridge,1,SERPINA3,0.10417357693893606,0.16432342317310367,0.41889631748199463
matched_coord1.0,pca_ridge,1,LINC00052,0.06016420851885535,0.06426358916603178,0.520456075668335
matched_coord1.0,pca_ridge,1,AGR2,0.37893739296053885,0.3582106140594611,0.3670177459716797
matched_coord1.0,pca_ridge,1,C6orf141,0.020481583197093964,0.004832271119158484,0.30322328209877014
matched_coord1.0,pca_ridge,1,LYZ,0.6382685127179386,0.637176993609336,0.5404815077781677
matched_coord1.0,pca_ridge,1,CTSD,0.6143162708758996,0.5981661572659074,0.32298800349235535
matched_coord1.0,pca_ridge,1,HEBP1,0.302128418421896,0.3100305640455683,0.4834841191768646
matched_coord1.0,pca_ridge,1,IGHM,0.06447937722332756,0.035829556000173145,0.6370177865028381
matched_coord1.0,pca_ridge,1,HLA-DRB1,0.6473110268095366,0.6138927479855516,0.3354010283946991
matched_coord1.0,pca_ridge,1,C1QA,0.6894383143925841,0.6944151153098084,0.34541019797325134
matched_coord1.0,pca_ridge,1,IGHA1,-0.14692221944472933,-0.19049472664600006,0.6803617477416992
matched_coord1.0,pca_ridge,1,DEGS1,-0.2102736870838767,-0.22985380416822213,0.4924280345439911
matched_coord1.0,pca_ridge,1,AC087379.2,-0.02672281103065667,-0.13980366810187186,0.3029128611087799
matched_coord1.0,pca_ridge,1,AEBP1,0.5701864750300487,0.5573106633364999,0.503296434879303
matched_coord1.0,pca_ridge,1,COL1A2,0.5714978004938169,0.5138093914976384,0.3812943696975708
matched_coord1.0,pca_ridge,1,GFRA1,0.1365118326506171,0.16272090722026972,0.46053361892700195
matched_coord1.0,pca_ridge,1,COL1A1,0.6242808790098928,0.6168380105584886,0.48342663049697876
matched_coord1.0,pca_ridge,1,HLA-E,0.5682465710995444,0.5244234509585997,0.3038221299648285
matched_coord1.0,pca_ridge,1,CFB,0.1846983220747293,0.08124479021950543,0.6842240691184998
matched_coord1.0,pca_ridge,1,CCL19,0.30802188614862663,0.3307298532129243,0.6228044629096985
matched_coord1.0,pca_ridge,1,SNCG,0.34431512536089826,0.34487357599333157,0.9298512935638428
matched_coord1.0,pca_ridge,1,IGHG2,0.11571251269600231,0.011426672820151147,0.5168344378471375
matched_coord1.0,spatial_knn,1,CRISP3,-0.05354926418834162,-0.07263133352706126,0.4240927570443475
matched_coord1.0,spatial_knn,1,CPB1,-0.3187687745157972,-0.34943039733259246,1.1925501237231202
matched_coord1.0,spatial_knn,1,IGHG3,-0.16085753314223183,-0.07057515976660185,1.1310722439587098
matched_coord1.0,spatial_knn,1,CD74,0.1821909250383289,0.040011114198388445,0.5752962342958481
matched_coord1.0,spatial_knn,1,IGLC2,-0.20394288335252772,-0.14037427584399761,1.2027483913433428
matched_coord1.0,spatial_knn,1,HLA-B,0.15929936294609096,0.06629619338705198,0.33396429225272833
matched_coord1.0,spatial_knn,1,IGKC,-0.2888636023762237,-0.299972214504029,1.3804704056780062
matched_coord1.0,spatial_knn,1,MALAT1,-0.06270535851370378,-0.05290358432898028,0.657216106056679
matched_coord1.0,spatial_knn,1,ALB,0.015457594187969624,0.06432354656146996,0.8651058144103115
matched_coord1.0,spatial_knn,1,IGHG4,-0.4517668555032219,-0.42206168380105585,0.603326052145195
matched_coord1.0,spatial_knn,1,TFF3,-0.21726525949172124,-0.2878021672686858,0.5018688906416282
matched_coord1.0,spatial_knn,1,CXCL14,0.17060152354489472,0.18905099529443017,0.4037543153713222
matched_coord1.0,spatial_knn,1,IGHG1,-0.40300564565327945,-0.3339260905807169,1.0742720674584247
matched_coord1.0,spatial_knn,1,SLITRK6,-0.06613977638810356,-0.05966245758102353,0.2818979495863284
matched_coord1.0,spatial_knn,1,APOE,-0.2522485007467674,-0.18927479855515425,1.2118157668797405
matched_coord1.0,spatial_knn,1,MT-ND2,0.20255689344809014,0.2268963601000278,0.6848595956560631
matched_coord1.0,spatial_knn,1,CALML5,0.16212280410727603,0.19555432064462352,0.9191653827598492
matched_coord1.0,spatial_knn,1,HLA-DRA,0.26889740474012286,0.20866907474298418,0.44887136036552006
matched_coord1.0,spatial_knn,1,S100G,0.2861555863747986,0.3065894219443131,0.7205252730464368
matched_coord1.0,spatial_knn,1,LINC00645,0.3654648561166068,0.32476256890589184,0.6824253363173873
matched_coord1.0,spatial_knn,1,C3,0.12255684109025997,0.13692692414559604,0.7379617293841294
matched_coord1.0,spatial_knn,1,IGLC3,-0.3134230954910202,-0.3155101581003047,0.5677849606155632
matched_coord1.0,spatial_knn,1,IGLC1,-0.05936379148454837,-0.07900920116521588,0.7253161619271182
matched_coord1.0,spatial_knn,1,TIMP1,0.12319730092230227,0.08570237681728982,0.825407766946823
matched_coord1.0,spatial_knn,1,APOC1,-0.2010988827095153,-0.23873298138371776,1.0370066166309502
matched_coord1.0,spatial_knn,1,TFF1,0.16339400004602478,0.07529869408168938,0.8852745227524947
matched_coord1.0,spatial_knn,1,SCGB2A2,0.1929633959491474,0.33705679723051085,0.7080390244593171
matched_coord1.0,spatial_knn,1,SCGB1D2,0.5426044271101907,0.6125477422306506,0.685368711099297
matched_coord1.0,spatial_knn,1,SERPINA3,-0.49989641325462153,-0.44367879966657414,0.48467436626807997
matched_coord1.0,spatial_knn,1,LINC00052,0.45028772298904685,0.3990598674584173,0.5031095029806311
matched_coord1.0,spatial_knn,1,AGR2,-0.13663870385144605,-0.1311475409836066,0.578577063778512
matched_coord1.0,spatial_knn,1,C6orf141,-0.08792930266667774,-0.07047875019339042,0.3039882198119957
matched_coord1.0,spatial_knn,1,LYZ,0.08348580830144126,-0.020116699083078636,0.700128793288856
matched_coord1.0,spatial_knn,1,CTSD,-0.26473843971843897,-0.18949708252292305,0.9239367446168031
matched_coord1.0,spatial_knn,1,HEBP1,0.23407520326693237,0.1580439010836344,0.6095471581135071
matched_coord1.0,spatial_knn,1,IGHM,-0.29378020512553693,-0.2856628187622501,0.8271228740371901
matched_coord1.0,spatial_knn,1,HLA-DRB1,0.26462607522343956,0.15459849958321759,0.5810345956655094
matched_coord1.0,spatial_knn,1,C1QA,-0.125739298912859,-0.11219783273131426,1.0271278756924263
matched_coord1.0,spatial_knn,1,IGHA1,-0.2562611322721889,-0.28054475791723443,0.5548887606138199
matched_coord1.0,spatial_knn,1,DEGS1,0.1953798585017873,0.2114454786952772,0.5539998682601252
matched_coord1.0,spatial_knn,1,AC087379.2,-0.031934521119141045,-0.03474182272204823,0.29630015093669493
matched_coord1.0,spatial_knn,1,AEBP1,-0.12317655722334866,0.024748352977222086,0.8939916300853613
matched_coord1.0,spatial_knn,1,COL1A2,-0.11733813534861551,-0.10102806335093084,0.5207181133314137
matched_coord1.0,spatial_knn,1,GFRA1,-0.35987255942696905,-0.35067244691253474,0.6597623898826787
matched_coord1.0,spatial_knn,1,COL1A1,0.04210364977751955,-0.06490691858849681,0.660209977386904
matched_coord1.0,spatial_knn,1,HLA-E,0.06934885805422718,-0.017004723534315095,0.6100881628028334
matched_coord1.0,spatial_knn,1,CFB,0.27380140129498454,0.21233676021116982,0.6392321166430477
matched_coord1.0,spatial_knn,1,CCL19,0.41371726980792406,0.38203358658177083,0.5653999951303708
matched_coord1.0,spatial_knn,1,SNCG,-0.2460095815881328,-0.2599055293136983,0.7307270731095681
matched_coord1.0,spatial_knn,1,IGHG2,0.06353051248470011,0.12743162307161082,0.5407184540209186
random,mean,2,CRISP3,,,0.9378573894500732
random,mean,2,CPB1,,,0.9407777786254883
random,mean,2,IGHG3,,,0.9913564324378967
random,mean,2,CD74,,,0.5655983686447144
random,mean,2,IGLC2,,,1.1239746809005737
random,mean,2,HLA-B,,,0.45437899231910706
random,mean,2,IGKC,,,0.9659938216209412
random,mean,2,MALAT1,,,0.7879999876022339
random,mean,2,ALB,,,0.7095789909362793
random,mean,2,IGHG4,,,0.719658613204956
random,mean,2,TFF3,,,0.5940863490104675
random,mean,2,CXCL14,,,0.7936186194419861
random,mean,2,IGHG1,0.0,,0.8790857195854187
random,mean,2,SLITRK6,,,0.5523341298103333
random,mean,2,APOE,0.0,,0.6519566178321838
random,mean,2,MT-ND2,0.0,,0.5563593506813049
random,mean,2,CALML5,,,0.5471302270889282
random,mean,2,HLA-DRA,0.0,,0.6082814335823059
random,mean,2,S100G,,,0.7999411821365356
random,mean,2,LINC00645,,,0.5375220775604248
random,mean,2,C3,,,0.7775022983551025
random,mean,2,IGLC3,0.0,,0.8219656348228455
random,mean,2,IGLC1,,,0.781032919883728
random,mean,2,TIMP1,0.0,,0.7284920811653137
random,mean,2,APOC1,0.0,,0.6369407773017883
random,mean,2,TFF1,0.0,,0.6429245471954346
random,mean,2,SCGB2A2,,,0.7206225395202637
random,mean,2,SCGB1D2,,,0.7235240340232849
random,mean,2,SERPINA3,0.0,,0.6549012064933777
random,mean,2,LINC00052,,,0.29738420248031616
random,mean,2,AGR2,,,0.6207458972930908
random,mean,2,C6orf141,,,0.4640604853630066
random,mean,2,LYZ,,,0.7022891044616699
random,mean,2,CTSD,,,0.47984200716018677
random,mean,2,HEBP1,,,0.6363685131072998
random,mean,2,IGHM,,,0.7875304222106934
random,mean,2,HLA-DRB1,,,0.5518614053726196
random,mean,2,C1QA,,,0.6810181140899658
random,mean,2,IGHA1,,,0.7811991572380066
random,mean,2,DEGS1,,,0.6437029838562012
random,mean,2,AC087379.2,0.0,,0.45367366075515747
random,mean,2,AEBP1,,,0.668407142162323
random,mean,2,COL1A2,0.0,,0.7233002781867981
random,mean,2,GFRA1,,,0.639518678188324
random,mean,2,COL1A1,0.0,,0.7448299527168274
random,mean,2,HLA-E,0.0,,0.5304844975471497
random,mean,2,CFB,,,0.5649599432945251
random,mean,2,CCL19,,,0.5742694735527039
random,mean,2,SNCG,,,0.6112170219421387
random,mean,2,IGHG2,,,0.6551029682159424
random,pca_ridge,2,CRISP3,0.7463538246723161,0.46187559498962044,0.6246005892753601
random,pca_ridge,2,CPB1,0.5189018831558048,0.5419589822165042,0.8051770925521851
random,pca_ridge,2,IGHG3,0.6552811043353913,0.6989814116245894,0.7491363286972046
random,pca_ridge,2,CD74,0.8020728878171528,0.8138063206621599,0.33744582533836365
random,pca_ridge,2,IGLC2,0.6449758115805215,0.6874103115528012,0.8601202964782715
random,pca_ridge,2,HLA-B,0.7052929531010638,0.7077601143355993,0.3224164545536041
random,pca_ridge,2,IGKC,0.7066050956880574,0.7436106228761734,0.6834393739700317
random,pca_ridge,2,MALAT1,0.7010597140431853,0.7138028755182856,0.5616596341133118
random,pca_ridge,2,ALB,0.3218323689551959,0.19606004856538142,0.6718791723251343
random,pca_ridge,2,IGHG4,0.6761419773517923,0.6948746973518239,0.5302088856697083
random,pca_ridge,2,TFF3,0.6073480699583574,0.6062973997512581,0.47266721725463867
random,pca_ridge,2,CXCL14,0.6952842975108047,0.5491424599941488,0.5721707344055176
random,pca_ridge,2,IGHG1,0.6835920007140481,0.6946587315466729,0.6418473720550537
random,pca_ridge,2,SLITRK6,0.710843635967268,0.4288576420825228,0.38903746008872986
random,pca_ridge,2,APOE,0.7832716257305308,0.7958937381093975,0.40575605630874634
random,pca_ridge,2,MT-ND2,0.5965049533022141,0.5886239690204832,0.44676724076271057
random,pca_ridge,2,CALML5,0.5944079870477323,0.5941436543965607,0.4386923313140869
random,pca_ridge,2,HLA-DRA,0.74020150401773,0.7776263278332023,0.40858879685401917
random,pca_ridge,2,S100G,0.5931831672268189,0.5846871312128418,0.6443206667900085
random,pca_ridge,2,LINC00645,0.44266215765262373,0.35602941906293906,0.48208239674568176
random,pca_ridge,2,C3,0.7414363828746539,0.7237901640949148,0.5226859450340271
random,pca_ridge,2,IGLC3,0.4906244556397888,0.4419766703692996,0.7186622023582458
random,pca_ridge,2,IGLC1,0.49816761622801986,0.48694578169249253,0.6785455346107483
random,pca_ridge,2,TIMP1,0.7225632824898872,0.6985195990733941,0.5039438009262085
random,pca_ridge,2,APOC1,0.6573020181904319,0.6467908168276523,0.480415940284729
random,pca_ridge,2,TFF1,0.47500320876927915,0.4736386457015814,0.5683991312980652
random,pca_ridge,2,SCGB2A2,0.5405861639765714,0.550253680603785,0.6076315641403198
random,pca_ridge,2,SCGB1D2,0.5116786374637443,0.5266061334353699,0.6227495670318604
random,pca_ridge,2,SERPINA3,0.41756870845963723,0.4617305543177534,0.5954740047454834
random,pca_ridge,2,LINC00052,0.43545131731875897,0.3025044399302987,0.2693280875682831
random,pca_ridge,2,AGR2,0.6421127810368777,0.5946716235775764,0.4760173559188843
random,pca_ridge,2,C6orf141,0.6315407773860607,0.43050521967792243,0.35984164476394653
random,pca_ridge,2,LYZ,0.6540482331409017,0.6623389244000305,0.5317658185958862
random,pca_ridge,2,CTSD,0.6835347135155333,0.7178605544510314,0.3501289188861847
random,pca_ridge,2,HEBP1,0.565093528020635,0.5765741072483254,0.5259900093078613
random,pca_ridge,2,IGHM,0.5067355429314786,0.44225735796204674,0.6793416142463684
random,pca_ridge,2,HLA-DRB1,0.6624801672083455,0.6937465691953464,0.4148070514202118
random,pca_ridge,2,C1QA,0.7471253855318745,0.7571685320274848,0.45233801007270813
random,pca_ridge,2,IGHA1,0.47306071216615075,0.4679325408029932,0.6888636946678162
random,pca_ridge,2,DEGS1,0.5453326937786734,0.4512893189064471,0.5399303436279297
random,pca_ridge,2,AC087379.2,0.4608613591456109,0.37426288689717335,0.4027014970779419
random,pca_ridge,2,AEBP1,0.7050407420438386,0.7092927407130365,0.4749543070793152
random,pca_ridge,2,COL1A2,0.6799524341085872,0.6949364875814794,0.5293745398521423
random,pca_ridge,2,GFRA1,0.6070114324249551,0.47582379150628074,0.5083397626876831
random,pca_ridge,2,COL1A1,0.6708711727868294,0.6756859020560332,0.5519207715988159
random,pca_ridge,2,HLA-E,0.7074979065824911,0.7425629788870337,0.37593600153923035
random,pca_ridge,2,CFB,0.42541022535198475,0.4289030220717786,0.5111955404281616
random,pca_ridge,2,CCL19,0.5214935062193033,0.4090141334048749,0.491590291261673
random,pca_ridge,2,SNCG,0.5148584745915841,0.5074396264827732,0.5239729881286621
random,pca_ridge,2,IGHG2,0.4376367538389952,0.33815091870147906,0.5889557600021362
random,spatial_knn,2,CRISP3,0.8723084614005269,0.5055411058489899,0.4583481008100422
random,spatial_knn,2,CPB1,0.792621638985528,0.7416170406018134,0.5741770382599076
random,spatial_knn,2,IGHG3,0.742952288245274,0.7392784068875009,0.6642178315573505
random,spatial_knn,2,CD74,0.7513792702460306,0.7609588831282091,0.3749667465613605
random,spatial_knn,2,IGLC2,0.7133043919659353,0.7191884430955993,0.7917655682110923
random,spatial_knn,2,HLA-B,0.8052780765456138,0.8023242532074293,0.26986771243020635
random,spatial_knn,2,IGKC,0.7517897045777054,0.7698434430917798,0.6396837361322173
random,spatial_knn,2,MALAT1,0.6098440777014047,0.6459071033703303,0.6257562232774968
random,spatial_knn,2,ALB,0.7533912704151898,0.21761047881792636,0.46666495574250894
random,spatial_knn,2,IGHG4,0.680853629806426,0.6930127908531623,0.5304180986814714
random,spatial_knn,2,TFF3,0.7497379266038722,0.7553617151259033,0.39336633484025113
random,spatial_knn,2,CXCL14,0.7952033744407109,0.6598665857137618,0.48281132051977455
random,spatial_knn,2,IGHG1,0.7027902917608664,0.6969298372509012,0.6298360946198871
random,spatial_knn,2,SLITRK6,0.8167313913886192,0.41842366287384486,0.3187608091359073
random,spatial_knn,2,APOE,0.6616468190228271,0.6651899961793705,0.49184196987716483
random,spatial_knn,2,MT-ND2,0.5557014158613479,0.5411021104099036,0.4671282187796041
random,spatial_knn,2,CALML5,0.7583673123248027,0.7482185133423488,0.35616637347486946
random,spatial_knn,2,HLA-DRA,0.6993610685295736,0.7338511437288013,0.43552327448640143
random,spatial_knn,2,S100G,0.7224763701727287,0.6791187212172137,0.5539881237320233
random,spatial_knn,2,LINC00645,0.6896828346444853,0.45389468891685586,0.3902091026956034
random,spatial_knn,2,C3,0.6528140475989406,0.6233676554250935,0.5891748740112446
random,spatial_knn,2,IGLC3,0.5690705298558665,0.4399253079413534,0.688523600733568
random,spatial_knn,2,IGLC1,0.538670750583597,0.48853782415828884,0.670417947951697
random,spatial_knn,2,TIMP1,0.6302812782817112,0.6120246346792794,0.5679664933729579
random,spatial_knn,2,APOC1,0.5738320377790985,0.5844727425864171,0.5288035573339728
random,spatial_knn,2,TFF1,0.6164939127886422,0.6033922340766176,0.5130965041163583
random,spatial_knn,2,SCGB2A2,0.6278017526541266,0.6169530952320095,0.5671138938592266
random,spatial_knn,2,SCGB1D2,0.6300621598712837,0.6261772997140057,0.5632331346483883
random,spatial_knn,2,SERPINA3,0.6718099217328655,0.6307004721503587,0.48566187998288185
random,spatial_knn,2,LINC00052,0.7547750232947424,0.33757529587866064,0.1952040906122873
random,spatial_knn,2,AGR2,0.6496883973509628,0.6090321777009566,0.47393419760054134
random,spatial_knn,2,C6orf141,0.698486399681085,0.4009026832641494,0.3314526870446462
random,spatial_knn,2,LYZ,0.6277946988001895,0.6477391368611483,0.5488875489478767
random,spatial_knn,2,CTSD,0.5493617065548089,0.56242407954769,0.4039858498520079
random,spatial_knn,2,HEBP1,0.6182975860492247,0.5759967249302539,0.5026530449772035
random,spatial_knn,2,IGHM,0.5718818311798675,0.4560538530532,0.6537735604959565
random,spatial_knn,2,HLA-DRB1,0.6162444393819084,0.6523869453774985,0.43986089447259735
random,spatial_knn,2,C1QA,0.5981360737466388,0.6100717608129651,0.5485147908074349
random,spatial_knn,2,IGHA1,0.5778924413313747,0.5337552425997205,0.6420569615899099
random,spatial_knn,2,DEGS1,0.6103076663222301,0.541340370128341,0.5122823759887736
random,spatial_knn,2,AC087379.2,0.5910604903163125,0.3428335737498939,0.3673550362686936
random,spatial_knn,2,AEBP1,0.5797702822887992,0.5778159933415257,0.546348305254045
random,spatial_knn,2,COL1A2,0.548496787880189,0.5659683964220168,0.6055645314466922
random,spatial_knn,2,GFRA1,0.6356349826796484,0.49938455827167394,0.4952730011848481
random,spatial_knn,2,COL1A1,0.5416433558672349,0.5650000847528227,0.6293407779347852
random,spatial_knn,2,HLA-E,0.6423396818557066,0.6743376414623637,0.4071379252514325
random,spatial_knn,2,CFB,0.547628996399832,0.5853912326799855,0.47899492221876366
random,spatial_knn,2,CCL19,0.5822479780576696,0.4690453785621255,0.46827511290695173
random,spatial_knn,2,SNCG,0.6048873162441026,0.561879126823929,0.48902259707522777
random,spatial_knn,2,IGHG2,0.5025794444137736,0.39902978709974496,0.572567199713247
matched_hop0,mean,2,CRISP3,,,1.5085413455963135
matched_hop0,mean,2,CPB1,,,0.8695534467697144
matched_hop0,mean,2,IGHG3,,,1.339145302772522
matched_hop0,mean,2,CD74,,,0.729733943939209
matched_hop0,mean,2,IGLC2,,,1.3970502614974976
matched_hop0,mean,2,HLA-B,,,0.5965662598609924
matched_hop0,mean,2,IGKC,,,1.1915476322174072
matched_hop0,mean,2,MALAT1,,,0.7672418355941772
matched_hop0,mean,2,ALB,,,0.42531251907348633
matched_hop0,mean,2,IGHG4,0.0,,0.903636634349823
matched_hop0,mean,2,TFF3,,,0.5998064279556274
matched_hop0,mean,2,CXCL14,0.0,,0.6291981339454651
matched_hop0,mean,2,IGHG1,,,1.0792121887207031
matched_hop0,mean,2,SLITRK6,,,0.8530953526496887
matched_hop0,mean,2,APOE,,,0.7255584001541138
matched_hop0,mean,2,MT-ND2,,,0.549185574054718
matched_hop0,mean,2,CALML5,,,0.5133047103881836
matched_hop0,mean,2,HLA-DRA,0.0,,0.6800017952919006
matched_hop0,mean,2,S100G,,,0.8712195158004761
matched_hop0,mean,2,LINC00645,0.0,,0.3672982156276703
matched_hop0,mean,2,C3,0.0,,0.8362978100776672
matched_hop0,mean,2,IGLC3,0.0,,0.9450187087059021
matched_hop0,mean,2,IGLC1,,,0.861207902431488
matched_hop0,mean,2,TIMP1,,,0.8428767919540405
matched_hop0,mean,2,APOC1,,,0.7466511726379395
matched_hop0,mean,2,TFF1,0.0,,0.7563851475715637
matched_hop0,mean,2,SCGB2A2,0.0,,0.7131674289703369
matched_hop0,mean,2,SCGB1D2,0.0,,0.7092030644416809
matched_hop0,mean,2,SERPINA3,,,0.8808190822601318
matched_hop0,mean,2,LINC00052,,,0.15211144089698792
matched_hop0,mean,2,AGR2,,,0.5447723269462585
matched_hop0,mean,2,C6orf141,,,0.6827546954154968
matched_hop0,mean,2,LYZ,,,0.7544915080070496
matched_hop0,mean,2,CTSD,0.0,,0.4676066040992737
matched_hop0,mean,2,HEBP1,,,0.5686365365982056
matched_hop0,mean,2,IGHM,,,0.9197000861167908
matched_hop0,mean,2,HLA-DRB1,0.0,,0.6111535429954529
matched_hop0,mean,2,C1QA,,,0.7023521661758423
matched_hop0,mean,2,IGHA1,,,0.8224297761917114
matched_hop0,mean,2,DEGS1,0.0,,0.5428324341773987
matched_hop0,mean,2,AC087379.2,,,0.4412388205528259
matched_hop0,mean,2,AEBP1,,,0.7479729652404785
matched_hop0,mean,2,COL1A2,,,0.7631726861000061
matched_hop0,mean,2,GFRA1,,,0.5725430846214294
matched_hop0,mean,2,COL1A1,,,0.8097176551818848
matched_hop0,mean,2,HLA-E,,,0.5540028810501099
matched_hop0,mean,2,CFB,,,0.6022841334342957
matched_hop0,mean,2,CCL19,,,0.5530753135681152
matched_hop0,mean,2,SNCG,0.0,,0.5676378011703491
matched_hop0,mean,2,IGHG2,0.0,,0.7212417721748352
matched_hop0,pca_ridge,2,CRISP3,0.8073486929082295,0.7327740814999313,0.9895088076591492
matched_hop0,pca_ridge,2,CPB1,0.3088647396109798,0.2901506153443234,0.8128069043159485
matched_hop0,pca_ridge,2,IGHG3,0.7669603554053298,0.7744983169492371,0.8891030550003052
matched_hop0,pca_ridge,2,CD74,0.8194002928791927,0.8213395647257342,0.42666181921958923
matched_hop0,pca_ridge,2,IGLC2,0.7541402126710639,0.7638753116876827,0.9252434372901917
matched_hop0,pca_ridge,2,HLA-B,0.5350698263976682,0.514619294543271,0.4559863209724426
matched_hop0,pca_ridge,2,IGKC,0.7565231380306152,0.7774458292706592,0.7655528783798218
matched_hop0,pca_ridge,2,MALAT1,0.7065540740092306,0.7546129986673482,0.5389200448989868
matched_hop0,pca_ridge,2,ALB,0.15177618466689452,0.11992746622438615,0.5220875144004822
matched_hop0,pca_ridge,2,IGHG4,0.7239321888693657,0.7389628032443709,0.6084752082824707
matched_hop0,pca_ridge,2,TFF3,0.4742566834590833,0.5650214772003195,0.543730616569519
matched_hop0,pca_ridge,2,CXCL14,0.25510664527930316,0.26499532456729785,0.6670961380004883
matched_hop0,pca_ridge,2,IGHG1,0.7480690321140476,0.7454485418219226,0.7088360786437988
matched_hop0,pca_ridge,2,SLITRK6,0.7513468537737359,0.699275058300593,0.5841879844665527
matched_hop0,pca_ridge,2,APOE,0.7619089773367287,0.785168351897892,0.46586936712265015
matched_hop0,pca_ridge,2,MT-ND2,0.42916230532395705,0.462294415359058,0.5466710925102234
matched_hop0,pca_ridge,2,CALML5,0.3553674122057431,0.38594640515187856,0.46021798253059387
matched_hop0,pca_ridge,2,HLA-DRA,0.7891541410416398,0.7554259123466673,0.41306445002555847
matched_hop0,pca_ridge,2,S100G,0.4312293124428513,0.34349437778236236,0.785855770111084
matched_hop0,pca_ridge,2,LINC00645,0.024347499379420795,0.023783072448242532,0.4361235201358795
matched_hop0,pca_ridge,2,C3,0.8001336836185666,0.767647378049261,0.5141118168830872
matched_hop0,pca_ridge,2,IGLC3,0.6336526088613862,0.571261315589588,0.7240815758705139
matched_hop0,pca_ridge,2,IGLC1,0.47123392357555505,0.47730690341834503,0.7600051164627075
matched_hop0,pca_ridge,2,TIMP1,0.7937930302831505,0.7902424405527931,0.5360617637634277
matched_hop0,pca_ridge,2,APOC1,0.5594029635734298,0.5834936828238753,0.5707107186317444
matched_hop0,pca_ridge,2,TFF1,0.4874402664223113,0.5566108576929999,0.680351734161377
matched_hop0,pca_ridge,2,SCGB2A2,0.24949969736681987,0.2465505188717644,0.6606379151344299
matched_hop0,pca_ridge,2,SCGB1D2,0.2286307861862401,0.20773146990463612,0.6347908973693848
matched_hop0,pca_ridge,2,SERPINA3,0.1758663880094012,0.19071989809555295,0.8625057339668274
matched_hop0,pca_ridge,2,LINC00052,0.017649131642317753,0.028464649127397004,0.1819465309381485
matched_hop0,pca_ridge,2,AGR2,0.515916897775695,0.5063538863175894,0.4730202257633209
matched_hop0,pca_ridge,2,C6orf141,0.7247831684046611,0.7003859793668457,0.5130036473274231
matched_hop0,pca_ridge,2,LYZ,0.680231029494426,0.6067999451956588,0.5218421816825867
matched_hop0,pca_ridge,2,CTSD,0.6788166205248686,0.7214917676938933,0.3443816304206848
matched_hop0,pca_ridge,2,HEBP1,0.43948309041267775,0.4540474277728649,0.5151898860931396
matched_hop0,pca_ridge,2,IGHM,0.5597023522837561,0.5278459174653712,0.7586305141448975
matched_hop0,pca_ridge,2,HLA-DRB1,0.652147916740363,0.654130366630701,0.4460504949092865
matched_hop0,pca_ridge,2,C1QA,0.7300327369745313,0.7225458085657666,0.4779362082481384
matched_hop0,pca_ridge,2,IGHA1,0.5042897397512209,0.5175043115071042,0.7037123441696167
matched_hop0,pca_ridge,2,DEGS1,0.3211521347666699,0.27526590915361127,0.5318354964256287
matched_hop0,pca_ridge,2,AC087379.2,0.23285563176852336,0.23176298371630852,0.44328102469444275
matched_hop0,pca_ridge,2,AEBP1,0.7433707003165558,0.7581959500314229,0.4948623478412628
matched_hop0,pca_ridge,2,COL1A2,0.7264925195129364,0.7442043580065971,0.5213724970817566
matched_hop0,pca_ridge,2,GFRA1,0.2638800303190698,0.2618575199820305,0.5486427545547485
matched_hop0,pca_ridge,2,COL1A1,0.7233002998185298,0.7431577539946267,0.5614748597145081
matched_hop0,pca_ridge,2,HLA-E,0.6721824652959023,0.7131782831843599,0.39777952432632446
matched_hop0,pca_ridge,2,CFB,0.08260395789917926,0.08317827786357689,0.6099810600280762
matched_hop0,pca_ridge,2,CCL19,0.4885884989754617,0.37305483451818905,0.4848727285861969
matched_hop0,pca_ridge,2,SNCG,0.4119653626073635,0.42585297752019313,0.4972936511039734
matched_hop0,pca_ridge,2,IGHG2,0.45613142584297806,0.3757147111144416,0.6393317580223083
matched_hop0,spatial_knn,2,CRISP3,0.8047610655318457,0.7345142571829981,0.7187942765856854
matched_hop0,spatial_knn,2,CPB1,0.1753419486449564,0.2710406737531875,0.9768743675339383
matched_hop0,spatial_knn,2,IGHG3,0.4251905844788494,0.43612035824663964,1.101197595410628
matched_hop0,spatial_knn,2,CD74,0.5786728911458517,0.595625587617204,0.6244885644473313
matched_hop0,spatial_knn,2,IGLC2,0.4486375058142901,0.44692952916211515,1.2222925009800767
matched_hop0,spatial_knn,2,HLA-B,0.20823998207094943,0.2372640247733014,0.49088496971305573
matched_hop0,spatial_knn,2,IGKC,0.4951584159512987,0.4934291923084432,0.9970822803114188
matched_hop0,spatial_knn,2,MALAT1,0.4455087207628678,0.3948904348010527,0.749643084419782
matched_hop0,spatial_knn,2,ALB,0.18463261015497745,0.119514386618426,0.41407672971074216
matched_hop0,spatial_knn,2,IGHG4,0.3921878063776314,0.4695369701046304,0.7929604554342425
matched_hop0,spatial_knn,2,TFF3,0.2661230536058413,0.27278469120064647,0.6683101093120828
matched_hop0,spatial_knn,2,CXCL14,0.10909983061348642,0.06954369342458032,0.7940162320012909
matched_hop0,spatial_knn,2,IGHG1,0.42559882737389837,0.4399482554674433,0.9396117304031686
matched_hop0,spatial_knn,2,SLITRK6,0.7472625700628491,0.7204075187277722,0.4742521582126861
matched_hop0,spatial_knn,2,APOE,0.421431375501138,0.45144223714629816,0.7005739097602647
matched_hop0,spatial_knn,2,MT-ND2,0.194214631724864,0.16203851206415001,0.6676766352664828
matched_hop0,spatial_knn,2,CALML5,0.2972511036326665,0.3227875347196653,0.4579034879937828
matched_hop0,spatial_knn,2,HLA-DRA,0.5495674515262212,0.570572337061849,0.5668460025428107
matched_hop0,spatial_knn,2,S100G,0.18205809874668472,0.256288188463504,0.8769463486559758
matched_hop0,spatial_knn,2,LINC00645,0.14408604219343196,-0.02967754055586958,0.27149426131618204
matched_hop0,spatial_knn,2,C3,0.510747688973559,0.5005847399323768,0.7135834658668074
matched_hop0,spatial_knn,2,IGLC3,0.2485965984833137,0.2723580842903663,0.9191082648170977
matched_hop0,spatial_knn,2,IGLC1,0.12461869362574715,0.20878643681070516,0.9185592536556854
matched_hop0,spatial_knn,2,TIMP1,0.45719299913606476,0.4426140393057928,0.7452158613430732
matched_hop0,spatial_knn,2,APOC1,0.1778650382315383,0.19354328016351544,0.7351504374043177
matched_hop0,spatial_knn,2,TFF1,0.016181560713739645,0.04449255294256048,0.8229626681991237
matched_hop0,spatial_knn,2,SCGB2A2,0.16135334764014522,0.1588192121429204,0.6406202589511674
matched_hop0,spatial_knn,2,SCGB1D2,0.18899767313806357,0.1680497725299353,0.5553628217029098
matched_hop0,spatial_knn,2,SERPINA3,0.0009219239093802152,0.014172141307647278,0.8980590249491358
matched_hop0,spatial_knn,2,LINC00052,-0.014373602186904241,-0.01420077038721017,0.12515455438344056
matched_hop0,spatial_knn,2,AGR2,0.1519359460007093,0.11012568840580095,0.5517743245620984
matched_hop0,spatial_knn,2,C6orf141,0.5965626396266628,0.5929370647109697,0.4730742340849941
matched_hop0,spatial_knn,2,LYZ,0.35741402685593765,0.3599028051116369,0.6873452788009369
matched_hop0,spatial_knn,2,CTSD,0.42703502225006607,0.4406226242918449,0.43811525504117516
matched_hop0,spatial_knn,2,HEBP1,0.11335708544388959,0.09190426946847233,0.5483087438466139
matched_hop0,spatial_knn,2,IGHM,0.2629210023107757,0.24214850641567442,0.8742242930554212
matched_hop0,spatial_knn,2,HLA-DRB1,0.48711451810865636,0.5320752416987168,0.5159077883299023
matched_hop0,spatial_knn,2,C1QA,0.3697739357722358,0.3762404461900511,0.6622494214413533
matched_hop0,spatial_knn,2,IGHA1,0.2481452667212688,0.2386191898437466,0.8296652845416945
matched_hop0,spatial_knn,2,DEGS1,0.2088665253432731,0.1742813674430214,0.5517899594787433
matched_hop0,spatial_knn,2,AC087379.2,-0.09375485636456679,-0.04661248994407115,0.4982125608747724
matched_hop0,spatial_knn,2,AEBP1,0.3215280114526975,0.2962499340821324,0.7070592967630409
matched_hop0,spatial_knn,2,COL1A2,0.23116401128961103,0.17252841948605172,0.7527715902445645
matched_hop0,spatial_knn,2,GFRA1,0.15404879158765244,0.20198243190887086,0.4950811601017568
matched_hop0,spatial_knn,2,COL1A1,0.28297083600525,0.24975188865084053,0.7919624158762588
matched_hop0,spatial_knn,2,HLA-E,0.24707096814285717,0.26242899206132514,0.5155535883034437
matched_hop0,spatial_knn,2,CFB,0.10225699600589934,0.0928174682441429,0.5992809902635549
matched_hop0,spatial_knn,2,CCL19,0.32030737434165196,0.24357821531639737,0.5349139768612634
matched_hop0,spatial_knn,2,SNCG,0.3300757718366619,0.29635511554642097,0.5297202361152388
matched_hop0,spatial_knn,2,IGHG2,0.20612133700641902,0.25820724260383127,0.7016467873937411
matched_hop1,mean,2,CRISP3,,,1.5085413455963135
matched_hop1,mean,2,CPB1,,,0.8695534467697144
matched_hop1,mean,2,IGHG3,,,1.339145302772522
matched_hop1,mean,2,CD74,,,0.729733943939209
matched_hop1,mean,2,IGLC2,,,1.3970502614974976
matched_hop1,mean,2,HLA-B,,,0.5965662598609924
matched_hop1,mean,2,IGKC,,,1.1915476322174072
matched_hop1,mean,2,MALAT1,,,0.7672418355941772
matched_hop1,mean,2,ALB,,,0.42531251907348633
matched_hop1,mean,2,IGHG4,0.0,,0.903636634349823
matched_hop1,mean,2,TFF3,,,0.5998064279556274
matched_hop1,mean,2,CXCL14,0.0,,0.6291981339454651
matched_hop1,mean,2,IGHG1,,,1.0792121887207031
matched_hop1,mean,2,SLITRK6,,,0.8530953526496887
matched_hop1,mean,2,APOE,,,0.7255584001541138
matched_hop1,mean,2,MT-ND2,,,0.549185574054718
matched_hop1,mean,2,CALML5,,,0.5133047103881836
matched_hop1,mean,2,HLA-DRA,0.0,,0.6800017952919006
matched_hop1,mean,2,S100G,,,0.8712195158004761
matched_hop1,mean,2,LINC00645,0.0,,0.3672982156276703
matched_hop1,mean,2,C3,0.0,,0.8362978100776672
matched_hop1,mean,2,IGLC3,0.0,,0.9450187087059021
matched_hop1,mean,2,IGLC1,,,0.861207902431488
matched_hop1,mean,2,TIMP1,,,0.8428767919540405
matched_hop1,mean,2,APOC1,,,0.7466511726379395
matched_hop1,mean,2,TFF1,0.0,,0.7563851475715637
matched_hop1,mean,2,SCGB2A2,0.0,,0.7131674289703369
matched_hop1,mean,2,SCGB1D2,0.0,,0.7092030644416809
matched_hop1,mean,2,SERPINA3,,,0.8808190822601318
matched_hop1,mean,2,LINC00052,,,0.15211144089698792
matched_hop1,mean,2,AGR2,,,0.5447723269462585
matched_hop1,mean,2,C6orf141,,,0.6827546954154968
matched_hop1,mean,2,LYZ,,,0.7544915080070496
matched_hop1,mean,2,CTSD,0.0,,0.4676066040992737
matched_hop1,mean,2,HEBP1,,,0.5686365365982056
matched_hop1,mean,2,IGHM,,,0.9197000861167908
matched_hop1,mean,2,HLA-DRB1,0.0,,0.6111535429954529
matched_hop1,mean,2,C1QA,,,0.7023521661758423
matched_hop1,mean,2,IGHA1,,,0.8224297761917114
matched_hop1,mean,2,DEGS1,0.0,,0.5428324341773987
matched_hop1,mean,2,AC087379.2,,,0.4412388205528259
matched_hop1,mean,2,AEBP1,,,0.7479729652404785
matched_hop1,mean,2,COL1A2,,,0.7631726861000061
matched_hop1,mean,2,GFRA1,,,0.5725430846214294
matched_hop1,mean,2,COL1A1,,,0.8097176551818848
matched_hop1,mean,2,HLA-E,,,0.5540028810501099
matched_hop1,mean,2,CFB,,,0.6022841334342957
matched_hop1,mean,2,CCL19,,,0.5530753135681152
matched_hop1,mean,2,SNCG,0.0,,0.5676378011703491
matched_hop1,mean,2,IGHG2,0.0,,0.7212417721748352
matched_hop1,pca_ridge,2,CRISP3,0.8073486929082295,0.7327740814999313,0.9895088076591492
matched_hop1,pca_ridge,2,CPB1,0.3088647396109798,0.2901506153443234,0.8128069043159485
matched_hop1,pca_ridge,2,IGHG3,0.7669603554053298,0.7744983169492371,0.8891030550003052
matched_hop1,pca_ridge,2,CD74,0.8194002928791927,0.8213395647257342,0.42666181921958923
matched_hop1,pca_ridge,2,IGLC2,0.7541402126710639,0.7638753116876827,0.9252434372901917
matched_hop1,pca_ridge,2,HLA-B,0.5350698263976682,0.514619294543271,0.4559863209724426
matched_hop1,pca_ridge,2,IGKC,0.7565231380306152,0.7774458292706592,0.7655528783798218
matched_hop1,pca_ridge,2,MALAT1,0.7065540740092306,0.7546129986673482,0.5389200448989868
matched_hop1,pca_ridge,2,ALB,0.15177618466689452,0.11992746622438615,0.5220875144004822
matched_hop1,pca_ridge,2,IGHG4,0.7239321888693657,0.7389628032443709,0.6084752082824707
matched_hop1,pca_ridge,2,TFF3,0.4742566834590833,0.5650214772003195,0.543730616569519
matched_hop1,pca_ridge,2,CXCL14,0.25510664527930316,0.26499532456729785,0.6670961380004883
matched_hop1,pca_ridge,2,IGHG1,0.7480690321140476,0.7454485418219226,0.7088360786437988
matched_hop1,pca_ridge,2,SLITRK6,0.7513468537737359,0.699275058300593,0.5841879844665527
matched_hop1,pca_ridge,2,APOE,0.7619089773367287,0.785168351897892,0.46586936712265015
matched_hop1,pca_ridge,2,MT-ND2,0.42916230532395705,0.462294415359058,0.5466710925102234
matched_hop1,pca_ridge,2,CALML5,0.3553674122057431,0.38594640515187856,0.46021798253059387
matched_hop1,pca_ridge,2,HLA-DRA,0.7891541410416398,0.7554259123466673,0.41306445002555847
matched_hop1,pca_ridge,2,S100G,0.4312293124428513,0.34349437778236236,0.785855770111084
matched_hop1,pca_ridge,2,LINC00645,0.024347499379420795,0.023783072448242532,0.4361235201358795
matched_hop1,pca_ridge,2,C3,0.8001336836185666,0.767647378049261,0.5141118168830872
matched_hop1,pca_ridge,2,IGLC3,0.6336526088613862,0.571261315589588,0.7240815758705139
matched_hop1,pca_ridge,2,IGLC1,0.47123392357555505,0.47730690341834503,0.7600051164627075
matched_hop1,pca_ridge,2,TIMP1,0.7937930302831505,0.7902424405527931,0.5360617637634277
matched_hop1,pca_ridge,2,APOC1,0.5594029635734298,0.5834936828238753,0.5707107186317444
matched_hop1,pca_ridge,2,TFF1,0.4874402664223113,0.5566108576929999,0.680351734161377
matched_hop1,pca_ridge,2,SCGB2A2,0.24949969736681987,0.2465505188717644,0.6606379151344299
matched_hop1,pca_ridge,2,SCGB1D2,0.2286307861862401,0.20773146990463612,0.6347908973693848
matched_hop1,pca_ridge,2,SERPINA3,0.1758663880094012,0.19071989809555295,0.8625057339668274
matched_hop1,pca_ridge,2,LINC00052,0.017649131642317753,0.028464649127397004,0.1819465309381485
matched_hop1,pca_ridge,2,AGR2,0.515916897775695,0.5063538863175894,0.4730202257633209
matched_hop1,pca_ridge,2,C6orf141,0.7247831684046611,0.7003859793668457,0.5130036473274231
matched_hop1,pca_ridge,2,LYZ,0.680231029494426,0.6067999451956588,0.5218421816825867
matched_hop1,pca_ridge,2,CTSD,0.6788166205248686,0.7214917676938933,0.3443816304206848
matched_hop1,pca_ridge,2,HEBP1,0.43948309041267775,0.4540474277728649,0.5151898860931396
matched_hop1,pca_ridge,2,IGHM,0.5597023522837561,0.5278459174653712,0.7586305141448975
matched_hop1,pca_ridge,2,HLA-DRB1,0.652147916740363,0.654130366630701,0.4460504949092865
matched_hop1,pca_ridge,2,C1QA,0.7300327369745313,0.7225458085657666,0.4779362082481384
matched_hop1,pca_ridge,2,IGHA1,0.5042897397512209,0.5175043115071042,0.7037123441696167
matched_hop1,pca_ridge,2,DEGS1,0.3211521347666699,0.27526590915361127,0.5318354964256287
matched_hop1,pca_ridge,2,AC087379.2,0.23285563176852336,0.23176298371630852,0.44328102469444275
matched_hop1,pca_ridge,2,AEBP1,0.7433707003165558,0.7581959500314229,0.4948623478412628
matched_hop1,pca_ridge,2,COL1A2,0.7264925195129364,0.7442043580065971,0.5213724970817566
matched_hop1,pca_ridge,2,GFRA1,0.2638800303190698,0.2618575199820305,0.5486427545547485
matched_hop1,pca_ridge,2,COL1A1,0.7233002998185298,0.7431577539946267,0.5614748597145081
matched_hop1,pca_ridge,2,HLA-E,0.6721824652959023,0.7131782831843599,0.39777952432632446
matched_hop1,pca_ridge,2,CFB,0.08260395789917926,0.08317827786357689,0.6099810600280762
matched_hop1,pca_ridge,2,CCL19,0.4885884989754617,0.37305483451818905,0.4848727285861969
matched_hop1,pca_ridge,2,SNCG,0.4119653626073635,0.42585297752019313,0.4972936511039734
matched_hop1,pca_ridge,2,IGHG2,0.45613142584297806,0.3757147111144416,0.6393317580223083
matched_hop1,spatial_knn,2,CRISP3,0.8047610655318457,0.7345142571829981,0.7187942765856854
matched_hop1,spatial_knn,2,CPB1,0.1753419486449564,0.2710406737531875,0.9768743675339383
matched_hop1,spatial_knn,2,IGHG3,0.4251905844788494,0.43612035824663964,1.101197595410628
matched_hop1,spatial_knn,2,CD74,0.5786728911458517,0.595625587617204,0.6244885644473313
matched_hop1,spatial_knn,2,IGLC2,0.4486375058142901,0.44692952916211515,1.2222925009800767
matched_hop1,spatial_knn,2,HLA-B,0.20823998207094943,0.2372640247733014,0.49088496971305573
matched_hop1,spatial_knn,2,IGKC,0.4951584159512987,0.4934291923084432,0.9970822803114188
matched_hop1,spatial_knn,2,MALAT1,0.4455087207628678,0.3948904348010527,0.749643084419782
matched_hop1,spatial_knn,2,ALB,0.18463261015497745,0.119514386618426,0.41407672971074216
matched_hop1,spatial_knn,2,IGHG4,0.3921878063776314,0.4695369701046304,0.7929604554342425
matched_hop1,spatial_knn,2,TFF3,0.2661230536058413,0.27278469120064647,0.6683101093120828
matched_hop1,spatial_knn,2,CXCL14,0.10909983061348642,0.06954369342458032,0.7940162320012909
matched_hop1,spatial_knn,2,IGHG1,0.42559882737389837,0.4399482554674433,0.9396117304031686
matched_hop1,spatial_knn,2,SLITRK6,0.7472625700628491,0.7204075187277722,0.4742521582126861
matched_hop1,spatial_knn,2,APOE,0.421431375501138,0.45144223714629816,0.7005739097602647
matched_hop1,spatial_knn,2,MT-ND2,0.194214631724864,0.16203851206415001,0.6676766352664828
matched_hop1,spatial_knn,2,CALML5,0.2972511036326665,0.3227875347196653,0.4579034879937828
matched_hop1,spatial_knn,2,HLA-DRA,0.5495674515262212,0.570572337061849,0.5668460025428107
matched_hop1,spatial_knn,2,S100G,0.18205809874668472,0.256288188463504,0.8769463486559758
matched_hop1,spatial_knn,2,LINC00645,0.14408604219343196,-0.02967754055586958,0.27149426131618204
matched_hop1,spatial_knn,2,C3,0.510747688973559,0.5005847399323768,0.7135834658668074
matched_hop1,spatial_knn,2,IGLC3,0.2485965984833137,0.2723580842903663,0.9191082648170977
matched_hop1,spatial_knn,2,IGLC1,0.12461869362574715,0.20878643681070516,0.9185592536556854
matched_hop1,spatial_knn,2,TIMP1,0.45719299913606476,0.4426140393057928,0.7452158613430732
matched_hop1,spatial_knn,2,APOC1,0.1778650382315383,0.19354328016351544,0.7351504374043177
matched_hop1,spatial_knn,2,TFF1,0.016181560713739645,0.04449255294256048,0.8229626681991237
matched_hop1,spatial_knn,2,SCGB2A2,0.16135334764014522,0.1588192121429204,0.6406202589511674
matched_hop1,spatial_knn,2,SCGB1D2,0.18899767313806357,0.1680497725299353,0.5553628217029098
matched_hop1,spatial_knn,2,SERPINA3,0.0009219239093802152,0.014172141307647278,0.8980590249491358
matched_hop1,spatial_knn,2,LINC00052,-0.014373602186904241,-0.01420077038721017,0.12515455438344056
matched_hop1,spatial_knn,2,AGR2,0.1519359460007093,0.11012568840580095,0.5517743245620984
matched_hop1,spatial_knn,2,C6orf141,0.5965626396266628,0.5929370647109697,0.4730742340849941
matched_hop1,spatial_knn,2,LYZ,0.35741402685593765,0.3599028051116369,0.6873452788009369
matched_hop1,spatial_knn,2,CTSD,0.42703502225006607,0.4406226242918449,0.43811525504117516
matched_hop1,spatial_knn,2,HEBP1,0.11335708544388959,0.09190426946847233,0.5483087438466139
matched_hop1,spatial_knn,2,IGHM,0.2629210023107757,0.24214850641567442,0.8742242930554212
matched_hop1,spatial_knn,2,HLA-DRB1,0.48711451810865636,0.5320752416987168,0.5159077883299023
matched_hop1,spatial_knn,2,C1QA,0.3697739357722358,0.3762404461900511,0.6622494214413533
matched_hop1,spatial_knn,2,IGHA1,0.2481452667212688,0.2386191898437466,0.8296652845416945
matched_hop1,spatial_knn,2,DEGS1,0.2088665253432731,0.1742813674430214,0.5517899594787433
matched_hop1,spatial_knn,2,AC087379.2,-0.09375485636456679,-0.04661248994407115,0.4982125608747724
matched_hop1,spatial_knn,2,AEBP1,0.3215280114526975,0.2962499340821324,0.7070592967630409
matched_hop1,spatial_knn,2,COL1A2,0.23116401128961103,0.17252841948605172,0.7527715902445645
matched_hop1,spatial_knn,2,GFRA1,0.15404879158765244,0.20198243190887086,0.4950811601017568
matched_hop1,spatial_knn,2,COL1A1,0.28297083600525,0.24975188865084053,0.7919624158762588
matched_hop1,spatial_knn,2,HLA-E,0.24707096814285717,0.26242899206132514,0.5155535883034437
matched_hop1,spatial_knn,2,CFB,0.10225699600589934,0.0928174682441429,0.5992809902635549
matched_hop1,spatial_knn,2,CCL19,0.32030737434165196,0.24357821531639737,0.5349139768612634
matched_hop1,spatial_knn,2,SNCG,0.3300757718366619,0.29635511554642097,0.5297202361152388
matched_hop1,spatial_knn,2,IGHG2,0.20612133700641902,0.25820724260383127,0.7016467873937411
matched_hop2,mean,2,CRISP3,,,1.506213903427124
matched_hop2,mean,2,CPB1,,,0.8701773285865784
matched_hop2,mean,2,IGHG3,0.0,,1.369279146194458
matched_hop2,mean,2,CD74,,,0.7399284243583679
matched_hop2,mean,2,IGLC2,,,1.4241917133331299
matched_hop2,mean,2,HLA-B,,,0.605660617351532
matched_hop2,mean,2,IGKC,,,1.221552848815918
matched_hop2,mean,2,MALAT1,,,0.7671204805374146
matched_hop2,mean,2,ALB,,,0.427556574344635
matched_hop2,mean,2,IGHG4,0.0,,0.925014853477478
matched_hop2,mean,2,TFF3,,,0.6075504422187805
matched_hop2,mean,2,CXCL14,0.0,,0.6226117014884949
matched_hop2,mean,2,IGHG1,,,1.102526307106018
matched_hop2,mean,2,SLITRK6,0.0,,0.8450671434402466
matched_hop2,mean,2,APOE,,,0.7391297817230225
matched_hop2,mean,2,MT-ND2,,,0.55061274766922
matched_hop2,mean,2,CALML5,,,0.5157016515731812
matched_hop2,mean,2,HLA-DRA,,,0.6888139843940735
matched_hop2,mean,2,S100G,0.0,,0.8841705918312073
matched_hop2,mean,2,LINC00645,,,0.36585670709609985
matched_hop2,mean,2,C3,0.0,,0.849132239818573
matched_hop2,mean,2,IGLC3,,,0.9583151340484619
matched_hop2,mean,2,IGLC1,,,0.8442986011505127
matched_hop2,mean,2,TIMP1,,,0.8508890867233276
matched_hop2,mean,2,APOC1,,,0.762776792049408
matched_hop2,mean,2,TFF1,,,0.7692387104034424
matched_hop2,mean,2,SCGB2A2,0.0,,0.7168610692024231
matched_hop2,mean,2,SCGB1D2,0.0,,0.7126126885414124
matched_hop2,mean,2,SERPINA3,,,0.9049616456031799
matched_hop2,mean,2,LINC00052,,,0.15016943216323853
matched_hop2,mean,2,AGR2,,,0.5456263422966003
matched_hop2,mean,2,C6orf141,,,0.6845335960388184
matched_hop2,mean,2,LYZ,,,0.7616395950317383
matched_hop2,mean,2,CTSD,,,0.46717849373817444
matched_hop2,mean,2,HEBP1,,,0.5673080086708069
matched_hop2,mean,2,IGHM,,,0.9337933659553528
matched_hop2,mean,2,HLA-DRB1,0.0,,0.6194673180580139
matched_hop2,mean,2,C1QA,,,0.7105012536048889
matched_hop2,mean,2,IGHA1,,,0.8341221809387207
matched_hop2,mean,2,DEGS1,0.0,,0.5441756248474121
matched_hop2,mean,2,AC087379.2,,,0.4496997892856598
matched_hop2,mean,2,AEBP1,,,0.750633955001831
matched_hop2,mean,2,COL1A2,,,0.767266035079956
matched_hop2,mean,2,GFRA1,,,0.5752718448638916
matched_hop2,mean,2,COL1A1,,,0.8164454102516174
matched_hop2,mean,2,HLA-E,0.0,,0.5628968477249146
matched_hop2,mean,2,CFB,,,0.6130227446556091
matched_hop2,mean,2,CCL19,0.0,,0.5550934076309204
matched_hop2,mean,2,SNCG,,,0.564800500869751
matched_hop2,mean,2,IGHG2,0.0,,0.7316152453422546
matched_hop2,pca_ridge,2,CRISP3,0.8101414717987356,0.7306899859248512,0.9918739795684814
matched_hop2,pca_ridge,2,CPB1,0.3115931580000519,0.2952672267908426,0.811640202999115
matched_hop2,pca_ridge,2,IGHG3,0.7709340658852731,0.7744238184395763,0.9059699177742004
matched_hop2,pca_ridge,2,CD74,0.8285416708741732,0.8260369602722527,0.4265279471874237
matched_hop2,pca_ridge,2,IGLC2,0.7602931970906794,0.7648877986678223,0.9356234073638916
matched_hop2,pca_ridge,2,HLA-B,0.5431524794899673,0.5225830178075741,0.4619971513748169
matched_hop2,pca_ridge,2,IGKC,0.7608199248698939,0.776413640722941,0.7803171873092651
matched_hop2,pca_ridge,2,MALAT1,0.7146152553015616,0.7603886627978982,0.5360838770866394
matched_hop2,pca_ridge,2,ALB,0.15846209245421697,0.1289146508333603,0.527090847492218
matched_hop2,pca_ridge,2,IGHG4,0.7280487281109461,0.739577854695262,0.6200977563858032
matched_hop2,pca_ridge,2,TFF3,0.4655528685297861,0.5616719114335833,0.5549615025520325
matched_hop2,pca_ridge,2,CXCL14,0.2280103575703319,0.25320183225379767,0.6660615801811218
matched_hop2,pca_ridge,2,IGHG1,0.7526772164126111,0.7473702772836398,0.7191355228424072
matched_hop2,pca_ridge,2,SLITRK6,0.7482071521135822,0.6918470966560837,0.5799888372421265
matched_hop2,pca_ridge,2,APOE,0.7611523171483312,0.7851272582426042,0.47497454285621643
matched_hop2,pca_ridge,2,MT-ND2,0.42849882893863994,0.457156624982532,0.5536940097808838
matched_hop2,pca_ridge,2,CALML5,0.3493931158471008,0.3807244227363869,0.46645933389663696
matched_hop2,pca_ridge,2,HLA-DRA,0.7943911400059317,0.7603876082201818,0.41539978981018066
matched_hop2,pca_ridge,2,S100G,0.4431383852869265,0.36152840030079353,0.7926700115203857
matched_hop2,pca_ridge,2,LINC00645,0.018697130358896207,0.022627223130679323,0.4388238191604614
matched_hop2,pca_ridge,2,C3,0.8018660132638191,0.765140539463359,0.5198359489440918
matched_hop2,pca_ridge,2,IGLC3,0.6445054580471292,0.5808887616443347,0.7261102795600891
matched_hop2,pca_ridge,2,IGLC1,0.4980603911358889,0.4850935857411191,0.7363139390945435
matched_hop2,pca_ridge,2,TIMP1,0.7946199533544239,0.7898090130058905,0.5393515229225159
matched_hop2,pca_ridge,2,APOC1,0.5585485315666034,0.5802236126726761,0.5819104313850403
matched_hop2,pca_ridge,2,TFF1,0.4895526324787631,0.5639478663912283,0.6907238364219666
matched_hop2,pca_ridge,2,SCGB2A2,0.25303816360907094,0.2501790203626613,0.6667574048042297
matched_hop2,pca_ridge,2,SCGB1D2,0.2319347890014659,0.2138806142498301,0.6399391293525696
matched_hop2,pca_ridge,2,SERPINA3,0.17566323593405908,0.18789193148824482,0.8860315084457397
matched_hop2,pca_ridge,2,LINC00052,0.02396049329113565,0.04215279066450189,0.18109145760536194
matched_hop2,pca_ridge,2,AGR2,0.5217182044815304,0.510674374736457,0.4699114263057709
matched_hop2,pca_ridge,2,C6orf141,0.7290515061239105,0.699555200321697,0.5148438811302185
matched_hop2,pca_ridge,2,LYZ,0.6896141128637042,0.6146374771195339,0.520874559879303
matched_hop2,pca_ridge,2,CTSD,0.6802154648463217,0.7229548116745361,0.34351930022239685
matched_hop2,pca_ridge,2,HEBP1,0.44977601335673817,0.46678252098194317,0.5126892924308777
matched_hop2,pca_ridge,2,IGHM,0.5670897193268278,0.5319010853258768,0.7658568620681763
matched_hop2,pca_ridge,2,HLA-DRB1,0.6568328791513952,0.6607273214919944,0.4503040611743927
matched_hop2,pca_ridge,2,C1QA,0.7347686650917081,0.7244783024460106,0.47961029410362244
matched_hop2,pca_ridge,2,IGHA1,0.5219100352629592,0.5349893275775466,0.7042853832244873
matched_hop2,pca_ridge,2,DEGS1,0.3138282154863457,0.26717521226702434,0.5325263738632202
matched_hop2,pca_ridge,2,AC087379.2,0.24367120378221155,0.2395209614762613,0.4477121829986572
matched_hop2,pca_ridge,2,AEBP1,0.7528096668000852,0.7659773149442191,0.4899137318134308
matched_hop2,pca_ridge,2,COL1A2,0.7327469645692144,0.75038513605672,0.521019697189331
matched_hop2,pca_ridge,2,GFRA1,0.2690715243372194,0.2636036855870215,0.5446298718452454
matched_hop2,pca_ridge,2,COL1A1,0.729897269626004,0.7494958109300209,0.5619850754737854
matched_hop2,pca_ridge,2,HLA-E,0.6744499555780928,0.7151205103802093,0.4033030867576599
matched_hop2,pca_ridge,2,CFB,0.08537148958047211,0.08133173543123982,0.6199895143508911
matched_hop2,pca_ridge,2,CCL19,0.4894044677649584,0.36918326755280134,0.4861636757850647
matched_hop2,pca_ridge,2,SNCG,0.4153226750382473,0.4300956962484283,0.4962485730648041
matched_hop2,pca_ridge,2,IGHG2,0.4579550531668367,0.37505085420683043,0.6473451256752014
matched_hop2,spatial_knn,2,CRISP3,0.8006822218737215,0.733277307836587,0.7313091652185353
matched_hop2,spatial_knn,2,CPB1,0.13999807229815409,0.24605838442427308,0.9976220789368015
matched_hop2,spatial_knn,2,IGHG3,0.42781375766582214,0.43563544763919315,1.1253276787122206
matched_hop2,spatial_knn,2,CD74,0.5692298297696611,0.5876448535457548,0.6384683485445921
matched_hop2,spatial_knn,2,IGLC2,0.4530915737454593,0.4452814551857475,1.246488795202425
matched_hop2,spatial_knn,2,HLA-B,0.19249383683935445,0.22298887087989153,0.5009179629979059
matched_hop2,spatial_knn,2,IGKC,0.505256130542514,0.5049453829089663,1.0173032929805768
matched_hop2,spatial_knn,2,MALAT1,0.4393601686226484,0.3847376928432033,0.7623474330052732
matched_hop2,spatial_knn,2,ALB,0.18597892067661878,0.11683517671030434,0.41591096076826944
matched_hop2,spatial_knn,2,IGHG4,0.39134040577917134,0.46874979295082664,0.8096468667861604
matched_hop2,spatial_knn,2,TFF3,0.26717432437615135,0.2752010830523167,0.6853518015010415
matched_hop2,spatial_knn,2,CXCL14,0.05389456970126364,0.03086786008673346,0.8135332844173802
matched_hop2,spatial_knn,2,IGHG1,0.43064939730456536,0.4443378667399646,0.9563838669639076
matched_hop2,spatial_knn,2,SLITRK6,0.7399047215118943,0.7170440611332171,0.47817314527105403
matched_hop2,spatial_knn,2,APOE,0.4138749654588863,0.44424274923765295,0.7172873052097264
matched_hop2,spatial_knn,2,MT-ND2,0.17381997490794018,0.14169280480148902,0.6802428221460939
matched_hop2,spatial_knn,2,CALML5,0.2792814720867869,0.3021176456177983,0.4678356097635482
matched_hop2,spatial_knn,2,HLA-DRA,0.5402495391727589,0.5651664592231762,0.5775788417237435
matched_hop2,spatial_knn,2,S100G,0.1994602230791355,0.26553110737157715,0.8902253899173485
matched_hop2,spatial_knn,2,LINC00645,0.12362141475568363,-0.04165357721280936,0.26830452640782554
matched_hop2,spatial_knn,2,C3,0.5019368188255007,0.4912363757355978,0.7296592477527974
matched_hop2,spatial_knn,2,IGLC3,0.25041606185794746,0.27913745657578104,0.9272623250411361
matched_hop2,spatial_knn,2,IGLC1,0.12112936594138647,0.2075629618349126,0.9097273313988743
matched_hop2,spatial_knn,2,TIMP1,0.4397592570522406,0.4273556510962448,0.7620730552955406
matched_hop2,spatial_knn,2,APOC1,0.1561436174646721,0.17812459879928505,0.7536018440742872
matched_hop2,spatial_knn,2,TFF1,-0.0009491948453772627,0.023727020611479435,0.8419426708448636
matched_hop2,spatial_knn,2,SCGB2A2,0.1725442112864529,0.16432822935606273,0.6420979759805585
matched_hop2,spatial_knn,2,SCGB1D2,0.1827218993629943,0.15642004897397166,0.557204324991677
matched_hop2,spatial_knn,2,SERPINA3,-0.007964726195473646,0.0009321264517946242,0.9232360062638846
matched_hop2,spatial_knn,2,LINC00052,-0.02318551890320113,-0.019135228349722054,0.12191215288854344
matched_hop2,spatial_knn,2,AGR2,0.1316089870897003,0.09252108789795115,0.5562935762860473
matched_hop2,spatial_knn,2,C6orf141,0.5971247316474301,0.5920009339111546,0.47636304492166087
matched_hop2,spatial_knn,2,LYZ,0.33922765835953894,0.3399482852949138,0.6988820090080233
matched_hop2,spatial_knn,2,CTSD,0.42316698601252056,0.4418625159610716,0.43948317763408257
matched_hop2,spatial_knn,2,HEBP1,0.10646170302652884,0.09005269502297912,0.5501389234678774
matched_hop2,spatial_knn,2,IGHM,0.2515821543398763,0.2221439514503549,0.8910050253931463
matched_hop2,spatial_knn,2,HLA-DRB1,0.4840715331847413,0.52876327563615,0.5235506670003821
matched_hop2,spatial_knn,2,C1QA,0.3673083583333149,0.3728778912041563,0.6697539729570656
matched_hop2,spatial_knn,2,IGHA1,0.24214992045133013,0.23555139797985278,0.8396260933382278
matched_hop2,spatial_knn,2,DEGS1,0.2091604923806821,0.17117269759607123,0.5523246613164173
matched_hop2,spatial_knn,2,AC087379.2,-0.09951412451692038,-0.05735554376997571,0.5055498181929083
matched_hop2,spatial_knn,2,AEBP1,0.311542918285694,0.2891565476758784,0.7158201264111725
matched_hop2,spatial_knn,2,COL1A2,0.21118834029097003,0.15093445640134495,0.7663934406888488
matched_hop2,spatial_knn,2,GFRA1,0.1560193713619887,0.2027788996354204,0.4933007616475436
matched_hop2,spatial_knn,2,COL1A1,0.2640428840347571,0.2326927281370241,0.8074408246130392
matched_hop2,spatial_knn,2,HLA-E,0.2381429251322774,0.252648519242601,0.5245010724528041
matched_hop2,spatial_knn,2,CFB,0.09670942519979998,0.08111597761376921,0.6114049450336237
matched_hop2,spatial_knn,2,CCL19,0.3062247517371725,0.2335251736456054,0.5412358754406235
matched_hop2,spatial_knn,2,SNCG,0.33475683149698143,0.30621266146203246,0.5301046334613914
matched_hop2,spatial_knn,2,IGHG2,0.20979277836860685,0.2621772113681636,0.7103935657363761
matched_hop5,mean,2,CRISP3,,,1.4579083919525146
matched_hop5,mean,2,CPB1,,,0.8800618648529053
matched_hop5,mean,2,IGHG3,,,1.4493653774261475
matched_hop5,mean,2,CD74,0.0,,0.7725435495376587
matched_hop5,mean,2,IGLC2,,,1.4650332927703857
matched_hop5,mean,2,HLA-B,0.0,,0.6308523416519165
matched_hop5,mean,2,IGKC,,,1.311100721359253
matched_hop5,mean,2,MALAT1,0.0,,0.7583775520324707
matched_hop5,mean,2,ALB,,,0.42521101236343384
matched_hop5,mean,2,IGHG4,,,0.9802476167678833
matched_hop5,mean,2,TFF3,,,0.64569091796875
matched_hop5,mean,2,CXCL14,0.0,,0.6239436268806458
matched_hop5,mean,2,IGHG1,0.0,,1.1647480726242065
matched_hop5,mean,2,SLITRK6,,,0.8204176425933838
matched_hop5,mean,2,APOE,0.0,,0.7925900220870972
matched_hop5,mean,2,MT-ND2,,,0.5635435581207275
matched_hop5,mean,2,CALML5,0.0,,0.5210137963294983
matched_hop5,mean,2,HLA-DRA,0.0,,0.7150049209594727
matched_hop5,mean,2,S100G,0.0,,0.9349343776702881
matched_hop5,mean,2,LINC00645,0.0,,0.3507680296897888
matched_hop5,mean,2,C3,0.0,,0.8745405673980713
matched_hop5,mean,2,IGLC3,0.0,,0.9763767123222351
matched_hop5,mean,2,IGLC1,,,0.8594196438789368
matched_hop5,mean,2,TIMP1,0.0,,0.8792306780815125
matched_hop5,mean,2,APOC1,,,0.8250948786735535
matched_hop5,mean,2,TFF1,0.0,,0.8242132067680359
matched_hop5,mean,2,SCGB2A2,,,0.7062990665435791
matched_hop5,mean,2,SCGB1D2,,,0.7090577483177185
matched_hop5,mean,2,SERPINA3,0.0,,0.9728058576583862
matched_hop5,mean,2,LINC00052,,,0.14863397181034088
matched_hop5,mean,2,AGR2,,,0.5499058365821838
matched_hop5,mean,2,C6orf141,,,0.6713703870773315
matched_hop5,mean,2,LYZ,,,0.7824119925498962
matched_hop5,mean,2,CTSD,0.0,,0.47661516070365906
matched_hop5,mean,2,HEBP1,,,0.5609511733055115
matched_hop5,mean,2,IGHM,,,0.988608181476593
matched_hop5,mean,2,HLA-DRB1,0.0,,0.6117914915084839
matched_hop5,mean,2,C1QA,,,0.7375407218933105
matched_hop5,mean,2,IGHA1,0.0,,0.8466882705688477
matched_hop5,mean,2,DEGS1,0.0,,0.52363121509552
matched_hop5,mean,2,AC087379.2,,,0.4828050434589386
matched_hop5,mean,2,AEBP1,,,0.7541369795799255
matched_hop5,mean,2,COL1A2,,,0.7830638289451599
matched_hop5,mean,2,GFRA1,0.0,,0.5740514993667603
matched_hop5,mean,2,COL1A1,0.0,,0.8357433676719666
matched_hop5,mean,2,HLA-E,0.0,,0.588423490524292
matched_hop5,mean,2,CFB,,,0.6486656069755554
matched_hop5,mean,2,CCL19,,,0.5331190824508667
matched_hop5,mean,2,SNCG,0.0,,0.5461350083351135
matched_hop5,mean,2,IGHG2,,,0.7745376825332642
matched_hop5,pca_ridge,2,CRISP3,0.8138637274527354,0.6959622192036006,0.978576123714447
matched_hop5,pca_ridge,2,CPB1,0.282656018097676,0.26854340512231784,0.8282426595687866
matched_hop5,pca_ridge,2,IGHG3,0.7992677624356664,0.7877014332537438,0.9426890015602112
matched_hop5,pca_ridge,2,CD74,0.861510355270438,0.8365020154949363,0.4194115698337555
matched_hop5,pca_ridge,2,IGLC2,0.7870425578479782,0.7699855966622385,0.9291296005249023
matched_hop5,pca_ridge,2,HLA-B,0.594410658061287,0.5600514295763319,0.4723907709121704
matched_hop5,pca_ridge,2,IGKC,0.7869379706630816,0.7790500091765925,0.8124013543128967
matched_hop5,pca_ridge,2,MALAT1,0.7348412367076342,0.7592174907562286,0.5184758305549622
matched_hop5,pca_ridge,2,ALB,0.1768197247593618,0.1391493066414716,0.5274998545646667
matched_hop5,pca_ridge,2,IGHG4,0.7613542231764796,0.754044064942418,0.6345148086547852
matched_hop5,pca_ridge,2,TFF3,0.49591433831621345,0.5654110327383225,0.5824359655380249
matched_hop5,pca_ridge,2,CXCL14,0.191379052700535,0.2555686264842188,0.651413083076477
matched_hop5,pca_ridge,2,IGHG1,0.7854048580868926,0.7701043894580265,0.7283918857574463
matched_hop5,pca_ridge,2,SLITRK6,0.7613340945210296,0.661453386956009,0.5673750638961792
matched_hop5,pca_ridge,2,APOE,0.7853786884408451,0.7982027221561467,0.48800161480903625
matched_hop5,pca_ridge,2,MT-ND2,0.404628339886927,0.43802909879985247,0.5674604773521423
matched_hop5,pca_ridge,2,CALML5,0.3623805109081838,0.3966797735029672,0.47814711928367615
matched_hop5,pca_ridge,2,HLA-DRA,0.8240438403461621,0.7745304410896499,0.4093908667564392
matched_hop5,pca_ridge,2,S100G,0.524939632240903,0.4595469274245002,0.8007866144180298
matched_hop5,pca_ridge,2,LINC00645,-0.016200143766307934,0.006249854475250978,0.4396745562553406
matched_hop5,pca_ridge,2,C3,0.821172653826779,0.7736630436903483,0.5130183696746826
matched_hop5,pca_ridge,2,IGLC3,0.6836242178885075,0.6148691330703818,0.7110288143157959
matched_hop5,pca_ridge,2,IGLC1,0.5253291340392494,0.50504533048127,0.7359389066696167
matched_hop5,pca_ridge,2,TIMP1,0.8236270522492495,0.8054445310463942,0.5288763642311096
matched_hop5,pca_ridge,2,APOC1,0.5917454245089178,0.6021213599728186,0.6103518009185791
matched_hop5,pca_ridge,2,TFF1,0.5218247078056183,0.5984608495055714,0.7298761606216431
matched_hop5,pca_ridge,2,SCGB2A2,0.26754131445380847,0.2638998737598908,0.6622934341430664
matched_hop5,pca_ridge,2,SCGB1D2,0.2309247949480448,0.21882464971417595,0.6437623500823975
matched_hop5,pca_ridge,2,SERPINA3,0.16592981566659157,0.16645558211749115,0.9574525952339172
matched_hop5,pca_ridge,2,LINC00052,0.035790367427270424,0.05660998240352941,0.18479245901107788
matched_hop5,pca_ridge,2,AGR2,0.5306248047246356,0.5248678911168544,0.46598494052886963
matched_hop5,pca_ridge,2,C6orf141,0.7434330173286418,0.6702928227851372,0.5064814686775208
matched_hop5,pca_ridge,2,LYZ,0.7429490382601353,0.6510267143080869,0.4995976686477661
matched_hop5,pca_ridge,2,CTSD,0.7000782490713637,0.7267821378693275,0.3386119306087494
matched_hop5,pca_ridge,2,HEBP1,0.4932884444802049,0.5106056403983174,0.49702325463294983
matched_hop5,pca_ridge,2,IGHM,0.6116133989813812,0.5691234700249848,0.78438401222229
matched_hop5,pca_ridge,2,HLA-DRB1,0.6786108052139328,0.6777953014083536,0.43545958399772644
matched_hop5,pca_ridge,2,C1QA,0.7636803920436561,0.7307436419212722,0.4718477725982666
matched_hop5,pca_ridge,2,IGHA1,0.5672444402435587,0.5659225907967406,0.687751054763794
matched_hop5,pca_ridge,2,DEGS1,0.27954902248392965,0.22856393357079466,0.5155643224716187
matched_hop5,pca_ridge,2,AC087379.2,0.3039846090129982,0.29148774991560955,0.46050283312797546
matched_hop5,pca_ridge,2,AEBP1,0.7784657434023375,0.771471382341239,0.47323939204216003
matched_hop5,pca_ridge,2,COL1A2,0.7634400672527577,0.7744163372788447,0.512749195098877
matched_hop5,pca_ridge,2,GFRA1,0.2209663404304621,0.23493769875596776,0.5406335592269897
matched_hop5,pca_ridge,2,COL1A1,0.7661412189952197,0.7762542083157238,0.5504429936408997
matched_hop5,pca_ridge,2,HLA-E,0.7022290126341586,0.7305147552660087,0.4070146977901459
matched_hop5,pca_ridge,2,CFB,0.07231153525335632,0.05505855331403684,0.6612861752510071
matched_hop5,pca_ridge,2,CCL19,0.5247823449425776,0.3745770348197138,0.45571866631507874
matched_hop5,pca_ridge,2,SNCG,0.4166100667251149,0.43836155125754994,0.48815974593162537
matched_hop5,pca_ridge,2,IGHG2,0.483926547393155,0.42116266058256613,0.6737719178199768
matched_hop5,spatial_knn,2,CRISP3,0.7721832404793061,0.721825524164254,0.7888066481300468
matched_hop5,spatial_knn,2,CPB1,-0.032545248881948166,0.11829597660959619,1.1004233975978546
matched_hop5,spatial_knn,2,IGHG3,0.4391714283261964,0.4530510244817943,1.1831967952231386
matched_hop5,spatial_knn,2,CD74,0.5640025902863739,0.578139584992291,0.6756848334337482
matched_hop5,spatial_knn,2,IGLC2,0.4483910058980916,0.4414778553278382,1.294242615224783
matched_hop5,spatial_knn,2,HLA-B,0.19328865161534026,0.22872569895834324,0.5221592608995509
matched_hop5,spatial_knn,2,IGKC,0.5518554621377043,0.5707143312525472,1.0687250099256274
matched_hop5,spatial_knn,2,MALAT1,0.3703928158443188,0.280419573428124,0.8060245440039028
matched_hop5,spatial_knn,2,ALB,0.18269112892600442,0.11150736719665638,0.41440106975049734
matched_hop5,spatial_knn,2,IGHG4,0.42776303830836837,0.5180877519548038,0.8367075924731707
matched_hop5,spatial_knn,2,TFF3,0.28320382113309206,0.29425960118441613,0.7416349025296565
matched_hop5,spatial_knn,2,CXCL14,-0.06843514269821832,-0.06490019490826444,0.8608711743619314
matched_hop5,spatial_knn,2,IGHG1,0.44319910963081566,0.47215439080656274,0.9994041183720637
matched_hop5,spatial_knn,2,SLITRK6,0.7300030551670005,0.7196091674424113,0.4878068562270721
matched_hop5,spatial_knn,2,APOE,0.41804603785164746,0.4520653266771912,0.7745979183890088
matched_hop5,spatial_knn,2,MT-ND2,0.08210408862657925,0.04741725843147482,0.7272340510553119
matched_hop5,spatial_knn,2,CALML5,0.27296153328227235,0.27694916779536405,0.49917114499531534
matched_hop5,spatial_knn,2,HLA-DRA,0.5478010083928917,0.5830205619680354,0.5974139803003544
matched_hop5,spatial_knn,2,S100G,0.2778365547908601,0.3194301177629919,0.9427190422680747
matched_hop5,spatial_knn,2,LINC00645,0.06545839722579044,-0.07237948945924493,0.2441900860073046
matched_hop5,spatial_knn,2,C3,0.4740073352160746,0.4607854366724557,0.766460165162345
matched_hop5,spatial_knn,2,IGLC3,0.22348207124469538,0.26686477550162224,0.9492584716536059
matched_hop5,spatial_knn,2,IGLC1,0.1761387042160681,0.2648965084524513,0.901652819854936
matched_hop5,spatial_knn,2,TIMP1,0.4062763495836562,0.3919158365669503,0.807811705093231
matched_hop5,spatial_knn,2,APOC1,0.13516641101096621,0.1656728940934215,0.8180697284810584
matched_hop5,spatial_knn,2,TFF1,-0.07465254997823759,-0.056933999426359,0.9165530867957608
matched_hop5,spatial_knn,2,SCGB2A2,0.2473529310347175,0.22548238092647316,0.6231088769923799
matched_hop5,spatial_knn,2,SCGB1D2,0.17717232364176638,0.13694000651830554,0.5587012544460009
matched_hop5,spatial_knn,2,SERPINA3,-0.09012181741794552,-0.09370124845479746,0.9997580375555534
matched_hop5,spatial_knn,2,LINC00052,0.00698130275927979,0.011648844659044007,0.11886244987572893
matched_hop5,spatial_knn,2,AGR2,0.0285803208470679,0.006138910384919969,0.5775884241449963
matched_hop5,spatial_knn,2,C6orf141,0.5958282103801444,0.575146619510375,0.4775447722742718
matched_hop5,spatial_knn,2,LYZ,0.3347675777598432,0.3129340811518993,0.717590674416319
matched_hop5,spatial_knn,2,CTSD,0.42589103294586184,0.44433346950972297,0.45233841953541837
matched_hop5,spatial_knn,2,HEBP1,0.10761593884517959,0.08947488815396892,0.5478249689904029
matched_hop5,spatial_knn,2,IGHM,0.22203200481699306,0.17993880109706456,0.9434956033058913
matched_hop5,spatial_knn,2,HLA-DRB1,0.5332996826932461,0.577796016739881,0.5013269951368419
matched_hop5,spatial_knn,2,C1QA,0.37696262957874094,0.3732309787813381,0.6901082052100777
matched_hop5,spatial_knn,2,IGHA1,0.29439103348804085,0.28136535318048633,0.8189067790802901
matched_hop5,spatial_knn,2,DEGS1,0.18923655475661627,0.1532636530041587,0.5374029170916761
matched_hop5,spatial_knn,2,AC087379.2,-0.1285952298679475,-0.11650457117755633,0.5363462912769242
matched_hop5,spatial_knn,2,AEBP1,0.31069872868334425,0.3044648010368852,0.7411987584451879
matched_hop5,spatial_knn,2,COL1A2,0.21417848378561175,0.1664662259796353,0.8047712029649057
matched_hop5,spatial_knn,2,GFRA1,0.12655465137016464,0.17154750913168854,0.4833781726142524
matched_hop5,spatial_knn,2,COL1A1,0.24717173110996757,0.26101394355091556,0.8477047762987773
matched_hop5,spatial_knn,2,HLA-E,0.20655486577002252,0.22115573225228796,0.5507929427159368
matched_hop5,spatial_knn,2,CFB,0.05967313276853699,0.0375692860068123,0.6597001771414532
matched_hop5,spatial_knn,2,CCL19,0.2288877809257917,0.19518273974657838,0.5457896936335764
matched_hop5,spatial_knn,2,SNCG,0.35279317972146895,0.33978007848460245,0.5397910808247032
matched_hop5,spatial_knn,2,IGHG2,0.23374700499924556,0.3160895990703835,0.745233184695069
matched_coord0.25,mean,2,CRISP3,,,1.4819222688674927
matched_coord0.25,mean,2,CPB1,,,0.8655664324760437
matched_coord0.25,mean,2,IGHG3,0.0,,1.4394289255142212
matched_coord0.25,mean,2,CD74,,,0.7586802840232849
matched_coord0.25,mean,2,IGLC2,,,1.467999815940857
matched_coord0.25,mean,2,HLA-B,,,0.62538743019104
matched_coord0.25,mean,2,IGKC,,,1.2917532920837402
matched_coord0.25,mean,2,MALAT1,,,0.764376699924469
matched_coord0.25,mean,2,ALB,,,0.4306798577308655
matched_coord0.25,mean,2,IGHG4,,,0.9700542092323303
matched_coord0.25,mean,2,TFF3,,,0.6264018416404724
matched_coord0.25,mean,2,CXCL14,,,0.6210415959358215
matched_coord0.25,mean,2,IGHG1,,,1.156224250793457
matched_coord0.25,mean,2,SLITRK6,0.0,,0.8273019194602966
matched_coord0.25,mean,2,APOE,,,0.7717364430427551
matched_coord0.25,mean,2,MT-ND2,,,0.560642659664154
matched_coord0.25,mean,2,CALML5,,,0.51427161693573
matched_coord0.25,mean,2,HLA-DRA,0.0,,0.7072149515151978
matched_coord0.25,mean,2,S100G,0.0,,0.9204469323158264
matched_coord0.25,mean,2,LINC00645,,,0.3522431254386902
matched_coord0.25,mean,2,C3,,,0.8626400232315063
matched_coord0.25,mean,2,IGLC3,0.0,,0.9819412231445312
matched_coord0.25,mean,2,IGLC1,,,0.8555803894996643
matched_coord0.25,mean,2,TIMP1,0.0,,0.8629195690155029
matched_coord0.25,mean,2,APOC1,,,0.8021072745323181
matched_coord0.25,mean,2,TFF1,,,0.8030710816383362
matched_coord0.25,mean,2,SCGB2A2,0.0,,0.7171543836593628
matched_coord0.25,mean,2,SCGB1D2,,,0.7112513780593872
matched_coord0.25,mean,2,SERPINA3,,,0.9502041339874268
matched_coord0.25,mean,2,LINC00052,0.0,,0.1503692865371704
matched_coord0.25,mean,2,AGR2,,,0.5541456937789917
matched_coord0.25,mean,2,C6orf141,,,0.6743177771568298
matched_coord0.25,mean,2,LYZ,,,0.7781347632408142
matched_coord0.25,mean,2,CTSD,,,0.4717870056629181
matched_coord0.25,mean,2,HEBP1,,,0.5682341456413269
matched_coord0.25,mean,2,IGHM,,,0.9662956595420837
matched_coord0.25,mean,2,HLA-DRB1,,,0.6158669590950012
matched_coord0.25,mean,2,C1QA,,,0.7290263175964355
matched_coord0.25,mean,2,IGHA1,,,0.8625202775001526
matched_coord0.25,mean,2,DEGS1,0.0,,0.5403088927268982
matched_coord0.25,mean,2,AC087379.2,,,0.4697338342666626
matched_coord0.25,mean,2,AEBP1,,,0.7548332214355469
matched_coord0.25,mean,2,COL1A2,0.0,,0.7706747651100159
matched_coord0.25,mean,2,GFRA1,,,0.5718211531639099
matched_coord0.25,mean,2,COL1A1,,,0.8246687650680542
matched_coord0.25,mean,2,HLA-E,0.0,,0.5784127116203308
matched_coord0.25,mean,2,CFB,,,0.6360830664634705
matched_coord0.25,mean,2,CCL19,,,0.5338515639305115
matched_coord0.25,mean,2,SNCG,0.0,,0.553331732749939
matched_coord0.25,mean,2,IGHG2,0.0,,0.7702091932296753
matched_coord0.25,pca_ridge,2,CRISP3,0.8157184129842937,0.7140348139491348,0.9885217547416687
matched_coord0.25,pca_ridge,2,CPB1,0.2984008625602822,0.2898876553847416,0.8072988986968994
matched_coord0.25,pca_ridge,2,IGHG3,0.7915889217420421,0.7854562387017495,0.943712592124939
matched_coord0.25,pca_ridge,2,CD74,0.8530262311808183,0.8338195874020848,0.41828274726867676
matched_coord0.25,pca_ridge,2,IGLC2,0.7795304899265031,0.7727633807063949,0.9434438943862915
matched_coord0.25,pca_ridge,2,HLA-B,0.579143236266756,0.5456739926005427,0.47010135650634766
matched_coord0.25,pca_ridge,2,IGKC,0.781016905538184,0.7814739328257068,0.8062775135040283
matched_coord0.25,pca_ridge,2,MALAT1,0.7294474486050525,0.7627880809057145,0.5235249400138855
matched_coord0.25,pca_ridge,2,ALB,0.17507382155479373,0.14846892343043247,0.5299116373062134
matched_coord0.25,pca_ridge,2,IGHG4,0.7550446844361572,0.7520671638229723,0.6320181488990784
matched_coord0.25,pca_ridge,2,TFF3,0.4953498227262359,0.5699211583218841,0.5638276934623718
matched_coord0.25,pca_ridge,2,CXCL14,0.19629626813715867,0.2497434692841154,0.6583129167556763
matched_coord0.25,pca_ridge,2,IGHG1,0.7757857977596495,0.7625378386908088,0.733339786529541
matched_coord0.25,pca_ridge,2,SLITRK6,0.7629966761318704,0.6790465184008693,0.5683708190917969
matched_coord0.25,pca_ridge,2,APOE,0.7766855546219087,0.7946110272521765,0.4826894998550415
matched_coord0.25,pca_ridge,2,MT-ND2,0.41227435801987566,0.4469351963769993,0.5656129717826843
matched_coord0.25,pca_ridge,2,CALML5,0.3667248630878218,0.39712720375683763,0.4671928882598877
matched_coord0.25,pca_ridge,2,HLA-DRA,0.8162528203889327,0.7715788194656329,0.41136375069618225
matched_coord0.25,pca_ridge,2,S100G,0.48806421296852126,0.4186218978517968,0.8049557209014893
matched_coord0.25,pca_ridge,2,LINC00645,-0.009438782836640137,0.009722525725843508,0.4371145963668823
matched_coord0.25,pca_ridge,2,C3,0.8177636565739133,0.7746892859583988,0.5107591152191162
matched_coord0.25,pca_ridge,2,IGLC3,0.6666854012051066,0.6000879898101922,0.7285439968109131
matched_coord0.25,pca_ridge,2,IGLC1,0.521315000046521,0.49971966692468817,0.7330681681632996
matched_coord0.25,pca_ridge,2,TIMP1,0.8148705795270151,0.801164777237279,0.5271541476249695
matched_coord0.25,pca_ridge,2,APOC1,0.583204676714072,0.5982592552855418,0.5976503491401672
matched_coord0.25,pca_ridge,2,TFF1,0.512420615647922,0.5878204314360674,0.7138353586196899
matched_coord0.25,pca_ridge,2,SCGB2A2,0.2623808986322973,0.2590218774070636,0.6695907711982727
matched_coord0.25,pca_ridge,2,SCGB1D2,0.2268428577525817,0.2131050095896329,0.6443827152252197
matched_coord0.25,pca_ridge,2,SERPINA3,0.17184064744047817,0.17433538791614248,0.9323433637619019
matched_coord0.25,pca_ridge,2,LINC00052,0.03254457191570502,0.050682882548288725,0.18410612642765045
matched_coord0.25,pca_ridge,2,AGR2,0.521866543041797,0.5134029974642601,0.4742848575115204
matched_coord0.25,pca_ridge,2,C6orf141,0.7398036333194177,0.6829750422481919,0.508138120174408
matched_coord0.25,pca_ridge,2,LYZ,0.7232912666220166,0.6391938223406138,0.5100396275520325
matched_coord0.25,pca_ridge,2,CTSD,0.6901741501245355,0.7210197385975172,0.34132394194602966
matched_coord0.25,pca_ridge,2,HEBP1,0.48235002790348747,0.4995890647244185,0.5054689645767212
matched_coord0.25,pca_ridge,2,IGHM,0.6027117800411866,0.561506709762484,0.772146999835968
matched_coord0.25,pca_ridge,2,HLA-DRB1,0.6714049497962463,0.6725587269815326,0.4412771165370941
matched_coord0.25,pca_ridge,2,C1QA,0.7533918206148119,0.7269653206886567,0.4756120443344116
matched_coord0.25,pca_ridge,2,IGHA1,0.5440077811759034,0.5557333064177398,0.7129021883010864
matched_coord0.25,pca_ridge,2,DEGS1,0.31270945414152373,0.2589164902511876,0.5241705179214478
matched_coord0.25,pca_ridge,2,AC087379.2,0.2783170691040904,0.2711834134523285,0.4557526409626007
matched_coord0.25,pca_ridge,2,AEBP1,0.7630468837240794,0.7666504933346986,0.48587116599082947
matched_coord0.25,pca_ridge,2,COL1A2,0.7524402419782501,0.7663562741724685,0.5117707848548889
matched_coord0.25,pca_ridge,2,GFRA1,0.2522384495535094,0.2528467324974228,0.5362305641174316
matched_coord0.25,pca_ridge,2,COL1A1,0.7532044708121454,0.7670893998069315,0.5516460537910461
matched_coord0.25,pca_ridge,2,HLA-E,0.6928457441361602,0.7231047446321791,0.4047735929489136
matched_coord0.25,pca_ridge,2,CFB,0.0672401851314807,0.052802869702280195,0.6466584801673889
matched_coord0.25,pca_ridge,2,CCL19,0.5065011066682992,0.36537412415038567,0.4625351130962372
matched_coord0.25,pca_ridge,2,SNCG,0.4098812105207765,0.4308855101387641,0.49364587664604187
matched_coord0.25,pca_ridge,2,IGHG2,0.4765544155796032,0.404125345779175,0.6731855869293213
matched_coord0.25,spatial_knn,2,CRISP3,0.7866290492356697,0.730554203674486,0.7657367839462954
matched_coord0.25,spatial_knn,2,CPB1,0.026823660873024208,0.1742350528148038,1.054825062834046
matched_coord0.25,spatial_knn,2,IGHG3,0.4433699301097313,0.45211199494203314,1.1714183458733598
matched_coord0.25,spatial_knn,2,CD74,0.5615129792659402,0.5767544553249565,0.6603097918741216
matched_coord0.25,spatial_knn,2,IGLC2,0.45917351519677585,0.4477114284595003,1.2834928331768214
matched_coord0.25,spatial_knn,2,HLA-B,0.1920466385683814,0.21981315094192191,0.5145267569892747
matched_coord0.25,spatial_knn,2,IGKC,0.5365406857558213,0.5455887271153355,1.0569603394518996
matched_coord0.25,spatial_knn,2,MALAT1,0.39624663923178244,0.3234225155210562,0.7851657540845209
matched_coord0.25,spatial_knn,2,ALB,0.19449773722419594,0.12694469777120176,0.4189662590881899
matched_coord0.25,spatial_knn,2,IGHG4,0.4181469650423213,0.4990207562765692,0.8314950702239656
matched_coord0.25,spatial_knn,2,TFF3,0.28762408951866647,0.2989053512031451,0.7184002799676109
matched_coord0.25,spatial_knn,2,CXCL14,-0.02371111332326946,-0.028275490673728886,0.8455417230250636
matched_coord0.25,spatial_knn,2,IGHG1,0.4451631598042974,0.4650745452572315,0.9904828979888725
matched_coord0.25,spatial_knn,2,SLITRK6,0.7393481550405355,0.7255831143959499,0.47968755819557896
matched_coord0.25,spatial_knn,2,APOE,0.42092221194526974,0.45192907009965555,0.7492294295675206
matched_coord0.25,spatial_knn,2,MT-ND2,0.13856085404662008,0.10049135961101778,0.7080468309741345
matched_coord0.25,spatial_knn,2,CALML5,0.2716610952658628,0.27997547929115874,0.4840253187629475
matched_coord0.25,spatial_knn,2,HLA-DRA,0.5416084856665438,0.5734519685227246,0.591379946434113
matched_coord0.25,spatial_knn,2,S100G,0.25715782984461905,0.30497849728818877,0.9268527728518313
matched_coord0.25,spatial_knn,2,LINC00645,0.055655356875933426,-0.06712623068161068,0.2447794511744761
matched_coord0.25,spatial_knn,2,C3,0.4886660408590153,0.4753377836584491,0.7480683541506968
matched_coord0.25,spatial_knn,2,IGLC3,0.23991977458470654,0.274188228409348,0.9479578813209689
matched_coord0.25,spatial_knn,2,IGLC1,0.14522825359710517,0.22072366552402678,0.906348675043469
matched_coord0.25,spatial_knn,2,TIMP1,0.421218266293076,0.40667236138673113,0.7847657007282107
matched_coord0.25,spatial_knn,2,APOC1,0.1494397688137941,0.17513572168759473,0.7914775742432107
matched_coord0.25,spatial_knn,2,TFF1,-0.05022697090223743,-0.030002741062755283,0.8886119131826627
matched_coord0.25,spatial_knn,2,SCGB2A2,0.2299606461337503,0.21359634799950755,0.6304750963041361
matched_coord0.25,spatial_knn,2,SCGB1D2,0.18726377960441565,0.1530115283422851,0.5548767220956091
matched_coord0.25,spatial_knn,2,SERPINA3,-0.05089970660481007,-0.047605938716812894,0.9731016589723717
matched_coord0.25,spatial_knn,2,LINC00052,-0.005764860259902359,-0.00044350653777642585,0.1221927259515267
matched_coord0.25,spatial_knn,2,AGR2,0.07583749234170885,0.047905267545421716,0.5742529243861563
matched_coord0.25,spatial_knn,2,C6orf141,0.5947615716930847,0.5807007971509105,0.4783790617299823
matched_coord0.25,spatial_knn,2,LYZ,0.3302028580755248,0.3157506239013523,0.7142011976193592
matched_coord0.25,spatial_knn,2,CTSD,0.4222482586664219,0.4380572504115638,0.4461289398017362
matched_coord0.25,spatial_knn,2,HEBP1,0.1088939781035964,0.09276228412529797,0.5479659678534186
matched_coord0.25,spatial_knn,2,IGHM,0.24377933055477305,0.20913947583535583,0.9191828456780233
matched_coord0.25,spatial_knn,2,HLA-DRB1,0.5124059857394032,0.5594231302160437,0.5105308206807654
matched_coord0.25,spatial_knn,2,C1QA,0.3747856874722624,0.37179088248916786,0.681670205614961
matched_coord0.25,spatial_knn,2,IGHA1,0.2675323944859354,0.25846634266922086,0.843677317942037
matched_coord0.25,spatial_knn,2,DEGS1,0.21588249004524396,0.1748930768741023,0.5453969359612085
matched_coord0.25,spatial_knn,2,AC087379.2,-0.11070062299809949,-0.08397862949651065,0.5214703602443876
matched_coord0.25,spatial_knn,2,AEBP1,0.3038847760881494,0.2904371741473259,0.732924711571088
matched_coord0.25,spatial_knn,2,COL1A2,0.19917176638764936,0.14368129858133594,0.7869062454073421
matched_coord0.25,spatial_knn,2,GFRA1,0.13121899894846376,0.17509193711501944,0.4852181978810856
matched_coord0.25,spatial_knn,2,COL1A1,0.2518128992575985,0.23857431434122509,0.8284836322052714
matched_coord0.25,spatial_knn,2,HLA-E,0.21815737228673573,0.22870149223132943,0.5394975810889725
matched_coord0.25,spatial_knn,2,CFB,0.07132538326593564,0.05046419719848457,0.6407132364332492
matched_coord0.25,spatial_knn,2,CCL19,0.2381921081337463,0.19588268610560156,0.5431237285842758
matched_coord0.25,spatial_knn,2,SNCG,0.3473285254998776,0.3324082539926478,0.5365932109040511
matched_coord0.25,spatial_knn,2,IGHG2,0.23513995849704428,0.3047919500914731,0.7413473166004677
matched_coord0.5,mean,2,CRISP3,,,1.3958724737167358
matched_coord0.5,mean,2,CPB1,,,0.9100168943405151
matched_coord0.5,mean,2,IGHG3,,,1.5038586854934692
matched_coord0.5,mean,2,CD74,,,0.7666549682617188
matched_coord0.5,mean,2,IGLC2,,,1.5072991847991943
matched_coord0.5,mean,2,HLA-B,0.0,,0.6256400942802429
matched_coord0.5,mean,2,IGKC,,,1.3650318384170532
matched_coord0.5,mean,2,MALAT1,,,0.7435116767883301
matched_coord0.5,mean,2,ALB,,,0.4303516149520874
matched_coord0.5,mean,2,IGHG4,,,1.0097202062606812
matched_coord0.5,mean,2,TFF3,0.0,,0.6567322015762329
matched_coord0.5,mean,2,CXCL14,0.0,,0.6207069754600525
matched_coord0.5,mean,2,IGHG1,,,1.1872092485427856
matched_coord0.5,mean,2,SLITRK6,0.0,,0.7862164974212646
matched_coord0.5,mean,2,APOE,,,0.8199978470802307
matched_coord0.5,mean,2,MT-ND2,,,0.5660458207130432
matched_coord0.5,mean,2,CALML5,0.0,,0.5108072757720947
matched_coord0.5,mean,2,HLA-DRA,0.0,,0.7128636837005615
matched_coord0.5,mean,2,S100G,0.0,,0.9190336465835571
matched_coord0.5,mean,2,LINC00645,,,0.34763360023498535
matched_coord0.5,mean,2,C3,,,0.9016931056976318
matched_coord0.5,mean,2,IGLC3,0.0,,1.0070720911026
matched_coord0.5,mean,2,IGLC1,,,0.8844935297966003
matched_coord0.5,mean,2,TIMP1,,,0.9072033762931824
matched_coord0.5,mean,2,APOC1,0.0,,0.840884268283844
matched_coord0.5,mean,2,TFF1,,,0.8389705419540405
matched_coord0.5,mean,2,SCGB2A2,,,0.712714672088623
matched_coord0.5,mean,2,SCGB1D2,0.0,,0.7050715088844299
matched_coord0.5,mean,2,SERPINA3,,,1.0086413621902466
matched_coord0.5,mean,2,LINC00052,0.0,,0.15121524035930634
matched_coord0.5,mean,2,AGR2,,,0.5462890863418579
matched_coord0.5,mean,2,C6orf141,,,0.6408124566078186
matched_coord0.5,mean,2,LYZ,,,0.7874592542648315
matched_coord0.5,mean,2,CTSD,,,0.4801240861415863
matched_coord0.5,mean,2,HEBP1,,,0.5624133348464966
matched_coord0.5,mean,2,IGHM,0.0,,1.0558329820632935
matched_coord0.5,mean,2,HLA-DRB1,,,0.5922855734825134
matched_coord0.5,mean,2,C1QA,,,0.7459988594055176
matched_coord0.5,mean,2,IGHA1,0.0,,0.8688046336174011
matched_coord0.5,mean,2,DEGS1,0.0,,0.503142237663269
matched_coord0.5,mean,2,AC087379.2,,,0.4720679521560669
matched_coord0.5,mean,2,AEBP1,0.0,,0.7595886588096619
matched_coord0.5,mean,2,COL1A2,,,0.806359589099884
matched_coord0.5,mean,2,GFRA1,0.0,,0.570293664932251
matched_coord0.5,mean,2,COL1A1,,,0.8677129149436951
matched_coord0.5,mean,2,HLA-E,0.0,,0.5587804913520813
matched_coord0.5,mean,2,CFB,,,0.6569733023643494
matched_coord0.5,mean,2,CCL19,,,0.5338276624679565
matched_coord0.5,mean,2,SNCG,,,0.5301852226257324
matched_coord0.5,mean,2,IGHG2,,,0.8022348880767822
matched_coord0.5,pca_ridge,2,CRISP3,0.812312094908437,0.6552373093862481,0.9438656568527222
matched_coord0.5,pca_ridge,2,CPB1,0.31274550991039934,0.2963518296607064,0.8525429368019104
matched_coord0.5,pca_ridge,2,IGHG3,0.8191888432617445,0.8047062397497685,0.9578199982643127
matched_coord0.5,pca_ridge,2,CD74,0.86778084535797,0.8491487864976764,0.41510385274887085
matched_coord0.5,pca_ridge,2,IGLC2,0.7852539414947516,0.7721292965890885,0.958124577999115
matched_coord0.5,pca_ridge,2,HLA-B,0.6309090746179737,0.6062595201626709,0.4706014096736908
matched_coord0.5,pca_ridge,2,IGKC,0.8034237209909993,0.7935641367714361,0.8225656151771545
matched_coord0.5,pca_ridge,2,MALAT1,0.7253525828872787,0.7448341110071229,0.5162304639816284
matched_coord0.5,pca_ridge,2,ALB,0.1820282262810589,0.16343047361887686,0.523854672908783
matched_coord0.5,pca_ridge,2,IGHG4,0.7694482206633785,0.7604740289590984,0.6441792249679565
matched_coord0.5,pca_ridge,2,TFF3,0.5111893074921487,0.5516402733554984,0.5898910164833069
matched_coord0.5,pca_ridge,2,CXCL14,0.2296501813688604,0.2938822120337357,0.621837317943573
matched_coord0.5,pca_ridge,2,IGHG1,0.7982526948735388,0.7895190033340731,0.7225030660629272
matched_coord0.5,pca_ridge,2,SLITRK6,0.7670182498286667,0.6256592490638605,0.5449830889701843
matched_coord0.5,pca_ridge,2,APOE,0.790955150886262,0.8019862542610439,0.5142223238945007
matched_coord0.5,pca_ridge,2,MT-ND2,0.41805742095731563,0.42242429174159746,0.5532718896865845
matched_coord0.5,pca_ridge,2,CALML5,0.37038925640264847,0.4010163259266086,0.47208675742149353
matched_coord0.5,pca_ridge,2,HLA-DRA,0.8348553441126891,0.7970542173379201,0.4038713574409485
matched_coord0.5,pca_ridge,2,S100G,0.5607243237442842,0.499961184312444,0.77078777551651
matched_coord0.5,pca_ridge,2,LINC00645,-0.023894977229679003,-0.0023609399870848495,0.4359702169895172
matched_coord0.5,pca_ridge,2,C3,0.8403543393278405,0.8026900073309625,0.5045028328895569
matched_coord0.5,pca_ridge,2,IGLC3,0.6821672528663176,0.623154538377185,0.7331126928329468
matched_coord0.5,pca_ridge,2,IGLC1,0.541878348113593,0.5319154821586961,0.7432268857955933
matched_coord0.5,pca_ridge,2,TIMP1,0.833518033953612,0.8229191913483197,0.5322464108467102
matched_coord0.5,pca_ridge,2,APOC1,0.625517077468746,0.6259291127528201,0.6196601986885071
matched_coord0.5,pca_ridge,2,TFF1,0.5482404329319848,0.6201439051396139,0.7403774261474609
matched_coord0.5,pca_ridge,2,SCGB2A2,0.2981852671001071,0.2948621561209447,0.6636217832565308
matched_coord0.5,pca_ridge,2,SCGB1D2,0.2615173532962713,0.24797168009393133,0.6375625729560852
matched_coord0.5,pca_ridge,2,SERPINA3,0.12832286263303003,0.1365919166610162,0.9950810670852661
matched_coord0.5,pca_ridge,2,LINC00052,0.03550589882239973,0.0656636165875707,0.18574634194374084
matched_coord0.5,pca_ridge,2,AGR2,0.5348388818867849,0.5348616245411244,0.4533180296421051
matched_coord0.5,pca_ridge,2,C6orf141,0.7339903997717279,0.6224881685005802,0.4872519373893738
matched_coord0.5,pca_ridge,2,LYZ,0.7751976643880196,0.684752512703649,0.4879089891910553
matched_coord0.5,pca_ridge,2,CTSD,0.719806841582729,0.7380571697921509,0.3335604667663574
matched_coord0.5,pca_ridge,2,HEBP1,0.48107501637885886,0.4947180234203662,0.5017449259757996
matched_coord0.5,pca_ridge,2,IGHM,0.6208182715886085,0.5865303320594206,0.8312594890594482
matched_coord0.5,pca_ridge,2,HLA-DRB1,0.6988769764648337,0.6978636994531153,0.41647031903266907
matched_coord0.5,pca_ridge,2,C1QA,0.7897455820251068,0.7591973327077151,0.4581470787525177
matched_coord0.5,pca_ridge,2,IGHA1,0.5937907605870083,0.5848321259899747,0.6878840923309326
matched_coord0.5,pca_ridge,2,DEGS1,0.20479343446316486,0.1805982406019775,0.5078266263008118
matched_coord0.5,pca_ridge,2,AC087379.2,0.34745599710070335,0.32364247632515164,0.44101381301879883
matched_coord0.5,pca_ridge,2,AEBP1,0.8074045346885799,0.7949814134386517,0.4478466212749481
matched_coord0.5,pca_ridge,2,COL1A2,0.7785168297656104,0.7901847008905726,0.5146341919898987
matched_coord0.5,pca_ridge,2,GFRA1,0.20243410357656397,0.20832239193735705,0.5234551429748535
matched_coord0.5,pca_ridge,2,COL1A1,0.7804616017814647,0.7859451415711606,0.5589455962181091
matched_coord0.5,pca_ridge,2,HLA-E,0.7506779901072261,0.7625323384650619,0.3644801676273346
matched_coord0.5,pca_ridge,2,CFB,0.1052247872586625,0.09334586474266414,0.6744313836097717
matched_coord0.5,pca_ridge,2,CCL19,0.5521548532018612,0.39139338063561874,0.44753164052963257
matched_coord0.5,pca_ridge,2,SNCG,0.39525718362001516,0.41766024332343127,0.48142001032829285
matched_coord0.5,pca_ridge,2,IGHG2,0.5143596825716116,0.4585990806818778,0.6843802332878113
matched_coord0.5,spatial_knn,2,CRISP3,0.7473250227080338,0.713303636126472,0.8282336549123334
matched_coord0.5,spatial_knn,2,CPB1,-0.08760500489111461,0.06574094383784145,1.1608281238735012
matched_coord0.5,spatial_knn,2,IGHG3,0.4568192152192775,0.4628063211607867,1.2089705417740815
matched_coord0.5,spatial_knn,2,CD74,0.5581573384084336,0.5693997220592639,0.6646526939527541
matched_coord0.5,spatial_knn,2,IGLC2,0.4521013292631831,0.4422069927982153,1.317810822719334
matched_coord0.5,spatial_knn,2,HLA-B,0.20143422113688525,0.23996534850393567,0.5200451204052241
matched_coord0.5,spatial_knn,2,IGKC,0.5866223413893917,0.6016290991767118,1.084945947131018
matched_coord0.5,spatial_knn,2,MALAT1,0.2826945637699283,0.16917619505291634,0.8235000308151699
matched_coord0.5,spatial_knn,2,ALB,0.17660728772892942,0.1069815586245867,0.42475003205617345
matched_coord0.5,spatial_knn,2,IGHG4,0.4540677242090875,0.5538620906192282,0.849697355459794
matched_coord0.5,spatial_knn,2,TFF3,0.34142320024073464,0.35524132405819225,0.7557987009522505
matched_coord0.5,spatial_knn,2,CXCL14,-0.08528076084752201,-0.07775208947158141,0.8615095609678234
matched_coord0.5,spatial_knn,2,IGHG1,0.4513157887511755,0.486317131931772,1.0064150067391604
matched_coord0.5,spatial_knn,2,SLITRK6,0.7135635028594322,0.7128583145388604,0.4972872847689239
matched_coord0.5,spatial_knn,2,APOE,0.3725177656138468,0.4060298847232785,0.8070676082808135
matched_coord0.5,spatial_knn,2,MT-ND2,0.042058994739877086,0.009584835994171386,0.744603176468588
matched_coord0.5,spatial_knn,2,CALML5,0.25579076193723604,0.23834475203799993,0.5146410999374346
matched_coord0.5,spatial_knn,2,HLA-DRA,0.5588883642204846,0.5909095219031482,0.5871221755177262
matched_coord0.5,spatial_knn,2,S100G,0.3886803453051083,0.4113119515329455,0.9183092555698041
matched_coord0.5,spatial_knn,2,LINC00645,0.05396079702728329,-0.08275477256577274,0.2366052908674436
matched_coord0.5,spatial_knn,2,C3,0.4540646231252494,0.44112294392585505,0.7934831992464428
matched_coord0.5,spatial_knn,2,IGLC3,0.2062898532908115,0.26338664280786855,0.974432403958325
matched_coord0.5,spatial_knn,2,IGLC1,0.225470369371096,0.332806498217192,0.8915912517377679
matched_coord0.5,spatial_knn,2,TIMP1,0.3799866796451437,0.3622554858375998,0.8301186132626635
matched_coord0.5,spatial_knn,2,APOC1,0.08204572170296408,0.11229025831969554,0.8386365351850901
matched_coord0.5,spatial_knn,2,TFF1,-0.1485564550197028,-0.14453125164683633,0.9413938600857352
matched_coord0.5,spatial_knn,2,SCGB2A2,0.3271452462466759,0.30860563347510694,0.6188599382400526
matched_coord0.5,spatial_knn,2,SCGB1D2,0.2107348299892547,0.1843205068817534,0.5573880313627084
matched_coord0.5,spatial_knn,2,SERPINA3,-0.13535323283503206,-0.14103481787350586,1.0412880372388842
matched_coord0.5,spatial_knn,2,LINC00052,-0.0029504680987307063,0.0008944128117519108,0.12483946031508365
matched_coord0.5,spatial_knn,2,AGR2,-0.10498798447918925,-0.08507246380710913,0.5936578915976353
matched_coord0.5,spatial_knn,2,C6orf141,0.5623811855328917,0.529923186876642,0.48395281099580606
matched_coord0.5,spatial_knn,2,LYZ,0.33151499851010624,0.2990326233906705,0.7246677446084538
matched_coord0.5,spatial_knn,2,CTSD,0.4152276878837827,0.4307864961593187,0.4557013465956304
matched_coord0.5,spatial_knn,2,HEBP1,0.11043664898743143,0.09758730222621274,0.547442521628027
matched_coord0.5,spatial_knn,2,IGHM,0.21415182692790613,0.16668066118314911,0.9993272342089178
matched_coord0.5,spatial_knn,2,HLA-DRB1,0.5654525520191119,0.6102152731145025,0.47739686156608424
matched_coord0.5,spatial_knn,2,C1QA,0.3869817531047675,0.3759163817710891,0.6905544363211792
matched_coord0.5,spatial_knn,2,IGHA1,0.2944494009332382,0.2690737182002077,0.8344728781737725
matched_coord0.5,spatial_knn,2,DEGS1,0.1399225096508839,0.11372816990042142,0.5305868224311961
matched_coord0.5,spatial_knn,2,AC087379.2,-0.15254566221635674,-0.18019940060839626,0.5273854130472098
matched_coord0.5,spatial_knn,2,AEBP1,0.3173722488335405,0.3123682948779251,0.7372186246763061
matched_coord0.5,spatial_knn,2,COL1A2,0.2019602872378462,0.15926888179344095,0.824079687822799
matched_coord0.5,spatial_knn,2,GFRA1,0.10733095366390681,0.15078352177670254,0.47091247588171464
matched_coord0.5,spatial_knn,2,COL1A1,0.23815752588039055,0.26348687590539005,0.8746186069075528
matched_coord0.5,spatial_knn,2,HLA-E,0.18950685007480667,0.20059344780461877,0.531598809196162
matched_coord0.5,spatial_knn,2,CFB,0.07399226304357961,0.02938936086011637,0.6829007857426187
matched_coord0.5,spatial_knn,2,CCL19,0.1779296055954655,0.17694800414056708,0.5600239908019613
matched_coord0.5,spatial_knn,2,SNCG,0.37413177546655435,0.37082488235889904,0.5348490420133158
matched_coord0.5,spatial_knn,2,IGHG2,0.25767376657009367,0.34731048284172183,0.7669018237483375
matched_coord1.0,mean,2,CRISP3,,,1.2225701808929443
matched_coord1.0,mean,2,CPB1,,,0.7457231283187866
matched_coord1.0,mean,2,IGHG3,,,1.9154694080352783
matched_coord1.0,mean,2,CD74,,,0.6985405087471008
matched_coord1.0,mean,2,IGLC2,0.0,,1.8203389644622803
matched_coord1.0,mean,2,HLA-B,0.0,,0.5859392285346985
matched_coord1.0,mean,2,IGKC,0.0,,1.6431694030761719
matched_coord1.0,mean,2,MALAT1,,,0.7461082339286804
matched_coord1.0,mean,2,ALB,,,0.497745543718338
matched_coord1.0,mean,2,IGHG4,,,1.2208583354949951
matched_coord1.0,mean,2,TFF3,,,0.6704918742179871
matched_coord1.0,mean,2,CXCL14,,,0.5838302373886108
matched_coord1.0,mean,2,IGHG1,,,1.4329572916030884
matched_coord1.0,mean,2,SLITRK6,0.0,,0.6683250069618225
matched_coord1.0,mean,2,APOE,,,0.8116611838340759
matched_coord1.0,mean,2,MT-ND2,,,0.5228042006492615
matched_coord1.0,mean,2,CALML5,,,0.4842891991138458
matched_coord1.0,mean,2,HLA-DRA,,,0.6348832845687866
matched_coord1.0,mean,2,S100G,0.0,,0.9091033935546875
matched_coord1.0,mean,2,LINC00645,,,0.3535805642604828
matched_coord1.0,mean,2,C3,0.0,,1.0299842357635498
matched_coord1.0,mean,2,IGLC3,,,1.2898707389831543
matched_coord1.0,mean,2,IGLC1,0.0,,1.2703059911727905
matched_coord1.0,mean,2,TIMP1,,,0.8759153485298157
matched_coord1.0,mean,2,APOC1,,,0.847960352897644
matched_coord1.0,mean,2,TFF1,,,0.7159208059310913
matched_coord1.0,mean,2,SCGB2A2,,,0.673492431640625
matched_coord1.0,mean,2,SCGB1D2,,,0.6573176980018616
matched_coord1.0,mean,2,SERPINA3,,,1.000208854675293
matched_coord1.0,mean,2,LINC00052,0.0,,0.1853998452425003
matched_coord1.0,mean,2,AGR2,,,0.5469407439231873
matched_coord1.0,mean,2,C6orf141,,,0.5398188233375549
matched_coord1.0,mean,2,LYZ,,,0.7451058030128479
matched_coord1.0,mean,2,CTSD,0.0,,0.5060229897499084
matched_coord1.0,mean,2,HEBP1,,,0.5752214193344116
matched_coord1.0,mean,2,IGHM,0.0,,1.1028465032577515
matched_coord1.0,mean,2,HLA-DRB1,0.0,,0.4919654428958893
matched_coord1.0,mean,2,C1QA,,,0.7343090772628784
matched_coord1.0,mean,2,IGHA1,,,1.11655592918396
matched_coord1.0,mean,2,DEGS1,0.0,,0.4927683472633362
matched_coord1.0,mean,2,AC087379.2,,,0.4422543942928314
matched_coord1.0,mean,2,AEBP1,0.0,,0.7624920010566711
matched_coord1.0,mean,2,COL1A2,0.0,,0.7185393571853638
matched_coord1.0,mean,2,GFRA1,,,0.6051495671272278
matched_coord1.0,mean,2,COL1A1,,,0.7900073528289795
matched_coord1.0,mean,2,HLA-E,0.0,,0.5242229700088501
matched_coord1.0,mean,2,CFB,,,0.6626903414726257
matched_coord1.0,mean,2,CCL19,,,0.6677518486976624
matched_coord1.0,mean,2,SNCG,,,0.5330421924591064
matched_coord1.0,mean,2,IGHG2,,,1.0152595043182373
matched_coord1.0,pca_ridge,2,CRISP3,0.72474695370285,0.5347424441756056,0.9307984709739685
matched_coord1.0,pca_ridge,2,CPB1,0.27195439824278733,0.26018488649555427,0.7122809886932373
matched_coord1.0,pca_ridge,2,IGHG3,0.7969114791866834,0.8052931231664264,1.264723777770996
matched_coord1.0,pca_ridge,2,CD74,0.8088581884567638,0.8511535975336882,0.4422815144062042
matched_coord1.0,pca_ridge,2,IGLC2,0.7382959581006836,0.7711749788672867,1.1784874200820923
matched_coord1.0,pca_ridge,2,HLA-B,0.5233173123836845,0.6365397046392521,0.45973336696624756
matched_coord1.0,pca_ridge,2,IGKC,0.7809848632697486,0.8014395107155289,0.9861639142036438
matched_coord1.0,pca_ridge,2,MALAT1,0.5833765033852851,0.7080080552931233,0.6172970533370972
matched_coord1.0,pca_ridge,2,ALB,0.1946937565971122,0.17985757259280225,0.5512705445289612
matched_coord1.0,pca_ridge,2,IGHG4,0.7564837940857827,0.7731390781164538,0.7683064937591553
matched_coord1.0,pca_ridge,2,TFF3,0.5568309418025649,0.5614116652578192,0.6079645156860352
matched_coord1.0,pca_ridge,2,CXCL14,0.15545423930877653,0.15887832459746778,0.6387337446212769
matched_coord1.0,pca_ridge,2,IGHG1,0.7576885752306783,0.7823603997812144,0.881682276725769
matched_coord1.0,pca_ridge,2,SLITRK6,0.7116396588606958,0.5561507845609389,0.504680871963501
matched_coord1.0,pca_ridge,2,APOE,0.6558379916953936,0.6555541743324549,0.6487416625022888
matched_coord1.0,pca_ridge,2,MT-ND2,0.3802972226646993,0.41333349908010547,0.5230090618133545
matched_coord1.0,pca_ridge,2,CALML5,0.3163664670003193,0.4062577693799414,0.47222310304641724
matched_coord1.0,pca_ridge,2,HLA-DRA,0.8490980925812883,0.8292799960220776,0.3516104221343994
matched_coord1.0,pca_ridge,2,S100G,0.6560610197424921,0.6156045667191727,0.7440026998519897
matched_coord1.0,pca_ridge,2,LINC00645,-0.07476089507233616,-0.0425347380249093,0.44371315836906433
matched_coord1.0,pca_ridge,2,C3,0.8262165766227328,0.8414280999380697,0.586775541305542
matched_coord1.0,pca_ridge,2,IGLC3,0.6571734811973837,0.6880389386155925,0.9258704781532288
matched_coord1.0,pca_ridge,2,IGLC1,0.6046505977078135,0.6272262397002891,0.9536055326461792
matched_coord1.0,pca_ridge,2,TIMP1,0.7972589970425454,0.7996593903833724,0.5045666694641113
matched_coord1.0,pca_ridge,2,APOC1,0.5104841023158876,0.5150716741284833,0.7207085490226746
matched_coord1.0,pca_ridge,2,TFF1,0.5356177858338289,0.5669003076055914,0.6810595989227295
matched_coord1.0,pca_ridge,2,SCGB2A2,0.2089261403939492,0.24660268108463793,0.6383430361747742
matched_coord1.0,pca_ridge,2,SCGB1D2,0.25492016537012807,0.29909304854799873,0.5900276899337769
matched_coord1.0,pca_ridge,2,SERPINA3,0.31079672479143167,0.2896549152205261,0.9732963442802429
matched_coord1.0,pca_ridge,2,LINC00052,0.06987107285491016,0.10294778789732652,0.2054654061794281
matched_coord1.0,pca_ridge,2,AGR2,0.6162457551916581,0.6598892643083004,0.4099619686603546
matched_coord1.0,pca_ridge,2,C6orf141,0.680813264467087,0.5578326676346008,0.43557441234588623
matched_coord1.0,pca_ridge,2,LYZ,0.7139643520238422,0.6892425004891437,0.5310387015342712
matched_coord1.0,pca_ridge,2,CTSD,0.6634164893831827,0.6993461289841382,0.3842335343360901
matched_coord1.0,pca_ridge,2,HEBP1,0.2760952795077264,0.2540741428469823,0.5231595635414124
matched_coord1.0,pca_ridge,2,IGHM,0.6830795814762434,0.7162567516469694,0.7914739847183228
matched_coord1.0,pca_ridge,2,HLA-DRB1,0.5922167585827813,0.5867758937894685,0.40744641423225403
matched_coord1.0,pca_ridge,2,C1QA,0.801622680185615,0.807849036025773,0.4429614543914795
matched_coord1.0,pca_ridge,2,IGHA1,0.6068439540517323,0.6650879247395741,0.8335320353507996
matched_coord1.0,pca_ridge,2,DEGS1,0.11696345787569724,0.07002740960354026,0.5192131996154785
matched_coord1.0,pca_ridge,2,AC087379.2,0.3130531957390478,0.27770051804994544,0.42002132534980774
matched_coord1.0,pca_ridge,2,AEBP1,0.8016190174222941,0.8108617444750447,0.4242343604564667
matched_coord1.0,pca_ridge,2,COL1A2,0.734136326153177,0.7404832805948925,0.4913776218891144
matched_coord1.0,pca_ridge,2,GFRA1,0.0772662708004513,0.037321697793121646,0.5718491673469543
matched_coord1.0,pca_ridge,2,COL1A1,0.7327949950391942,0.7084659567315007,0.5369748473167419
matched_coord1.0,pca_ridge,2,HLA-E,0.6865566696470922,0.7415692904380689,0.38436898589134216
matched_coord1.0,pca_ridge,2,CFB,0.11953999851168845,0.08907494079867748,0.6694744825363159
matched_coord1.0,pca_ridge,2,CCL19,0.6444577210096409,0.5158264363403943,0.5117862820625305
matched_coord1.0,pca_ridge,2,SNCG,0.3726774676391262,0.3952429285477794,0.486808180809021
matched_coord1.0,pca_ridge,2,IGHG2,0.5608494177158965,0.51390785291486,0.837321400642395
matched_coord1.0,spatial_knn,2,CRISP3,0.745088532484103,0.6669965555321794,0.8013110794146524
matched_coord1.0,spatial_knn,2,CPB1,-0.066007124122016,0.04540179839504034,1.0908466952369569
matched_coord1.0,spatial_knn,2,IGHG3,0.4289411188988859,0.3570210332653772,1.505824809691738
matched_coord1.0,spatial_knn,2,CD74,0.4198994406423139,0.45152901397245293,0.6464504561251924
matched_coord1.0,spatial_knn,2,IGLC2,0.4432892867524504,0.3399607180150167,1.4604515778701268
matched_coord1.0,spatial_knn,2,HLA-B,0.15949064866790988,0.16927054845606887,0.5071476806834877
matched_coord1.0,spatial_knn,2,IGKC,0.49004534816313033,0.48255432350454985,1.317976033953578
matched_coord1.0,spatial_knn,2,MALAT1,0.23404528082601336,0.2077097111033763,0.8160996666067523
matched_coord1.0,spatial_knn,2,ALB,0.2737691669297679,0.20263400239937254,0.494567212736599
matched_coord1.0,spatial_knn,2,IGHG4,0.36678253695275936,0.42426035502958587,1.0241073236216698
matched_coord1.0,spatial_knn,2,TFF3,0.5579912860970808,0.5905971856198101,0.7536798835397974
matched_coord1.0,spatial_knn,2,CXCL14,0.06759800805839451,0.07521758938989406,0.7406791324474521
matched_coord1.0,spatial_knn,2,IGHG1,0.2905971945570247,0.26846999154691464,1.2031837266003516
matched_coord1.0,spatial_knn,2,SLITRK6,0.6905942022373103,0.626560774549379,0.4647630261536993
matched_coord1.0,spatial_knn,2,APOE,0.18187803853897805,0.2143329521157576,0.8349551051624529
matched_coord1.0,spatial_knn,2,MT-ND2,-0.14559252135538236,-0.19559693699965194,0.7050538561718849
matched_coord1.0,spatial_knn,2,CALML5,0.03187687660585098,0.06911889015961416,0.5367701981383898
matched_coord1.0,spatial_knn,2,HLA-DRA,0.41776088532601124,0.43929441599124863,0.5813372155321116
matched_coord1.0,spatial_knn,2,S100G,0.5017560996595872,0.5345682403792104,0.9074223387971347
matched_coord1.0,spatial_knn,2,LINC00645,0.18220563886173213,0.025605878276810653,0.23920428352151432
matched_coord1.0,spatial_knn,2,C3,0.37946909693623554,0.3748199833549425,0.8943233114994233
matched_coord1.0,spatial_knn,2,IGLC3,-0.0031910689285231182,0.045317128567878597,1.2045080981054583
matched_coord1.0,spatial_knn,2,IGLC1,0.1845419932482212,0.4411535640934101,1.1802809130560161
matched_coord1.0,spatial_knn,2,TIMP1,0.324175544540568,0.3119138779772264,0.7639816371414364
matched_coord1.0,spatial_knn,2,APOC1,-0.04077009068672343,-0.0737768346780727,0.8654169214265699
matched_coord1.0,spatial_knn,2,TFF1,-0.4406354032952237,-0.46067727902480127,0.8741814693678005
matched_coord1.0,spatial_knn,2,SCGB2A2,0.3290586659860053,0.29722445096579975,0.576088293219023
matched_coord1.0,spatial_knn,2,SCGB1D2,0.20518332372301887,0.22627208115902217,0.543770707751476
matched_coord1.0,spatial_knn,2,SERPINA3,-0.24248002173813815,-0.2848764357814132,1.053762545549592
matched_coord1.0,spatial_knn,2,LINC00052,-0.045205134026843424,-0.07570347698074502,0.16988295620757554
matched_coord1.0,spatial_knn,2,AGR2,-0.0729270831895507,-0.02136646951045714,0.5873160423990235
matched_coord1.0,spatial_knn,2,C6orf141,0.5397841186249404,0.4747862784128488,0.4481926723157244
matched_coord1.0,spatial_knn,2,LYZ,0.1868924992891266,0.15613301104782867,0.7549004836116588
matched_coord1.0,spatial_knn,2,CTSD,0.40247685801900024,0.45413455322957585,0.4684104047006168
matched_coord1.0,spatial_knn,2,HEBP1,0.16712743650128253,0.19839947054007384,0.5030178680484573
matched_coord1.0,spatial_knn,2,IGHM,0.1820613826184558,0.09860212447436048,1.0007942416792766
matched_coord1.0,spatial_knn,2,HLA-DRB1,0.43573116083993507,0.444898314355328,0.45380364072368823
matched_coord1.0,spatial_knn,2,C1QA,0.30199499574901756,0.3211590816105341,0.7054460238441599
matched_coord1.0,spatial_knn,2,IGHA1,0.2254810274522575,0.15556450590398113,1.0697038554648786
matched_coord1.0,spatial_knn,2,DEGS1,-0.03741074899360538,-0.062427603176730434,0.5690753778072896
matched_coord1.0,spatial_knn,2,AC087379.2,0.04372800833424536,-0.03973634905554037,0.4626956643323265
matched_coord1.0,spatial_knn,2,AEBP1,0.38057151138152223,0.3114397877782679,0.6555862459275017
matched_coord1.0,spatial_knn,2,COL1A2,0.010602022045854968,-0.0706914565980549,0.7277120370204034
matched_coord1.0,spatial_knn,2,GFRA1,-0.006009714241116659,-0.01306819434896867,0.5304857207892393
matched_coord1.0,spatial_knn,2,COL1A1,0.12738524478865404,0.12898297510256526,0.7993105276338115
matched_coord1.0,spatial_knn,2,HLA-E,0.13294290585651206,0.16440007955845062,0.5279570343350655
matched_coord1.0,spatial_knn,2,CFB,0.20468327222205335,0.1409498592206831,0.6463106354273491
matched_coord1.0,spatial_knn,2,CCL19,0.22436455987141138,0.19536083185709424,0.6587002368294609
matched_coord1.0,spatial_knn,2,SNCG,0.40340775034673915,0.3731414902807327,0.491564962353165
matched_coord1.0,spatial_knn,2,IGHG2,0.15755171545096686,0.29298261854102375,0.9864058861760204
random,mean,3,CRISP3,0.0,,0.8677657246589661
random,mean,3,CPB1,,,0.9486973881721497
random,mean,3,IGHG3,0.0,,0.9692825675010681
random,mean,3,CD74,0.0,,0.5649039149284363
random,mean,3,IGLC2,0.0,,1.1438417434692383
random,mean,3,HLA-B,,,0.4693899154663086
random,mean,3,IGKC,,,1.0154521465301514
random,mean,3,MALAT1,,,0.7974779605865479
random,mean,3,ALB,,,0.6498711705207825
random,mean,3,IGHG4,,,0.7446838617324829
random,mean,3,TFF3,,,0.5717450976371765
random,mean,3,CXCL14,0.0,,0.8247418999671936
random,mean,3,IGHG1,,,0.9305152297019958
random,mean,3,SLITRK6,0.0,,0.5013799667358398
random,mean,3,APOE,,,0.6519196033477783
random,mean,3,MT-ND2,,,0.5658202767372131
random,mean,3,CALML5,,,0.5630348920822144
random,mean,3,HLA-DRA,,,0.5931115746498108
random,mean,3,S100G,,,0.8027411699295044
random,mean,3,LINC00645,,,0.5464205741882324
random,mean,3,C3,,,0.7710005044937134
random,mean,3,IGLC3,,,0.839644730091095
random,mean,3,IGLC1,0.0,,0.8952694535255432
random,mean,3,TIMP1,0.0,,0.7356969118118286
random,mean,3,APOC1,0.0,,0.6874457597732544
random,mean,3,TFF1,,,0.6956600546836853
random,mean,3,SCGB2A2,,,0.7881597280502319
random,mean,3,SCGB1D2,0.0,,0.7426379919052124
random,mean,3,SERPINA3,0.0,,0.6493654847145081
random,mean,3,LINC00052,,,0.2875905930995941
random,mean,3,AGR2,,,0.6077796816825867
random,mean,3,C6orf141,,,0.41756540536880493
random,mean,3,LYZ,,,0.7233541011810303
random,mean,3,CTSD,,,0.4873603880405426
random,mean,3,HEBP1,,,0.6465249061584473
random,mean,3,IGHM,,,0.8528996706008911
random,mean,3,HLA-DRB1,,,0.5886117219924927
random,mean,3,C1QA,0.0,,0.6969262957572937
random,mean,3,IGHA1,0.0,,0.8169199824333191
random,mean,3,DEGS1,0.0,,0.6700319647789001
random,mean,3,AC087379.2,,,0.4718702435493469
random,mean,3,AEBP1,,,0.7023483514785767
random,mean,3,COL1A2,,,0.7246831655502319
random,mean,3,GFRA1,0.0,,0.6640836596488953
random,mean,3,COL1A1,,,0.7462912201881409
random,mean,3,HLA-E,,,0.5652947425842285
random,mean,3,CFB,,,0.589862585067749
random,mean,3,CCL19,,,0.6110398173332214
random,mean,3,SNCG,,,0.5880769491195679
random,mean,3,IGHG2,,,0.7091737389564514
random,pca_ridge,3,CRISP3,0.6858637878980618,0.3781502982160026,0.6314186453819275
random,pca_ridge,3,CPB1,0.5502743624914177,0.5642412774053774,0.7926012873649597
random,pca_ridge,3,IGHG3,0.6416152630917216,0.6839955194479124,0.7442976832389832
random,pca_ridge,3,CD74,0.795826815278091,0.7994708639828857,0.3419378697872162
random,pca_ridge,3,IGLC2,0.6569294897982473,0.7018887551588101,0.8618927597999573
random,pca_ridge,3,HLA-B,0.7037239635385024,0.7103861467739284,0.33333560824394226
random,pca_ridge,3,IGKC,0.6965511918153372,0.7563465121259904,0.728310227394104
random,pca_ridge,3,MALAT1,0.6987586818634965,0.7187716433097326,0.5707024335861206
random,pca_ridge,3,ALB,0.3179566910271777,0.20190720119058211,0.6187993884086609
random,pca_ridge,3,IGHG4,0.6485156674552244,0.6957814673949327,0.566773533821106
random,pca_ridge,3,TFF3,0.614231752682152,0.5905458249107636,0.45158329606056213
random,pca_ridge,3,CXCL14,0.6717471979530817,0.5302263956261112,0.611519455909729
random,pca_ridge,3,IGHG1,0.6869972975400311,0.7177050623148706,0.6763486266136169
random,pca_ridge,3,SLITRK6,0.6263979970286864,0.34027613388887845,0.3909788429737091
random,pca_ridge,3,APOE,0.8014048322036066,0.8039515683210856,0.3902023434638977
random,pca_ridge,3,MT-ND2,0.5647693594788025,0.5787846009684324,0.4675140082836151
random,pca_ridge,3,CALML5,0.5276584398457109,0.5483339433350716,0.47862690687179565
random,pca_ridge,3,HLA-DRA,0.7543449935528248,0.757417572359649,0.3892863392829895
random,pca_ridge,3,S100G,0.6390367888043842,0.6363616773138657,0.6177492141723633
random,pca_ridge,3,LINC00645,0.3984869589288721,0.3384206738110454,0.5019437074661255
random,pca_ridge,3,C3,0.7192497245133272,0.7001675284612807,0.5361158847808838
random,pca_ridge,3,IGLC3,0.4509789136424617,0.39215176798839785,0.7529100179672241
random,pca_ridge,3,IGLC1,0.46128984315445987,0.4609873688976934,0.7941974401473999
random,pca_ridge,3,TIMP1,0.7222424324141022,0.7332475817272641,0.5088436007499695
random,pca_ridge,3,APOC1,0.6192057837676057,0.6485172489331883,0.5407636165618896
random,pca_ridge,3,TFF1,0.48963311304284496,0.4980303742067617,0.607014000415802
random,pca_ridge,3,SCGB2A2,0.5493956790616706,0.5578026167247724,0.6593056321144104
random,pca_ridge,3,SCGB1D2,0.5380464870613141,0.5555697730882969,0.6256803274154663
random,pca_ridge,3,SERPINA3,0.4306095767035582,0.4691751465501167,0.5859085917472839
random,pca_ridge,3,LINC00052,0.37899035020967653,0.25738986697892335,0.26629701256752014
random,pca_ridge,3,AGR2,0.5937105638228137,0.5337309857330333,0.4924757182598114
random,pca_ridge,3,C6orf141,0.5690858353301139,0.36596822731915885,0.3436416685581207
random,pca_ridge,3,LYZ,0.6554067924368052,0.6558830864497882,0.5467658638954163
random,pca_ridge,3,CTSD,0.6922075545177566,0.7349142463326835,0.35211414098739624
random,pca_ridge,3,HEBP1,0.5636399192607479,0.5854468404729679,0.5344630479812622
random,pca_ridge,3,IGHM,0.5066540418412322,0.4565062363295362,0.7363187670707703
random,pca_ridge,3,HLA-DRB1,0.6509590967671649,0.688062047923264,0.4468139410018921
random,pca_ridge,3,C1QA,0.7106680331451585,0.7230793558317221,0.4904453158378601
random,pca_ridge,3,IGHA1,0.40427482548559573,0.41822179181391084,0.7517168521881104
random,pca_ridge,3,DEGS1,0.572829744137845,0.4757343967508778,0.5494993329048157
random,pca_ridge,3,AC087379.2,0.5011014478131649,0.3848760091781828,0.4105103313922882
random,pca_ridge,3,AEBP1,0.668012997494156,0.6799923395541183,0.5228526592254639
random,pca_ridge,3,COL1A2,0.6853144704436753,0.7095002451964249,0.5279582142829895
random,pca_ridge,3,GFRA1,0.5768331915036884,0.4515428342150741,0.5424723625183105
random,pca_ridge,3,COL1A1,0.7061907391657533,0.7221720527990104,0.5291875004768372
random,pca_ridge,3,HLA-E,0.6150286999067617,0.673025222206855,0.44595474004745483
random,pca_ridge,3,CFB,0.42504933968599595,0.45974533808594126,0.5337095260620117
random,pca_ridge,3,CCL19,0.5213080509954956,0.3646147115185192,0.5214531421661377
random,pca_ridge,3,SNCG,0.5130972600228131,0.5022185673872972,0.505028486251831
random,pca_ridge,3,IGHG2,0.4219470740445719,0.32783196655114594,0.6433922648429871
random,spatial_knn,3,CRISP3,0.8084198852852474,0.4324620541240964,0.5113819768919241
random,spatial_knn,3,CPB1,0.76481421527739,0.7479154114636996,0.6115058445798749
random,spatial_knn,3,IGHG3,0.7028356006389285,0.7006740621740287,0.6929827557807531
random,spatial_knn,3,CD74,0.7825829344721013,0.7684802796799431,0.3516835418489905
random,spatial_knn,3,IGLC2,0.6999299159896494,0.72346743885507,0.819261012802175
random,spatial_knn,3,HLA-B,0.7907673641184779,0.7948021108452353,0.28732542581930964
random,spatial_knn,3,IGKC,0.723972536704905,0.746984611291258,0.7002295270829907
random,spatial_knn,3,MALAT1,0.6205934856262085,0.6537788635345182,0.6264092418487337
random,spatial_knn,3,ALB,0.7080343050668905,0.2467556757612317,0.4662926559987573
random,spatial_knn,3,IGHG4,0.6517051094810675,0.677895559301752,0.5662992337708432
random,spatial_knn,3,TFF3,0.7385900369035838,0.7407835748308003,0.38762711308653947
random,spatial_knn,3,CXCL14,0.7446079204324022,0.5760217340064715,0.5518925594534737
random,spatial_knn,3,IGHG1,0.6795438704588106,0.6974095623237014,0.6836978545673555
random,spatial_knn,3,SLITRK6,0.7469036099546085,0.35168347390535337,0.3336577353099003
random,spatial_knn,3,APOE,0.6790093308894172,0.6869903808203324,0.48124574049077473
random,spatial_knn,3,MT-ND2,0.6021025078144646,0.5890356722015178,0.45429701853469845
random,spatial_knn,3,CALML5,0.6654699971470914,0.693193826019166,0.4219577167434673
random,spatial_knn,3,HLA-DRA,0.7177937343247234,0.7229313183291604,0.4135530590748653
random,spatial_knn,3,S100G,0.7437385206641096,0.6987203745936457,0.5370180887319781
random,spatial_knn,3,LINC00645,0.7117456174214933,0.4720572551296818,0.38578432450942923
random,spatial_knn,3,C3,0.6350580581291525,0.6230689986510504,0.5986169373701653
random,spatial_knn,3,IGLC3,0.525800273459934,0.4370634344373695,0.7255117614219708
random,spatial_knn,3,IGLC1,0.5214515244943982,0.48204292384960623,0.7649501676548206
random,spatial_knn,3,TIMP1,0.6696981791662745,0.664405794509618,0.5476287658474442
random,spatial_knn,3,APOC1,0.5931227068714596,0.6279307868526196,0.5571123764613444
random,spatial_knn,3,TFF1,0.6182478014748644,0.6270922018402778,0.5501888483678338
random,spatial_knn,3,SCGB2A2,0.6258836619470243,0.6084074963615504,0.6155908597768344
random,spatial_knn,3,SCGB1D2,0.6022749618171024,0.6013921397649054,0.5938117232713083
random,spatial_knn,3,SERPINA3,0.6553591940072184,0.6254162589362284,0.4928530441017049
random,spatial_knn,3,LINC00052,0.6720977202833237,0.28434005740339013,0.21308141976235997
random,spatial_knn,3,AGR2,0.6152265038303596,0.555949362735628,0.48514245736707123
random,spatial_knn,3,C6orf141,0.601532276660182,0.2576025857671208,0.33825954602875824
random,spatial_knn,3,LYZ,0.5970519252474231,0.6104589823885193,0.585106618782218
random,spatial_knn,3,CTSD,0.563500301357454,0.58090688221608,0.403929136861839
random,spatial_knn,3,HEBP1,0.6356111925970324,0.6090087965545437,0.5001508193452822
random,spatial_knn,3,IGHM,0.589381276373414,0.49533757430351805,0.6897875807592567
random,spatial_knn,3,HLA-DRB1,0.6159961667180458,0.6449498061756007,0.46525012766135776
random,spatial_knn,3,C1QA,0.6051583598627358,0.6194009954079278,0.5564743772053379
random,spatial_knn,3,IGHA1,0.5261335710339542,0.5194963621180623,0.7015271423866786
random,spatial_knn,3,DEGS1,0.6082012035612548,0.5248163064975444,0.5329866025572652
random,spatial_knn,3,AC087379.2,0.6488653759171881,0.4125058419316015,0.3588236878211451
random,spatial_knn,3,AEBP1,0.5403571680068857,0.5411327934714473,0.5938813920586633
random,spatial_knn,3,COL1A2,0.5534735049138377,0.5884459465916031,0.6054683640578477
random,spatial_knn,3,GFRA1,0.6505689445578665,0.5421868787187015,0.5038717812296986
random,spatial_knn,3,COL1A1,0.6038023967154726,0.6195911104771059,0.5950722784558075
random,spatial_knn,3,HLA-E,0.6209197780607304,0.6625642904763809,0.4440455001346999
random,spatial_knn,3,CFB,0.5873299128318463,0.6041620437577608,0.4777221817543846
random,spatial_knn,3,CCL19,0.5924407770544811,0.4017002197130613,0.49331937568168394
random,spatial_knn,3,SNCG,0.5905379839295258,0.5728116970914304,0.47662422108152674
random,spatial_knn,3,IGHG2,0.4208736188109554,0.29997874598049024,0.6464336874590799
matched_hop0,mean,3,CRISP3,0.0,,0.6546719074249268
matched_hop0,mean,3,CPB1,,,1.2929320335388184
matched_hop0,mean,3,IGHG3,,,0.7977928519248962
matched_hop0,mean,3,CD74,,,0.5789300203323364
matched_hop0,mean,3,IGLC2,,,0.9246160387992859
matched_hop0,mean,3,HLA-B,,,0.5173699855804443
matched_hop0,mean,3,IGKC,,,0.8383240699768066
matched_hop0,mean,3,MALAT1,0.0,,0.7077241539955139
matched_hop0,mean,3,ALB,,,0.43659794330596924
matched_hop0,mean,3,IGHG4,,,0.5962137579917908
matched_hop0,mean,3,TFF3,,,0.48401153087615967
matched_hop0,mean,3,CXCL14,,,0.7307226061820984
matched_hop0,mean,3,IGHG1,,,0.7321970462799072
matched_hop0,mean,3,SLITRK6,0.0,,0.37609949707984924
matched_hop0,mean,3,APOE,0.0,,0.6470247507095337
matched_hop0,mean,3,MT-ND2,0.0,,0.5929847955703735
matched_hop0,mean,3,CALML5,,,0.6973613500595093
matched_hop0,mean,3,HLA-DRA,,,0.6143076419830322
matched_hop0,mean,3,S100G,0.0,,0.5698551535606384
matched_hop0,mean,3,LINC00645,,,0.8051794171333313
matched_hop0,mean,3,C3,,,0.6570367813110352
matched_hop0,mean,3,IGLC3,,,0.6928877830505371
matched_hop0,mean,3,IGLC1,,,0.718975305557251
matched_hop0,mean,3,TIMP1,,,0.7003111243247986
matched_hop0,mean,3,APOC1,,,0.6678770780563354
matched_hop0,mean,3,TFF1,,,0.7003987431526184
matched_hop0,mean,3,SCGB2A2,,,0.7665771842002869
matched_hop0,mean,3,SCGB1D2,0.0,,0.7520244121551514
matched_hop0,mean,3,SERPINA3,,,0.519359827041626
matched_hop0,mean,3,LINC00052,0.0,,0.45964452624320984
matched_hop0,mean,3,AGR2,,,0.4909168779850006
matched_hop0,mean,3,C6orf141,0.0,,0.33029159903526306
matched_hop0,mean,3,LYZ,,,0.779449462890625
matched_hop0,mean,3,CTSD,,,0.5075235962867737
matched_hop0,mean,3,HEBP1,0.0,,0.6449683904647827
matched_hop0,mean,3,IGHM,0.0,,0.6971294283866882
matched_hop0,mean,3,HLA-DRB1,,,0.5973902344703674
matched_hop0,mean,3,C1QA,,,0.6502656936645508
matched_hop0,mean,3,IGHA1,,,0.7002073526382446
matched_hop0,mean,3,DEGS1,,,0.6001683473587036
matched_hop0,mean,3,AC087379.2,,,0.3229730725288391
matched_hop0,mean,3,AEBP1,,,0.6665515303611755
matched_hop0,mean,3,COL1A2,,,0.6907783150672913
matched_hop0,mean,3,GFRA1,0.0,,0.5231577157974243
matched_hop0,mean,3,COL1A1,,,0.7121535539627075
matched_hop0,mean,3,HLA-E,,,0.5251191258430481
matched_hop0,mean,3,CFB,,,0.6127002239227295
matched_hop0,mean,3,CCL19,,,0.5480058789253235
matched_hop0,mean,3,SNCG,,,0.7775010466575623
matched_hop0,mean,3,IGHG2,,,0.5113536715507507
matched_hop0,pca_ridge,3,CRISP3,0.0784158953837688,0.06348541434593032,0.5895305275917053
matched_hop0,pca_ridge,3,CPB1,0.05897508649931765,0.048848887625984654,1.198350191116333
matched_hop0,pca_ridge,3,IGHG3,0.5820762754091683,0.5652840853095114,0.7168020009994507
matched_hop0,pca_ridge,3,CD74,0.7702051176247523,0.7785765857577814,0.3794364631175995
matched_hop0,pca_ridge,3,IGLC2,0.48021743871234573,0.49655685799558136,0.9322847127914429
matched_hop0,pca_ridge,3,HLA-B,0.5526562196076267,0.5708548514881804,0.3921416997909546
matched_hop0,pca_ridge,3,IGKC,0.5883207267057604,0.600587967942774,0.7567976117134094
matched_hop0,pca_ridge,3,MALAT1,0.6233779940536287,0.6386809745295403,0.5251127481460571
matched_hop0,pca_ridge,3,ALB,0.04796525392623185,0.04514328157718985,0.5551931262016296
matched_hop0,pca_ridge,3,IGHG4,0.5611964050376869,0.5333596270512433,0.5304493308067322
matched_hop0,pca_ridge,3,TFF3,0.31910218983758076,0.2910535087073734,0.4309851825237274
matched_hop0,pca_ridge,3,CXCL14,0.33621871963289784,0.2663294443466299,0.5876892805099487
matched_hop0,pca_ridge,3,IGHG1,0.5530109555695835,0.5352657903712712,0.6782841682434082
matched_hop0,pca_ridge,3,SLITRK6,0.00522519360912468,0.03455731830419159,0.3557863235473633
matched_hop0,pca_ridge,3,APOE,0.8420670800395216,0.8438406119862969,0.35001033544540405
matched_hop0,pca_ridge,3,MT-ND2,0.5577888642955529,0.5710042414791016,0.49768227338790894
matched_hop0,pca_ridge,3,CALML5,0.32231899817120213,0.34254391431237835,0.6486039757728577
matched_hop0,pca_ridge,3,HLA-DRA,0.7244055694007033,0.7138719255269207,0.4030379056930542
matched_hop0,pca_ridge,3,S100G,0.34572943722757865,0.3208254214433046,0.6174037456512451
matched_hop0,pca_ridge,3,LINC00645,0.2755186549496885,0.2607666898945959,0.7177406549453735
matched_hop0,pca_ridge,3,C3,0.7106586871819255,0.68054706055469,0.4634244740009308
matched_hop0,pca_ridge,3,IGLC3,0.3243459017373141,0.3093802348353473,0.7234280109405518
matched_hop0,pca_ridge,3,IGLC1,0.34151758009886307,0.294532456002234,0.6947515606880188
matched_hop0,pca_ridge,3,TIMP1,0.693985588656527,0.6839395110270733,0.5084935426712036
matched_hop0,pca_ridge,3,APOC1,0.6925861546955684,0.6752860163561846,0.45298436284065247
matched_hop0,pca_ridge,3,TFF1,0.32461026699638984,0.2862766017776199,0.6362694501876831
matched_hop0,pca_ridge,3,SCGB2A2,0.36326299406048745,0.3426985362299773,0.6476255655288696
matched_hop0,pca_ridge,3,SCGB1D2,0.3220831360540135,0.31983085104441694,0.6270768046379089
matched_hop0,pca_ridge,3,SERPINA3,0.03296623673834805,0.0011720709635433136,0.5936834216117859
matched_hop0,pca_ridge,3,LINC00052,0.33444008202539605,0.3210306569263754,0.4337880313396454
matched_hop0,pca_ridge,3,AGR2,0.42250323830810405,0.4145143519467985,0.43933817744255066
matched_hop0,pca_ridge,3,C6orf141,0.025265363159289664,0.07101684306438182,0.3299504518508911
matched_hop0,pca_ridge,3,LYZ,0.7245268694482583,0.7347526466272739,0.5073230266571045
matched_hop0,pca_ridge,3,CTSD,0.7172251766447635,0.7180312604259527,0.36624979972839355
matched_hop0,pca_ridge,3,HEBP1,0.5079015914531745,0.5051740893444875,0.5241230726242065
matched_hop0,pca_ridge,3,IGHM,0.36256131118017226,0.3447928956614823,0.6688027381896973
matched_hop0,pca_ridge,3,HLA-DRB1,0.6838645653688511,0.6876013101054199,0.40249869227409363
matched_hop0,pca_ridge,3,C1QA,0.7646360265980764,0.7540755264651416,0.416215717792511
matched_hop0,pca_ridge,3,IGHA1,0.2910502722113524,0.25174618174223884,0.7298458814620972
matched_hop0,pca_ridge,3,DEGS1,0.3432894395002805,0.31167361174400343,0.533730149269104
matched_hop0,pca_ridge,3,AC087379.2,0.16909937643046202,0.20290289293340708,0.41484811902046204
matched_hop0,pca_ridge,3,AEBP1,0.6600031119343941,0.63480685736996,0.4793492257595062
matched_hop0,pca_ridge,3,COL1A2,0.6828339063498116,0.6744766570079939,0.4645976424217224
matched_hop0,pca_ridge,3,GFRA1,0.2116555534146434,0.22862739512152097,0.514485776424408
matched_hop0,pca_ridge,3,COL1A1,0.6778434581374201,0.6617515467733449,0.4980315864086151
matched_hop0,pca_ridge,3,HLA-E,0.649142062669841,0.6834378686167758,0.3962070345878601
matched_hop0,pca_ridge,3,CFB,0.18266543163512428,0.16268058552425374,0.5753582715988159
matched_hop0,pca_ridge,3,CCL19,0.4473630827948969,0.3856672908805684,0.49298787117004395
matched_hop0,pca_ridge,3,SNCG,0.3712863887942421,0.3262931622238167,0.6070417761802673
matched_hop0,pca_ridge,3,IGHG2,0.2687510628861418,0.20950225566718045,0.516984760761261
matched_hop0,spatial_knn,3,CRISP3,0.30461111009894265,0.16473894715328802,0.46681497253925686
matched_hop0,spatial_knn,3,CPB1,0.5771389388748988,0.5946773133133327,0.9847426802943251
matched_hop0,spatial_knn,3,IGHG3,0.26388465261902405,0.12603188742332255,0.7641160758244068
matched_hop0,spatial_knn,3,CD74,0.36476530943263447,0.3714332139376196,0.5131910070378216
matched_hop0,spatial_knn,3,IGLC2,0.255035012102721,0.2510628477279366,0.9565214382730644
matched_hop0,spatial_knn,3,HLA-B,0.4668060971703254,0.46374543496565473,0.4181248821582198
matched_hop0,spatial_knn,3,IGKC,0.17715224841211252,0.07205067601496606,0.8649699403446279
matched_hop0,spatial_knn,3,MALAT1,0.37573734113808654,0.3262498253491638,0.7118254811022418
matched_hop0,spatial_knn,3,ALB,0.1317592976370547,0.05635935216539816,0.5660964914260235
matched_hop0,spatial_knn,3,IGHG4,0.21569162653491789,0.10301198920944622,0.5930274646783781
matched_hop0,spatial_knn,3,TFF3,0.2838548833713631,0.21415112132222625,0.42283369221931366
matched_hop0,spatial_knn,3,CXCL14,0.39116023269189715,0.26527577524771434,0.6049866186498917
matched_hop0,spatial_knn,3,IGHG1,0.22105882647643663,0.1820057304127229,0.758286087151977
matched_hop0,spatial_knn,3,SLITRK6,0.07498940282986342,0.03794877201635064,0.2963723325959209
matched_hop0,spatial_knn,3,APOE,0.30399734058421757,0.3651480604572485,0.6452503989288745
matched_hop0,spatial_knn,3,MT-ND2,0.25793600093933317,0.23605321558928868,0.758061813279758
matched_hop0,spatial_knn,3,CALML5,0.7403357993775223,0.7305581115658613,0.42953602500758914
matched_hop0,spatial_knn,3,HLA-DRA,0.34611782098211785,0.3320390238460865,0.5231135491482624
matched_hop0,spatial_knn,3,S100G,0.18641789292749414,0.14425678069246461,0.7451948983925305
matched_hop0,spatial_knn,3,LINC00645,0.566226836970081,0.5212199057171814,0.5712727597958492
matched_hop0,spatial_knn,3,C3,0.15135554042451405,0.0753560615408151,0.7044619665817108
matched_hop0,spatial_knn,3,IGLC3,0.1644304438970689,0.09633951478930003,0.7519984563244779
matched_hop0,spatial_knn,3,IGLC1,0.1797636791039926,0.19869593449046608,0.8703261526298245
matched_hop0,spatial_knn,3,TIMP1,0.12550383457458747,0.10278162784927787,0.8009707037535866
matched_hop0,spatial_knn,3,APOC1,0.3334214964919069,0.2705036627567206,0.5854680819322183
matched_hop0,spatial_knn,3,TFF1,0.4261523994068406,0.42427318624161886,0.6398677919447194
matched_hop0,spatial_knn,3,SCGB2A2,0.11913544949318039,0.09202414001286054,0.9183958468373374
matched_hop0,spatial_knn,3,SCGB1D2,-0.0035584500300819386,-0.032441523830805175,0.9893873325842792
matched_hop0,spatial_knn,3,SERPINA3,0.30420007043783764,0.3228108840457034,0.48611535090087815
matched_hop0,spatial_knn,3,LINC00052,0.5366837896453087,0.5232412484290653,0.4071562641625606
matched_hop0,spatial_knn,3,AGR2,0.31022396993012685,0.26495420668189285,0.49223805406605897
matched_hop0,spatial_knn,3,C6orf141,0.06201593152047303,0.031503201019476575,0.30272858141036674
matched_hop0,spatial_knn,3,LYZ,0.23481723944638264,0.2737516430099327,0.7075198753006209
matched_hop0,spatial_knn,3,CTSD,0.2938971400071341,0.3327928504616435,0.5012990096604165
matched_hop0,spatial_knn,3,HEBP1,0.3269968409692465,0.2818348108505514,0.7021654294589845
matched_hop0,spatial_knn,3,IGHM,0.2650775309284546,0.20558331166809524,0.6987749436209945
matched_hop0,spatial_knn,3,HLA-DRB1,0.21266723847695285,0.1913092358109312,0.5689959390955923
matched_hop0,spatial_knn,3,C1QA,0.28729759455152515,0.31959763068092395,0.6656024996190645
matched_hop0,spatial_knn,3,IGHA1,0.2200139663860076,0.06017228809261791,0.6869388225455068
matched_hop0,spatial_knn,3,DEGS1,0.38748585781671474,0.3357923489392258,0.5169244552454558
matched_hop0,spatial_knn,3,AC087379.2,0.08498651632580104,0.08705898950365723,0.4124242747150837
matched_hop0,spatial_knn,3,AEBP1,0.2915077446615084,0.2372688070570404,0.6019914886227201
matched_hop0,spatial_knn,3,COL1A2,0.22801754593929346,0.19501414407012121,0.6313247950817947
matched_hop0,spatial_knn,3,GFRA1,0.05969616880987482,0.04960883690217492,0.5340984319202399
matched_hop0,spatial_knn,3,COL1A1,0.14427237282999744,0.05310627515679581,0.6851917962463382
matched_hop0,spatial_knn,3,HLA-E,0.26973765606643085,0.28965546543060533,0.5118316839968553
matched_hop0,spatial_knn,3,CFB,0.5408226378247109,0.5968749858265657,0.4943714257300769
matched_hop0,spatial_knn,3,CCL19,0.15973231885293634,0.12735477991163718,0.5757722828400247
matched_hop0,spatial_knn,3,SNCG,0.5544271538193396,0.5518579891470907,0.5011568901270809
matched_hop0,spatial_knn,3,IGHG2,0.05757992153819147,0.0812416970366855,0.5439173816237598
matched_hop1,mean,3,CRISP3,0.0,,0.6546719074249268
matched_hop1,mean,3,CPB1,,,1.2929320335388184
matched_hop1,mean,3,IGHG3,,,0.7977928519248962
matched_hop1,mean,3,CD74,,,0.5789300203323364
matched_hop1,mean,3,IGLC2,,,0.9246160387992859
matched_hop1,mean,3,HLA-B,,,0.5173699855804443
matched_hop1,mean,3,IGKC,,,0.8383240699768066
matched_hop1,mean,3,MALAT1,0.0,,0.7077241539955139
matched_hop1,mean,3,ALB,,,0.43659794330596924
matched_hop1,mean,3,IGHG4,,,0.5962137579917908
matched_hop1,mean,3,TFF3,,,0.48401153087615967
matched_hop1,mean,3,CXCL14,,,0.7307226061820984
matched_hop1,mean,3,IGHG1,,,0.7321970462799072
matched_hop1,mean,3,SLITRK6,0.0,,0.37609949707984924
matched_hop1,mean,3,APOE,0.0,,0.6470247507095337
matched_hop1,mean,3,MT-ND2,0.0,,0.5929847955703735
matched_hop1,mean,3,CALML5,,,0.6973613500595093
matched_hop1,mean,3,HLA-DRA,,,0.6143076419830322
matched_hop1,mean,3,S100G,0.0,,0.5698551535606384
matched_hop1,mean,3,LINC00645,,,0.8051794171333313
matched_hop1,mean,3,C3,,,0.6570367813110352
matched_hop1,mean,3,IGLC3,,,0.6928877830505371
matched_hop1,mean,3,IGLC1,,,0.718975305557251
matched_hop1,mean,3,TIMP1,,,0.7003111243247986
matched_hop1,mean,3,APOC1,,,0.6678770780563354
matched_hop1,mean,3,TFF1,,,0.7003987431526184
matched_hop1,mean,3,SCGB2A2,,,0.7665771842002869
matched_hop1,mean,3,SCGB1D2,0.0,,0.7520244121551514
matched_hop1,mean,3,SERPINA3,,,0.519359827041626
matched_hop1,mean,3,LINC00052,0.0,,0.45964452624320984
matched_hop1,mean,3,AGR2,,,0.4909168779850006
matched_hop1,mean,3,C6orf141,0.0,,0.33029159903526306
matched_hop1,mean,3,LYZ,,,0.779449462890625
matched_hop1,mean,3,CTSD,,,0.5075235962867737
matched_hop1,mean,3,HEBP1,0.0,,0.6449683904647827
matched_hop1,mean,3,IGHM,0.0,,0.6971294283866882
matched_hop1,mean,3,HLA-DRB1,,,0.5973902344703674
matched_hop1,mean,3,C1QA,,,0.6502656936645508
matched_hop1,mean,3,IGHA1,,,0.7002073526382446
matched_hop1,mean,3,DEGS1,,,0.6001683473587036
matched_hop1,mean,3,AC087379.2,,,0.3229730725288391
matched_hop1,mean,3,AEBP1,,,0.6665515303611755
matched_hop1,mean,3,COL1A2,,,0.6907783150672913
matched_hop1,mean,3,GFRA1,0.0,,0.5231577157974243
matched_hop1,mean,3,COL1A1,,,0.7121535539627075
matched_hop1,mean,3,HLA-E,,,0.5251191258430481
matched_hop1,mean,3,CFB,,,0.6127002239227295
matched_hop1,mean,3,CCL19,,,0.5480058789253235
matched_hop1,mean,3,SNCG,,,0.7775010466575623
matched_hop1,mean,3,IGHG2,,,0.5113536715507507
matched_hop1,pca_ridge,3,CRISP3,0.0784158953837688,0.06348541434593032,0.5895305275917053
matched_hop1,pca_ridge,3,CPB1,0.05897508649931765,0.048848887625984654,1.198350191116333
matched_hop1,pca_ridge,3,IGHG3,0.5820762754091683,0.5652840853095114,0.7168020009994507
matched_hop1,pca_ridge,3,CD74,0.7702051176247523,0.7785765857577814,0.3794364631175995
matched_hop1,pca_ridge,3,IGLC2,0.48021743871234573,0.49655685799558136,0.9322847127914429
matched_hop1,pca_ridge,3,HLA-B,0.5526562196076267,0.5708548514881804,0.3921416997909546
matched_hop1,pca_ridge,3,IGKC,0.5883207267057604,0.600587967942774,0.7567976117134094
matched_hop1,pca_ridge,3,MALAT1,0.6233779940536287,0.6386809745295403,0.5251127481460571
matched_hop1,pca_ridge,3,ALB,0.04796525392623185,0.04514328157718985,0.5551931262016296
matched_hop1,pca_ridge,3,IGHG4,0.5611964050376869,0.5333596270512433,0.5304493308067322
matched_hop1,pca_ridge,3,TFF3,0.31910218983758076,0.2910535087073734,0.4309851825237274
matched_hop1,pca_ridge,3,CXCL14,0.33621871963289784,0.2663294443466299,0.5876892805099487
matched_hop1,pca_ridge,3,IGHG1,0.5530109555695835,0.5352657903712712,0.6782841682434082
matched_hop1,pca_ridge,3,SLITRK6,0.00522519360912468,0.03455731830419159,0.3557863235473633
matched_hop1,pca_ridge,3,APOE,0.8420670800395216,0.8438406119862969,0.35001033544540405
matched_hop1,pca_ridge,3,MT-ND2,0.5577888642955529,0.5710042414791016,0.49768227338790894
matched_hop1,pca_ridge,3,CALML5,0.32231899817120213,0.34254391431237835,0.6486039757728577
matched_hop1,pca_ridge,3,HLA-DRA,0.7244055694007033,0.7138719255269207,0.4030379056930542
matched_hop1,pca_ridge,3,S100G,0.34572943722757865,0.3208254214433046,0.6174037456512451
matched_hop1,pca_ridge,3,LINC00645,0.2755186549496885,0.2607666898945959,0.7177406549453735
matched_hop1,pca_ridge,3,C3,0.7106586871819255,0.68054706055469,0.4634244740009308
matched_hop1,pca_ridge,3,IGLC3,0.3243459017373141,0.3093802348353473,0.7234280109405518
matched_hop1,pca_ridge,3,IGLC1,0.34151758009886307,0.294532456002234,0.6947515606880188
matched_hop1,pca_ridge,3,TIMP1,0.693985588656527,0.6839395110270733,0.5084935426712036
matched_hop1,pca_ridge,3,APOC1,0.6925861546955684,0.6752860163561846,0.45298436284065247
matched_hop1,pca_ridge,3,TFF1,0.32461026699638984,0.2862766017776199,0.6362694501876831
matched_hop1,pca_ridge,3,SCGB2A2,0.36326299406048745,0.3426985362299773,0.6476255655288696
matched_hop1,pca_ridge,3,SCGB1D2,0.3220831360540135,0.31983085104441694,0.6270768046379089
matched_hop1,pca_ridge,3,SERPINA3,0.03296623673834805,0.0011720709635433136,0.5936834216117859
matched_hop1,pca_ridge,3,LINC00052,0.33444008202539605,0.3210306569263754,0.4337880313396454
matched_hop1,pca_ridge,3,AGR2,0.42250323830810405,0.4145143519467985,0.43933817744255066
matched_hop1,pca_ridge,3,C6orf141,0.025265363159289664,0.07101684306438182,0.3299504518508911
matched_hop1,pca_ridge,3,LYZ,0.7245268694482583,0.7347526466272739,0.5073230266571045
matched_hop1,pca_ridge,3,CTSD,0.7172251766447635,0.7180312604259527,0.36624979972839355
matched_hop1,pca_ridge,3,HEBP1,0.5079015914531745,0.5051740893444875,0.5241230726242065
matched_hop1,pca_ridge,3,IGHM,0.36256131118017226,0.3447928956614823,0.6688027381896973
matched_hop1,pca_ridge,3,HLA-DRB1,0.6838645653688511,0.6876013101054199,0.40249869227409363
matched_hop1,pca_ridge,3,C1QA,0.7646360265980764,0.7540755264651416,0.416215717792511
matched_hop1,pca_ridge,3,IGHA1,0.2910502722113524,0.25174618174223884,0.7298458814620972
matched_hop1,pca_ridge,3,DEGS1,0.3432894395002805,0.31167361174400343,0.533730149269104
matched_hop1,pca_ridge,3,AC087379.2,0.16909937643046202,0.20290289293340708,0.41484811902046204
matched_hop1,pca_ridge,3,AEBP1,0.6600031119343941,0.63480685736996,0.4793492257595062
matched_hop1,pca_ridge,3,COL1A2,0.6828339063498116,0.6744766570079939,0.4645976424217224
matched_hop1,pca_ridge,3,GFRA1,0.2116555534146434,0.22862739512152097,0.514485776424408
matched_hop1,pca_ridge,3,COL1A1,0.6778434581374201,0.6617515467733449,0.4980315864086151
matched_hop1,pca_ridge,3,HLA-E,0.649142062669841,0.6834378686167758,0.3962070345878601
matched_hop1,pca_ridge,3,CFB,0.18266543163512428,0.16268058552425374,0.5753582715988159
matched_hop1,pca_ridge,3,CCL19,0.4473630827948969,0.3856672908805684,0.49298787117004395
matched_hop1,pca_ridge,3,SNCG,0.3712863887942421,0.3262931622238167,0.6070417761802673
matched_hop1,pca_ridge,3,IGHG2,0.2687510628861418,0.20950225566718045,0.516984760761261
matched_hop1,spatial_knn,3,CRISP3,0.30461111009894265,0.16473894715328802,0.46681497253925686
matched_hop1,spatial_knn,3,CPB1,0.5771389388748988,0.5946773133133327,0.9847426802943251
matched_hop1,spatial_knn,3,IGHG3,0.26388465261902405,0.12603188742332255,0.7641160758244068
matched_hop1,spatial_knn,3,CD74,0.36476530943263447,0.3714332139376196,0.5131910070378216
matched_hop1,spatial_knn,3,IGLC2,0.255035012102721,0.2510628477279366,0.9565214382730644
matched_hop1,spatial_knn,3,HLA-B,0.4668060971703254,0.46374543496565473,0.4181248821582198
matched_hop1,spatial_knn,3,IGKC,0.17715224841211252,0.07205067601496606,0.8649699403446279
matched_hop1,spatial_knn,3,MALAT1,0.37573734113808654,0.3262498253491638,0.7118254811022418
matched_hop1,spatial_knn,3,ALB,0.1317592976370547,0.05635935216539816,0.5660964914260235
matched_hop1,spatial_knn,3,IGHG4,0.21569162653491789,0.10301198920944622,0.5930274646783781
matched_hop1,spatial_knn,3,TFF3,0.2838548833713631,0.21415112132222625,0.42283369221931366
matched_hop1,spatial_knn,3,CXCL14,0.39116023269189715,0.26527577524771434,0.6049866186498917
matched_hop1,spatial_knn,3,IGHG1,0.22105882647643663,0.1820057304127229,0.758286087151977
matched_hop1,spatial_knn,3,SLITRK6,0.07498940282986342,0.03794877201635064,0.2963723325959209
matched_hop1,spatial_knn,3,APOE,0.30399734058421757,0.3651480604572485,0.6452503989288745
matched_hop1,spatial_knn,3,MT-ND2,0.25793600093933317,0.23605321558928868,0.758061813279758
matched_hop1,spatial_knn,3,CALML5,0.7403357993775223,0.7305581115658613,0.42953602500758914
matched_hop1,spatial_knn,3,HLA-DRA,0.34611782098211785,0.3320390238460865,0.5231135491482624
matched_hop1,spatial_knn,3,S100G,0.18641789292749414,0.14425678069246461,0.7451948983925305
matched_hop1,spatial_knn,3,LINC00645,0.566226836970081,0.5212199057171814,0.5712727597958492
matched_hop1,spatial_knn,3,C3,0.15135554042451405,0.0753560615408151,0.7044619665817108
matched_hop1,spatial_knn,3,IGLC3,0.1644304438970689,0.09633951478930003,0.7519984563244779
matched_hop1,spatial_knn,3,IGLC1,0.1797636791039926,0.19869593449046608,0.8703261526298245
matched_hop1,spatial_knn,3,TIMP1,0.12550383457458747,0.10278162784927787,0.8009707037535866
matched_hop1,spatial_knn,3,APOC1,0.3334214964919069,0.2705036627567206,0.5854680819322183
matched_hop1,spatial_knn,3,TFF1,0.4261523994068406,0.42427318624161886,0.6398677919447194
matched_hop1,spatial_knn,3,SCGB2A2,0.11913544949318039,0.09202414001286054,0.9183958468373374
matched_hop1,spatial_knn,3,SCGB1D2,-0.0035584500300819386,-0.032441523830805175,0.9893873325842792
matched_hop1,spatial_knn,3,SERPINA3,0.30420007043783764,0.3228108840457034,0.48611535090087815
matched_hop1,spatial_knn,3,LINC00052,0.5366837896453087,0.5232412484290653,0.4071562641625606
matched_hop1,spatial_knn,3,AGR2,0.31022396993012685,0.26495420668189285,0.49223805406605897
matched_hop1,spatial_knn,3,C6orf141,0.06201593152047303,0.031503201019476575,0.30272858141036674
matched_hop1,spatial_knn,3,LYZ,0.23481723944638264,0.2737516430099327,0.7075198753006209
matched_hop1,spatial_knn,3,CTSD,0.2938971400071341,0.3327928504616435,0.5012990096604165
matched_hop1,spatial_knn,3,HEBP1,0.3269968409692465,0.2818348108505514,0.7021654294589845
matched_hop1,spatial_knn,3,IGHM,0.2650775309284546,0.20558331166809524,0.6987749436209945
matched_hop1,spatial_knn,3,HLA-DRB1,0.21266723847695285,0.1913092358109312,0.5689959390955923
matched_hop1,spatial_knn,3,C1QA,0.28729759455152515,0.31959763068092395,0.6656024996190645
matched_hop1,spatial_knn,3,IGHA1,0.2200139663860076,0.06017228809261791,0.6869388225455068
matched_hop1,spatial_knn,3,DEGS1,0.38748585781671474,0.3357923489392258,0.5169244552454558
matched_hop1,spatial_knn,3,AC087379.2,0.08498651632580104,0.08705898950365723,0.4124242747150837
matched_hop1,spatial_knn,3,AEBP1,0.2915077446615084,0.2372688070570404,0.6019914886227201
matched_hop1,spatial_knn,3,COL1A2,0.22801754593929346,0.19501414407012121,0.6313247950817947
matched_hop1,spatial_knn,3,GFRA1,0.05969616880987482,0.04960883690217492,0.5340984319202399
matched_hop1,spatial_knn,3,COL1A1,0.14427237282999744,0.05310627515679581,0.6851917962463382
matched_hop1,spatial_knn,3,HLA-E,0.26973765606643085,0.28965546543060533,0.5118316839968553
matched_hop1,spatial_knn,3,CFB,0.5408226378247109,0.5968749858265657,0.4943714257300769
matched_hop1,spatial_knn,3,CCL19,0.15973231885293634,0.12735477991163718,0.5757722828400247
matched_hop1,spatial_knn,3,SNCG,0.5544271538193396,0.5518579891470907,0.5011568901270809
matched_hop1,spatial_knn,3,IGHG2,0.05757992153819147,0.0812416970366855,0.5439173816237598
matched_hop2,mean,3,CRISP3,0.0,,0.6465955376625061
matched_hop2,mean,3,CPB1,,,1.3349496126174927
matched_hop2,mean,3,IGHG3,,,0.7609813809394836
matched_hop2,mean,3,CD74,0.0,,0.5852691531181335
matched_hop2,mean,3,IGLC2,,,0.9003964066505432
matched_hop2,mean,3,HLA-B,,,0.538103461265564
matched_hop2,mean,3,IGKC,0.0,,0.8194959163665771
matched_hop2,mean,3,MALAT1,,,0.7035546898841858
matched_hop2,mean,3,ALB,,,0.4262688457965851
matched_hop2,mean,3,IGHG4,,,0.5720939040184021
matched_hop2,mean,3,TFF3,,,0.4911934733390808
matched_hop2,mean,3,CXCL14,,,0.725400984287262
matched_hop2,mean,3,IGHG1,0.0,,0.6992007493972778
matched_hop2,mean,3,SLITRK6,,,0.3672317862510681
matched_hop2,mean,3,APOE,0.0,,0.6482253074645996
matched_hop2,mean,3,MT-ND2,0.0,,0.592713475227356
matched_hop2,mean,3,CALML5,0.0,,0.7277976870536804
matched_hop2,mean,3,HLA-DRA,,,0.6234564781188965
matched_hop2,mean,3,S100G,0.0,,0.5516052842140198
matched_hop2,mean,3,LINC00645,,,0.7462355494499207
matched_hop2,mean,3,C3,,,0.6312406659126282
matched_hop2,mean,3,IGLC3,,,0.6558632254600525
matched_hop2,mean,3,IGLC1,,,0.6981197595596313
matched_hop2,mean,3,TIMP1,,,0.6865372657775879
matched_hop2,mean,3,APOC1,,,0.686023473739624
matched_hop2,mean,3,TFF1,,,0.7216686010360718
matched_hop2,mean,3,SCGB2A2,,,0.7597665190696716
matched_hop2,mean,3,SCGB1D2,0.0,,0.7462566494941711
matched_hop2,mean,3,SERPINA3,,,0.5052382349967957
matched_hop2,mean,3,LINC00052,0.0,,0.46534228324890137
matched_hop2,mean,3,AGR2,,,0.4823615849018097
matched_hop2,mean,3,C6orf141,,,0.32396742701530457
matched_hop2,mean,3,LYZ,,,0.7992752194404602
matched_hop2,mean,3,CTSD,,,0.4932596981525421
matched_hop2,mean,3,HEBP1,0.0,,0.6386297941207886
matched_hop2,mean,3,IGHM,0.0,,0.6967505812644958
matched_hop2,mean,3,HLA-DRB1,,,0.599921464920044
matched_hop2,mean,3,C1QA,,,0.6381217241287231
matched_hop2,mean,3,IGHA1,,,0.6674003601074219
matched_hop2,mean,3,DEGS1,,,0.599920928478241
matched_hop2,mean,3,AC087379.2,,,0.31754833459854126
matched_hop2,mean,3,AEBP1,,,0.6517419815063477
matched_hop2,mean,3,COL1A2,,,0.6918627023696899
matched_hop2,mean,3,GFRA1,,,0.5114052891731262
matched_hop2,mean,3,COL1A1,,,0.7004141211509705
matched_hop2,mean,3,HLA-E,,,0.5248910188674927
matched_hop2,mean,3,CFB,,,0.6195788383483887
matched_hop2,mean,3,CCL19,0.0,,0.562069833278656
matched_hop2,mean,3,SNCG,0.0,,0.7969920635223389
matched_hop2,mean,3,IGHG2,0.0,,0.49852561950683594
matched_hop2,pca_ridge,3,CRISP3,0.03720450964507155,0.03988209036293339,0.5739937424659729
matched_hop2,pca_ridge,3,CPB1,0.020197258080419084,0.015692229961100798,1.2441909313201904
matched_hop2,pca_ridge,3,IGHG3,0.5674550113838657,0.5430773219004144,0.7163594961166382
matched_hop2,pca_ridge,3,CD74,0.7701811763461895,0.7791890721628701,0.38194963335990906
matched_hop2,pca_ridge,3,IGLC2,0.4702269746668285,0.4936289403521444,0.9426838755607605
matched_hop2,pca_ridge,3,HLA-B,0.5545296650101711,0.5690219433650906,0.3995208144187927
matched_hop2,pca_ridge,3,IGKC,0.5864592722173548,0.5862945516971582,0.7580480575561523
matched_hop2,pca_ridge,3,MALAT1,0.6274875466547459,0.6154576614430386,0.503112256526947
matched_hop2,pca_ridge,3,ALB,0.029574615155840398,0.032375233935887676,0.5516580939292908
matched_hop2,pca_ridge,3,IGHG4,0.5308172221919495,0.49121021010983235,0.5288722515106201
matched_hop2,pca_ridge,3,TFF3,0.307749539624152,0.2828967246090571,0.42702463269233704
matched_hop2,pca_ridge,3,CXCL14,0.276395103744693,0.2231712949316839,0.571324348449707
matched_hop2,pca_ridge,3,IGHG1,0.5412072467303815,0.5117244717932933,0.6727906465530396
matched_hop2,pca_ridge,3,SLITRK6,0.009601065069060078,0.03768778715322775,0.33809804916381836
matched_hop2,pca_ridge,3,APOE,0.8515379835993967,0.8525370710181442,0.3413863778114319
matched_hop2,pca_ridge,3,MT-ND2,0.5572052234470544,0.567280457144523,0.4995303452014923
matched_hop2,pca_ridge,3,CALML5,0.3426645727281617,0.35846339256617,0.6749498844146729
matched_hop2,pca_ridge,3,HLA-DRA,0.7182464024873005,0.7083489133960854,0.4073904752731323
matched_hop2,pca_ridge,3,S100G,0.3090492584903757,0.28674195915705547,0.6239318251609802
matched_hop2,pca_ridge,3,LINC00645,0.2392888901449375,0.21957586936108706,0.6637845635414124
matched_hop2,pca_ridge,3,C3,0.6997784535984576,0.67109545416702,0.45348677039146423
matched_hop2,pca_ridge,3,IGLC3,0.30097237323030973,0.3004125899973124,0.713615357875824
matched_hop2,pca_ridge,3,IGLC1,0.2880304119510246,0.24112275697176036,0.6920854449272156
matched_hop2,pca_ridge,3,TIMP1,0.6844892705329296,0.6802576605676981,0.5071026086807251
matched_hop2,pca_ridge,3,APOC1,0.7116459221419089,0.7029093422818407,0.45035508275032043
matched_hop2,pca_ridge,3,TFF1,0.32051765018132894,0.29137223246993466,0.6439496278762817
matched_hop2,pca_ridge,3,SCGB2A2,0.32770025362468075,0.30810158550927375,0.6435239315032959
matched_hop2,pca_ridge,3,SCGB1D2,0.2812592466025316,0.28087293792395496,0.6268019080162048
matched_hop2,pca_ridge,3,SERPINA3,0.0166841771722044,-0.009029299390125691,0.5846683382987976
matched_hop2,pca_ridge,3,LINC00052,0.3318496159503766,0.30301340956020956,0.4386916160583496
matched_hop2,pca_ridge,3,AGR2,0.4049002902403092,0.3852788219781144,0.43253931403160095
matched_hop2,pca_ridge,3,C6orf141,0.03128745503584782,0.06823862210058845,0.32246536016464233
matched_hop2,pca_ridge,3,LYZ,0.732462153315424,0.7449613816996776,0.5085175633430481
matched_hop2,pca_ridge,3,CTSD,0.7386492025472927,0.7265624962251739,0.3481726050376892
matched_hop2,pca_ridge,3,HEBP1,0.49073701635142586,0.48816886797291936,0.5170741677284241
matched_hop2,pca_ridge,3,IGHM,0.32940403159682174,0.3138242929049035,0.6821357607841492
matched_hop2,pca_ridge,3,HLA-DRB1,0.6918327243352335,0.6966095543075826,0.3910695016384125
matched_hop2,pca_ridge,3,C1QA,0.7761211387141477,0.7668045116518158,0.3983364999294281
matched_hop2,pca_ridge,3,IGHA1,0.2543157928400137,0.21859950451812005,0.7215394377708435
matched_hop2,pca_ridge,3,DEGS1,0.32585901443682963,0.28388525522665586,0.5282249450683594
matched_hop2,pca_ridge,3,AC087379.2,0.16205840342996713,0.19399740456936818,0.41734838485717773
matched_hop2,pca_ridge,3,AEBP1,0.655224630597404,0.6277337947551354,0.4667876064777374
matched_hop2,pca_ridge,3,COL1A2,0.6900220422194014,0.6747877349738876,0.45322927832603455
matched_hop2,pca_ridge,3,GFRA1,0.24069177934772595,0.25287885240402735,0.49736183881759644
matched_hop2,pca_ridge,3,COL1A1,0.6860005280251422,0.6660361595087739,0.48097217082977295
matched_hop2,pca_ridge,3,HLA-E,0.6565483853308722,0.6905417327476611,0.39140811562538147
matched_hop2,pca_ridge,3,CFB,0.14648958423156502,0.1320874322958134,0.5846623182296753
matched_hop2,pca_ridge,3,CCL19,0.4721410242935987,0.41889125139557637,0.4997399151325226
matched_hop2,pca_ridge,3,SNCG,0.30419961597296896,0.2686808859505616,0.6144565343856812
matched_hop2,pca_ridge,3,IGHG2,0.25907244050652095,0.2012453346925226,0.510158896446228
matched_hop2,spatial_knn,3,CRISP3,0.17991867776568177,0.10978755325414319,0.4558726338550157
matched_hop2,spatial_knn,3,CPB1,0.5992730296606692,0.6062082296639894,1.0228132818029452
matched_hop2,spatial_knn,3,IGHG3,0.0298174829102316,-0.028038357581416783,0.7702192576516711
matched_hop2,spatial_knn,3,CD74,0.33684656797398216,0.3489757464493558,0.5325989648823543
matched_hop2,spatial_knn,3,IGLC2,0.08652244790526296,0.14310256712338815,0.978871981758336
matched_hop2,spatial_knn,3,HLA-B,0.42773502645719685,0.42605564068729895,0.43591273548453136
matched_hop2,spatial_knn,3,IGKC,-0.03686373738346741,-0.049285940095789585,0.8838532909846923
matched_hop2,spatial_knn,3,MALAT1,0.2693647451228239,0.21754812503778934,0.7308769581736441
matched_hop2,spatial_knn,3,ALB,0.09810244587159773,0.046920818528686375,0.5811844738173784
matched_hop2,spatial_knn,3,IGHG4,0.04159405378689602,0.011141758921002777,0.5928687493055567
matched_hop2,spatial_knn,3,TFF3,0.20343721263313838,0.15451791385218644,0.42954233553371113
matched_hop2,spatial_knn,3,CXCL14,0.2867525450071166,0.17413046388077516,0.6204179694120214
matched_hop2,spatial_knn,3,IGHG1,0.03295605148261741,0.08748190777361983,0.7653023900098065
matched_hop2,spatial_knn,3,SLITRK6,-0.027119527226178112,-0.013767958879381169,0.28152396358987414
matched_hop2,spatial_knn,3,APOE,0.29157073193683103,0.35683735294852376,0.6589902406404805
matched_hop2,spatial_knn,3,MT-ND2,0.2718168074600109,0.23999645915076906,0.7930149003584649
matched_hop2,spatial_knn,3,CALML5,0.7492926153127814,0.7425689119769989,0.43440970012912233
matched_hop2,spatial_knn,3,HLA-DRA,0.32608682076533674,0.3119845523363671,0.5371592484526595
matched_hop2,spatial_knn,3,S100G,0.14850055617765803,0.10480679322486486,0.7672484151437877
matched_hop2,spatial_knn,3,LINC00645,0.5059986126083389,0.45176638106351874,0.5764261294124049
matched_hop2,spatial_knn,3,C3,0.01763542117331393,-0.013734893956503642,0.7126421460667515
matched_hop2,spatial_knn,3,IGLC3,-0.038455833623304625,-0.00452123533554788,0.7543367100525836
matched_hop2,spatial_knn,3,IGLC1,0.08104661145441323,0.13455203764910176,0.8863095823583608
matched_hop2,spatial_knn,3,TIMP1,-0.0015854373101856407,0.02635956045646107,0.8227621229555002
matched_hop2,spatial_knn,3,APOC1,0.34598595486674405,0.28666073027839684,0.5972740656473393
matched_hop2,spatial_knn,3,TFF1,0.4233810792803094,0.42075990978546945,0.6532761552431839
matched_hop2,spatial_knn,3,SCGB2A2,0.016632301785818666,-0.014557996714633566,0.9601076525280084
matched_hop2,spatial_knn,3,SCGB1D2,-0.10334242081261527,-0.14057316428696356,1.040245981291214
matched_hop2,spatial_knn,3,SERPINA3,0.2868060991455309,0.30741784550327733,0.4766300976684886
matched_hop2,spatial_knn,3,LINC00052,0.5078502768799262,0.5101195825009425,0.42913565784665697
matched_hop2,spatial_knn,3,AGR2,0.26650609351160587,0.21362863994585077,0.4933841115525205
matched_hop2,spatial_knn,3,C6orf141,0.05153966848271551,0.028679608324073874,0.2990224964829128
matched_hop2,spatial_knn,3,LYZ,0.26063812077520987,0.27971168137102426,0.7194153382820317
matched_hop2,spatial_knn,3,CTSD,0.24570961961117707,0.2993288988696783,0.5004538765339798
matched_hop2,spatial_knn,3,HEBP1,0.2510447824425079,0.20219104420839276,0.7322698705165199
matched_hop2,spatial_knn,3,IGHM,0.20368464070372597,0.13645971410111402,0.7125709678424035
matched_hop2,spatial_knn,3,HLA-DRB1,0.19660430923397218,0.16514502834990685,0.5744633282917964
matched_hop2,spatial_knn,3,C1QA,0.263553643622115,0.3044804059170178,0.6709823050440723
matched_hop2,spatial_knn,3,IGHA1,0.020444832356022236,-0.005317967109104173,0.684399957272073
matched_hop2,spatial_knn,3,DEGS1,0.3657903694736972,0.29372956757828045,0.5103274627158277
matched_hop2,spatial_knn,3,AC087379.2,0.06729741348341817,0.06531732316245376,0.4177292212113735
matched_hop2,spatial_knn,3,AEBP1,0.1810543615070718,0.192838941985204,0.5970076272270387
matched_hop2,spatial_knn,3,COL1A2,0.11340109126542629,0.13013538570471492,0.6419317654014901
matched_hop2,spatial_knn,3,GFRA1,0.027687504657295445,0.017940267227443324,0.5274366547522392
matched_hop2,spatial_knn,3,COL1A1,0.019496401374544996,-0.013418196774560177,0.6878816251888862
matched_hop2,spatial_knn,3,HLA-E,0.24298702784343482,0.26437996014077186,0.5198290462366781
matched_hop2,spatial_knn,3,CFB,0.5478667950198453,0.6080274998041816,0.4996532168131432
matched_hop2,spatial_knn,3,CCL19,0.14850043151538075,0.12014821101125879,0.5983130734278739
matched_hop2,spatial_knn,3,SNCG,0.5305839405343786,0.5249853792567419,0.49747701801223354
matched_hop2,spatial_knn,3,IGHG2,-0.0029289825944528096,0.043518240953173054,0.5416143917414105
matched_hop5,mean,3,CRISP3,0.0,,0.6436485648155212
matched_hop5,mean,3,CPB1,0.0,,1.0022695064544678
matched_hop5,mean,3,IGHG3,,,0.7430500388145447
matched_hop5,mean,3,CD74,0.0,,0.6296112537384033
matched_hop5,mean,3,IGLC2,,,0.8982773423194885
matched_hop5,mean,3,HLA-B,,,0.5490849018096924
matched_hop5,mean,3,IGKC,,,0.8286420106887817
matched_hop5,mean,3,MALAT1,0.0,,0.7083367109298706
matched_hop5,mean,3,ALB,,,0.4308582544326782
matched_hop5,mean,3,IGHG4,,,0.5577162504196167
matched_hop5,mean,3,TFF3,0.0,,0.5412453413009644
matched_hop5,mean,3,CXCL14,,,0.7258976101875305
matched_hop5,mean,3,IGHG1,,,0.7075585126876831
matched_hop5,mean,3,SLITRK6,0.0,,0.3633182644844055
matched_hop5,mean,3,APOE,0.0,,0.7337871789932251
matched_hop5,mean,3,MT-ND2,,,0.5772098302841187
matched_hop5,mean,3,CALML5,0.0,,0.8922570943832397
matched_hop5,mean,3,HLA-DRA,,,0.7053387761116028
matched_hop5,mean,3,S100G,0.0,,0.5497434139251709
matched_hop5,mean,3,LINC00645,,,0.507897138595581
matched_hop5,mean,3,C3,,,0.6579912900924683
matched_hop5,mean,3,IGLC3,0.0,,0.6565958857536316
matched_hop5,mean,3,IGLC1,,,0.6494255661964417
matched_hop5,mean,3,TIMP1,,,0.7083489894866943
matched_hop5,mean,3,APOC1,,,0.7864945530891418
matched_hop5,mean,3,TFF1,,,0.868423581123352
matched_hop5,mean,3,SCGB2A2,,,0.6870653033256531
matched_hop5,mean,3,SCGB1D2,,,0.6784193515777588
matched_hop5,mean,3,SERPINA3,0.0,,0.4832286536693573
matched_hop5,mean,3,LINC00052,,,0.4232390522956848
matched_hop5,mean,3,AGR2,,,0.48479777574539185
matched_hop5,mean,3,C6orf141,,,0.30575230717658997
matched_hop5,mean,3,LYZ,,,0.8772161602973938
matched_hop5,mean,3,CTSD,,,0.5381835103034973
matched_hop5,mean,3,HEBP1,0.0,,0.5772854685783386
matched_hop5,mean,3,IGHM,0.0,,0.6097703576087952
matched_hop5,mean,3,HLA-DRB1,,,0.688201367855072
matched_hop5,mean,3,C1QA,,,0.6783022284507751
matched_hop5,mean,3,IGHA1,,,0.6247520446777344
matched_hop5,mean,3,DEGS1,0.0,,0.6283559799194336
matched_hop5,mean,3,AC087379.2,,,0.3028890788555145
matched_hop5,mean,3,AEBP1,,,0.641086757183075
matched_hop5,mean,3,COL1A2,,,0.6730328798294067
matched_hop5,mean,3,GFRA1,,,0.512898862361908
matched_hop5,mean,3,COL1A1,,,0.6864466071128845
matched_hop5,mean,3,HLA-E,,,0.5357345342636108
matched_hop5,mean,3,CFB,,,0.5190151929855347
matched_hop5,mean,3,CCL19,,,0.6537371873855591
matched_hop5,mean,3,SNCG,,,0.8900011777877808
matched_hop5,mean,3,IGHG2,0.0,,0.5264611840248108
matched_hop5,pca_ridge,3,CRISP3,0.0522331893981299,0.08160747025858815,0.5390760898590088
matched_hop5,pca_ridge,3,CPB1,0.025226674572462596,0.0695668170930479,0.9739115238189697
matched_hop5,pca_ridge,3,IGHG3,0.6016123521004606,0.5743969634476118,0.730139970779419
matched_hop5,pca_ridge,3,CD74,0.774707900438805,0.7836709840196505,0.38491252064704895
matched_hop5,pca_ridge,3,IGLC2,0.49876302937422984,0.5293067997727297,1.028714656829834
matched_hop5,pca_ridge,3,HLA-B,0.47341190042791187,0.49186533187000386,0.39289945363998413
matched_hop5,pca_ridge,3,IGKC,0.576811543683435,0.5699281297366691,0.8323801755905151
matched_hop5,pca_ridge,3,MALAT1,0.5873395440256702,0.5852656824457656,0.5200485587120056
matched_hop5,pca_ridge,3,ALB,0.022287035220065702,0.023230056673901166,0.5604836940765381
matched_hop5,pca_ridge,3,IGHG4,0.4890226348552957,0.43661824907111885,0.5631841421127319
matched_hop5,pca_ridge,3,TFF3,0.33588779043370537,0.34747993320601595,0.45730534195899963
matched_hop5,pca_ridge,3,CXCL14,0.10983402140932189,0.12339361298718225,0.5469689965248108
matched_hop5,pca_ridge,3,IGHG1,0.5307866275718318,0.5028464500999368,0.7161335349082947
matched_hop5,pca_ridge,3,SLITRK6,0.02937778572334624,0.05330573323895661,0.3191636800765991
matched_hop5,pca_ridge,3,APOE,0.8735414635531624,0.8937508142701438,0.3576088547706604
matched_hop5,pca_ridge,3,MT-ND2,0.47976929930781537,0.4690225468326734,0.5103839039802551
matched_hop5,pca_ridge,3,CALML5,0.26961031709662836,0.23695767857696642,0.8148338794708252
matched_hop5,pca_ridge,3,HLA-DRA,0.6654347820594515,0.658592919926987,0.4520726203918457
matched_hop5,pca_ridge,3,S100G,0.2896958383545204,0.26026936951866564,0.622463047504425
matched_hop5,pca_ridge,3,LINC00645,0.1681038116905034,0.14386063370067573,0.448434054851532
matched_hop5,pca_ridge,3,C3,0.7437774379717124,0.7330153376377843,0.4407642185688019
matched_hop5,pca_ridge,3,IGLC3,0.2820378260461682,0.291575812275395,0.7765269875526428
matched_hop5,pca_ridge,3,IGLC1,0.2523859523119788,0.24066049861672123,0.6858807802200317
matched_hop5,pca_ridge,3,TIMP1,0.6938249326166215,0.7294241926281503,0.5326651334762573
matched_hop5,pca_ridge,3,APOC1,0.7487804213332963,0.7617281116241233,0.47520381212234497
matched_hop5,pca_ridge,3,TFF1,0.40721788258519637,0.37022957592472444,0.7435229420661926
matched_hop5,pca_ridge,3,SCGB2A2,0.2672050270478772,0.22678802951478205,0.6571832895278931
matched_hop5,pca_ridge,3,SCGB1D2,0.2713238449138439,0.24992178766658424,0.642501711845398
matched_hop5,pca_ridge,3,SERPINA3,0.07896263083420305,0.056532147586260434,0.5604592561721802
matched_hop5,pca_ridge,3,LINC00052,0.201020310126854,0.17219711041509242,0.3969828486442566
matched_hop5,pca_ridge,3,AGR2,0.2568596444788031,0.2300961987278309,0.44202688336372375
matched_hop5,pca_ridge,3,C6orf141,0.07562809384232225,0.11125506783208235,0.29863250255584717
matched_hop5,pca_ridge,3,LYZ,0.7179003714098735,0.7366493824579897,0.516939103603363
matched_hop5,pca_ridge,3,CTSD,0.7925108412755605,0.8002886885563666,0.3548505902290344
matched_hop5,pca_ridge,3,HEBP1,0.4301041020450249,0.4207388170650307,0.5065000057220459
matched_hop5,pca_ridge,3,IGHM,0.26479634866998175,0.25511332806266884,0.6789208650588989
matched_hop5,pca_ridge,3,HLA-DRB1,0.6640052828765576,0.6755233440875581,0.4227774441242218
matched_hop5,pca_ridge,3,C1QA,0.818153626205882,0.8171899226605248,0.37361231446266174
matched_hop5,pca_ridge,3,IGHA1,0.2685411356980531,0.23576810609270477,0.7440122961997986
matched_hop5,pca_ridge,3,DEGS1,0.06203000236874373,0.04622370764565253,0.5333876609802246
matched_hop5,pca_ridge,3,AC087379.2,0.1416433112756233,0.15089948058793395,0.4164479076862335
matched_hop5,pca_ridge,3,AEBP1,0.7033633193127471,0.6796917387135347,0.44128525257110596
matched_hop5,pca_ridge,3,COL1A2,0.7083889982431796,0.6701221246333798,0.43820157647132874
matched_hop5,pca_ridge,3,GFRA1,0.2463364432966096,0.2565646833234936,0.47423478960990906
matched_hop5,pca_ridge,3,COL1A1,0.6802838269938427,0.6628981251022618,0.4848935604095459
matched_hop5,pca_ridge,3,HLA-E,0.6499173332586159,0.6738727060197346,0.3821103274822235
matched_hop5,pca_ridge,3,CFB,0.09547536884775398,0.04930888422963063,0.5272674560546875
matched_hop5,pca_ridge,3,CCL19,0.4324587231192195,0.43113377888281385,0.5823476314544678
matched_hop5,pca_ridge,3,SNCG,0.17038366099700708,0.16402279561790814,0.6786350011825562
matched_hop5,pca_ridge,3,IGHG2,0.24705729832326134,0.17670805932809683,0.5407764315605164
matched_hop5,spatial_knn,3,CRISP3,0.04316206379773449,0.048236863690410525,0.3956175928004517
matched_hop5,spatial_knn,3,CPB1,0.4540862484247062,0.4167275003335115,0.8640045328283872
matched_hop5,spatial_knn,3,IGHG3,-0.22281549749071067,-0.3442270630030601,0.7764320558990941
matched_hop5,spatial_knn,3,CD74,0.4340076935945023,0.44572869630980716,0.613793027571028
matched_hop5,spatial_knn,3,IGLC2,-0.07670806991450937,0.053448464534457896,0.9143331486850289
matched_hop5,spatial_knn,3,HLA-B,0.14661917315207934,0.19733259394954772,0.4555748565892431
matched_hop5,spatial_knn,3,IGKC,-0.29114536582518363,-0.3551923425241262,0.8939881439958568
matched_hop5,spatial_knn,3,MALAT1,-0.012775713741171205,-0.00847901486817562,0.6707986643849624
matched_hop5,spatial_knn,3,ALB,0.09901941208401577,0.052585108660139775,0.6700213670462796
matched_hop5,spatial_knn,3,IGHG4,-0.08982723575202692,-0.11806929119243002,0.5954001450807643
matched_hop5,spatial_knn,3,TFF3,0.001471320060826266,-0.009020564094579265,0.4881025207166736
matched_hop5,spatial_knn,3,CXCL14,-0.10729855745068104,-0.12644009032641007,0.5574691308312919
matched_hop5,spatial_knn,3,IGHG1,-0.025827506027090986,0.09200442327430339,0.7493870917602411
matched_hop5,spatial_knn,3,SLITRK6,-0.0030800626937623893,-0.01046141893726341,0.24910546860588226
matched_hop5,spatial_knn,3,APOE,0.4301441322101493,0.4586773392988221,0.7716616492679185
matched_hop5,spatial_knn,3,MT-ND2,0.16182569542552835,0.1290011261654105,0.7981219340411622
matched_hop5,spatial_knn,3,CALML5,0.6717813100014418,0.6017925720469458,0.49183703035540305
matched_hop5,spatial_knn,3,HLA-DRA,0.40933896531120556,0.4064784524259689,0.6200617502180609
matched_hop5,spatial_knn,3,S100G,0.0259560325458103,0.011710940496556936,0.8672749073636858
matched_hop5,spatial_knn,3,LINC00645,0.014050064182559665,-0.002650934837608495,0.6274955240343681
matched_hop5,spatial_knn,3,C3,-0.1234004838952605,-0.09494917150783297,0.8076083219078845
matched_hop5,spatial_knn,3,IGLC3,-0.1632993540481529,-0.1591788336798749,0.715966015680094
matched_hop5,spatial_knn,3,IGLC1,0.10141949953531196,0.1594562391347889,0.7189532237944247
matched_hop5,spatial_knn,3,TIMP1,-0.13738244326355228,-0.02986846882248044,0.9375423483994431
matched_hop5,spatial_knn,3,APOC1,0.5083594436381662,0.446590710488435,0.6618753473834778
matched_hop5,spatial_knn,3,TFF1,0.22930359601460368,0.18260866301228842,0.7623899806148119
matched_hop5,spatial_knn,3,SCGB2A2,-0.2536484593735678,-0.2368739059657089,1.190022242703142
matched_hop5,spatial_knn,3,SCGB1D2,-0.30009277653688693,-0.2634128599167466,1.3228997651961572
matched_hop5,spatial_knn,3,SERPINA3,0.06066059337894263,0.08778878804768957,0.4734041188400854
matched_hop5,spatial_knn,3,LINC00052,0.26667413511544863,0.2967322604195821,0.5467704310918938
matched_hop5,spatial_knn,3,AGR2,-0.020496812303157346,-0.055683279774370605,0.5186495795987871
matched_hop5,spatial_knn,3,C6orf141,0.00274936895856602,0.018967682651104167,0.2853022444591511
matched_hop5,spatial_knn,3,LYZ,0.20564822543500216,0.209748313554595,0.8054901895320405
matched_hop5,spatial_knn,3,CTSD,0.3506318910379733,0.41439780552210204,0.582621052944325
matched_hop5,spatial_knn,3,HEBP1,-0.026466132025504466,-0.06113001156935538,0.9129320872615284
matched_hop5,spatial_knn,3,IGHM,-0.048134703390547574,-0.10498365979274465,0.6518726977707359
matched_hop5,spatial_knn,3,HLA-DRB1,0.18926123094512845,0.16628568257173607,0.6785077803228904
matched_hop5,spatial_knn,3,C1QA,0.3552970042179204,0.3917689147552802,0.7530104459302361
matched_hop5,spatial_knn,3,IGHA1,-0.09373215522383746,-0.17657480030268904,0.5857154628506555
matched_hop5,spatial_knn,3,DEGS1,0.08597205595157491,0.02780751637517593,0.49150774550221266
matched_hop5,spatial_knn,3,AC087379.2,-0.10105270760296141,-0.07654154444994242,0.45289149161536685
matched_hop5,spatial_knn,3,AEBP1,0.26853380974323293,0.2614791929027584,0.5925120433503211
matched_hop5,spatial_knn,3,COL1A2,0.06664713524004592,0.08793489969780648,0.6196488488518249
matched_hop5,spatial_knn,3,GFRA1,-0.2322029783129554,-0.24583689820223936,0.5435446019554889
matched_hop5,spatial_knn,3,COL1A1,-0.13843444286750312,-0.15704750965453806,0.6939840304628826
matched_hop5,spatial_knn,3,HLA-E,0.15979303055902402,0.14516820329044985,0.5683586976366152
matched_hop5,spatial_knn,3,CFB,0.5425231069745323,0.539588832098069,0.4404510794974799
matched_hop5,spatial_knn,3,CCL19,0.0626737064355809,0.07558004320158992,0.7276926637570127
matched_hop5,spatial_knn,3,SNCG,0.3114718180285292,0.22154194828275436,0.5047064060774208
matched_hop5,spatial_knn,3,IGHG2,-0.07976310111239358,-0.030636909538428715,0.5571148537537419
matched_coord0.25,mean,3,CRISP3,0.0,,0.6419338583946228
matched_coord0.25,mean,3,CPB1,0.0,,1.3794668912887573
matched_coord0.25,mean,3,IGHG3,,,0.7419383525848389
matched_coord0.25,mean,3,CD74,0.0,,0.6000152230262756
matched_coord0.25,mean,3,IGLC2,0.0,,0.9095902442932129
matched_coord0.25,mean,3,HLA-B,0.0,,0.5622510313987732
matched_coord0.25,mean,3,IGKC,,,0.8236492872238159
matched_coord0.25,mean,3,MALAT1,0.0,,0.7114264965057373
matched_coord0.25,mean,3,ALB,,,0.4221542179584503
matched_coord0.25,mean,3,IGHG4,,,0.5562004446983337
matched_coord0.25,mean,3,TFF3,0.0,,0.5145289897918701
matched_coord0.25,mean,3,CXCL14,,,0.7136340141296387
matched_coord0.25,mean,3,IGHG1,,,0.702772855758667
matched_coord0.25,mean,3,SLITRK6,,,0.36348065733909607
matched_coord0.25,mean,3,APOE,0.0,,0.6708996891975403
matched_coord0.25,mean,3,MT-ND2,,,0.5812619924545288
matched_coord0.25,mean,3,CALML5,0.0,,0.7540708184242249
matched_coord0.25,mean,3,HLA-DRA,,,0.6519039869308472
matched_coord0.25,mean,3,S100G,0.0,,0.5334126353263855
matched_coord0.25,mean,3,LINC00645,0.0,,0.621656060218811
matched_coord0.25,mean,3,C3,,,0.6263541579246521
matched_coord0.25,mean,3,IGLC3,0.0,,0.6543125510215759
matched_coord0.25,mean,3,IGLC1,0.0,,0.6598218679428101
matched_coord0.25,mean,3,TIMP1,,,0.6896418929100037
matched_coord0.25,mean,3,APOC1,,,0.724380373954773
matched_coord0.25,mean,3,TFF1,,,0.7605660557746887
matched_coord0.25,mean,3,SCGB2A2,0.0,,0.7357502579689026
matched_coord0.25,mean,3,SCGB1D2,,,0.7298629879951477
matched_coord0.25,mean,3,SERPINA3,0.0,,0.4852113723754883
matched_coord0.25,mean,3,LINC00052,0.0,,0.40869757533073425
matched_coord0.25,mean,3,AGR2,0.0,,0.47699877619743347
matched_coord0.25,mean,3,C6orf141,,,0.31416746973991394
matched_coord0.25,mean,3,LYZ,,,0.8316124081611633
matched_coord0.25,mean,3,CTSD,,,0.49152764678001404
matched_coord0.25,mean,3,HEBP1,,,0.598818838596344
matched_coord0.25,mean,3,IGHM,,,0.6998046636581421
matched_coord0.25,mean,3,HLA-DRB1,,,0.6264171600341797
matched_coord0.25,mean,3,C1QA,,,0.6399940252304077
matched_coord0.25,mean,3,IGHA1,,,0.6386813521385193
matched_coord0.25,mean,3,DEGS1,,,0.6078059673309326
matched_coord0.25,mean,3,AC087379.2,,,0.30755165219306946
matched_coord0.25,mean,3,AEBP1,,,0.6427438855171204
matched_coord0.25,mean,3,COL1A2,0.0,,0.6716315746307373
matched_coord0.25,mean,3,GFRA1,,,0.5039839744567871
matched_coord0.25,mean,3,COL1A1,,,0.6917779445648193
matched_coord0.25,mean,3,HLA-E,0.0,,0.5270322561264038
matched_coord0.25,mean,3,CFB,,,0.6230864524841309
matched_coord0.25,mean,3,CCL19,,,0.5869920253753662
matched_coord0.25,mean,3,SNCG,,,0.8059901595115662
matched_coord0.25,mean,3,IGHG2,,,0.5092213153839111
matched_coord0.25,pca_ridge,3,CRISP3,0.039604679705519875,0.048182131827541004,0.5609012842178345
matched_coord0.25,pca_ridge,3,CPB1,-0.02233345159145206,-0.013437526775757533,1.2939467430114746
matched_coord0.25,pca_ridge,3,IGHG3,0.5740153094316844,0.5366919913940886,0.7198576331138611
matched_coord0.25,pca_ridge,3,CD74,0.776744877299439,0.7841031453478966,0.3804156482219696
matched_coord0.25,pca_ridge,3,IGLC2,0.475476770369921,0.503038054179719,0.9765560626983643
matched_coord0.25,pca_ridge,3,HLA-B,0.5462525849473376,0.5591742268205807,0.4016517996788025
matched_coord0.25,pca_ridge,3,IGKC,0.5838957517029608,0.5828762507829278,0.7848896384239197
matched_coord0.25,pca_ridge,3,MALAT1,0.6097334574402766,0.5914310258554063,0.5093477368354797
matched_coord0.25,pca_ridge,3,ALB,0.04907781706234331,0.04823155654661775,0.5463761687278748
matched_coord0.25,pca_ridge,3,IGHG4,0.5186750065635357,0.47144788830028167,0.5337751507759094
matched_coord0.25,pca_ridge,3,TFF3,0.3021521634112403,0.2996209634269965,0.4365779757499695
matched_coord0.25,pca_ridge,3,CXCL14,0.18711176491370765,0.1779445198514781,0.5549609661102295
matched_coord0.25,pca_ridge,3,IGHG1,0.5358776291446192,0.5068454136449797,0.6902645230293274
matched_coord0.25,pca_ridge,3,SLITRK6,0.01494774065684246,0.04179476888841165,0.32692939043045044
matched_coord0.25,pca_ridge,3,APOE,0.8577477367016648,0.8610555272095293,0.34307965636253357
matched_coord0.25,pca_ridge,3,MT-ND2,0.529322140577389,0.5363341854658097,0.4981968402862549
matched_coord0.25,pca_ridge,3,CALML5,0.3587253921785373,0.37598273201879945,0.6963305473327637
matched_coord0.25,pca_ridge,3,HLA-DRA,0.7058834324968444,0.6971907997854777,0.4187864661216736
matched_coord0.25,pca_ridge,3,S100G,0.2784236232390366,0.2601963231113883,0.6226751804351807
matched_coord0.25,pca_ridge,3,LINC00645,0.20960955355091107,0.18907627135532462,0.5535436868667603
matched_coord0.25,pca_ridge,3,C3,0.7146616950043041,0.6891097869450823,0.4408392906188965
matched_coord0.25,pca_ridge,3,IGLC3,0.3100695964855495,0.31217076148932627,0.7282669544219971
matched_coord0.25,pca_ridge,3,IGLC1,0.25624077136331785,0.23141903974796918,0.6810294389724731
matched_coord0.25,pca_ridge,3,TIMP1,0.699551971387876,0.7050785842639404,0.5055168867111206
matched_coord0.25,pca_ridge,3,APOC1,0.7284043244950993,0.7267116365540874,0.45636796951293945
matched_coord0.25,pca_ridge,3,TFF1,0.3521962586701495,0.31684515063899693,0.6628634333610535
matched_coord0.25,pca_ridge,3,SCGB2A2,0.2853521451258946,0.26308683586423065,0.6403995156288147
matched_coord0.25,pca_ridge,3,SCGB1D2,0.24121063982171298,0.23269288607527128,0.6291397213935852
matched_coord0.25,pca_ridge,3,SERPINA3,0.06330103551436149,0.03187567006838463,0.5525977611541748
matched_coord0.25,pca_ridge,3,LINC00052,0.26882865129125105,0.24263674707808366,0.38575857877731323
matched_coord0.25,pca_ridge,3,AGR2,0.39701494618422817,0.36301375827774246,0.4223211109638214
matched_coord0.25,pca_ridge,3,C6orf141,0.0531167150256303,0.09561790963190143,0.30749815702438354
matched_coord0.25,pca_ridge,3,LYZ,0.7392397908525818,0.74755155216295,0.5078185796737671
matched_coord0.25,pca_ridge,3,CTSD,0.7553070675975943,0.7445688019273948,0.33978965878486633
matched_coord0.25,pca_ridge,3,HEBP1,0.44743875827847523,0.44097779149954686,0.49850526452064514
matched_coord0.25,pca_ridge,3,IGHM,0.30650225232353956,0.2900695505355512,0.6974654197692871
matched_coord0.25,pca_ridge,3,HLA-DRB1,0.6903037497989954,0.7001274239573463,0.39356833696365356
matched_coord0.25,pca_ridge,3,C1QA,0.7943626492890767,0.7863775897664794,0.3788927495479584
matched_coord0.25,pca_ridge,3,IGHA1,0.23693427851804028,0.21912957211051315,0.7241793870925903
matched_coord0.25,pca_ridge,3,DEGS1,0.27719479824428417,0.22324977898733459,0.5284310579299927
matched_coord0.25,pca_ridge,3,AC087379.2,0.16995864508928052,0.1876174497613974,0.4139164090156555
matched_coord0.25,pca_ridge,3,AEBP1,0.6738350379109989,0.6402590355097942,0.4539153575897217
matched_coord0.25,pca_ridge,3,COL1A2,0.7117655391439661,0.6851744279245173,0.4284989833831787
matched_coord0.25,pca_ridge,3,GFRA1,0.28374383609055365,0.29043073019074067,0.4782021641731262
matched_coord0.25,pca_ridge,3,COL1A1,0.6972369653381334,0.6768531309820548,0.47134989500045776
matched_coord0.25,pca_ridge,3,HLA-E,0.6586158580261832,0.679622983669892,0.3833675980567932
matched_coord0.25,pca_ridge,3,CFB,0.19993800190542485,0.1804289609966606,0.5841503143310547
matched_coord0.25,pca_ridge,3,CCL19,0.4626557186094913,0.4302105782746124,0.5225108861923218
matched_coord0.25,pca_ridge,3,SNCG,0.2350648123403542,0.218561312184789,0.6201865077018738
matched_coord0.25,pca_ridge,3,IGHG2,0.25249982495414297,0.19200076437584196,0.5202338099479675
matched_coord0.25,spatial_knn,3,CRISP3,0.12086609606250615,0.07105476541982447,0.4575318704102241
matched_coord0.25,spatial_knn,3,CPB1,0.60031662391067,0.5993506087610766,1.0803409649268776
matched_coord0.25,spatial_knn,3,IGHG3,-0.07990735395409444,-0.14395419844517898,0.7774290717424127
matched_coord0.25,spatial_knn,3,CD74,0.32069742118004263,0.332749661281448,0.5576179060468927
matched_coord0.25,spatial_knn,3,IGLC2,0.01063507851987959,0.04788758280530271,1.0117696259516842
matched_coord0.25,spatial_knn,3,HLA-B,0.3439444806659572,0.3459772071623942,0.4555318078926156
matched_coord0.25,spatial_knn,3,IGKC,-0.1338724846518271,-0.158511693587415,0.9139193722455558
matched_coord0.25,spatial_knn,3,MALAT1,0.13293391219293738,0.0858308474896998,0.7628364003106645
matched_coord0.25,spatial_knn,3,ALB,0.07693437668800228,0.03989300662925693,0.6019141469544753
matched_coord0.25,spatial_knn,3,IGHG4,-0.0210833291021581,-0.02437664979807273,0.6003550936410282
matched_coord0.25,spatial_knn,3,TFF3,0.1164985453468177,0.10127188709435636,0.44913069084817614
matched_coord0.25,spatial_knn,3,CXCL14,0.13514004415866115,0.07864404009383108,0.6193699501350941
matched_coord0.25,spatial_knn,3,IGHG1,-0.04168957917999225,0.02014312278600411,0.7961208157721021
matched_coord0.25,spatial_knn,3,SLITRK6,-0.0209267412373667,0.00014440919813947612,0.2693378169293939
matched_coord0.25,spatial_knn,3,APOE,0.2864146795808977,0.3532479773855816,0.6941063693743383
matched_coord0.25,spatial_knn,3,MT-ND2,0.24270780429164762,0.2073564560649359,0.829544135218216
matched_coord0.25,spatial_knn,3,CALML5,0.7531904647082593,0.7505119529016185,0.4380154352583803
matched_coord0.25,spatial_knn,3,HLA-DRA,0.31090383191210774,0.2931151189310981,0.563856118132874
matched_coord0.25,spatial_knn,3,S100G,0.09341767346642021,0.06070103155016098,0.7885062668504785
matched_coord0.25,spatial_knn,3,LINC00645,0.4163721475934483,0.34794416087192004,0.5875109992276965
matched_coord0.25,spatial_knn,3,C3,-0.0539741525334282,-0.06714935982286381,0.7275943708182828
matched_coord0.25,spatial_knn,3,IGLC3,-0.08012433108039005,-0.07333823092235332,0.7682869569685106
matched_coord0.25,spatial_knn,3,IGLC1,0.05666427987859197,0.09656998517468864,0.8790223746647062
matched_coord0.25,spatial_knn,3,TIMP1,-0.11240186156665805,-0.08010111173904891,0.87131822265631
matched_coord0.25,spatial_knn,3,APOC1,0.3770173492669766,0.3112899043097222,0.625711033177338
matched_coord0.25,spatial_knn,3,TFF1,0.39913196103531084,0.398240682605285,0.6846685241975138
matched_coord0.25,spatial_knn,3,SCGB2A2,-0.1529283076859315,-0.17335515625065526,1.0266962929638244
matched_coord0.25,spatial_knn,3,SCGB1D2,-0.2559339863061477,-0.29430173668626264,1.1150824545537632
matched_coord0.25,spatial_knn,3,SERPINA3,0.2248275507759328,0.24755295132180827,0.4695757992173665
matched_coord0.25,spatial_knn,3,LINC00052,0.43504351212235803,0.4650243979645057,0.4530958598696162
matched_coord0.25,spatial_knn,3,AGR2,0.21373368388872976,0.12840320433593314,0.49153197217643396
matched_coord0.25,spatial_knn,3,C6orf141,0.028444708223771317,0.024068742874094218,0.28826977431435097
matched_coord0.25,spatial_knn,3,LYZ,0.23439843238063374,0.23677119229364146,0.7545333097607411
matched_coord0.25,spatial_knn,3,CTSD,0.22789254315949525,0.2930093354752233,0.5175029013356903
matched_coord0.25,spatial_knn,3,HEBP1,0.07874525951758007,0.027345606545140854,0.7893750599371092
matched_coord0.25,spatial_knn,3,IGHM,0.16472390966097328,0.07080919605587016,0.7286705481390824
matched_coord0.25,spatial_knn,3,HLA-DRB1,0.11306734583436885,0.08594291742519691,0.6072126584181954
matched_coord0.25,spatial_knn,3,C1QA,0.2513560617192781,0.2963062347844366,0.691307100191259
matched_coord0.25,spatial_knn,3,IGHA1,-0.01288388789911632,-0.06058279203747258,0.66896616991741
matched_coord0.25,spatial_knn,3,DEGS1,0.33007624446539735,0.2381553128147269,0.5093401454203491
matched_coord0.25,spatial_knn,3,AC087379.2,0.02043847336580003,0.023291994456158968,0.42612550793212967
matched_coord0.25,spatial_knn,3,AEBP1,0.1988154767613187,0.21155095956127837,0.5826158037973796
matched_coord0.25,spatial_knn,3,COL1A2,0.08089165262166828,0.09404094856473671,0.6251922758705558
matched_coord0.25,spatial_knn,3,GFRA1,-0.015060847325632693,-0.026834144928974735,0.5233264435209088
matched_coord0.25,spatial_knn,3,COL1A1,-0.027733564432681143,-0.04496589900382744,0.6867451223297361
matched_coord0.25,spatial_knn,3,HLA-E,0.23048347906802463,0.2512788829602448,0.5262014634684493
matched_coord0.25,spatial_knn,3,CFB,0.5687910756395818,0.6301624779626053,0.5022217846098467
matched_coord0.25,spatial_knn,3,CCL19,0.10075123569223932,0.1011460364594471,0.6404609737272333
matched_coord0.25,spatial_knn,3,SNCG,0.523887742734542,0.5102763686415223,0.489710393986441
matched_coord0.25,spatial_knn,3,IGHG2,-0.03056838828447828,0.006432399811499143,0.5563447609173123
matched_coord0.5,mean,3,CRISP3,0.0,,0.6426100134849548
matched_coord0.5,mean,3,CPB1,0.0,,1.0772643089294434
matched_coord0.5,mean,3,IGHG3,,,0.7164320945739746
matched_coord0.5,mean,3,CD74,0.0,,0.6288959383964539
matched_coord0.5,mean,3,IGLC2,0.0,,0.8775886297225952
matched_coord0.5,mean,3,HLA-B,0.0,,0.5742074847221375
matched_coord0.5,mean,3,IGKC,,,0.802651047706604
matched_coord0.5,mean,3,MALAT1,,,0.6975277066230774
matched_coord0.5,mean,3,ALB,,,0.43054625391960144
matched_coord0.5,mean,3,IGHG4,,,0.5254862904548645
matched_coord0.5,mean,3,TFF3,0.0,,0.5365732312202454
matched_coord0.5,mean,3,CXCL14,0.0,,0.722430408000946
matched_coord0.5,mean,3,IGHG1,,,0.6670939922332764
matched_coord0.5,mean,3,SLITRK6,,,0.36131468415260315
matched_coord0.5,mean,3,APOE,0.0,,0.6858524680137634
matched_coord0.5,mean,3,MT-ND2,,,0.5528954267501831
matched_coord0.5,mean,3,CALML5,0.0,,0.8990010023117065
matched_coord0.5,mean,3,HLA-DRA,0.0,,0.6937938332557678
matched_coord0.5,mean,3,S100G,0.0,,0.5371023416519165
matched_coord0.5,mean,3,LINC00645,,,0.4416530430316925
matched_coord0.5,mean,3,C3,,,0.6576340794563293
matched_coord0.5,mean,3,IGLC3,0.0,,0.6439781785011292
matched_coord0.5,mean,3,IGLC1,,,0.624880850315094
matched_coord0.5,mean,3,TIMP1,,,0.7015412449836731
matched_coord0.5,mean,3,APOC1,,,0.7322778701782227
matched_coord0.5,mean,3,TFF1,,,0.8915325999259949
matched_coord0.5,mean,3,SCGB2A2,,,0.683484673500061
matched_coord0.5,mean,3,SCGB1D2,,,0.6966557502746582
matched_coord0.5,mean,3,SERPINA3,0.0,,0.4543403387069702
matched_coord0.5,mean,3,LINC00052,0.0,,0.3439423143863678
matched_coord0.5,mean,3,AGR2,,,0.48242267966270447
matched_coord0.5,mean,3,C6orf141,,,0.29909175634384155
matched_coord0.5,mean,3,LYZ,,,0.8676788806915283
matched_coord0.5,mean,3,CTSD,,,0.5145155787467957
matched_coord0.5,mean,3,HEBP1,0.0,,0.49558117985725403
matched_coord0.5,mean,3,IGHM,,,0.6019927859306335
matched_coord0.5,mean,3,HLA-DRB1,,,0.6973422765731812
matched_coord0.5,mean,3,C1QA,,,0.660473644733429
matched_coord0.5,mean,3,IGHA1,,,0.621635913848877
matched_coord0.5,mean,3,DEGS1,0.0,,0.6367684602737427
matched_coord0.5,mean,3,AC087379.2,,,0.2998806834220886
matched_coord0.5,mean,3,AEBP1,,,0.6284903883934021
matched_coord0.5,mean,3,COL1A2,,,0.6570230722427368
matched_coord0.5,mean,3,GFRA1,0.0,,0.5079512000083923
matched_coord0.5,mean,3,COL1A1,,,0.6781471967697144
matched_coord0.5,mean,3,HLA-E,0.0,,0.5383806824684143
matched_coord0.5,mean,3,CFB,,,0.5291182398796082
matched_coord0.5,mean,3,CCL19,0.0,,0.6768210530281067
matched_coord0.5,mean,3,SNCG,0.0,,0.8641235828399658
matched_coord0.5,mean,3,IGHG2,0.0,,0.5106903314590454
matched_coord0.5,pca_ridge,3,CRISP3,0.0919377880419874,0.09919131674165464,0.530375063419342
matched_coord0.5,pca_ridge,3,CPB1,0.041772740263814154,0.07852511873500122,1.032724142074585
matched_coord0.5,pca_ridge,3,IGHG3,0.5856166570147348,0.5552329518309516,0.727995753288269
matched_coord0.5,pca_ridge,3,CD74,0.7539503571690209,0.7477603476399226,0.4034667909145355
matched_coord0.5,pca_ridge,3,IGLC2,0.497140205671509,0.5275333332042347,1.0109491348266602
matched_coord0.5,pca_ridge,3,HLA-B,0.47584579745441263,0.49221473564864443,0.3983910381793976
matched_coord0.5,pca_ridge,3,IGKC,0.5437702254958264,0.5393158219042536,0.8376254439353943
matched_coord0.5,pca_ridge,3,MALAT1,0.5867316928457519,0.5872754788019806,0.5095236897468567
matched_coord0.5,pca_ridge,3,ALB,0.04656759355256376,0.04033993791383995,0.5541896820068359
matched_coord0.5,pca_ridge,3,IGHG4,0.4571827826635834,0.41464085399515743,0.5578063726425171
matched_coord0.5,pca_ridge,3,TFF3,0.3040195447953029,0.32410261484551006,0.462050199508667
matched_coord0.5,pca_ridge,3,CXCL14,0.12115705988924486,0.14077237637230622,0.5428363680839539
matched_coord0.5,pca_ridge,3,IGHG1,0.5109328752433077,0.4818778872544022,0.7044492363929749
matched_coord0.5,pca_ridge,3,SLITRK6,-0.021031199170207404,0.0005372151440020249,0.3248000144958496
matched_coord0.5,pca_ridge,3,APOE,0.8772587890428994,0.8876207124709402,0.32151904702186584
matched_coord0.5,pca_ridge,3,MT-ND2,0.4470260223393273,0.428447876499973,0.49850285053253174
matched_coord0.5,pca_ridge,3,CALML5,0.3518795890819207,0.32630947169366276,0.8191568851470947
matched_coord0.5,pca_ridge,3,HLA-DRA,0.6124737661518598,0.5967244060814687,0.4618271589279175
matched_coord0.5,pca_ridge,3,S100G,0.2561447214672815,0.23047190836887713,0.6164435148239136
matched_coord0.5,pca_ridge,3,LINC00645,0.09986409648446068,0.10239929833741956,0.40555641055107117
matched_coord0.5,pca_ridge,3,C3,0.7494073018864537,0.7329571570304512,0.438149094581604
matched_coord0.5,pca_ridge,3,IGLC3,0.2732797196622261,0.30467167995548783,0.7669640779495239
matched_coord0.5,pca_ridge,3,IGLC1,0.2659651133530568,0.2714176560694507,0.6624578237533569
matched_coord0.5,pca_ridge,3,TIMP1,0.7352858720513272,0.7602305733662782,0.5105028748512268
matched_coord0.5,pca_ridge,3,APOC1,0.7363035473003878,0.742049305959513,0.4343043863773346
matched_coord0.5,pca_ridge,3,TFF1,0.37975681205296724,0.33624474198130205,0.7701132297515869
matched_coord0.5,pca_ridge,3,SCGB2A2,0.2717295360489767,0.22320720013469153,0.6668757796287537
matched_coord0.5,pca_ridge,3,SCGB1D2,0.2688776751546401,0.23275256654275042,0.6604516506195068
matched_coord0.5,pca_ridge,3,SERPINA3,0.04960892336738001,0.05362781621706885,0.5306933522224426
matched_coord0.5,pca_ridge,3,LINC00052,0.12411496396380492,0.11564775251335604,0.3257690370082855
matched_coord0.5,pca_ridge,3,AGR2,0.2500942585833946,0.21605617897321275,0.43711161613464355
matched_coord0.5,pca_ridge,3,C6orf141,0.10363861455618456,0.10548737556602518,0.2870676815509796
matched_coord0.5,pca_ridge,3,LYZ,0.7029371071425262,0.7119227351469867,0.5120548009872437
matched_coord0.5,pca_ridge,3,CTSD,0.7936285096070813,0.7875971496764677,0.33824852108955383
matched_coord0.5,pca_ridge,3,HEBP1,0.3850162671690493,0.3794751332322717,0.4691616892814636
matched_coord0.5,pca_ridge,3,IGHM,0.24307920335321012,0.2616911589899839,0.6695914268493652
matched_coord0.5,pca_ridge,3,HLA-DRB1,0.6319740258276577,0.6375739341641957,0.43431010842323303
matched_coord0.5,pca_ridge,3,C1QA,0.8173134378766929,0.8124410764107414,0.36174288392066956
matched_coord0.5,pca_ridge,3,IGHA1,0.25047698526011,0.21782475748612998,0.7456498146057129
matched_coord0.5,pca_ridge,3,DEGS1,0.02545411411676643,0.030802881975877636,0.538612425327301
matched_coord0.5,pca_ridge,3,AC087379.2,0.19272468627344924,0.18296671559340266,0.4119998514652252
matched_coord0.5,pca_ridge,3,AEBP1,0.726911658459392,0.6891840484529067,0.4194089472293854
matched_coord0.5,pca_ridge,3,COL1A2,0.7070040256260984,0.6746360385320406,0.42677074670791626
matched_coord0.5,pca_ridge,3,GFRA1,0.2411101128292081,0.25520315981598707,0.46706727147102356
matched_coord0.5,pca_ridge,3,COL1A1,0.67287313587684,0.6578854653289596,0.4821029305458069
matched_coord0.5,pca_ridge,3,HLA-E,0.6353946476991303,0.6666403157327055,0.3850652575492859
matched_coord0.5,pca_ridge,3,CFB,0.136120865927525,0.09328967740475556,0.526687741279602
matched_coord0.5,pca_ridge,3,CCL19,0.465565511113088,0.46325696120217186,0.5959713459014893
matched_coord0.5,pca_ridge,3,SNCG,0.09659506572990363,0.09562773890703898,0.6662331223487854
matched_coord0.5,pca_ridge,3,IGHG2,0.1990703605828312,0.15894722572078965,0.5391768217086792
matched_coord0.5,spatial_knn,3,CRISP3,0.03584636735280051,0.03464451664090939,0.41512795591260326
matched_coord0.5,spatial_knn,3,CPB1,0.5120601563407903,0.4824879041932436,0.9027836821917532
matched_coord0.5,spatial_knn,3,IGHG3,-0.251506540384,-0.36099219354374434,0.7583031457086418
matched_coord0.5,spatial_knn,3,CD74,0.3977517570387775,0.39995869639526727,0.6210242825186207
matched_coord0.5,spatial_knn,3,IGLC2,-0.12849211673428698,-0.027849200854532463,0.9418552174909769
matched_coord0.5,spatial_knn,3,HLA-B,0.19872707525785263,0.24631944162797798,0.45614866841324164
matched_coord0.5,spatial_knn,3,IGKC,-0.2875124729779796,-0.35561754011422086,0.8871240812259568
matched_coord0.5,spatial_knn,3,MALAT1,-0.08811786325755011,-0.09281529667632168,0.707393147428276
matched_coord0.5,spatial_knn,3,ALB,0.11902074631932409,0.047572306450123836,0.6758472946381933
matched_coord0.5,spatial_knn,3,IGHG4,-0.12060192742352158,-0.15337099611685517,0.5672079320083085
matched_coord0.5,spatial_knn,3,TFF3,-0.05078584760668713,-0.06371268432951731,0.4955412596740022
matched_coord0.5,spatial_knn,3,CXCL14,-0.053467845930970835,-0.08843793311779834,0.5402588388138408
matched_coord0.5,spatial_knn,3,IGHG1,-0.11393454315071559,-0.0002751699619597049,0.7431945242242479
matched_coord0.5,spatial_knn,3,SLITRK6,-0.004853735629446472,-0.010668542710244719,0.2546410148989026
matched_coord0.5,spatial_knn,3,APOE,0.3559855615404518,0.37756991878207097,0.7361655421745703
matched_coord0.5,spatial_knn,3,MT-ND2,0.06221677959328748,0.03456365852488411,0.8058822254166212
matched_coord0.5,spatial_knn,3,CALML5,0.6957900428750863,0.6166378316032296,0.5027003168131681
matched_coord0.5,spatial_knn,3,HLA-DRA,0.3149412136535873,0.31892585890508723,0.6207830309022248
matched_coord0.5,spatial_knn,3,S100G,-0.021838540741473168,-0.047559773703232056,0.8528691370524883
matched_coord0.5,spatial_knn,3,LINC00645,0.06492214395964695,0.04206203590371669,0.6227296296505408
matched_coord0.5,spatial_knn,3,C3,-0.15471144905056053,-0.12973078796632256,0.8235216264016048
matched_coord0.5,spatial_knn,3,IGLC3,-0.17128399601844785,-0.18348676396849095,0.72844171735708
matched_coord0.5,spatial_knn,3,IGLC1,0.06647128780689078,0.14413001233692826,0.7496149780649747
matched_coord0.5,spatial_knn,3,TIMP1,-0.1972218876106608,-0.11330208322996865,0.9610473733376482
matched_coord0.5,spatial_knn,3,APOC1,0.4545765826503035,0.3967551058551671,0.6206485628305404
matched_coord0.5,spatial_knn,3,TFF1,0.2237022353121344,0.14438664972752402,0.785671345301559
matched_coord0.5,spatial_knn,3,SCGB2A2,-0.41070021670841667,-0.3885026699289811,1.2311348437549055
matched_coord0.5,spatial_knn,3,SCGB1D2,-0.48126553274117345,-0.4343089771445746,1.353384695815035
matched_coord0.5,spatial_knn,3,SERPINA3,0.08649591680676569,0.10624212614872147,0.4464371154709543
matched_coord0.5,spatial_knn,3,LINC00052,0.2326889877779929,0.26560519180281356,0.5585464268801801
matched_coord0.5,spatial_knn,3,AGR2,-0.03588461810861757,-0.07904812557168672,0.5121820089709461
matched_coord0.5,spatial_knn,3,C6orf141,-0.012935690778929502,-0.009000962549021925,0.2807201683188707
matched_coord0.5,spatial_knn,3,LYZ,0.1196674186304351,0.1211427811822036,0.8120769239747782
matched_coord0.5,spatial_knn,3,CTSD,0.2918245482310905,0.3503078530321294,0.5616599947128373
matched_coord0.5,spatial_knn,3,HEBP1,-0.22795965756487782,-0.2410379739372463,0.9414253806566776
matched_coord0.5,spatial_knn,3,IGHM,-0.10207557152113411,-0.16546761776223995,0.6558076223582159
matched_coord0.5,spatial_knn,3,HLA-DRB1,0.015378167031131654,0.0013106648460888643,0.6922582836972048
matched_coord0.5,spatial_knn,3,C1QA,0.29161348225670974,0.3212516156282308,0.7532866680318792
matched_coord0.5,spatial_knn,3,IGHA1,-0.09656453311965084,-0.1899084409374186,0.5996903913576082
matched_coord0.5,spatial_knn,3,DEGS1,0.14039300495528642,0.08039419338310601,0.4917932613414633
matched_coord0.5,spatial_knn,3,AC087379.2,-0.15852917914754217,-0.1113782611547855,0.45338167148423225
matched_coord0.5,spatial_knn,3,AEBP1,0.25624260213312616,0.2584683500854167,0.576488621198028
matched_coord0.5,spatial_knn,3,COL1A2,0.07447259030443928,0.07275012793373034,0.6007113034513285
matched_coord0.5,spatial_knn,3,GFRA1,-0.292066926742253,-0.2926102505244653,0.545728817448046
matched_coord0.5,spatial_knn,3,COL1A1,-0.056619611503868766,-0.07080819635428849,0.6746964187646654
matched_coord0.5,spatial_knn,3,HLA-E,0.17922255346008759,0.23036108280849715,0.567377662831537
matched_coord0.5,spatial_knn,3,CFB,0.5542668490720108,0.5593631336368251,0.44515197010591534
matched_coord0.5,spatial_knn,3,CCL19,0.11189054766995317,0.12550383916675423,0.7545205205592802
matched_coord0.5,spatial_knn,3,SNCG,0.3951692735088521,0.2909158647064173,0.484149538855436
matched_coord0.5,spatial_knn,3,IGHG2,-0.1034063256480036,-0.08345295536479308,0.5527676214783279
matched_coord1.0,mean,3,CRISP3,,,0.6964411735534668
matched_coord1.0,mean,3,CPB1,,,0.6227497458457947
matched_coord1.0,mean,3,IGHG3,,,0.7278399467468262
matched_coord1.0,mean,3,CD74,,,0.7219985127449036
matched_coord1.0,mean,3,IGLC2,,,0.8106127381324768
matched_coord1.0,mean,3,HLA-B,,,0.5328903794288635
matched_coord1.0,mean,3,IGKC,,,0.8407605290412903
matched_coord1.0,mean,3,MALAT1,,,0.5770252346992493
matched_coord1.0,mean,3,ALB,,,0.3826543986797333
matched_coord1.0,mean,3,IGHG4,,,0.5971547961235046
matched_coord1.0,mean,3,TFF3,,,0.4930000901222229
matched_coord1.0,mean,3,CXCL14,,,0.7071595191955566
matched_coord1.0,mean,3,IGHG1,,,0.6668334007263184
matched_coord1.0,mean,3,SLITRK6,,,0.36638376116752625
matched_coord1.0,mean,3,APOE,,,0.6301923990249634
matched_coord1.0,mean,3,MT-ND2,,,0.4980145990848541
matched_coord1.0,mean,3,CALML5,,,0.9510735869407654
matched_coord1.0,mean,3,HLA-DRA,,,0.7397210597991943
matched_coord1.0,mean,3,S100G,,,0.4960751235485077
matched_coord1.0,mean,3,LINC00645,,,0.4526735246181488
matched_coord1.0,mean,3,C3,0.0,,0.8116185665130615
matched_coord1.0,mean,3,IGLC3,0.0,,0.5535722970962524
matched_coord1.0,mean,3,IGLC1,0.0,,0.5766075253486633
matched_coord1.0,mean,3,TIMP1,,,0.8759275674819946
matched_coord1.0,mean,3,APOC1,,,0.6190908551216125
matched_coord1.0,mean,3,TFF1,,,0.822538435459137
matched_coord1.0,mean,3,SCGB2A2,,,0.5492616891860962
matched_coord1.0,mean,3,SCGB1D2,0.0,,0.47428077459335327
matched_coord1.0,mean,3,SERPINA3,,,0.41802194714546204
matched_coord1.0,mean,3,LINC00052,,,0.27961429953575134
matched_coord1.0,mean,3,AGR2,,,0.5119642615318298
matched_coord1.0,mean,3,C6orf141,,,0.29499587416648865
matched_coord1.0,mean,3,LYZ,,,0.8259690403938293
matched_coord1.0,mean,3,CTSD,,,0.4162217080593109
matched_coord1.0,mean,3,HEBP1,,,0.4684220254421234
matched_coord1.0,mean,3,IGHM,,,0.5774919390678406
matched_coord1.0,mean,3,HLA-DRB1,,,0.8350083231925964
matched_coord1.0,mean,3,C1QA,,,0.6664731502532959
matched_coord1.0,mean,3,IGHA1,0.0,,0.6166389584541321
matched_coord1.0,mean,3,DEGS1,0.0,,0.692773163318634
matched_coord1.0,mean,3,AC087379.2,,,0.2810411751270294
matched_coord1.0,mean,3,AEBP1,,,0.5743095278739929
matched_coord1.0,mean,3,COL1A2,,,0.5933029055595398
matched_coord1.0,mean,3,GFRA1,0.0,,0.5185508728027344
matched_coord1.0,mean,3,COL1A1,,,0.6164869666099548
matched_coord1.0,mean,3,HLA-E,,,0.6467882394790649
matched_coord1.0,mean,3,CFB,,,0.4340461790561676
matched_coord1.0,mean,3,CCL19,0.0,,0.9669257402420044
matched_coord1.0,mean,3,SNCG,,,1.0442100763320923
matched_coord1.0,mean,3,IGHG2,0.0,,0.5154485106468201
matched_coord1.0,pca_ridge,3,CRISP3,0.02305349920430795,0.007689363971747586,0.5318926572799683
matched_coord1.0,pca_ridge,3,CPB1,0.4503731326252971,0.2957574455332455,0.6102198362350464
matched_coord1.0,pca_ridge,3,IGHG3,0.46094819866420894,0.49841391906180904,0.8850429654121399
matched_coord1.0,pca_ridge,3,CD74,0.6836015271500996,0.6707963200660443,0.4197254478931427
matched_coord1.0,pca_ridge,3,IGLC2,0.5585734705003297,0.6122950958716661,1.0975497961044312
matched_coord1.0,pca_ridge,3,HLA-B,0.36918313553209625,0.3989403509168736,0.3713281452655792
matched_coord1.0,pca_ridge,3,IGKC,0.45987699804826687,0.5551848731417973,0.9964665174484253
matched_coord1.0,pca_ridge,3,MALAT1,0.5736776486525365,0.5600816506550713,0.4746069014072418
matched_coord1.0,pca_ridge,3,ALB,0.020469666991409733,0.04526119554803983,0.4715941250324249
matched_coord1.0,pca_ridge,3,IGHG4,0.4409267918653016,0.5179444843399246,0.6935580372810364
matched_coord1.0,pca_ridge,3,TFF3,0.16882350694542472,0.09846141667279236,0.5046097040176392
matched_coord1.0,pca_ridge,3,CXCL14,0.202972278484747,0.2683509517936883,0.5548093914985657
matched_coord1.0,pca_ridge,3,IGHG1,0.4697877065706951,0.5760385861544464,0.8502246737480164
matched_coord1.0,pca_ridge,3,SLITRK6,-0.07289886407683842,-0.017760954136697142,0.3147178888320923
matched_coord1.0,pca_ridge,3,APOE,0.8467863243280884,0.8536847402615761,0.28216302394866943
matched_coord1.0,pca_ridge,3,MT-ND2,0.45792070992112605,0.45542858112196144,0.48637789487838745
matched_coord1.0,pca_ridge,3,CALML5,0.42050707986048225,0.2361140168842698,0.8724611401557922
matched_coord1.0,pca_ridge,3,HLA-DRA,0.4555949223085821,0.45714754228135546,0.47395724058151245
matched_coord1.0,pca_ridge,3,S100G,0.2430639921164418,0.21190394066348375,0.6014795899391174
matched_coord1.0,pca_ridge,3,LINC00645,-0.03630557821616596,-0.011833503783965017,0.4075249433517456
matched_coord1.0,pca_ridge,3,C3,0.7636353890099942,0.7909087310787047,0.48475679755210876
matched_coord1.0,pca_ridge,3,IGLC3,0.3574869627450228,0.3335094674235908,0.7868966460227966
matched_coord1.0,pca_ridge,3,IGLC1,0.2488912271757631,0.2795389453843501,0.691001296043396
matched_coord1.0,pca_ridge,3,TIMP1,0.742956135068774,0.7286303159156579,0.5802329182624817
matched_coord1.0,pca_ridge,3,APOC1,0.6613004961308534,0.6491396712486782,0.36719048023223877
matched_coord1.0,pca_ridge,3,TFF1,0.43578054597586113,0.39105800928465206,0.7733579874038696
matched_coord1.0,pca_ridge,3,SCGB2A2,0.04601247791144604,-0.044384503664587224,0.6962012052536011
matched_coord1.0,pca_ridge,3,SCGB1D2,0.10283178171350273,0.0892700621406907,0.5538417100906372
matched_coord1.0,pca_ridge,3,SERPINA3,0.10619631699031486,0.06316616813023393,0.46978622674942017
matched_coord1.0,pca_ridge,3,LINC00052,0.11000916017408531,0.15511519000451351,0.2720711827278137
matched_coord1.0,pca_ridge,3,AGR2,0.1868324615784274,0.24236786899706533,0.46532657742500305
matched_coord1.0,pca_ridge,3,C6orf141,-0.0468477328094612,-0.009414987775495685,0.28446537256240845
matched_coord1.0,pca_ridge,3,LYZ,0.6151263905757219,0.5620833356893656,0.4646405875682831
matched_coord1.0,pca_ridge,3,CTSD,0.7836987721739342,0.7906260072038044,0.2609933912754059
matched_coord1.0,pca_ridge,3,HEBP1,0.14423617112329928,0.12917253372533646,0.5545509457588196
matched_coord1.0,pca_ridge,3,IGHM,0.12324146948877165,0.1424641171429779,0.793310284614563
matched_coord1.0,pca_ridge,3,HLA-DRB1,0.5376069138666358,0.5597084551402028,0.4958888590335846
matched_coord1.0,pca_ridge,3,C1QA,0.7719823049566189,0.7895968922991671,0.34093528985977173
matched_coord1.0,pca_ridge,3,IGHA1,0.12694846431341578,0.12378916673735238,0.8879760503768921
matched_coord1.0,pca_ridge,3,DEGS1,0.016854596539353738,-0.004212353493031208,0.5587674379348755
matched_coord1.0,pca_ridge,3,AC087379.2,0.12170271082606379,0.1566887062324276,0.3922325074672699
matched_coord1.0,pca_ridge,3,AEBP1,0.6128613920173505,0.5949425781696717,0.5263535976409912
matched_coord1.0,pca_ridge,3,COL1A2,0.654913685167079,0.670592758876116,0.462295800447464
matched_coord1.0,pca_ridge,3,GFRA1,0.1595117316631566,0.180251010407673,0.445932537317276
matched_coord1.0,pca_ridge,3,COL1A1,0.6375849578066032,0.6117296481218654,0.49345457553863525
matched_coord1.0,pca_ridge,3,HLA-E,0.6038512257482043,0.5761403667494106,0.4226408004760742
matched_coord1.0,pca_ridge,3,CFB,0.1966996723947502,0.12964020559680184,0.4386981129646301
matched_coord1.0,pca_ridge,3,CCL19,0.489352072425679,0.5161602344959582,0.8138583898544312
matched_coord1.0,pca_ridge,3,SNCG,0.13130246897038553,0.14946480370481366,0.8230410814285278
matched_coord1.0,pca_ridge,3,IGHG2,0.29705417798386674,0.2780907741021735,0.5554127097129822
matched_coord1.0,spatial_knn,3,CRISP3,-0.010675978529780718,0.021628114798401793,0.380059638144038
matched_coord1.0,spatial_knn,3,CPB1,0.5029978177769585,0.4312047995205003,0.5425424462959791
matched_coord1.0,spatial_knn,3,IGHG3,-0.25832868890308897,-0.23269871247547372,0.7693108463180143
matched_coord1.0,spatial_knn,3,CD74,0.03360304628008672,-0.08372584831298664,0.8191798586775196
matched_coord1.0,spatial_knn,3,IGLC2,0.16231761831095923,0.24124828245245997,0.7601541707727308
matched_coord1.0,spatial_knn,3,HLA-B,-0.07208026030792831,-0.06551843076940475,0.43974451132394293
matched_coord1.0,spatial_knn,3,IGKC,-0.37027208252447114,-0.31670163018586267,0.8765492243589382
matched_coord1.0,spatial_knn,3,MALAT1,0.26780082500138597,0.26867249831779294,0.6310763469173887
matched_coord1.0,spatial_knn,3,ALB,0.15988133523537817,0.20562501057804072,0.7226041032949405
matched_coord1.0,spatial_knn,3,IGHG4,0.12397080498211249,0.10567652996024904,0.5834187193349049
matched_coord1.0,spatial_knn,3,TFF3,-0.08083386527355982,-0.09480862420907994,0.558164513409541
matched_coord1.0,spatial_knn,3,CXCL14,0.01480346800548415,0.04913754838145626,0.510614119039113
matched_coord1.0,spatial_knn,3,IGHG1,0.3190475764356073,0.3744790812604961,0.6250694419047268
matched_coord1.0,spatial_knn,3,SLITRK6,-0.01729488652431147,-0.004027775609036622,0.2529695104346771
matched_coord1.0,spatial_knn,3,APOE,0.46431020904685805,0.29688834103284684,0.78200233736482
matched_coord1.0,spatial_knn,3,MT-ND2,-0.08733694441981045,-0.04929008035012525,0.7297483422611979
matched_coord1.0,spatial_knn,3,CALML5,0.5921020765788506,0.37684265285466295,0.5121166666521024
matched_coord1.0,spatial_knn,3,HLA-DRA,-0.17968483394913917,-0.14263419488722143,0.7640089212399623
matched_coord1.0,spatial_knn,3,S100G,-0.05963551623527323,-0.07009935029767067,1.0054007386361095
matched_coord1.0,spatial_knn,3,LINC00645,-0.06076854834929607,-0.061155043514711765,0.5338229668462304
matched_coord1.0,spatial_knn,3,C3,0.1395792095771543,0.19614816992835776,1.0241585506547288
matched_coord1.0,spatial_knn,3,IGLC3,-0.11501827179529732,-0.07360832557787861,0.5514656062311398
matched_coord1.0,spatial_knn,3,IGLC1,0.23521120725204003,0.27982173642672176,0.526282699314899
matched_coord1.0,spatial_knn,3,TIMP1,-0.11198497741079154,-0.09371165557446665,1.2573340665133157
matched_coord1.0,spatial_knn,3,APOC1,0.2625996159182699,0.18558560596208107,0.5582895331353868
matched_coord1.0,spatial_knn,3,TFF1,-0.2475458122666874,-0.34663643406031064,0.6851475484766923
matched_coord1.0,spatial_knn,3,SCGB2A2,-0.2948050238718136,-0.4204059020185676,1.4449233507197632
matched_coord1.0,spatial_knn,3,SCGB1D2,-0.22935673668641146,-0.30058872808614834,1.4479728750380378
matched_coord1.0,spatial_knn,3,SERPINA3,-0.1343607426289562,-0.14048549343797886,0.4278715942526954
matched_coord1.0,spatial_knn,3,LINC00052,0.08110152409432037,0.1774940874681807,0.7030438939659628
matched_coord1.0,spatial_knn,3,AGR2,-0.31466309106676715,-0.1853820447721528,0.5313729823185992
matched_coord1.0,spatial_knn,3,C6orf141,0.031466721560878014,0.033454302540397676,0.2562628391302458
matched_coord1.0,spatial_knn,3,LYZ,-0.16165538720177594,-0.1518057573889885,0.8312915366854202
matched_coord1.0,spatial_knn,3,CTSD,0.3999131113205752,0.2826729846028577,0.6120039056395338
matched_coord1.0,spatial_knn,3,HEBP1,0.17970634254021978,0.04740416539944384,1.138548966421562
matched_coord1.0,spatial_knn,3,IGHM,-0.4013099394653316,-0.2652590679636516,0.5939251103121089
matched_coord1.0,spatial_knn,3,HLA-DRB1,-0.3298939677499485,-0.29620980373308603,0.8758294686905107
matched_coord1.0,spatial_knn,3,C1QA,0.3619164067861088,0.3014797767612284,0.8850198257811904
matched_coord1.0,spatial_knn,3,IGHA1,-0.12516886798708485,-0.14792384142718015,0.48535145689547615
matched_coord1.0,spatial_knn,3,DEGS1,-0.18335885494548998,-0.14002112128515432,0.49994761452287695
matched_coord1.0,spatial_knn,3,AC087379.2,0.12711553170094844,0.08708975233663453,0.4759960803320543
matched_coord1.0,spatial_knn,3,AEBP1,0.38871425123934883,0.32360375237439665,0.5205423104910402
matched_coord1.0,spatial_knn,3,COL1A2,0.1492813461799282,0.16401942878468315,0.5493054937045143
matched_coord1.0,spatial_knn,3,GFRA1,-0.3614096056052389,-0.3604454626068716,0.4994878798735123
matched_coord1.0,spatial_knn,3,COL1A1,-0.04309459781447016,-0.04680211025100226,0.6150433634720681
matched_coord1.0,spatial_knn,3,HLA-E,0.2932627944303434,0.3071681811242232,0.72875512342707
matched_coord1.0,spatial_knn,3,CFB,0.13549064747335765,0.0713764694573398,0.43578982805664707
matched_coord1.0,spatial_knn,3,CCL19,0.3927712429881734,0.3849442711264108,1.0604749824790722
matched_coord1.0,spatial_knn,3,SNCG,0.057083200512021266,0.03614907464475745,0.5238702923399123
matched_coord1.0,spatial_knn,3,IGHG2,-0.09025921331751713,-0.1941541716748733,0.5326586097110481
random,mean,4,CRISP3,0.0,,0.8880376815795898
random,mean,4,CPB1,0.0,,0.9507033228874207
random,mean,4,IGHG3,0.0,,0.9907620549201965
random,mean,4,CD74,,,0.5455796122550964
random,mean,4,IGLC2,,,1.1324384212493896
random,mean,4,HLA-B,,,0.44446107745170593
random,mean,4,IGKC,0.0,,0.9878082275390625
random,mean,4,MALAT1,,,0.7701991200447083
random,mean,4,ALB,,,0.6456929445266724
random,mean,4,IGHG4,,,0.7149335741996765
random,mean,4,TFF3,,,0.5777043104171753
random,mean,4,CXCL14,,,0.8408374786376953
random,mean,4,IGHG1,,,0.9104506969451904
random,mean,4,SLITRK6,0.0,,0.5088009238243103
random,mean,4,APOE,0.0,,0.6366754770278931
random,mean,4,MT-ND2,,,0.564702570438385
random,mean,4,CALML5,,,0.5324772000312805
random,mean,4,HLA-DRA,0.0,,0.5858176946640015
random,mean,4,S100G,0.0,,0.7847031354904175
random,mean,4,LINC00645,,,0.5465092062950134
random,mean,4,C3,0.0,,0.7841974496841431
random,mean,4,IGLC3,,,0.8704217672348022
random,mean,4,IGLC1,,,0.884996235370636
random,mean,4,TIMP1,,,0.7419736981391907
random,mean,4,APOC1,0.0,,0.6610804796218872
random,mean,4,TFF1,0.0,,0.6603635549545288
random,mean,4,SCGB2A2,,,0.7612003087997437
random,mean,4,SCGB1D2,,,0.7073375582695007
random,mean,4,SERPINA3,,,0.6541106700897217
random,mean,4,LINC00052,,,0.30932673811912537
random,mean,4,AGR2,,,0.6611531972885132
random,mean,4,C6orf141,,,0.4284122586250305
random,mean,4,LYZ,,,0.6903326511383057
random,mean,4,CTSD,0.0,,0.4979666769504547
random,mean,4,HEBP1,,,0.6433602571487427
random,mean,4,IGHM,,,0.8372220396995544
random,mean,4,HLA-DRB1,0.0,,0.5882412791252136
random,mean,4,C1QA,,,0.6729013919830322
random,mean,4,IGHA1,,,0.8450332880020142
random,mean,4,DEGS1,0.0,,0.666442334651947
random,mean,4,AC087379.2,,,0.4348759353160858
random,mean,4,AEBP1,,,0.6879072189331055
random,mean,4,COL1A2,0.0,,0.727812647819519
random,mean,4,GFRA1,0.0,,0.6382744908332825
random,mean,4,COL1A1,,,0.7094649076461792
random,mean,4,HLA-E,,,0.5327650308609009
random,mean,4,CFB,0.0,,0.5617175698280334
random,mean,4,CCL19,0.0,,0.624781608581543
random,mean,4,SNCG,,,0.6100556254386902
random,mean,4,IGHG2,,,0.670669674873352
random,pca_ridge,4,CRISP3,0.7095582010665724,0.3927528604815418,0.6267679333686829
random,pca_ridge,4,CPB1,0.5332208417888442,0.5587999961502481,0.8041853308677673
random,pca_ridge,4,IGHG3,0.6646502590851993,0.6934523835210565,0.7407018542289734
random,pca_ridge,4,CD74,0.7989437619210245,0.7970963112938687,0.3284038305282593
random,pca_ridge,4,IGLC2,0.6467957090363263,0.6799771785201287,0.8641014695167542
random,pca_ridge,4,HLA-B,0.6881196620170309,0.6907638040097157,0.32287195324897766
random,pca_ridge,4,IGKC,0.7022641534471443,0.7357999168909605,0.7041198015213013
random,pca_ridge,4,MALAT1,0.6773441155735116,0.7074943575361432,0.5666390657424927
random,pca_ridge,4,ALB,0.29828606787674306,0.1630256668256041,0.6182249784469604
random,pca_ridge,4,IGHG4,0.6765847566486326,0.7037269352742026,0.5267184972763062
random,pca_ridge,4,TFF3,0.6225436646556278,0.6124943121139715,0.4530065953731537
random,pca_ridge,4,CXCL14,0.6947481199662942,0.5647719006066254,0.6048386693000793
random,pca_ridge,4,IGHG1,0.6922372475689329,0.7100513380568045,0.6575806140899658
random,pca_ridge,4,SLITRK6,0.6647392473922928,0.3889993583920477,0.3806212544441223
random,pca_ridge,4,APOE,0.8316486264578601,0.8292617868066671,0.35390588641166687
random,pca_ridge,4,MT-ND2,0.5664643030386175,0.5789877806357968,0.46527886390686035
random,pca_ridge,4,CALML5,0.5666111199948115,0.582634879878402,0.43869784474372864
random,pca_ridge,4,HLA-DRA,0.7661179100204585,0.7851342521984743,0.37657085061073303
random,pca_ridge,4,S100G,0.5760183582842711,0.5643582656710386,0.6421627998352051
random,pca_ridge,4,LINC00645,0.4620698422961575,0.35966762045079764,0.4846338927745819
random,pca_ridge,4,C3,0.7384319713699472,0.7130845503351142,0.5287864804267883
random,pca_ridge,4,IGLC3,0.5154646826424428,0.4409216288676633,0.7458687424659729
random,pca_ridge,4,IGLC1,0.5476023321013804,0.5608026642257823,0.7443957328796387
random,pca_ridge,4,TIMP1,0.684851655307332,0.6856052889514049,0.5419694185256958
random,pca_ridge,4,APOC1,0.6721914274234786,0.6842638015429393,0.48946890234947205
random,pca_ridge,4,TFF1,0.5389276068365774,0.5500750888334491,0.55611252784729
random,pca_ridge,4,SCGB2A2,0.5776875244304671,0.5794027277420263,0.621976912021637
random,pca_ridge,4,SCGB1D2,0.5382359943243559,0.5509228925537214,0.5964308977127075
random,pca_ridge,4,SERPINA3,0.3929767166349418,0.44069805629655484,0.6013584136962891
random,pca_ridge,4,LINC00052,0.4264686235226945,0.3191171799448255,0.2808539867401123
random,pca_ridge,4,AGR2,0.6422542106581968,0.6072528169199823,0.5068880915641785
random,pca_ridge,4,C6orf141,0.5774854242936628,0.36411154566810877,0.3492487370967865
random,pca_ridge,4,LYZ,0.6978525003890523,0.7021345246170568,0.49464672803878784
random,pca_ridge,4,CTSD,0.6875567236598285,0.7041907372295512,0.36204442381858826
random,pca_ridge,4,HEBP1,0.5591267766983818,0.5681009762680875,0.5338096022605896
random,pca_ridge,4,IGHM,0.5276494942022145,0.4739393945084469,0.7120864987373352
random,pca_ridge,4,HLA-DRB1,0.7129368086843586,0.7355505743672479,0.41329512000083923
random,pca_ridge,4,C1QA,0.7472681715732186,0.763370649187405,0.4477667808532715
random,pca_ridge,4,IGHA1,0.4302380909791183,0.44281700288590925,0.764332115650177
random,pca_ridge,4,DEGS1,0.5843291861828303,0.4684360235275445,0.5408749580383301
random,pca_ridge,4,AC087379.2,0.4449396702899995,0.2872853994395663,0.3894217014312744
random,pca_ridge,4,AEBP1,0.6807447614561125,0.6957447832946577,0.5042089223861694
random,pca_ridge,4,COL1A2,0.6487289989081229,0.6884548260457315,0.5539798736572266
random,pca_ridge,4,GFRA1,0.584373999325681,0.46150072511155443,0.5174269080162048
random,pca_ridge,4,COL1A1,0.6508620384561402,0.6825037803013968,0.5396348834037781
random,pca_ridge,4,HLA-E,0.6001727093114039,0.6784692340103907,0.4271731972694397
random,pca_ridge,4,CFB,0.4475864620094287,0.43512311762340744,0.5021123886108398
random,pca_ridge,4,CCL19,0.5246972070397122,0.3807480525070256,0.5320925116539001
random,pca_ridge,4,SNCG,0.543840943032212,0.541759921661193,0.5120844841003418
random,pca_ridge,4,IGHG2,0.4276005626826566,0.3404039106388996,0.6066049337387085
random,spatial_knn,4,CRISP3,0.842638996366399,0.459852745555137,0.47864204761325396
random,spatial_knn,4,CPB1,0.7659164591962468,0.7263429293787016,0.6116290003926663
random,spatial_knn,4,IGHG3,0.7844526775253187,0.7536570388965028,0.6146371252578289
random,spatial_knn,4,CD74,0.7658891856918847,0.7600662587706818,0.3513974533253925
random,spatial_knn,4,IGLC2,0.7370422695971954,0.7369071792475869,0.7669047180901085
random,spatial_knn,4,HLA-B,0.8085650199941702,0.8098626138883726,0.26160021354854146
random,spatial_knn,4,IGKC,0.750057777574226,0.7459630558234331,0.6540962352625148
random,spatial_knn,4,MALAT1,0.525429955602187,0.5618317431610157,0.666316975019726
random,spatial_knn,4,ALB,0.737513960142516,0.15401176287489973,0.44469947999628523
random,spatial_knn,4,IGHG4,0.7277390050702562,0.6847146636178122,0.4921387041524921
random,spatial_knn,4,TFF3,0.7319980371657211,0.7559886200521834,0.3940338986679164
random,spatial_knn,4,CXCL14,0.7730525296052426,0.6373728196997803,0.5337507054198734
random,spatial_knn,4,IGHG1,0.7236349646423752,0.7101997362099888,0.6287603770342786
random,spatial_knn,4,SLITRK6,0.7603219267083446,0.37428070295644655,0.33150182507085624
random,spatial_knn,4,APOE,0.6449916565391947,0.6340162115555086,0.48788518411718257
random,spatial_knn,4,MT-ND2,0.5387936198806855,0.5251202022235348,0.4815955720493144
random,spatial_knn,4,CALML5,0.7582519085251408,0.73628891363023,0.3475677013145445
random,spatial_knn,4,HLA-DRA,0.7211564532874076,0.740555656289942,0.4071716201942552
random,spatial_knn,4,S100G,0.7100026750459619,0.6765228352950062,0.5544893394981316
random,spatial_knn,4,LINC00645,0.7073141174748463,0.49425323274313987,0.3894643389875695
random,spatial_knn,4,C3,0.6541640846793412,0.6311633981356819,0.5935091290758326
random,spatial_knn,4,IGLC3,0.6485840363416432,0.49682031881828215,0.6629477096527226
random,spatial_knn,4,IGLC1,0.5985222941213862,0.5577441229091379,0.7092854357104234
random,spatial_knn,4,TIMP1,0.6266297440122758,0.6090146283607915,0.5802730291949477
random,spatial_knn,4,APOC1,0.5778726188378394,0.5872295935001678,0.5409576598503136
random,spatial_knn,4,TFF1,0.6719322764481049,0.6605327850400792,0.4903830731975997
random,spatial_knn,4,SCGB2A2,0.6516909418287333,0.637460578215657,0.578533583398438
random,spatial_knn,4,SCGB1D2,0.6228603522530927,0.6240448561950169,0.5563457016041615
random,spatial_knn,4,SERPINA3,0.6210847837140964,0.5851844817800713,0.5140096576715519
random,spatial_knn,4,LINC00052,0.7411494896317159,0.3797247946805698,0.2076503923434311
random,spatial_knn,4,AGR2,0.6505629435170335,0.6312429477400995,0.5020652087474532
random,spatial_knn,4,C6orf141,0.686404529383547,0.39568937357473477,0.3127206056346754
random,spatial_knn,4,LYZ,0.6029069634391374,0.6188164657492704,0.5557385664529009
random,spatial_knn,4,CTSD,0.5293443913016722,0.5201741835026943,0.4232224474967152
random,spatial_knn,4,HEBP1,0.6312213135003268,0.5704474004007543,0.5014103200329946
random,spatial_knn,4,IGHM,0.6163006437915248,0.5063943923153355,0.659629757576463
random,spatial_knn,4,HLA-DRB1,0.6163498661521787,0.6391265591088242,0.46570419968986876
random,spatial_knn,4,C1QA,0.5756557836208979,0.5904008114700614,0.5533301624269762
random,spatial_knn,4,IGHA1,0.6379758243806238,0.5733571941305056,0.6506615729897199
random,spatial_knn,4,DEGS1,0.6617330953143468,0.5660505239282168,0.4997453708752385
random,spatial_knn,4,AC087379.2,0.641491347817282,0.3477840259765769,0.3346146821931042
random,spatial_knn,4,AEBP1,0.5437932758138936,0.541006802354098,0.5798349081661349
random,spatial_knn,4,COL1A2,0.5415446223108495,0.5722368528389175,0.6129808953774687
random,spatial_knn,4,GFRA1,0.6506266507622478,0.5441669896962952,0.48544639882556995
random,spatial_knn,4,COL1A1,0.5464193721568115,0.5612548814680113,0.5968596601655752
random,spatial_knn,4,HLA-E,0.5487885779153635,0.6191383070570193,0.449633758489156
random,spatial_knn,4,CFB,0.5655876839721875,0.5863685955328759,0.4656675100627489
random,spatial_knn,4,CCL19,0.5577187121365299,0.4280411958924027,0.5195438039821114
random,spatial_knn,4,SNCG,0.641158107027659,0.6063674486196016,0.468954754323409
random,spatial_knn,4,IGHG2,0.47918386549859904,0.3468269470850003,0.591430614252382
matched_hop0,mean,4,CRISP3,0.0,,0.6546719074249268
matched_hop0,mean,4,CPB1,,,1.2929320335388184
matched_hop0,mean,4,IGHG3,,,0.7977928519248962
matched_hop0,mean,4,CD74,,,0.5789300203323364
matched_hop0,mean,4,IGLC2,,,0.9246160387992859
matched_hop0,mean,4,HLA-B,,,0.5173699855804443
matched_hop0,mean,4,IGKC,,,0.8383240699768066
matched_hop0,mean,4,MALAT1,0.0,,0.7077241539955139
matched_hop0,mean,4,ALB,,,0.43659794330596924
matched_hop0,mean,4,IGHG4,,,0.5962137579917908
matched_hop0,mean,4,TFF3,,,0.48401153087615967
matched_hop0,mean,4,CXCL14,,,0.7307226061820984
matched_hop0,mean,4,IGHG1,,,0.7321970462799072
matched_hop0,mean,4,SLITRK6,0.0,,0.37609949707984924
matched_hop0,mean,4,APOE,0.0,,0.6470247507095337
matched_hop0,mean,4,MT-ND2,0.0,,0.5929847955703735
matched_hop0,mean,4,CALML5,,,0.6973613500595093
matched_hop0,mean,4,HLA-DRA,,,0.6143076419830322
matched_hop0,mean,4,S100G,0.0,,0.5698551535606384
matched_hop0,mean,4,LINC00645,,,0.8051794171333313
matched_hop0,mean,4,C3,,,0.6570367813110352
matched_hop0,mean,4,IGLC3,,,0.6928877830505371
matched_hop0,mean,4,IGLC1,,,0.718975305557251
matched_hop0,mean,4,TIMP1,,,0.7003111243247986
matched_hop0,mean,4,APOC1,,,0.6678770780563354
matched_hop0,mean,4,TFF1,,,0.7003987431526184
matched_hop0,mean,4,SCGB2A2,,,0.7665771842002869
matched_hop0,mean,4,SCGB1D2,0.0,,0.7520244121551514
matched_hop0,mean,4,SERPINA3,,,0.519359827041626
matched_hop0,mean,4,LINC00052,0.0,,0.45964452624320984
matched_hop0,mean,4,AGR2,,,0.4909168779850006
matched_hop0,mean,4,C6orf141,0.0,,0.33029159903526306
matched_hop0,mean,4,LYZ,,,0.779449462890625
matched_hop0,mean,4,CTSD,,,0.5075235962867737
matched_hop0,mean,4,HEBP1,0.0,,0.6449683904647827
matched_hop0,mean,4,IGHM,0.0,,0.6971294283866882
matched_hop0,mean,4,HLA-DRB1,,,0.5973902344703674
matched_hop0,mean,4,C1QA,,,0.6502656936645508
matched_hop0,mean,4,IGHA1,,,0.7002073526382446
matched_hop0,mean,4,DEGS1,,,0.6001683473587036
matched_hop0,mean,4,AC087379.2,,,0.3229730725288391
matched_hop0,mean,4,AEBP1,,,0.6665515303611755
matched_hop0,mean,4,COL1A2,,,0.6907783150672913
matched_hop0,mean,4,GFRA1,0.0,,0.5231577157974243
matched_hop0,mean,4,COL1A1,,,0.7121535539627075
matched_hop0,mean,4,HLA-E,,,0.5251191258430481
matched_hop0,mean,4,CFB,,,0.6127002239227295
matched_hop0,mean,4,CCL19,,,0.5480058789253235
matched_hop0,mean,4,SNCG,,,0.7775010466575623
matched_hop0,mean,4,IGHG2,,,0.5113536715507507
matched_hop0,pca_ridge,4,CRISP3,0.07831722167991606,0.06268173177803309,0.5848968625068665
matched_hop0,pca_ridge,4,CPB1,0.03793218247175218,0.025190776165910814,1.2034608125686646
matched_hop0,pca_ridge,4,IGHG3,0.5824595940375203,0.5626724795132095,0.7165816426277161
matched_hop0,pca_ridge,4,CD74,0.7700274485119768,0.7783557707139339,0.38030514121055603
matched_hop0,pca_ridge,4,IGLC2,0.47813213983536257,0.4932647613699981,0.9336836338043213
matched_hop0,pca_ridge,4,HLA-B,0.5527624641366687,0.57293724264388,0.3920740783214569
matched_hop0,pca_ridge,4,IGKC,0.5851552458380488,0.5963585478169886,0.759903609752655
matched_hop0,pca_ridge,4,MALAT1,0.6262082435354482,0.6417089042238638,0.5262016654014587
matched_hop0,pca_ridge,4,ALB,0.05891188907325859,0.05926345798367974,0.5600792169570923
matched_hop0,pca_ridge,4,IGHG4,0.5642400705939878,0.5348014193215118,0.5282455086708069
matched_hop0,pca_ridge,4,TFF3,0.32013894345680777,0.2956729308994043,0.43034273386001587
matched_hop0,pca_ridge,4,CXCL14,0.33279885856504743,0.26539419729745833,0.5899553298950195
matched_hop0,pca_ridge,4,IGHG1,0.5513843897347277,0.5347476060906338,0.6792169809341431
matched_hop0,pca_ridge,4,SLITRK6,-0.0026551494839846834,0.028210659011092425,0.35630595684051514
matched_hop0,pca_ridge,4,APOE,0.8446103660647711,0.8463460104638185,0.3486022651195526
matched_hop0,pca_ridge,4,MT-ND2,0.560647271797869,0.5746914551296474,0.49690866470336914
matched_hop0,pca_ridge,4,CALML5,0.334804309808612,0.3542970501105997,0.6461596488952637
matched_hop0,pca_ridge,4,HLA-DRA,0.7248180599845537,0.7137506487882882,0.4041941463947296
matched_hop0,pca_ridge,4,S100G,0.34615465173806576,0.3194980018673353,0.6122544407844543
matched_hop0,pca_ridge,4,LINC00645,0.29432721056159294,0.2882468534115736,0.7151631116867065
matched_hop0,pca_ridge,4,C3,0.7113161481978718,0.6810807070193955,0.4629074037075043
matched_hop0,pca_ridge,4,IGLC3,0.3274450858243331,0.31433552653351066,0.7232790589332581
matched_hop0,pca_ridge,4,IGLC1,0.3389022139390537,0.2974809835470241,0.6972548961639404
matched_hop0,pca_ridge,4,TIMP1,0.697291685392887,0.6863122645503466,0.5063736438751221
matched_hop0,pca_ridge,4,APOC1,0.6944830786755514,0.6769530059572098,0.45329681038856506
matched_hop0,pca_ridge,4,TFF1,0.31698662532550714,0.27828377848892866,0.6391125917434692
matched_hop0,pca_ridge,4,SCGB2A2,0.36107775218123983,0.3441767217662225,0.6483162641525269
matched_hop0,pca_ridge,4,SCGB1D2,0.31640376252484537,0.31653548671033305,0.6282961368560791
matched_hop0,pca_ridge,4,SERPINA3,0.03628738794492651,0.0020697770239644408,0.589509129524231
matched_hop0,pca_ridge,4,LINC00052,0.3199421629192536,0.3118614271658789,0.43443599343299866
matched_hop0,pca_ridge,4,AGR2,0.42708683598970326,0.41865109200278755,0.4382894039154053
matched_hop0,pca_ridge,4,C6orf141,0.026318166455538305,0.07067340178270107,0.328127384185791
matched_hop0,pca_ridge,4,LYZ,0.7251695813537403,0.7347272172935383,0.508791983127594
matched_hop0,pca_ridge,4,CTSD,0.7152020587937002,0.7175915893191234,0.3668840229511261
matched_hop0,pca_ridge,4,HEBP1,0.4990931705214564,0.49627485271606936,0.5270792245864868
matched_hop0,pca_ridge,4,IGHM,0.36184202980045777,0.34459778589682105,0.6691954135894775
matched_hop0,pca_ridge,4,HLA-DRB1,0.6830446354865298,0.6858885719613227,0.4028646945953369
matched_hop0,pca_ridge,4,C1QA,0.7635273524143057,0.7531104920468615,0.4165791869163513
matched_hop0,pca_ridge,4,IGHA1,0.2904083226884162,0.250859847808618,0.7299767136573792
matched_hop0,pca_ridge,4,DEGS1,0.3504566157947189,0.31601350344068635,0.5301775932312012
matched_hop0,pca_ridge,4,AC087379.2,0.16745092045074972,0.20446165553779252,0.4117126762866974
matched_hop0,pca_ridge,4,AEBP1,0.6594909611783679,0.6350476940602263,0.48019298911094666
matched_hop0,pca_ridge,4,COL1A2,0.6809868205984707,0.6718343845371202,0.4671633541584015
matched_hop0,pca_ridge,4,GFRA1,0.2163736446185953,0.23542893039491952,0.5133758783340454
matched_hop0,pca_ridge,4,COL1A1,0.6762352078244512,0.6612801037381821,0.5003533959388733
matched_hop0,pca_ridge,4,HLA-E,0.646743487277799,0.6811969511139366,0.39673298597335815
matched_hop0,pca_ridge,4,CFB,0.1824642678604576,0.16410679299452305,0.5759451985359192
matched_hop0,pca_ridge,4,CCL19,0.4494518323321389,0.3867184023494573,0.4919370114803314
matched_hop0,pca_ridge,4,SNCG,0.35216268369456644,0.3063215427817628,0.6112627387046814
matched_hop0,pca_ridge,4,IGHG2,0.27085222092311895,0.21110577100911956,0.5168265104293823
matched_hop0,spatial_knn,4,CRISP3,0.30461111009894265,0.16473894715328802,0.46681497253925686
matched_hop0,spatial_knn,4,CPB1,0.5771389388748988,0.5946773133133327,0.9847426802943251
matched_hop0,spatial_knn,4,IGHG3,0.26388465261902405,0.12603188742332255,0.7641160758244068
matched_hop0,spatial_knn,4,CD74,0.36476530943263447,0.3714332139376196,0.5131910070378216
matched_hop0,spatial_knn,4,IGLC2,0.255035012102721,0.2510628477279366,0.9565214382730644
matched_hop0,spatial_knn,4,HLA-B,0.4668060971703254,0.46374543496565473,0.4181248821582198
matched_hop0,spatial_knn,4,IGKC,0.17715224841211252,0.07205067601496606,0.8649699403446279
matched_hop0,spatial_knn,4,MALAT1,0.37573734113808654,0.3262498253491638,0.7118254811022418
matched_hop0,spatial_knn,4,ALB,0.1317592976370547,0.05635935216539816,0.5660964914260235
matched_hop0,spatial_knn,4,IGHG4,0.21569162653491789,0.10301198920944622,0.5930274646783781
matched_hop0,spatial_knn,4,TFF3,0.2838548833713631,0.21415112132222625,0.42283369221931366
matched_hop0,spatial_knn,4,CXCL14,0.39116023269189715,0.26527577524771434,0.6049866186498917
matched_hop0,spatial_knn,4,IGHG1,0.22105882647643663,0.1820057304127229,0.758286087151977
matched_hop0,spatial_knn,4,SLITRK6,0.07498940282986342,0.03794877201635064,0.2963723325959209
matched_hop0,spatial_knn,4,APOE,0.30399734058421757,0.3651480604572485,0.6452503989288745
matched_hop0,spatial_knn,4,MT-ND2,0.25793600093933317,0.23605321558928868,0.758061813279758
matched_hop0,spatial_knn,4,CALML5,0.7403357993775223,0.7305581115658613,0.42953602500758914
matched_hop0,spatial_knn,4,HLA-DRA,0.34611782098211785,0.3320390238460865,0.5231135491482624
matched_hop0,spatial_knn,4,S100G,0.18641789292749414,0.14425678069246461,0.7451948983925305
matched_hop0,spatial_knn,4,LINC00645,0.566226836970081,0.5212199057171814,0.5712727597958492
matched_hop0,spatial_knn,4,C3,0.15135554042451405,0.0753560615408151,0.7044619665817108
matched_hop0,spatial_knn,4,IGLC3,0.1644304438970689,0.09633951478930003,0.7519984563244779
matched_hop0,spatial_knn,4,IGLC1,0.1797636791039926,0.19869593449046608,0.8703261526298245
matched_hop0,spatial_knn,4,TIMP1,0.12550383457458747,0.10278162784927787,0.8009707037535866
matched_hop0,spatial_knn,4,APOC1,0.3334214964919069,0.2705036627567206,0.5854680819322183
matched_hop0,spatial_knn,4,TFF1,0.4261523994068406,0.42427318624161886,0.6398677919447194
matched_hop0,spatial_knn,4,SCGB2A2,0.11913544949318039,0.09202414001286054,0.9183958468373374
matched_hop0,spatial_knn,4,SCGB1D2,-0.0035584500300819386,-0.032441523830805175,0.9893873325842792
matched_hop0,spatial_knn,4,SERPINA3,0.30420007043783764,0.3228108840457034,0.48611535090087815
matched_hop0,spatial_knn,4,LINC00052,0.5366837896453087,0.5232412484290653,0.4071562641625606
matched_hop0,spatial_knn,4,AGR2,0.31022396993012685,0.26495420668189285,0.49223805406605897
matched_hop0,spatial_knn,4,C6orf141,0.06201593152047303,0.031503201019476575,0.30272858141036674
matched_hop0,spatial_knn,4,LYZ,0.23481723944638264,0.2737516430099327,0.7075198753006209
matched_hop0,spatial_knn,4,CTSD,0.2938971400071341,0.3327928504616435,0.5012990096604165
matched_hop0,spatial_knn,4,HEBP1,0.3269968409692465,0.2818348108505514,0.7021654294589845
matched_hop0,spatial_knn,4,IGHM,0.2650775309284546,0.20558331166809524,0.6987749436209945
matched_hop0,spatial_knn,4,HLA-DRB1,0.21266723847695285,0.1913092358109312,0.5689959390955923
matched_hop0,spatial_knn,4,C1QA,0.28729759455152515,0.31959763068092395,0.6656024996190645
matched_hop0,spatial_knn,4,IGHA1,0.2200139663860076,0.06017228809261791,0.6869388225455068
matched_hop0,spatial_knn,4,DEGS1,0.38748585781671474,0.3357923489392258,0.5169244552454558
matched_hop0,spatial_knn,4,AC087379.2,0.08498651632580104,0.08705898950365723,0.4124242747150837
matched_hop0,spatial_knn,4,AEBP1,0.2915077446615084,0.2372688070570404,0.6019914886227201
matched_hop0,spatial_knn,4,COL1A2,0.22801754593929346,0.19501414407012121,0.6313247950817947
matched_hop0,spatial_knn,4,GFRA1,0.05969616880987482,0.04960883690217492,0.5340984319202399
matched_hop0,spatial_knn,4,COL1A1,0.14427237282999744,0.05310627515679581,0.6851917962463382
matched_hop0,spatial_knn,4,HLA-E,0.26973765606643085,0.28965546543060533,0.5118316839968553
matched_hop0,spatial_knn,4,CFB,0.5408226378247109,0.5968749858265657,0.4943714257300769
matched_hop0,spatial_knn,4,CCL19,0.15973231885293634,0.12735477991163718,0.5757722828400247
matched_hop0,spatial_knn,4,SNCG,0.5544271538193396,0.5518579891470907,0.5011568901270809
matched_hop0,spatial_knn,4,IGHG2,0.05757992153819147,0.0812416970366855,0.5439173816237598
matched_hop1,mean,4,CRISP3,0.0,,0.6546719074249268
matched_hop1,mean,4,CPB1,,,1.2929320335388184
matched_hop1,mean,4,IGHG3,,,0.7977928519248962
matched_hop1,mean,4,CD74,,,0.5789300203323364
matched_hop1,mean,4,IGLC2,,,0.9246160387992859
matched_hop1,mean,4,HLA-B,,,0.5173699855804443
matched_hop1,mean,4,IGKC,,,0.8383240699768066
matched_hop1,mean,4,MALAT1,0.0,,0.7077241539955139
matched_hop1,mean,4,ALB,,,0.43659794330596924
matched_hop1,mean,4,IGHG4,,,0.5962137579917908
matched_hop1,mean,4,TFF3,,,0.48401153087615967
matched_hop1,mean,4,CXCL14,,,0.7307226061820984
matched_hop1,mean,4,IGHG1,,,0.7321970462799072
matched_hop1,mean,4,SLITRK6,0.0,,0.37609949707984924
matched_hop1,mean,4,APOE,0.0,,0.6470247507095337
matched_hop1,mean,4,MT-ND2,0.0,,0.5929847955703735
matched_hop1,mean,4,CALML5,,,0.6973613500595093
matched_hop1,mean,4,HLA-DRA,,,0.6143076419830322
matched_hop1,mean,4,S100G,0.0,,0.5698551535606384
matched_hop1,mean,4,LINC00645,,,0.8051794171333313
matched_hop1,mean,4,C3,,,0.6570367813110352
matched_hop1,mean,4,IGLC3,,,0.6928877830505371
matched_hop1,mean,4,IGLC1,,,0.718975305557251
matched_hop1,mean,4,TIMP1,,,0.7003111243247986
matched_hop1,mean,4,APOC1,,,0.6678770780563354
matched_hop1,mean,4,TFF1,,,0.7003987431526184
matched_hop1,mean,4,SCGB2A2,,,0.7665771842002869
matched_hop1,mean,4,SCGB1D2,0.0,,0.7520244121551514
matched_hop1,mean,4,SERPINA3,,,0.519359827041626
matched_hop1,mean,4,LINC00052,0.0,,0.45964452624320984
matched_hop1,mean,4,AGR2,,,0.4909168779850006
matched_hop1,mean,4,C6orf141,0.0,,0.33029159903526306
matched_hop1,mean,4,LYZ,,,0.779449462890625
matched_hop1,mean,4,CTSD,,,0.5075235962867737
matched_hop1,mean,4,HEBP1,0.0,,0.6449683904647827
matched_hop1,mean,4,IGHM,0.0,,0.6971294283866882
matched_hop1,mean,4,HLA-DRB1,,,0.5973902344703674
matched_hop1,mean,4,C1QA,,,0.6502656936645508
matched_hop1,mean,4,IGHA1,,,0.7002073526382446
matched_hop1,mean,4,DEGS1,,,0.6001683473587036
matched_hop1,mean,4,AC087379.2,,,0.3229730725288391
matched_hop1,mean,4,AEBP1,,,0.6665515303611755
matched_hop1,mean,4,COL1A2,,,0.6907783150672913
matched_hop1,mean,4,GFRA1,0.0,,0.5231577157974243
matched_hop1,mean,4,COL1A1,,,0.7121535539627075
matched_hop1,mean,4,HLA-E,,,0.5251191258430481
matched_hop1,mean,4,CFB,,,0.6127002239227295
matched_hop1,mean,4,CCL19,,,0.5480058789253235
matched_hop1,mean,4,SNCG,,,0.7775010466575623
matched_hop1,mean,4,IGHG2,,,0.5113536715507507
matched_hop1,pca_ridge,4,CRISP3,0.07831722167991606,0.06268173177803309,0.5848968625068665
matched_hop1,pca_ridge,4,CPB1,0.03793218247175218,0.025190776165910814,1.2034608125686646
matched_hop1,pca_ridge,4,IGHG3,0.5824595940375203,0.5626724795132095,0.7165816426277161
matched_hop1,pca_ridge,4,CD74,0.7700274485119768,0.7783557707139339,0.38030514121055603
matched_hop1,pca_ridge,4,IGLC2,0.47813213983536257,0.4932647613699981,0.9336836338043213
matched_hop1,pca_ridge,4,HLA-B,0.5527624641366687,0.57293724264388,0.3920740783214569
matched_hop1,pca_ridge,4,IGKC,0.5851552458380488,0.5963585478169886,0.759903609752655
matched_hop1,pca_ridge,4,MALAT1,0.6262082435354482,0.6417089042238638,0.5262016654014587
matched_hop1,pca_ridge,4,ALB,0.05891188907325859,0.05926345798367974,0.5600792169570923
matched_hop1,pca_ridge,4,IGHG4,0.5642400705939878,0.5348014193215118,0.5282455086708069
matched_hop1,pca_ridge,4,TFF3,0.32013894345680777,0.2956729308994043,0.43034273386001587
matched_hop1,pca_ridge,4,CXCL14,0.33279885856504743,0.26539419729745833,0.5899553298950195
matched_hop1,pca_ridge,4,IGHG1,0.5513843897347277,0.5347476060906338,0.6792169809341431
matched_hop1,pca_ridge,4,SLITRK6,-0.0026551494839846834,0.028210659011092425,0.35630595684051514
matched_hop1,pca_ridge,4,APOE,0.8446103660647711,0.8463460104638185,0.3486022651195526
matched_hop1,pca_ridge,4,MT-ND2,0.560647271797869,0.5746914551296474,0.49690866470336914
matched_hop1,pca_ridge,4,CALML5,0.334804309808612,0.3542970501105997,0.6461596488952637
matched_hop1,pca_ridge,4,HLA-DRA,0.7248180599845537,0.7137506487882882,0.4041941463947296
matched_hop1,pca_ridge,4,S100G,0.34615465173806576,0.3194980018673353,0.6122544407844543
matched_hop1,pca_ridge,4,LINC00645,0.29432721056159294,0.2882468534115736,0.7151631116867065
matched_hop1,pca_ridge,4,C3,0.7113161481978718,0.6810807070193955,0.4629074037075043
matched_hop1,pca_ridge,4,IGLC3,0.3274450858243331,0.31433552653351066,0.7232790589332581
matched_hop1,pca_ridge,4,IGLC1,0.3389022139390537,0.2974809835470241,0.6972548961639404
matched_hop1,pca_ridge,4,TIMP1,0.697291685392887,0.6863122645503466,0.5063736438751221
matched_hop1,pca_ridge,4,APOC1,0.6944830786755514,0.6769530059572098,0.45329681038856506
matched_hop1,pca_ridge,4,TFF1,0.31698662532550714,0.27828377848892866,0.6391125917434692
matched_hop1,pca_ridge,4,SCGB2A2,0.36107775218123983,0.3441767217662225,0.6483162641525269
matched_hop1,pca_ridge,4,SCGB1D2,0.31640376252484537,0.31653548671033305,0.6282961368560791
matched_hop1,pca_ridge,4,SERPINA3,0.03628738794492651,0.0020697770239644408,0.589509129524231
matched_hop1,pca_ridge,4,LINC00052,0.3199421629192536,0.3118614271658789,0.43443599343299866
matched_hop1,pca_ridge,4,AGR2,0.42708683598970326,0.41865109200278755,0.4382894039154053
matched_hop1,pca_ridge,4,C6orf141,0.026318166455538305,0.07067340178270107,0.328127384185791
matched_hop1,pca_ridge,4,LYZ,0.7251695813537403,0.7347272172935383,0.508791983127594
matched_hop1,pca_ridge,4,CTSD,0.7152020587937002,0.7175915893191234,0.3668840229511261
matched_hop1,pca_ridge,4,HEBP1,0.4990931705214564,0.49627485271606936,0.5270792245864868
matched_hop1,pca_ridge,4,IGHM,0.36184202980045777,0.34459778589682105,0.6691954135894775
matched_hop1,pca_ridge,4,HLA-DRB1,0.6830446354865298,0.6858885719613227,0.4028646945953369
matched_hop1,pca_ridge,4,C1QA,0.7635273524143057,0.7531104920468615,0.4165791869163513
matched_hop1,pca_ridge,4,IGHA1,0.2904083226884162,0.250859847808618,0.7299767136573792
matched_hop1,pca_ridge,4,DEGS1,0.3504566157947189,0.31601350344068635,0.5301775932312012
matched_hop1,pca_ridge,4,AC087379.2,0.16745092045074972,0.20446165553779252,0.4117126762866974
matched_hop1,pca_ridge,4,AEBP1,0.6594909611783679,0.6350476940602263,0.48019298911094666
matched_hop1,pca_ridge,4,COL1A2,0.6809868205984707,0.6718343845371202,0.4671633541584015
matched_hop1,pca_ridge,4,GFRA1,0.2163736446185953,0.23542893039491952,0.5133758783340454
matched_hop1,pca_ridge,4,COL1A1,0.6762352078244512,0.6612801037381821,0.5003533959388733
matched_hop1,pca_ridge,4,HLA-E,0.646743487277799,0.6811969511139366,0.39673298597335815
matched_hop1,pca_ridge,4,CFB,0.1824642678604576,0.16410679299452305,0.5759451985359192
matched_hop1,pca_ridge,4,CCL19,0.4494518323321389,0.3867184023494573,0.4919370114803314
matched_hop1,pca_ridge,4,SNCG,0.35216268369456644,0.3063215427817628,0.6112627387046814
matched_hop1,pca_ridge,4,IGHG2,0.27085222092311895,0.21110577100911956,0.5168265104293823
matched_hop1,spatial_knn,4,CRISP3,0.30461111009894265,0.16473894715328802,0.46681497253925686
matched_hop1,spatial_knn,4,CPB1,0.5771389388748988,0.5946773133133327,0.9847426802943251
matched_hop1,spatial_knn,4,IGHG3,0.26388465261902405,0.12603188742332255,0.7641160758244068
matched_hop1,spatial_knn,4,CD74,0.36476530943263447,0.3714332139376196,0.5131910070378216
matched_hop1,spatial_knn,4,IGLC2,0.255035012102721,0.2510628477279366,0.9565214382730644
matched_hop1,spatial_knn,4,HLA-B,0.4668060971703254,0.46374543496565473,0.4181248821582198
matched_hop1,spatial_knn,4,IGKC,0.17715224841211252,0.07205067601496606,0.8649699403446279
matched_hop1,spatial_knn,4,MALAT1,0.37573734113808654,0.3262498253491638,0.7118254811022418
matched_hop1,spatial_knn,4,ALB,0.1317592976370547,0.05635935216539816,0.5660964914260235
matched_hop1,spatial_knn,4,IGHG4,0.21569162653491789,0.10301198920944622,0.5930274646783781
matched_hop1,spatial_knn,4,TFF3,0.2838548833713631,0.21415112132222625,0.42283369221931366
matched_hop1,spatial_knn,4,CXCL14,0.39116023269189715,0.26527577524771434,0.6049866186498917
matched_hop1,spatial_knn,4,IGHG1,0.22105882647643663,0.1820057304127229,0.758286087151977
matched_hop1,spatial_knn,4,SLITRK6,0.07498940282986342,0.03794877201635064,0.2963723325959209
matched_hop1,spatial_knn,4,APOE,0.30399734058421757,0.3651480604572485,0.6452503989288745
matched_hop1,spatial_knn,4,MT-ND2,0.25793600093933317,0.23605321558928868,0.758061813279758
matched_hop1,spatial_knn,4,CALML5,0.7403357993775223,0.7305581115658613,0.42953602500758914
matched_hop1,spatial_knn,4,HLA-DRA,0.34611782098211785,0.3320390238460865,0.5231135491482624
matched_hop1,spatial_knn,4,S100G,0.18641789292749414,0.14425678069246461,0.7451948983925305
matched_hop1,spatial_knn,4,LINC00645,0.566226836970081,0.5212199057171814,0.5712727597958492
matched_hop1,spatial_knn,4,C3,0.15135554042451405,0.0753560615408151,0.7044619665817108
matched_hop1,spatial_knn,4,IGLC3,0.1644304438970689,0.09633951478930003,0.7519984563244779
matched_hop1,spatial_knn,4,IGLC1,0.1797636791039926,0.19869593449046608,0.8703261526298245
matched_hop1,spatial_knn,4,TIMP1,0.12550383457458747,0.10278162784927787,0.8009707037535866
matched_hop1,spatial_knn,4,APOC1,0.3334214964919069,0.2705036627567206,0.5854680819322183
matched_hop1,spatial_knn,4,TFF1,0.4261523994068406,0.42427318624161886,0.6398677919447194
matched_hop1,spatial_knn,4,SCGB2A2,0.11913544949318039,0.09202414001286054,0.9183958468373374
matched_hop1,spatial_knn,4,SCGB1D2,-0.0035584500300819386,-0.032441523830805175,0.9893873325842792
matched_hop1,spatial_knn,4,SERPINA3,0.30420007043783764,0.3228108840457034,0.48611535090087815
matched_hop1,spatial_knn,4,LINC00052,0.5366837896453087,0.5232412484290653,0.4071562641625606
matched_hop1,spatial_knn,4,AGR2,0.31022396993012685,0.26495420668189285,0.49223805406605897
matched_hop1,spatial_knn,4,C6orf141,0.06201593152047303,0.031503201019476575,0.30272858141036674
matched_hop1,spatial_knn,4,LYZ,0.23481723944638264,0.2737516430099327,0.7075198753006209
matched_hop1,spatial_knn,4,CTSD,0.2938971400071341,0.3327928504616435,0.5012990096604165
matched_hop1,spatial_knn,4,HEBP1,0.3269968409692465,0.2818348108505514,0.7021654294589845
matched_hop1,spatial_knn,4,IGHM,0.2650775309284546,0.20558331166809524,0.6987749436209945
matched_hop1,spatial_knn,4,HLA-DRB1,0.21266723847695285,0.1913092358109312,0.5689959390955923
matched_hop1,spatial_knn,4,C1QA,0.28729759455152515,0.31959763068092395,0.6656024996190645
matched_hop1,spatial_knn,4,IGHA1,0.2200139663860076,0.06017228809261791,0.6869388225455068
matched_hop1,spatial_knn,4,DEGS1,0.38748585781671474,0.3357923489392258,0.5169244552454558
matched_hop1,spatial_knn,4,AC087379.2,0.08498651632580104,0.08705898950365723,0.4124242747150837
matched_hop1,spatial_knn,4,AEBP1,0.2915077446615084,0.2372688070570404,0.6019914886227201
matched_hop1,spatial_knn,4,COL1A2,0.22801754593929346,0.19501414407012121,0.6313247950817947
matched_hop1,spatial_knn,4,GFRA1,0.05969616880987482,0.04960883690217492,0.5340984319202399
matched_hop1,spatial_knn,4,COL1A1,0.14427237282999744,0.05310627515679581,0.6851917962463382
matched_hop1,spatial_knn,4,HLA-E,0.26973765606643085,0.28965546543060533,0.5118316839968553
matched_hop1,spatial_knn,4,CFB,0.5408226378247109,0.5968749858265657,0.4943714257300769
matched_hop1,spatial_knn,4,CCL19,0.15973231885293634,0.12735477991163718,0.5757722828400247
matched_hop1,spatial_knn,4,SNCG,0.5544271538193396,0.5518579891470907,0.5011568901270809
matched_hop1,spatial_knn,4,IGHG2,0.05757992153819147,0.0812416970366855,0.5439173816237598
matched_hop2,mean,4,CRISP3,0.0,,0.6465955376625061
matched_hop2,mean,4,CPB1,,,1.3349496126174927
matched_hop2,mean,4,IGHG3,,,0.7609813809394836
matched_hop2,mean,4,CD74,0.0,,0.5852691531181335
matched_hop2,mean,4,IGLC2,,,0.9003964066505432
matched_hop2,mean,4,HLA-B,,,0.538103461265564
matched_hop2,mean,4,IGKC,0.0,,0.8194959163665771
matched_hop2,mean,4,MALAT1,,,0.7035546898841858
matched_hop2,mean,4,ALB,,,0.4262688457965851
matched_hop2,mean,4,IGHG4,,,0.5720939040184021
matched_hop2,mean,4,TFF3,,,0.4911934733390808
matched_hop2,mean,4,CXCL14,,,0.725400984287262
matched_hop2,mean,4,IGHG1,0.0,,0.6992007493972778
matched_hop2,mean,4,SLITRK6,,,0.3672317862510681
matched_hop2,mean,4,APOE,0.0,,0.6482253074645996
matched_hop2,mean,4,MT-ND2,0.0,,0.592713475227356
matched_hop2,mean,4,CALML5,0.0,,0.7277976870536804
matched_hop2,mean,4,HLA-DRA,,,0.6234564781188965
matched_hop2,mean,4,S100G,0.0,,0.5516052842140198
matched_hop2,mean,4,LINC00645,,,0.7462355494499207
matched_hop2,mean,4,C3,,,0.6312406659126282
matched_hop2,mean,4,IGLC3,,,0.6558632254600525
matched_hop2,mean,4,IGLC1,,,0.6981197595596313
matched_hop2,mean,4,TIMP1,,,0.6865372657775879
matched_hop2,mean,4,APOC1,,,0.686023473739624
matched_hop2,mean,4,TFF1,,,0.7216686010360718
matched_hop2,mean,4,SCGB2A2,,,0.7597665190696716
matched_hop2,mean,4,SCGB1D2,0.0,,0.7462566494941711
matched_hop2,mean,4,SERPINA3,,,0.5052382349967957
matched_hop2,mean,4,LINC00052,0.0,,0.46534228324890137
matched_hop2,mean,4,AGR2,,,0.4823615849018097
matched_hop2,mean,4,C6orf141,,,0.32396742701530457
matched_hop2,mean,4,LYZ,,,0.7992752194404602
matched_hop2,mean,4,CTSD,,,0.4932596981525421
matched_hop2,mean,4,HEBP1,0.0,,0.6386297941207886
matched_hop2,mean,4,IGHM,0.0,,0.6967505812644958
matched_hop2,mean,4,HLA-DRB1,,,0.599921464920044
matched_hop2,mean,4,C1QA,,,0.6381217241287231
matched_hop2,mean,4,IGHA1,,,0.6674003601074219
matched_hop2,mean,4,DEGS1,,,0.599920928478241
matched_hop2,mean,4,AC087379.2,,,0.31754833459854126
matched_hop2,mean,4,AEBP1,,,0.6517419815063477
matched_hop2,mean,4,COL1A2,,,0.6918627023696899
matched_hop2,mean,4,GFRA1,,,0.5114052891731262
matched_hop2,mean,4,COL1A1,,,0.7004141211509705
matched_hop2,mean,4,HLA-E,,,0.5248910188674927
matched_hop2,mean,4,CFB,,,0.6195788383483887
matched_hop2,mean,4,CCL19,0.0,,0.562069833278656
matched_hop2,mean,4,SNCG,0.0,,0.7969920635223389
matched_hop2,mean,4,IGHG2,0.0,,0.49852561950683594
matched_hop2,pca_ridge,4,CRISP3,0.03912388718447495,0.04053708866244454,0.5674241185188293
matched_hop2,pca_ridge,4,CPB1,-0.004308895117370917,-0.009063724285125066,1.2496933937072754
matched_hop2,pca_ridge,4,IGHG3,0.5684264645875942,0.5406765793134113,0.716030478477478
matched_hop2,pca_ridge,4,CD74,0.7707123423395641,0.7796241337313287,0.3826430141925812
matched_hop2,pca_ridge,4,IGLC2,0.46842024281974504,0.49055648891225345,0.9436808824539185
matched_hop2,pca_ridge,4,HLA-B,0.5556860870804952,0.5721361668473107,0.3992084264755249
matched_hop2,pca_ridge,4,IGKC,0.584234412746201,0.5822786456084702,0.7610406875610352
matched_hop2,pca_ridge,4,MALAT1,0.6312872528721216,0.6208942985732467,0.5047589540481567
matched_hop2,pca_ridge,4,ALB,0.044370880200657534,0.04995361135854955,0.5558045506477356
matched_hop2,pca_ridge,4,IGHG4,0.5343979029787876,0.4920119170345986,0.5266731381416321
matched_hop2,pca_ridge,4,TFF3,0.31178163717045904,0.29042359741591633,0.4256964325904846
matched_hop2,pca_ridge,4,CXCL14,0.276827883282371,0.22622272351790373,0.5736779570579529
matched_hop2,pca_ridge,4,IGHG1,0.5405293241746111,0.5121851823214633,0.6735409498214722
matched_hop2,pca_ridge,4,SLITRK6,0.004326145000088598,0.03227351311922704,0.3381146192550659
matched_hop2,pca_ridge,4,APOE,0.8541924722892049,0.8552545819222438,0.3400157690048218
matched_hop2,pca_ridge,4,MT-ND2,0.5607290680374942,0.572539457951856,0.49855390191078186
matched_hop2,pca_ridge,4,CALML5,0.3578155009443506,0.37399049103564164,0.6723216772079468
matched_hop2,pca_ridge,4,HLA-DRA,0.7180267435904106,0.7072728703036987,0.4092477858066559
matched_hop2,pca_ridge,4,S100G,0.3095716616757696,0.28699461822384204,0.6184622645378113
matched_hop2,pca_ridge,4,LINC00645,0.26422740094837166,0.2553708187113581,0.6609086394309998
matched_hop2,pca_ridge,4,C3,0.7002165460081808,0.6716205598773319,0.4531824588775635
matched_hop2,pca_ridge,4,IGLC3,0.3051870094096151,0.3048741782049786,0.7138633131980896
matched_hop2,pca_ridge,4,IGLC1,0.2866821877878737,0.24466721414008974,0.6954780220985413
matched_hop2,pca_ridge,4,TIMP1,0.6873689333041779,0.6823754407333499,0.5052444338798523
matched_hop2,pca_ridge,4,APOC1,0.7124117055057565,0.70379488109355,0.45099642872810364
matched_hop2,pca_ridge,4,TFF1,0.3116450190655327,0.28180935063058454,0.6473594903945923
matched_hop2,pca_ridge,4,SCGB2A2,0.3242772603638698,0.3099384003493493,0.6444907784461975
matched_hop2,pca_ridge,4,SCGB1D2,0.2741016417549606,0.27649688397096783,0.6284462809562683
matched_hop2,pca_ridge,4,SERPINA3,0.020641873589530554,-0.00673417926995038,0.580265998840332
matched_hop2,pca_ridge,4,LINC00052,0.31942842535354393,0.2992536426920236,0.43924733996391296
matched_hop2,pca_ridge,4,AGR2,0.40977195889168044,0.39106001646452343,0.43168556690216064
matched_hop2,pca_ridge,4,C6orf141,0.028505007779940875,0.06556695523253331,0.32096484303474426
matched_hop2,pca_ridge,4,LYZ,0.7349749141139319,0.7452981424519682,0.5094962120056152
matched_hop2,pca_ridge,4,CTSD,0.7370303431561809,0.7259003630272183,0.3487013876438141
matched_hop2,pca_ridge,4,HEBP1,0.480945822056211,0.47856975234927185,0.5201168060302734
matched_hop2,pca_ridge,4,IGHM,0.3295373963753253,0.3145060902682676,0.6826190948486328
matched_hop2,pca_ridge,4,HLA-DRB1,0.6902188237038346,0.6940905613269338,0.39167845249176025
matched_hop2,pca_ridge,4,C1QA,0.7752036009715108,0.7661613484533717,0.39844226837158203
matched_hop2,pca_ridge,4,IGHA1,0.2555307890269867,0.21831172380060865,0.7214328050613403
matched_hop2,pca_ridge,4,DEGS1,0.3330643769114717,0.2851112282027113,0.5237365961074829
matched_hop2,pca_ridge,4,AC087379.2,0.15805827203502001,0.19263865564786076,0.414469838142395
matched_hop2,pca_ridge,4,AEBP1,0.6540000211812592,0.6272080908746068,0.46832460165023804
matched_hop2,pca_ridge,4,COL1A2,0.6885496590328041,0.6728131748588028,0.45608580112457275
matched_hop2,pca_ridge,4,GFRA1,0.2454087749740352,0.26016456240684904,0.496298223733902
matched_hop2,pca_ridge,4,COL1A1,0.6852609933018827,0.6667567451699076,0.4829865097999573
matched_hop2,pca_ridge,4,HLA-E,0.6515025650959237,0.6858038779822176,0.3925231695175171
matched_hop2,pca_ridge,4,CFB,0.14500815510312615,0.13373881113446207,0.5854443311691284
matched_hop2,pca_ridge,4,CCL19,0.4739854296410184,0.4196760157927727,0.4985092878341675
matched_hop2,pca_ridge,4,SNCG,0.2853387297735845,0.2500362072692383,0.6186836957931519
matched_hop2,pca_ridge,4,IGHG2,0.2604424073115962,0.20214604676808656,0.5101216435432434
matched_hop2,spatial_knn,4,CRISP3,0.17991867776568177,0.10978755325414319,0.4558726338550157
matched_hop2,spatial_knn,4,CPB1,0.5992730296606692,0.6062082296639894,1.0228132818029452
matched_hop2,spatial_knn,4,IGHG3,0.0298174829102316,-0.028038357581416783,0.7702192576516711
matched_hop2,spatial_knn,4,CD74,0.33684656797398216,0.3489757464493558,0.5325989648823543
matched_hop2,spatial_knn,4,IGLC2,0.08652244790526296,0.14310256712338815,0.978871981758336
matched_hop2,spatial_knn,4,HLA-B,0.42773502645719685,0.42605564068729895,0.43591273548453136
matched_hop2,spatial_knn,4,IGKC,-0.03686373738346741,-0.049285940095789585,0.8838532909846923
matched_hop2,spatial_knn,4,MALAT1,0.2693647451228239,0.21754812503778934,0.7308769581736441
matched_hop2,spatial_knn,4,ALB,0.09810244587159773,0.046920818528686375,0.5811844738173784
matched_hop2,spatial_knn,4,IGHG4,0.04159405378689602,0.011141758921002777,0.5928687493055567
matched_hop2,spatial_knn,4,TFF3,0.20343721263313838,0.15451791385218644,0.42954233553371113
matched_hop2,spatial_knn,4,CXCL14,0.2867525450071166,0.17413046388077516,0.6204179694120214
matched_hop2,spatial_knn,4,IGHG1,0.03295605148261741,0.08748190777361983,0.7653023900098065
matched_hop2,spatial_knn,4,SLITRK6,-0.027119527226178112,-0.013767958879381169,0.28152396358987414
matched_hop2,spatial_knn,4,APOE,0.29157073193683103,0.35683735294852376,0.6589902406404805
matched_hop2,spatial_knn,4,MT-ND2,0.2718168074600109,0.23999645915076906,0.7930149003584649
matched_hop2,spatial_knn,4,CALML5,0.7492926153127814,0.7425689119769989,0.43440970012912233
matched_hop2,spatial_knn,4,HLA-DRA,0.32608682076533674,0.3119845523363671,0.5371592484526595
matched_hop2,spatial_knn,4,S100G,0.14850055617765803,0.10480679322486486,0.7672484151437877
matched_hop2,spatial_knn,4,LINC00645,0.5059986126083389,0.45176638106351874,0.5764261294124049
matched_hop2,spatial_knn,4,C3,0.01763542117331393,-0.013734893956503642,0.7126421460667515
matched_hop2,spatial_knn,4,IGLC3,-0.038455833623304625,-0.00452123533554788,0.7543367100525836
matched_hop2,spatial_knn,4,IGLC1,0.08104661145441323,0.13455203764910176,0.8863095823583608
matched_hop2,spatial_knn,4,TIMP1,-0.0015854373101856407,0.02635956045646107,0.8227621229555002
matched_hop2,spatial_knn,4,APOC1,0.34598595486674405,0.28666073027839684,0.5972740656473393
matched_hop2,spatial_knn,4,TFF1,0.4233810792803094,0.42075990978546945,0.6532761552431839
matched_hop2,spatial_knn,4,SCGB2A2,0.016632301785818666,-0.014557996714633566,0.9601076525280084
matched_hop2,spatial_knn,4,SCGB1D2,-0.10334242081261527,-0.14057316428696356,1.040245981291214
matched_hop2,spatial_knn,4,SERPINA3,0.2868060991455309,0.30741784550327733,0.4766300976684886
matched_hop2,spatial_knn,4,LINC00052,0.5078502768799262,0.5101195825009425,0.42913565784665697
matched_hop2,spatial_knn,4,AGR2,0.26650609351160587,0.21362863994585077,0.4933841115525205
matched_hop2,spatial_knn,4,C6orf141,0.05153966848271551,0.028679608324073874,0.2990224964829128
matched_hop2,spatial_knn,4,LYZ,0.26063812077520987,0.27971168137102426,0.7194153382820317
matched_hop2,spatial_knn,4,CTSD,0.24570961961117707,0.2993288988696783,0.5004538765339798
matched_hop2,spatial_knn,4,HEBP1,0.2510447824425079,0.20219104420839276,0.7322698705165199
matched_hop2,spatial_knn,4,IGHM,0.20368464070372597,0.13645971410111402,0.7125709678424035
matched_hop2,spatial_knn,4,HLA-DRB1,0.19660430923397218,0.16514502834990685,0.5744633282917964
matched_hop2,spatial_knn,4,C1QA,0.263553643622115,0.3044804059170178,0.6709823050440723
matched_hop2,spatial_knn,4,IGHA1,0.020444832356022236,-0.005317967109104173,0.684399957272073
matched_hop2,spatial_knn,4,DEGS1,0.3657903694736972,0.29372956757828045,0.5103274627158277
matched_hop2,spatial_knn,4,AC087379.2,0.06729741348341817,0.06531732316245376,0.4177292212113735
matched_hop2,spatial_knn,4,AEBP1,0.1810543615070718,0.192838941985204,0.5970076272270387
matched_hop2,spatial_knn,4,COL1A2,0.11340109126542629,0.13013538570471492,0.6419317654014901
matched_hop2,spatial_knn,4,GFRA1,0.027687504657295445,0.017940267227443324,0.5274366547522392
matched_hop2,spatial_knn,4,COL1A1,0.019496401374544996,-0.013418196774560177,0.6878816251888862
matched_hop2,spatial_knn,4,HLA-E,0.24298702784343482,0.26437996014077186,0.5198290462366781
matched_hop2,spatial_knn,4,CFB,0.5478667950198453,0.6080274998041816,0.4996532168131432
matched_hop2,spatial_knn,4,CCL19,0.14850043151538075,0.12014821101125879,0.5983130734278739
matched_hop2,spatial_knn,4,SNCG,0.5305839405343786,0.5249853792567419,0.49747701801223354
matched_hop2,spatial_knn,4,IGHG2,-0.0029289825944528096,0.043518240953173054,0.5416143917414105
matched_hop5,mean,4,CRISP3,0.0,,0.6436485648155212
matched_hop5,mean,4,CPB1,0.0,,1.0022695064544678
matched_hop5,mean,4,IGHG3,,,0.7430500388145447
matched_hop5,mean,4,CD74,0.0,,0.6296112537384033
matched_hop5,mean,4,IGLC2,,,0.8982773423194885
matched_hop5,mean,4,HLA-B,,,0.5490849018096924
matched_hop5,mean,4,IGKC,,,0.8286420106887817
matched_hop5,mean,4,MALAT1,0.0,,0.7083367109298706
matched_hop5,mean,4,ALB,,,0.4308582544326782
matched_hop5,mean,4,IGHG4,,,0.5577162504196167
matched_hop5,mean,4,TFF3,0.0,,0.5412453413009644
matched_hop5,mean,4,CXCL14,,,0.7258976101875305
matched_hop5,mean,4,IGHG1,,,0.7075585126876831
matched_hop5,mean,4,SLITRK6,0.0,,0.3633182644844055
matched_hop5,mean,4,APOE,0.0,,0.7337871789932251
matched_hop5,mean,4,MT-ND2,,,0.5772098302841187
matched_hop5,mean,4,CALML5,0.0,,0.8922570943832397
matched_hop5,mean,4,HLA-DRA,,,0.7053387761116028
matched_hop5,mean,4,S100G,0.0,,0.5497434139251709
matched_hop5,mean,4,LINC00645,,,0.507897138595581
matched_hop5,mean,4,C3,,,0.6579912900924683
matched_hop5,mean,4,IGLC3,0.0,,0.6565958857536316
matched_hop5,mean,4,IGLC1,,,0.6494255661964417
matched_hop5,mean,4,TIMP1,,,0.7083489894866943
matched_hop5,mean,4,APOC1,,,0.7864945530891418
matched_hop5,mean,4,TFF1,,,0.868423581123352
matched_hop5,mean,4,SCGB2A2,,,0.6870653033256531
matched_hop5,mean,4,SCGB1D2,,,0.6784193515777588
matched_hop5,mean,4,SERPINA3,0.0,,0.4832286536693573
matched_hop5,mean,4,LINC00052,,,0.4232390522956848
matched_hop5,mean,4,AGR2,,,0.48479777574539185
matched_hop5,mean,4,C6orf141,,,0.30575230717658997
matched_hop5,mean,4,LYZ,,,0.8772161602973938
matched_hop5,mean,4,CTSD,,,0.5381835103034973
matched_hop5,mean,4,HEBP1,0.0,,0.5772854685783386
matched_hop5,mean,4,IGHM,0.0,,0.6097703576087952
matched_hop5,mean,4,HLA-DRB1,,,0.688201367855072
matched_hop5,mean,4,C1QA,,,0.6783022284507751
matched_hop5,mean,4,IGHA1,,,0.6247520446777344
matched_hop5,mean,4,DEGS1,0.0,,0.6283559799194336
matched_hop5,mean,4,AC087379.2,,,0.3028890788555145
matched_hop5,mean,4,AEBP1,,,0.641086757183075
matched_hop5,mean,4,COL1A2,,,0.6730328798294067
matched_hop5,mean,4,GFRA1,,,0.512898862361908
matched_hop5,mean,4,COL1A1,,,0.6864466071128845
matched_hop5,mean,4,HLA-E,,,0.5357345342636108
matched_hop5,mean,4,CFB,,,0.5190151929855347
matched_hop5,mean,4,CCL19,,,0.6537371873855591
matched_hop5,mean,4,SNCG,,,0.8900011777877808
matched_hop5,mean,4,IGHG2,0.0,,0.5264611840248108
matched_hop5,pca_ridge,4,CRISP3,0.05032713404689441,0.07850186230250021,0.5345451235771179
matched_hop5,pca_ridge,4,CPB1,-0.001703082943918538,0.046677317995094565,0.9782930016517639
matched_hop5,pca_ridge,4,IGHG3,0.6005970587584821,0.5737389934508849,0.731134831905365
matched_hop5,pca_ridge,4,CD74,0.7755131082409544,0.784964521654025,0.38496100902557373
matched_hop5,pca_ridge,4,IGLC2,0.49719297459926703,0.5287637410596701,1.029674768447876
matched_hop5,pca_ridge,4,HLA-B,0.4664648781922377,0.4899901272722135,0.39354434609413147
matched_hop5,pca_ridge,4,IGKC,0.575738513960614,0.568866162587107,0.837665855884552
matched_hop5,pca_ridge,4,MALAT1,0.5937081601465286,0.5938627466245523,0.5233256816864014
matched_hop5,pca_ridge,4,ALB,0.03301093846471079,0.03319570242693437,0.5640165209770203
matched_hop5,pca_ridge,4,IGHG4,0.4951090390576631,0.44306478614351325,0.5607007145881653
matched_hop5,pca_ridge,4,TFF3,0.343501345537315,0.35917245526677877,0.4562583565711975
matched_hop5,pca_ridge,4,CXCL14,0.10624246767134808,0.12368993246713865,0.5508596897125244
matched_hop5,pca_ridge,4,IGHG1,0.5303134278986638,0.5055056180667876,0.7188836932182312
matched_hop5,pca_ridge,4,SLITRK6,0.01949284723301986,0.04517947556991887,0.3206982910633087
matched_hop5,pca_ridge,4,APOE,0.8747492625624307,0.8931611723937118,0.35733291506767273
matched_hop5,pca_ridge,4,MT-ND2,0.4895916310353439,0.48170035575363646,0.5065832138061523
matched_hop5,pca_ridge,4,CALML5,0.2881043977605323,0.2479254605981178,0.8102665543556213
matched_hop5,pca_ridge,4,HLA-DRA,0.6657054422825754,0.6576212110619989,0.45455092191696167
matched_hop5,pca_ridge,4,S100G,0.2886090459468954,0.2606062512624622,0.6157011389732361
matched_hop5,pca_ridge,4,LINC00645,0.1938409779146235,0.1660153822089377,0.445553183555603
matched_hop5,pca_ridge,4,C3,0.7433785959539807,0.7338284576717266,0.4410370886325836
matched_hop5,pca_ridge,4,IGLC3,0.2835329578018819,0.29533066410371295,0.7797242403030396
matched_hop5,pca_ridge,4,IGLC1,0.25699892837035465,0.24270159936865396,0.6919487118721008
matched_hop5,pca_ridge,4,TIMP1,0.6966273056019702,0.7309912543041187,0.5298990607261658
matched_hop5,pca_ridge,4,APOC1,0.7489321141037304,0.7629827231735722,0.47432565689086914
matched_hop5,pca_ridge,4,TFF1,0.40097038157751225,0.36558061330769487,0.7486965656280518
matched_hop5,pca_ridge,4,SCGB2A2,0.26639886557879433,0.2301583166978683,0.6561272144317627
matched_hop5,pca_ridge,4,SCGB1D2,0.2651272605193058,0.24547708504966048,0.6457571387290955
matched_hop5,pca_ridge,4,SERPINA3,0.08038952690796929,0.05466129199260502,0.5551444292068481
matched_hop5,pca_ridge,4,LINC00052,0.18555167978611586,0.1672595446922259,0.39736804366111755
matched_hop5,pca_ridge,4,AGR2,0.26797165056535666,0.2440593260327903,0.44090279936790466
matched_hop5,pca_ridge,4,C6orf141,0.07507631416807928,0.11069243739035062,0.29723060131073
matched_hop5,pca_ridge,4,LYZ,0.7226391392878242,0.740244722945812,0.5177325010299683
matched_hop5,pca_ridge,4,CTSD,0.7925142325418987,0.8000823803062609,0.3541136384010315
matched_hop5,pca_ridge,4,HEBP1,0.42847289439952524,0.4195779754581524,0.5057789087295532
matched_hop5,pca_ridge,4,IGHM,0.26370359832628604,0.2575729531943659,0.6818909049034119
matched_hop5,pca_ridge,4,HLA-DRB1,0.6623014532229142,0.6722522421449966,0.4229569137096405
matched_hop5,pca_ridge,4,C1QA,0.8151582197019469,0.8142032145404178,0.375611275434494
matched_hop5,pca_ridge,4,IGHA1,0.27145769165927647,0.23933836008974652,0.7451456189155579
matched_hop5,pca_ridge,4,DEGS1,0.05731901533543222,0.03663321488987524,0.5274618864059448
matched_hop5,pca_ridge,4,AC087379.2,0.13703312434668177,0.15058356817413435,0.41152921319007874
matched_hop5,pca_ridge,4,AEBP1,0.7035950283378076,0.6814993485840556,0.44328781962394714
matched_hop5,pca_ridge,4,COL1A2,0.7063189307399971,0.6700360503211005,0.44190025329589844
matched_hop5,pca_ridge,4,GFRA1,0.25514957297564156,0.26681165171069265,0.47302669286727905
matched_hop5,pca_ridge,4,COL1A1,0.6796633146482216,0.6642459408061946,0.48645633459091187
matched_hop5,pca_ridge,4,HLA-E,0.6406094599729216,0.6662011093576942,0.38374093174934387
matched_hop5,pca_ridge,4,CFB,0.0880235128101793,0.05042858514065396,0.5273846983909607
matched_hop5,pca_ridge,4,CCL19,0.43614194652764393,0.43782561839206613,0.5799999833106995
matched_hop5,pca_ridge,4,SNCG,0.16058715137261023,0.15769225338355347,0.6823812127113342
matched_hop5,pca_ridge,4,IGHG2,0.24428803084413514,0.18050949826687926,0.5419327020645142
matched_hop5,spatial_knn,4,CRISP3,0.04316206379773449,0.048236863690410525,0.3956175928004517
matched_hop5,spatial_knn,4,CPB1,0.4540862484247062,0.4167275003335115,0.8640045328283872
matched_hop5,spatial_knn,4,IGHG3,-0.22281549749071067,-0.3442270630030601,0.7764320558990941
matched_hop5,spatial_knn,4,CD74,0.4340076935945023,0.44572869630980716,0.613793027571028
matched_hop5,spatial_knn,4,IGLC2,-0.07670806991450937,0.053448464534457896,0.9143331486850289
matched_hop5,spatial_knn,4,HLA-B,0.14661917315207934,0.19733259394954772,0.4555748565892431
matched_hop5,spatial_knn,4,IGKC,-0.29114536582518363,-0.3551923425241262,0.8939881439958568
matched_hop5,spatial_knn,4,MALAT1,-0.012775713741171205,-0.00847901486817562,0.6707986643849624
matched_hop5,spatial_knn,4,ALB,0.09901941208401577,0.052585108660139775,0.6700213670462796
matched_hop5,spatial_knn,4,IGHG4,-0.08982723575202692,-0.11806929119243002,0.5954001450807643
matched_hop5,spatial_knn,4,TFF3,0.001471320060826266,-0.009020564094579265,0.4881025207166736
matched_hop5,spatial_knn,4,CXCL14,-0.10729855745068104,-0.12644009032641007,0.5574691308312919
matched_hop5,spatial_knn,4,IGHG1,-0.025827506027090986,0.09200442327430339,0.7493870917602411
matched_hop5,spatial_knn,4,SLITRK6,-0.0030800626937623893,-0.01046141893726341,0.24910546860588226
matched_hop5,spatial_knn,4,APOE,0.4301441322101493,0.4586773392988221,0.7716616492679185
matched_hop5,spatial_knn,4,MT-ND2,0.16182569542552835,0.1290011261654105,0.7981219340411622
matched_hop5,spatial_knn,4,CALML5,0.6717813100014418,0.6017925720469458,0.49183703035540305
matched_hop5,spatial_knn,4,HLA-DRA,0.40933896531120556,0.4064784524259689,0.6200617502180609
matched_hop5,spatial_knn,4,S100G,0.0259560325458103,0.011710940496556936,0.8672749073636858
matched_hop5,spatial_knn,4,LINC00645,0.014050064182559665,-0.002650934837608495,0.6274955240343681
matched_hop5,spatial_knn,4,C3,-0.1234004838952605,-0.09494917150783297,0.8076083219078845
matched_hop5,spatial_knn,4,IGLC3,-0.1632993540481529,-0.1591788336798749,0.715966015680094
matched_hop5,spatial_knn,4,IGLC1,0.10141949953531196,0.1594562391347889,0.7189532237944247
matched_hop5,spatial_knn,4,TIMP1,-0.13738244326355228,-0.02986846882248044,0.9375423483994431
matched_hop5,spatial_knn,4,APOC1,0.5083594436381662,0.446590710488435,0.6618753473834778
matched_hop5,spatial_knn,4,TFF1,0.22930359601460368,0.18260866301228842,0.7623899806148119
matched_hop5,spatial_knn,4,SCGB2A2,-0.2536484593735678,-0.2368739059657089,1.190022242703142
matched_hop5,spatial_knn,4,SCGB1D2,-0.30009277653688693,-0.2634128599167466,1.3228997651961572
matched_hop5,spatial_knn,4,SERPINA3,0.06066059337894263,0.08778878804768957,0.4734041188400854
matched_hop5,spatial_knn,4,LINC00052,0.26667413511544863,0.2967322604195821,0.5467704310918938
matched_hop5,spatial_knn,4,AGR2,-0.020496812303157346,-0.055683279774370605,0.5186495795987871
matched_hop5,spatial_knn,4,C6orf141,0.00274936895856602,0.018967682651104167,0.2853022444591511
matched_hop5,spatial_knn,4,LYZ,0.20564822543500216,0.209748313554595,0.8054901895320405
matched_hop5,spatial_knn,4,CTSD,0.3506318910379733,0.41439780552210204,0.582621052944325
matched_hop5,spatial_knn,4,HEBP1,-0.026466132025504466,-0.06113001156935538,0.9129320872615284
matched_hop5,spatial_knn,4,IGHM,-0.048134703390547574,-0.10498365979274465,0.6518726977707359
matched_hop5,spatial_knn,4,HLA-DRB1,0.18926123094512845,0.16628568257173607,0.6785077803228904
matched_hop5,spatial_knn,4,C1QA,0.3552970042179204,0.3917689147552802,0.7530104459302361
matched_hop5,spatial_knn,4,IGHA1,-0.09373215522383746,-0.17657480030268904,0.5857154628506555
matched_hop5,spatial_knn,4,DEGS1,0.08597205595157491,0.02780751637517593,0.49150774550221266
matched_hop5,spatial_knn,4,AC087379.2,-0.10105270760296141,-0.07654154444994242,0.45289149161536685
matched_hop5,spatial_knn,4,AEBP1,0.26853380974323293,0.2614791929027584,0.5925120433503211
matched_hop5,spatial_knn,4,COL1A2,0.06664713524004592,0.08793489969780648,0.6196488488518249
matched_hop5,spatial_knn,4,GFRA1,-0.2322029783129554,-0.24583689820223936,0.5435446019554889
matched_hop5,spatial_knn,4,COL1A1,-0.13843444286750312,-0.15704750965453806,0.6939840304628826
matched_hop5,spatial_knn,4,HLA-E,0.15979303055902402,0.14516820329044985,0.5683586976366152
matched_hop5,spatial_knn,4,CFB,0.5425231069745323,0.539588832098069,0.4404510794974799
matched_hop5,spatial_knn,4,CCL19,0.0626737064355809,0.07558004320158992,0.7276926637570127
matched_hop5,spatial_knn,4,SNCG,0.3114718180285292,0.22154194828275436,0.5047064060774208
matched_hop5,spatial_knn,4,IGHG2,-0.07976310111239358,-0.030636909538428715,0.5571148537537419
matched_coord0.25,mean,4,CRISP3,0.0,,0.6419338583946228
matched_coord0.25,mean,4,CPB1,0.0,,1.3794668912887573
matched_coord0.25,mean,4,IGHG3,,,0.7419383525848389
matched_coord0.25,mean,4,CD74,0.0,,0.6000152230262756
matched_coord0.25,mean,4,IGLC2,0.0,,0.9095902442932129
matched_coord0.25,mean,4,HLA-B,0.0,,0.5622510313987732
matched_coord0.25,mean,4,IGKC,,,0.8236492872238159
matched_coord0.25,mean,4,MALAT1,0.0,,0.7114264965057373
matched_coord0.25,mean,4,ALB,,,0.4221542179584503
matched_coord0.25,mean,4,IGHG4,,,0.5562004446983337
matched_coord0.25,mean,4,TFF3,0.0,,0.5145289897918701
matched_coord0.25,mean,4,CXCL14,,,0.7136340141296387
matched_coord0.25,mean,4,IGHG1,,,0.702772855758667
matched_coord0.25,mean,4,SLITRK6,,,0.36348065733909607
matched_coord0.25,mean,4,APOE,0.0,,0.6708996891975403
matched_coord0.25,mean,4,MT-ND2,,,0.5812619924545288
matched_coord0.25,mean,4,CALML5,0.0,,0.7540708184242249
matched_coord0.25,mean,4,HLA-DRA,,,0.6519039869308472
matched_coord0.25,mean,4,S100G,0.0,,0.5334126353263855
matched_coord0.25,mean,4,LINC00645,0.0,,0.621656060218811
matched_coord0.25,mean,4,C3,,,0.6263541579246521
matched_coord0.25,mean,4,IGLC3,0.0,,0.6543125510215759
matched_coord0.25,mean,4,IGLC1,0.0,,0.6598218679428101
matched_coord0.25,mean,4,TIMP1,,,0.6896418929100037
matched_coord0.25,mean,4,APOC1,,,0.724380373954773
matched_coord0.25,mean,4,TFF1,,,0.7605660557746887
matched_coord0.25,mean,4,SCGB2A2,0.0,,0.7357502579689026
matched_coord0.25,mean,4,SCGB1D2,,,0.7298629879951477
matched_coord0.25,mean,4,SERPINA3,0.0,,0.4852113723754883
matched_coord0.25,mean,4,LINC00052,0.0,,0.40869757533073425
matched_coord0.25,mean,4,AGR2,0.0,,0.47699877619743347
matched_coord0.25,mean,4,C6orf141,,,0.31416746973991394
matched_coord0.25,mean,4,LYZ,,,0.8316124081611633
matched_coord0.25,mean,4,CTSD,,,0.49152764678001404
matched_coord0.25,mean,4,HEBP1,,,0.598818838596344
matched_coord0.25,mean,4,IGHM,,,0.6998046636581421
matched_coord0.25,mean,4,HLA-DRB1,,,0.6264171600341797
matched_coord0.25,mean,4,C1QA,,,0.6399940252304077
matched_coord0.25,mean,4,IGHA1,,,0.6386813521385193
matched_coord0.25,mean,4,DEGS1,,,0.6078059673309326
matched_coord0.25,mean,4,AC087379.2,,,0.30755165219306946
matched_coord0.25,mean,4,AEBP1,,,0.6427438855171204
matched_coord0.25,mean,4,COL1A2,0.0,,0.6716315746307373
matched_coord0.25,mean,4,GFRA1,,,0.5039839744567871
matched_coord0.25,mean,4,COL1A1,,,0.6917779445648193
matched_coord0.25,mean,4,HLA-E,0.0,,0.5270322561264038
matched_coord0.25,mean,4,CFB,,,0.6230864524841309
matched_coord0.25,mean,4,CCL19,,,0.5869920253753662
matched_coord0.25,mean,4,SNCG,,,0.8059901595115662
matched_coord0.25,mean,4,IGHG2,,,0.5092213153839111
matched_coord0.25,pca_ridge,4,CRISP3,0.03751863446264389,0.04537751358352866,0.5553776621818542
matched_coord0.25,pca_ridge,4,CPB1,-0.05236949453121361,-0.045476978653402444,1.3001631498336792
matched_coord0.25,pca_ridge,4,IGHG3,0.5732091782546265,0.5341717298109263,0.7202680706977844
matched_coord0.25,pca_ridge,4,CD74,0.7770718058082584,0.7846129683402621,0.3814338147640228
matched_coord0.25,pca_ridge,4,IGLC2,0.47369654874813594,0.5005908759170806,0.976757824420929
matched_coord0.25,pca_ridge,4,HLA-B,0.5448757464759827,0.5602596647952744,0.4015848636627197
matched_coord0.25,pca_ridge,4,IGKC,0.5818166062377961,0.5796389858268507,0.7882047295570374
matched_coord0.25,pca_ridge,4,MALAT1,0.6140366194297913,0.5990438959688319,0.5116872787475586
matched_coord0.25,pca_ridge,4,ALB,0.05394057366411915,0.05970970395510971,0.5526639223098755
matched_coord0.25,pca_ridge,4,IGHG4,0.522985474869977,0.4736784134400153,0.5314111709594727
matched_coord0.25,pca_ridge,4,TFF3,0.3088907015664137,0.31046793303520176,0.43531617522239685
matched_coord0.25,pca_ridge,4,CXCL14,0.18522639096014018,0.17872975923234038,0.5582149028778076
matched_coord0.25,pca_ridge,4,IGHG1,0.5354716128637812,0.5079506429543851,0.6910632848739624
matched_coord0.25,pca_ridge,4,SLITRK6,0.01224447225408481,0.03803847521355458,0.3267669379711151
matched_coord0.25,pca_ridge,4,APOE,0.8599824153750437,0.8628034397666968,0.34213048219680786
matched_coord0.25,pca_ridge,4,MT-ND2,0.5363819786224183,0.5450153864866049,0.49632692337036133
matched_coord0.25,pca_ridge,4,CALML5,0.37482422329492254,0.3908285227060828,0.6935839653015137
matched_coord0.25,pca_ridge,4,HLA-DRA,0.7055981686552097,0.695950406754851,0.42123010754585266
matched_coord0.25,pca_ridge,4,S100G,0.2793277240832819,0.2614121768769553,0.6166497468948364
matched_coord0.25,pca_ridge,4,LINC00645,0.2420320442094238,0.2263793057000908,0.5502857565879822
matched_coord0.25,pca_ridge,4,C3,0.7164597223503846,0.6912246426587453,0.43965306878089905
matched_coord0.25,pca_ridge,4,IGLC3,0.31403002395330915,0.3183087942552888,0.7286540269851685
matched_coord0.25,pca_ridge,4,IGLC1,0.2603389461450957,0.23554757094148554,0.6845170855522156
matched_coord0.25,pca_ridge,4,TIMP1,0.7027314902988724,0.7070825659125423,0.5032793283462524
matched_coord0.25,pca_ridge,4,APOC1,0.728333173156876,0.726506598745314,0.45705750584602356
matched_coord0.25,pca_ridge,4,TFF1,0.3431815060136649,0.30770675175217443,0.6670318245887756
matched_coord0.25,pca_ridge,4,SCGB2A2,0.2851219459271775,0.26804164475311204,0.6401820778846741
matched_coord0.25,pca_ridge,4,SCGB1D2,0.22915908028942977,0.22209824831384023,0.631933331489563
matched_coord0.25,pca_ridge,4,SERPINA3,0.07079704588287364,0.035578225315834926,0.5480629801750183
matched_coord0.25,pca_ridge,4,LINC00052,0.26027766865204943,0.2405802839422021,0.38610923290252686
matched_coord0.25,pca_ridge,4,AGR2,0.40428744086953994,0.3731013375949768,0.42109960317611694
matched_coord0.25,pca_ridge,4,C6orf141,0.05105510944643771,0.09472291989402536,0.3059198558330536
matched_coord0.25,pca_ridge,4,LYZ,0.7418630300517692,0.7489278521863286,0.5093690156936646
matched_coord0.25,pca_ridge,4,CTSD,0.7534016800531962,0.743778416402221,0.34064343571662903
matched_coord0.25,pca_ridge,4,HEBP1,0.4404797883544658,0.43492453930438263,0.5002193450927734
matched_coord0.25,pca_ridge,4,IGHM,0.30731094305695067,0.29107988140595503,0.6979513168334961
matched_coord0.25,pca_ridge,4,HLA-DRB1,0.6881360066371343,0.6968224120045712,0.3943781554698944
matched_coord0.25,pca_ridge,4,C1QA,0.7917842853115651,0.7841225632168501,0.38006162643432617
matched_coord0.25,pca_ridge,4,IGHA1,0.2405319094581806,0.2207006934558157,0.7236829400062561
matched_coord0.25,pca_ridge,4,DEGS1,0.28221246837737746,0.2229732705041987,0.52298504114151
matched_coord0.25,pca_ridge,4,AC087379.2,0.1715755144839003,0.19037494026482238,0.4103257656097412
matched_coord0.25,pca_ridge,4,AEBP1,0.673550183008976,0.6413246591047651,0.45560309290885925
matched_coord0.25,pca_ridge,4,COL1A2,0.7123169460518524,0.6863226378079249,0.4302835762500763
matched_coord0.25,pca_ridge,4,GFRA1,0.29236052326138606,0.29993585458240873,0.47633272409439087
matched_coord0.25,pca_ridge,4,COL1A1,0.6983554313773687,0.6803812474858112,0.472292959690094
matched_coord0.25,pca_ridge,4,HLA-E,0.6524434224412863,0.6731627606201432,0.38442888855934143
matched_coord0.25,pca_ridge,4,CFB,0.19777468172303472,0.1832281033369373,0.585055410861969
matched_coord0.25,pca_ridge,4,CCL19,0.46280896959471485,0.4299605065941815,0.5214374661445618
matched_coord0.25,pca_ridge,4,SNCG,0.21642135216106434,0.1987938340594569,0.6242826581001282
matched_coord0.25,pca_ridge,4,IGHG2,0.25178105290028024,0.19287290285101133,0.5206948518753052
matched_coord0.25,spatial_knn,4,CRISP3,0.12086609606250615,0.07105476541982447,0.4575318704102241
matched_coord0.25,spatial_knn,4,CPB1,0.60031662391067,0.5993506087610766,1.0803409649268776
matched_coord0.25,spatial_knn,4,IGHG3,-0.07990735395409444,-0.14395419844517898,0.7774290717424127
matched_coord0.25,spatial_knn,4,CD74,0.32069742118004263,0.332749661281448,0.5576179060468927
matched_coord0.25,spatial_knn,4,IGLC2,0.01063507851987959,0.04788758280530271,1.0117696259516842
matched_coord0.25,spatial_knn,4,HLA-B,0.3439444806659572,0.3459772071623942,0.4555318078926156
matched_coord0.25,spatial_knn,4,IGKC,-0.1338724846518271,-0.158511693587415,0.9139193722455558
matched_coord0.25,spatial_knn,4,MALAT1,0.13293391219293738,0.0858308474896998,0.7628364003106645
matched_coord0.25,spatial_knn,4,ALB,0.07693437668800228,0.03989300662925693,0.6019141469544753
matched_coord0.25,spatial_knn,4,IGHG4,-0.0210833291021581,-0.02437664979807273,0.6003550936410282
matched_coord0.25,spatial_knn,4,TFF3,0.1164985453468177,0.10127188709435636,0.44913069084817614
matched_coord0.25,spatial_knn,4,CXCL14,0.13514004415866115,0.07864404009383108,0.6193699501350941
matched_coord0.25,spatial_knn,4,IGHG1,-0.04168957917999225,0.02014312278600411,0.7961208157721021
matched_coord0.25,spatial_knn,4,SLITRK6,-0.0209267412373667,0.00014440919813947612,0.2693378169293939
matched_coord0.25,spatial_knn,4,APOE,0.2864146795808977,0.3532479773855816,0.6941063693743383
matched_coord0.25,spatial_knn,4,MT-ND2,0.24270780429164762,0.2073564560649359,0.829544135218216
matched_coord0.25,spatial_knn,4,CALML5,0.7531904647082593,0.7505119529016185,0.4380154352583803
matched_coord0.25,spatial_knn,4,HLA-DRA,0.31090383191210774,0.2931151189310981,0.563856118132874
matched_coord0.25,spatial_knn,4,S100G,0.09341767346642021,0.06070103155016098,0.7885062668504785
matched_coord0.25,spatial_knn,4,LINC00645,0.4163721475934483,0.34794416087192004,0.5875109992276965
matched_coord0.25,spatial_knn,4,C3,-0.0539741525334282,-0.06714935982286381,0.7275943708182828
matched_coord0.25,spatial_knn,4,IGLC3,-0.08012433108039005,-0.07333823092235332,0.7682869569685106
matched_coord0.25,spatial_knn,4,IGLC1,0.05666427987859197,0.09656998517468864,0.8790223746647062
matched_coord0.25,spatial_knn,4,TIMP1,-0.11240186156665805,-0.08010111173904891,0.87131822265631
matched_coord0.25,spatial_knn,4,APOC1,0.3770173492669766,0.3112899043097222,0.625711033177338
matched_coord0.25,spatial_knn,4,TFF1,0.39913196103531084,0.398240682605285,0.6846685241975138
matched_coord0.25,spatial_knn,4,SCGB2A2,-0.1529283076859315,-0.17335515625065526,1.0266962929638244
matched_coord0.25,spatial_knn,4,SCGB1D2,-0.2559339863061477,-0.29430173668626264,1.1150824545537632
matched_coord0.25,spatial_knn,4,SERPINA3,0.2248275507759328,0.24755295132180827,0.4695757992173665
matched_coord0.25,spatial_knn,4,LINC00052,0.43504351212235803,0.4650243979645057,0.4530958598696162
matched_coord0.25,spatial_knn,4,AGR2,0.21373368388872976,0.12840320433593314,0.49153197217643396
matched_coord0.25,spatial_knn,4,C6orf141,0.028444708223771317,0.024068742874094218,0.28826977431435097
matched_coord0.25,spatial_knn,4,LYZ,0.23439843238063374,0.23677119229364146,0.7545333097607411
matched_coord0.25,spatial_knn,4,CTSD,0.22789254315949525,0.2930093354752233,0.5175029013356903
matched_coord0.25,spatial_knn,4,HEBP1,0.07874525951758007,0.027345606545140854,0.7893750599371092
matched_coord0.25,spatial_knn,4,IGHM,0.16472390966097328,0.07080919605587016,0.7286705481390824
matched_coord0.25,spatial_knn,4,HLA-DRB1,0.11306734583436885,0.08594291742519691,0.6072126584181954
matched_coord0.25,spatial_knn,4,C1QA,0.2513560617192781,0.2963062347844366,0.691307100191259
matched_coord0.25,spatial_knn,4,IGHA1,-0.01288388789911632,-0.06058279203747258,0.66896616991741
matched_coord0.25,spatial_knn,4,DEGS1,0.33007624446539735,0.2381553128147269,0.5093401454203491
matched_coord0.25,spatial_knn,4,AC087379.2,0.02043847336580003,0.023291994456158968,0.42612550793212967
matched_coord0.25,spatial_knn,4,AEBP1,0.1988154767613187,0.21155095956127837,0.5826158037973796
matched_coord0.25,spatial_knn,4,COL1A2,0.08089165262166828,0.09404094856473671,0.6251922758705558
matched_coord0.25,spatial_knn,4,GFRA1,-0.015060847325632693,-0.026834144928974735,0.5233264435209088
matched_coord0.25,spatial_knn,4,COL1A1,-0.027733564432681143,-0.04496589900382744,0.6867451223297361
matched_coord0.25,spatial_knn,4,HLA-E,0.23048347906802463,0.2512788829602448,0.5262014634684493
matched_coord0.25,spatial_knn,4,CFB,0.5687910756395818,0.6301624779626053,0.5022217846098467
matched_coord0.25,spatial_knn,4,CCL19,0.10075123569223932,0.1011460364594471,0.6404609737272333
matched_coord0.25,spatial_knn,4,SNCG,0.523887742734542,0.5102763686415223,0.489710393986441
matched_coord0.25,spatial_knn,4,IGHG2,-0.03056838828447828,0.006432399811499143,0.5563447609173123
matched_coord0.5,mean,4,CRISP3,0.0,,0.6426100134849548
matched_coord0.5,mean,4,CPB1,0.0,,1.0772643089294434
matched_coord0.5,mean,4,IGHG3,,,0.7164320945739746
matched_coord0.5,mean,4,CD74,0.0,,0.6288959383964539
matched_coord0.5,mean,4,IGLC2,0.0,,0.8775886297225952
matched_coord0.5,mean,4,HLA-B,0.0,,0.5742074847221375
matched_coord0.5,mean,4,IGKC,,,0.802651047706604
matched_coord0.5,mean,4,MALAT1,,,0.6975277066230774
matched_coord0.5,mean,4,ALB,,,0.43054625391960144
matched_coord0.5,mean,4,IGHG4,,,0.5254862904548645
matched_coord0.5,mean,4,TFF3,0.0,,0.5365732312202454
matched_coord0.5,mean,4,CXCL14,0.0,,0.722430408000946
matched_coord0.5,mean,4,IGHG1,,,0.6670939922332764
matched_coord0.5,mean,4,SLITRK6,,,0.36131468415260315
matched_coord0.5,mean,4,APOE,0.0,,0.6858524680137634
matched_coord0.5,mean,4,MT-ND2,,,0.5528954267501831
matched_coord0.5,mean,4,CALML5,0.0,,0.8990010023117065
matched_coord0.5,mean,4,HLA-DRA,0.0,,0.6937938332557678
matched_coord0.5,mean,4,S100G,0.0,,0.5371023416519165
matched_coord0.5,mean,4,LINC00645,,,0.4416530430316925
matched_coord0.5,mean,4,C3,,,0.6576340794563293
matched_coord0.5,mean,4,IGLC3,0.0,,0.6439781785011292
matched_coord0.5,mean,4,IGLC1,,,0.624880850315094
matched_coord0.5,mean,4,TIMP1,,,0.7015412449836731
matched_coord0.5,mean,4,APOC1,,,0.7322778701782227
matched_coord0.5,mean,4,TFF1,,,0.8915325999259949
matched_coord0.5,mean,4,SCGB2A2,,,0.683484673500061
matched_coord0.5,mean,4,SCGB1D2,,,0.6966557502746582
matched_coord0.5,mean,4,SERPINA3,0.0,,0.4543403387069702
matched_coord0.5,mean,4,LINC00052,0.0,,0.3439423143863678
matched_coord0.5,mean,4,AGR2,,,0.48242267966270447
matched_coord0.5,mean,4,C6orf141,,,0.29909175634384155
matched_coord0.5,mean,4,LYZ,,,0.8676788806915283
matched_coord0.5,mean,4,CTSD,,,0.5145155787467957
matched_coord0.5,mean,4,HEBP1,0.0,,0.49558117985725403
matched_coord0.5,mean,4,IGHM,,,0.6019927859306335
matched_coord0.5,mean,4,HLA-DRB1,,,0.6973422765731812
matched_coord0.5,mean,4,C1QA,,,0.660473644733429
matched_coord0.5,mean,4,IGHA1,,,0.621635913848877
matched_coord0.5,mean,4,DEGS1,0.0,,0.6367684602737427
matched_coord0.5,mean,4,AC087379.2,,,0.2998806834220886
matched_coord0.5,mean,4,AEBP1,,,0.6284903883934021
matched_coord0.5,mean,4,COL1A2,,,0.6570230722427368
matched_coord0.5,mean,4,GFRA1,0.0,,0.5079512000083923
matched_coord0.5,mean,4,COL1A1,,,0.6781471967697144
matched_coord0.5,mean,4,HLA-E,0.0,,0.5383806824684143
matched_coord0.5,mean,4,CFB,,,0.5291182398796082
matched_coord0.5,mean,4,CCL19,0.0,,0.6768210530281067
matched_coord0.5,mean,4,SNCG,0.0,,0.8641235828399658
matched_coord0.5,mean,4,IGHG2,0.0,,0.5106903314590454
matched_coord0.5,pca_ridge,4,CRISP3,0.08304871430854095,0.09055708921714706,0.5277897715568542
matched_coord0.5,pca_ridge,4,CPB1,0.005525427427976189,0.04798889999789398,1.038981556892395
matched_coord0.5,pca_ridge,4,IGHG3,0.5817532817981104,0.5522386903583943,0.7310242056846619
matched_coord0.5,pca_ridge,4,CD74,0.7552889982576753,0.7485978513130199,0.40370190143585205
matched_coord0.5,pca_ridge,4,IGLC2,0.494771321797496,0.5260401066022878,1.0121632814407349
matched_coord0.5,pca_ridge,4,HLA-B,0.4673510989746801,0.4903958888420157,0.3985759913921356
matched_coord0.5,pca_ridge,4,IGKC,0.5419266858408786,0.5387819734377592,0.843795895576477
matched_coord0.5,pca_ridge,4,MALAT1,0.592828846192948,0.5954392499685164,0.5120909810066223
matched_coord0.5,pca_ridge,4,ALB,0.058095184255843986,0.05014370861009405,0.5572192072868347
matched_coord0.5,pca_ridge,4,IGHG4,0.4607983411503814,0.4209992792795609,0.5568944811820984
matched_coord0.5,pca_ridge,4,TFF3,0.31672134761943693,0.33948139863550686,0.45946797728538513
matched_coord0.5,pca_ridge,4,CXCL14,0.11384692081800407,0.14112607125872537,0.5479573011398315
matched_coord0.5,pca_ridge,4,IGHG1,0.5084665936509605,0.4839811102848725,0.7083767652511597
matched_coord0.5,pca_ridge,4,SLITRK6,-0.03292711277255156,-0.00903199836473848,0.32693079113960266
matched_coord0.5,pca_ridge,4,APOE,0.8775081103089697,0.8866573191127202,0.32208654284477234
matched_coord0.5,pca_ridge,4,MT-ND2,0.4561139297234778,0.4395550604786721,0.4950147271156311
matched_coord0.5,pca_ridge,4,CALML5,0.3675820104540937,0.3368862429261643,0.8149306178092957
matched_coord0.5,pca_ridge,4,HLA-DRA,0.613762379432333,0.5952905145134821,0.4644090533256531
matched_coord0.5,pca_ridge,4,S100G,0.25700188403777346,0.2296375756915209,0.608389675617218
matched_coord0.5,pca_ridge,4,LINC00645,0.12830493112702232,0.12399729953789626,0.40325915813446045
matched_coord0.5,pca_ridge,4,C3,0.7485189096776512,0.7327327730650092,0.4388640522956848
matched_coord0.5,pca_ridge,4,IGLC3,0.272810225077157,0.306170722472759,0.7707417607307434
matched_coord0.5,pca_ridge,4,IGLC1,0.27292488199864723,0.27587668756563644,0.6683148145675659
matched_coord0.5,pca_ridge,4,TIMP1,0.7353813099322366,0.76153586768702,0.5091736912727356
matched_coord0.5,pca_ridge,4,APOC1,0.734655872030646,0.7396874668921499,0.434218168258667
matched_coord0.5,pca_ridge,4,TFF1,0.37065464121719055,0.32726046317041196,0.7763503193855286
matched_coord0.5,pca_ridge,4,SCGB2A2,0.2689330913798418,0.2251396838970457,0.6656809449195862
matched_coord0.5,pca_ridge,4,SCGB1D2,0.25294398298579135,0.22081401510615856,0.6653892993927002
matched_coord0.5,pca_ridge,4,SERPINA3,0.05234246305578534,0.05603185225152912,0.5250352025032043
matched_coord0.5,pca_ridge,4,LINC00052,0.08730776959381431,0.09676630868557921,0.32700037956237793
matched_coord0.5,pca_ridge,4,AGR2,0.26644442179472044,0.23558440148476062,0.43476924300193787
matched_coord0.5,pca_ridge,4,C6orf141,0.1007782797195833,0.10544521336866905,0.2860855162143707
matched_coord0.5,pca_ridge,4,LYZ,0.7051825862083357,0.713260635885309,0.5138885974884033
matched_coord0.5,pca_ridge,4,CTSD,0.7931476519860979,0.7866036643018917,0.3382934033870697
matched_coord0.5,pca_ridge,4,HEBP1,0.385165226985958,0.38072927582979804,0.46751031279563904
matched_coord0.5,pca_ridge,4,IGHM,0.2421461097630784,0.2607427092963469,0.6721347570419312
matched_coord0.5,pca_ridge,4,HLA-DRB1,0.6314020946865926,0.6347082935212732,0.43454211950302124
matched_coord0.5,pca_ridge,4,C1QA,0.8138777944607501,0.8095307709487618,0.3638010621070862
matched_coord0.5,pca_ridge,4,IGHA1,0.2531036032388219,0.22180222288225723,0.7485166192054749
matched_coord0.5,pca_ridge,4,DEGS1,0.015035184914797493,0.021783580761018148,0.5321089029312134
matched_coord0.5,pca_ridge,4,AC087379.2,0.19336423361676616,0.18627411599086802,0.4066930413246155
matched_coord0.5,pca_ridge,4,AEBP1,0.7265712163062789,0.6900796128732093,0.42234498262405396
matched_coord0.5,pca_ridge,4,COL1A2,0.705503118998424,0.6760274427846376,0.4303881824016571
matched_coord0.5,pca_ridge,4,GFRA1,0.249601190014797,0.2662761304886793,0.46604013442993164
matched_coord0.5,pca_ridge,4,COL1A1,0.6740387438627482,0.6612710865771532,0.4827650487422943
matched_coord0.5,pca_ridge,4,HLA-E,0.6274910735347532,0.6582802711051969,0.38584089279174805
matched_coord0.5,pca_ridge,4,CFB,0.12443597978114831,0.09465100350910421,0.5276778340339661
matched_coord0.5,pca_ridge,4,CCL19,0.46645096864925234,0.46744523145196404,0.5941587090492249
matched_coord0.5,pca_ridge,4,SNCG,0.07311118633481949,0.07698702966104815,0.6715086698532104
matched_coord0.5,pca_ridge,4,IGHG2,0.19560378024999814,0.1631175700062689,0.5403679013252258
matched_coord0.5,spatial_knn,4,CRISP3,0.03584636735280051,0.03464451664090939,0.41512795591260326
matched_coord0.5,spatial_knn,4,CPB1,0.5120601563407903,0.4824879041932436,0.9027836821917532
matched_coord0.5,spatial_knn,4,IGHG3,-0.251506540384,-0.36099219354374434,0.7583031457086418
matched_coord0.5,spatial_knn,4,CD74,0.3977517570387775,0.39995869639526727,0.6210242825186207
matched_coord0.5,spatial_knn,4,IGLC2,-0.12849211673428698,-0.027849200854532463,0.9418552174909769
matched_coord0.5,spatial_knn,4,HLA-B,0.19872707525785263,0.24631944162797798,0.45614866841324164
matched_coord0.5,spatial_knn,4,IGKC,-0.2875124729779796,-0.35561754011422086,0.8871240812259568
matched_coord0.5,spatial_knn,4,MALAT1,-0.08811786325755011,-0.09281529667632168,0.707393147428276
matched_coord0.5,spatial_knn,4,ALB,0.11902074631932409,0.047572306450123836,0.6758472946381933
matched_coord0.5,spatial_knn,4,IGHG4,-0.12060192742352158,-0.15337099611685517,0.5672079320083085
matched_coord0.5,spatial_knn,4,TFF3,-0.05078584760668713,-0.06371268432951731,0.4955412596740022
matched_coord0.5,spatial_knn,4,CXCL14,-0.053467845930970835,-0.08843793311779834,0.5402588388138408
matched_coord0.5,spatial_knn,4,IGHG1,-0.11393454315071559,-0.0002751699619597049,0.7431945242242479
matched_coord0.5,spatial_knn,4,SLITRK6,-0.004853735629446472,-0.010668542710244719,0.2546410148989026
matched_coord0.5,spatial_knn,4,APOE,0.3559855615404518,0.37756991878207097,0.7361655421745703
matched_coord0.5,spatial_knn,4,MT-ND2,0.06221677959328748,0.03456365852488411,0.8058822254166212
matched_coord0.5,spatial_knn,4,CALML5,0.6957900428750863,0.6166378316032296,0.5027003168131681
matched_coord0.5,spatial_knn,4,HLA-DRA,0.3149412136535873,0.31892585890508723,0.6207830309022248
matched_coord0.5,spatial_knn,4,S100G,-0.021838540741473168,-0.047559773703232056,0.8528691370524883
matched_coord0.5,spatial_knn,4,LINC00645,0.06492214395964695,0.04206203590371669,0.6227296296505408
matched_coord0.5,spatial_knn,4,C3,-0.15471144905056053,-0.12973078796632256,0.8235216264016048
matched_coord0.5,spatial_knn,4,IGLC3,-0.17128399601844785,-0.18348676396849095,0.72844171735708
matched_coord0.5,spatial_knn,4,IGLC1,0.06647128780689078,0.14413001233692826,0.7496149780649747
matched_coord0.5,spatial_knn,4,TIMP1,-0.1972218876106608,-0.11330208322996865,0.9610473733376482
matched_coord0.5,spatial_knn,4,APOC1,0.4545765826503035,0.3967551058551671,0.6206485628305404
matched_coord0.5,spatial_knn,4,TFF1,0.2237022353121344,0.14438664972752402,0.785671345301559
matched_coord0.5,spatial_knn,4,SCGB2A2,-0.41070021670841667,-0.3885026699289811,1.2311348437549055
matched_coord0.5,spatial_knn,4,SCGB1D2,-0.48126553274117345,-0.4343089771445746,1.353384695815035
matched_coord0.5,spatial_knn,4,SERPINA3,0.08649591680676569,0.10624212614872147,0.4464371154709543
matched_coord0.5,spatial_knn,4,LINC00052,0.2326889877779929,0.26560519180281356,0.5585464268801801
matched_coord0.5,spatial_knn,4,AGR2,-0.03588461810861757,-0.07904812557168672,0.5121820089709461
matched_coord0.5,spatial_knn,4,C6orf141,-0.012935690778929502,-0.009000962549021925,0.2807201683188707
matched_coord0.5,spatial_knn,4,LYZ,0.1196674186304351,0.1211427811822036,0.8120769239747782
matched_coord0.5,spatial_knn,4,CTSD,0.2918245482310905,0.3503078530321294,0.5616599947128373
matched_coord0.5,spatial_knn,4,HEBP1,-0.22795965756487782,-0.2410379739372463,0.9414253806566776
matched_coord0.5,spatial_knn,4,IGHM,-0.10207557152113411,-0.16546761776223995,0.6558076223582159
matched_coord0.5,spatial_knn,4,HLA-DRB1,0.015378167031131654,0.0013106648460888643,0.6922582836972048
matched_coord0.5,spatial_knn,4,C1QA,0.29161348225670974,0.3212516156282308,0.7532866680318792
matched_coord0.5,spatial_knn,4,IGHA1,-0.09656453311965084,-0.1899084409374186,0.5996903913576082
matched_coord0.5,spatial_knn,4,DEGS1,0.14039300495528642,0.08039419338310601,0.4917932613414633
matched_coord0.5,spatial_knn,4,AC087379.2,-0.15852917914754217,-0.1113782611547855,0.45338167148423225
matched_coord0.5,spatial_knn,4,AEBP1,0.25624260213312616,0.2584683500854167,0.576488621198028
matched_coord0.5,spatial_knn,4,COL1A2,0.07447259030443928,0.07275012793373034,0.6007113034513285
matched_coord0.5,spatial_knn,4,GFRA1,-0.292066926742253,-0.2926102505244653,0.545728817448046
matched_coord0.5,spatial_knn,4,COL1A1,-0.056619611503868766,-0.07080819635428849,0.6746964187646654
matched_coord0.5,spatial_knn,4,HLA-E,0.17922255346008759,0.23036108280849715,0.567377662831537
matched_coord0.5,spatial_knn,4,CFB,0.5542668490720108,0.5593631336368251,0.44515197010591534
matched_coord0.5,spatial_knn,4,CCL19,0.11189054766995317,0.12550383916675423,0.7545205205592802
matched_coord0.5,spatial_knn,4,SNCG,0.3951692735088521,0.2909158647064173,0.484149538855436
matched_coord0.5,spatial_knn,4,IGHG2,-0.1034063256480036,-0.08345295536479308,0.5527676214783279
matched_coord1.0,mean,4,CRISP3,,,0.6964411735534668
matched_coord1.0,mean,4,CPB1,,,0.6227497458457947
matched_coord1.0,mean,4,IGHG3,,,0.7278399467468262
matched_coord1.0,mean,4,CD74,,,0.7219985127449036
matched_coord1.0,mean,4,IGLC2,,,0.8106127381324768
matched_coord1.0,mean,4,HLA-B,,,0.5328903794288635
matched_coord1.0,mean,4,IGKC,,,0.8407605290412903
matched_coord1.0,mean,4,MALAT1,,,0.5770252346992493
matched_coord1.0,mean,4,ALB,,,0.3826543986797333
matched_coord1.0,mean,4,IGHG4,,,0.5971547961235046
matched_coord1.0,mean,4,TFF3,,,0.4930000901222229
matched_coord1.0,mean,4,CXCL14,,,0.7071595191955566
matched_coord1.0,mean,4,IGHG1,,,0.6668334007263184
matched_coord1.0,mean,4,SLITRK6,,,0.36638376116752625
matched_coord1.0,mean,4,APOE,,,0.6301923990249634
matched_coord1.0,mean,4,MT-ND2,,,0.4980145990848541
matched_coord1.0,mean,4,CALML5,,,0.9510735869407654
matched_coord1.0,mean,4,HLA-DRA,,,0.7397210597991943
matched_coord1.0,mean,4,S100G,,,0.4960751235485077
matched_coord1.0,mean,4,LINC00645,,,0.4526735246181488
matched_coord1.0,mean,4,C3,0.0,,0.8116185665130615
matched_coord1.0,mean,4,IGLC3,0.0,,0.5535722970962524
matched_coord1.0,mean,4,IGLC1,0.0,,0.5766075253486633
matched_coord1.0,mean,4,TIMP1,,,0.8759275674819946
matched_coord1.0,mean,4,APOC1,,,0.6190908551216125
matched_coord1.0,mean,4,TFF1,,,0.822538435459137
matched_coord1.0,mean,4,SCGB2A2,,,0.5492616891860962
matched_coord1.0,mean,4,SCGB1D2,0.0,,0.47428077459335327
matched_coord1.0,mean,4,SERPINA3,,,0.41802194714546204
matched_coord1.0,mean,4,LINC00052,,,0.27961429953575134
matched_coord1.0,mean,4,AGR2,,,0.5119642615318298
matched_coord1.0,mean,4,C6orf141,,,0.29499587416648865
matched_coord1.0,mean,4,LYZ,,,0.8259690403938293
matched_coord1.0,mean,4,CTSD,,,0.4162217080593109
matched_coord1.0,mean,4,HEBP1,,,0.4684220254421234
matched_coord1.0,mean,4,IGHM,,,0.5774919390678406
matched_coord1.0,mean,4,HLA-DRB1,,,0.8350083231925964
matched_coord1.0,mean,4,C1QA,,,0.6664731502532959
matched_coord1.0,mean,4,IGHA1,0.0,,0.6166389584541321
matched_coord1.0,mean,4,DEGS1,0.0,,0.692773163318634
matched_coord1.0,mean,4,AC087379.2,,,0.2810411751270294
matched_coord1.0,mean,4,AEBP1,,,0.5743095278739929
matched_coord1.0,mean,4,COL1A2,,,0.5933029055595398
matched_coord1.0,mean,4,GFRA1,0.0,,0.5185508728027344
matched_coord1.0,mean,4,COL1A1,,,0.6164869666099548
matched_coord1.0,mean,4,HLA-E,,,0.6467882394790649
matched_coord1.0,mean,4,CFB,,,0.4340461790561676
matched_coord1.0,mean,4,CCL19,0.0,,0.9669257402420044
matched_coord1.0,mean,4,SNCG,,,1.0442100763320923
matched_coord1.0,mean,4,IGHG2,0.0,,0.5154485106468201
matched_coord1.0,pca_ridge,4,CRISP3,0.020858825717321682,0.011508433716412745,0.5289474725723267
matched_coord1.0,pca_ridge,4,CPB1,0.44615013474527954,0.29540686792836907,0.6118758916854858
matched_coord1.0,pca_ridge,4,IGHG3,0.4604129752847541,0.4948176713730768,0.8852131366729736
matched_coord1.0,pca_ridge,4,CD74,0.6776037253260627,0.6631288485787471,0.4233078360557556
matched_coord1.0,pca_ridge,4,IGLC2,0.5565300362478386,0.6078280586482406,1.096839189529419
matched_coord1.0,pca_ridge,4,HLA-B,0.348062722127059,0.3878236481557921,0.37457314133644104
matched_coord1.0,pca_ridge,4,IGKC,0.4607997288023391,0.5600703417000752,1.0012530088424683
matched_coord1.0,pca_ridge,4,MALAT1,0.572496620328878,0.5545628806170166,0.47376421093940735
matched_coord1.0,pca_ridge,4,ALB,0.011339178918375766,0.02148463168918529,0.480535089969635
matched_coord1.0,pca_ridge,4,IGHG4,0.44249825385536856,0.5136357724864433,0.6947012543678284
matched_coord1.0,pca_ridge,4,TFF3,0.1977684361593511,0.13291980254564578,0.496304988861084
matched_coord1.0,pca_ridge,4,CXCL14,0.18803313755327186,0.26068911312201126,0.5646454691886902
matched_coord1.0,pca_ridge,4,IGHG1,0.4642748132588036,0.5777236204488524,0.854820191860199
matched_coord1.0,pca_ridge,4,SLITRK6,-0.061974705961905796,0.01328564790443423,0.31620630621910095
matched_coord1.0,pca_ridge,4,APOE,0.8448909813658881,0.8532776178817196,0.28396329283714294
matched_coord1.0,pca_ridge,4,MT-ND2,0.4484711028197436,0.45351736772763507,0.4840329885482788
matched_coord1.0,pca_ridge,4,CALML5,0.4452807590954755,0.2424470316820374,0.8691384196281433
matched_coord1.0,pca_ridge,4,HLA-DRA,0.44729792879151553,0.4573850303362718,0.4789260923862457
matched_coord1.0,pca_ridge,4,S100G,0.27159566033129323,0.24574071667229727,0.5845423936843872
matched_coord1.0,pca_ridge,4,LINC00645,-0.010366362271268624,0.0013517458339863235,0.4058346152305603
matched_coord1.0,pca_ridge,4,C3,0.7662899337103557,0.7922318788132383,0.4832923412322998
matched_coord1.0,pca_ridge,4,IGLC3,0.3412984727437634,0.31908694454129916,0.7937970757484436
matched_coord1.0,pca_ridge,4,IGLC1,0.2498532189595598,0.29957751864680343,0.6978408098220825
matched_coord1.0,pca_ridge,4,TIMP1,0.748639197516266,0.7317742054045497,0.5752562284469604
matched_coord1.0,pca_ridge,4,APOC1,0.6591836299203606,0.6512318279229408,0.3684837818145752
matched_coord1.0,pca_ridge,4,TFF1,0.4181869689541578,0.3807781691932757,0.7813947796821594
matched_coord1.0,pca_ridge,4,SCGB2A2,0.04586415983299636,-0.044429742042637506,0.6965782642364502
matched_coord1.0,pca_ridge,4,SCGB1D2,0.07924785396211403,0.06590206107858529,0.5659435391426086
matched_coord1.0,pca_ridge,4,SERPINA3,0.08994719828745137,0.0401863715783343,0.46562421321868896
matched_coord1.0,pca_ridge,4,LINC00052,0.09749479508273722,0.16895630497227643,0.2725222110748291
matched_coord1.0,pca_ridge,4,AGR2,0.21148535623390127,0.253710750858067,0.46083083748817444
matched_coord1.0,pca_ridge,4,C6orf141,-0.06264528492975796,-0.01974745964422149,0.28634560108184814
matched_coord1.0,pca_ridge,4,LYZ,0.6047777602595772,0.5594822760402824,0.4697481691837311
matched_coord1.0,pca_ridge,4,CTSD,0.7933366967182268,0.7941996369825446,0.2577642798423767
matched_coord1.0,pca_ridge,4,HEBP1,0.15046637079915384,0.14136427660988862,0.5532115697860718
matched_coord1.0,pca_ridge,4,IGHM,0.1267616037242256,0.14480878597610028,0.7972026467323303
matched_coord1.0,pca_ridge,4,HLA-DRB1,0.5383296030677435,0.5659396893430063,0.49751248955726624
matched_coord1.0,pca_ridge,4,C1QA,0.7690233508527549,0.7914854877835013,0.3432238698005676
matched_coord1.0,pca_ridge,4,IGHA1,0.11646934685415344,0.1315023101949262,0.8899615406990051
matched_coord1.0,pca_ridge,4,DEGS1,-0.01988725891294174,-0.03465000453945026,0.5508337020874023
matched_coord1.0,pca_ridge,4,AC087379.2,0.08999200841147133,0.1283508445352709,0.3871333599090576
matched_coord1.0,pca_ridge,4,AEBP1,0.620406386078024,0.6112502756979834,0.5297249555587769
matched_coord1.0,pca_ridge,4,COL1A2,0.6401957465258625,0.6500556966033555,0.47521692514419556
matched_coord1.0,pca_ridge,4,GFRA1,0.1775892934191145,0.1960137831094673,0.443949431180954
matched_coord1.0,pca_ridge,4,COL1A1,0.62940280270322,0.6046728602043528,0.5037481188774109
matched_coord1.0,pca_ridge,4,HLA-E,0.5930177070932022,0.5661771773979225,0.42405426502227783
matched_coord1.0,pca_ridge,4,CFB,0.24615990899544696,0.18328988809789032,0.4318866431713104
matched_coord1.0,pca_ridge,4,CCL19,0.5009786924407361,0.5332055285911145,0.8115458488464355
matched_coord1.0,pca_ridge,4,SNCG,0.13339047711469776,0.15878338262152886,0.8255805969238281
matched_coord1.0,pca_ridge,4,IGHG2,0.28138902254515347,0.26812233020849396,0.5592376589775085
matched_coord1.0,spatial_knn,4,CRISP3,-0.010675978529780718,0.021628114798401793,0.380059638144038
matched_coord1.0,spatial_knn,4,CPB1,0.5029978177769585,0.4312047995205003,0.5425424462959791
matched_coord1.0,spatial_knn,4,IGHG3,-0.25832868890308897,-0.23269871247547372,0.7693108463180143
matched_coord1.0,spatial_knn,4,CD74,0.03360304628008672,-0.08372584831298664,0.8191798586775196
matched_coord1.0,spatial_knn,4,IGLC2,0.16231761831095923,0.24124828245245997,0.7601541707727308
matched_coord1.0,spatial_knn,4,HLA-B,-0.07208026030792831,-0.06551843076940475,0.43974451132394293
matched_coord1.0,spatial_knn,4,IGKC,-0.37027208252447114,-0.31670163018586267,0.8765492243589382
matched_coord1.0,spatial_knn,4,MALAT1,0.26780082500138597,0.26867249831779294,0.6310763469173887
matched_coord1.0,spatial_knn,4,ALB,0.15988133523537817,0.20562501057804072,0.7226041032949405
matched_coord1.0,spatial_knn,4,IGHG4,0.12397080498211249,0.10567652996024904,0.5834187193349049
matched_coord1.0,spatial_knn,4,TFF3,-0.08083386527355982,-0.09480862420907994,0.558164513409541
matched_coord1.0,spatial_knn,4,CXCL14,0.01480346800548415,0.04913754838145626,0.510614119039113
matched_coord1.0,spatial_knn,4,IGHG1,0.3190475764356073,0.3744790812604961,0.6250694419047268
matched_coord1.0,spatial_knn,4,SLITRK6,-0.01729488652431147,-0.004027775609036622,0.2529695104346771
matched_coord1.0,spatial_knn,4,APOE,0.46431020904685805,0.29688834103284684,0.78200233736482
matched_coord1.0,spatial_knn,4,MT-ND2,-0.08733694441981045,-0.04929008035012525,0.7297483422611979
matched_coord1.0,spatial_knn,4,CALML5,0.5921020765788506,0.37684265285466295,0.5121166666521024
matched_coord1.0,spatial_knn,4,HLA-DRA,-0.17968483394913917,-0.14263419488722143,0.7640089212399623
matched_coord1.0,spatial_knn,4,S100G,-0.05963551623527323,-0.07009935029767067,1.0054007386361095
matched_coord1.0,spatial_knn,4,LINC00645,-0.06076854834929607,-0.061155043514711765,0.5338229668462304
matched_coord1.0,spatial_knn,4,C3,0.1395792095771543,0.19614816992835776,1.0241585506547288
matched_coord1.0,spatial_knn,4,IGLC3,-0.11501827179529732,-0.07360832557787861,0.5514656062311398
matched_coord1.0,spatial_knn,4,IGLC1,0.23521120725204003,0.27982173642672176,0.526282699314899
matched_coord1.0,spatial_knn,4,TIMP1,-0.11198497741079154,-0.09371165557446665,1.2573340665133157
matched_coord1.0,spatial_knn,4,APOC1,0.2625996159182699,0.18558560596208107,0.5582895331353868
matched_coord1.0,spatial_knn,4,TFF1,-0.2475458122666874,-0.34663643406031064,0.6851475484766923
matched_coord1.0,spatial_knn,4,SCGB2A2,-0.2948050238718136,-0.4204059020185676,1.4449233507197632
matched_coord1.0,spatial_knn,4,SCGB1D2,-0.22935673668641146,-0.30058872808614834,1.4479728750380378
matched_coord1.0,spatial_knn,4,SERPINA3,-0.1343607426289562,-0.14048549343797886,0.4278715942526954
matched_coord1.0,spatial_knn,4,LINC00052,0.08110152409432037,0.1774940874681807,0.7030438939659628
matched_coord1.0,spatial_knn,4,AGR2,-0.31466309106676715,-0.1853820447721528,0.5313729823185992
matched_coord1.0,spatial_knn,4,C6orf141,0.031466721560878014,0.033454302540397676,0.2562628391302458
matched_coord1.0,spatial_knn,4,LYZ,-0.16165538720177594,-0.1518057573889885,0.8312915366854202
matched_coord1.0,spatial_knn,4,CTSD,0.3999131113205752,0.2826729846028577,0.6120039056395338
matched_coord1.0,spatial_knn,4,HEBP1,0.17970634254021978,0.04740416539944384,1.138548966421562
matched_coord1.0,spatial_knn,4,IGHM,-0.4013099394653316,-0.2652590679636516,0.5939251103121089
matched_coord1.0,spatial_knn,4,HLA-DRB1,-0.3298939677499485,-0.29620980373308603,0.8758294686905107
matched_coord1.0,spatial_knn,4,C1QA,0.3619164067861088,0.3014797767612284,0.8850198257811904
matched_coord1.0,spatial_knn,4,IGHA1,-0.12516886798708485,-0.14792384142718015,0.48535145689547615
matched_coord1.0,spatial_knn,4,DEGS1,-0.18335885494548998,-0.14002112128515432,0.49994761452287695
matched_coord1.0,spatial_knn,4,AC087379.2,0.12711553170094844,0.08708975233663453,0.4759960803320543
matched_coord1.0,spatial_knn,4,AEBP1,0.38871425123934883,0.32360375237439665,0.5205423104910402
matched_coord1.0,spatial_knn,4,COL1A2,0.1492813461799282,0.16401942878468315,0.5493054937045143
matched_coord1.0,spatial_knn,4,GFRA1,-0.3614096056052389,-0.3604454626068716,0.4994878798735123
matched_coord1.0,spatial_knn,4,COL1A1,-0.04309459781447016,-0.04680211025100226,0.6150433634720681
matched_coord1.0,spatial_knn,4,HLA-E,0.2932627944303434,0.3071681811242232,0.72875512342707
matched_coord1.0,spatial_knn,4,CFB,0.13549064747335765,0.0713764694573398,0.43578982805664707
matched_coord1.0,spatial_knn,4,CCL19,0.3927712429881734,0.3849442711264108,1.0604749824790722
matched_coord1.0,spatial_knn,4,SNCG,0.057083200512021266,0.03614907464475745,0.5238702923399123
matched_coord1.0,spatial_knn,4,IGHG2,-0.09025921331751713,-0.1941541716748733,0.5326586097110481
random,mean,5,CRISP3,0.0,,0.9123860597610474
random,mean,5,CPB1,0.0,,0.96218341588974
random,mean,5,IGHG3,,,0.9713101387023926
random,mean,5,CD74,,,0.5681105852127075
random,mean,5,IGLC2,0.0,,1.1394871473312378
random,mean,5,HLA-B,,,0.4543001353740692
random,mean,5,IGKC,,,0.9833231568336487
random,mean,5,MALAT1,,,0.7638382911682129
random,mean,5,ALB,,,0.6862308382987976
random,mean,5,IGHG4,0.0,,0.7055388689041138
random,mean,5,TFF3,0.0,,0.6055745482444763
random,mean,5,CXCL14,,,0.8309966921806335
random,mean,5,IGHG1,0.0,,0.8925731778144836
random,mean,5,SLITRK6,,,0.5351904034614563
random,mean,5,APOE,0.0,,0.647786557674408
random,mean,5,MT-ND2,,,0.558239221572876
random,mean,5,CALML5,,,0.5649579763412476
random,mean,5,HLA-DRA,0.0,,0.5976930856704712
random,mean,5,S100G,0.0,,0.7625543475151062
random,mean,5,LINC00645,0.0,,0.5208905339241028
random,mean,5,C3,0.0,,0.7644596099853516
random,mean,5,IGLC3,,,0.8427250981330872
random,mean,5,IGLC1,,,0.8428245782852173
random,mean,5,TIMP1,,,0.7495724558830261
random,mean,5,APOC1,,,0.6695306301116943
random,mean,5,TFF1,,,0.6756576895713806
random,mean,5,SCGB2A2,0.0,,0.7669056057929993
random,mean,5,SCGB1D2,,,0.7381804585456848
random,mean,5,SERPINA3,,,0.6262137293815613
random,mean,5,LINC00052,,,0.28886064887046814
random,mean,5,AGR2,0.0,,0.62916499376297
random,mean,5,C6orf141,0.0,,0.4447459280490875
random,mean,5,LYZ,0.0,,0.7139431238174438
random,mean,5,CTSD,,,0.47329962253570557
random,mean,5,HEBP1,,,0.6343535780906677
random,mean,5,IGHM,0.0,,0.8296782374382019
random,mean,5,HLA-DRB1,,,0.5799447894096375
random,mean,5,C1QA,,,0.7036124467849731
random,mean,5,IGHA1,,,0.8298708200454712
random,mean,5,DEGS1,0.0,,0.6518514752388
random,mean,5,AC087379.2,,,0.4423368573188782
random,mean,5,AEBP1,,,0.7143338918685913
random,mean,5,COL1A2,,,0.7262969613075256
random,mean,5,GFRA1,,,0.654716968536377
random,mean,5,COL1A1,,,0.7339977622032166
random,mean,5,HLA-E,,,0.5473106503486633
random,mean,5,CFB,,,0.562379777431488
random,mean,5,CCL19,0.0,,0.5737758874893188
random,mean,5,SNCG,0.0,,0.6100431680679321
random,mean,5,IGHG2,0.0,,0.6467974781990051
random,pca_ridge,5,CRISP3,0.7362373961812221,0.4555496492021811,0.6186566948890686
random,pca_ridge,5,CPB1,0.5700110368885928,0.5801466096729766,0.7932987809181213
random,pca_ridge,5,IGHG3,0.6433289297373572,0.6844869137116762,0.7443358302116394
random,pca_ridge,5,CD74,0.8046803732030711,0.8209831211796758,0.3377745747566223
random,pca_ridge,5,IGLC2,0.6672776141922006,0.71507428300432,0.8488432765007019
random,pca_ridge,5,HLA-B,0.6963954762940179,0.7166068619180843,0.3260417878627777
random,pca_ridge,5,IGKC,0.6784169573874387,0.7261081610976852,0.7227786183357239
random,pca_ridge,5,MALAT1,0.6838161951400554,0.7298794986179316,0.5576959848403931
random,pca_ridge,5,ALB,0.3247873563187902,0.16204960375487928,0.6487682461738586
random,pca_ridge,5,IGHG4,0.6530860265916244,0.6951686041662736,0.5353994965553284
random,pca_ridge,5,TFF3,0.647402038509201,0.6571542986882609,0.46201804280281067
random,pca_ridge,5,CXCL14,0.6672551074913349,0.5309548925711636,0.6192812919616699
random,pca_ridge,5,IGHG1,0.6846637303221967,0.7171418587138035,0.6506410241127014
random,pca_ridge,5,SLITRK6,0.6933335589676711,0.4370796335546238,0.38703617453575134
random,pca_ridge,5,APOE,0.8197208934390279,0.8306355789270048,0.37130945920944214
random,pca_ridge,5,MT-ND2,0.5583399340037382,0.578422238090391,0.46298107504844666
random,pca_ridge,5,CALML5,0.5335495710867536,0.5754364390703339,0.4778304100036621
random,pca_ridge,5,HLA-DRA,0.7476043079529316,0.7823425859929671,0.3972233533859253
random,pca_ridge,5,S100G,0.6068158136376313,0.5790133249420186,0.6062005758285522
random,pca_ridge,5,LINC00645,0.41266322852454645,0.2819495536113287,0.4747040867805481
random,pca_ridge,5,C3,0.7223400347839349,0.7130430347928622,0.5289508104324341
random,pca_ridge,5,IGLC3,0.5115725719938025,0.47944404726757284,0.7247147560119629
random,pca_ridge,5,IGLC1,0.4450348930307892,0.4462134768357095,0.7568873763084412
random,pca_ridge,5,TIMP1,0.7095914425958189,0.7297864552340029,0.5289957523345947
random,pca_ridge,5,APOC1,0.6827884740101043,0.6884449539610595,0.4894426465034485
random,pca_ridge,5,TFF1,0.47095068760327924,0.4911516356150697,0.5969651937484741
random,pca_ridge,5,SCGB2A2,0.581914667667327,0.5913929532010236,0.6265320777893066
random,pca_ridge,5,SCGB1D2,0.5510568439017562,0.5604880098158218,0.6169524192810059
random,pca_ridge,5,SERPINA3,0.43944864220105034,0.4925442242063712,0.5638660192489624
random,pca_ridge,5,LINC00052,0.34322684308892,0.25738123139643804,0.27131590247154236
random,pca_ridge,5,AGR2,0.637299174453098,0.580779502237915,0.48559173941612244
random,pca_ridge,5,C6orf141,0.6173100420975846,0.44991452773913126,0.35023611783981323
random,pca_ridge,5,LYZ,0.7005257757299687,0.7178405251962304,0.5097450017929077
random,pca_ridge,5,CTSD,0.6563556500288137,0.7021006489200392,0.3571777641773224
random,pca_ridge,5,HEBP1,0.5866488800465033,0.5979053187340118,0.5145760774612427
random,pca_ridge,5,IGHM,0.457569423127303,0.41404431650506035,0.7384703159332275
random,pca_ridge,5,HLA-DRB1,0.6707310594534827,0.7072422312151693,0.43047013878822327
random,pca_ridge,5,C1QA,0.7639960256910998,0.7730250665586343,0.45522624254226685
random,pca_ridge,5,IGHA1,0.46259275949530787,0.49078299556538235,0.7359496355056763
random,pca_ridge,5,DEGS1,0.5592443606236391,0.42960704227030444,0.540530264377594
random,pca_ridge,5,AC087379.2,0.42650113419281244,0.3310444500721927,0.40012961626052856
random,pca_ridge,5,AEBP1,0.7185455763832671,0.7297543654613091,0.49740689992904663
random,pca_ridge,5,COL1A2,0.7088679609828697,0.7353582127557283,0.5130907297134399
random,pca_ridge,5,GFRA1,0.5771837499719232,0.46185727559717676,0.536486029624939
random,pca_ridge,5,COL1A1,0.7062022385040412,0.7164339913764106,0.5197873115539551
random,pca_ridge,5,HLA-E,0.5989398340800081,0.6726039964245728,0.4389134347438812
random,pca_ridge,5,CFB,0.49752170990963496,0.4989163352727931,0.4896461069583893
random,pca_ridge,5,CCL19,0.542715516277331,0.3915068253716805,0.4818660616874695
random,pca_ridge,5,SNCG,0.466917233750403,0.4593096497820927,0.5404418110847473
random,pca_ridge,5,IGHG2,0.3767682641691441,0.30112555092005017,0.6003652811050415
random,spatial_knn,5,CRISP3,0.846682744453092,0.48014390440171306,0.48622163177923666
random,spatial_knn,5,CPB1,0.8240492578903809,0.7712079452982488,0.5454617155956109
random,spatial_knn,5,IGHG3,0.7361271999054078,0.7305433221203186,0.6592183716647099
random,spatial_knn,5,CD74,0.7871331371512936,0.7860514066855524,0.35094424292091064
random,spatial_knn,5,IGLC2,0.7365859136140012,0.7542111609131738,0.7711037697971211
random,spatial_knn,5,HLA-B,0.778382544380849,0.7893781694682717,0.2858026209135351
random,spatial_knn,5,IGKC,0.7155647430268652,0.7420820029207599,0.6894956162044307
random,spatial_knn,5,MALAT1,0.5995486937692531,0.6280770247933319,0.615908423570124
random,spatial_knn,5,ALB,0.7503947833975022,0.24785920830185956,0.4556330003986367
random,spatial_knn,5,IGHG4,0.6753228416202463,0.6637525195045577,0.5251954881430126
random,spatial_knn,5,TFF3,0.7676364664845571,0.7646002392900713,0.3883600312532617
random,spatial_knn,5,CXCL14,0.7651026531047788,0.613073897921119,0.5359734374796502
random,spatial_knn,5,IGHG1,0.6867962771480968,0.7051420451633806,0.6514652165379293
random,spatial_knn,5,SLITRK6,0.793730413917218,0.4062622680674397,0.3254592801472837
random,spatial_knn,5,APOE,0.6796410205469365,0.6691504609854649,0.47610860870887667
random,spatial_knn,5,MT-ND2,0.5453459233109158,0.5417098225289466,0.47305648483373747
random,spatial_knn,5,CALML5,0.6905965782711614,0.7350972129257034,0.40954817941742633
random,spatial_knn,5,HLA-DRA,0.6925164490495123,0.7224039524065452,0.43238605654796136
random,spatial_knn,5,S100G,0.7381235035865159,0.6912896821574728,0.5150317710923809
random,spatial_knn,5,LINC00645,0.6749101942803334,0.43317735401929586,0.3851159630719887
random,spatial_knn,5,C3,0.6327203888111679,0.6202500999663029,0.5941099931334909
random,spatial_knn,5,IGLC3,0.6114110854298069,0.5113762221526891,0.6684696306249129
random,spatial_knn,5,IGLC1,0.4925889450566013,0.468791048586289,0.7459924688261977
random,spatial_knn,5,TIMP1,0.6321436030220488,0.6323558075838156,0.5829326276558011
random,spatial_knn,5,APOC1,0.6068411798071419,0.6048427032959153,0.5337324470188072
random,spatial_knn,5,TFF1,0.6333813697234292,0.6349790458527184,0.5243357860983655
random,spatial_knn,5,SCGB2A2,0.6644250311788725,0.641478618526511,0.5737676207715392
random,spatial_knn,5,SCGB1D2,0.6189616611190921,0.5987350190370141,0.5825276203974544
random,spatial_knn,5,SERPINA3,0.6496566090268133,0.622290465942956,0.4790149640389012
random,spatial_knn,5,LINC00052,0.6835967343919068,0.3085919251194779,0.21084825767037818
random,spatial_knn,5,AGR2,0.6593350520976959,0.600415304250063,0.4735637086555731
random,spatial_knn,5,C6orf141,0.677238966243641,0.43088114324339094,0.32784087757711183
random,spatial_knn,5,LYZ,0.6219203014912491,0.6410250959910995,0.5619287666926804
random,spatial_knn,5,CTSD,0.5410935701143648,0.5553921854794786,0.4004330668685508
random,spatial_knn,5,HEBP1,0.6113528869899344,0.5750862781906353,0.5030670474418474
random,spatial_knn,5,IGHM,0.5828831705243989,0.517463702659089,0.6751605267267913
random,spatial_knn,5,HLA-DRB1,0.6222473144964643,0.6590523408222843,0.45523880755276475
random,spatial_knn,5,C1QA,0.6386702135641688,0.6502157861810056,0.5413556929861021
random,spatial_knn,5,IGHA1,0.5439916886464208,0.4966578820029087,0.70042901710703
random,spatial_knn,5,DEGS1,0.6327225152213769,0.529038593844461,0.5062225183087772
random,spatial_knn,5,AC087379.2,0.5831753217828765,0.33009249232396337,0.3595951622409346
random,spatial_knn,5,AEBP1,0.5481592291109613,0.5682927114210671,0.5990357117386652
random,spatial_knn,5,COL1A2,0.5561232756293032,0.5752738679492828,0.6056202839660058
random,spatial_knn,5,GFRA1,0.6193989366452106,0.4833747100117562,0.5166697674308421
random,spatial_knn,5,COL1A1,0.5337952390443794,0.5564883859169834,0.6259388908586153
random,spatial_knn,5,HLA-E,0.5931627757725098,0.6511308453232669,0.4420597609848922
random,spatial_knn,5,CFB,0.5884585619617246,0.597092242838846,0.4575177968112183
random,spatial_knn,5,CCL19,0.5765955464897712,0.4436902758226727,0.4688380336669754
random,spatial_knn,5,SNCG,0.5981657518856661,0.5639752387610463,0.48901290096375927
random,spatial_knn,5,IGHG2,0.4356377497572072,0.38017059550803395,0.5875063786167749
matched_hop0,mean,5,CRISP3,0.0,,0.6546719074249268
matched_hop0,mean,5,CPB1,,,1.2929320335388184
matched_hop0,mean,5,IGHG3,,,0.7977928519248962
matched_hop0,mean,5,CD74,,,0.5789300203323364
matched_hop0,mean,5,IGLC2,,,0.9246160387992859
matched_hop0,mean,5,HLA-B,,,0.5173699855804443
matched_hop0,mean,5,IGKC,,,0.8383240699768066
matched_hop0,mean,5,MALAT1,0.0,,0.7077241539955139
matched_hop0,mean,5,ALB,,,0.43659794330596924
matched_hop0,mean,5,IGHG4,,,0.5962137579917908
matched_hop0,mean,5,TFF3,,,0.48401153087615967
matched_hop0,mean,5,CXCL14,,,0.7307226061820984
matched_hop0,mean,5,IGHG1,,,0.7321970462799072
matched_hop0,mean,5,SLITRK6,0.0,,0.37609949707984924
matched_hop0,mean,5,APOE,0.0,,0.6470247507095337
matched_hop0,mean,5,MT-ND2,0.0,,0.5929847955703735
matched_hop0,mean,5,CALML5,,,0.6973613500595093
matched_hop0,mean,5,HLA-DRA,,,0.6143076419830322
matched_hop0,mean,5,S100G,0.0,,0.5698551535606384
matched_hop0,mean,5,LINC00645,,,0.8051794171333313
matched_hop0,mean,5,C3,,,0.6570367813110352
matched_hop0,mean,5,IGLC3,,,0.6928877830505371
matched_hop0,mean,5,IGLC1,,,0.718975305557251
matched_hop0,mean,5,TIMP1,,,0.7003111243247986
matched_hop0,mean,5,APOC1,,,0.6678770780563354
matched_hop0,mean,5,TFF1,,,0.7003987431526184
matched_hop0,mean,5,SCGB2A2,,,0.7665771842002869
matched_hop0,mean,5,SCGB1D2,0.0,,0.7520244121551514
matched_hop0,mean,5,SERPINA3,,,0.519359827041626
matched_hop0,mean,5,LINC00052,0.0,,0.45964452624320984
matched_hop0,mean,5,AGR2,,,0.4909168779850006
matched_hop0,mean,5,C6orf141,0.0,,0.33029159903526306
matched_hop0,mean,5,LYZ,,,0.779449462890625
matched_hop0,mean,5,CTSD,,,0.5075235962867737
matched_hop0,mean,5,HEBP1,0.0,,0.6449683904647827
matched_hop0,mean,5,IGHM,0.0,,0.6971294283866882
matched_hop0,mean,5,HLA-DRB1,,,0.5973902344703674
matched_hop0,mean,5,C1QA,,,0.6502656936645508
matched_hop0,mean,5,IGHA1,,,0.7002073526382446
matched_hop0,mean,5,DEGS1,,,0.6001683473587036
matched_hop0,mean,5,AC087379.2,,,0.3229730725288391
matched_hop0,mean,5,AEBP1,,,0.6665515303611755
matched_hop0,mean,5,COL1A2,,,0.6907783150672913
matched_hop0,mean,5,GFRA1,0.0,,0.5231577157974243
matched_hop0,mean,5,COL1A1,,,0.7121535539627075
matched_hop0,mean,5,HLA-E,,,0.5251191258430481
matched_hop0,mean,5,CFB,,,0.6127002239227295
matched_hop0,mean,5,CCL19,,,0.5480058789253235
matched_hop0,mean,5,SNCG,,,0.7775010466575623
matched_hop0,mean,5,IGHG2,,,0.5113536715507507
matched_hop0,pca_ridge,5,CRISP3,0.07574430994277669,0.059690123328035125,0.5855715870857239
matched_hop0,pca_ridge,5,CPB1,0.06980358534115369,0.05961971112504082,1.1986713409423828
matched_hop0,pca_ridge,5,IGHG3,0.5807062073171932,0.5616733945064909,0.7199742197990417
matched_hop0,pca_ridge,5,CD74,0.7713353891804984,0.7803052551977965,0.3779429495334625
matched_hop0,pca_ridge,5,IGLC2,0.47845383679125686,0.49361910137739634,0.9382944107055664
matched_hop0,pca_ridge,5,HLA-B,0.5523973655658025,0.571492046623686,0.3915042579174042
matched_hop0,pca_ridge,5,IGKC,0.5839969677047062,0.5945442384631309,0.7622948884963989
matched_hop0,pca_ridge,5,MALAT1,0.624499013250415,0.6404186453921578,0.5263464450836182
matched_hop0,pca_ridge,5,ALB,0.0653601726738315,0.06816154345083345,0.5577825903892517
matched_hop0,pca_ridge,5,IGHG4,0.5642834699266188,0.5379238083590867,0.5285744667053223
matched_hop0,pca_ridge,5,TFF3,0.32181659132999074,0.29353253796536205,0.4311184585094452
matched_hop0,pca_ridge,5,CXCL14,0.33030428892111297,0.2609058454438698,0.590663492679596
matched_hop0,pca_ridge,5,IGHG1,0.5502570532227019,0.532281136266143,0.6824898719787598
matched_hop0,pca_ridge,5,SLITRK6,0.0019132409685555403,0.03244535032848492,0.35401004552841187
matched_hop0,pca_ridge,5,APOE,0.8445190108573,0.8465273321788954,0.3479934632778168
matched_hop0,pca_ridge,5,MT-ND2,0.5620501755343952,0.5747084790411752,0.4961981475353241
matched_hop0,pca_ridge,5,CALML5,0.3313296154468158,0.3506086779580348,0.6454513072967529
matched_hop0,pca_ridge,5,HLA-DRA,0.7263976213473152,0.7155833650790949,0.40122780203819275
matched_hop0,pca_ridge,5,S100G,0.3500052015723164,0.326560650932893,0.6110116839408875
matched_hop0,pca_ridge,5,LINC00645,0.2886718921461917,0.2770974589024293,0.7159099578857422
matched_hop0,pca_ridge,5,C3,0.7123317431772043,0.6812428425234033,0.4623420536518097
matched_hop0,pca_ridge,5,IGLC3,0.32872184556909184,0.3149772642776364,0.7233198881149292
matched_hop0,pca_ridge,5,IGLC1,0.34533976922023696,0.3002825117389946,0.6924958825111389
matched_hop0,pca_ridge,5,TIMP1,0.6957591577077848,0.6850084723729685,0.5077371597290039
matched_hop0,pca_ridge,5,APOC1,0.6949643795668281,0.6765662153309844,0.451123982667923
matched_hop0,pca_ridge,5,TFF1,0.3252021023165079,0.28787203129474787,0.6370055675506592
matched_hop0,pca_ridge,5,SCGB2A2,0.3636997375936106,0.3454889978566513,0.647548496723175
matched_hop0,pca_ridge,5,SCGB1D2,0.32669315977317287,0.32899372917276415,0.6257489919662476
matched_hop0,pca_ridge,5,SERPINA3,0.02749985701258421,-0.004225418864293789,0.589737594127655
matched_hop0,pca_ridge,5,LINC00052,0.338482440017078,0.3254105470242817,0.43288949131965637
matched_hop0,pca_ridge,5,AGR2,0.4205366661371246,0.41259892914773677,0.43992361426353455
matched_hop0,pca_ridge,5,C6orf141,0.02238193542306675,0.06627998695759427,0.32895779609680176
matched_hop0,pca_ridge,5,LYZ,0.7241547728477135,0.7343874757844193,0.5069069862365723
matched_hop0,pca_ridge,5,CTSD,0.7212450360966524,0.7227512013882404,0.3653981387615204
matched_hop0,pca_ridge,5,HEBP1,0.5012708451459903,0.4983822762224425,0.5262802839279175
matched_hop0,pca_ridge,5,IGHM,0.36185561304920166,0.3409764023002516,0.6698480248451233
matched_hop0,pca_ridge,5,HLA-DRB1,0.6821371619586927,0.6855741913966515,0.4029664099216461
matched_hop0,pca_ridge,5,C1QA,0.7641582126246178,0.7538575040562141,0.4158207178115845
matched_hop0,pca_ridge,5,IGHA1,0.2924419945370799,0.25045482583433654,0.7295714616775513
matched_hop0,pca_ridge,5,DEGS1,0.33600659452702014,0.2984280983197822,0.533730149269104
matched_hop0,pca_ridge,5,AC087379.2,0.16859674983758624,0.20586707597322762,0.4117777943611145
matched_hop0,pca_ridge,5,AEBP1,0.6612484060214484,0.6362200393232045,0.4793340265750885
matched_hop0,pca_ridge,5,COL1A2,0.6832845682961138,0.6745035782963908,0.46525299549102783
matched_hop0,pca_ridge,5,GFRA1,0.20555413865338734,0.223741053501044,0.5156099200248718
matched_hop0,pca_ridge,5,COL1A1,0.6783215859083902,0.6629558151575838,0.49800655245780945
matched_hop0,pca_ridge,5,HLA-E,0.6502623213964515,0.6859143889984977,0.3958496153354645
matched_hop0,pca_ridge,5,CFB,0.15733849155789348,0.1357325940617053,0.5796924829483032
matched_hop0,pca_ridge,5,CCL19,0.44942760930483877,0.38904592719258346,0.49136611819267273
matched_hop0,pca_ridge,5,SNCG,0.3520978641353755,0.30537334181737946,0.6114463806152344
matched_hop0,pca_ridge,5,IGHG2,0.27426186571603917,0.21141853527064933,0.516511082649231
matched_hop0,spatial_knn,5,CRISP3,0.30461111009894265,0.16473894715328802,0.46681497253925686
matched_hop0,spatial_knn,5,CPB1,0.5771389388748988,0.5946773133133327,0.9847426802943251
matched_hop0,spatial_knn,5,IGHG3,0.26388465261902405,0.12603188742332255,0.7641160758244068
matched_hop0,spatial_knn,5,CD74,0.36476530943263447,0.3714332139376196,0.5131910070378216
matched_hop0,spatial_knn,5,IGLC2,0.255035012102721,0.2510628477279366,0.9565214382730644
matched_hop0,spatial_knn,5,HLA-B,0.4668060971703254,0.46374543496565473,0.4181248821582198
matched_hop0,spatial_knn,5,IGKC,0.17715224841211252,0.07205067601496606,0.8649699403446279
matched_hop0,spatial_knn,5,MALAT1,0.37573734113808654,0.3262498253491638,0.7118254811022418
matched_hop0,spatial_knn,5,ALB,0.1317592976370547,0.05635935216539816,0.5660964914260235
matched_hop0,spatial_knn,5,IGHG4,0.21569162653491789,0.10301198920944622,0.5930274646783781
matched_hop0,spatial_knn,5,TFF3,0.2838548833713631,0.21415112132222625,0.42283369221931366
matched_hop0,spatial_knn,5,CXCL14,0.39116023269189715,0.26527577524771434,0.6049866186498917
matched_hop0,spatial_knn,5,IGHG1,0.22105882647643663,0.1820057304127229,0.758286087151977
matched_hop0,spatial_knn,5,SLITRK6,0.07498940282986342,0.03794877201635064,0.2963723325959209
matched_hop0,spatial_knn,5,APOE,0.30399734058421757,0.3651480604572485,0.6452503989288745
matched_hop0,spatial_knn,5,MT-ND2,0.25793600093933317,0.23605321558928868,0.758061813279758
matched_hop0,spatial_knn,5,CALML5,0.7403357993775223,0.7305581115658613,0.42953602500758914
matched_hop0,spatial_knn,5,HLA-DRA,0.34611782098211785,0.3320390238460865,0.5231135491482624
matched_hop0,spatial_knn,5,S100G,0.18641789292749414,0.14425678069246461,0.7451948983925305
matched_hop0,spatial_knn,5,LINC00645,0.566226836970081,0.5212199057171814,0.5712727597958492
matched_hop0,spatial_knn,5,C3,0.15135554042451405,0.0753560615408151,0.7044619665817108
matched_hop0,spatial_knn,5,IGLC3,0.1644304438970689,0.09633951478930003,0.7519984563244779
matched_hop0,spatial_knn,5,IGLC1,0.1797636791039926,0.19869593449046608,0.8703261526298245
matched_hop0,spatial_knn,5,TIMP1,0.12550383457458747,0.10278162784927787,0.8009707037535866
matched_hop0,spatial_knn,5,APOC1,0.3334214964919069,0.2705036627567206,0.5854680819322183
matched_hop0,spatial_knn,5,TFF1,0.4261523994068406,0.42427318624161886,0.6398677919447194
matched_hop0,spatial_knn,5,SCGB2A2,0.11913544949318039,0.09202414001286054,0.9183958468373374
matched_hop0,spatial_knn,5,SCGB1D2,-0.0035584500300819386,-0.032441523830805175,0.9893873325842792
matched_hop0,spatial_knn,5,SERPINA3,0.30420007043783764,0.3228108840457034,0.48611535090087815
matched_hop0,spatial_knn,5,LINC00052,0.5366837896453087,0.5232412484290653,0.4071562641625606
matched_hop0,spatial_knn,5,AGR2,0.31022396993012685,0.26495420668189285,0.49223805406605897
matched_hop0,spatial_knn,5,C6orf141,0.06201593152047303,0.031503201019476575,0.30272858141036674
matched_hop0,spatial_knn,5,LYZ,0.23481723944638264,0.2737516430099327,0.7075198753006209
matched_hop0,spatial_knn,5,CTSD,0.2938971400071341,0.3327928504616435,0.5012990096604165
matched_hop0,spatial_knn,5,HEBP1,0.3269968409692465,0.2818348108505514,0.7021654294589845
matched_hop0,spatial_knn,5,IGHM,0.2650775309284546,0.20558331166809524,0.6987749436209945
matched_hop0,spatial_knn,5,HLA-DRB1,0.21266723847695285,0.1913092358109312,0.5689959390955923
matched_hop0,spatial_knn,5,C1QA,0.28729759455152515,0.31959763068092395,0.6656024996190645
matched_hop0,spatial_knn,5,IGHA1,0.2200139663860076,0.06017228809261791,0.6869388225455068
matched_hop0,spatial_knn,5,DEGS1,0.38748585781671474,0.3357923489392258,0.5169244552454558
matched_hop0,spatial_knn,5,AC087379.2,0.08498651632580104,0.08705898950365723,0.4124242747150837
matched_hop0,spatial_knn,5,AEBP1,0.2915077446615084,0.2372688070570404,0.6019914886227201
matched_hop0,spatial_knn,5,COL1A2,0.22801754593929346,0.19501414407012121,0.6313247950817947
matched_hop0,spatial_knn,5,GFRA1,0.05969616880987482,0.04960883690217492,0.5340984319202399
matched_hop0,spatial_knn,5,COL1A1,0.14427237282999744,0.05310627515679581,0.6851917962463382
matched_hop0,spatial_knn,5,HLA-E,0.26973765606643085,0.28965546543060533,0.5118316839968553
matched_hop0,spatial_knn,5,CFB,0.5408226378247109,0.5968749858265657,0.4943714257300769
matched_hop0,spatial_knn,5,CCL19,0.15973231885293634,0.12735477991163718,0.5757722828400247
matched_hop0,spatial_knn,5,SNCG,0.5544271538193396,0.5518579891470907,0.5011568901270809
matched_hop0,spatial_knn,5,IGHG2,0.05757992153819147,0.0812416970366855,0.5439173816237598
matched_hop1,mean,5,CRISP3,0.0,,0.6546719074249268
matched_hop1,mean,5,CPB1,,,1.2929320335388184
matched_hop1,mean,5,IGHG3,,,0.7977928519248962
matched_hop1,mean,5,CD74,,,0.5789300203323364
matched_hop1,mean,5,IGLC2,,,0.9246160387992859
matched_hop1,mean,5,HLA-B,,,0.5173699855804443
matched_hop1,mean,5,IGKC,,,0.8383240699768066
matched_hop1,mean,5,MALAT1,0.0,,0.7077241539955139
matched_hop1,mean,5,ALB,,,0.43659794330596924
matched_hop1,mean,5,IGHG4,,,0.5962137579917908
matched_hop1,mean,5,TFF3,,,0.48401153087615967
matched_hop1,mean,5,CXCL14,,,0.7307226061820984
matched_hop1,mean,5,IGHG1,,,0.7321970462799072
matched_hop1,mean,5,SLITRK6,0.0,,0.37609949707984924
matched_hop1,mean,5,APOE,0.0,,0.6470247507095337
matched_hop1,mean,5,MT-ND2,0.0,,0.5929847955703735
matched_hop1,mean,5,CALML5,,,0.6973613500595093
matched_hop1,mean,5,HLA-DRA,,,0.6143076419830322
matched_hop1,mean,5,S100G,0.0,,0.5698551535606384
matched_hop1,mean,5,LINC00645,,,0.8051794171333313
matched_hop1,mean,5,C3,,,0.6570367813110352
matched_hop1,mean,5,IGLC3,,,0.6928877830505371
matched_hop1,mean,5,IGLC1,,,0.718975305557251
matched_hop1,mean,5,TIMP1,,,0.7003111243247986
matched_hop1,mean,5,APOC1,,,0.6678770780563354
matched_hop1,mean,5,TFF1,,,0.7003987431526184
matched_hop1,mean,5,SCGB2A2,,,0.7665771842002869
matched_hop1,mean,5,SCGB1D2,0.0,,0.7520244121551514
matched_hop1,mean,5,SERPINA3,,,0.519359827041626
matched_hop1,mean,5,LINC00052,0.0,,0.45964452624320984
matched_hop1,mean,5,AGR2,,,0.4909168779850006
matched_hop1,mean,5,C6orf141,0.0,,0.33029159903526306
matched_hop1,mean,5,LYZ,,,0.779449462890625
matched_hop1,mean,5,CTSD,,,0.5075235962867737
matched_hop1,mean,5,HEBP1,0.0,,0.6449683904647827
matched_hop1,mean,5,IGHM,0.0,,0.6971294283866882
matched_hop1,mean,5,HLA-DRB1,,,0.5973902344703674
matched_hop1,mean,5,C1QA,,,0.6502656936645508
matched_hop1,mean,5,IGHA1,,,0.7002073526382446
matched_hop1,mean,5,DEGS1,,,0.6001683473587036
matched_hop1,mean,5,AC087379.2,,,0.3229730725288391
matched_hop1,mean,5,AEBP1,,,0.6665515303611755
matched_hop1,mean,5,COL1A2,,,0.6907783150672913
matched_hop1,mean,5,GFRA1,0.0,,0.5231577157974243
matched_hop1,mean,5,COL1A1,,,0.7121535539627075
matched_hop1,mean,5,HLA-E,,,0.5251191258430481
matched_hop1,mean,5,CFB,,,0.6127002239227295
matched_hop1,mean,5,CCL19,,,0.5480058789253235
matched_hop1,mean,5,SNCG,,,0.7775010466575623
matched_hop1,mean,5,IGHG2,,,0.5113536715507507
matched_hop1,pca_ridge,5,CRISP3,0.07574430994277669,0.059690123328035125,0.5855715870857239
matched_hop1,pca_ridge,5,CPB1,0.06980358534115369,0.05961971112504082,1.1986713409423828
matched_hop1,pca_ridge,5,IGHG3,0.5807062073171932,0.5616733945064909,0.7199742197990417
matched_hop1,pca_ridge,5,CD74,0.7713353891804984,0.7803052551977965,0.3779429495334625
matched_hop1,pca_ridge,5,IGLC2,0.47845383679125686,0.49361910137739634,0.9382944107055664
matched_hop1,pca_ridge,5,HLA-B,0.5523973655658025,0.571492046623686,0.3915042579174042
matched_hop1,pca_ridge,5,IGKC,0.5839969677047062,0.5945442384631309,0.7622948884963989
matched_hop1,pca_ridge,5,MALAT1,0.624499013250415,0.6404186453921578,0.5263464450836182
matched_hop1,pca_ridge,5,ALB,0.0653601726738315,0.06816154345083345,0.5577825903892517
matched_hop1,pca_ridge,5,IGHG4,0.5642834699266188,0.5379238083590867,0.5285744667053223
matched_hop1,pca_ridge,5,TFF3,0.32181659132999074,0.29353253796536205,0.4311184585094452
matched_hop1,pca_ridge,5,CXCL14,0.33030428892111297,0.2609058454438698,0.590663492679596
matched_hop1,pca_ridge,5,IGHG1,0.5502570532227019,0.532281136266143,0.6824898719787598
matched_hop1,pca_ridge,5,SLITRK6,0.0019132409685555403,0.03244535032848492,0.35401004552841187
matched_hop1,pca_ridge,5,APOE,0.8445190108573,0.8465273321788954,0.3479934632778168
matched_hop1,pca_ridge,5,MT-ND2,0.5620501755343952,0.5747084790411752,0.4961981475353241
matched_hop1,pca_ridge,5,CALML5,0.3313296154468158,0.3506086779580348,0.6454513072967529
matched_hop1,pca_ridge,5,HLA-DRA,0.7263976213473152,0.7155833650790949,0.40122780203819275
matched_hop1,pca_ridge,5,S100G,0.3500052015723164,0.326560650932893,0.6110116839408875
matched_hop1,pca_ridge,5,LINC00645,0.2886718921461917,0.2770974589024293,0.7159099578857422
matched_hop1,pca_ridge,5,C3,0.7123317431772043,0.6812428425234033,0.4623420536518097
matched_hop1,pca_ridge,5,IGLC3,0.32872184556909184,0.3149772642776364,0.7233198881149292
matched_hop1,pca_ridge,5,IGLC1,0.34533976922023696,0.3002825117389946,0.6924958825111389
matched_hop1,pca_ridge,5,TIMP1,0.6957591577077848,0.6850084723729685,0.5077371597290039
matched_hop1,pca_ridge,5,APOC1,0.6949643795668281,0.6765662153309844,0.451123982667923
matched_hop1,pca_ridge,5,TFF1,0.3252021023165079,0.28787203129474787,0.6370055675506592
matched_hop1,pca_ridge,5,SCGB2A2,0.3636997375936106,0.3454889978566513,0.647548496723175
matched_hop1,pca_ridge,5,SCGB1D2,0.32669315977317287,0.32899372917276415,0.6257489919662476
matched_hop1,pca_ridge,5,SERPINA3,0.02749985701258421,-0.004225418864293789,0.589737594127655
matched_hop1,pca_ridge,5,LINC00052,0.338482440017078,0.3254105470242817,0.43288949131965637
matched_hop1,pca_ridge,5,AGR2,0.4205366661371246,0.41259892914773677,0.43992361426353455
matched_hop1,pca_ridge,5,C6orf141,0.02238193542306675,0.06627998695759427,0.32895779609680176
matched_hop1,pca_ridge,5,LYZ,0.7241547728477135,0.7343874757844193,0.5069069862365723
matched_hop1,pca_ridge,5,CTSD,0.7212450360966524,0.7227512013882404,0.3653981387615204
matched_hop1,pca_ridge,5,HEBP1,0.5012708451459903,0.4983822762224425,0.5262802839279175
matched_hop1,pca_ridge,5,IGHM,0.36185561304920166,0.3409764023002516,0.6698480248451233
matched_hop1,pca_ridge,5,HLA-DRB1,0.6821371619586927,0.6855741913966515,0.4029664099216461
matched_hop1,pca_ridge,5,C1QA,0.7641582126246178,0.7538575040562141,0.4158207178115845
matched_hop1,pca_ridge,5,IGHA1,0.2924419945370799,0.25045482583433654,0.7295714616775513
matched_hop1,pca_ridge,5,DEGS1,0.33600659452702014,0.2984280983197822,0.533730149269104
matched_hop1,pca_ridge,5,AC087379.2,0.16859674983758624,0.20586707597322762,0.4117777943611145
matched_hop1,pca_ridge,5,AEBP1,0.6612484060214484,0.6362200393232045,0.4793340265750885
matched_hop1,pca_ridge,5,COL1A2,0.6832845682961138,0.6745035782963908,0.46525299549102783
matched_hop1,pca_ridge,5,GFRA1,0.20555413865338734,0.223741053501044,0.5156099200248718
matched_hop1,pca_ridge,5,COL1A1,0.6783215859083902,0.6629558151575838,0.49800655245780945
matched_hop1,pca_ridge,5,HLA-E,0.6502623213964515,0.6859143889984977,0.3958496153354645
matched_hop1,pca_ridge,5,CFB,0.15733849155789348,0.1357325940617053,0.5796924829483032
matched_hop1,pca_ridge,5,CCL19,0.44942760930483877,0.38904592719258346,0.49136611819267273
matched_hop1,pca_ridge,5,SNCG,0.3520978641353755,0.30537334181737946,0.6114463806152344
matched_hop1,pca_ridge,5,IGHG2,0.27426186571603917,0.21141853527064933,0.516511082649231
matched_hop1,spatial_knn,5,CRISP3,0.30461111009894265,0.16473894715328802,0.46681497253925686
matched_hop1,spatial_knn,5,CPB1,0.5771389388748988,0.5946773133133327,0.9847426802943251
matched_hop1,spatial_knn,5,IGHG3,0.26388465261902405,0.12603188742332255,0.7641160758244068
matched_hop1,spatial_knn,5,CD74,0.36476530943263447,0.3714332139376196,0.5131910070378216
matched_hop1,spatial_knn,5,IGLC2,0.255035012102721,0.2510628477279366,0.9565214382730644
matched_hop1,spatial_knn,5,HLA-B,0.4668060971703254,0.46374543496565473,0.4181248821582198
matched_hop1,spatial_knn,5,IGKC,0.17715224841211252,0.07205067601496606,0.8649699403446279
matched_hop1,spatial_knn,5,MALAT1,0.37573734113808654,0.3262498253491638,0.7118254811022418
matched_hop1,spatial_knn,5,ALB,0.1317592976370547,0.05635935216539816,0.5660964914260235
matched_hop1,spatial_knn,5,IGHG4,0.21569162653491789,0.10301198920944622,0.5930274646783781
matched_hop1,spatial_knn,5,TFF3,0.2838548833713631,0.21415112132222625,0.42283369221931366
matched_hop1,spatial_knn,5,CXCL14,0.39116023269189715,0.26527577524771434,0.6049866186498917
matched_hop1,spatial_knn,5,IGHG1,0.22105882647643663,0.1820057304127229,0.758286087151977
matched_hop1,spatial_knn,5,SLITRK6,0.07498940282986342,0.03794877201635064,0.2963723325959209
matched_hop1,spatial_knn,5,APOE,0.30399734058421757,0.3651480604572485,0.6452503989288745
matched_hop1,spatial_knn,5,MT-ND2,0.25793600093933317,0.23605321558928868,0.758061813279758
matched_hop1,spatial_knn,5,CALML5,0.7403357993775223,0.7305581115658613,0.42953602500758914
matched_hop1,spatial_knn,5,HLA-DRA,0.34611782098211785,0.3320390238460865,0.5231135491482624
matched_hop1,spatial_knn,5,S100G,0.18641789292749414,0.14425678069246461,0.7451948983925305
matched_hop1,spatial_knn,5,LINC00645,0.566226836970081,0.5212199057171814,0.5712727597958492
matched_hop1,spatial_knn,5,C3,0.15135554042451405,0.0753560615408151,0.7044619665817108
matched_hop1,spatial_knn,5,IGLC3,0.1644304438970689,0.09633951478930003,0.7519984563244779
matched_hop1,spatial_knn,5,IGLC1,0.1797636791039926,0.19869593449046608,0.8703261526298245
matched_hop1,spatial_knn,5,TIMP1,0.12550383457458747,0.10278162784927787,0.8009707037535866
matched_hop1,spatial_knn,5,APOC1,0.3334214964919069,0.2705036627567206,0.5854680819322183
matched_hop1,spatial_knn,5,TFF1,0.4261523994068406,0.42427318624161886,0.6398677919447194
matched_hop1,spatial_knn,5,SCGB2A2,0.11913544949318039,0.09202414001286054,0.9183958468373374
matched_hop1,spatial_knn,5,SCGB1D2,-0.0035584500300819386,-0.032441523830805175,0.9893873325842792
matched_hop1,spatial_knn,5,SERPINA3,0.30420007043783764,0.3228108840457034,0.48611535090087815
matched_hop1,spatial_knn,5,LINC00052,0.5366837896453087,0.5232412484290653,0.4071562641625606
matched_hop1,spatial_knn,5,AGR2,0.31022396993012685,0.26495420668189285,0.49223805406605897
matched_hop1,spatial_knn,5,C6orf141,0.06201593152047303,0.031503201019476575,0.30272858141036674
matched_hop1,spatial_knn,5,LYZ,0.23481723944638264,0.2737516430099327,0.7075198753006209
matched_hop1,spatial_knn,5,CTSD,0.2938971400071341,0.3327928504616435,0.5012990096604165
matched_hop1,spatial_knn,5,HEBP1,0.3269968409692465,0.2818348108505514,0.7021654294589845
matched_hop1,spatial_knn,5,IGHM,0.2650775309284546,0.20558331166809524,0.6987749436209945
matched_hop1,spatial_knn,5,HLA-DRB1,0.21266723847695285,0.1913092358109312,0.5689959390955923
matched_hop1,spatial_knn,5,C1QA,0.28729759455152515,0.31959763068092395,0.6656024996190645
matched_hop1,spatial_knn,5,IGHA1,0.2200139663860076,0.06017228809261791,0.6869388225455068
matched_hop1,spatial_knn,5,DEGS1,0.38748585781671474,0.3357923489392258,0.5169244552454558
matched_hop1,spatial_knn,5,AC087379.2,0.08498651632580104,0.08705898950365723,0.4124242747150837
matched_hop1,spatial_knn,5,AEBP1,0.2915077446615084,0.2372688070570404,0.6019914886227201
matched_hop1,spatial_knn,5,COL1A2,0.22801754593929346,0.19501414407012121,0.6313247950817947
matched_hop1,spatial_knn,5,GFRA1,0.05969616880987482,0.04960883690217492,0.5340984319202399
matched_hop1,spatial_knn,5,COL1A1,0.14427237282999744,0.05310627515679581,0.6851917962463382
matched_hop1,spatial_knn,5,HLA-E,0.26973765606643085,0.28965546543060533,0.5118316839968553
matched_hop1,spatial_knn,5,CFB,0.5408226378247109,0.5968749858265657,0.4943714257300769
matched_hop1,spatial_knn,5,CCL19,0.15973231885293634,0.12735477991163718,0.5757722828400247
matched_hop1,spatial_knn,5,SNCG,0.5544271538193396,0.5518579891470907,0.5011568901270809
matched_hop1,spatial_knn,5,IGHG2,0.05757992153819147,0.0812416970366855,0.5439173816237598
matched_hop2,mean,5,CRISP3,0.0,,0.6465955376625061
matched_hop2,mean,5,CPB1,,,1.3349496126174927
matched_hop2,mean,5,IGHG3,,,0.7609813809394836
matched_hop2,mean,5,CD74,0.0,,0.5852691531181335
matched_hop2,mean,5,IGLC2,,,0.9003964066505432
matched_hop2,mean,5,HLA-B,,,0.538103461265564
matched_hop2,mean,5,IGKC,0.0,,0.8194959163665771
matched_hop2,mean,5,MALAT1,,,0.7035546898841858
matched_hop2,mean,5,ALB,,,0.4262688457965851
matched_hop2,mean,5,IGHG4,,,0.5720939040184021
matched_hop2,mean,5,TFF3,,,0.4911934733390808
matched_hop2,mean,5,CXCL14,,,0.725400984287262
matched_hop2,mean,5,IGHG1,0.0,,0.6992007493972778
matched_hop2,mean,5,SLITRK6,,,0.3672317862510681
matched_hop2,mean,5,APOE,0.0,,0.6482253074645996
matched_hop2,mean,5,MT-ND2,0.0,,0.592713475227356
matched_hop2,mean,5,CALML5,0.0,,0.7277976870536804
matched_hop2,mean,5,HLA-DRA,,,0.6234564781188965
matched_hop2,mean,5,S100G,0.0,,0.5516052842140198
matched_hop2,mean,5,LINC00645,,,0.7462355494499207
matched_hop2,mean,5,C3,,,0.6312406659126282
matched_hop2,mean,5,IGLC3,,,0.6558632254600525
matched_hop2,mean,5,IGLC1,,,0.6981197595596313
matched_hop2,mean,5,TIMP1,,,0.6865372657775879
matched_hop2,mean,5,APOC1,,,0.686023473739624
matched_hop2,mean,5,TFF1,,,0.7216686010360718
matched_hop2,mean,5,SCGB2A2,,,0.7597665190696716
matched_hop2,mean,5,SCGB1D2,0.0,,0.7462566494941711
matched_hop2,mean,5,SERPINA3,,,0.5052382349967957
matched_hop2,mean,5,LINC00052,0.0,,0.46534228324890137
matched_hop2,mean,5,AGR2,,,0.4823615849018097
matched_hop2,mean,5,C6orf141,,,0.32396742701530457
matched_hop2,mean,5,LYZ,,,0.7992752194404602
matched_hop2,mean,5,CTSD,,,0.4932596981525421
matched_hop2,mean,5,HEBP1,0.0,,0.6386297941207886
matched_hop2,mean,5,IGHM,0.0,,0.6967505812644958
matched_hop2,mean,5,HLA-DRB1,,,0.599921464920044
matched_hop2,mean,5,C1QA,,,0.6381217241287231
matched_hop2,mean,5,IGHA1,,,0.6674003601074219
matched_hop2,mean,5,DEGS1,,,0.599920928478241
matched_hop2,mean,5,AC087379.2,,,0.31754833459854126
matched_hop2,mean,5,AEBP1,,,0.6517419815063477
matched_hop2,mean,5,COL1A2,,,0.6918627023696899
matched_hop2,mean,5,GFRA1,,,0.5114052891731262
matched_hop2,mean,5,COL1A1,,,0.7004141211509705
matched_hop2,mean,5,HLA-E,,,0.5248910188674927
matched_hop2,mean,5,CFB,,,0.6195788383483887
matched_hop2,mean,5,CCL19,0.0,,0.562069833278656
matched_hop2,mean,5,SNCG,0.0,,0.7969920635223389
matched_hop2,mean,5,IGHG2,0.0,,0.49852561950683594
matched_hop2,pca_ridge,5,CRISP3,0.035649414564356885,0.035059240048154416,0.569328248500824
matched_hop2,pca_ridge,5,CPB1,0.03128878415611437,0.02822584185673597,1.2449426651000977
matched_hop2,pca_ridge,5,IGHG3,0.5659980929076354,0.5403228077432967,0.7205438613891602
matched_hop2,pca_ridge,5,CD74,0.7709062788486407,0.7804885288563391,0.38057178258895874
matched_hop2,pca_ridge,5,IGLC2,0.4684385287208131,0.48999630015097545,0.9500359892845154
matched_hop2,pca_ridge,5,HLA-B,0.5544693082135208,0.5706681128896093,0.3985414206981659
matched_hop2,pca_ridge,5,IGKC,0.5822629710311973,0.5807654337068421,0.7641221284866333
matched_hop2,pca_ridge,5,MALAT1,0.6270338399209632,0.6160918032023169,0.505622923374176
matched_hop2,pca_ridge,5,ALB,0.04993606379485898,0.05574717136415317,0.5536155104637146
matched_hop2,pca_ridge,5,IGHG4,0.532527239714978,0.4940690621796906,0.5281717777252197
matched_hop2,pca_ridge,5,TFF3,0.30665881434084635,0.2826048896330104,0.4280177354812622
matched_hop2,pca_ridge,5,CXCL14,0.2732148816788801,0.21995049351421764,0.5744795203208923
matched_hop2,pca_ridge,5,IGHG1,0.5386973094977535,0.5104680080569812,0.6775081753730774
matched_hop2,pca_ridge,5,SLITRK6,0.004180393510521365,0.034825488451719004,0.3361780047416687
matched_hop2,pca_ridge,5,APOE,0.8541203384158417,0.8549116891324232,0.33925661444664
matched_hop2,pca_ridge,5,MT-ND2,0.5601540259865199,0.5697937133094911,0.49840661883354187
matched_hop2,pca_ridge,5,CALML5,0.3530713611577083,0.3680130139554289,0.6716184020042419
matched_hop2,pca_ridge,5,HLA-DRA,0.7204832352119702,0.7100531517432308,0.4055566191673279
matched_hop2,pca_ridge,5,S100G,0.31551284186989753,0.2943369497115911,0.6164618730545044
matched_hop2,pca_ridge,5,LINC00645,0.25293699852111373,0.23996046859020828,0.6620317697525024
matched_hop2,pca_ridge,5,C3,0.7015733550098395,0.6716125504402064,0.4525459408760071
matched_hop2,pca_ridge,5,IGLC3,0.30511833686775186,0.30548056761500286,0.7144562005996704
matched_hop2,pca_ridge,5,IGLC1,0.2906733751653745,0.2472208380643551,0.6902268528938293
matched_hop2,pca_ridge,5,TIMP1,0.6848841047641737,0.6802206821423844,0.5073598623275757
matched_hop2,pca_ridge,5,APOC1,0.7123612582530126,0.7023165346812782,0.44896531105041504
matched_hop2,pca_ridge,5,TFF1,0.32147476649878676,0.292921254518974,0.6445544958114624
matched_hop2,pca_ridge,5,SCGB2A2,0.32491094728828196,0.3080209717848172,0.644282877445221
matched_hop2,pca_ridge,5,SCGB1D2,0.2869472725085961,0.29032431176528695,0.625381588935852
matched_hop2,pca_ridge,5,SERPINA3,0.012483705149488421,-0.015382854839684285,0.580284059047699
matched_hop2,pca_ridge,5,LINC00052,0.33685510435276256,0.31273266714103576,0.43768832087516785
matched_hop2,pca_ridge,5,AGR2,0.4028233774035296,0.38522260241682504,0.43329599499702454
matched_hop2,pca_ridge,5,C6orf141,0.02524352531195682,0.0607606199796139,0.32173585891723633
matched_hop2,pca_ridge,5,LYZ,0.7317152211189977,0.7436634614960639,0.5083059072494507
matched_hop2,pca_ridge,5,CTSD,0.7409032284303727,0.728453941781372,0.34821248054504395
matched_hop2,pca_ridge,5,HEBP1,0.4839610549580289,0.4805673919207665,0.5190958976745605
matched_hop2,pca_ridge,5,IGHM,0.3278456371875242,0.30949753525069407,0.6839333176612854
matched_hop2,pca_ridge,5,HLA-DRB1,0.6897699836406934,0.6924391890530855,0.39149218797683716
matched_hop2,pca_ridge,5,C1QA,0.7755969657785715,0.7668587992134951,0.39768216013908386
matched_hop2,pca_ridge,5,IGHA1,0.2556820775012515,0.21693732203198363,0.7216724753379822
matched_hop2,pca_ridge,5,DEGS1,0.31610235738619935,0.2667951134648377,0.5281453728675842
matched_hop2,pca_ridge,5,AC087379.2,0.15683724901965965,0.19193356666583686,0.41471436619758606
matched_hop2,pca_ridge,5,AEBP1,0.6547821788908945,0.6279353597578308,0.4679762125015259
matched_hop2,pca_ridge,5,COL1A2,0.6894269190458875,0.6739110357872911,0.4544631242752075
matched_hop2,pca_ridge,5,GFRA1,0.23447469023331577,0.2475710732528362,0.49845632910728455
matched_hop2,pca_ridge,5,COL1A1,0.6865034493837547,0.6679888221417843,0.480873167514801
matched_hop2,pca_ridge,5,HLA-E,0.6559215165511022,0.6903987318549621,0.3917701244354248
matched_hop2,pca_ridge,5,CFB,0.1193046296535196,0.10573706744347333,0.5893920063972473
matched_hop2,pca_ridge,5,CCL19,0.47199726307119966,0.41889077771379457,0.49801596999168396
matched_hop2,pca_ridge,5,SNCG,0.2852973171083486,0.24871603727290428,0.6190171837806702
matched_hop2,pca_ridge,5,IGHG2,0.2641760855486447,0.20253641929337526,0.5098459124565125
matched_hop2,spatial_knn,5,CRISP3,0.17991867776568177,0.10978755325414319,0.4558726338550157
matched_hop2,spatial_knn,5,CPB1,0.5992730296606692,0.6062082296639894,1.0228132818029452
matched_hop2,spatial_knn,5,IGHG3,0.0298174829102316,-0.028038357581416783,0.7702192576516711
matched_hop2,spatial_knn,5,CD74,0.33684656797398216,0.3489757464493558,0.5325989648823543
matched_hop2,spatial_knn,5,IGLC2,0.08652244790526296,0.14310256712338815,0.978871981758336
matched_hop2,spatial_knn,5,HLA-B,0.42773502645719685,0.42605564068729895,0.43591273548453136
matched_hop2,spatial_knn,5,IGKC,-0.03686373738346741,-0.049285940095789585,0.8838532909846923
matched_hop2,spatial_knn,5,MALAT1,0.2693647451228239,0.21754812503778934,0.7308769581736441
matched_hop2,spatial_knn,5,ALB,0.09810244587159773,0.046920818528686375,0.5811844738173784
matched_hop2,spatial_knn,5,IGHG4,0.04159405378689602,0.011141758921002777,0.5928687493055567
matched_hop2,spatial_knn,5,TFF3,0.20343721263313838,0.15451791385218644,0.42954233553371113
matched_hop2,spatial_knn,5,CXCL14,0.2867525450071166,0.17413046388077516,0.6204179694120214
matched_hop2,spatial_knn,5,IGHG1,0.03295605148261741,0.08748190777361983,0.7653023900098065
matched_hop2,spatial_knn,5,SLITRK6,-0.027119527226178112,-0.013767958879381169,0.28152396358987414
matched_hop2,spatial_knn,5,APOE,0.29157073193683103,0.35683735294852376,0.6589902406404805
matched_hop2,spatial_knn,5,MT-ND2,0.2718168074600109,0.23999645915076906,0.7930149003584649
matched_hop2,spatial_knn,5,CALML5,0.7492926153127814,0.7425689119769989,0.43440970012912233
matched_hop2,spatial_knn,5,HLA-DRA,0.32608682076533674,0.3119845523363671,0.5371592484526595
matched_hop2,spatial_knn,5,S100G,0.14850055617765803,0.10480679322486486,0.7672484151437877
matched_hop2,spatial_knn,5,LINC00645,0.5059986126083389,0.45176638106351874,0.5764261294124049
matched_hop2,spatial_knn,5,C3,0.01763542117331393,-0.013734893956503642,0.7126421460667515
matched_hop2,spatial_knn,5,IGLC3,-0.038455833623304625,-0.00452123533554788,0.7543367100525836
matched_hop2,spatial_knn,5,IGLC1,0.08104661145441323,0.13455203764910176,0.8863095823583608
matched_hop2,spatial_knn,5,TIMP1,-0.0015854373101856407,0.02635956045646107,0.8227621229555002
matched_hop2,spatial_knn,5,APOC1,0.34598595486674405,0.28666073027839684,0.5972740656473393
matched_hop2,spatial_knn,5,TFF1,0.4233810792803094,0.42075990978546945,0.6532761552431839
matched_hop2,spatial_knn,5,SCGB2A2,0.016632301785818666,-0.014557996714633566,0.9601076525280084
matched_hop2,spatial_knn,5,SCGB1D2,-0.10334242081261527,-0.14057316428696356,1.040245981291214
matched_hop2,spatial_knn,5,SERPINA3,0.2868060991455309,0.30741784550327733,0.4766300976684886
matched_hop2,spatial_knn,5,LINC00052,0.5078502768799262,0.5101195825009425,0.42913565784665697
matched_hop2,spatial_knn,5,AGR2,0.26650609351160587,0.21362863994585077,0.4933841115525205
matched_hop2,spatial_knn,5,C6orf141,0.05153966848271551,0.028679608324073874,0.2990224964829128
matched_hop2,spatial_knn,5,LYZ,0.26063812077520987,0.27971168137102426,0.7194153382820317
matched_hop2,spatial_knn,5,CTSD,0.24570961961117707,0.2993288988696783,0.5004538765339798
matched_hop2,spatial_knn,5,HEBP1,0.2510447824425079,0.20219104420839276,0.7322698705165199
matched_hop2,spatial_knn,5,IGHM,0.20368464070372597,0.13645971410111402,0.7125709678424035
matched_hop2,spatial_knn,5,HLA-DRB1,0.19660430923397218,0.16514502834990685,0.5744633282917964
matched_hop2,spatial_knn,5,C1QA,0.263553643622115,0.3044804059170178,0.6709823050440723
matched_hop2,spatial_knn,5,IGHA1,0.020444832356022236,-0.005317967109104173,0.684399957272073
matched_hop2,spatial_knn,5,DEGS1,0.3657903694736972,0.29372956757828045,0.5103274627158277
matched_hop2,spatial_knn,5,AC087379.2,0.06729741348341817,0.06531732316245376,0.4177292212113735
matched_hop2,spatial_knn,5,AEBP1,0.1810543615070718,0.192838941985204,0.5970076272270387
matched_hop2,spatial_knn,5,COL1A2,0.11340109126542629,0.13013538570471492,0.6419317654014901
matched_hop2,spatial_knn,5,GFRA1,0.027687504657295445,0.017940267227443324,0.5274366547522392
matched_hop2,spatial_knn,5,COL1A1,0.019496401374544996,-0.013418196774560177,0.6878816251888862
matched_hop2,spatial_knn,5,HLA-E,0.24298702784343482,0.26437996014077186,0.5198290462366781
matched_hop2,spatial_knn,5,CFB,0.5478667950198453,0.6080274998041816,0.4996532168131432
matched_hop2,spatial_knn,5,CCL19,0.14850043151538075,0.12014821101125879,0.5983130734278739
matched_hop2,spatial_knn,5,SNCG,0.5305839405343786,0.5249853792567419,0.49747701801223354
matched_hop2,spatial_knn,5,IGHG2,-0.0029289825944528096,0.043518240953173054,0.5416143917414105
matched_hop5,mean,5,CRISP3,0.0,,0.6436485648155212
matched_hop5,mean,5,CPB1,0.0,,1.0022695064544678
matched_hop5,mean,5,IGHG3,,,0.7430500388145447
matched_hop5,mean,5,CD74,0.0,,0.6296112537384033
matched_hop5,mean,5,IGLC2,,,0.8982773423194885
matched_hop5,mean,5,HLA-B,,,0.5490849018096924
matched_hop5,mean,5,IGKC,,,0.8286420106887817
matched_hop5,mean,5,MALAT1,0.0,,0.7083367109298706
matched_hop5,mean,5,ALB,,,0.4308582544326782
matched_hop5,mean,5,IGHG4,,,0.5577162504196167
matched_hop5,mean,5,TFF3,0.0,,0.5412453413009644
matched_hop5,mean,5,CXCL14,,,0.7258976101875305
matched_hop5,mean,5,IGHG1,,,0.7075585126876831
matched_hop5,mean,5,SLITRK6,0.0,,0.3633182644844055
matched_hop5,mean,5,APOE,0.0,,0.7337871789932251
matched_hop5,mean,5,MT-ND2,,,0.5772098302841187
matched_hop5,mean,5,CALML5,0.0,,0.8922570943832397
matched_hop5,mean,5,HLA-DRA,,,0.7053387761116028
matched_hop5,mean,5,S100G,0.0,,0.5497434139251709
matched_hop5,mean,5,LINC00645,,,0.507897138595581
matched_hop5,mean,5,C3,,,0.6579912900924683
matched_hop5,mean,5,IGLC3,0.0,,0.6565958857536316
matched_hop5,mean,5,IGLC1,,,0.6494255661964417
matched_hop5,mean,5,TIMP1,,,0.7083489894866943
matched_hop5,mean,5,APOC1,,,0.7864945530891418
matched_hop5,mean,5,TFF1,,,0.868423581123352
matched_hop5,mean,5,SCGB2A2,,,0.6870653033256531
matched_hop5,mean,5,SCGB1D2,,,0.6784193515777588
matched_hop5,mean,5,SERPINA3,0.0,,0.4832286536693573
matched_hop5,mean,5,LINC00052,,,0.4232390522956848
matched_hop5,mean,5,AGR2,,,0.48479777574539185
matched_hop5,mean,5,C6orf141,,,0.30575230717658997
matched_hop5,mean,5,LYZ,,,0.8772161602973938
matched_hop5,mean,5,CTSD,,,0.5381835103034973
matched_hop5,mean,5,HEBP1,0.0,,0.5772854685783386
matched_hop5,mean,5,IGHM,0.0,,0.6097703576087952
matched_hop5,mean,5,HLA-DRB1,,,0.688201367855072
matched_hop5,mean,5,C1QA,,,0.6783022284507751
matched_hop5,mean,5,IGHA1,,,0.6247520446777344
matched_hop5,mean,5,DEGS1,0.0,,0.6283559799194336
matched_hop5,mean,5,AC087379.2,,,0.3028890788555145
matched_hop5,mean,5,AEBP1,,,0.641086757183075
matched_hop5,mean,5,COL1A2,,,0.6730328798294067
matched_hop5,mean,5,GFRA1,,,0.512898862361908
matched_hop5,mean,5,COL1A1,,,0.6864466071128845
matched_hop5,mean,5,HLA-E,,,0.5357345342636108
matched_hop5,mean,5,CFB,,,0.5190151929855347
matched_hop5,mean,5,CCL19,,,0.6537371873855591
matched_hop5,mean,5,SNCG,,,0.8900011777877808
matched_hop5,mean,5,IGHG2,0.0,,0.5264611840248108
matched_hop5,pca_ridge,5,CRISP3,0.05725634329306184,0.07986435249696905,0.5358653664588928
matched_hop5,pca_ridge,5,CPB1,0.030843978532807657,0.0772352849738011,0.9733219742774963
matched_hop5,pca_ridge,5,IGHG3,0.5998509250093469,0.5772596195094359,0.7362258434295654
matched_hop5,pca_ridge,5,CD74,0.775213289219941,0.7856027902853203,0.3821439743041992
matched_hop5,pca_ridge,5,IGLC2,0.49997783408977897,0.5297383233141779,1.0365338325500488
matched_hop5,pca_ridge,5,HLA-B,0.4687888278424866,0.4905307629379735,0.3931434452533722
matched_hop5,pca_ridge,5,IGKC,0.5744333524949168,0.5687300801718468,0.8394152522087097
matched_hop5,pca_ridge,5,MALAT1,0.5861721703375109,0.5873780183604016,0.5232818722724915
matched_hop5,pca_ridge,5,ALB,0.04153484294302615,0.04355374419141689,0.5601944923400879
matched_hop5,pca_ridge,5,IGHG4,0.49109224127988316,0.4403415489914724,0.5636533498764038
matched_hop5,pca_ridge,5,TFF3,0.3363574640118989,0.34782069533109417,0.4581197500228882
matched_hop5,pca_ridge,5,CXCL14,0.09871981673449398,0.11643875351735404,0.5530553460121155
matched_hop5,pca_ridge,5,IGHG1,0.527560989516278,0.5012785630078266,0.7232010960578918
matched_hop5,pca_ridge,5,SLITRK6,0.01976059823077297,0.047901986978978905,0.3194117546081543
matched_hop5,pca_ridge,5,APOE,0.8760510420194703,0.8956191869055827,0.35538801550865173
matched_hop5,pca_ridge,5,MT-ND2,0.48459517360659415,0.47455273208042387,0.5086933970451355
matched_hop5,pca_ridge,5,CALML5,0.27472842207641945,0.23981266861164027,0.8104832172393799
matched_hop5,pca_ridge,5,HLA-DRA,0.6674220003391131,0.6622624714409643,0.44981399178504944
matched_hop5,pca_ridge,5,S100G,0.30546423210695806,0.27671689275504,0.609517514705658
matched_hop5,pca_ridge,5,LINC00645,0.17979559361474243,0.14937682293705135,0.44685667753219604
matched_hop5,pca_ridge,5,C3,0.7460048862191229,0.7352180623723987,0.4384419023990631
matched_hop5,pca_ridge,5,IGLC3,0.2874598570994905,0.2976697521279111,0.7779502272605896
matched_hop5,pca_ridge,5,IGLC1,0.25391463357522975,0.24142308694228728,0.6844861507415771
matched_hop5,pca_ridge,5,TIMP1,0.6947072511360287,0.72957473414067,0.5330429673194885
matched_hop5,pca_ridge,5,APOC1,0.7497604768579618,0.7618740447220995,0.47263652086257935
matched_hop5,pca_ridge,5,TFF1,0.40773722584624206,0.3712463411713722,0.7428302764892578
matched_hop5,pca_ridge,5,SCGB2A2,0.265939398259793,0.22386082067723234,0.6568360924720764
matched_hop5,pca_ridge,5,SCGB1D2,0.28636365519852763,0.26734942455583927,0.6397187113761902
matched_hop5,pca_ridge,5,SERPINA3,0.07415615154391214,0.04370274259255664,0.5537826418876648
matched_hop5,pca_ridge,5,LINC00052,0.1967979354214065,0.17133747945003938,0.39587870240211487
matched_hop5,pca_ridge,5,AGR2,0.25996421778384204,0.23831583237220882,0.4425801634788513
matched_hop5,pca_ridge,5,C6orf141,0.07609928533485359,0.10913754522887471,0.2978869080543518
matched_hop5,pca_ridge,5,LYZ,0.7187325371347715,0.7370066955054695,0.5154687166213989
matched_hop5,pca_ridge,5,CTSD,0.7942322888356652,0.8016600386400974,0.35474246740341187
matched_hop5,pca_ridge,5,HEBP1,0.42711284252014786,0.4154897172944632,0.5063830018043518
matched_hop5,pca_ridge,5,IGHM,0.26076097493659345,0.24982830828419392,0.6839330196380615
matched_hop5,pca_ridge,5,HLA-DRB1,0.6617968264881757,0.6703806521308919,0.42357805371284485
matched_hop5,pca_ridge,5,C1QA,0.8174209145944427,0.8176522699869788,0.37235182523727417
matched_hop5,pca_ridge,5,IGHA1,0.2733289066221268,0.23892014225254293,0.7429717779159546
matched_hop5,pca_ridge,5,DEGS1,0.044132125705340225,0.022320012368306167,0.53533935546875
matched_hop5,pca_ridge,5,AC087379.2,0.1343996469001673,0.14698453979418286,0.4118331968784332
matched_hop5,pca_ridge,5,AEBP1,0.7051119675362885,0.6822314730846394,0.44237613677978516
matched_hop5,pca_ridge,5,COL1A2,0.7069859979823836,0.6696872249355733,0.43993714451789856
matched_hop5,pca_ridge,5,GFRA1,0.24391459323681544,0.25674676255900913,0.4753425121307373
matched_hop5,pca_ridge,5,COL1A1,0.6786801780898998,0.664095400129324,0.48591163754463196
matched_hop5,pca_ridge,5,HLA-E,0.6489377704708817,0.6743874439223561,0.3828723728656769
matched_hop5,pca_ridge,5,CFB,0.0693750090922956,0.03546372953726676,0.5306932926177979
matched_hop5,pca_ridge,5,CCL19,0.4305046758260415,0.42907369639821114,0.5796031355857849
matched_hop5,pca_ridge,5,SNCG,0.16327966245009212,0.1487054123140133,0.6832769513130188
matched_hop5,pca_ridge,5,IGHG2,0.2480406624631216,0.1767065918664793,0.5412993431091309
matched_hop5,spatial_knn,5,CRISP3,0.04316206379773449,0.048236863690410525,0.3956175928004517
matched_hop5,spatial_knn,5,CPB1,0.4540862484247062,0.4167275003335115,0.8640045328283872
matched_hop5,spatial_knn,5,IGHG3,-0.22281549749071067,-0.3442270630030601,0.7764320558990941
matched_hop5,spatial_knn,5,CD74,0.4340076935945023,0.44572869630980716,0.613793027571028
matched_hop5,spatial_knn,5,IGLC2,-0.07670806991450937,0.053448464534457896,0.9143331486850289
matched_hop5,spatial_knn,5,HLA-B,0.14661917315207934,0.19733259394954772,0.4555748565892431
matched_hop5,spatial_knn,5,IGKC,-0.29114536582518363,-0.3551923425241262,0.8939881439958568
matched_hop5,spatial_knn,5,MALAT1,-0.012775713741171205,-0.00847901486817562,0.6707986643849624
matched_hop5,spatial_knn,5,ALB,0.09901941208401577,0.052585108660139775,0.6700213670462796
matched_hop5,spatial_knn,5,IGHG4,-0.08982723575202692,-0.11806929119243002,0.5954001450807643
matched_hop5,spatial_knn,5,TFF3,0.001471320060826266,-0.009020564094579265,0.4881025207166736
matched_hop5,spatial_knn,5,CXCL14,-0.10729855745068104,-0.12644009032641007,0.5574691308312919
matched_hop5,spatial_knn,5,IGHG1,-0.025827506027090986,0.09200442327430339,0.7493870917602411
matched_hop5,spatial_knn,5,SLITRK6,-0.0030800626937623893,-0.01046141893726341,0.24910546860588226
matched_hop5,spatial_knn,5,APOE,0.4301441322101493,0.4586773392988221,0.7716616492679185
matched_hop5,spatial_knn,5,MT-ND2,0.16182569542552835,0.1290011261654105,0.7981219340411622
matched_hop5,spatial_knn,5,CALML5,0.6717813100014418,0.6017925720469458,0.49183703035540305
matched_hop5,spatial_knn,5,HLA-DRA,0.40933896531120556,0.4064784524259689,0.6200617502180609
matched_hop5,spatial_knn,5,S100G,0.0259560325458103,0.011710940496556936,0.8672749073636858
matched_hop5,spatial_knn,5,LINC00645,0.014050064182559665,-0.002650934837608495,0.6274955240343681
matched_hop5,spatial_knn,5,C3,-0.1234004838952605,-0.09494917150783297,0.8076083219078845
matched_hop5,spatial_knn,5,IGLC3,-0.1632993540481529,-0.1591788336798749,0.715966015680094
matched_hop5,spatial_knn,5,IGLC1,0.10141949953531196,0.1594562391347889,0.7189532237944247
matched_hop5,spatial_knn,5,TIMP1,-0.13738244326355228,-0.02986846882248044,0.9375423483994431
matched_hop5,spatial_knn,5,APOC1,0.5083594436381662,0.446590710488435,0.6618753473834778
matched_hop5,spatial_knn,5,TFF1,0.22930359601460368,0.18260866301228842,0.7623899806148119
matched_hop5,spatial_knn,5,SCGB2A2,-0.2536484593735678,-0.2368739059657089,1.190022242703142
matched_hop5,spatial_knn,5,SCGB1D2,-0.30009277653688693,-0.2634128599167466,1.3228997651961572
matched_hop5,spatial_knn,5,SERPINA3,0.06066059337894263,0.08778878804768957,0.4734041188400854
matched_hop5,spatial_knn,5,LINC00052,0.26667413511544863,0.2967322604195821,0.5467704310918938
matched_hop5,spatial_knn,5,AGR2,-0.020496812303157346,-0.055683279774370605,0.5186495795987871
matched_hop5,spatial_knn,5,C6orf141,0.00274936895856602,0.018967682651104167,0.2853022444591511
matched_hop5,spatial_knn,5,LYZ,0.20564822543500216,0.209748313554595,0.8054901895320405
matched_hop5,spatial_knn,5,CTSD,0.3506318910379733,0.41439780552210204,0.582621052944325
matched_hop5,spatial_knn,5,HEBP1,-0.026466132025504466,-0.06113001156935538,0.9129320872615284
matched_hop5,spatial_knn,5,IGHM,-0.048134703390547574,-0.10498365979274465,0.6518726977707359
matched_hop5,spatial_knn,5,HLA-DRB1,0.18926123094512845,0.16628568257173607,0.6785077803228904
matched_hop5,spatial_knn,5,C1QA,0.3552970042179204,0.3917689147552802,0.7530104459302361
matched_hop5,spatial_knn,5,IGHA1,-0.09373215522383746,-0.17657480030268904,0.5857154628506555
matched_hop5,spatial_knn,5,DEGS1,0.08597205595157491,0.02780751637517593,0.49150774550221266
matched_hop5,spatial_knn,5,AC087379.2,-0.10105270760296141,-0.07654154444994242,0.45289149161536685
matched_hop5,spatial_knn,5,AEBP1,0.26853380974323293,0.2614791929027584,0.5925120433503211
matched_hop5,spatial_knn,5,COL1A2,0.06664713524004592,0.08793489969780648,0.6196488488518249
matched_hop5,spatial_knn,5,GFRA1,-0.2322029783129554,-0.24583689820223936,0.5435446019554889
matched_hop5,spatial_knn,5,COL1A1,-0.13843444286750312,-0.15704750965453806,0.6939840304628826
matched_hop5,spatial_knn,5,HLA-E,0.15979303055902402,0.14516820329044985,0.5683586976366152
matched_hop5,spatial_knn,5,CFB,0.5425231069745323,0.539588832098069,0.4404510794974799
matched_hop5,spatial_knn,5,CCL19,0.0626737064355809,0.07558004320158992,0.7276926637570127
matched_hop5,spatial_knn,5,SNCG,0.3114718180285292,0.22154194828275436,0.5047064060774208
matched_hop5,spatial_knn,5,IGHG2,-0.07976310111239358,-0.030636909538428715,0.5571148537537419
matched_coord0.25,mean,5,CRISP3,0.0,,0.6419338583946228
matched_coord0.25,mean,5,CPB1,0.0,,1.3794668912887573
matched_coord0.25,mean,5,IGHG3,,,0.7419383525848389
matched_coord0.25,mean,5,CD74,0.0,,0.6000152230262756
matched_coord0.25,mean,5,IGLC2,0.0,,0.9095902442932129
matched_coord0.25,mean,5,HLA-B,0.0,,0.5622510313987732
matched_coord0.25,mean,5,IGKC,,,0.8236492872238159
matched_coord0.25,mean,5,MALAT1,0.0,,0.7114264965057373
matched_coord0.25,mean,5,ALB,,,0.4221542179584503
matched_coord0.25,mean,5,IGHG4,,,0.5562004446983337
matched_coord0.25,mean,5,TFF3,0.0,,0.5145289897918701
matched_coord0.25,mean,5,CXCL14,,,0.7136340141296387
matched_coord0.25,mean,5,IGHG1,,,0.702772855758667
matched_coord0.25,mean,5,SLITRK6,,,0.36348065733909607
matched_coord0.25,mean,5,APOE,0.0,,0.6708996891975403
matched_coord0.25,mean,5,MT-ND2,,,0.5812619924545288
matched_coord0.25,mean,5,CALML5,0.0,,0.7540708184242249
matched_coord0.25,mean,5,HLA-DRA,,,0.6519039869308472
matched_coord0.25,mean,5,S100G,0.0,,0.5334126353263855
matched_coord0.25,mean,5,LINC00645,0.0,,0.621656060218811
matched_coord0.25,mean,5,C3,,,0.6263541579246521
matched_coord0.25,mean,5,IGLC3,0.0,,0.6543125510215759
matched_coord0.25,mean,5,IGLC1,0.0,,0.6598218679428101
matched_coord0.25,mean,5,TIMP1,,,0.6896418929100037
matched_coord0.25,mean,5,APOC1,,,0.724380373954773
matched_coord0.25,mean,5,TFF1,,,0.7605660557746887
matched_coord0.25,mean,5,SCGB2A2,0.0,,0.7357502579689026
matched_coord0.25,mean,5,SCGB1D2,,,0.7298629879951477
matched_coord0.25,mean,5,SERPINA3,0.0,,0.4852113723754883
matched_coord0.25,mean,5,LINC00052,0.0,,0.40869757533073425
matched_coord0.25,mean,5,AGR2,0.0,,0.47699877619743347
matched_coord0.25,mean,5,C6orf141,,,0.31416746973991394
matched_coord0.25,mean,5,LYZ,,,0.8316124081611633
matched_coord0.25,mean,5,CTSD,,,0.49152764678001404
matched_coord0.25,mean,5,HEBP1,,,0.598818838596344
matched_coord0.25,mean,5,IGHM,,,0.6998046636581421
matched_coord0.25,mean,5,HLA-DRB1,,,0.6264171600341797
matched_coord0.25,mean,5,C1QA,,,0.6399940252304077
matched_coord0.25,mean,5,IGHA1,,,0.6386813521385193
matched_coord0.25,mean,5,DEGS1,,,0.6078059673309326
matched_coord0.25,mean,5,AC087379.2,,,0.30755165219306946
matched_coord0.25,mean,5,AEBP1,,,0.6427438855171204
matched_coord0.25,mean,5,COL1A2,0.0,,0.6716315746307373
matched_coord0.25,mean,5,GFRA1,,,0.5039839744567871
matched_coord0.25,mean,5,COL1A1,,,0.6917779445648193
matched_coord0.25,mean,5,HLA-E,0.0,,0.5270322561264038
matched_coord0.25,mean,5,CFB,,,0.6230864524841309
matched_coord0.25,mean,5,CCL19,,,0.5869920253753662
matched_coord0.25,mean,5,SNCG,,,0.8059901595115662
matched_coord0.25,mean,5,IGHG2,,,0.5092213153839111
matched_coord0.25,pca_ridge,5,CRISP3,0.03696898035993626,0.04302700044728207,0.5571996569633484
matched_coord0.25,pca_ridge,5,CPB1,-0.008261088908533847,0.0008387113541750495,1.2945611476898193
matched_coord0.25,pca_ridge,5,IGHG3,0.5717180780599977,0.5339608632682915,0.7250778079032898
matched_coord0.25,pca_ridge,5,CD74,0.7770776519088948,0.7854197203971578,0.37923434376716614
matched_coord0.25,pca_ridge,5,IGLC2,0.47383669204934814,0.49947229213595,0.9839861392974854
matched_coord0.25,pca_ridge,5,HLA-B,0.5446279267095988,0.5598851329341825,0.4007076323032379
matched_coord0.25,pca_ridge,5,IGKC,0.5796175742039822,0.577626787102469,0.791671633720398
matched_coord0.25,pca_ridge,5,MALAT1,0.6089717679591115,0.5938333949551069,0.5122647881507874
matched_coord0.25,pca_ridge,5,ALB,0.06577626065422265,0.07050213631789604,0.5486404299736023
matched_coord0.25,pca_ridge,5,IGHG4,0.5205048747297105,0.47274474703270736,0.5336390137672424
matched_coord0.25,pca_ridge,5,TFF3,0.3024523128046196,0.2994145893867451,0.43698006868362427
matched_coord0.25,pca_ridge,5,CXCL14,0.1776814878275466,0.17128906481200584,0.5596993565559387
matched_coord0.25,pca_ridge,5,IGHG1,0.5326591066363815,0.5038847025204649,0.6957252025604248
matched_coord0.25,pca_ridge,5,SLITRK6,0.011327605927004719,0.04182980971815861,0.32512757182121277
matched_coord0.25,pca_ridge,5,APOE,0.8597880641835798,0.8623774103231328,0.34129342436790466
matched_coord0.25,pca_ridge,5,MT-ND2,0.533402003088032,0.539472887230903,0.49681615829467773
matched_coord0.25,pca_ridge,5,CALML5,0.36468773278931355,0.3816636464379421,0.6932658553123474
matched_coord0.25,pca_ridge,5,HLA-DRA,0.7077054184243902,0.6988949448640022,0.41703858971595764
matched_coord0.25,pca_ridge,5,S100G,0.2864964491093325,0.27079405052816957,0.6139253377914429
matched_coord0.25,pca_ridge,5,LINC00645,0.21723304668532395,0.20222513114249083,0.552666962146759
matched_coord0.25,pca_ridge,5,C3,0.7180279313111113,0.6915729225053027,0.43872562050819397
matched_coord0.25,pca_ridge,5,IGLC3,0.31555544672634595,0.3201426610652784,0.7286462187767029
matched_coord0.25,pca_ridge,5,IGLC1,0.25893516857376825,0.23345521410417844,0.6788715720176697
matched_coord0.25,pca_ridge,5,TIMP1,0.700079953847634,0.705306897460914,0.5057693719863892
matched_coord0.25,pca_ridge,5,APOC1,0.7287583776554079,0.724989155847997,0.4548533856868744
matched_coord0.25,pca_ridge,5,TFF1,0.35496264839123604,0.32000180400466177,0.6626644730567932
matched_coord0.25,pca_ridge,5,SCGB2A2,0.28271704962423244,0.2614120893282997,0.6408794522285461
matched_coord0.25,pca_ridge,5,SCGB1D2,0.24950670464536606,0.24312676031433814,0.6273079514503479
matched_coord0.25,pca_ridge,5,SERPINA3,0.06122634195834263,0.022949070598410764,0.5477787852287292
matched_coord0.25,pca_ridge,5,LINC00052,0.2694014224890867,0.2462256572782452,0.3849906921386719
matched_coord0.25,pca_ridge,5,AGR2,0.39704952675210625,0.3667751868280681,0.4226611852645874
matched_coord0.25,pca_ridge,5,C6orf141,0.04863386674207999,0.09169831009075884,0.30692052841186523
matched_coord0.25,pca_ridge,5,LYZ,0.7400479732298071,0.7472165652528385,0.506672739982605
matched_coord0.25,pca_ridge,5,CTSD,0.7563239824635863,0.7455342982835239,0.34024903178215027
matched_coord0.25,pca_ridge,5,HEBP1,0.44124252420639476,0.4337639586751731,0.4999961853027344
matched_coord0.25,pca_ridge,5,IGHM,0.30318233858488103,0.2834082921877227,0.7001641392707825
matched_coord0.25,pca_ridge,5,HLA-DRB1,0.6867711028337369,0.6940658124977291,0.39451780915260315
matched_coord0.25,pca_ridge,5,C1QA,0.7934908891453716,0.7860547183897496,0.3781265914440155
matched_coord0.25,pca_ridge,5,IGHA1,0.2393808379158292,0.21756441334500862,0.7239924073219299
matched_coord0.25,pca_ridge,5,DEGS1,0.26554333608794484,0.20602687715603557,0.5278501510620117
matched_coord0.25,pca_ridge,5,AC087379.2,0.16741454054744437,0.18692337232410952,0.4106302559375763
matched_coord0.25,pca_ridge,5,AEBP1,0.6753905546203036,0.642364781904184,0.45431676506996155
matched_coord0.25,pca_ridge,5,COL1A2,0.7137031628728219,0.6861969030338195,0.42808476090431213
matched_coord0.25,pca_ridge,5,GFRA1,0.2799221557073609,0.2868841727099863,0.478763222694397
matched_coord0.25,pca_ridge,5,COL1A1,0.6974935778964225,0.679242644635447,0.4713192284107208
matched_coord0.25,pca_ridge,5,HLA-E,0.6595920452857555,0.6814063596739346,0.3833153247833252
matched_coord0.25,pca_ridge,5,CFB,0.17273960215541534,0.1559371370907576,0.5887637138366699
matched_coord0.25,pca_ridge,5,CCL19,0.4601058014518797,0.4270061071938375,0.5206922888755798
matched_coord0.25,pca_ridge,5,SNCG,0.2186299705284438,0.19875201393367328,0.6246448755264282
matched_coord0.25,pca_ridge,5,IGHG2,0.2542604987644625,0.19134734144611734,0.5206062197685242
matched_coord0.25,spatial_knn,5,CRISP3,0.12086609606250615,0.07105476541982447,0.4575318704102241
matched_coord0.25,spatial_knn,5,CPB1,0.60031662391067,0.5993506087610766,1.0803409649268776
matched_coord0.25,spatial_knn,5,IGHG3,-0.07990735395409444,-0.14395419844517898,0.7774290717424127
matched_coord0.25,spatial_knn,5,CD74,0.32069742118004263,0.332749661281448,0.5576179060468927
matched_coord0.25,spatial_knn,5,IGLC2,0.01063507851987959,0.04788758280530271,1.0117696259516842
matched_coord0.25,spatial_knn,5,HLA-B,0.3439444806659572,0.3459772071623942,0.4555318078926156
matched_coord0.25,spatial_knn,5,IGKC,-0.1338724846518271,-0.158511693587415,0.9139193722455558
matched_coord0.25,spatial_knn,5,MALAT1,0.13293391219293738,0.0858308474896998,0.7628364003106645
matched_coord0.25,spatial_knn,5,ALB,0.07693437668800228,0.03989300662925693,0.6019141469544753
matched_coord0.25,spatial_knn,5,IGHG4,-0.0210833291021581,-0.02437664979807273,0.6003550936410282
matched_coord0.25,spatial_knn,5,TFF3,0.1164985453468177,0.10127188709435636,0.44913069084817614
matched_coord0.25,spatial_knn,5,CXCL14,0.13514004415866115,0.07864404009383108,0.6193699501350941
matched_coord0.25,spatial_knn,5,IGHG1,-0.04168957917999225,0.02014312278600411,0.7961208157721021
matched_coord0.25,spatial_knn,5,SLITRK6,-0.0209267412373667,0.00014440919813947612,0.2693378169293939
matched_coord0.25,spatial_knn,5,APOE,0.2864146795808977,0.3532479773855816,0.6941063693743383
matched_coord0.25,spatial_knn,5,MT-ND2,0.24270780429164762,0.2073564560649359,0.829544135218216
matched_coord0.25,spatial_knn,5,CALML5,0.7531904647082593,0.7505119529016185,0.4380154352583803
matched_coord0.25,spatial_knn,5,HLA-DRA,0.31090383191210774,0.2931151189310981,0.563856118132874
matched_coord0.25,spatial_knn,5,S100G,0.09341767346642021,0.06070103155016098,0.7885062668504785
matched_coord0.25,spatial_knn,5,LINC00645,0.4163721475934483,0.34794416087192004,0.5875109992276965
matched_coord0.25,spatial_knn,5,C3,-0.0539741525334282,-0.06714935982286381,0.7275943708182828
matched_coord0.25,spatial_knn,5,IGLC3,-0.08012433108039005,-0.07333823092235332,0.7682869569685106
matched_coord0.25,spatial_knn,5,IGLC1,0.05666427987859197,0.09656998517468864,0.8790223746647062
matched_coord0.25,spatial_knn,5,TIMP1,-0.11240186156665805,-0.08010111173904891,0.87131822265631
matched_coord0.25,spatial_knn,5,APOC1,0.3770173492669766,0.3112899043097222,0.625711033177338
matched_coord0.25,spatial_knn,5,TFF1,0.39913196103531084,0.398240682605285,0.6846685241975138
matched_coord0.25,spatial_knn,5,SCGB2A2,-0.1529283076859315,-0.17335515625065526,1.0266962929638244
matched_coord0.25,spatial_knn,5,SCGB1D2,-0.2559339863061477,-0.29430173668626264,1.1150824545537632
matched_coord0.25,spatial_knn,5,SERPINA3,0.2248275507759328,0.24755295132180827,0.4695757992173665
matched_coord0.25,spatial_knn,5,LINC00052,0.43504351212235803,0.4650243979645057,0.4530958598696162
matched_coord0.25,spatial_knn,5,AGR2,0.21373368388872976,0.12840320433593314,0.49153197217643396
matched_coord0.25,spatial_knn,5,C6orf141,0.028444708223771317,0.024068742874094218,0.28826977431435097
matched_coord0.25,spatial_knn,5,LYZ,0.23439843238063374,0.23677119229364146,0.7545333097607411
matched_coord0.25,spatial_knn,5,CTSD,0.22789254315949525,0.2930093354752233,0.5175029013356903
matched_coord0.25,spatial_knn,5,HEBP1,0.07874525951758007,0.027345606545140854,0.7893750599371092
matched_coord0.25,spatial_knn,5,IGHM,0.16472390966097328,0.07080919605587016,0.7286705481390824
matched_coord0.25,spatial_knn,5,HLA-DRB1,0.11306734583436885,0.08594291742519691,0.6072126584181954
matched_coord0.25,spatial_knn,5,C1QA,0.2513560617192781,0.2963062347844366,0.691307100191259
matched_coord0.25,spatial_knn,5,IGHA1,-0.01288388789911632,-0.06058279203747258,0.66896616991741
matched_coord0.25,spatial_knn,5,DEGS1,0.33007624446539735,0.2381553128147269,0.5093401454203491
matched_coord0.25,spatial_knn,5,AC087379.2,0.02043847336580003,0.023291994456158968,0.42612550793212967
matched_coord0.25,spatial_knn,5,AEBP1,0.1988154767613187,0.21155095956127837,0.5826158037973796
matched_coord0.25,spatial_knn,5,COL1A2,0.08089165262166828,0.09404094856473671,0.6251922758705558
matched_coord0.25,spatial_knn,5,GFRA1,-0.015060847325632693,-0.026834144928974735,0.5233264435209088
matched_coord0.25,spatial_knn,5,COL1A1,-0.027733564432681143,-0.04496589900382744,0.6867451223297361
matched_coord0.25,spatial_knn,5,HLA-E,0.23048347906802463,0.2512788829602448,0.5262014634684493
matched_coord0.25,spatial_knn,5,CFB,0.5687910756395818,0.6301624779626053,0.5022217846098467
matched_coord0.25,spatial_knn,5,CCL19,0.10075123569223932,0.1011460364594471,0.6404609737272333
matched_coord0.25,spatial_knn,5,SNCG,0.523887742734542,0.5102763686415223,0.489710393986441
matched_coord0.25,spatial_knn,5,IGHG2,-0.03056838828447828,0.006432399811499143,0.5563447609173123
matched_coord0.5,mean,5,CRISP3,0.0,,0.6426100134849548
matched_coord0.5,mean,5,CPB1,0.0,,1.0772643089294434
matched_coord0.5,mean,5,IGHG3,,,0.7164320945739746
matched_coord0.5,mean,5,CD74,0.0,,0.6288959383964539
matched_coord0.5,mean,5,IGLC2,0.0,,0.8775886297225952
matched_coord0.5,mean,5,HLA-B,0.0,,0.5742074847221375
matched_coord0.5,mean,5,IGKC,,,0.802651047706604
matched_coord0.5,mean,5,MALAT1,,,0.6975277066230774
matched_coord0.5,mean,5,ALB,,,0.43054625391960144
matched_coord0.5,mean,5,IGHG4,,,0.5254862904548645
matched_coord0.5,mean,5,TFF3,0.0,,0.5365732312202454
matched_coord0.5,mean,5,CXCL14,0.0,,0.722430408000946
matched_coord0.5,mean,5,IGHG1,,,0.6670939922332764
matched_coord0.5,mean,5,SLITRK6,,,0.36131468415260315
matched_coord0.5,mean,5,APOE,0.0,,0.6858524680137634
matched_coord0.5,mean,5,MT-ND2,,,0.5528954267501831
matched_coord0.5,mean,5,CALML5,0.0,,0.8990010023117065
matched_coord0.5,mean,5,HLA-DRA,0.0,,0.6937938332557678
matched_coord0.5,mean,5,S100G,0.0,,0.5371023416519165
matched_coord0.5,mean,5,LINC00645,,,0.4416530430316925
matched_coord0.5,mean,5,C3,,,0.6576340794563293
matched_coord0.5,mean,5,IGLC3,0.0,,0.6439781785011292
matched_coord0.5,mean,5,IGLC1,,,0.624880850315094
matched_coord0.5,mean,5,TIMP1,,,0.7015412449836731
matched_coord0.5,mean,5,APOC1,,,0.7322778701782227
matched_coord0.5,mean,5,TFF1,,,0.8915325999259949
matched_coord0.5,mean,5,SCGB2A2,,,0.683484673500061
matched_coord0.5,mean,5,SCGB1D2,,,0.6966557502746582
matched_coord0.5,mean,5,SERPINA3,0.0,,0.4543403387069702
matched_coord0.5,mean,5,LINC00052,0.0,,0.3439423143863678
matched_coord0.5,mean,5,AGR2,,,0.48242267966270447
matched_coord0.5,mean,5,C6orf141,,,0.29909175634384155
matched_coord0.5,mean,5,LYZ,,,0.8676788806915283
matched_coord0.5,mean,5,CTSD,,,0.5145155787467957
matched_coord0.5,mean,5,HEBP1,0.0,,0.49558117985725403
matched_coord0.5,mean,5,IGHM,,,0.6019927859306335
matched_coord0.5,mean,5,HLA-DRB1,,,0.6973422765731812
matched_coord0.5,mean,5,C1QA,,,0.660473644733429
matched_coord0.5,mean,5,IGHA1,,,0.621635913848877
matched_coord0.5,mean,5,DEGS1,0.0,,0.6367684602737427
matched_coord0.5,mean,5,AC087379.2,,,0.2998806834220886
matched_coord0.5,mean,5,AEBP1,,,0.6284903883934021
matched_coord0.5,mean,5,COL1A2,,,0.6570230722427368
matched_coord0.5,mean,5,GFRA1,0.0,,0.5079512000083923
matched_coord0.5,mean,5,COL1A1,,,0.6781471967697144
matched_coord0.5,mean,5,HLA-E,0.0,,0.5383806824684143
matched_coord0.5,mean,5,CFB,,,0.5291182398796082
matched_coord0.5,mean,5,CCL19,0.0,,0.6768210530281067
matched_coord0.5,mean,5,SNCG,0.0,,0.8641235828399658
matched_coord0.5,mean,5,IGHG2,0.0,,0.5106903314590454
matched_coord0.5,pca_ridge,5,CRISP3,0.09634624652092588,0.09845967365159325,0.5268226265907288
matched_coord0.5,pca_ridge,5,CPB1,0.04400212997524471,0.08063265239479782,1.0337055921554565
matched_coord0.5,pca_ridge,5,IGHG3,0.5803711545852746,0.5569805465768732,0.7355721592903137
matched_coord0.5,pca_ridge,5,CD74,0.7564948429759966,0.7503413231945852,0.3999864459037781
matched_coord0.5,pca_ridge,5,IGLC2,0.4992301220561098,0.528908121150003,1.017554521560669
matched_coord0.5,pca_ridge,5,HLA-B,0.4739270712971872,0.4923501890450464,0.3977140486240387
matched_coord0.5,pca_ridge,5,IGKC,0.5390536344850907,0.536393460687364,0.8459119200706482
matched_coord0.5,pca_ridge,5,MALAT1,0.5848255554937642,0.5899607128507434,0.5121079087257385
matched_coord0.5,pca_ridge,5,ALB,0.06360509600344066,0.059678780578982946,0.5529254674911499
matched_coord0.5,pca_ridge,5,IGHG4,0.4560114747239843,0.41711691522281846,0.5590126514434814
matched_coord0.5,pca_ridge,5,TFF3,0.3063352889174123,0.32505337235312115,0.46208900213241577
matched_coord0.5,pca_ridge,5,CXCL14,0.10876443201702626,0.13092582807279732,0.5492052435874939
matched_coord0.5,pca_ridge,5,IGHG1,0.5050291726781033,0.4788747553767149,0.713138997554779
matched_coord0.5,pca_ridge,5,SLITRK6,-0.029179342157739898,-0.002616146076350612,0.3249572217464447
matched_coord0.5,pca_ridge,5,APOE,0.8786277544405978,0.8892603006642559,0.32043328881263733
matched_coord0.5,pca_ridge,5,MT-ND2,0.4510318057356969,0.4347743493870176,0.49720078706741333
matched_coord0.5,pca_ridge,5,CALML5,0.3518401371294943,0.32548502375769356,0.8153768181800842
matched_coord0.5,pca_ridge,5,HLA-DRA,0.6164535717182275,0.6015957484023277,0.45933401584625244
matched_coord0.5,pca_ridge,5,S100G,0.27775124595784245,0.2499111850887352,0.6020329594612122
matched_coord0.5,pca_ridge,5,LINC00645,0.09899513275917744,0.10083002239922174,0.4056699275970459
matched_coord0.5,pca_ridge,5,C3,0.7499867067105874,0.7329534089686676,0.43613794445991516
matched_coord0.5,pca_ridge,5,IGLC3,0.27648502172537703,0.30821397571285786,0.7690047025680542
matched_coord0.5,pca_ridge,5,IGLC1,0.2650002258226424,0.26992889524875036,0.661116361618042
matched_coord0.5,pca_ridge,5,TIMP1,0.7346432008893642,0.7603222759846816,0.5120030045509338
matched_coord0.5,pca_ridge,5,APOC1,0.7387828591327129,0.7432103920169353,0.43102914094924927
matched_coord0.5,pca_ridge,5,TFF1,0.3827637948545341,0.33852852780161546,0.7698999643325806
matched_coord0.5,pca_ridge,5,SCGB2A2,0.26611570237445065,0.21596078427325666,0.6670696139335632
matched_coord0.5,pca_ridge,5,SCGB1D2,0.27501124393682264,0.24351782774754194,0.6593194603919983
matched_coord0.5,pca_ridge,5,SERPINA3,0.040711457745915065,0.03928105988851089,0.5242218375205994
matched_coord0.5,pca_ridge,5,LINC00052,0.10571700854269266,0.10966797957599016,0.32558968663215637
matched_coord0.5,pca_ridge,5,AGR2,0.25588667897967066,0.22767373882526673,0.437070369720459
matched_coord0.5,pca_ridge,5,C6orf141,0.09976133567711484,0.1024657401156003,0.28678175806999207
matched_coord0.5,pca_ridge,5,LYZ,0.7037457912354704,0.7123095459148894,0.5108366012573242
matched_coord0.5,pca_ridge,5,CTSD,0.7953596652250172,0.7888255133840671,0.33841419219970703
matched_coord0.5,pca_ridge,5,HEBP1,0.38459187034837844,0.3761302115812296,0.46787315607070923
matched_coord0.5,pca_ridge,5,IGHM,0.23345530708578507,0.2535281175928325,0.6754271388053894
matched_coord0.5,pca_ridge,5,HLA-DRB1,0.6320816560305605,0.6332326516307155,0.4346907138824463
matched_coord0.5,pca_ridge,5,C1QA,0.815956423695313,0.812380295384866,0.3605874478816986
matched_coord0.5,pca_ridge,5,IGHA1,0.2528278765973918,0.2202197202174853,0.7453409433364868
matched_coord0.5,pca_ridge,5,DEGS1,0.01493001825061683,0.016701152583610688,0.5399361252784729
matched_coord0.5,pca_ridge,5,AC087379.2,0.1931047771011518,0.1895345738466114,0.40663382411003113
matched_coord0.5,pca_ridge,5,AEBP1,0.7293330907642226,0.691546961692161,0.42061835527420044
matched_coord0.5,pca_ridge,5,COL1A2,0.7058897767725837,0.6769296004669582,0.42847269773483276
matched_coord0.5,pca_ridge,5,GFRA1,0.23201297918818956,0.24803991367844644,0.46957463026046753
matched_coord0.5,pca_ridge,5,COL1A1,0.6719492734524944,0.6597592447112396,0.4827168583869934
matched_coord0.5,pca_ridge,5,HLA-E,0.6374303487130286,0.6667007531770537,0.38524919748306274
matched_coord0.5,pca_ridge,5,CFB,0.10540001618269326,0.07048358435461033,0.5305375456809998
matched_coord0.5,pca_ridge,5,CCL19,0.45981871320815504,0.45892530154468075,0.5937087535858154
matched_coord0.5,pca_ridge,5,SNCG,0.0770750939640733,0.07125197572449364,0.6715087890625
matched_coord0.5,pca_ridge,5,IGHG2,0.19995248399445975,0.15950998624841978,0.539653480052948
matched_coord0.5,spatial_knn,5,CRISP3,0.03584636735280051,0.03464451664090939,0.41512795591260326
matched_coord0.5,spatial_knn,5,CPB1,0.5120601563407903,0.4824879041932436,0.9027836821917532
matched_coord0.5,spatial_knn,5,IGHG3,-0.251506540384,-0.36099219354374434,0.7583031457086418
matched_coord0.5,spatial_knn,5,CD74,0.3977517570387775,0.39995869639526727,0.6210242825186207
matched_coord0.5,spatial_knn,5,IGLC2,-0.12849211673428698,-0.027849200854532463,0.9418552174909769
matched_coord0.5,spatial_knn,5,HLA-B,0.19872707525785263,0.24631944162797798,0.45614866841324164
matched_coord0.5,spatial_knn,5,IGKC,-0.2875124729779796,-0.35561754011422086,0.8871240812259568
matched_coord0.5,spatial_knn,5,MALAT1,-0.08811786325755011,-0.09281529667632168,0.707393147428276
matched_coord0.5,spatial_knn,5,ALB,0.11902074631932409,0.047572306450123836,0.6758472946381933
matched_coord0.5,spatial_knn,5,IGHG4,-0.12060192742352158,-0.15337099611685517,0.5672079320083085
matched_coord0.5,spatial_knn,5,TFF3,-0.05078584760668713,-0.06371268432951731,0.4955412596740022
matched_coord0.5,spatial_knn,5,CXCL14,-0.053467845930970835,-0.08843793311779834,0.5402588388138408
matched_coord0.5,spatial_knn,5,IGHG1,-0.11393454315071559,-0.0002751699619597049,0.7431945242242479
matched_coord0.5,spatial_knn,5,SLITRK6,-0.004853735629446472,-0.010668542710244719,0.2546410148989026
matched_coord0.5,spatial_knn,5,APOE,0.3559855615404518,0.37756991878207097,0.7361655421745703
matched_coord0.5,spatial_knn,5,MT-ND2,0.06221677959328748,0.03456365852488411,0.8058822254166212
matched_coord0.5,spatial_knn,5,CALML5,0.6957900428750863,0.6166378316032296,0.5027003168131681
matched_coord0.5,spatial_knn,5,HLA-DRA,0.3149412136535873,0.31892585890508723,0.6207830309022248
matched_coord0.5,spatial_knn,5,S100G,-0.021838540741473168,-0.047559773703232056,0.8528691370524883
matched_coord0.5,spatial_knn,5,LINC00645,0.06492214395964695,0.04206203590371669,0.6227296296505408
matched_coord0.5,spatial_knn,5,C3,-0.15471144905056053,-0.12973078796632256,0.8235216264016048
matched_coord0.5,spatial_knn,5,IGLC3,-0.17128399601844785,-0.18348676396849095,0.72844171735708
matched_coord0.5,spatial_knn,5,IGLC1,0.06647128780689078,0.14413001233692826,0.7496149780649747
matched_coord0.5,spatial_knn,5,TIMP1,-0.1972218876106608,-0.11330208322996865,0.9610473733376482
matched_coord0.5,spatial_knn,5,APOC1,0.4545765826503035,0.3967551058551671,0.6206485628305404
matched_coord0.5,spatial_knn,5,TFF1,0.2237022353121344,0.14438664972752402,0.785671345301559
matched_coord0.5,spatial_knn,5,SCGB2A2,-0.41070021670841667,-0.3885026699289811,1.2311348437549055
matched_coord0.5,spatial_knn,5,SCGB1D2,-0.48126553274117345,-0.4343089771445746,1.353384695815035
matched_coord0.5,spatial_knn,5,SERPINA3,0.08649591680676569,0.10624212614872147,0.4464371154709543
matched_coord0.5,spatial_knn,5,LINC00052,0.2326889877779929,0.26560519180281356,0.5585464268801801
matched_coord0.5,spatial_knn,5,AGR2,-0.03588461810861757,-0.07904812557168672,0.5121820089709461
matched_coord0.5,spatial_knn,5,C6orf141,-0.012935690778929502,-0.009000962549021925,0.2807201683188707
matched_coord0.5,spatial_knn,5,LYZ,0.1196674186304351,0.1211427811822036,0.8120769239747782
matched_coord0.5,spatial_knn,5,CTSD,0.2918245482310905,0.3503078530321294,0.5616599947128373
matched_coord0.5,spatial_knn,5,HEBP1,-0.22795965756487782,-0.2410379739372463,0.9414253806566776
matched_coord0.5,spatial_knn,5,IGHM,-0.10207557152113411,-0.16546761776223995,0.6558076223582159
matched_coord0.5,spatial_knn,5,HLA-DRB1,0.015378167031131654,0.0013106648460888643,0.6922582836972048
matched_coord0.5,spatial_knn,5,C1QA,0.29161348225670974,0.3212516156282308,0.7532866680318792
matched_coord0.5,spatial_knn,5,IGHA1,-0.09656453311965084,-0.1899084409374186,0.5996903913576082
matched_coord0.5,spatial_knn,5,DEGS1,0.14039300495528642,0.08039419338310601,0.4917932613414633
matched_coord0.5,spatial_knn,5,AC087379.2,-0.15852917914754217,-0.1113782611547855,0.45338167148423225
matched_coord0.5,spatial_knn,5,AEBP1,0.25624260213312616,0.2584683500854167,0.576488621198028
matched_coord0.5,spatial_knn,5,COL1A2,0.07447259030443928,0.07275012793373034,0.6007113034513285
matched_coord0.5,spatial_knn,5,GFRA1,-0.292066926742253,-0.2926102505244653,0.545728817448046
matched_coord0.5,spatial_knn,5,COL1A1,-0.056619611503868766,-0.07080819635428849,0.6746964187646654
matched_coord0.5,spatial_knn,5,HLA-E,0.17922255346008759,0.23036108280849715,0.567377662831537
matched_coord0.5,spatial_knn,5,CFB,0.5542668490720108,0.5593631336368251,0.44515197010591534
matched_coord0.5,spatial_knn,5,CCL19,0.11189054766995317,0.12550383916675423,0.7545205205592802
matched_coord0.5,spatial_knn,5,SNCG,0.3951692735088521,0.2909158647064173,0.484149538855436
matched_coord0.5,spatial_knn,5,IGHG2,-0.1034063256480036,-0.08345295536479308,0.5527676214783279
matched_coord1.0,mean,5,CRISP3,,,0.6964411735534668
matched_coord1.0,mean,5,CPB1,,,0.6227497458457947
matched_coord1.0,mean,5,IGHG3,,,0.7278399467468262
matched_coord1.0,mean,5,CD74,,,0.7219985127449036
matched_coord1.0,mean,5,IGLC2,,,0.8106127381324768
matched_coord1.0,mean,5,HLA-B,,,0.5328903794288635
matched_coord1.0,mean,5,IGKC,,,0.8407605290412903
matched_coord1.0,mean,5,MALAT1,,,0.5770252346992493
matched_coord1.0,mean,5,ALB,,,0.3826543986797333
matched_coord1.0,mean,5,IGHG4,,,0.5971547961235046
matched_coord1.0,mean,5,TFF3,,,0.4930000901222229
matched_coord1.0,mean,5,CXCL14,,,0.7071595191955566
matched_coord1.0,mean,5,IGHG1,,,0.6668334007263184
matched_coord1.0,mean,5,SLITRK6,,,0.36638376116752625
matched_coord1.0,mean,5,APOE,,,0.6301923990249634
matched_coord1.0,mean,5,MT-ND2,,,0.4980145990848541
matched_coord1.0,mean,5,CALML5,,,0.9510735869407654
matched_coord1.0,mean,5,HLA-DRA,,,0.7397210597991943
matched_coord1.0,mean,5,S100G,,,0.4960751235485077
matched_coord1.0,mean,5,LINC00645,,,0.4526735246181488
matched_coord1.0,mean,5,C3,0.0,,0.8116185665130615
matched_coord1.0,mean,5,IGLC3,0.0,,0.5535722970962524
matched_coord1.0,mean,5,IGLC1,0.0,,0.5766075253486633
matched_coord1.0,mean,5,TIMP1,,,0.8759275674819946
matched_coord1.0,mean,5,APOC1,,,0.6190908551216125
matched_coord1.0,mean,5,TFF1,,,0.822538435459137
matched_coord1.0,mean,5,SCGB2A2,,,0.5492616891860962
matched_coord1.0,mean,5,SCGB1D2,0.0,,0.47428077459335327
matched_coord1.0,mean,5,SERPINA3,,,0.41802194714546204
matched_coord1.0,mean,5,LINC00052,,,0.27961429953575134
matched_coord1.0,mean,5,AGR2,,,0.5119642615318298
matched_coord1.0,mean,5,C6orf141,,,0.29499587416648865
matched_coord1.0,mean,5,LYZ,,,0.8259690403938293
matched_coord1.0,mean,5,CTSD,,,0.4162217080593109
matched_coord1.0,mean,5,HEBP1,,,0.4684220254421234
matched_coord1.0,mean,5,IGHM,,,0.5774919390678406
matched_coord1.0,mean,5,HLA-DRB1,,,0.8350083231925964
matched_coord1.0,mean,5,C1QA,,,0.6664731502532959
matched_coord1.0,mean,5,IGHA1,0.0,,0.6166389584541321
matched_coord1.0,mean,5,DEGS1,0.0,,0.692773163318634
matched_coord1.0,mean,5,AC087379.2,,,0.2810411751270294
matched_coord1.0,mean,5,AEBP1,,,0.5743095278739929
matched_coord1.0,mean,5,COL1A2,,,0.5933029055595398
matched_coord1.0,mean,5,GFRA1,0.0,,0.5185508728027344
matched_coord1.0,mean,5,COL1A1,,,0.6164869666099548
matched_coord1.0,mean,5,HLA-E,,,0.6467882394790649
matched_coord1.0,mean,5,CFB,,,0.4340461790561676
matched_coord1.0,mean,5,CCL19,0.0,,0.9669257402420044
matched_coord1.0,mean,5,SNCG,,,1.0442100763320923
matched_coord1.0,mean,5,IGHG2,0.0,,0.5154485106468201
matched_coord1.0,pca_ridge,5,CRISP3,0.027875506246608676,0.014063966228118643,0.5353968739509583
matched_coord1.0,pca_ridge,5,CPB1,0.4299590889419441,0.3124268451973696,0.6103124022483826
matched_coord1.0,pca_ridge,5,IGHG3,0.4511181411908494,0.4873763789856998,0.89133620262146
matched_coord1.0,pca_ridge,5,CD74,0.6866961112176927,0.6773102781437481,0.416454553604126
matched_coord1.0,pca_ridge,5,IGLC2,0.5624189063730971,0.6209012106236325,1.1036381721496582
matched_coord1.0,pca_ridge,5,HLA-B,0.35516397991648413,0.3836958795822472,0.37424224615097046
matched_coord1.0,pca_ridge,5,IGKC,0.45668748636986434,0.5554223611967136,1.0018333196640015
matched_coord1.0,pca_ridge,5,MALAT1,0.5776694699232515,0.5577520059258925,0.4725476801395416
matched_coord1.0,pca_ridge,5,ALB,0.01658858380172509,0.05767930075824779,0.47090452909469604
matched_coord1.0,pca_ridge,5,IGHG4,0.4406658494050925,0.5189057455145857,0.6958537697792053
matched_coord1.0,pca_ridge,5,TFF3,0.17271249209278375,0.09212840187502473,0.5032963752746582
matched_coord1.0,pca_ridge,5,CXCL14,0.18358621222122423,0.24788168537931873,0.5640390515327454
matched_coord1.0,pca_ridge,5,IGHG1,0.4659430144273524,0.5701579295565193,0.8596622347831726
matched_coord1.0,pca_ridge,5,SLITRK6,-0.07137134244465473,-0.0077816891949049165,0.3177623748779297
matched_coord1.0,pca_ridge,5,APOE,0.846710305700388,0.8546686193462293,0.2829139828681946
matched_coord1.0,pca_ridge,5,MT-ND2,0.46913941027524153,0.47189441959615724,0.48309725522994995
matched_coord1.0,pca_ridge,5,CALML5,0.41629588647926963,0.22689721856251874,0.8714950680732727
matched_coord1.0,pca_ridge,5,HLA-DRA,0.45689876856865325,0.46691847939791126,0.4733276665210724
matched_coord1.0,pca_ridge,5,S100G,0.26488771302168995,0.2380618493895485,0.583234965801239
matched_coord1.0,pca_ridge,5,LINC00645,-0.08763997866624047,-0.08242212945365761,0.4129650890827179
matched_coord1.0,pca_ridge,5,C3,0.7721600302386654,0.797784575716281,0.47620922327041626
matched_coord1.0,pca_ridge,5,IGLC3,0.3497423118428092,0.32637782558826206,0.790847897529602
matched_coord1.0,pca_ridge,5,IGLC1,0.2615349149557581,0.3103462015403148,0.6837364435195923
matched_coord1.0,pca_ridge,5,TIMP1,0.7450190062451797,0.7298177561902393,0.5805256962776184
matched_coord1.0,pca_ridge,5,APOC1,0.6542351918279826,0.643078071370815,0.3707008361816406
matched_coord1.0,pca_ridge,5,TFF1,0.431869583098146,0.3846005959819283,0.773207426071167
matched_coord1.0,pca_ridge,5,SCGB2A2,0.020973229753337402,-0.06389355419877323,0.7008309960365295
matched_coord1.0,pca_ridge,5,SCGB1D2,0.10930366466746112,0.07825339561867198,0.5529451370239258
matched_coord1.0,pca_ridge,5,SERPINA3,0.0991477514726849,0.06875279189826465,0.46020737290382385
matched_coord1.0,pca_ridge,5,LINC00052,0.15029061558049725,0.20631274579053338,0.2703687250614166
matched_coord1.0,pca_ridge,5,AGR2,0.20154070787625847,0.26144607607534026,0.4640936553478241
matched_coord1.0,pca_ridge,5,C6orf141,-0.057615479892602,-0.017235154207725582,0.28651195764541626
matched_coord1.0,pca_ridge,5,LYZ,0.6077355144324064,0.560828041684808,0.4688135087490082
matched_coord1.0,pca_ridge,5,CTSD,0.7886614430255517,0.7925259116431347,0.25985074043273926
matched_coord1.0,pca_ridge,5,HEBP1,0.16381200243129992,0.15051373857055905,0.5482279658317566
matched_coord1.0,pca_ridge,5,IGHM,0.1077495917119855,0.12395595833465942,0.8012780547142029
matched_coord1.0,pca_ridge,5,HLA-DRB1,0.5400141427336184,0.5675229430424482,0.4976876378059387
matched_coord1.0,pca_ridge,5,C1QA,0.7664216576511927,0.785367343130658,0.34216785430908203
matched_coord1.0,pca_ridge,5,IGHA1,0.11144293251072714,0.11603078490172827,0.8845016956329346
matched_coord1.0,pca_ridge,5,DEGS1,0.018841329536481433,0.0132825017401226,0.5572234988212585
matched_coord1.0,pca_ridge,5,AC087379.2,0.13063087008997626,0.17828084558213775,0.38243725895881653
matched_coord1.0,pca_ridge,5,AEBP1,0.6221370594061486,0.6050981346054719,0.5300136804580688
matched_coord1.0,pca_ridge,5,COL1A2,0.6541060505332751,0.6544661890518008,0.46374964714050293
matched_coord1.0,pca_ridge,5,GFRA1,0.18929398504365877,0.1906464091252539,0.44191983342170715
matched_coord1.0,pca_ridge,5,COL1A1,0.6354038837261891,0.6165924987701511,0.495582640171051
matched_coord1.0,pca_ridge,5,HLA-E,0.5935249266024578,0.5592334790303702,0.42528659105300903
matched_coord1.0,pca_ridge,5,CFB,0.22335631497541833,0.14606080825101356,0.43437057733535767
matched_coord1.0,pca_ridge,5,CCL19,0.4933450434857865,0.5235348408330796,0.8084344267845154
matched_coord1.0,pca_ridge,5,SNCG,0.15227594005294687,0.17383560172122295,0.8260561227798462
matched_coord1.0,pca_ridge,5,IGHG2,0.287941948431083,0.2686870166255926,0.5598573684692383
matched_coord1.0,spatial_knn,5,CRISP3,-0.010675978529780718,0.021628114798401793,0.380059638144038
matched_coord1.0,spatial_knn,5,CPB1,0.5029978177769585,0.4312047995205003,0.5425424462959791
matched_coord1.0,spatial_knn,5,IGHG3,-0.25832868890308897,-0.23269871247547372,0.7693108463180143
matched_coord1.0,spatial_knn,5,CD74,0.03360304628008672,-0.08372584831298664,0.8191798586775196
matched_coord1.0,spatial_knn,5,IGLC2,0.16231761831095923,0.24124828245245997,0.7601541707727308
matched_coord1.0,spatial_knn,5,HLA-B,-0.07208026030792831,-0.06551843076940475,0.43974451132394293
matched_coord1.0,spatial_knn,5,IGKC,-0.37027208252447114,-0.31670163018586267,0.8765492243589382
matched_coord1.0,spatial_knn,5,MALAT1,0.26780082500138597,0.26867249831779294,0.6310763469173887
matched_coord1.0,spatial_knn,5,ALB,0.15988133523537817,0.20562501057804072,0.7226041032949405
matched_coord1.0,spatial_knn,5,IGHG4,0.12397080498211249,0.10567652996024904,0.5834187193349049
matched_coord1.0,spatial_knn,5,TFF3,-0.08083386527355982,-0.09480862420907994,0.558164513409541
matched_coord1.0,spatial_knn,5,CXCL14,0.01480346800548415,0.04913754838145626,0.510614119039113
matched_coord1.0,spatial_knn,5,IGHG1,0.3190475764356073,0.3744790812604961,0.6250694419047268
matched_coord1.0,spatial_knn,5,SLITRK6,-0.01729488652431147,-0.004027775609036622,0.2529695104346771
matched_coord1.0,spatial_knn,5,APOE,0.46431020904685805,0.29688834103284684,0.78200233736482
matched_coord1.0,spatial_knn,5,MT-ND2,-0.08733694441981045,-0.04929008035012525,0.7297483422611979
matched_coord1.0,spatial_knn,5,CALML5,0.5921020765788506,0.37684265285466295,0.5121166666521024
matched_coord1.0,spatial_knn,5,HLA-DRA,-0.17968483394913917,-0.14263419488722143,0.7640089212399623
matched_coord1.0,spatial_knn,5,S100G,-0.05963551623527323,-0.07009935029767067,1.0054007386361095
matched_coord1.0,spatial_knn,5,LINC00645,-0.06076854834929607,-0.061155043514711765,0.5338229668462304
matched_coord1.0,spatial_knn,5,C3,0.1395792095771543,0.19614816992835776,1.0241585506547288
matched_coord1.0,spatial_knn,5,IGLC3,-0.11501827179529732,-0.07360832557787861,0.5514656062311398
matched_coord1.0,spatial_knn,5,IGLC1,0.23521120725204003,0.27982173642672176,0.526282699314899
matched_coord1.0,spatial_knn,5,TIMP1,-0.11198497741079154,-0.09371165557446665,1.2573340665133157
matched_coord1.0,spatial_knn,5,APOC1,0.2625996159182699,0.18558560596208107,0.5582895331353868
matched_coord1.0,spatial_knn,5,TFF1,-0.2475458122666874,-0.34663643406031064,0.6851475484766923
matched_coord1.0,spatial_knn,5,SCGB2A2,-0.2948050238718136,-0.4204059020185676,1.4449233507197632
matched_coord1.0,spatial_knn,5,SCGB1D2,-0.22935673668641146,-0.30058872808614834,1.4479728750380378
matched_coord1.0,spatial_knn,5,SERPINA3,-0.1343607426289562,-0.14048549343797886,0.4278715942526954
matched_coord1.0,spatial_knn,5,LINC00052,0.08110152409432037,0.1774940874681807,0.7030438939659628
matched_coord1.0,spatial_knn,5,AGR2,-0.31466309106676715,-0.1853820447721528,0.5313729823185992
matched_coord1.0,spatial_knn,5,C6orf141,0.031466721560878014,0.033454302540397676,0.2562628391302458
matched_coord1.0,spatial_knn,5,LYZ,-0.16165538720177594,-0.1518057573889885,0.8312915366854202
matched_coord1.0,spatial_knn,5,CTSD,0.3999131113205752,0.2826729846028577,0.6120039056395338
matched_coord1.0,spatial_knn,5,HEBP1,0.17970634254021978,0.04740416539944384,1.138548966421562
matched_coord1.0,spatial_knn,5,IGHM,-0.4013099394653316,-0.2652590679636516,0.5939251103121089
matched_coord1.0,spatial_knn,5,HLA-DRB1,-0.3298939677499485,-0.29620980373308603,0.8758294686905107
matched_coord1.0,spatial_knn,5,C1QA,0.3619164067861088,0.3014797767612284,0.8850198257811904
matched_coord1.0,spatial_knn,5,IGHA1,-0.12516886798708485,-0.14792384142718015,0.48535145689547615
matched_coord1.0,spatial_knn,5,DEGS1,-0.18335885494548998,-0.14002112128515432,0.49994761452287695
matched_coord1.0,spatial_knn,5,AC087379.2,0.12711553170094844,0.08708975233663453,0.4759960803320543
matched_coord1.0,spatial_knn,5,AEBP1,0.38871425123934883,0.32360375237439665,0.5205423104910402
matched_coord1.0,spatial_knn,5,COL1A2,0.1492813461799282,0.16401942878468315,0.5493054937045143
matched_coord1.0,spatial_knn,5,GFRA1,-0.3614096056052389,-0.3604454626068716,0.4994878798735123
matched_coord1.0,spatial_knn,5,COL1A1,-0.04309459781447016,-0.04680211025100226,0.6150433634720681
matched_coord1.0,spatial_knn,5,HLA-E,0.2932627944303434,0.3071681811242232,0.72875512342707
matched_coord1.0,spatial_knn,5,CFB,0.13549064747335765,0.0713764694573398,0.43578982805664707
matched_coord1.0,spatial_knn,5,CCL19,0.3927712429881734,0.3849442711264108,1.0604749824790722
matched_coord1.0,spatial_knn,5,SNCG,0.057083200512021266,0.03614907464475745,0.5238702923399123
matched_coord1.0,spatial_knn,5,IGHG2,-0.09025921331751713,-0.1941541716748733,0.5326586097110481
random,mean,6,CRISP3,,,0.8980244994163513
random,mean,6,CPB1,,,0.9443508982658386
random,mean,6,IGHG3,,,0.8944809436798096
random,mean,6,CD74,,,0.5481217503547668
random,mean,6,IGLC2,0.0,,1.0765286684036255
random,mean,6,HLA-B,,,0.46467915177345276
random,mean,6,IGKC,,,0.9258705973625183
random,mean,6,MALAT1,,,0.7580352425575256
random,mean,6,ALB,0.0,,0.6598278880119324
random,mean,6,IGHG4,,,0.6873951554298401
random,mean,6,TFF3,,,0.5940460562705994
random,mean,6,CXCL14,0.0,,0.8222522735595703
random,mean,6,IGHG1,,,0.8635146021842957
random,mean,6,SLITRK6,0.0,,0.5248936414718628
random,mean,6,APOE,,,0.6482385993003845
random,mean,6,MT-ND2,,,0.5736624598503113
random,mean,6,CALML5,,,0.6002787947654724
random,mean,6,HLA-DRA,,,0.5749748349189758
random,mean,6,S100G,0.0,,0.7796749472618103
random,mean,6,LINC00645,,,0.5584783554077148
random,mean,6,C3,0.0,,0.7090281248092651
random,mean,6,IGLC3,,,0.8158433437347412
random,mean,6,IGLC1,0.0,,0.8614415526390076
random,mean,6,TIMP1,,,0.7152050137519836
random,mean,6,APOC1,,,0.6466595530509949
random,mean,6,TFF1,,,0.6722788214683533
random,mean,6,SCGB2A2,,,0.7879119515419006
random,mean,6,SCGB1D2,,,0.7257809042930603
random,mean,6,SERPINA3,,,0.6411941647529602
random,mean,6,LINC00052,,,0.3139668405056
random,mean,6,AGR2,,,0.624316394329071
random,mean,6,C6orf141,,,0.4363219738006592
random,mean,6,LYZ,0.0,,0.6985392570495605
random,mean,6,CTSD,0.0,,0.48051145672798157
random,mean,6,HEBP1,,,0.6312177777290344
random,mean,6,IGHM,0.0,,0.8001176118850708
random,mean,6,HLA-DRB1,,,0.5805895328521729
random,mean,6,C1QA,,,0.6832481622695923
random,mean,6,IGHA1,,,0.8166700005531311
random,mean,6,DEGS1,0.0,,0.6470476388931274
random,mean,6,AC087379.2,,,0.4579293429851532
random,mean,6,AEBP1,,,0.6941425204277039
random,mean,6,COL1A2,0.0,,0.7153957486152649
random,mean,6,GFRA1,0.0,,0.6315304040908813
random,mean,6,COL1A1,,,0.7585798501968384
random,mean,6,HLA-E,,,0.5384516716003418
random,mean,6,CFB,,,0.5592294931411743
random,mean,6,CCL19,,,0.5376900434494019
random,mean,6,SNCG,,,0.6063937544822693
random,mean,6,IGHG2,,,0.6226308941841125
random,pca_ridge,6,CRISP3,0.7432242253519864,0.4548821862902609,0.6011304259300232
random,pca_ridge,6,CPB1,0.5319620916874782,0.5534330430431491,0.8007943630218506
random,pca_ridge,6,IGHG3,0.6464528860912028,0.6803934294129937,0.6825785040855408
random,pca_ridge,6,CD74,0.7961769677736478,0.7989860925434532,0.3318183124065399
random,pca_ridge,6,IGLC2,0.6358366536057447,0.6691494080462947,0.8301474452018738
random,pca_ridge,6,HLA-B,0.6802935189481251,0.6885648706705361,0.340730220079422
random,pca_ridge,6,IGKC,0.6817264659710693,0.7346364918745302,0.6763544082641602
random,pca_ridge,6,MALAT1,0.7188718361629828,0.7240155170720031,0.529248058795929
random,pca_ridge,6,ALB,0.31388308553902716,0.18117232894391366,0.6277897357940674
random,pca_ridge,6,IGHG4,0.650352494841259,0.6654131772340452,0.521420419216156
random,pca_ridge,6,TFF3,0.5965929433608828,0.576253523091025,0.47693899273872375
random,pca_ridge,6,CXCL14,0.6996652432694135,0.507466189449747,0.5865547060966492
random,pca_ridge,6,IGHG1,0.6563337115545554,0.6820962105426975,0.6507492065429688
random,pca_ridge,6,SLITRK6,0.6582973864196516,0.4049438994821025,0.3953617513179779
random,pca_ridge,6,APOE,0.8184219603514861,0.8242695328725542,0.3739289939403534
random,pca_ridge,6,MT-ND2,0.5850710143822495,0.5892053440584779,0.4655471742153168
random,pca_ridge,6,CALML5,0.5484297362261343,0.5870550000468482,0.5024234056472778
random,pca_ridge,6,HLA-DRA,0.7516899645099752,0.7632636613326372,0.37927472591400146
random,pca_ridge,6,S100G,0.5730952799484008,0.5780413321000347,0.6391661167144775
random,pca_ridge,6,LINC00645,0.47081816050464814,0.394771180216986,0.49325811862945557
random,pca_ridge,6,C3,0.7215956045694493,0.7117741135683745,0.4898197054862976
random,pca_ridge,6,IGLC3,0.46247961015413114,0.42199468345233443,0.7252836227416992
random,pca_ridge,6,IGLC1,0.44457054088706704,0.4514072726372637,0.7711653709411621
random,pca_ridge,6,TIMP1,0.6754853228561504,0.6837340212839427,0.5261174440383911
random,pca_ridge,6,APOC1,0.6961904226997706,0.6869080362796416,0.46535471081733704
random,pca_ridge,6,TFF1,0.49237493114086234,0.5157272565375826,0.584881603717804
random,pca_ridge,6,SCGB2A2,0.5501263290004269,0.5744370745798789,0.657985508441925
random,pca_ridge,6,SCGB1D2,0.5134649103247892,0.542708087461124,0.6228699684143066
random,pca_ridge,6,SERPINA3,0.4182610386834011,0.4629987083250001,0.5824698209762573
random,pca_ridge,6,LINC00052,0.4236170236567131,0.28959951142186274,0.2853030562400818
random,pca_ridge,6,AGR2,0.6299463015402825,0.5512995782187444,0.4849643111228943
random,pca_ridge,6,C6orf141,0.6047733864746245,0.3881968582042249,0.34749799966812134
random,pca_ridge,6,LYZ,0.6671127554963713,0.6849212526685485,0.5202940702438354
random,pca_ridge,6,CTSD,0.6513554512853519,0.6947430530383858,0.36434701085090637
random,pca_ridge,6,HEBP1,0.585183976238442,0.5999125642743229,0.5106727480888367
random,pca_ridge,6,IGHM,0.49232099351882563,0.43801274541891977,0.6958142518997192
random,pca_ridge,6,HLA-DRB1,0.6546308087399458,0.6954620354180143,0.43887996673583984
random,pca_ridge,6,C1QA,0.7021552851548657,0.7143783111015515,0.4860389232635498
random,pca_ridge,6,IGHA1,0.4605505298098549,0.4875074854497369,0.7252798080444336
random,pca_ridge,6,DEGS1,0.5386231225582049,0.4349189165089694,0.5453775525093079
random,pca_ridge,6,AC087379.2,0.40148944030784556,0.33972491277732636,0.41910865902900696
random,pca_ridge,6,AEBP1,0.7253468034552272,0.7346578969455576,0.47772616147994995
random,pca_ridge,6,COL1A2,0.7148116830094047,0.7268700369530886,0.5024423599243164
random,pca_ridge,6,GFRA1,0.5109862439579104,0.3632175156968295,0.544428825378418
random,pca_ridge,6,COL1A1,0.6719118478672029,0.6920133131484039,0.5613905191421509
random,pca_ridge,6,HLA-E,0.6256336413574757,0.687173851082733,0.41981515288352966
random,pca_ridge,6,CFB,0.35685398151043046,0.36530476954181945,0.5238988995552063
random,pca_ridge,6,CCL19,0.5148849638872979,0.37024731617541595,0.46041667461395264
random,pca_ridge,6,SNCG,0.5570549780390355,0.5580139382446815,0.5035408139228821
random,pca_ridge,6,IGHG2,0.4021547655128963,0.33962686088360033,0.5704177021980286
random,spatial_knn,6,CRISP3,0.8613969209269378,0.49136360738644325,0.45780492867935607
random,spatial_knn,6,CPB1,0.7885693045650337,0.7229866172527109,0.5810498281970595
random,spatial_knn,6,IGHG3,0.7335919056841927,0.6995900311518652,0.61111053965489
random,spatial_knn,6,CD74,0.7440204801696264,0.753778569121614,0.3673865486035679
random,spatial_knn,6,IGLC2,0.693198724742692,0.6881845046474069,0.7787214865904004
random,spatial_knn,6,HLA-B,0.7839829888960438,0.794925695561775,0.2890346545535027
random,spatial_knn,6,IGKC,0.7132162263691872,0.7230242247365909,0.6499168004428758
random,spatial_knn,6,MALAT1,0.5699093268654707,0.5873895105425874,0.6331938830631596
random,spatial_knn,6,ALB,0.7811642295032962,0.24255705889976484,0.42110060429641105
random,spatial_knn,6,IGHG4,0.677881969771526,0.6404928655464602,0.5075913046621555
random,spatial_knn,6,TFF3,0.7227716331409355,0.739593226171408,0.41160623664124923
random,spatial_knn,6,CXCL14,0.809425894411343,0.6367469730269619,0.48238053117942686
random,spatial_knn,6,IGHG1,0.6754476508868252,0.6570666532365478,0.6391284893962703
random,spatial_knn,6,SLITRK6,0.7578789769981972,0.37456819542776976,0.3436989960343927
random,spatial_knn,6,APOE,0.6341432354148231,0.6378400650926047,0.5035713039974385
random,spatial_knn,6,MT-ND2,0.589197051855936,0.5826247530399911,0.46547836983224977
random,spatial_knn,6,CALML5,0.7402867360998668,0.7578307964689118,0.403717655563106
random,spatial_knn,6,HLA-DRA,0.6871343203389308,0.7110749911422175,0.4199458589152945
random,spatial_knn,6,S100G,0.7116245474939857,0.6849347068440234,0.5498251537269663
random,spatial_knn,6,LINC00645,0.6984560411603075,0.5311737630704433,0.399700759340405
random,spatial_knn,6,C3,0.6337406978047809,0.6168103985568628,0.5538099067619703
random,spatial_knn,6,IGLC3,0.5952941073850195,0.4648382676577686,0.6606732968719193
random,spatial_knn,6,IGLC1,0.4957022430720645,0.4219226894089861,0.7561986388669484
random,spatial_knn,6,TIMP1,0.6154224861229988,0.604254816294175,0.5662481448314164
random,spatial_knn,6,APOC1,0.597753540257518,0.578100253716873,0.5198107531012528
random,spatial_knn,6,TFF1,0.6299505906404698,0.6632688129973494,0.524515753056886
random,spatial_knn,6,SCGB2A2,0.6357347922159486,0.6204525825050398,0.6083420263338153
random,spatial_knn,6,SCGB1D2,0.5944567962406938,0.5907845510661656,0.5857744686751021
random,spatial_knn,6,SERPINA3,0.7010952960071679,0.6662407896270481,0.459061653914055
random,spatial_knn,6,LINC00052,0.6698647977947769,0.3396869801774295,0.23495497120270337
random,spatial_knn,6,AGR2,0.6210593359863641,0.5696363269127346,0.49115831620606887
random,spatial_knn,6,C6orf141,0.692246581342727,0.4017835710684374,0.31543388809574924
random,spatial_knn,6,LYZ,0.5797463073053268,0.6094553732517595,0.5741141753054196
random,spatial_knn,6,CTSD,0.516311472194258,0.5541073771464063,0.41283674105958756
random,spatial_knn,6,HEBP1,0.6283873482905608,0.5732210247180427,0.4932992401762389
random,spatial_knn,6,IGHM,0.5601821313894434,0.4639939245949252,0.6648790393453425
random,spatial_knn,6,HLA-DRB1,0.5558115608242288,0.5933477990119841,0.48690619237566907
random,spatial_knn,6,C1QA,0.5739158550118639,0.5785553288569446,0.561110619263164
random,spatial_knn,6,IGHA1,0.5511205448857975,0.5230040199905422,0.6839442202422008
random,spatial_knn,6,DEGS1,0.6062302233780362,0.5309008143452624,0.5173321774744944
random,spatial_knn,6,AC087379.2,0.5960077704040362,0.3679562196443938,0.3696210807353931
random,spatial_knn,6,AEBP1,0.549209885590744,0.5545877872823001,0.5813651275512612
random,spatial_knn,6,COL1A2,0.5341336844482822,0.545976685142158,0.6082182184047312
random,spatial_knn,6,GFRA1,0.6199644029435575,0.5015851249456416,0.49728280388208573
random,spatial_knn,6,COL1A1,0.5494708076263313,0.564566190092997,0.6337532180631918
random,spatial_knn,6,HLA-E,0.5698071240081913,0.6269762698964368,0.4448483686492388
random,spatial_knn,6,CFB,0.5806123729726725,0.5965922513366246,0.45712574276272716
random,spatial_knn,6,CCL19,0.5206378861704345,0.38422722843026214,0.4681721704760964
random,spatial_knn,6,SNCG,0.5984030904807958,0.5670448301054607,0.48885583705120195
random,spatial_knn,6,IGHG2,0.4787213768644944,0.3841028015952863,0.553626499314186
matched_hop0,mean,6,CRISP3,0.0,,0.6546719074249268
matched_hop0,mean,6,CPB1,,,1.2929320335388184
matched_hop0,mean,6,IGHG3,,,0.7977928519248962
matched_hop0,mean,6,CD74,,,0.5789300203323364
matched_hop0,mean,6,IGLC2,,,0.9246160387992859
matched_hop0,mean,6,HLA-B,,,0.5173699855804443
matched_hop0,mean,6,IGKC,,,0.8383240699768066
matched_hop0,mean,6,MALAT1,0.0,,0.7077241539955139
matched_hop0,mean,6,ALB,,,0.43659794330596924
matched_hop0,mean,6,IGHG4,,,0.5962137579917908
matched_hop0,mean,6,TFF3,,,0.48401153087615967
matched_hop0,mean,6,CXCL14,,,0.7307226061820984
matched_hop0,mean,6,IGHG1,,,0.7321970462799072
matched_hop0,mean,6,SLITRK6,0.0,,0.37609949707984924
matched_hop0,mean,6,APOE,0.0,,0.6470247507095337
matched_hop0,mean,6,MT-ND2,0.0,,0.5929847955703735
matched_hop0,mean,6,CALML5,,,0.6973613500595093
matched_hop0,mean,6,HLA-DRA,,,0.6143076419830322
matched_hop0,mean,6,S100G,0.0,,0.5698551535606384
matched_hop0,mean,6,LINC00645,,,0.8051794171333313
matched_hop0,mean,6,C3,,,0.6570367813110352
matched_hop0,mean,6,IGLC3,,,0.6928877830505371
matched_hop0,mean,6,IGLC1,,,0.718975305557251
matched_hop0,mean,6,TIMP1,,,0.7003111243247986
matched_hop0,mean,6,APOC1,,,0.6678770780563354
matched_hop0,mean,6,TFF1,,,0.7003987431526184
matched_hop0,mean,6,SCGB2A2,,,0.7665771842002869
matched_hop0,mean,6,SCGB1D2,0.0,,0.7520244121551514
matched_hop0,mean,6,SERPINA3,,,0.519359827041626
matched_hop0,mean,6,LINC00052,0.0,,0.45964452624320984
matched_hop0,mean,6,AGR2,,,0.4909168779850006
matched_hop0,mean,6,C6orf141,0.0,,0.33029159903526306
matched_hop0,mean,6,LYZ,,,0.779449462890625
matched_hop0,mean,6,CTSD,,,0.5075235962867737
matched_hop0,mean,6,HEBP1,0.0,,0.6449683904647827
matched_hop0,mean,6,IGHM,0.0,,0.6971294283866882
matched_hop0,mean,6,HLA-DRB1,,,0.5973902344703674
matched_hop0,mean,6,C1QA,,,0.6502656936645508
matched_hop0,mean,6,IGHA1,,,0.7002073526382446
matched_hop0,mean,6,DEGS1,,,0.6001683473587036
matched_hop0,mean,6,AC087379.2,,,0.3229730725288391
matched_hop0,mean,6,AEBP1,,,0.6665515303611755
matched_hop0,mean,6,COL1A2,,,0.6907783150672913
matched_hop0,mean,6,GFRA1,0.0,,0.5231577157974243
matched_hop0,mean,6,COL1A1,,,0.7121535539627075
matched_hop0,mean,6,HLA-E,,,0.5251191258430481
matched_hop0,mean,6,CFB,,,0.6127002239227295
matched_hop0,mean,6,CCL19,,,0.5480058789253235
matched_hop0,mean,6,SNCG,,,0.7775010466575623
matched_hop0,mean,6,IGHG2,,,0.5113536715507507
matched_hop0,pca_ridge,6,CRISP3,0.07885262359732337,0.06382672501731164,0.5848797559738159
matched_hop0,pca_ridge,6,CPB1,0.0864032768064166,0.0762101701766715,1.1955095529556274
matched_hop0,pca_ridge,6,IGHG3,0.5830724989443185,0.5654528602017924,0.7120441794395447
matched_hop0,pca_ridge,6,CD74,0.7696478440963138,0.7774811070303931,0.3788679838180542
matched_hop0,pca_ridge,6,IGLC2,0.4803213529773437,0.4979035568103651,0.9317393898963928
matched_hop0,pca_ridge,6,HLA-B,0.5519736297352238,0.5705192094556737,0.3924761116504669
matched_hop0,pca_ridge,6,IGKC,0.5861256353644224,0.5986584251994133,0.7567547559738159
matched_hop0,pca_ridge,6,MALAT1,0.6193539748391773,0.6347637029801302,0.5288481712341309
matched_hop0,pca_ridge,6,ALB,0.05200438305447479,0.05473221532652444,0.5582002997398376
matched_hop0,pca_ridge,6,IGHG4,0.5642216371281921,0.5370366730359352,0.526685893535614
matched_hop0,pca_ridge,6,TFF3,0.3139673547554777,0.28806372718346995,0.4318431317806244
matched_hop0,pca_ridge,6,CXCL14,0.32619705010803296,0.2614804864545758,0.5915589332580566
matched_hop0,pca_ridge,6,IGHG1,0.5500268069757491,0.5317413095126131,0.6779654622077942
matched_hop0,pca_ridge,6,SLITRK6,0.0031899111337625454,0.03359290512401104,0.35479283332824707
matched_hop0,pca_ridge,6,APOE,0.8436988625437019,0.8454877976652673,0.34901830554008484
matched_hop0,pca_ridge,6,MT-ND2,0.5564977819479674,0.5680270687041159,0.49823951721191406
matched_hop0,pca_ridge,6,CALML5,0.3198256852693086,0.34013677886328336,0.6476783752441406
matched_hop0,pca_ridge,6,HLA-DRA,0.728170845871765,0.7170314410757325,0.4012521803379059
matched_hop0,pca_ridge,6,S100G,0.3508610918727434,0.3260456135372083,0.6114192605018616
matched_hop0,pca_ridge,6,LINC00645,0.2969116889586933,0.2873140111783247,0.7144796848297119
matched_hop0,pca_ridge,6,C3,0.7116206357459371,0.6811940007400831,0.46266618371009827
matched_hop0,pca_ridge,6,IGLC3,0.32800751145325047,0.3130893323975169,0.7207342386245728
matched_hop0,pca_ridge,6,IGLC1,0.342823065525646,0.2996339038046502,0.6959936618804932
matched_hop0,pca_ridge,6,TIMP1,0.6957503421415865,0.6852373631847298,0.5076016783714294
matched_hop0,pca_ridge,6,APOC1,0.6943225585941651,0.674594531718234,0.4530787169933319
matched_hop0,pca_ridge,6,TFF1,0.32509564384744993,0.2839875727037877,0.6360442638397217
matched_hop0,pca_ridge,6,SCGB2A2,0.36555426042302225,0.3502684570580442,0.6469815969467163
matched_hop0,pca_ridge,6,SCGB1D2,0.3235157188351775,0.3233884432003889,0.6262914538383484
matched_hop0,pca_ridge,6,SERPINA3,0.02884830501170097,-0.0028391976897499827,0.5898423790931702
matched_hop0,pca_ridge,6,LINC00052,0.33594580540204466,0.33434996695673275,0.4327238202095032
matched_hop0,pca_ridge,6,AGR2,0.42374787372920975,0.41808961176162474,0.43913033604621887
matched_hop0,pca_ridge,6,C6orf141,0.0272671216542734,0.07067195722834116,0.32877057790756226
matched_hop0,pca_ridge,6,LYZ,0.7259289849843825,0.735614667277602,0.5071161985397339
matched_hop0,pca_ridge,6,CTSD,0.7176672385640243,0.7197800166128528,0.3659451901912689
matched_hop0,pca_ridge,6,HEBP1,0.5051840776534321,0.503363797823587,0.5249643325805664
matched_hop0,pca_ridge,6,IGHM,0.36087453484649895,0.34220545671809044,0.6696204543113708
matched_hop0,pca_ridge,6,HLA-DRB1,0.684221893701451,0.6890521266674053,0.40234196186065674
matched_hop0,pca_ridge,6,C1QA,0.7639752152270326,0.7541906019722083,0.4162133038043976
matched_hop0,pca_ridge,6,IGHA1,0.2900724378724119,0.24935383422896817,0.728857159614563
matched_hop0,pca_ridge,6,DEGS1,0.33690159606776654,0.30123339926645626,0.5328097939491272
matched_hop0,pca_ridge,6,AC087379.2,0.17239415622493384,0.2067752440633552,0.4124244749546051
matched_hop0,pca_ridge,6,AEBP1,0.6620615556421683,0.636219734190504,0.47896498441696167
matched_hop0,pca_ridge,6,COL1A2,0.6838611726968085,0.675943637741015,0.4644812345504761
matched_hop0,pca_ridge,6,GFRA1,0.20891424884717058,0.228064166689635,0.514845073223114
matched_hop0,pca_ridge,6,COL1A1,0.6788272568143789,0.6635686059999609,0.49771690368652344
matched_hop0,pca_ridge,6,HLA-E,0.6451186800436055,0.6804026140752012,0.39738914370536804
matched_hop0,pca_ridge,6,CFB,0.17754130368852694,0.16435613383647207,0.5761527419090271
matched_hop0,pca_ridge,6,CCL19,0.45661391036952764,0.3957659657430745,0.48946911096572876
matched_hop0,pca_ridge,6,SNCG,0.3544819737702312,0.3090455385175851,0.6108850836753845
matched_hop0,pca_ridge,6,IGHG2,0.26719144085405333,0.2109491438447588,0.5176421403884888
matched_hop0,spatial_knn,6,CRISP3,0.30461111009894265,0.16473894715328802,0.46681497253925686
matched_hop0,spatial_knn,6,CPB1,0.5771389388748988,0.5946773133133327,0.9847426802943251
matched_hop0,spatial_knn,6,IGHG3,0.26388465261902405,0.12603188742332255,0.7641160758244068
matched_hop0,spatial_knn,6,CD74,0.36476530943263447,0.3714332139376196,0.5131910070378216
matched_hop0,spatial_knn,6,IGLC2,0.255035012102721,0.2510628477279366,0.9565214382730644
matched_hop0,spatial_knn,6,HLA-B,0.4668060971703254,0.46374543496565473,0.4181248821582198
matched_hop0,spatial_knn,6,IGKC,0.17715224841211252,0.07205067601496606,0.8649699403446279
matched_hop0,spatial_knn,6,MALAT1,0.37573734113808654,0.3262498253491638,0.7118254811022418
matched_hop0,spatial_knn,6,ALB,0.1317592976370547,0.05635935216539816,0.5660964914260235
matched_hop0,spatial_knn,6,IGHG4,0.21569162653491789,0.10301198920944622,0.5930274646783781
matched_hop0,spatial_knn,6,TFF3,0.2838548833713631,0.21415112132222625,0.42283369221931366
matched_hop0,spatial_knn,6,CXCL14,0.39116023269189715,0.26527577524771434,0.6049866186498917
matched_hop0,spatial_knn,6,IGHG1,0.22105882647643663,0.1820057304127229,0.758286087151977
matched_hop0,spatial_knn,6,SLITRK6,0.07498940282986342,0.03794877201635064,0.2963723325959209
matched_hop0,spatial_knn,6,APOE,0.30399734058421757,0.3651480604572485,0.6452503989288745
matched_hop0,spatial_knn,6,MT-ND2,0.25793600093933317,0.23605321558928868,0.758061813279758
matched_hop0,spatial_knn,6,CALML5,0.7403357993775223,0.7305581115658613,0.42953602500758914
matched_hop0,spatial_knn,6,HLA-DRA,0.34611782098211785,0.3320390238460865,0.5231135491482624
matched_hop0,spatial_knn,6,S100G,0.18641789292749414,0.14425678069246461,0.7451948983925305
matched_hop0,spatial_knn,6,LINC00645,0.566226836970081,0.5212199057171814,0.5712727597958492
matched_hop0,spatial_knn,6,C3,0.15135554042451405,0.0753560615408151,0.7044619665817108
matched_hop0,spatial_knn,6,IGLC3,0.1644304438970689,0.09633951478930003,0.7519984563244779
matched_hop0,spatial_knn,6,IGLC1,0.1797636791039926,0.19869593449046608,0.8703261526298245
matched_hop0,spatial_knn,6,TIMP1,0.12550383457458747,0.10278162784927787,0.8009707037535866
matched_hop0,spatial_knn,6,APOC1,0.3334214964919069,0.2705036627567206,0.5854680819322183
matched_hop0,spatial_knn,6,TFF1,0.4261523994068406,0.42427318624161886,0.6398677919447194
matched_hop0,spatial_knn,6,SCGB2A2,0.11913544949318039,0.09202414001286054,0.9183958468373374
matched_hop0,spatial_knn,6,SCGB1D2,-0.0035584500300819386,-0.032441523830805175,0.9893873325842792
matched_hop0,spatial_knn,6,SERPINA3,0.30420007043783764,0.3228108840457034,0.48611535090087815
matched_hop0,spatial_knn,6,LINC00052,0.5366837896453087,0.5232412484290653,0.4071562641625606
matched_hop0,spatial_knn,6,AGR2,0.31022396993012685,0.26495420668189285,0.49223805406605897
matched_hop0,spatial_knn,6,C6orf141,0.06201593152047303,0.031503201019476575,0.30272858141036674
matched_hop0,spatial_knn,6,LYZ,0.23481723944638264,0.2737516430099327,0.7075198753006209
matched_hop0,spatial_knn,6,CTSD,0.2938971400071341,0.3327928504616435,0.5012990096604165
matched_hop0,spatial_knn,6,HEBP1,0.3269968409692465,0.2818348108505514,0.7021654294589845
matched_hop0,spatial_knn,6,IGHM,0.2650775309284546,0.20558331166809524,0.6987749436209945
matched_hop0,spatial_knn,6,HLA-DRB1,0.21266723847695285,0.1913092358109312,0.5689959390955923
matched_hop0,spatial_knn,6,C1QA,0.28729759455152515,0.31959763068092395,0.6656024996190645
matched_hop0,spatial_knn,6,IGHA1,0.2200139663860076,0.06017228809261791,0.6869388225455068
matched_hop0,spatial_knn,6,DEGS1,0.38748585781671474,0.3357923489392258,0.5169244552454558
matched_hop0,spatial_knn,6,AC087379.2,0.08498651632580104,0.08705898950365723,0.4124242747150837
matched_hop0,spatial_knn,6,AEBP1,0.2915077446615084,0.2372688070570404,0.6019914886227201
matched_hop0,spatial_knn,6,COL1A2,0.22801754593929346,0.19501414407012121,0.6313247950817947
matched_hop0,spatial_knn,6,GFRA1,0.05969616880987482,0.04960883690217492,0.5340984319202399
matched_hop0,spatial_knn,6,COL1A1,0.14427237282999744,0.05310627515679581,0.6851917962463382
matched_hop0,spatial_knn,6,HLA-E,0.26973765606643085,0.28965546543060533,0.5118316839968553
matched_hop0,spatial_knn,6,CFB,0.5408226378247109,0.5968749858265657,0.4943714257300769
matched_hop0,spatial_knn,6,CCL19,0.15973231885293634,0.12735477991163718,0.5757722828400247
matched_hop0,spatial_knn,6,SNCG,0.5544271538193396,0.5518579891470907,0.5011568901270809
matched_hop0,spatial_knn,6,IGHG2,0.05757992153819147,0.0812416970366855,0.5439173816237598
matched_hop1,mean,6,CRISP3,0.0,,0.6546719074249268
matched_hop1,mean,6,CPB1,,,1.2929320335388184
matched_hop1,mean,6,IGHG3,,,0.7977928519248962
matched_hop1,mean,6,CD74,,,0.5789300203323364
matched_hop1,mean,6,IGLC2,,,0.9246160387992859
matched_hop1,mean,6,HLA-B,,,0.5173699855804443
matched_hop1,mean,6,IGKC,,,0.8383240699768066
matched_hop1,mean,6,MALAT1,0.0,,0.7077241539955139
matched_hop1,mean,6,ALB,,,0.43659794330596924
matched_hop1,mean,6,IGHG4,,,0.5962137579917908
matched_hop1,mean,6,TFF3,,,0.48401153087615967
matched_hop1,mean,6,CXCL14,,,0.7307226061820984
matched_hop1,mean,6,IGHG1,,,0.7321970462799072
matched_hop1,mean,6,SLITRK6,0.0,,0.37609949707984924
matched_hop1,mean,6,APOE,0.0,,0.6470247507095337
matched_hop1,mean,6,MT-ND2,0.0,,0.5929847955703735
matched_hop1,mean,6,CALML5,,,0.6973613500595093
matched_hop1,mean,6,HLA-DRA,,,0.6143076419830322
matched_hop1,mean,6,S100G,0.0,,0.5698551535606384
matched_hop1,mean,6,LINC00645,,,0.8051794171333313
matched_hop1,mean,6,C3,,,0.6570367813110352
matched_hop1,mean,6,IGLC3,,,0.6928877830505371
matched_hop1,mean,6,IGLC1,,,0.718975305557251
matched_hop1,mean,6,TIMP1,,,0.7003111243247986
matched_hop1,mean,6,APOC1,,,0.6678770780563354
matched_hop1,mean,6,TFF1,,,0.7003987431526184
matched_hop1,mean,6,SCGB2A2,,,0.7665771842002869
matched_hop1,mean,6,SCGB1D2,0.0,,0.7520244121551514
matched_hop1,mean,6,SERPINA3,,,0.519359827041626
matched_hop1,mean,6,LINC00052,0.0,,0.45964452624320984
matched_hop1,mean,6,AGR2,,,0.4909168779850006
matched_hop1,mean,6,C6orf141,0.0,,0.33029159903526306
matched_hop1,mean,6,LYZ,,,0.779449462890625
matched_hop1,mean,6,CTSD,,,0.5075235962867737
matched_hop1,mean,6,HEBP1,0.0,,0.6449683904647827
matched_hop1,mean,6,IGHM,0.0,,0.6971294283866882
matched_hop1,mean,6,HLA-DRB1,,,0.5973902344703674
matched_hop1,mean,6,C1QA,,,0.6502656936645508
matched_hop1,mean,6,IGHA1,,,0.7002073526382446
matched_hop1,mean,6,DEGS1,,,0.6001683473587036
matched_hop1,mean,6,AC087379.2,,,0.3229730725288391
matched_hop1,mean,6,AEBP1,,,0.6665515303611755
matched_hop1,mean,6,COL1A2,,,0.6907783150672913
matched_hop1,mean,6,GFRA1,0.0,,0.5231577157974243
matched_hop1,mean,6,COL1A1,,,0.7121535539627075
matched_hop1,mean,6,HLA-E,,,0.5251191258430481
matched_hop1,mean,6,CFB,,,0.6127002239227295
matched_hop1,mean,6,CCL19,,,0.5480058789253235
matched_hop1,mean,6,SNCG,,,0.7775010466575623
matched_hop1,mean,6,IGHG2,,,0.5113536715507507
matched_hop1,pca_ridge,6,CRISP3,0.07885262359732337,0.06382672501731164,0.5848797559738159
matched_hop1,pca_ridge,6,CPB1,0.0864032768064166,0.0762101701766715,1.1955095529556274
matched_hop1,pca_ridge,6,IGHG3,0.5830724989443185,0.5654528602017924,0.7120441794395447
matched_hop1,pca_ridge,6,CD74,0.7696478440963138,0.7774811070303931,0.3788679838180542
matched_hop1,pca_ridge,6,IGLC2,0.4803213529773437,0.4979035568103651,0.9317393898963928
matched_hop1,pca_ridge,6,HLA-B,0.5519736297352238,0.5705192094556737,0.3924761116504669
matched_hop1,pca_ridge,6,IGKC,0.5861256353644224,0.5986584251994133,0.7567547559738159
matched_hop1,pca_ridge,6,MALAT1,0.6193539748391773,0.6347637029801302,0.5288481712341309
matched_hop1,pca_ridge,6,ALB,0.05200438305447479,0.05473221532652444,0.5582002997398376
matched_hop1,pca_ridge,6,IGHG4,0.5642216371281921,0.5370366730359352,0.526685893535614
matched_hop1,pca_ridge,6,TFF3,0.3139673547554777,0.28806372718346995,0.4318431317806244
matched_hop1,pca_ridge,6,CXCL14,0.32619705010803296,0.2614804864545758,0.5915589332580566
matched_hop1,pca_ridge,6,IGHG1,0.5500268069757491,0.5317413095126131,0.6779654622077942
matched_hop1,pca_ridge,6,SLITRK6,0.0031899111337625454,0.03359290512401104,0.35479283332824707
matched_hop1,pca_ridge,6,APOE,0.8436988625437019,0.8454877976652673,0.34901830554008484
matched_hop1,pca_ridge,6,MT-ND2,0.5564977819479674,0.5680270687041159,0.49823951721191406
matched_hop1,pca_ridge,6,CALML5,0.3198256852693086,0.34013677886328336,0.6476783752441406
matched_hop1,pca_ridge,6,HLA-DRA,0.728170845871765,0.7170314410757325,0.4012521803379059
matched_hop1,pca_ridge,6,S100G,0.3508610918727434,0.3260456135372083,0.6114192605018616
matched_hop1,pca_ridge,6,LINC00645,0.2969116889586933,0.2873140111783247,0.7144796848297119
matched_hop1,pca_ridge,6,C3,0.7116206357459371,0.6811940007400831,0.46266618371009827
matched_hop1,pca_ridge,6,IGLC3,0.32800751145325047,0.3130893323975169,0.7207342386245728
matched_hop1,pca_ridge,6,IGLC1,0.342823065525646,0.2996339038046502,0.6959936618804932
matched_hop1,pca_ridge,6,TIMP1,0.6957503421415865,0.6852373631847298,0.5076016783714294
matched_hop1,pca_ridge,6,APOC1,0.6943225585941651,0.674594531718234,0.4530787169933319
matched_hop1,pca_ridge,6,TFF1,0.32509564384744993,0.2839875727037877,0.6360442638397217
matched_hop1,pca_ridge,6,SCGB2A2,0.36555426042302225,0.3502684570580442,0.6469815969467163
matched_hop1,pca_ridge,6,SCGB1D2,0.3235157188351775,0.3233884432003889,0.6262914538383484
matched_hop1,pca_ridge,6,SERPINA3,0.02884830501170097,-0.0028391976897499827,0.5898423790931702
matched_hop1,pca_ridge,6,LINC00052,0.33594580540204466,0.33434996695673275,0.4327238202095032
matched_hop1,pca_ridge,6,AGR2,0.42374787372920975,0.41808961176162474,0.43913033604621887
matched_hop1,pca_ridge,6,C6orf141,0.0272671216542734,0.07067195722834116,0.32877057790756226
matched_hop1,pca_ridge,6,LYZ,0.7259289849843825,0.735614667277602,0.5071161985397339
matched_hop1,pca_ridge,6,CTSD,0.7176672385640243,0.7197800166128528,0.3659451901912689
matched_hop1,pca_ridge,6,HEBP1,0.5051840776534321,0.503363797823587,0.5249643325805664
matched_hop1,pca_ridge,6,IGHM,0.36087453484649895,0.34220545671809044,0.6696204543113708
matched_hop1,pca_ridge,6,HLA-DRB1,0.684221893701451,0.6890521266674053,0.40234196186065674
matched_hop1,pca_ridge,6,C1QA,0.7639752152270326,0.7541906019722083,0.4162133038043976
matched_hop1,pca_ridge,6,IGHA1,0.2900724378724119,0.24935383422896817,0.728857159614563
matched_hop1,pca_ridge,6,DEGS1,0.33690159606776654,0.30123339926645626,0.5328097939491272
matched_hop1,pca_ridge,6,AC087379.2,0.17239415622493384,0.2067752440633552,0.4124244749546051
matched_hop1,pca_ridge,6,AEBP1,0.6620615556421683,0.636219734190504,0.47896498441696167
matched_hop1,pca_ridge,6,COL1A2,0.6838611726968085,0.675943637741015,0.4644812345504761
matched_hop1,pca_ridge,6,GFRA1,0.20891424884717058,0.228064166689635,0.514845073223114
matched_hop1,pca_ridge,6,COL1A1,0.6788272568143789,0.6635686059999609,0.49771690368652344
matched_hop1,pca_ridge,6,HLA-E,0.6451186800436055,0.6804026140752012,0.39738914370536804
matched_hop1,pca_ridge,6,CFB,0.17754130368852694,0.16435613383647207,0.5761527419090271
matched_hop1,pca_ridge,6,CCL19,0.45661391036952764,0.3957659657430745,0.48946911096572876
matched_hop1,pca_ridge,6,SNCG,0.3544819737702312,0.3090455385175851,0.6108850836753845
matched_hop1,pca_ridge,6,IGHG2,0.26719144085405333,0.2109491438447588,0.5176421403884888
matched_hop1,spatial_knn,6,CRISP3,0.30461111009894265,0.16473894715328802,0.46681497253925686
matched_hop1,spatial_knn,6,CPB1,0.5771389388748988,0.5946773133133327,0.9847426802943251
matched_hop1,spatial_knn,6,IGHG3,0.26388465261902405,0.12603188742332255,0.7641160758244068
matched_hop1,spatial_knn,6,CD74,0.36476530943263447,0.3714332139376196,0.5131910070378216
matched_hop1,spatial_knn,6,IGLC2,0.255035012102721,0.2510628477279366,0.9565214382730644
matched_hop1,spatial_knn,6,HLA-B,0.4668060971703254,0.46374543496565473,0.4181248821582198
matched_hop1,spatial_knn,6,IGKC,0.17715224841211252,0.07205067601496606,0.8649699403446279
matched_hop1,spatial_knn,6,MALAT1,0.37573734113808654,0.3262498253491638,0.7118254811022418
matched_hop1,spatial_knn,6,ALB,0.1317592976370547,0.05635935216539816,0.5660964914260235
matched_hop1,spatial_knn,6,IGHG4,0.21569162653491789,0.10301198920944622,0.5930274646783781
matched_hop1,spatial_knn,6,TFF3,0.2838548833713631,0.21415112132222625,0.42283369221931366
matched_hop1,spatial_knn,6,CXCL14,0.39116023269189715,0.26527577524771434,0.6049866186498917
matched_hop1,spatial_knn,6,IGHG1,0.22105882647643663,0.1820057304127229,0.758286087151977
matched_hop1,spatial_knn,6,SLITRK6,0.07498940282986342,0.03794877201635064,0.2963723325959209
matched_hop1,spatial_knn,6,APOE,0.30399734058421757,0.3651480604572485,0.6452503989288745
matched_hop1,spatial_knn,6,MT-ND2,0.25793600093933317,0.23605321558928868,0.758061813279758
matched_hop1,spatial_knn,6,CALML5,0.7403357993775223,0.7305581115658613,0.42953602500758914
matched_hop1,spatial_knn,6,HLA-DRA,0.34611782098211785,0.3320390238460865,0.5231135491482624
matched_hop1,spatial_knn,6,S100G,0.18641789292749414,0.14425678069246461,0.7451948983925305
matched_hop1,spatial_knn,6,LINC00645,0.566226836970081,0.5212199057171814,0.5712727597958492
matched_hop1,spatial_knn,6,C3,0.15135554042451405,0.0753560615408151,0.7044619665817108
matched_hop1,spatial_knn,6,IGLC3,0.1644304438970689,0.09633951478930003,0.7519984563244779
matched_hop1,spatial_knn,6,IGLC1,0.1797636791039926,0.19869593449046608,0.8703261526298245
matched_hop1,spatial_knn,6,TIMP1,0.12550383457458747,0.10278162784927787,0.8009707037535866
matched_hop1,spatial_knn,6,APOC1,0.3334214964919069,0.2705036627567206,0.5854680819322183
matched_hop1,spatial_knn,6,TFF1,0.4261523994068406,0.42427318624161886,0.6398677919447194
matched_hop1,spatial_knn,6,SCGB2A2,0.11913544949318039,0.09202414001286054,0.9183958468373374
matched_hop1,spatial_knn,6,SCGB1D2,-0.0035584500300819386,-0.032441523830805175,0.9893873325842792
matched_hop1,spatial_knn,6,SERPINA3,0.30420007043783764,0.3228108840457034,0.48611535090087815
matched_hop1,spatial_knn,6,LINC00052,0.5366837896453087,0.5232412484290653,0.4071562641625606
matched_hop1,spatial_knn,6,AGR2,0.31022396993012685,0.26495420668189285,0.49223805406605897
matched_hop1,spatial_knn,6,C6orf141,0.06201593152047303,0.031503201019476575,0.30272858141036674
matched_hop1,spatial_knn,6,LYZ,0.23481723944638264,0.2737516430099327,0.7075198753006209
matched_hop1,spatial_knn,6,CTSD,0.2938971400071341,0.3327928504616435,0.5012990096604165
matched_hop1,spatial_knn,6,HEBP1,0.3269968409692465,0.2818348108505514,0.7021654294589845
matched_hop1,spatial_knn,6,IGHM,0.2650775309284546,0.20558331166809524,0.6987749436209945
matched_hop1,spatial_knn,6,HLA-DRB1,0.21266723847695285,0.1913092358109312,0.5689959390955923
matched_hop1,spatial_knn,6,C1QA,0.28729759455152515,0.31959763068092395,0.6656024996190645
matched_hop1,spatial_knn,6,IGHA1,0.2200139663860076,0.06017228809261791,0.6869388225455068
matched_hop1,spatial_knn,6,DEGS1,0.38748585781671474,0.3357923489392258,0.5169244552454558
matched_hop1,spatial_knn,6,AC087379.2,0.08498651632580104,0.08705898950365723,0.4124242747150837
matched_hop1,spatial_knn,6,AEBP1,0.2915077446615084,0.2372688070570404,0.6019914886227201
matched_hop1,spatial_knn,6,COL1A2,0.22801754593929346,0.19501414407012121,0.6313247950817947
matched_hop1,spatial_knn,6,GFRA1,0.05969616880987482,0.04960883690217492,0.5340984319202399
matched_hop1,spatial_knn,6,COL1A1,0.14427237282999744,0.05310627515679581,0.6851917962463382
matched_hop1,spatial_knn,6,HLA-E,0.26973765606643085,0.28965546543060533,0.5118316839968553
matched_hop1,spatial_knn,6,CFB,0.5408226378247109,0.5968749858265657,0.4943714257300769
matched_hop1,spatial_knn,6,CCL19,0.15973231885293634,0.12735477991163718,0.5757722828400247
matched_hop1,spatial_knn,6,SNCG,0.5544271538193396,0.5518579891470907,0.5011568901270809
matched_hop1,spatial_knn,6,IGHG2,0.05757992153819147,0.0812416970366855,0.5439173816237598
matched_hop2,mean,6,CRISP3,0.0,,0.6465955376625061
matched_hop2,mean,6,CPB1,,,1.3349496126174927
matched_hop2,mean,6,IGHG3,,,0.7609813809394836
matched_hop2,mean,6,CD74,0.0,,0.5852691531181335
matched_hop2,mean,6,IGLC2,,,0.9003964066505432
matched_hop2,mean,6,HLA-B,,,0.538103461265564
matched_hop2,mean,6,IGKC,0.0,,0.8194959163665771
matched_hop2,mean,6,MALAT1,,,0.7035546898841858
matched_hop2,mean,6,ALB,,,0.4262688457965851
matched_hop2,mean,6,IGHG4,,,0.5720939040184021
matched_hop2,mean,6,TFF3,,,0.4911934733390808
matched_hop2,mean,6,CXCL14,,,0.725400984287262
matched_hop2,mean,6,IGHG1,0.0,,0.6992007493972778
matched_hop2,mean,6,SLITRK6,,,0.3672317862510681
matched_hop2,mean,6,APOE,0.0,,0.6482253074645996
matched_hop2,mean,6,MT-ND2,0.0,,0.592713475227356
matched_hop2,mean,6,CALML5,0.0,,0.7277976870536804
matched_hop2,mean,6,HLA-DRA,,,0.6234564781188965
matched_hop2,mean,6,S100G,0.0,,0.5516052842140198
matched_hop2,mean,6,LINC00645,,,0.7462355494499207
matched_hop2,mean,6,C3,,,0.6312406659126282
matched_hop2,mean,6,IGLC3,,,0.6558632254600525
matched_hop2,mean,6,IGLC1,,,0.6981197595596313
matched_hop2,mean,6,TIMP1,,,0.6865372657775879
matched_hop2,mean,6,APOC1,,,0.686023473739624
matched_hop2,mean,6,TFF1,,,0.7216686010360718
matched_hop2,mean,6,SCGB2A2,,,0.7597665190696716
matched_hop2,mean,6,SCGB1D2,0.0,,0.7462566494941711
matched_hop2,mean,6,SERPINA3,,,0.5052382349967957
matched_hop2,mean,6,LINC00052,0.0,,0.46534228324890137
matched_hop2,mean,6,AGR2,,,0.4823615849018097
matched_hop2,mean,6,C6orf141,,,0.32396742701530457
matched_hop2,mean,6,LYZ,,,0.7992752194404602
matched_hop2,mean,6,CTSD,,,0.4932596981525421
matched_hop2,mean,6,HEBP1,0.0,,0.6386297941207886
matched_hop2,mean,6,IGHM,0.0,,0.6967505812644958
matched_hop2,mean,6,HLA-DRB1,,,0.599921464920044
matched_hop2,mean,6,C1QA,,,0.6381217241287231
matched_hop2,mean,6,IGHA1,,,0.6674003601074219
matched_hop2,mean,6,DEGS1,,,0.599920928478241
matched_hop2,mean,6,AC087379.2,,,0.31754833459854126
matched_hop2,mean,6,AEBP1,,,0.6517419815063477
matched_hop2,mean,6,COL1A2,,,0.6918627023696899
matched_hop2,mean,6,GFRA1,,,0.5114052891731262
matched_hop2,mean,6,COL1A1,,,0.7004141211509705
matched_hop2,mean,6,HLA-E,,,0.5248910188674927
matched_hop2,mean,6,CFB,,,0.6195788383483887
matched_hop2,mean,6,CCL19,0.0,,0.562069833278656
matched_hop2,mean,6,SNCG,0.0,,0.7969920635223389
matched_hop2,mean,6,IGHG2,0.0,,0.49852561950683594
matched_hop2,pca_ridge,6,CRISP3,0.037749834708872027,0.03924531496213698,0.5686060786247253
matched_hop2,pca_ridge,6,CPB1,0.05178785499727398,0.04801041516729426,1.2415149211883545
matched_hop2,pca_ridge,6,IGHG3,0.5668509005685611,0.5406075802165066,0.7111812233924866
matched_hop2,pca_ridge,6,CD74,0.7704206844404771,0.7793581216803257,0.381014347076416
matched_hop2,pca_ridge,6,IGLC2,0.4697527153637632,0.4939915954148541,0.9420914053916931
matched_hop2,pca_ridge,6,HLA-B,0.5557720726990101,0.570991169256149,0.3995818495750427
matched_hop2,pca_ridge,6,IGKC,0.5834580103121038,0.5839150185314882,0.7581483721733093
matched_hop2,pca_ridge,6,MALAT1,0.6229653366616498,0.612580043228412,0.5079569816589355
matched_hop2,pca_ridge,6,ALB,0.036406271054698826,0.04464937957102724,0.5537040829658508
matched_hop2,pca_ridge,6,IGHG4,0.532287157073654,0.4922821174811391,0.5254215598106384
matched_hop2,pca_ridge,6,TFF3,0.30430457552303836,0.2825138640760103,0.42751544713974
matched_hop2,pca_ridge,6,CXCL14,0.2738666893145348,0.2232219462280889,0.5742260217666626
matched_hop2,pca_ridge,6,IGHG1,0.5379889755731797,0.5096649863654745,0.6718704104423523
matched_hop2,pca_ridge,6,SLITRK6,0.009051422329455631,0.03820013913412956,0.3368251323699951
matched_hop2,pca_ridge,6,APOE,0.853976252610617,0.8544243479510855,0.3398206830024719
matched_hop2,pca_ridge,6,MT-ND2,0.5523070381616478,0.5615434785045544,0.5010257363319397
matched_hop2,pca_ridge,6,CALML5,0.34456718129423297,0.3594828804739312,0.6739764213562012
matched_hop2,pca_ridge,6,HLA-DRA,0.7221964220925629,0.7116438210879367,0.4058530032634735
matched_hop2,pca_ridge,6,S100G,0.31406537514615385,0.29337261443611534,0.6173765063285828
matched_hop2,pca_ridge,6,LINC00645,0.2647540842838509,0.25313798078652366,0.6606021523475647
matched_hop2,pca_ridge,6,C3,0.7015447493178376,0.6732618458441703,0.4522237777709961
matched_hop2,pca_ridge,6,IGLC3,0.30431137201115827,0.30300803886578426,0.7106868028640747
matched_hop2,pca_ridge,6,IGLC1,0.29179628775403993,0.2496928547390701,0.6937882900238037
matched_hop2,pca_ridge,6,TIMP1,0.6852108109312428,0.6805921909597117,0.5070109367370605
matched_hop2,pca_ridge,6,APOC1,0.7128418738797524,0.7009818246324752,0.45092037320137024
matched_hop2,pca_ridge,6,TFF1,0.3192083047240455,0.2873628207928594,0.6450750827789307
matched_hop2,pca_ridge,6,SCGB2A2,0.33272265902289866,0.31825205178599947,0.6422685384750366
matched_hop2,pca_ridge,6,SCGB1D2,0.28665223173097437,0.2875747123784078,0.6252548694610596
matched_hop2,pca_ridge,6,SERPINA3,0.013947666565852066,-0.010079833765522538,0.5796090960502625
matched_hop2,pca_ridge,6,LINC00052,0.3337383289208462,0.32224068617023693,0.4376384913921356
matched_hop2,pca_ridge,6,AGR2,0.4065976723291893,0.3892641328033454,0.4323132038116455
matched_hop2,pca_ridge,6,C6orf141,0.03154963550666255,0.06774217675295031,0.3213645815849304
matched_hop2,pca_ridge,6,LYZ,0.7341960489506856,0.7452806524477114,0.5084972381591797
matched_hop2,pca_ridge,6,CTSD,0.7384491403059675,0.7266579339392284,0.34811413288116455
matched_hop2,pca_ridge,6,HEBP1,0.48952233158809044,0.4879485330636295,0.5173078179359436
matched_hop2,pca_ridge,6,IGHM,0.32751301438158675,0.31032561385067103,0.6832799911499023
matched_hop2,pca_ridge,6,HLA-DRB1,0.6918780152803303,0.6964908372049962,0.3909507393836975
matched_hop2,pca_ridge,6,C1QA,0.776060365169603,0.7671109389782289,0.3977329730987549
matched_hop2,pca_ridge,6,IGHA1,0.2522585224337002,0.21779519205996806,0.7208465337753296
matched_hop2,pca_ridge,6,DEGS1,0.3186560673893792,0.27227959016360237,0.5268716812133789
matched_hop2,pca_ridge,6,AC087379.2,0.16547104406479987,0.19660883286143305,0.4150097370147705
matched_hop2,pca_ridge,6,AEBP1,0.6549984945575026,0.6269555467461412,0.46786797046661377
matched_hop2,pca_ridge,6,COL1A2,0.6908640821818492,0.6763925972750872,0.4534217417240143
matched_hop2,pca_ridge,6,GFRA1,0.2380866647394036,0.2524962062808514,0.4977978765964508
matched_hop2,pca_ridge,6,COL1A1,0.6867871158208887,0.6684085118709548,0.4808345139026642
matched_hop2,pca_ridge,6,HLA-E,0.6520576395006887,0.6865586498371934,0.39282429218292236
matched_hop2,pca_ridge,6,CFB,0.13976028310839725,0.13286694591857182,0.5859777927398682
matched_hop2,pca_ridge,6,CCL19,0.4817481865978638,0.42901715361064957,0.4953882098197937
matched_hop2,pca_ridge,6,SNCG,0.2902982314044581,0.2519031706358122,0.618753969669342
matched_hop2,pca_ridge,6,IGHG2,0.2577462796630614,0.20198498175227111,0.5106715559959412
matched_hop2,spatial_knn,6,CRISP3,0.17991867776568177,0.10978755325414319,0.4558726338550157
matched_hop2,spatial_knn,6,CPB1,0.5992730296606692,0.6062082296639894,1.0228132818029452
matched_hop2,spatial_knn,6,IGHG3,0.0298174829102316,-0.028038357581416783,0.7702192576516711
matched_hop2,spatial_knn,6,CD74,0.33684656797398216,0.3489757464493558,0.5325989648823543
matched_hop2,spatial_knn,6,IGLC2,0.08652244790526296,0.14310256712338815,0.978871981758336
matched_hop2,spatial_knn,6,HLA-B,0.42773502645719685,0.42605564068729895,0.43591273548453136
matched_hop2,spatial_knn,6,IGKC,-0.03686373738346741,-0.049285940095789585,0.8838532909846923
matched_hop2,spatial_knn,6,MALAT1,0.2693647451228239,0.21754812503778934,0.7308769581736441
matched_hop2,spatial_knn,6,ALB,0.09810244587159773,0.046920818528686375,0.5811844738173784
matched_hop2,spatial_knn,6,IGHG4,0.04159405378689602,0.011141758921002777,0.5928687493055567
matched_hop2,spatial_knn,6,TFF3,0.20343721263313838,0.15451791385218644,0.42954233553371113
matched_hop2,spatial_knn,6,CXCL14,0.2867525450071166,0.17413046388077516,0.6204179694120214
matched_hop2,spatial_knn,6,IGHG1,0.03295605148261741,0.08748190777361983,0.7653023900098065
matched_hop2,spatial_knn,6,SLITRK6,-0.027119527226178112,-0.013767958879381169,0.28152396358987414
matched_hop2,spatial_knn,6,APOE,0.29157073193683103,0.35683735294852376,0.6589902406404805
matched_hop2,spatial_knn,6,MT-ND2,0.2718168074600109,0.23999645915076906,0.7930149003584649
matched_hop2,spatial_knn,6,CALML5,0.7492926153127814,0.7425689119769989,0.43440970012912233
matched_hop2,spatial_knn,6,HLA-DRA,0.32608682076533674,0.3119845523363671,0.5371592484526595
matched_hop2,spatial_knn,6,S100G,0.14850055617765803,0.10480679322486486,0.7672484151437877
matched_hop2,spatial_knn,6,LINC00645,0.5059986126083389,0.45176638106351874,0.5764261294124049
matched_hop2,spatial_knn,6,C3,0.01763542117331393,-0.013734893956503642,0.7126421460667515
matched_hop2,spatial_knn,6,IGLC3,-0.038455833623304625,-0.00452123533554788,0.7543367100525836
matched_hop2,spatial_knn,6,IGLC1,0.08104661145441323,0.13455203764910176,0.8863095823583608
matched_hop2,spatial_knn,6,TIMP1,-0.0015854373101856407,0.02635956045646107,0.8227621229555002
matched_hop2,spatial_knn,6,APOC1,0.34598595486674405,0.28666073027839684,0.5972740656473393
matched_hop2,spatial_knn,6,TFF1,0.4233810792803094,0.42075990978546945,0.6532761552431839
matched_hop2,spatial_knn,6,SCGB2A2,0.016632301785818666,-0.014557996714633566,0.9601076525280084
matched_hop2,spatial_knn,6,SCGB1D2,-0.10334242081261527,-0.14057316428696356,1.040245981291214
matched_hop2,spatial_knn,6,SERPINA3,0.2868060991455309,0.30741784550327733,0.4766300976684886
matched_hop2,spatial_knn,6,LINC00052,0.5078502768799262,0.5101195825009425,0.42913565784665697
matched_hop2,spatial_knn,6,AGR2,0.26650609351160587,0.21362863994585077,0.4933841115525205
matched_hop2,spatial_knn,6,C6orf141,0.05153966848271551,0.028679608324073874,0.2990224964829128
matched_hop2,spatial_knn,6,LYZ,0.26063812077520987,0.27971168137102426,0.7194153382820317
matched_hop2,spatial_knn,6,CTSD,0.24570961961117707,0.2993288988696783,0.5004538765339798
matched_hop2,spatial_knn,6,HEBP1,0.2510447824425079,0.20219104420839276,0.7322698705165199
matched_hop2,spatial_knn,6,IGHM,0.20368464070372597,0.13645971410111402,0.7125709678424035
matched_hop2,spatial_knn,6,HLA-DRB1,0.19660430923397218,0.16514502834990685,0.5744633282917964
matched_hop2,spatial_knn,6,C1QA,0.263553643622115,0.3044804059170178,0.6709823050440723
matched_hop2,spatial_knn,6,IGHA1,0.020444832356022236,-0.005317967109104173,0.684399957272073
matched_hop2,spatial_knn,6,DEGS1,0.3657903694736972,0.29372956757828045,0.5103274627158277
matched_hop2,spatial_knn,6,AC087379.2,0.06729741348341817,0.06531732316245376,0.4177292212113735
matched_hop2,spatial_knn,6,AEBP1,0.1810543615070718,0.192838941985204,0.5970076272270387
matched_hop2,spatial_knn,6,COL1A2,0.11340109126542629,0.13013538570471492,0.6419317654014901
matched_hop2,spatial_knn,6,GFRA1,0.027687504657295445,0.017940267227443324,0.5274366547522392
matched_hop2,spatial_knn,6,COL1A1,0.019496401374544996,-0.013418196774560177,0.6878816251888862
matched_hop2,spatial_knn,6,HLA-E,0.24298702784343482,0.26437996014077186,0.5198290462366781
matched_hop2,spatial_knn,6,CFB,0.5478667950198453,0.6080274998041816,0.4996532168131432
matched_hop2,spatial_knn,6,CCL19,0.14850043151538075,0.12014821101125879,0.5983130734278739
matched_hop2,spatial_knn,6,SNCG,0.5305839405343786,0.5249853792567419,0.49747701801223354
matched_hop2,spatial_knn,6,IGHG2,-0.0029289825944528096,0.043518240953173054,0.5416143917414105
matched_hop5,mean,6,CRISP3,0.0,,0.6436485648155212
matched_hop5,mean,6,CPB1,0.0,,1.0022695064544678
matched_hop5,mean,6,IGHG3,,,0.7430500388145447
matched_hop5,mean,6,CD74,0.0,,0.6296112537384033
matched_hop5,mean,6,IGLC2,,,0.8982773423194885
matched_hop5,mean,6,HLA-B,,,0.5490849018096924
matched_hop5,mean,6,IGKC,,,0.8286420106887817
matched_hop5,mean,6,MALAT1,0.0,,0.7083367109298706
matched_hop5,mean,6,ALB,,,0.4308582544326782
matched_hop5,mean,6,IGHG4,,,0.5577162504196167
matched_hop5,mean,6,TFF3,0.0,,0.5412453413009644
matched_hop5,mean,6,CXCL14,,,0.7258976101875305
matched_hop5,mean,6,IGHG1,,,0.7075585126876831
matched_hop5,mean,6,SLITRK6,0.0,,0.3633182644844055
matched_hop5,mean,6,APOE,0.0,,0.7337871789932251
matched_hop5,mean,6,MT-ND2,,,0.5772098302841187
matched_hop5,mean,6,CALML5,0.0,,0.8922570943832397
matched_hop5,mean,6,HLA-DRA,,,0.7053387761116028
matched_hop5,mean,6,S100G,0.0,,0.5497434139251709
matched_hop5,mean,6,LINC00645,,,0.507897138595581
matched_hop5,mean,6,C3,,,0.6579912900924683
matched_hop5,mean,6,IGLC3,0.0,,0.6565958857536316
matched_hop5,mean,6,IGLC1,,,0.6494255661964417
matched_hop5,mean,6,TIMP1,,,0.7083489894866943
matched_hop5,mean,6,APOC1,,,0.7864945530891418
matched_hop5,mean,6,TFF1,,,0.868423581123352
matched_hop5,mean,6,SCGB2A2,,,0.6870653033256531
matched_hop5,mean,6,SCGB1D2,,,0.6784193515777588
matched_hop5,mean,6,SERPINA3,0.0,,0.4832286536693573
matched_hop5,mean,6,LINC00052,,,0.4232390522956848
matched_hop5,mean,6,AGR2,,,0.48479777574539185
matched_hop5,mean,6,C6orf141,,,0.30575230717658997
matched_hop5,mean,6,LYZ,,,0.8772161602973938
matched_hop5,mean,6,CTSD,,,0.5381835103034973
matched_hop5,mean,6,HEBP1,0.0,,0.5772854685783386
matched_hop5,mean,6,IGHM,0.0,,0.6097703576087952
matched_hop5,mean,6,HLA-DRB1,,,0.688201367855072
matched_hop5,mean,6,C1QA,,,0.6783022284507751
matched_hop5,mean,6,IGHA1,,,0.6247520446777344
matched_hop5,mean,6,DEGS1,0.0,,0.6283559799194336
matched_hop5,mean,6,AC087379.2,,,0.3028890788555145
matched_hop5,mean,6,AEBP1,,,0.641086757183075
matched_hop5,mean,6,COL1A2,,,0.6730328798294067
matched_hop5,mean,6,GFRA1,,,0.512898862361908
matched_hop5,mean,6,COL1A1,,,0.6864466071128845
matched_hop5,mean,6,HLA-E,,,0.5357345342636108
matched_hop5,mean,6,CFB,,,0.5190151929855347
matched_hop5,mean,6,CCL19,,,0.6537371873855591
matched_hop5,mean,6,SNCG,,,0.8900011777877808
matched_hop5,mean,6,IGHG2,0.0,,0.5264611840248108
matched_hop5,pca_ridge,6,CRISP3,0.054827765636905924,0.0838640778437573,0.53428053855896
matched_hop5,pca_ridge,6,CPB1,0.04158025006549575,0.08250904104109308,0.9718884229660034
matched_hop5,pca_ridge,6,IGHG3,0.6004173463433878,0.5760596633608623,0.7238483428955078
matched_hop5,pca_ridge,6,CD74,0.7769277257814106,0.7872376461317004,0.3825776278972626
matched_hop5,pca_ridge,6,IGLC2,0.4968624226047659,0.5300923521548379,1.0282127857208252
matched_hop5,pca_ridge,6,HLA-B,0.4670549691363472,0.487889747184805,0.3953508138656616
matched_hop5,pca_ridge,6,IGKC,0.5750103574836604,0.5712354503827467,0.8328282833099365
matched_hop5,pca_ridge,6,MALAT1,0.5851143659414083,0.5815028010892949,0.5261216163635254
matched_hop5,pca_ridge,6,ALB,0.02790740328497476,0.036942871540173686,0.5597512722015381
matched_hop5,pca_ridge,6,IGHG4,0.49229066306958524,0.4423326381154357,0.5589994788169861
matched_hop5,pca_ridge,6,TFF3,0.34061048635869967,0.3545155052923587,0.4565615653991699
matched_hop5,pca_ridge,6,CXCL14,0.09450937322616586,0.10951410182640223,0.5570036768913269
matched_hop5,pca_ridge,6,IGHG1,0.5276970516288946,0.502166991315511,0.7158377766609192
matched_hop5,pca_ridge,6,SLITRK6,0.024279541146959033,0.0518835981410889,0.31904396414756775
matched_hop5,pca_ridge,6,APOE,0.8759152098920104,0.8942010063584568,0.35624203085899353
matched_hop5,pca_ridge,6,MT-ND2,0.4790515500815595,0.46887329707189745,0.510254979133606
matched_hop5,pca_ridge,6,CALML5,0.269924382815862,0.23649038915937118,0.8148059248924255
matched_hop5,pca_ridge,6,HLA-DRA,0.6715259673732745,0.6641980114331473,0.450673907995224
matched_hop5,pca_ridge,6,S100G,0.29828518444205404,0.27218720172169164,0.6104258298873901
matched_hop5,pca_ridge,6,LINC00645,0.19187591940876167,0.16673752147824403,0.4461240768432617
matched_hop5,pca_ridge,6,C3,0.7444117227087081,0.7336188124399771,0.4393789768218994
matched_hop5,pca_ridge,6,IGLC3,0.28473627473685703,0.29424771707883385,0.7732637524604797
matched_hop5,pca_ridge,6,IGLC1,0.26105047821896077,0.2478649739698561,0.6888918876647949
matched_hop5,pca_ridge,6,TIMP1,0.6935972219950798,0.7279387967436703,0.5340631008148193
matched_hop5,pca_ridge,6,APOC1,0.7505277057753581,0.7604211087420043,0.4746565520763397
matched_hop5,pca_ridge,6,TFF1,0.40688919610997537,0.3712232238429266,0.7462274432182312
matched_hop5,pca_ridge,6,SCGB2A2,0.28129077464341173,0.2421579364873966,0.6531693339347839
matched_hop5,pca_ridge,6,SCGB1D2,0.2813813229045707,0.2554629765966418,0.6408424973487854
matched_hop5,pca_ridge,6,SERPINA3,0.07309593314382398,0.05329536344444909,0.5507049560546875
matched_hop5,pca_ridge,6,LINC00052,0.1916731902664118,0.18718436186196294,0.39611494541168213
matched_hop5,pca_ridge,6,AGR2,0.2619475422335605,0.23836022009790045,0.44103723764419556
matched_hop5,pca_ridge,6,C6orf141,0.07988167490077991,0.1161586185271583,0.297512948513031
matched_hop5,pca_ridge,6,LYZ,0.7207259783743483,0.7400805382723133,0.5171711444854736
matched_hop5,pca_ridge,6,CTSD,0.7909159527413365,0.799066635887255,0.3556632995605469
matched_hop5,pca_ridge,6,HEBP1,0.4345346144729918,0.42418797580755374,0.5037818551063538
matched_hop5,pca_ridge,6,IGHM,0.256572234331709,0.24876835559990065,0.6844990253448486
matched_hop5,pca_ridge,6,HLA-DRB1,0.6629141523154048,0.6745621676840624,0.4234274625778198
matched_hop5,pca_ridge,6,C1QA,0.8173549751897045,0.8165748380266195,0.3731834292411804
matched_hop5,pca_ridge,6,IGHA1,0.266248702711353,0.23706891709368522,0.7447481751441956
matched_hop5,pca_ridge,6,DEGS1,0.05514020798412573,0.030394807899970164,0.530598521232605
matched_hop5,pca_ridge,6,AC087379.2,0.1497914438306594,0.15496200661037665,0.41145017743110657
matched_hop5,pca_ridge,6,AEBP1,0.7029399921037444,0.6779591248311374,0.443124383687973
matched_hop5,pca_ridge,6,COL1A2,0.7102009857346592,0.6739190067334182,0.4381234347820282
matched_hop5,pca_ridge,6,GFRA1,0.2453058352079067,0.2577039438618754,0.47464245557785034
matched_hop5,pca_ridge,6,COL1A1,0.6809121455063633,0.6645225940553771,0.48475489020347595
matched_hop5,pca_ridge,6,HLA-E,0.643567395616857,0.6695298854923651,0.3853513300418854
matched_hop5,pca_ridge,6,CFB,0.08638571683895685,0.04645353668214582,0.5279562473297119
matched_hop5,pca_ridge,6,CCL19,0.43973154874169973,0.4402654157799506,0.5766304731369019
matched_hop5,pca_ridge,6,SNCG,0.15246565687246555,0.14035809102658287,0.6860063076019287
matched_hop5,pca_ridge,6,IGHG2,0.23498084146495596,0.16899247224574163,0.5447512269020081
matched_hop5,spatial_knn,6,CRISP3,0.04316206379773449,0.048236863690410525,0.3956175928004517
matched_hop5,spatial_knn,6,CPB1,0.4540862484247062,0.4167275003335115,0.8640045328283872
matched_hop5,spatial_knn,6,IGHG3,-0.22281549749071067,-0.3442270630030601,0.7764320558990941
matched_hop5,spatial_knn,6,CD74,0.4340076935945023,0.44572869630980716,0.613793027571028
matched_hop5,spatial_knn,6,IGLC2,-0.07670806991450937,0.053448464534457896,0.9143331486850289
matched_hop5,spatial_knn,6,HLA-B,0.14661917315207934,0.19733259394954772,0.4555748565892431
matched_hop5,spatial_knn,6,IGKC,-0.29114536582518363,-0.3551923425241262,0.8939881439958568
matched_hop5,spatial_knn,6,MALAT1,-0.012775713741171205,-0.00847901486817562,0.6707986643849624
matched_hop5,spatial_knn,6,ALB,0.09901941208401577,0.052585108660139775,0.6700213670462796
matched_hop5,spatial_knn,6,IGHG4,-0.08982723575202692,-0.11806929119243002,0.5954001450807643
matched_hop5,spatial_knn,6,TFF3,0.001471320060826266,-0.009020564094579265,0.4881025207166736
matched_hop5,spatial_knn,6,CXCL14,-0.10729855745068104,-0.12644009032641007,0.5574691308312919
matched_hop5,spatial_knn,6,IGHG1,-0.025827506027090986,0.09200442327430339,0.7493870917602411
matched_hop5,spatial_knn,6,SLITRK6,-0.0030800626937623893,-0.01046141893726341,0.24910546860588226
matched_hop5,spatial_knn,6,APOE,0.4301441322101493,0.4586773392988221,0.7716616492679185
matched_hop5,spatial_knn,6,MT-ND2,0.16182569542552835,0.1290011261654105,0.7981219340411622
matched_hop5,spatial_knn,6,CALML5,0.6717813100014418,0.6017925720469458,0.49183703035540305
matched_hop5,spatial_knn,6,HLA-DRA,0.40933896531120556,0.4064784524259689,0.6200617502180609
matched_hop5,spatial_knn,6,S100G,0.0259560325458103,0.011710940496556936,0.8672749073636858
matched_hop5,spatial_knn,6,LINC00645,0.014050064182559665,-0.002650934837608495,0.6274955240343681
matched_hop5,spatial_knn,6,C3,-0.1234004838952605,-0.09494917150783297,0.8076083219078845
matched_hop5,spatial_knn,6,IGLC3,-0.1632993540481529,-0.1591788336798749,0.715966015680094
matched_hop5,spatial_knn,6,IGLC1,0.10141949953531196,0.1594562391347889,0.7189532237944247
matched_hop5,spatial_knn,6,TIMP1,-0.13738244326355228,-0.02986846882248044,0.9375423483994431
matched_hop5,spatial_knn,6,APOC1,0.5083594436381662,0.446590710488435,0.6618753473834778
matched_hop5,spatial_knn,6,TFF1,0.22930359601460368,0.18260866301228842,0.7623899806148119
matched_hop5,spatial_knn,6,SCGB2A2,-0.2536484593735678,-0.2368739059657089,1.190022242703142
matched_hop5,spatial_knn,6,SCGB1D2,-0.30009277653688693,-0.2634128599167466,1.3228997651961572
matched_hop5,spatial_knn,6,SERPINA3,0.06066059337894263,0.08778878804768957,0.4734041188400854
matched_hop5,spatial_knn,6,LINC00052,0.26667413511544863,0.2967322604195821,0.5467704310918938
matched_hop5,spatial_knn,6,AGR2,-0.020496812303157346,-0.055683279774370605,0.5186495795987871
matched_hop5,spatial_knn,6,C6orf141,0.00274936895856602,0.018967682651104167,0.2853022444591511
matched_hop5,spatial_knn,6,LYZ,0.20564822543500216,0.209748313554595,0.8054901895320405
matched_hop5,spatial_knn,6,CTSD,0.3506318910379733,0.41439780552210204,0.582621052944325
matched_hop5,spatial_knn,6,HEBP1,-0.026466132025504466,-0.06113001156935538,0.9129320872615284
matched_hop5,spatial_knn,6,IGHM,-0.048134703390547574,-0.10498365979274465,0.6518726977707359
matched_hop5,spatial_knn,6,HLA-DRB1,0.18926123094512845,0.16628568257173607,0.6785077803228904
matched_hop5,spatial_knn,6,C1QA,0.3552970042179204,0.3917689147552802,0.7530104459302361
matched_hop5,spatial_knn,6,IGHA1,-0.09373215522383746,-0.17657480030268904,0.5857154628506555
matched_hop5,spatial_knn,6,DEGS1,0.08597205595157491,0.02780751637517593,0.49150774550221266
matched_hop5,spatial_knn,6,AC087379.2,-0.10105270760296141,-0.07654154444994242,0.45289149161536685
matched_hop5,spatial_knn,6,AEBP1,0.26853380974323293,0.2614791929027584,0.5925120433503211
matched_hop5,spatial_knn,6,COL1A2,0.06664713524004592,0.08793489969780648,0.6196488488518249
matched_hop5,spatial_knn,6,GFRA1,-0.2322029783129554,-0.24583689820223936,0.5435446019554889
matched_hop5,spatial_knn,6,COL1A1,-0.13843444286750312,-0.15704750965453806,0.6939840304628826
matched_hop5,spatial_knn,6,HLA-E,0.15979303055902402,0.14516820329044985,0.5683586976366152
matched_hop5,spatial_knn,6,CFB,0.5425231069745323,0.539588832098069,0.4404510794974799
matched_hop5,spatial_knn,6,CCL19,0.0626737064355809,0.07558004320158992,0.7276926637570127
matched_hop5,spatial_knn,6,SNCG,0.3114718180285292,0.22154194828275436,0.5047064060774208
matched_hop5,spatial_knn,6,IGHG2,-0.07976310111239358,-0.030636909538428715,0.5571148537537419
matched_coord0.25,mean,6,CRISP3,0.0,,0.6419338583946228
matched_coord0.25,mean,6,CPB1,0.0,,1.3794668912887573
matched_coord0.25,mean,6,IGHG3,,,0.7419383525848389
matched_coord0.25,mean,6,CD74,0.0,,0.6000152230262756
matched_coord0.25,mean,6,IGLC2,0.0,,0.9095902442932129
matched_coord0.25,mean,6,HLA-B,0.0,,0.5622510313987732
matched_coord0.25,mean,6,IGKC,,,0.8236492872238159
matched_coord0.25,mean,6,MALAT1,0.0,,0.7114264965057373
matched_coord0.25,mean,6,ALB,,,0.4221542179584503
matched_coord0.25,mean,6,IGHG4,,,0.5562004446983337
matched_coord0.25,mean,6,TFF3,0.0,,0.5145289897918701
matched_coord0.25,mean,6,CXCL14,,,0.7136340141296387
matched_coord0.25,mean,6,IGHG1,,,0.702772855758667
matched_coord0.25,mean,6,SLITRK6,,,0.36348065733909607
matched_coord0.25,mean,6,APOE,0.0,,0.6708996891975403
matched_coord0.25,mean,6,MT-ND2,,,0.5812619924545288
matched_coord0.25,mean,6,CALML5,0.0,,0.7540708184242249
matched_coord0.25,mean,6,HLA-DRA,,,0.6519039869308472
matched_coord0.25,mean,6,S100G,0.0,,0.5334126353263855
matched_coord0.25,mean,6,LINC00645,0.0,,0.621656060218811
matched_coord0.25,mean,6,C3,,,0.6263541579246521
matched_coord0.25,mean,6,IGLC3,0.0,,0.6543125510215759
matched_coord0.25,mean,6,IGLC1,0.0,,0.6598218679428101
matched_coord0.25,mean,6,TIMP1,,,0.6896418929100037
matched_coord0.25,mean,6,APOC1,,,0.724380373954773
matched_coord0.25,mean,6,TFF1,,,0.7605660557746887
matched_coord0.25,mean,6,SCGB2A2,0.0,,0.7357502579689026
matched_coord0.25,mean,6,SCGB1D2,,,0.7298629879951477
matched_coord0.25,mean,6,SERPINA3,0.0,,0.4852113723754883
matched_coord0.25,mean,6,LINC00052,0.0,,0.40869757533073425
matched_coord0.25,mean,6,AGR2,0.0,,0.47699877619743347
matched_coord0.25,mean,6,C6orf141,,,0.31416746973991394
matched_coord0.25,mean,6,LYZ,,,0.8316124081611633
matched_coord0.25,mean,6,CTSD,,,0.49152764678001404
matched_coord0.25,mean,6,HEBP1,,,0.598818838596344
matched_coord0.25,mean,6,IGHM,,,0.6998046636581421
matched_coord0.25,mean,6,HLA-DRB1,,,0.6264171600341797
matched_coord0.25,mean,6,C1QA,,,0.6399940252304077
matched_coord0.25,mean,6,IGHA1,,,0.6386813521385193
matched_coord0.25,mean,6,DEGS1,,,0.6078059673309326
matched_coord0.25,mean,6,AC087379.2,,,0.30755165219306946
matched_coord0.25,mean,6,AEBP1,,,0.6427438855171204
matched_coord0.25,mean,6,COL1A2,0.0,,0.6716315746307373
matched_coord0.25,mean,6,GFRA1,,,0.5039839744567871
matched_coord0.25,mean,6,COL1A1,,,0.6917779445648193
matched_coord0.25,mean,6,HLA-E,0.0,,0.5270322561264038
matched_coord0.25,mean,6,CFB,,,0.6230864524841309
matched_coord0.25,mean,6,CCL19,,,0.5869920253753662
matched_coord0.25,mean,6,SNCG,,,0.8059901595115662
matched_coord0.25,mean,6,IGHG2,,,0.5092213153839111
matched_coord0.25,pca_ridge,6,CRISP3,0.03898528086668549,0.04808246136983472,0.5554981827735901
matched_coord0.25,pca_ridge,6,CPB1,0.01640023499068524,0.024406687422744003,1.2912739515304565
matched_coord0.25,pca_ridge,6,IGHG3,0.5725989702976989,0.5344402570456888,0.7144761681556702
matched_coord0.25,pca_ridge,6,CD74,0.7771738739488601,0.7852245126107779,0.3793847858905792
matched_coord0.25,pca_ridge,6,IGLC2,0.4739580209100656,0.5023261375549397,0.9758357405662537
matched_coord0.25,pca_ridge,6,HLA-B,0.5462620931450577,0.5606750576935221,0.40223202109336853
matched_coord0.25,pca_ridge,6,IGKC,0.5811361223717955,0.5810946487495781,0.7851995229721069
matched_coord0.25,pca_ridge,6,MALAT1,0.6056900885927274,0.5898233919447156,0.5150083899497986
matched_coord0.25,pca_ridge,6,ALB,0.05105084238500978,0.05950859760678918,0.5479656457901001
matched_coord0.25,pca_ridge,6,IGHG4,0.5203111233995671,0.47316616218898067,0.5303024053573608
matched_coord0.25,pca_ridge,6,TFF3,0.30234128984271624,0.30101462521249334,0.43658027052879333
matched_coord0.25,pca_ridge,6,CXCL14,0.18285075232404868,0.17489990338199085,0.5601260662078857
matched_coord0.25,pca_ridge,6,IGHG1,0.5328514687365744,0.5053953260295488,0.6892503499984741
matched_coord0.25,pca_ridge,6,SLITRK6,0.014550652935078626,0.04334032368514626,0.32592418789863586
matched_coord0.25,pca_ridge,6,APOE,0.8602498665367488,0.862145311523615,0.34153684973716736
matched_coord0.25,pca_ridge,6,MT-ND2,0.5284096912219881,0.5347403838510609,0.4984823763370514
matched_coord0.25,pca_ridge,6,CALML5,0.3587850906917419,0.37589007214311476,0.6961986422538757
matched_coord0.25,pca_ridge,6,HLA-DRA,0.7098224377336577,0.700129447654528,0.4175320863723755
matched_coord0.25,pca_ridge,6,S100G,0.28597430940489027,0.2700857631972584,0.6143273711204529
matched_coord0.25,pca_ridge,6,LINC00645,0.24031545932809034,0.22212084601779658,0.5503811836242676
matched_coord0.25,pca_ridge,6,C3,0.7171915833446584,0.6916516409571137,0.43888184428215027
matched_coord0.25,pca_ridge,6,IGLC3,0.31327662276305646,0.3155700509673787,0.72463059425354
matched_coord0.25,pca_ridge,6,IGLC1,0.2620518539410484,0.2383098224386561,0.6838338971138
matched_coord0.25,pca_ridge,6,TIMP1,0.6997763749967689,0.7043855166310522,0.5059632658958435
matched_coord0.25,pca_ridge,6,APOC1,0.7288313967640432,0.7233667496642273,0.45735734701156616
matched_coord0.25,pca_ridge,6,TFF1,0.3515945503351582,0.3140011201490327,0.6648860573768616
matched_coord0.25,pca_ridge,6,SCGB2A2,0.29750192166278333,0.27988029193268915,0.6374562978744507
matched_coord0.25,pca_ridge,6,SCGB1D2,0.24668030233421193,0.23718189685882618,0.6279316544532776
matched_coord0.25,pca_ridge,6,SERPINA3,0.06792906651659307,0.03831251486197914,0.5451127886772156
matched_coord0.25,pca_ridge,6,LINC00052,0.26767943821968226,0.2666610591198675,0.3850180208683014
matched_coord0.25,pca_ridge,6,AGR2,0.39957098159976545,0.36862343066582015,0.4218406081199646
matched_coord0.25,pca_ridge,6,C6orf141,0.05322521385251644,0.09672688111551171,0.3065403699874878
matched_coord0.25,pca_ridge,6,LYZ,0.7405372145811289,0.74807259951291,0.5082358121871948
matched_coord0.25,pca_ridge,6,CTSD,0.7538650717932248,0.7439321953204293,0.3404555022716522
matched_coord0.25,pca_ridge,6,HEBP1,0.44833988226907695,0.4431510343088985,0.4978858530521393
matched_coord0.25,pca_ridge,6,IGHM,0.30326638926995675,0.2846485770208247,0.6994045972824097
matched_coord0.25,pca_ridge,6,HLA-DRB1,0.688671792263262,0.6986730880238999,0.3940223455429077
matched_coord0.25,pca_ridge,6,C1QA,0.7928389980867159,0.7853308445260727,0.37918832898139954
matched_coord0.25,pca_ridge,6,IGHA1,0.23327980086210148,0.21573418242690806,0.7242682576179504
matched_coord0.25,pca_ridge,6,DEGS1,0.27283305373745026,0.21455718970924817,0.5259232521057129
matched_coord0.25,pca_ridge,6,AC087379.2,0.1797122939928381,0.19289944055140998,0.4104859530925751
matched_coord0.25,pca_ridge,6,AEBP1,0.67341636542889,0.6395329402158458,0.4553031325340271
matched_coord0.25,pca_ridge,6,COL1A2,0.713701603060551,0.6879120713243867,0.428083211183548
matched_coord0.25,pca_ridge,6,GFRA1,0.28588692884094197,0.293405043262434,0.47773805260658264
matched_coord0.25,pca_ridge,6,COL1A1,0.6987272023828464,0.6807271839947997,0.47078314423561096
matched_coord0.25,pca_ridge,6,HLA-E,0.6552250246202243,0.677543687685104,0.384743332862854
matched_coord0.25,pca_ridge,6,CFB,0.1962371600537489,0.1860567717855255,0.5852776765823364
matched_coord0.25,pca_ridge,6,CCL19,0.47011608067748273,0.4381831011638883,0.5180966854095459
matched_coord0.25,pca_ridge,6,SNCG,0.22077868607270962,0.20032942382917243,0.6253132224082947
matched_coord0.25,pca_ridge,6,IGHG2,0.24916841546813057,0.18990403883786966,0.5213831067085266
matched_coord0.25,spatial_knn,6,CRISP3,0.12086609606250615,0.07105476541982447,0.4575318704102241
matched_coord0.25,spatial_knn,6,CPB1,0.60031662391067,0.5993506087610766,1.0803409649268776
matched_coord0.25,spatial_knn,6,IGHG3,-0.07990735395409444,-0.14395419844517898,0.7774290717424127
matched_coord0.25,spatial_knn,6,CD74,0.32069742118004263,0.332749661281448,0.5576179060468927
matched_coord0.25,spatial_knn,6,IGLC2,0.01063507851987959,0.04788758280530271,1.0117696259516842
matched_coord0.25,spatial_knn,6,HLA-B,0.3439444806659572,0.3459772071623942,0.4555318078926156
matched_coord0.25,spatial_knn,6,IGKC,-0.1338724846518271,-0.158511693587415,0.9139193722455558
matched_coord0.25,spatial_knn,6,MALAT1,0.13293391219293738,0.0858308474896998,0.7628364003106645
matched_coord0.25,spatial_knn,6,ALB,0.07693437668800228,0.03989300662925693,0.6019141469544753
matched_coord0.25,spatial_knn,6,IGHG4,-0.0210833291021581,-0.02437664979807273,0.6003550936410282
matched_coord0.25,spatial_knn,6,TFF3,0.1164985453468177,0.10127188709435636,0.44913069084817614
matched_coord0.25,spatial_knn,6,CXCL14,0.13514004415866115,0.07864404009383108,0.6193699501350941
matched_coord0.25,spatial_knn,6,IGHG1,-0.04168957917999225,0.02014312278600411,0.7961208157721021
matched_coord0.25,spatial_knn,6,SLITRK6,-0.0209267412373667,0.00014440919813947612,0.2693378169293939
matched_coord0.25,spatial_knn,6,APOE,0.2864146795808977,0.3532479773855816,0.6941063693743383
matched_coord0.25,spatial_knn,6,MT-ND2,0.24270780429164762,0.2073564560649359,0.829544135218216
matched_coord0.25,spatial_knn,6,CALML5,0.7531904647082593,0.7505119529016185,0.4380154352583803
matched_coord0.25,spatial_knn,6,HLA-DRA,0.31090383191210774,0.2931151189310981,0.563856118132874
matched_coord0.25,spatial_knn,6,S100G,0.09341767346642021,0.06070103155016098,0.7885062668504785
matched_coord0.25,spatial_knn,6,LINC00645,0.4163721475934483,0.34794416087192004,0.5875109992276965
matched_coord0.25,spatial_knn,6,C3,-0.0539741525334282,-0.06714935982286381,0.7275943708182828
matched_coord0.25,spatial_knn,6,IGLC3,-0.08012433108039005,-0.07333823092235332,0.7682869569685106
matched_coord0.25,spatial_knn,6,IGLC1,0.05666427987859197,0.09656998517468864,0.8790223746647062
matched_coord0.25,spatial_knn,6,TIMP1,-0.11240186156665805,-0.08010111173904891,0.87131822265631
matched_coord0.25,spatial_knn,6,APOC1,0.3770173492669766,0.3112899043097222,0.625711033177338
matched_coord0.25,spatial_knn,6,TFF1,0.39913196103531084,0.398240682605285,0.6846685241975138
matched_coord0.25,spatial_knn,6,SCGB2A2,-0.1529283076859315,-0.17335515625065526,1.0266962929638244
matched_coord0.25,spatial_knn,6,SCGB1D2,-0.2559339863061477,-0.29430173668626264,1.1150824545537632
matched_coord0.25,spatial_knn,6,SERPINA3,0.2248275507759328,0.24755295132180827,0.4695757992173665
matched_coord0.25,spatial_knn,6,LINC00052,0.43504351212235803,0.4650243979645057,0.4530958598696162
matched_coord0.25,spatial_knn,6,AGR2,0.21373368388872976,0.12840320433593314,0.49153197217643396
matched_coord0.25,spatial_knn,6,C6orf141,0.028444708223771317,0.024068742874094218,0.28826977431435097
matched_coord0.25,spatial_knn,6,LYZ,0.23439843238063374,0.23677119229364146,0.7545333097607411
matched_coord0.25,spatial_knn,6,CTSD,0.22789254315949525,0.2930093354752233,0.5175029013356903
matched_coord0.25,spatial_knn,6,HEBP1,0.07874525951758007,0.027345606545140854,0.7893750599371092
matched_coord0.25,spatial_knn,6,IGHM,0.16472390966097328,0.07080919605587016,0.7286705481390824
matched_coord0.25,spatial_knn,6,HLA-DRB1,0.11306734583436885,0.08594291742519691,0.6072126584181954
matched_coord0.25,spatial_knn,6,C1QA,0.2513560617192781,0.2963062347844366,0.691307100191259
matched_coord0.25,spatial_knn,6,IGHA1,-0.01288388789911632,-0.06058279203747258,0.66896616991741
matched_coord0.25,spatial_knn,6,DEGS1,0.33007624446539735,0.2381553128147269,0.5093401454203491
matched_coord0.25,spatial_knn,6,AC087379.2,0.02043847336580003,0.023291994456158968,0.42612550793212967
matched_coord0.25,spatial_knn,6,AEBP1,0.1988154767613187,0.21155095956127837,0.5826158037973796
matched_coord0.25,spatial_knn,6,COL1A2,0.08089165262166828,0.09404094856473671,0.6251922758705558
matched_coord0.25,spatial_knn,6,GFRA1,-0.015060847325632693,-0.026834144928974735,0.5233264435209088
matched_coord0.25,spatial_knn,6,COL1A1,-0.027733564432681143,-0.04496589900382744,0.6867451223297361
matched_coord0.25,spatial_knn,6,HLA-E,0.23048347906802463,0.2512788829602448,0.5262014634684493
matched_coord0.25,spatial_knn,6,CFB,0.5687910756395818,0.6301624779626053,0.5022217846098467
matched_coord0.25,spatial_knn,6,CCL19,0.10075123569223932,0.1011460364594471,0.6404609737272333
matched_coord0.25,spatial_knn,6,SNCG,0.523887742734542,0.5102763686415223,0.489710393986441
matched_coord0.25,spatial_knn,6,IGHG2,-0.03056838828447828,0.006432399811499143,0.5563447609173123
matched_coord0.5,mean,6,CRISP3,0.0,,0.6426100134849548
matched_coord0.5,mean,6,CPB1,0.0,,1.0772643089294434
matched_coord0.5,mean,6,IGHG3,,,0.7164320945739746
matched_coord0.5,mean,6,CD74,0.0,,0.6288959383964539
matched_coord0.5,mean,6,IGLC2,0.0,,0.8775886297225952
matched_coord0.5,mean,6,HLA-B,0.0,,0.5742074847221375
matched_coord0.5,mean,6,IGKC,,,0.802651047706604
matched_coord0.5,mean,6,MALAT1,,,0.6975277066230774
matched_coord0.5,mean,6,ALB,,,0.43054625391960144
matched_coord0.5,mean,6,IGHG4,,,0.5254862904548645
matched_coord0.5,mean,6,TFF3,0.0,,0.5365732312202454
matched_coord0.5,mean,6,CXCL14,0.0,,0.722430408000946
matched_coord0.5,mean,6,IGHG1,,,0.6670939922332764
matched_coord0.5,mean,6,SLITRK6,,,0.36131468415260315
matched_coord0.5,mean,6,APOE,0.0,,0.6858524680137634
matched_coord0.5,mean,6,MT-ND2,,,0.5528954267501831
matched_coord0.5,mean,6,CALML5,0.0,,0.8990010023117065
matched_coord0.5,mean,6,HLA-DRA,0.0,,0.6937938332557678
matched_coord0.5,mean,6,S100G,0.0,,0.5371023416519165
matched_coord0.5,mean,6,LINC00645,,,0.4416530430316925
matched_coord0.5,mean,6,C3,,,0.6576340794563293
matched_coord0.5,mean,6,IGLC3,0.0,,0.6439781785011292
matched_coord0.5,mean,6,IGLC1,,,0.624880850315094
matched_coord0.5,mean,6,TIMP1,,,0.7015412449836731
matched_coord0.5,mean,6,APOC1,,,0.7322778701782227
matched_coord0.5,mean,6,TFF1,,,0.8915325999259949
matched_coord0.5,mean,6,SCGB2A2,,,0.683484673500061
matched_coord0.5,mean,6,SCGB1D2,,,0.6966557502746582
matched_coord0.5,mean,6,SERPINA3,0.0,,0.4543403387069702
matched_coord0.5,mean,6,LINC00052,0.0,,0.3439423143863678
matched_coord0.5,mean,6,AGR2,,,0.48242267966270447
matched_coord0.5,mean,6,C6orf141,,,0.29909175634384155
matched_coord0.5,mean,6,LYZ,,,0.8676788806915283
matched_coord0.5,mean,6,CTSD,,,0.5145155787467957
matched_coord0.5,mean,6,HEBP1,0.0,,0.49558117985725403
matched_coord0.5,mean,6,IGHM,,,0.6019927859306335
matched_coord0.5,mean,6,HLA-DRB1,,,0.6973422765731812
matched_coord0.5,mean,6,C1QA,,,0.660473644733429
matched_coord0.5,mean,6,IGHA1,,,0.621635913848877
matched_coord0.5,mean,6,DEGS1,0.0,,0.6367684602737427
matched_coord0.5,mean,6,AC087379.2,,,0.2998806834220886
matched_coord0.5,mean,6,AEBP1,,,0.6284903883934021
matched_coord0.5,mean,6,COL1A2,,,0.6570230722427368
matched_coord0.5,mean,6,GFRA1,0.0,,0.5079512000083923
matched_coord0.5,mean,6,COL1A1,,,0.6781471967697144
matched_coord0.5,mean,6,HLA-E,0.0,,0.5383806824684143
matched_coord0.5,mean,6,CFB,,,0.5291182398796082
matched_coord0.5,mean,6,CCL19,0.0,,0.6768210530281067
matched_coord0.5,mean,6,SNCG,0.0,,0.8641235828399658
matched_coord0.5,mean,6,IGHG2,0.0,,0.5106903314590454
matched_coord0.5,pca_ridge,6,CRISP3,0.09032551965604092,0.10084981001949371,0.5268471240997314
matched_coord0.5,pca_ridge,6,CPB1,0.06326552456519247,0.09973572903444008,1.0310899019241333
matched_coord0.5,pca_ridge,6,IGHG3,0.5828942979945729,0.5539597363565674,0.7211921215057373
matched_coord0.5,pca_ridge,6,CD74,0.7566214501365034,0.7513694156426972,0.40120676159858704
matched_coord0.5,pca_ridge,6,IGLC2,0.49655923234444826,0.5275306470954712,1.0083839893341064
matched_coord0.5,pca_ridge,6,HLA-B,0.47078517625205835,0.49008767349275073,0.40099143981933594
matched_coord0.5,pca_ridge,6,IGKC,0.5416224322624963,0.5411857282927445,0.8378074169158936
matched_coord0.5,pca_ridge,6,MALAT1,0.5813584016754763,0.5813754725052424,0.5159225463867188
matched_coord0.5,pca_ridge,6,ALB,0.05169673234923841,0.054143926751476563,0.5523222088813782
matched_coord0.5,pca_ridge,6,IGHG4,0.46015197689937326,0.41964535556973254,0.5534706115722656
matched_coord0.5,pca_ridge,6,TFF3,0.3076358424533126,0.3291064603535369,0.4611862897872925
matched_coord0.5,pca_ridge,6,CXCL14,0.10383099723987266,0.12714097420034823,0.5543931126594543
matched_coord0.5,pca_ridge,6,IGHG1,0.506573687388141,0.4802837755042888,0.7040788531303406
matched_coord0.5,pca_ridge,6,SLITRK6,-0.027587567276990587,-0.002877566333114464,0.3258708715438843
matched_coord0.5,pca_ridge,6,APOE,0.8771103560269815,0.886678637965534,0.32269543409347534
matched_coord0.5,pca_ridge,6,MT-ND2,0.4442226650180185,0.42722582202419157,0.49902334809303284
matched_coord0.5,pca_ridge,6,CALML5,0.349341145119282,0.3250698376533118,0.8201033473014832
matched_coord0.5,pca_ridge,6,HLA-DRA,0.6196361446562564,0.6037939222482754,0.4611183702945709
matched_coord0.5,pca_ridge,6,S100G,0.27170687052438747,0.2439378603701457,0.6015604138374329
matched_coord0.5,pca_ridge,6,LINC00645,0.11553138738799766,0.12064077398784656,0.4045892059803009
matched_coord0.5,pca_ridge,6,C3,0.7518278463656993,0.7338673738345867,0.43478071689605713
matched_coord0.5,pca_ridge,6,IGLC3,0.27585580263955106,0.30486042246009265,0.7627707719802856
matched_coord0.5,pca_ridge,6,IGLC1,0.27092935475997704,0.27751615596238366,0.6676223278045654
matched_coord0.5,pca_ridge,6,TIMP1,0.7341138728518274,0.7592839687150681,0.5127120018005371
matched_coord0.5,pca_ridge,6,APOC1,0.7364904372627888,0.7382250993985117,0.4347217381000519
matched_coord0.5,pca_ridge,6,TFF1,0.3856599882450947,0.34118252811239197,0.7728856801986694
matched_coord0.5,pca_ridge,6,SCGB2A2,0.2910338963966123,0.24273144257064097,0.6613902449607849
matched_coord0.5,pca_ridge,6,SCGB1D2,0.2773316896003081,0.23401098420097538,0.6589280366897583
matched_coord0.5,pca_ridge,6,SERPINA3,0.05803283487325909,0.0560723625184768,0.5182019472122192
matched_coord0.5,pca_ridge,6,LINC00052,0.11207841778864416,0.132937682725786,0.3255634605884552
matched_coord0.5,pca_ridge,6,AGR2,0.2556284939151955,0.22453454830576552,0.4361979067325592
matched_coord0.5,pca_ridge,6,C6orf141,0.10804053651301936,0.11129520977190403,0.28609567880630493
matched_coord0.5,pca_ridge,6,LYZ,0.7046984073880853,0.713723770988562,0.5132405757904053
matched_coord0.5,pca_ridge,6,CTSD,0.7938880562092532,0.787172619583056,0.33856499195098877
matched_coord0.5,pca_ridge,6,HEBP1,0.3888165780661148,0.38360393695364764,0.4659424424171448
matched_coord0.5,pca_ridge,6,IGHM,0.233878521248129,0.2545793016825387,0.6751767992973328
matched_coord0.5,pca_ridge,6,HLA-DRB1,0.630427501165892,0.6357370106618679,0.43549495935440063
matched_coord0.5,pca_ridge,6,C1QA,0.8153496261574891,0.8108705898227173,0.36199846863746643
matched_coord0.5,pca_ridge,6,IGHA1,0.24305013577831774,0.21761701184379226,0.7467842102050781
matched_coord0.5,pca_ridge,6,DEGS1,0.023830321629853636,0.021912031451944564,0.535426676273346
matched_coord0.5,pca_ridge,6,AC087379.2,0.20099840490312493,0.19038622513570833,0.4072519838809967
matched_coord0.5,pca_ridge,6,AEBP1,0.7310586459744053,0.6908673547356549,0.41896313428878784
matched_coord0.5,pca_ridge,6,COL1A2,0.7079711318404108,0.6771612929502518,0.42734864354133606
matched_coord0.5,pca_ridge,6,GFRA1,0.23749376471623193,0.2537277446082901,0.4680764973163605
matched_coord0.5,pca_ridge,6,COL1A1,0.6741908698948587,0.6594713313503606,0.4816266894340515
matched_coord0.5,pca_ridge,6,HLA-E,0.6322072139668347,0.6633638566373222,0.3879562318325043
matched_coord0.5,pca_ridge,6,CFB,0.12395666957415206,0.0884084245674557,0.5278545022010803
matched_coord0.5,pca_ridge,6,CCL19,0.4713836581112133,0.4703327011205291,0.5899753570556641
matched_coord0.5,pca_ridge,6,SNCG,0.06967456211189828,0.06449997301450978,0.6747381687164307
matched_coord0.5,pca_ridge,6,IGHG2,0.18752513046697952,0.1533809612779701,0.5426998734474182
matched_coord0.5,spatial_knn,6,CRISP3,0.03584636735280051,0.03464451664090939,0.41512795591260326
matched_coord0.5,spatial_knn,6,CPB1,0.5120601563407903,0.4824879041932436,0.9027836821917532
matched_coord0.5,spatial_knn,6,IGHG3,-0.251506540384,-0.36099219354374434,0.7583031457086418
matched_coord0.5,spatial_knn,6,CD74,0.3977517570387775,0.39995869639526727,0.6210242825186207
matched_coord0.5,spatial_knn,6,IGLC2,-0.12849211673428698,-0.027849200854532463,0.9418552174909769
matched_coord0.5,spatial_knn,6,HLA-B,0.19872707525785263,0.24631944162797798,0.45614866841324164
matched_coord0.5,spatial_knn,6,IGKC,-0.2875124729779796,-0.35561754011422086,0.8871240812259568
matched_coord0.5,spatial_knn,6,MALAT1,-0.08811786325755011,-0.09281529667632168,0.707393147428276
matched_coord0.5,spatial_knn,6,ALB,0.11902074631932409,0.047572306450123836,0.6758472946381933
matched_coord0.5,spatial_knn,6,IGHG4,-0.12060192742352158,-0.15337099611685517,0.5672079320083085
matched_coord0.5,spatial_knn,6,TFF3,-0.05078584760668713,-0.06371268432951731,0.4955412596740022
matched_coord0.5,spatial_knn,6,CXCL14,-0.053467845930970835,-0.08843793311779834,0.5402588388138408
matched_coord0.5,spatial_knn,6,IGHG1,-0.11393454315071559,-0.0002751699619597049,0.7431945242242479
matched_coord0.5,spatial_knn,6,SLITRK6,-0.004853735629446472,-0.010668542710244719,0.2546410148989026
matched_coord0.5,spatial_knn,6,APOE,0.3559855615404518,0.37756991878207097,0.7361655421745703
matched_coord0.5,spatial_knn,6,MT-ND2,0.06221677959328748,0.03456365852488411,0.8058822254166212
matched_coord0.5,spatial_knn,6,CALML5,0.6957900428750863,0.6166378316032296,0.5027003168131681
matched_coord0.5,spatial_knn,6,HLA-DRA,0.3149412136535873,0.31892585890508723,0.6207830309022248
matched_coord0.5,spatial_knn,6,S100G,-0.021838540741473168,-0.047559773703232056,0.8528691370524883
matched_coord0.5,spatial_knn,6,LINC00645,0.06492214395964695,0.04206203590371669,0.6227296296505408
matched_coord0.5,spatial_knn,6,C3,-0.15471144905056053,-0.12973078796632256,0.8235216264016048
matched_coord0.5,spatial_knn,6,IGLC3,-0.17128399601844785,-0.18348676396849095,0.72844171735708
matched_coord0.5,spatial_knn,6,IGLC1,0.06647128780689078,0.14413001233692826,0.7496149780649747
matched_coord0.5,spatial_knn,6,TIMP1,-0.1972218876106608,-0.11330208322996865,0.9610473733376482
matched_coord0.5,spatial_knn,6,APOC1,0.4545765826503035,0.3967551058551671,0.6206485628305404
matched_coord0.5,spatial_knn,6,TFF1,0.2237022353121344,0.14438664972752402,0.785671345301559
matched_coord0.5,spatial_knn,6,SCGB2A2,-0.41070021670841667,-0.3885026699289811,1.2311348437549055
matched_coord0.5,spatial_knn,6,SCGB1D2,-0.48126553274117345,-0.4343089771445746,1.353384695815035
matched_coord0.5,spatial_knn,6,SERPINA3,0.08649591680676569,0.10624212614872147,0.4464371154709543
matched_coord0.5,spatial_knn,6,LINC00052,0.2326889877779929,0.26560519180281356,0.5585464268801801
matched_coord0.5,spatial_knn,6,AGR2,-0.03588461810861757,-0.07904812557168672,0.5121820089709461
matched_coord0.5,spatial_knn,6,C6orf141,-0.012935690778929502,-0.009000962549021925,0.2807201683188707
matched_coord0.5,spatial_knn,6,LYZ,0.1196674186304351,0.1211427811822036,0.8120769239747782
matched_coord0.5,spatial_knn,6,CTSD,0.2918245482310905,0.3503078530321294,0.5616599947128373
matched_coord0.5,spatial_knn,6,HEBP1,-0.22795965756487782,-0.2410379739372463,0.9414253806566776
matched_coord0.5,spatial_knn,6,IGHM,-0.10207557152113411,-0.16546761776223995,0.6558076223582159
matched_coord0.5,spatial_knn,6,HLA-DRB1,0.015378167031131654,0.0013106648460888643,0.6922582836972048
matched_coord0.5,spatial_knn,6,C1QA,0.29161348225670974,0.3212516156282308,0.7532866680318792
matched_coord0.5,spatial_knn,6,IGHA1,-0.09656453311965084,-0.1899084409374186,0.5996903913576082
matched_coord0.5,spatial_knn,6,DEGS1,0.14039300495528642,0.08039419338310601,0.4917932613414633
matched_coord0.5,spatial_knn,6,AC087379.2,-0.15852917914754217,-0.1113782611547855,0.45338167148423225
matched_coord0.5,spatial_knn,6,AEBP1,0.25624260213312616,0.2584683500854167,0.576488621198028
matched_coord0.5,spatial_knn,6,COL1A2,0.07447259030443928,0.07275012793373034,0.6007113034513285
matched_coord0.5,spatial_knn,6,GFRA1,-0.292066926742253,-0.2926102505244653,0.545728817448046
matched_coord0.5,spatial_knn,6,COL1A1,-0.056619611503868766,-0.07080819635428849,0.6746964187646654
matched_coord0.5,spatial_knn,6,HLA-E,0.17922255346008759,0.23036108280849715,0.567377662831537
matched_coord0.5,spatial_knn,6,CFB,0.5542668490720108,0.5593631336368251,0.44515197010591534
matched_coord0.5,spatial_knn,6,CCL19,0.11189054766995317,0.12550383916675423,0.7545205205592802
matched_coord0.5,spatial_knn,6,SNCG,0.3951692735088521,0.2909158647064173,0.484149538855436
matched_coord0.5,spatial_knn,6,IGHG2,-0.1034063256480036,-0.08345295536479308,0.5527676214783279
matched_coord1.0,mean,6,CRISP3,,,0.6964411735534668
matched_coord1.0,mean,6,CPB1,,,0.6227497458457947
matched_coord1.0,mean,6,IGHG3,,,0.7278399467468262
matched_coord1.0,mean,6,CD74,,,0.7219985127449036
matched_coord1.0,mean,6,IGLC2,,,0.8106127381324768
matched_coord1.0,mean,6,HLA-B,,,0.5328903794288635
matched_coord1.0,mean,6,IGKC,,,0.8407605290412903
matched_coord1.0,mean,6,MALAT1,,,0.5770252346992493
matched_coord1.0,mean,6,ALB,,,0.3826543986797333
matched_coord1.0,mean,6,IGHG4,,,0.5971547961235046
matched_coord1.0,mean,6,TFF3,,,0.4930000901222229
matched_coord1.0,mean,6,CXCL14,,,0.7071595191955566
matched_coord1.0,mean,6,IGHG1,,,0.6668334007263184
matched_coord1.0,mean,6,SLITRK6,,,0.36638376116752625
matched_coord1.0,mean,6,APOE,,,0.6301923990249634
matched_coord1.0,mean,6,MT-ND2,,,0.4980145990848541
matched_coord1.0,mean,6,CALML5,,,0.9510735869407654
matched_coord1.0,mean,6,HLA-DRA,,,0.7397210597991943
matched_coord1.0,mean,6,S100G,,,0.4960751235485077
matched_coord1.0,mean,6,LINC00645,,,0.4526735246181488
matched_coord1.0,mean,6,C3,0.0,,0.8116185665130615
matched_coord1.0,mean,6,IGLC3,0.0,,0.5535722970962524
matched_coord1.0,mean,6,IGLC1,0.0,,0.5766075253486633
matched_coord1.0,mean,6,TIMP1,,,0.8759275674819946
matched_coord1.0,mean,6,APOC1,,,0.6190908551216125
matched_coord1.0,mean,6,TFF1,,,0.822538435459137
matched_coord1.0,mean,6,SCGB2A2,,,0.5492616891860962
matched_coord1.0,mean,6,SCGB1D2,0.0,,0.47428077459335327
matched_coord1.0,mean,6,SERPINA3,,,0.41802194714546204
matched_coord1.0,mean,6,LINC00052,,,0.27961429953575134
matched_coord1.0,mean,6,AGR2,,,0.5119642615318298
matched_coord1.0,mean,6,C6orf141,,,0.29499587416648865
matched_coord1.0,mean,6,LYZ,,,0.8259690403938293
matched_coord1.0,mean,6,CTSD,,,0.4162217080593109
matched_coord1.0,mean,6,HEBP1,,,0.4684220254421234
matched_coord1.0,mean,6,IGHM,,,0.5774919390678406
matched_coord1.0,mean,6,HLA-DRB1,,,0.8350083231925964
matched_coord1.0,mean,6,C1QA,,,0.6664731502532959
matched_coord1.0,mean,6,IGHA1,0.0,,0.6166389584541321
matched_coord1.0,mean,6,DEGS1,0.0,,0.692773163318634
matched_coord1.0,mean,6,AC087379.2,,,0.2810411751270294
matched_coord1.0,mean,6,AEBP1,,,0.5743095278739929
matched_coord1.0,mean,6,COL1A2,,,0.5933029055595398
matched_coord1.0,mean,6,GFRA1,0.0,,0.5185508728027344
matched_coord1.0,mean,6,COL1A1,,,0.6164869666099548
matched_coord1.0,mean,6,HLA-E,,,0.6467882394790649
matched_coord1.0,mean,6,CFB,,,0.4340461790561676
matched_coord1.0,mean,6,CCL19,0.0,,0.9669257402420044
matched_coord1.0,mean,6,SNCG,,,1.0442100763320923
matched_coord1.0,mean,6,IGHG2,0.0,,0.5154485106468201
matched_coord1.0,pca_ridge,6,CRISP3,0.02774646089151681,0.01678455540539129,0.5273984670639038
matched_coord1.0,pca_ridge,6,CPB1,0.42338316484220434,0.2973067723676993,0.610161304473877
matched_coord1.0,pca_ridge,6,IGHG3,0.4454131523645909,0.48240043878745387,0.8839845657348633
matched_coord1.0,pca_ridge,6,CD74,0.6804527242254225,0.6720063782506176,0.4197990298271179
matched_coord1.0,pca_ridge,6,IGLC2,0.5572953928148819,0.6176216136747884,1.0941762924194336
matched_coord1.0,pca_ridge,6,HLA-B,0.3493299314654543,0.38607076013141006,0.3759027123451233
matched_coord1.0,pca_ridge,6,IGKC,0.44876860332061613,0.5531605701975109,0.9993013739585876
matched_coord1.0,pca_ridge,6,MALAT1,0.5627692202000503,0.5426319330962223,0.4776092767715454
matched_coord1.0,pca_ridge,6,ALB,-0.0033012332307695547,0.034962383460954614,0.47888028621673584
matched_coord1.0,pca_ridge,6,IGHG4,0.4392578263813012,0.5204776902590317,0.6909269690513611
matched_coord1.0,pca_ridge,6,TFF3,0.16300060616515388,0.08363537667301853,0.5052634477615356
matched_coord1.0,pca_ridge,6,CXCL14,0.18654325441697647,0.25460487813254673,0.5697564482688904
matched_coord1.0,pca_ridge,6,IGHG1,0.46322374625800644,0.5775652950789083,0.8483211994171143
matched_coord1.0,pca_ridge,6,SLITRK6,-0.06495631940540288,-0.008943932902985136,0.31384119391441345
matched_coord1.0,pca_ridge,6,APOE,0.8455873248545605,0.8504390701777202,0.28297239542007446
matched_coord1.0,pca_ridge,6,MT-ND2,0.4643920738476733,0.4573284855612917,0.4838283360004425
matched_coord1.0,pca_ridge,6,CALML5,0.4186770373607555,0.2319190502722012,0.8765507936477661
matched_coord1.0,pca_ridge,6,HLA-DRA,0.4469742168254265,0.4501812260038111,0.47916239500045776
matched_coord1.0,pca_ridge,6,S100G,0.2783920923787089,0.25245831190934115,0.5773228406906128
matched_coord1.0,pca_ridge,6,LINC00645,-0.04474211630501237,-0.018907258466054462,0.4096153676509857
matched_coord1.0,pca_ridge,6,C3,0.7751036483934062,0.8012224980350691,0.475131094455719
matched_coord1.0,pca_ridge,6,IGLC3,0.35787216164045627,0.33460139344622486,0.7794466018676758
matched_coord1.0,pca_ridge,6,IGLC1,0.26315497834810714,0.31632440417605096,0.6900139451026917
matched_coord1.0,pca_ridge,6,TIMP1,0.7485277622774181,0.7262780532764871,0.5791860818862915
matched_coord1.0,pca_ridge,6,APOC1,0.6512583516982077,0.6412347117064648,0.3714030683040619
matched_coord1.0,pca_ridge,6,TFF1,0.41483723878303225,0.3694465962872701,0.7780592441558838
matched_coord1.0,pca_ridge,6,SCGB2A2,0.07190689117576783,-0.01685695062098796,0.6891012787818909
matched_coord1.0,pca_ridge,6,SCGB1D2,0.0723026710836325,0.04002307442316555,0.560361921787262
matched_coord1.0,pca_ridge,6,SERPINA3,0.10654719267431931,0.048532380365392334,0.4607209265232086
matched_coord1.0,pca_ridge,6,LINC00052,0.10474492840689065,0.20035378155704386,0.27212828397750854
matched_coord1.0,pca_ridge,6,AGR2,0.18759603209267867,0.24993355988939844,0.4656284749507904
matched_coord1.0,pca_ridge,6,C6orf141,-0.03290105473826426,0.002530778270587787,0.28278955817222595
matched_coord1.0,pca_ridge,6,LYZ,0.6086150885829263,0.5620833356893656,0.46842440962791443
matched_coord1.0,pca_ridge,6,CTSD,0.7882583729959957,0.790309356463916,0.26058217883110046
matched_coord1.0,pca_ridge,6,HEBP1,0.13905170347618226,0.11719567313652314,0.551418125629425
matched_coord1.0,pca_ridge,6,IGHM,0.11084203547882696,0.1453298234945719,0.7995912432670593
matched_coord1.0,pca_ridge,6,HLA-DRB1,0.5285147366402343,0.5579668760708166,0.5007708668708801
matched_coord1.0,pca_ridge,6,C1QA,0.7682466881195246,0.7883642162046016,0.3422386348247528
matched_coord1.0,pca_ridge,6,IGHA1,0.11188943985423759,0.11666412219443227,0.8880416750907898
matched_coord1.0,pca_ridge,6,DEGS1,0.044152567950730325,0.03158132766683881,0.5518508553504944
matched_coord1.0,pca_ridge,6,AC087379.2,0.12500097401260687,0.1666251698198111,0.38711991906166077
matched_coord1.0,pca_ridge,6,AEBP1,0.6207273817962548,0.6013322100028867,0.5262969732284546
matched_coord1.0,pca_ridge,6,COL1A2,0.638802631498878,0.64720583994436,0.47072580456733704
matched_coord1.0,pca_ridge,6,GFRA1,0.17473013519313266,0.18824268526509508,0.4427192509174347
matched_coord1.0,pca_ridge,6,COL1A1,0.6253296748613615,0.5985999513714934,0.5005232691764832
matched_coord1.0,pca_ridge,6,HLA-E,0.5939415538610169,0.5646957042934447,0.42773187160491943
matched_coord1.0,pca_ridge,6,CFB,0.23217789731545121,0.1544746707680477,0.4333283305168152
matched_coord1.0,pca_ridge,6,CCL19,0.5147764867836296,0.5487464934794654,0.8020621538162231
matched_coord1.0,pca_ridge,6,SNCG,0.12335511297193007,0.15169266783902835,0.8325450420379639
matched_coord1.0,pca_ridge,6,IGHG2,0.2876493628093467,0.2739420575683878,0.55777508020401
matched_coord1.0,spatial_knn,6,CRISP3,-0.010675978529780718,0.021628114798401793,0.380059638144038
matched_coord1.0,spatial_knn,6,CPB1,0.5029978177769585,0.4312047995205003,0.5425424462959791
matched_coord1.0,spatial_knn,6,IGHG3,-0.25832868890308897,-0.23269871247547372,0.7693108463180143
matched_coord1.0,spatial_knn,6,CD74,0.03360304628008672,-0.08372584831298664,0.8191798586775196
matched_coord1.0,spatial_knn,6,IGLC2,0.16231761831095923,0.24124828245245997,0.7601541707727308
matched_coord1.0,spatial_knn,6,HLA-B,-0.07208026030792831,-0.06551843076940475,0.43974451132394293
matched_coord1.0,spatial_knn,6,IGKC,-0.37027208252447114,-0.31670163018586267,0.8765492243589382
matched_coord1.0,spatial_knn,6,MALAT1,0.26780082500138597,0.26867249831779294,0.6310763469173887
matched_coord1.0,spatial_knn,6,ALB,0.15988133523537817,0.20562501057804072,0.7226041032949405
matched_coord1.0,spatial_knn,6,IGHG4,0.12397080498211249,0.10567652996024904,0.5834187193349049
matched_coord1.0,spatial_knn,6,TFF3,-0.08083386527355982,-0.09480862420907994,0.558164513409541
matched_coord1.0,spatial_knn,6,CXCL14,0.01480346800548415,0.04913754838145626,0.510614119039113
matched_coord1.0,spatial_knn,6,IGHG1,0.3190475764356073,0.3744790812604961,0.6250694419047268
matched_coord1.0,spatial_knn,6,SLITRK6,-0.01729488652431147,-0.004027775609036622,0.2529695104346771
matched_coord1.0,spatial_knn,6,APOE,0.46431020904685805,0.29688834103284684,0.78200233736482
matched_coord1.0,spatial_knn,6,MT-ND2,-0.08733694441981045,-0.04929008035012525,0.7297483422611979
matched_coord1.0,spatial_knn,6,CALML5,0.5921020765788506,0.37684265285466295,0.5121166666521024
matched_coord1.0,spatial_knn,6,HLA-DRA,-0.17968483394913917,-0.14263419488722143,0.7640089212399623
matched_coord1.0,spatial_knn,6,S100G,-0.05963551623527323,-0.07009935029767067,1.0054007386361095
matched_coord1.0,spatial_knn,6,LINC00645,-0.06076854834929607,-0.061155043514711765,0.5338229668462304
matched_coord1.0,spatial_knn,6,C3,0.1395792095771543,0.19614816992835776,1.0241585506547288
matched_coord1.0,spatial_knn,6,IGLC3,-0.11501827179529732,-0.07360832557787861,0.5514656062311398
matched_coord1.0,spatial_knn,6,IGLC1,0.23521120725204003,0.27982173642672176,0.526282699314899
matched_coord1.0,spatial_knn,6,TIMP1,-0.11198497741079154,-0.09371165557446665,1.2573340665133157
matched_coord1.0,spatial_knn,6,APOC1,0.2625996159182699,0.18558560596208107,0.5582895331353868
matched_coord1.0,spatial_knn,6,TFF1,-0.2475458122666874,-0.34663643406031064,0.6851475484766923
matched_coord1.0,spatial_knn,6,SCGB2A2,-0.2948050238718136,-0.4204059020185676,1.4449233507197632
matched_coord1.0,spatial_knn,6,SCGB1D2,-0.22935673668641146,-0.30058872808614834,1.4479728750380378
matched_coord1.0,spatial_knn,6,SERPINA3,-0.1343607426289562,-0.14048549343797886,0.4278715942526954
matched_coord1.0,spatial_knn,6,LINC00052,0.08110152409432037,0.1774940874681807,0.7030438939659628
matched_coord1.0,spatial_knn,6,AGR2,-0.31466309106676715,-0.1853820447721528,0.5313729823185992
matched_coord1.0,spatial_knn,6,C6orf141,0.031466721560878014,0.033454302540397676,0.2562628391302458
matched_coord1.0,spatial_knn,6,LYZ,-0.16165538720177594,-0.1518057573889885,0.8312915366854202
matched_coord1.0,spatial_knn,6,CTSD,0.3999131113205752,0.2826729846028577,0.6120039056395338
matched_coord1.0,spatial_knn,6,HEBP1,0.17970634254021978,0.04740416539944384,1.138548966421562
matched_coord1.0,spatial_knn,6,IGHM,-0.4013099394653316,-0.2652590679636516,0.5939251103121089
matched_coord1.0,spatial_knn,6,HLA-DRB1,-0.3298939677499485,-0.29620980373308603,0.8758294686905107
matched_coord1.0,spatial_knn,6,C1QA,0.3619164067861088,0.3014797767612284,0.8850198257811904
matched_coord1.0,spatial_knn,6,IGHA1,-0.12516886798708485,-0.14792384142718015,0.48535145689547615
matched_coord1.0,spatial_knn,6,DEGS1,-0.18335885494548998,-0.14002112128515432,0.49994761452287695
matched_coord1.0,spatial_knn,6,AC087379.2,0.12711553170094844,0.08708975233663453,0.4759960803320543
matched_coord1.0,spatial_knn,6,AEBP1,0.38871425123934883,0.32360375237439665,0.5205423104910402
matched_coord1.0,spatial_knn,6,COL1A2,0.1492813461799282,0.16401942878468315,0.5493054937045143
matched_coord1.0,spatial_knn,6,GFRA1,-0.3614096056052389,-0.3604454626068716,0.4994878798735123
matched_coord1.0,spatial_knn,6,COL1A1,-0.04309459781447016,-0.04680211025100226,0.6150433634720681
matched_coord1.0,spatial_knn,6,HLA-E,0.2932627944303434,0.3071681811242232,0.72875512342707
matched_coord1.0,spatial_knn,6,CFB,0.13549064747335765,0.0713764694573398,0.43578982805664707
matched_coord1.0,spatial_knn,6,CCL19,0.3927712429881734,0.3849442711264108,1.0604749824790722
matched_coord1.0,spatial_knn,6,SNCG,0.057083200512021266,0.03614907464475745,0.5238702923399123
matched_coord1.0,spatial_knn,6,IGHG2,-0.09025921331751713,-0.1941541716748733,0.5326586097110481
random,mean,7,CRISP3,,,0.8778356909751892
random,mean,7,CPB1,,,0.9401347041130066
random,mean,7,IGHG3,,,0.9726536273956299
random,mean,7,CD74,,,0.5394983291625977
random,mean,7,IGLC2,,,1.1236745119094849
random,mean,7,HLA-B,0.0,,0.4466308057308197
random,mean,7,IGKC,0.0,,1.0069082975387573
random,mean,7,MALAT1,0.0,,0.766230046749115
random,mean,7,ALB,,,0.6725607514381409
random,mean,7,IGHG4,0.0,,0.7517966628074646
random,mean,7,TFF3,,,0.5782408118247986
random,mean,7,CXCL14,,,0.8729106783866882
random,mean,7,IGHG1,,,0.9384638667106628
random,mean,7,SLITRK6,,,0.5219840407371521
random,mean,7,APOE,,,0.6480553150177002
random,mean,7,MT-ND2,0.0,,0.5736798048019409
random,mean,7,CALML5,,,0.5346711277961731
random,mean,7,HLA-DRA,,,0.5691664814949036
random,mean,7,S100G,,,0.7721235156059265
random,mean,7,LINC00645,,,0.5203792452812195
random,mean,7,C3,,,0.7593491077423096
random,mean,7,IGLC3,,,0.8307260870933533
random,mean,7,IGLC1,0.0,,0.838161289691925
random,mean,7,TIMP1,0.0,,0.7210783362388611
random,mean,7,APOC1,,,0.6639328002929688
random,mean,7,TFF1,,,0.6815482974052429
random,mean,7,SCGB2A2,0.0,,0.7507481575012207
random,mean,7,SCGB1D2,0.0,,0.7018930912017822
random,mean,7,SERPINA3,,,0.669893741607666
random,mean,7,LINC00052,,,0.2716766595840454
random,mean,7,AGR2,0.0,,0.6440701484680176
random,mean,7,C6orf141,0.0,,0.4396848976612091
random,mean,7,LYZ,0.0,,0.7174320816993713
random,mean,7,CTSD,,,0.4651322066783905
random,mean,7,HEBP1,,,0.6311150193214417
random,mean,7,IGHM,0.0,,0.8253607749938965
random,mean,7,HLA-DRB1,,,0.57752525806427
random,mean,7,C1QA,,,0.6884264945983887
random,mean,7,IGHA1,0.0,,0.8132132887840271
random,mean,7,DEGS1,,,0.669445276260376
random,mean,7,AC087379.2,0.0,,0.43702036142349243
random,mean,7,AEBP1,,,0.6825056672096252
random,mean,7,COL1A2,,,0.7355684638023376
random,mean,7,GFRA1,,,0.6411948204040527
random,mean,7,COL1A1,,,0.7310139536857605
random,mean,7,HLA-E,,,0.5189750790596008
random,mean,7,CFB,,,0.5356184840202332
random,mean,7,CCL19,,,0.5747941136360168
random,mean,7,SNCG,0.0,,0.6046205759048462
random,mean,7,IGHG2,,,0.6421867609024048
random,pca_ridge,7,CRISP3,0.7044749577085987,0.40946468706712136,0.6226403713226318
random,pca_ridge,7,CPB1,0.48555832488416584,0.5159464293801427,0.8238785266876221
random,pca_ridge,7,IGHG3,0.6722243909153154,0.696015284549461,0.720026433467865
random,pca_ridge,7,CD74,0.7949447231991968,0.8043382461758799,0.3276352882385254
random,pca_ridge,7,IGLC2,0.6689858774862644,0.6989630691738705,0.8352067470550537
random,pca_ridge,7,HLA-B,0.6997097642905684,0.7025527979747185,0.31940144300460815
random,pca_ridge,7,IGKC,0.7001494661958501,0.7434352616373598,0.7194139361381531
random,pca_ridge,7,MALAT1,0.739737505794756,0.7404152608910538,0.5170654058456421
random,pca_ridge,7,ALB,0.3075240051642768,0.17498471439506227,0.6414554119110107
random,pca_ridge,7,IGHG4,0.6731537300079562,0.691686760658912,0.5569090843200684
random,pca_ridge,7,TFF3,0.6295074303854947,0.6354330419537307,0.45083484053611755
random,pca_ridge,7,CXCL14,0.6897693580440863,0.5397490982639164,0.6322599649429321
random,pca_ridge,7,IGHG1,0.6889828019375055,0.6941964748500886,0.6820298433303833
random,pca_ridge,7,SLITRK6,0.6631864950599059,0.408168521613007,0.39072734117507935
random,pca_ridge,7,APOE,0.8026944690093456,0.8146766306811796,0.38649919629096985
random,pca_ridge,7,MT-ND2,0.5995379884137028,0.6225280113670016,0.4593125581741333
random,pca_ridge,7,CALML5,0.5368762790587093,0.5747229358032916,0.4519657492637634
random,pca_ridge,7,HLA-DRA,0.78760349021212,0.7940780086992626,0.35063499212265015
random,pca_ridge,7,S100G,0.6082952410063315,0.6063233467953448,0.6131689548492432
random,pca_ridge,7,LINC00645,0.4529578239783804,0.38032512204101554,0.46429702639579773
random,pca_ridge,7,C3,0.7389378162964194,0.711602161023892,0.511725902557373
random,pca_ridge,7,IGLC3,0.5323225156848879,0.4448972143903871,0.703253984451294
random,pca_ridge,7,IGLC1,0.5328415178648759,0.5180861146502511,0.7100409865379333
random,pca_ridge,7,TIMP1,0.6928912093460519,0.7025522829180473,0.5204055905342102
random,pca_ridge,7,APOC1,0.6573439815847371,0.6620124504635135,0.5001136064529419
random,pca_ridge,7,TFF1,0.47164123499597876,0.4937171588003862,0.6022620797157288
random,pca_ridge,7,SCGB2A2,0.5334564653107716,0.547320380311822,0.6353256106376648
random,pca_ridge,7,SCGB1D2,0.5215894057444914,0.5334087799345979,0.5999533534049988
random,pca_ridge,7,SERPINA3,0.4385337533970934,0.4734762900232125,0.6020541787147522
random,pca_ridge,7,LINC00052,0.3287729783308939,0.2539225246278136,0.2572483420372009
random,pca_ridge,7,AGR2,0.662655161786502,0.582925752283891,0.48235076665878296
random,pca_ridge,7,C6orf141,0.5648924393988496,0.3554351661509583,0.36321529746055603
random,pca_ridge,7,LYZ,0.6689774663511256,0.6899337927946949,0.5328639149665833
random,pca_ridge,7,CTSD,0.6614594356270643,0.6762492524406524,0.3490760028362274
random,pca_ridge,7,HEBP1,0.5149406339189172,0.530605514530153,0.5425053238868713
random,pca_ridge,7,IGHM,0.5196034002256522,0.4827261108556505,0.7051185965538025
random,pca_ridge,7,HLA-DRB1,0.6709106525061453,0.7024392726019247,0.4281090497970581
random,pca_ridge,7,C1QA,0.7295585847495485,0.7420184308402441,0.4703068435192108
random,pca_ridge,7,IGHA1,0.46690872484335694,0.4839508985691085,0.7192834615707397
random,pca_ridge,7,DEGS1,0.5329296917722446,0.4615588530440754,0.5676699280738831
random,pca_ridge,7,AC087379.2,0.42743933460788247,0.34161424738334095,0.39508092403411865
random,pca_ridge,7,AEBP1,0.6886910833305909,0.7090262967356914,0.49510055780410767
random,pca_ridge,7,COL1A2,0.6656205911990585,0.6897177296788781,0.5490297675132751
random,pca_ridge,7,GFRA1,0.5808780726802955,0.4428784670951638,0.5222503542900085
random,pca_ridge,7,COL1A1,0.6581959774577009,0.6824722653622813,0.5519142150878906
random,pca_ridge,7,HLA-E,0.635860308485244,0.6754001886403737,0.401132196187973
random,pca_ridge,7,CFB,0.3548494536028297,0.362731716750589,0.5031116008758545
random,pca_ridge,7,CCL19,0.506991187604637,0.3577353737058681,0.4969232976436615
random,pca_ridge,7,SNCG,0.5256412054113141,0.534764278691249,0.5143134593963623
random,pca_ridge,7,IGHG2,0.4235352299866565,0.35343929587327194,0.5818285942077637
random,spatial_knn,7,CRISP3,0.8481325324894086,0.46608647540553527,0.46585632340728617
random,spatial_knn,7,CPB1,0.7991746058841986,0.7529027641874231,0.5647686593158951
random,spatial_knn,7,IGHG3,0.7656586802600525,0.7444885176764094,0.6255959090113535
random,spatial_knn,7,CD74,0.764505268113961,0.759702828068111,0.3492810813463282
random,spatial_knn,7,IGLC2,0.7493589076132685,0.7499745027933834,0.74395349625694
random,spatial_knn,7,HLA-B,0.8000359910865489,0.798108165120451,0.2682838247167132
random,spatial_knn,7,IGKC,0.7355257923508264,0.7545379591780785,0.6822756843952608
random,spatial_knn,7,MALAT1,0.6146818160449959,0.633448570760595,0.6078090422614
random,spatial_knn,7,ALB,0.6998419184331052,0.22731922550354497,0.48883219417165996
random,spatial_knn,7,IGHG4,0.6968085657069354,0.6621460916793739,0.5392506097479806
random,spatial_knn,7,TFF3,0.7430965805396038,0.7508450995093052,0.3913480982356095
random,spatial_knn,7,CXCL14,0.7799111731718518,0.6196055611574415,0.5474816202907692
random,spatial_knn,7,IGHG1,0.7159706877453157,0.6981768244852018,0.6554654814001107
random,spatial_knn,7,SLITRK6,0.7674337472226651,0.37281440081458295,0.33494551596370997
random,spatial_knn,7,APOE,0.6414242717112846,0.6426936844335905,0.4996263669409415
random,spatial_knn,7,MT-ND2,0.5575284091446225,0.548211331439125,0.4793545456686723
random,spatial_knn,7,CALML5,0.7186469348557971,0.723328730859187,0.37396607839908425
random,spatial_knn,7,HLA-DRA,0.7257009849385011,0.7242477949609091,0.3932397166861295
random,spatial_knn,7,S100G,0.7253570176774929,0.6951465113128276,0.533186980794707
random,spatial_knn,7,LINC00645,0.6550203809549179,0.46883481765067725,0.39760888945741535
random,spatial_knn,7,C3,0.6285812959555283,0.5901650718417238,0.5925253706388989
random,spatial_knn,7,IGLC3,0.6713781184126864,0.5203884141899847,0.6154636745191602
random,spatial_knn,7,IGLC1,0.47602180606451017,0.48117134019080215,0.7468403349059655
random,spatial_knn,7,TIMP1,0.6420204451016595,0.6477239889469093,0.5541700611912483
random,spatial_knn,7,APOC1,0.5831177084664869,0.5927373229079902,0.5431962799405338
random,spatial_knn,7,TFF1,0.6507653933973182,0.6568713495993234,0.5188255756962199
random,spatial_knn,7,SCGB2A2,0.6564807050694099,0.6229453518963449,0.5675508963417429
random,spatial_knn,7,SCGB1D2,0.5999244443982091,0.5810391534040491,0.568384435669359
random,spatial_knn,7,SERPINA3,0.648809520444013,0.6197453206365199,0.5117411864450224
random,spatial_knn,7,LINC00052,0.6136028948756677,0.31280616789047344,0.2170959747005682
random,spatial_knn,7,AGR2,0.6676851080789916,0.5859752924005298,0.48031557611853254
random,spatial_knn,7,C6orf141,0.6435479178989731,0.34588639762500367,0.33823596951273177
random,spatial_knn,7,LYZ,0.5924440817994955,0.6157207197564978,0.5801089156283807
random,spatial_knn,7,CTSD,0.5620761994378949,0.5476259289494618,0.38648570020944106
random,spatial_knn,7,HEBP1,0.5944092866752673,0.5479563368811788,0.5106535447513174
random,spatial_knn,7,IGHM,0.6300846774306041,0.5237903323485059,0.6410871979131818
random,spatial_knn,7,HLA-DRB1,0.597349271870494,0.6303777681724932,0.46619298087329736
random,spatial_knn,7,C1QA,0.6093784373821284,0.6111407799019075,0.5459905272226664
random,spatial_knn,7,IGHA1,0.5756332453997467,0.5024552864149211,0.666901877040036
random,spatial_knn,7,DEGS1,0.6324400226621651,0.5768435564760035,0.5201836220419482
random,spatial_knn,7,AC087379.2,0.5951704663191592,0.32083196832086774,0.3522617370536339
random,spatial_knn,7,AEBP1,0.5299155107349487,0.5441261608886986,0.5824509558285101
random,spatial_knn,7,COL1A2,0.49502489024228474,0.5293825261355404,0.6429536344549804
random,spatial_knn,7,GFRA1,0.6370064810591917,0.502677056298589,0.4975698860644851
random,spatial_knn,7,COL1A1,0.5355790355141371,0.5466194351271821,0.6207480497131872
random,spatial_knn,7,HLA-E,0.5977290942594385,0.6224715020483672,0.4188089565498253
random,spatial_knn,7,CFB,0.5395592744131689,0.5445094874571167,0.4573822345764157
random,spatial_knn,7,CCL19,0.5402303606538631,0.4223856361443853,0.48913565512322704
random,spatial_knn,7,SNCG,0.5680281565127218,0.5488854862777245,0.5023412284609104
random,spatial_knn,7,IGHG2,0.5049509226500053,0.38265103685698326,0.5570843634831817
matched_hop0,mean,7,CRISP3,,,1.5085413455963135
matched_hop0,mean,7,CPB1,,,0.8695534467697144
matched_hop0,mean,7,IGHG3,,,1.339145302772522
matched_hop0,mean,7,CD74,,,0.729733943939209
matched_hop0,mean,7,IGLC2,,,1.3970502614974976
matched_hop0,mean,7,HLA-B,,,0.5965662598609924
matched_hop0,mean,7,IGKC,,,1.1915476322174072
matched_hop0,mean,7,MALAT1,,,0.7672418355941772
matched_hop0,mean,7,ALB,,,0.42531251907348633
matched_hop0,mean,7,IGHG4,0.0,,0.903636634349823
matched_hop0,mean,7,TFF3,,,0.5998064279556274
matched_hop0,mean,7,CXCL14,0.0,,0.6291981339454651
matched_hop0,mean,7,IGHG1,,,1.0792121887207031
matched_hop0,mean,7,SLITRK6,,,0.8530953526496887
matched_hop0,mean,7,APOE,,,0.7255584001541138
matched_hop0,mean,7,MT-ND2,,,0.549185574054718
matched_hop0,mean,7,CALML5,,,0.5133047103881836
matched_hop0,mean,7,HLA-DRA,0.0,,0.6800017952919006
matched_hop0,mean,7,S100G,,,0.8712195158004761
matched_hop0,mean,7,LINC00645,0.0,,0.3672982156276703
matched_hop0,mean,7,C3,0.0,,0.8362978100776672
matched_hop0,mean,7,IGLC3,0.0,,0.9450187087059021
matched_hop0,mean,7,IGLC1,,,0.861207902431488
matched_hop0,mean,7,TIMP1,,,0.8428767919540405
matched_hop0,mean,7,APOC1,,,0.7466511726379395
matched_hop0,mean,7,TFF1,0.0,,0.7563851475715637
matched_hop0,mean,7,SCGB2A2,0.0,,0.7131674289703369
matched_hop0,mean,7,SCGB1D2,0.0,,0.7092030644416809
matched_hop0,mean,7,SERPINA3,,,0.8808190822601318
matched_hop0,mean,7,LINC00052,,,0.15211144089698792
matched_hop0,mean,7,AGR2,,,0.5447723269462585
matched_hop0,mean,7,C6orf141,,,0.6827546954154968
matched_hop0,mean,7,LYZ,,,0.7544915080070496
matched_hop0,mean,7,CTSD,0.0,,0.4676066040992737
matched_hop0,mean,7,HEBP1,,,0.5686365365982056
matched_hop0,mean,7,IGHM,,,0.9197000861167908
matched_hop0,mean,7,HLA-DRB1,0.0,,0.6111535429954529
matched_hop0,mean,7,C1QA,,,0.7023521661758423
matched_hop0,mean,7,IGHA1,,,0.8224297761917114
matched_hop0,mean,7,DEGS1,0.0,,0.5428324341773987
matched_hop0,mean,7,AC087379.2,,,0.4412388205528259
matched_hop0,mean,7,AEBP1,,,0.7479729652404785
matched_hop0,mean,7,COL1A2,,,0.7631726861000061
matched_hop0,mean,7,GFRA1,,,0.5725430846214294
matched_hop0,mean,7,COL1A1,,,0.8097176551818848
matched_hop0,mean,7,HLA-E,,,0.5540028810501099
matched_hop0,mean,7,CFB,,,0.6022841334342957
matched_hop0,mean,7,CCL19,,,0.5530753135681152
matched_hop0,mean,7,SNCG,0.0,,0.5676378011703491
matched_hop0,mean,7,IGHG2,0.0,,0.7212417721748352
matched_hop0,pca_ridge,7,CRISP3,0.8026577982395541,0.7287332635675204,0.9966981410980225
matched_hop0,pca_ridge,7,CPB1,0.3260423696720112,0.30490633485024254,0.8060829639434814
matched_hop0,pca_ridge,7,IGHG3,0.7674475423147289,0.7752951750794718,0.8906104564666748
matched_hop0,pca_ridge,7,CD74,0.822692648232793,0.8263737623079974,0.42250856757164
matched_hop0,pca_ridge,7,IGLC2,0.7537999328083737,0.7626879140672083,0.9260064959526062
matched_hop0,pca_ridge,7,HLA-B,0.5326311346855277,0.5112792452021642,0.4573165476322174
matched_hop0,pca_ridge,7,IGKC,0.758317983238494,0.7785963819972216,0.7648888230323792
matched_hop0,pca_ridge,7,MALAT1,0.7073570097533389,0.7551565003762098,0.5381144285202026
matched_hop0,pca_ridge,7,ALB,0.14899583765273736,0.11601078094226171,0.5278111100196838
matched_hop0,pca_ridge,7,IGHG4,0.7246651518325333,0.739250808467139,0.6081691980361938
matched_hop0,pca_ridge,7,TFF3,0.4785347774478263,0.5683008970708989,0.5412225723266602
matched_hop0,pca_ridge,7,CXCL14,0.25426465417188016,0.2666535477691118,0.6667572259902954
matched_hop0,pca_ridge,7,IGHG1,0.7503371517858176,0.7471037981443422,0.7078571319580078
matched_hop0,pca_ridge,7,SLITRK6,0.7473614797460595,0.6975383947869143,0.5858103036880493
matched_hop0,pca_ridge,7,APOE,0.7627023908956314,0.7869021193382391,0.4641072452068329
matched_hop0,pca_ridge,7,MT-ND2,0.42967222208334205,0.46171759938419193,0.5453919768333435
matched_hop0,pca_ridge,7,CALML5,0.3454073020943452,0.37271262491231727,0.4639192819595337
matched_hop0,pca_ridge,7,HLA-DRA,0.790716470183994,0.7588203249387561,0.4122883975505829
matched_hop0,pca_ridge,7,S100G,0.438385382000533,0.3494428660099338,0.7825781106948853
matched_hop0,pca_ridge,7,LINC00645,0.02562358158259077,0.02109188107081026,0.43230053782463074
matched_hop0,pca_ridge,7,C3,0.800882751285834,0.7674208545693141,0.5129371881484985
matched_hop0,pca_ridge,7,IGLC3,0.6323887589354263,0.57091789633095,0.7250112891197205
matched_hop0,pca_ridge,7,IGLC1,0.4773982081984074,0.4834921329973864,0.7570936679840088
matched_hop0,pca_ridge,7,TIMP1,0.7955636176727593,0.7933293439825602,0.5361776351928711
matched_hop0,pca_ridge,7,APOC1,0.5617795220547986,0.5874556875405655,0.5682821869850159
matched_hop0,pca_ridge,7,TFF1,0.49253424789773703,0.559075077125227,0.6763988137245178
matched_hop0,pca_ridge,7,SCGB2A2,0.2476489451278777,0.24470552169907075,0.6606516242027283
matched_hop0,pca_ridge,7,SCGB1D2,0.2307607693347126,0.21083360743220012,0.6315310001373291
matched_hop0,pca_ridge,7,SERPINA3,0.19146025903576855,0.2052353025042065,0.8585818409919739
matched_hop0,pca_ridge,7,LINC00052,0.01619536164370699,0.026384034935072943,0.1827397346496582
matched_hop0,pca_ridge,7,AGR2,0.5148703475706904,0.5049608936892989,0.47270429134368896
matched_hop0,pca_ridge,7,C6orf141,0.7180092111108045,0.6975806514758153,0.5166230797767639
matched_hop0,pca_ridge,7,LYZ,0.679946868089592,0.6087634223583462,0.5211117267608643
matched_hop0,pca_ridge,7,CTSD,0.6805223550267357,0.7235594436743233,0.34337225556373596
matched_hop0,pca_ridge,7,HEBP1,0.4410995655022066,0.45385557255091474,0.512645423412323
matched_hop0,pca_ridge,7,IGHM,0.5620006063727936,0.5298878545907306,0.7568169832229614
matched_hop0,pca_ridge,7,HLA-DRB1,0.6529027648153305,0.6556315610901998,0.44572675228118896
matched_hop0,pca_ridge,7,C1QA,0.7307891927366896,0.7242817683456049,0.4764226973056793
matched_hop0,pca_ridge,7,IGHA1,0.5007720737639756,0.5152036565596592,0.7061930298805237
matched_hop0,pca_ridge,7,DEGS1,0.3233043566193628,0.27256379872995673,0.5308035016059875
matched_hop0,pca_ridge,7,AC087379.2,0.23814217782102778,0.23743571918783118,0.44140705466270447
matched_hop0,pca_ridge,7,AEBP1,0.743290156727629,0.7578513950799162,0.494500070810318
matched_hop0,pca_ridge,7,COL1A2,0.7257973119394295,0.7433048128662377,0.5224714875221252
matched_hop0,pca_ridge,7,GFRA1,0.2597686332284092,0.2551481928108867,0.5502834916114807
matched_hop0,pca_ridge,7,COL1A1,0.720843390551136,0.7413132902952165,0.5642156004905701
matched_hop0,pca_ridge,7,HLA-E,0.6709699047097132,0.7131254198323116,0.39787524938583374
matched_hop0,pca_ridge,7,CFB,0.08317515931465583,0.08385352604995967,0.609406054019928
matched_hop0,pca_ridge,7,CCL19,0.4875825859179989,0.373251824842994,0.4854635000228882
matched_hop0,pca_ridge,7,SNCG,0.4148685773731753,0.42400767895467456,0.4962874948978424
matched_hop0,pca_ridge,7,IGHG2,0.4560617872477623,0.3738953530908802,0.6398161053657532
matched_hop0,spatial_knn,7,CRISP3,0.8047610655318457,0.7345142571829981,0.7187942765856854
matched_hop0,spatial_knn,7,CPB1,0.1753419486449564,0.2710406737531875,0.9768743675339383
matched_hop0,spatial_knn,7,IGHG3,0.4251905844788494,0.43612035824663964,1.101197595410628
matched_hop0,spatial_knn,7,CD74,0.5786728911458517,0.595625587617204,0.6244885644473313
matched_hop0,spatial_knn,7,IGLC2,0.4486375058142901,0.44692952916211515,1.2222925009800767
matched_hop0,spatial_knn,7,HLA-B,0.20823998207094943,0.2372640247733014,0.49088496971305573
matched_hop0,spatial_knn,7,IGKC,0.4951584159512987,0.4934291923084432,0.9970822803114188
matched_hop0,spatial_knn,7,MALAT1,0.4455087207628678,0.3948904348010527,0.749643084419782
matched_hop0,spatial_knn,7,ALB,0.18463261015497745,0.119514386618426,0.41407672971074216
matched_hop0,spatial_knn,7,IGHG4,0.3921878063776314,0.4695369701046304,0.7929604554342425
matched_hop0,spatial_knn,7,TFF3,0.2661230536058413,0.27278469120064647,0.6683101093120828
matched_hop0,spatial_knn,7,CXCL14,0.10909983061348642,0.06954369342458032,0.7940162320012909
matched_hop0,spatial_knn,7,IGHG1,0.42559882737389837,0.4399482554674433,0.9396117304031686
matched_hop0,spatial_knn,7,SLITRK6,0.7472625700628491,0.7204075187277722,0.4742521582126861
matched_hop0,spatial_knn,7,APOE,0.421431375501138,0.45144223714629816,0.7005739097602647
matched_hop0,spatial_knn,7,MT-ND2,0.194214631724864,0.16203851206415001,0.6676766352664828
matched_hop0,spatial_knn,7,CALML5,0.2972511036326665,0.3227875347196653,0.4579034879937828
matched_hop0,spatial_knn,7,HLA-DRA,0.5495674515262212,0.570572337061849,0.5668460025428107
matched_hop0,spatial_knn,7,S100G,0.18205809874668472,0.256288188463504,0.8769463486559758
matched_hop0,spatial_knn,7,LINC00645,0.14408604219343196,-0.02967754055586958,0.27149426131618204
matched_hop0,spatial_knn,7,C3,0.510747688973559,0.5005847399323768,0.7135834658668074
matched_hop0,spatial_knn,7,IGLC3,0.2485965984833137,0.2723580842903663,0.9191082648170977
matched_hop0,spatial_knn,7,IGLC1,0.12461869362574715,0.20878643681070516,0.9185592536556854
matched_hop0,spatial_knn,7,TIMP1,0.45719299913606476,0.4426140393057928,0.7452158613430732
matched_hop0,spatial_knn,7,APOC1,0.1778650382315383,0.19354328016351544,0.7351504374043177
matched_hop0,spatial_knn,7,TFF1,0.016181560713739645,0.04449255294256048,0.8229626681991237
matched_hop0,spatial_knn,7,SCGB2A2,0.16135334764014522,0.1588192121429204,0.6406202589511674
matched_hop0,spatial_knn,7,SCGB1D2,0.18899767313806357,0.1680497725299353,0.5553628217029098
matched_hop0,spatial_knn,7,SERPINA3,0.0009219239093802152,0.014172141307647278,0.8980590249491358
matched_hop0,spatial_knn,7,LINC00052,-0.014373602186904241,-0.01420077038721017,0.12515455438344056
matched_hop0,spatial_knn,7,AGR2,0.1519359460007093,0.11012568840580095,0.5517743245620984
matched_hop0,spatial_knn,7,C6orf141,0.5965626396266628,0.5929370647109697,0.4730742340849941
matched_hop0,spatial_knn,7,LYZ,0.35741402685593765,0.3599028051116369,0.6873452788009369
matched_hop0,spatial_knn,7,CTSD,0.42703502225006607,0.4406226242918449,0.43811525504117516
matched_hop0,spatial_knn,7,HEBP1,0.11335708544388959,0.09190426946847233,0.5483087438466139
matched_hop0,spatial_knn,7,IGHM,0.2629210023107757,0.24214850641567442,0.8742242930554212
matched_hop0,spatial_knn,7,HLA-DRB1,0.48711451810865636,0.5320752416987168,0.5159077883299023
matched_hop0,spatial_knn,7,C1QA,0.3697739357722358,0.3762404461900511,0.6622494214413533
matched_hop0,spatial_knn,7,IGHA1,0.2481452667212688,0.2386191898437466,0.8296652845416945
matched_hop0,spatial_knn,7,DEGS1,0.2088665253432731,0.1742813674430214,0.5517899594787433
matched_hop0,spatial_knn,7,AC087379.2,-0.09375485636456679,-0.04661248994407115,0.4982125608747724
matched_hop0,spatial_knn,7,AEBP1,0.3215280114526975,0.2962499340821324,0.7070592967630409
matched_hop0,spatial_knn,7,COL1A2,0.23116401128961103,0.17252841948605172,0.7527715902445645
matched_hop0,spatial_knn,7,GFRA1,0.15404879158765244,0.20198243190887086,0.4950811601017568
matched_hop0,spatial_knn,7,COL1A1,0.28297083600525,0.24975188865084053,0.7919624158762588
matched_hop0,spatial_knn,7,HLA-E,0.24707096814285717,0.26242899206132514,0.5155535883034437
matched_hop0,spatial_knn,7,CFB,0.10225699600589934,0.0928174682441429,0.5992809902635549
matched_hop0,spatial_knn,7,CCL19,0.32030737434165196,0.24357821531639737,0.5349139768612634
matched_hop0,spatial_knn,7,SNCG,0.3300757718366619,0.29635511554642097,0.5297202361152388
matched_hop0,spatial_knn,7,IGHG2,0.20612133700641902,0.25820724260383127,0.7016467873937411
matched_hop1,mean,7,CRISP3,,,1.5085413455963135
matched_hop1,mean,7,CPB1,,,0.8695534467697144
matched_hop1,mean,7,IGHG3,,,1.339145302772522
matched_hop1,mean,7,CD74,,,0.729733943939209
matched_hop1,mean,7,IGLC2,,,1.3970502614974976
matched_hop1,mean,7,HLA-B,,,0.5965662598609924
matched_hop1,mean,7,IGKC,,,1.1915476322174072
matched_hop1,mean,7,MALAT1,,,0.7672418355941772
matched_hop1,mean,7,ALB,,,0.42531251907348633
matched_hop1,mean,7,IGHG4,0.0,,0.903636634349823
matched_hop1,mean,7,TFF3,,,0.5998064279556274
matched_hop1,mean,7,CXCL14,0.0,,0.6291981339454651
matched_hop1,mean,7,IGHG1,,,1.0792121887207031
matched_hop1,mean,7,SLITRK6,,,0.8530953526496887
matched_hop1,mean,7,APOE,,,0.7255584001541138
matched_hop1,mean,7,MT-ND2,,,0.549185574054718
matched_hop1,mean,7,CALML5,,,0.5133047103881836
matched_hop1,mean,7,HLA-DRA,0.0,,0.6800017952919006
matched_hop1,mean,7,S100G,,,0.8712195158004761
matched_hop1,mean,7,LINC00645,0.0,,0.3672982156276703
matched_hop1,mean,7,C3,0.0,,0.8362978100776672
matched_hop1,mean,7,IGLC3,0.0,,0.9450187087059021
matched_hop1,mean,7,IGLC1,,,0.861207902431488
matched_hop1,mean,7,TIMP1,,,0.8428767919540405
matched_hop1,mean,7,APOC1,,,0.7466511726379395
matched_hop1,mean,7,TFF1,0.0,,0.7563851475715637
matched_hop1,mean,7,SCGB2A2,0.0,,0.7131674289703369
matched_hop1,mean,7,SCGB1D2,0.0,,0.7092030644416809
matched_hop1,mean,7,SERPINA3,,,0.8808190822601318
matched_hop1,mean,7,LINC00052,,,0.15211144089698792
matched_hop1,mean,7,AGR2,,,0.5447723269462585
matched_hop1,mean,7,C6orf141,,,0.6827546954154968
matched_hop1,mean,7,LYZ,,,0.7544915080070496
matched_hop1,mean,7,CTSD,0.0,,0.4676066040992737
matched_hop1,mean,7,HEBP1,,,0.5686365365982056
matched_hop1,mean,7,IGHM,,,0.9197000861167908
matched_hop1,mean,7,HLA-DRB1,0.0,,0.6111535429954529
matched_hop1,mean,7,C1QA,,,0.7023521661758423
matched_hop1,mean,7,IGHA1,,,0.8224297761917114
matched_hop1,mean,7,DEGS1,0.0,,0.5428324341773987
matched_hop1,mean,7,AC087379.2,,,0.4412388205528259
matched_hop1,mean,7,AEBP1,,,0.7479729652404785
matched_hop1,mean,7,COL1A2,,,0.7631726861000061
matched_hop1,mean,7,GFRA1,,,0.5725430846214294
matched_hop1,mean,7,COL1A1,,,0.8097176551818848
matched_hop1,mean,7,HLA-E,,,0.5540028810501099
matched_hop1,mean,7,CFB,,,0.6022841334342957
matched_hop1,mean,7,CCL19,,,0.5530753135681152
matched_hop1,mean,7,SNCG,0.0,,0.5676378011703491
matched_hop1,mean,7,IGHG2,0.0,,0.7212417721748352
matched_hop1,pca_ridge,7,CRISP3,0.8026577982395541,0.7287332635675204,0.9966981410980225
matched_hop1,pca_ridge,7,CPB1,0.3260423696720112,0.30490633485024254,0.8060829639434814
matched_hop1,pca_ridge,7,IGHG3,0.7674475423147289,0.7752951750794718,0.8906104564666748
matched_hop1,pca_ridge,7,CD74,0.822692648232793,0.8263737623079974,0.42250856757164
matched_hop1,pca_ridge,7,IGLC2,0.7537999328083737,0.7626879140672083,0.9260064959526062
matched_hop1,pca_ridge,7,HLA-B,0.5326311346855277,0.5112792452021642,0.4573165476322174
matched_hop1,pca_ridge,7,IGKC,0.758317983238494,0.7785963819972216,0.7648888230323792
matched_hop1,pca_ridge,7,MALAT1,0.7073570097533389,0.7551565003762098,0.5381144285202026
matched_hop1,pca_ridge,7,ALB,0.14899583765273736,0.11601078094226171,0.5278111100196838
matched_hop1,pca_ridge,7,IGHG4,0.7246651518325333,0.739250808467139,0.6081691980361938
matched_hop1,pca_ridge,7,TFF3,0.4785347774478263,0.5683008970708989,0.5412225723266602
matched_hop1,pca_ridge,7,CXCL14,0.25426465417188016,0.2666535477691118,0.6667572259902954
matched_hop1,pca_ridge,7,IGHG1,0.7503371517858176,0.7471037981443422,0.7078571319580078
matched_hop1,pca_ridge,7,SLITRK6,0.7473614797460595,0.6975383947869143,0.5858103036880493
matched_hop1,pca_ridge,7,APOE,0.7627023908956314,0.7869021193382391,0.4641072452068329
matched_hop1,pca_ridge,7,MT-ND2,0.42967222208334205,0.46171759938419193,0.5453919768333435
matched_hop1,pca_ridge,7,CALML5,0.3454073020943452,0.37271262491231727,0.4639192819595337
matched_hop1,pca_ridge,7,HLA-DRA,0.790716470183994,0.7588203249387561,0.4122883975505829
matched_hop1,pca_ridge,7,S100G,0.438385382000533,0.3494428660099338,0.7825781106948853
matched_hop1,pca_ridge,7,LINC00645,0.02562358158259077,0.02109188107081026,0.43230053782463074
matched_hop1,pca_ridge,7,C3,0.800882751285834,0.7674208545693141,0.5129371881484985
matched_hop1,pca_ridge,7,IGLC3,0.6323887589354263,0.57091789633095,0.7250112891197205
matched_hop1,pca_ridge,7,IGLC1,0.4773982081984074,0.4834921329973864,0.7570936679840088
matched_hop1,pca_ridge,7,TIMP1,0.7955636176727593,0.7933293439825602,0.5361776351928711
matched_hop1,pca_ridge,7,APOC1,0.5617795220547986,0.5874556875405655,0.5682821869850159
matched_hop1,pca_ridge,7,TFF1,0.49253424789773703,0.559075077125227,0.6763988137245178
matched_hop1,pca_ridge,7,SCGB2A2,0.2476489451278777,0.24470552169907075,0.6606516242027283
matched_hop1,pca_ridge,7,SCGB1D2,0.2307607693347126,0.21083360743220012,0.6315310001373291
matched_hop1,pca_ridge,7,SERPINA3,0.19146025903576855,0.2052353025042065,0.8585818409919739
matched_hop1,pca_ridge,7,LINC00052,0.01619536164370699,0.026384034935072943,0.1827397346496582
matched_hop1,pca_ridge,7,AGR2,0.5148703475706904,0.5049608936892989,0.47270429134368896
matched_hop1,pca_ridge,7,C6orf141,0.7180092111108045,0.6975806514758153,0.5166230797767639
matched_hop1,pca_ridge,7,LYZ,0.679946868089592,0.6087634223583462,0.5211117267608643
matched_hop1,pca_ridge,7,CTSD,0.6805223550267357,0.7235594436743233,0.34337225556373596
matched_hop1,pca_ridge,7,HEBP1,0.4410995655022066,0.45385557255091474,0.512645423412323
matched_hop1,pca_ridge,7,IGHM,0.5620006063727936,0.5298878545907306,0.7568169832229614
matched_hop1,pca_ridge,7,HLA-DRB1,0.6529027648153305,0.6556315610901998,0.44572675228118896
matched_hop1,pca_ridge,7,C1QA,0.7307891927366896,0.7242817683456049,0.4764226973056793
matched_hop1,pca_ridge,7,IGHA1,0.5007720737639756,0.5152036565596592,0.7061930298805237
matched_hop1,pca_ridge,7,DEGS1,0.3233043566193628,0.27256379872995673,0.5308035016059875
matched_hop1,pca_ridge,7,AC087379.2,0.23814217782102778,0.23743571918783118,0.44140705466270447
matched_hop1,pca_ridge,7,AEBP1,0.743290156727629,0.7578513950799162,0.494500070810318
matched_hop1,pca_ridge,7,COL1A2,0.7257973119394295,0.7433048128662377,0.5224714875221252
matched_hop1,pca_ridge,7,GFRA1,0.2597686332284092,0.2551481928108867,0.5502834916114807
matched_hop1,pca_ridge,7,COL1A1,0.720843390551136,0.7413132902952165,0.5642156004905701
matched_hop1,pca_ridge,7,HLA-E,0.6709699047097132,0.7131254198323116,0.39787524938583374
matched_hop1,pca_ridge,7,CFB,0.08317515931465583,0.08385352604995967,0.609406054019928
matched_hop1,pca_ridge,7,CCL19,0.4875825859179989,0.373251824842994,0.4854635000228882
matched_hop1,pca_ridge,7,SNCG,0.4148685773731753,0.42400767895467456,0.4962874948978424
matched_hop1,pca_ridge,7,IGHG2,0.4560617872477623,0.3738953530908802,0.6398161053657532
matched_hop1,spatial_knn,7,CRISP3,0.8047610655318457,0.7345142571829981,0.7187942765856854
matched_hop1,spatial_knn,7,CPB1,0.1753419486449564,0.2710406737531875,0.9768743675339383
matched_hop1,spatial_knn,7,IGHG3,0.4251905844788494,0.43612035824663964,1.101197595410628
matched_hop1,spatial_knn,7,CD74,0.5786728911458517,0.595625587617204,0.6244885644473313
matched_hop1,spatial_knn,7,IGLC2,0.4486375058142901,0.44692952916211515,1.2222925009800767
matched_hop1,spatial_knn,7,HLA-B,0.20823998207094943,0.2372640247733014,0.49088496971305573
matched_hop1,spatial_knn,7,IGKC,0.4951584159512987,0.4934291923084432,0.9970822803114188
matched_hop1,spatial_knn,7,MALAT1,0.4455087207628678,0.3948904348010527,0.749643084419782
matched_hop1,spatial_knn,7,ALB,0.18463261015497745,0.119514386618426,0.41407672971074216
matched_hop1,spatial_knn,7,IGHG4,0.3921878063776314,0.4695369701046304,0.7929604554342425
matched_hop1,spatial_knn,7,TFF3,0.2661230536058413,0.27278469120064647,0.6683101093120828
matched_hop1,spatial_knn,7,CXCL14,0.10909983061348642,0.06954369342458032,0.7940162320012909
matched_hop1,spatial_knn,7,IGHG1,0.42559882737389837,0.4399482554674433,0.9396117304031686
matched_hop1,spatial_knn,7,SLITRK6,0.7472625700628491,0.7204075187277722,0.4742521582126861
matched_hop1,spatial_knn,7,APOE,0.421431375501138,0.45144223714629816,0.7005739097602647
matched_hop1,spatial_knn,7,MT-ND2,0.194214631724864,0.16203851206415001,0.6676766352664828
matched_hop1,spatial_knn,7,CALML5,0.2972511036326665,0.3227875347196653,0.4579034879937828
matched_hop1,spatial_knn,7,HLA-DRA,0.5495674515262212,0.570572337061849,0.5668460025428107
matched_hop1,spatial_knn,7,S100G,0.18205809874668472,0.256288188463504,0.8769463486559758
matched_hop1,spatial_knn,7,LINC00645,0.14408604219343196,-0.02967754055586958,0.27149426131618204
matched_hop1,spatial_knn,7,C3,0.510747688973559,0.5005847399323768,0.7135834658668074
matched_hop1,spatial_knn,7,IGLC3,0.2485965984833137,0.2723580842903663,0.9191082648170977
matched_hop1,spatial_knn,7,IGLC1,0.12461869362574715,0.20878643681070516,0.9185592536556854
matched_hop1,spatial_knn,7,TIMP1,0.45719299913606476,0.4426140393057928,0.7452158613430732
matched_hop1,spatial_knn,7,APOC1,0.1778650382315383,0.19354328016351544,0.7351504374043177
matched_hop1,spatial_knn,7,TFF1,0.016181560713739645,0.04449255294256048,0.8229626681991237
matched_hop1,spatial_knn,7,SCGB2A2,0.16135334764014522,0.1588192121429204,0.6406202589511674
matched_hop1,spatial_knn,7,SCGB1D2,0.18899767313806357,0.1680497725299353,0.5553628217029098
matched_hop1,spatial_knn,7,SERPINA3,0.0009219239093802152,0.014172141307647278,0.8980590249491358
matched_hop1,spatial_knn,7,LINC00052,-0.014373602186904241,-0.01420077038721017,0.12515455438344056
matched_hop1,spatial_knn,7,AGR2,0.1519359460007093,0.11012568840580095,0.5517743245620984
matched_hop1,spatial_knn,7,C6orf141,0.5965626396266628,0.5929370647109697,0.4730742340849941
matched_hop1,spatial_knn,7,LYZ,0.35741402685593765,0.3599028051116369,0.6873452788009369
matched_hop1,spatial_knn,7,CTSD,0.42703502225006607,0.4406226242918449,0.43811525504117516
matched_hop1,spatial_knn,7,HEBP1,0.11335708544388959,0.09190426946847233,0.5483087438466139
matched_hop1,spatial_knn,7,IGHM,0.2629210023107757,0.24214850641567442,0.8742242930554212
matched_hop1,spatial_knn,7,HLA-DRB1,0.48711451810865636,0.5320752416987168,0.5159077883299023
matched_hop1,spatial_knn,7,C1QA,0.3697739357722358,0.3762404461900511,0.6622494214413533
matched_hop1,spatial_knn,7,IGHA1,0.2481452667212688,0.2386191898437466,0.8296652845416945
matched_hop1,spatial_knn,7,DEGS1,0.2088665253432731,0.1742813674430214,0.5517899594787433
matched_hop1,spatial_knn,7,AC087379.2,-0.09375485636456679,-0.04661248994407115,0.4982125608747724
matched_hop1,spatial_knn,7,AEBP1,0.3215280114526975,0.2962499340821324,0.7070592967630409
matched_hop1,spatial_knn,7,COL1A2,0.23116401128961103,0.17252841948605172,0.7527715902445645
matched_hop1,spatial_knn,7,GFRA1,0.15404879158765244,0.20198243190887086,0.4950811601017568
matched_hop1,spatial_knn,7,COL1A1,0.28297083600525,0.24975188865084053,0.7919624158762588
matched_hop1,spatial_knn,7,HLA-E,0.24707096814285717,0.26242899206132514,0.5155535883034437
matched_hop1,spatial_knn,7,CFB,0.10225699600589934,0.0928174682441429,0.5992809902635549
matched_hop1,spatial_knn,7,CCL19,0.32030737434165196,0.24357821531639737,0.5349139768612634
matched_hop1,spatial_knn,7,SNCG,0.3300757718366619,0.29635511554642097,0.5297202361152388
matched_hop1,spatial_knn,7,IGHG2,0.20612133700641902,0.25820724260383127,0.7016467873937411
matched_hop2,mean,7,CRISP3,,,1.506213903427124
matched_hop2,mean,7,CPB1,,,0.8701773285865784
matched_hop2,mean,7,IGHG3,0.0,,1.369279146194458
matched_hop2,mean,7,CD74,,,0.7399284243583679
matched_hop2,mean,7,IGLC2,,,1.4241917133331299
matched_hop2,mean,7,HLA-B,,,0.605660617351532
matched_hop2,mean,7,IGKC,,,1.221552848815918
matched_hop2,mean,7,MALAT1,,,0.7671204805374146
matched_hop2,mean,7,ALB,,,0.427556574344635
matched_hop2,mean,7,IGHG4,0.0,,0.925014853477478
matched_hop2,mean,7,TFF3,,,0.6075504422187805
matched_hop2,mean,7,CXCL14,0.0,,0.6226117014884949
matched_hop2,mean,7,IGHG1,,,1.102526307106018
matched_hop2,mean,7,SLITRK6,0.0,,0.8450671434402466
matched_hop2,mean,7,APOE,,,0.7391297817230225
matched_hop2,mean,7,MT-ND2,,,0.55061274766922
matched_hop2,mean,7,CALML5,,,0.5157016515731812
matched_hop2,mean,7,HLA-DRA,,,0.6888139843940735
matched_hop2,mean,7,S100G,0.0,,0.8841705918312073
matched_hop2,mean,7,LINC00645,,,0.36585670709609985
matched_hop2,mean,7,C3,0.0,,0.849132239818573
matched_hop2,mean,7,IGLC3,,,0.9583151340484619
matched_hop2,mean,7,IGLC1,,,0.8442986011505127
matched_hop2,mean,7,TIMP1,,,0.8508890867233276
matched_hop2,mean,7,APOC1,,,0.762776792049408
matched_hop2,mean,7,TFF1,,,0.7692387104034424
matched_hop2,mean,7,SCGB2A2,0.0,,0.7168610692024231
matched_hop2,mean,7,SCGB1D2,0.0,,0.7126126885414124
matched_hop2,mean,7,SERPINA3,,,0.9049616456031799
matched_hop2,mean,7,LINC00052,,,0.15016943216323853
matched_hop2,mean,7,AGR2,,,0.5456263422966003
matched_hop2,mean,7,C6orf141,,,0.6845335960388184
matched_hop2,mean,7,LYZ,,,0.7616395950317383
matched_hop2,mean,7,CTSD,,,0.46717849373817444
matched_hop2,mean,7,HEBP1,,,0.5673080086708069
matched_hop2,mean,7,IGHM,,,0.9337933659553528
matched_hop2,mean,7,HLA-DRB1,0.0,,0.6194673180580139
matched_hop2,mean,7,C1QA,,,0.7105012536048889
matched_hop2,mean,7,IGHA1,,,0.8341221809387207
matched_hop2,mean,7,DEGS1,0.0,,0.5441756248474121
matched_hop2,mean,7,AC087379.2,,,0.4496997892856598
matched_hop2,mean,7,AEBP1,,,0.750633955001831
matched_hop2,mean,7,COL1A2,,,0.767266035079956
matched_hop2,mean,7,GFRA1,,,0.5752718448638916
matched_hop2,mean,7,COL1A1,,,0.8164454102516174
matched_hop2,mean,7,HLA-E,0.0,,0.5628968477249146
matched_hop2,mean,7,CFB,,,0.6130227446556091
matched_hop2,mean,7,CCL19,0.0,,0.5550934076309204
matched_hop2,mean,7,SNCG,,,0.564800500869751
matched_hop2,mean,7,IGHG2,0.0,,0.7316152453422546
matched_hop2,pca_ridge,7,CRISP3,0.8054942555114881,0.7269756726781136,0.9992133378982544
matched_hop2,pca_ridge,7,CPB1,0.3286893999001284,0.3103456708199849,0.8049872517585754
matched_hop2,pca_ridge,7,IGHG3,0.7717614483791819,0.7753141611688505,0.9070565700531006
matched_hop2,pca_ridge,7,CD74,0.8321828338765138,0.8315843225227836,0.421834260225296
matched_hop2,pca_ridge,7,IGLC2,0.7601236211235112,0.7634731082420905,0.9361271262168884
matched_hop2,pca_ridge,7,HLA-B,0.5418941650812472,0.5206413189509329,0.4632948637008667
matched_hop2,pca_ridge,7,IGKC,0.7628972466920585,0.7778686177155995,0.779267430305481
matched_hop2,pca_ridge,7,MALAT1,0.7148876817494689,0.7602513461750403,0.5355916619300842
matched_hop2,pca_ridge,7,ALB,0.1555907111688757,0.12455330601521064,0.5328701138496399
matched_hop2,pca_ridge,7,IGHG4,0.7292314808621597,0.7406990841893595,0.6194210648536682
matched_hop2,pca_ridge,7,TFF3,0.47098886546144736,0.5657710931340184,0.5519001483917236
matched_hop2,pca_ridge,7,CXCL14,0.22744612845785395,0.25538871243614847,0.6658557653427124
matched_hop2,pca_ridge,7,IGHG1,0.755187373452637,0.74938392634876,0.7177684307098389
matched_hop2,pca_ridge,7,SLITRK6,0.7444712604480678,0.6903560893851438,0.5815630555152893
matched_hop2,pca_ridge,7,APOE,0.7621651890877207,0.7870618180443463,0.4729708433151245
matched_hop2,pca_ridge,7,MT-ND2,0.4287364912874631,0.4561929925236764,0.5524455904960632
matched_hop2,pca_ridge,7,CALML5,0.33860924914108936,0.3664708589903717,0.4704394042491913
matched_hop2,pca_ridge,7,HLA-DRA,0.7958355213280468,0.7640300216885494,0.41469815373420715
matched_hop2,pca_ridge,7,S100G,0.4507999624101124,0.36779155225774485,0.7891638278961182
matched_hop2,pca_ridge,7,LINC00645,0.01744691068652154,0.019055535112712425,0.4348800480365753
matched_hop2,pca_ridge,7,C3,0.8027097235227337,0.7652975849046051,0.5186349153518677
matched_hop2,pca_ridge,7,IGLC3,0.6432554349761038,0.5803031952826515,0.7269418835639954
matched_hop2,pca_ridge,7,IGLC1,0.5038332790684811,0.491196072400651,0.7334667444229126
matched_hop2,pca_ridge,7,TIMP1,0.7957639393549347,0.791981825764319,0.5400675535202026
matched_hop2,pca_ridge,7,APOC1,0.5611737383783112,0.584413625943652,0.5792489647865295
matched_hop2,pca_ridge,7,TFF1,0.49385250940409764,0.5655353111525128,0.6867420673370361
matched_hop2,pca_ridge,7,SCGB2A2,0.25091236557941654,0.24727913827467346,0.6668363213539124
matched_hop2,pca_ridge,7,SCGB1D2,0.23321064408713407,0.21605455278330454,0.636806845664978
matched_hop2,pca_ridge,7,SERPINA3,0.19239901727709036,0.20378112945350235,0.8816957473754883
matched_hop2,pca_ridge,7,LINC00052,0.022168764140126147,0.04018905889043151,0.18194778263568878
matched_hop2,pca_ridge,7,AGR2,0.5222935140245132,0.510212783332955,0.468943327665329
matched_hop2,pca_ridge,7,C6orf141,0.7222925427858934,0.697220353871148,0.5186691284179688
matched_hop2,pca_ridge,7,LYZ,0.6889167800143705,0.6159862274063608,0.5203306078910828
matched_hop2,pca_ridge,7,CTSD,0.6817224103192223,0.7251451727614697,0.34256646037101746
matched_hop2,pca_ridge,7,HEBP1,0.45179014601120543,0.4666333264487835,0.5099915862083435
matched_hop2,pca_ridge,7,IGHM,0.5705016074376426,0.5357776570195159,0.7632684111595154
matched_hop2,pca_ridge,7,HLA-DRB1,0.657422989627573,0.662003814641732,0.45001021027565
matched_hop2,pca_ridge,7,C1QA,0.7353444227330098,0.7255388258879797,0.47809115052223206
matched_hop2,pca_ridge,7,IGHA1,0.5188815551568596,0.5331350188124314,0.706434428691864
matched_hop2,pca_ridge,7,DEGS1,0.31637785049087136,0.26344498649565923,0.5313400626182556
matched_hop2,pca_ridge,7,AC087379.2,0.2492314543973147,0.24492493605308846,0.4458766281604767
matched_hop2,pca_ridge,7,AEBP1,0.7524710359091842,0.7651828908494442,0.4898011088371277
matched_hop2,pca_ridge,7,COL1A2,0.73283384058647,0.750085103762344,0.5216979384422302
matched_hop2,pca_ridge,7,GFRA1,0.264230306401285,0.25668577462614883,0.5466595888137817
matched_hop2,pca_ridge,7,COL1A1,0.7273695536193772,0.7474093870319413,0.5649585723876953
matched_hop2,pca_ridge,7,HLA-E,0.6734735178534774,0.7151181434964462,0.4032580256462097
matched_hop2,pca_ridge,7,CFB,0.08605799283539288,0.08201648959170765,0.6194701194763184
matched_hop2,pca_ridge,7,CCL19,0.4879044795605381,0.36978428698653454,0.4869661331176758
matched_hop2,pca_ridge,7,SNCG,0.4187088256836285,0.4290485717212722,0.49509063363075256
matched_hop2,pca_ridge,7,IGHG2,0.45829584668191425,0.3740957580070091,0.6477072834968567
matched_hop2,spatial_knn,7,CRISP3,0.8006822218737215,0.733277307836587,0.7313091652185353
matched_hop2,spatial_knn,7,CPB1,0.13999807229815409,0.24605838442427308,0.9976220789368015
matched_hop2,spatial_knn,7,IGHG3,0.42781375766582214,0.43563544763919315,1.1253276787122206
matched_hop2,spatial_knn,7,CD74,0.5692298297696611,0.5876448535457548,0.6384683485445921
matched_hop2,spatial_knn,7,IGLC2,0.4530915737454593,0.4452814551857475,1.246488795202425
matched_hop2,spatial_knn,7,HLA-B,0.19249383683935445,0.22298887087989153,0.5009179629979059
matched_hop2,spatial_knn,7,IGKC,0.505256130542514,0.5049453829089663,1.0173032929805768
matched_hop2,spatial_knn,7,MALAT1,0.4393601686226484,0.3847376928432033,0.7623474330052732
matched_hop2,spatial_knn,7,ALB,0.18597892067661878,0.11683517671030434,0.41591096076826944
matched_hop2,spatial_knn,7,IGHG4,0.39134040577917134,0.46874979295082664,0.8096468667861604
matched_hop2,spatial_knn,7,TFF3,0.26717432437615135,0.2752010830523167,0.6853518015010415
matched_hop2,spatial_knn,7,CXCL14,0.05389456970126364,0.03086786008673346,0.8135332844173802
matched_hop2,spatial_knn,7,IGHG1,0.43064939730456536,0.4443378667399646,0.9563838669639076
matched_hop2,spatial_knn,7,SLITRK6,0.7399047215118943,0.7170440611332171,0.47817314527105403
matched_hop2,spatial_knn,7,APOE,0.4138749654588863,0.44424274923765295,0.7172873052097264
matched_hop2,spatial_knn,7,MT-ND2,0.17381997490794018,0.14169280480148902,0.6802428221460939
matched_hop2,spatial_knn,7,CALML5,0.2792814720867869,0.3021176456177983,0.4678356097635482
matched_hop2,spatial_knn,7,HLA-DRA,0.5402495391727589,0.5651664592231762,0.5775788417237435
matched_hop2,spatial_knn,7,S100G,0.1994602230791355,0.26553110737157715,0.8902253899173485
matched_hop2,spatial_knn,7,LINC00645,0.12362141475568363,-0.04165357721280936,0.26830452640782554
matched_hop2,spatial_knn,7,C3,0.5019368188255007,0.4912363757355978,0.7296592477527974
matched_hop2,spatial_knn,7,IGLC3,0.25041606185794746,0.27913745657578104,0.9272623250411361
matched_hop2,spatial_knn,7,IGLC1,0.12112936594138647,0.2075629618349126,0.9097273313988743
matched_hop2,spatial_knn,7,TIMP1,0.4397592570522406,0.4273556510962448,0.7620730552955406
matched_hop2,spatial_knn,7,APOC1,0.1561436174646721,0.17812459879928505,0.7536018440742872
matched_hop2,spatial_knn,7,TFF1,-0.0009491948453772627,0.023727020611479435,0.8419426708448636
matched_hop2,spatial_knn,7,SCGB2A2,0.1725442112864529,0.16432822935606273,0.6420979759805585
matched_hop2,spatial_knn,7,SCGB1D2,0.1827218993629943,0.15642004897397166,0.557204324991677
matched_hop2,spatial_knn,7,SERPINA3,-0.007964726195473646,0.0009321264517946242,0.9232360062638846
matched_hop2,spatial_knn,7,LINC00052,-0.02318551890320113,-0.019135228349722054,0.12191215288854344
matched_hop2,spatial_knn,7,AGR2,0.1316089870897003,0.09252108789795115,0.5562935762860473
matched_hop2,spatial_knn,7,C6orf141,0.5971247316474301,0.5920009339111546,0.47636304492166087
matched_hop2,spatial_knn,7,LYZ,0.33922765835953894,0.3399482852949138,0.6988820090080233
matched_hop2,spatial_knn,7,CTSD,0.42316698601252056,0.4418625159610716,0.43948317763408257
matched_hop2,spatial_knn,7,HEBP1,0.10646170302652884,0.09005269502297912,0.5501389234678774
matched_hop2,spatial_knn,7,IGHM,0.2515821543398763,0.2221439514503549,0.8910050253931463
matched_hop2,spatial_knn,7,HLA-DRB1,0.4840715331847413,0.52876327563615,0.5235506670003821
matched_hop2,spatial_knn,7,C1QA,0.3673083583333149,0.3728778912041563,0.6697539729570656
matched_hop2,spatial_knn,7,IGHA1,0.24214992045133013,0.23555139797985278,0.8396260933382278
matched_hop2,spatial_knn,7,DEGS1,0.2091604923806821,0.17117269759607123,0.5523246613164173
matched_hop2,spatial_knn,7,AC087379.2,-0.09951412451692038,-0.05735554376997571,0.5055498181929083
matched_hop2,spatial_knn,7,AEBP1,0.311542918285694,0.2891565476758784,0.7158201264111725
matched_hop2,spatial_knn,7,COL1A2,0.21118834029097003,0.15093445640134495,0.7663934406888488
matched_hop2,spatial_knn,7,GFRA1,0.1560193713619887,0.2027788996354204,0.4933007616475436
matched_hop2,spatial_knn,7,COL1A1,0.2640428840347571,0.2326927281370241,0.8074408246130392
matched_hop2,spatial_knn,7,HLA-E,0.2381429251322774,0.252648519242601,0.5245010724528041
matched_hop2,spatial_knn,7,CFB,0.09670942519979998,0.08111597761376921,0.6114049450336237
matched_hop2,spatial_knn,7,CCL19,0.3062247517371725,0.2335251736456054,0.5412358754406235
matched_hop2,spatial_knn,7,SNCG,0.33475683149698143,0.30621266146203246,0.5301046334613914
matched_hop2,spatial_knn,7,IGHG2,0.20979277836860685,0.2621772113681636,0.7103935657363761
matched_hop5,mean,7,CRISP3,,,1.4579083919525146
matched_hop5,mean,7,CPB1,,,0.8800618648529053
matched_hop5,mean,7,IGHG3,,,1.4493653774261475
matched_hop5,mean,7,CD74,0.0,,0.7725435495376587
matched_hop5,mean,7,IGLC2,,,1.4650332927703857
matched_hop5,mean,7,HLA-B,0.0,,0.6308523416519165
matched_hop5,mean,7,IGKC,,,1.311100721359253
matched_hop5,mean,7,MALAT1,0.0,,0.7583775520324707
matched_hop5,mean,7,ALB,,,0.42521101236343384
matched_hop5,mean,7,IGHG4,,,0.9802476167678833
matched_hop5,mean,7,TFF3,,,0.64569091796875
matched_hop5,mean,7,CXCL14,0.0,,0.6239436268806458
matched_hop5,mean,7,IGHG1,0.0,,1.1647480726242065
matched_hop5,mean,7,SLITRK6,,,0.8204176425933838
matched_hop5,mean,7,APOE,0.0,,0.7925900220870972
matched_hop5,mean,7,MT-ND2,,,0.5635435581207275
matched_hop5,mean,7,CALML5,0.0,,0.5210137963294983
matched_hop5,mean,7,HLA-DRA,0.0,,0.7150049209594727
matched_hop5,mean,7,S100G,0.0,,0.9349343776702881
matched_hop5,mean,7,LINC00645,0.0,,0.3507680296897888
matched_hop5,mean,7,C3,0.0,,0.8745405673980713
matched_hop5,mean,7,IGLC3,0.0,,0.9763767123222351
matched_hop5,mean,7,IGLC1,,,0.8594196438789368
matched_hop5,mean,7,TIMP1,0.0,,0.8792306780815125
matched_hop5,mean,7,APOC1,,,0.8250948786735535
matched_hop5,mean,7,TFF1,0.0,,0.8242132067680359
matched_hop5,mean,7,SCGB2A2,,,0.7062990665435791
matched_hop5,mean,7,SCGB1D2,,,0.7090577483177185
matched_hop5,mean,7,SERPINA3,0.0,,0.9728058576583862
matched_hop5,mean,7,LINC00052,,,0.14863397181034088
matched_hop5,mean,7,AGR2,,,0.5499058365821838
matched_hop5,mean,7,C6orf141,,,0.6713703870773315
matched_hop5,mean,7,LYZ,,,0.7824119925498962
matched_hop5,mean,7,CTSD,0.0,,0.47661516070365906
matched_hop5,mean,7,HEBP1,,,0.5609511733055115
matched_hop5,mean,7,IGHM,,,0.988608181476593
matched_hop5,mean,7,HLA-DRB1,0.0,,0.6117914915084839
matched_hop5,mean,7,C1QA,,,0.7375407218933105
matched_hop5,mean,7,IGHA1,0.0,,0.8466882705688477
matched_hop5,mean,7,DEGS1,0.0,,0.52363121509552
matched_hop5,mean,7,AC087379.2,,,0.4828050434589386
matched_hop5,mean,7,AEBP1,,,0.7541369795799255
matched_hop5,mean,7,COL1A2,,,0.7830638289451599
matched_hop5,mean,7,GFRA1,0.0,,0.5740514993667603
matched_hop5,mean,7,COL1A1,0.0,,0.8357433676719666
matched_hop5,mean,7,HLA-E,0.0,,0.588423490524292
matched_hop5,mean,7,CFB,,,0.6486656069755554
matched_hop5,mean,7,CCL19,,,0.5331190824508667
matched_hop5,mean,7,SNCG,0.0,,0.5461350083351135
matched_hop5,mean,7,IGHG2,,,0.7745376825332642
matched_hop5,pca_ridge,7,CRISP3,0.8077214036127272,0.6915201965230783,0.9870197176933289
matched_hop5,pca_ridge,7,CPB1,0.3007345875903149,0.2860105533424713,0.8214215636253357
matched_hop5,pca_ridge,7,IGHG3,0.801007476329044,0.7903671467460102,0.9436103701591492
matched_hop5,pca_ridge,7,CD74,0.8638684910007084,0.8416048120470584,0.41486606001853943
matched_hop5,pca_ridge,7,IGLC2,0.7886864007749428,0.7694667252429156,0.9270352125167847
matched_hop5,pca_ridge,7,HLA-B,0.5944993812124009,0.5587378681984622,0.47368407249450684
matched_hop5,pca_ridge,7,IGKC,0.7902951735800825,0.7821061113802275,0.8100959658622742
matched_hop5,pca_ridge,7,MALAT1,0.7366355984054612,0.7586856068246773,0.5167700052261353
matched_hop5,pca_ridge,7,ALB,0.17380802736840295,0.1362008607961973,0.5337443947792053
matched_hop5,pca_ridge,7,IGHG4,0.7639668027989741,0.7568601542711997,0.6328666806221008
matched_hop5,pca_ridge,7,TFF3,0.4991512585833254,0.5663091402179895,0.579085648059845
matched_hop5,pca_ridge,7,CXCL14,0.19185028057649317,0.25698956146327345,0.651056170463562
matched_hop5,pca_ridge,7,IGHG1,0.7886573806183304,0.7732785612590455,0.7261893153190613
matched_hop5,pca_ridge,7,SLITRK6,0.7565366918364422,0.6602460486926109,0.5693947672843933
matched_hop5,pca_ridge,7,APOE,0.7853126104012943,0.7998967594394616,0.4863889813423157
matched_hop5,pca_ridge,7,MT-ND2,0.4046847727016113,0.4351424113417315,0.5659793019294739
matched_hop5,pca_ridge,7,CALML5,0.35165424297245335,0.3842731162376363,0.48216184973716736
matched_hop5,pca_ridge,7,HLA-DRA,0.825186115655236,0.7768566642529119,0.40894436836242676
matched_hop5,pca_ridge,7,S100G,0.5329407951584655,0.46773334898336183,0.7971673011779785
matched_hop5,pca_ridge,7,LINC00645,-0.014102513391532729,0.004185911317386184,0.4350834786891937
matched_hop5,pca_ridge,7,C3,0.8220646428220066,0.7736467417377801,0.5116321444511414
matched_hop5,pca_ridge,7,IGLC3,0.6832289458108791,0.6155478289596337,0.7108621597290039
matched_hop5,pca_ridge,7,IGLC1,0.5292094245233364,0.5102588068248731,0.733532726764679
matched_hop5,pca_ridge,7,TIMP1,0.8232131243887766,0.8065233390985066,0.5306845307350159
matched_hop5,pca_ridge,7,APOC1,0.5936684527050797,0.6063439112398412,0.6073141694068909
matched_hop5,pca_ridge,7,TFF1,0.5242658660685194,0.5993298980529717,0.7246246933937073
matched_hop5,pca_ridge,7,SCGB2A2,0.26575486233309503,0.26102321866169514,0.6622798442840576
matched_hop5,pca_ridge,7,SCGB1D2,0.23366823221258387,0.22238729959627737,0.6405320167541504
matched_hop5,pca_ridge,7,SERPINA3,0.1872740607629747,0.18859370612226367,0.9524892568588257
matched_hop5,pca_ridge,7,LINC00052,0.029689235671898385,0.05085399392670693,0.18639247119426727
matched_hop5,pca_ridge,7,AGR2,0.529759591058856,0.522390834517245,0.46528160572052
matched_hop5,pca_ridge,7,C6orf141,0.7361957351409757,0.6710569330507246,0.5105948448181152
matched_hop5,pca_ridge,7,LYZ,0.7431716009044717,0.6518755248447105,0.4980705678462982
matched_hop5,pca_ridge,7,CTSD,0.7017106309971075,0.7291508299599472,0.33741796016693115
matched_hop5,pca_ridge,7,HEBP1,0.49698779770980733,0.5126793954580756,0.49388208985328674
matched_hop5,pca_ridge,7,IGHM,0.6145234487791527,0.5745020406086543,0.7815814018249512
matched_hop5,pca_ridge,7,HLA-DRB1,0.6788758672769792,0.6786584899485902,0.4353121221065521
matched_hop5,pca_ridge,7,C1QA,0.7638127105146089,0.7310632167039088,0.4705184996128082
matched_hop5,pca_ridge,7,IGHA1,0.5663188499730889,0.568185477738544,0.6885205507278442
matched_hop5,pca_ridge,7,DEGS1,0.27716614240974713,0.22312817207971333,0.5158747434616089
matched_hop5,pca_ridge,7,AC087379.2,0.3073063280037083,0.2955169834001596,0.45961448550224304
matched_hop5,pca_ridge,7,AEBP1,0.777986532720238,0.7713484797961442,0.47369933128356934
matched_hop5,pca_ridge,7,COL1A2,0.7640001204185634,0.7745959387472082,0.5139099359512329
matched_hop5,pca_ridge,7,GFRA1,0.21583704817959884,0.22758116406968135,0.5427185297012329
matched_hop5,pca_ridge,7,COL1A1,0.7653990185636259,0.7756642751401946,0.5529310703277588
matched_hop5,pca_ridge,7,HLA-E,0.7005962082860797,0.7312919863750611,0.4072131812572479
matched_hop5,pca_ridge,7,CFB,0.07568386243280194,0.0561856044215385,0.6604647636413574
matched_hop5,pca_ridge,7,CCL19,0.5202669922328497,0.37451035242356795,0.45744553208351135
matched_hop5,pca_ridge,7,SNCG,0.42197112278764076,0.4419560005195264,0.4867388904094696
matched_hop5,pca_ridge,7,IGHG2,0.4876036179501143,0.42448524585076897,0.6730817556381226
matched_hop5,spatial_knn,7,CRISP3,0.7721832404793061,0.721825524164254,0.7888066481300468
matched_hop5,spatial_knn,7,CPB1,-0.032545248881948166,0.11829597660959619,1.1004233975978546
matched_hop5,spatial_knn,7,IGHG3,0.4391714283261964,0.4530510244817943,1.1831967952231386
matched_hop5,spatial_knn,7,CD74,0.5640025902863739,0.578139584992291,0.6756848334337482
matched_hop5,spatial_knn,7,IGLC2,0.4483910058980916,0.4414778553278382,1.294242615224783
matched_hop5,spatial_knn,7,HLA-B,0.19328865161534026,0.22872569895834324,0.5221592608995509
matched_hop5,spatial_knn,7,IGKC,0.5518554621377043,0.5707143312525472,1.0687250099256274
matched_hop5,spatial_knn,7,MALAT1,0.3703928158443188,0.280419573428124,0.8060245440039028
matched_hop5,spatial_knn,7,ALB,0.18269112892600442,0.11150736719665638,0.41440106975049734
matched_hop5,spatial_knn,7,IGHG4,0.42776303830836837,0.5180877519548038,0.8367075924731707
matched_hop5,spatial_knn,7,TFF3,0.28320382113309206,0.29425960118441613,0.7416349025296565
matched_hop5,spatial_knn,7,CXCL14,-0.06843514269821832,-0.06490019490826444,0.8608711743619314
matched_hop5,spatial_knn,7,IGHG1,0.44319910963081566,0.47215439080656274,0.9994041183720637
matched_hop5,spatial_knn,7,SLITRK6,0.7300030551670005,0.7196091674424113,0.4878068562270721
matched_hop5,spatial_knn,7,APOE,0.41804603785164746,0.4520653266771912,0.7745979183890088
matched_hop5,spatial_knn,7,MT-ND2,0.08210408862657925,0.04741725843147482,0.7272340510553119
matched_hop5,spatial_knn,7,CALML5,0.27296153328227235,0.27694916779536405,0.49917114499531534
matched_hop5,spatial_knn,7,HLA-DRA,0.5478010083928917,0.5830205619680354,0.5974139803003544
matched_hop5,spatial_knn,7,S100G,0.2778365547908601,0.3194301177629919,0.9427190422680747
matched_hop5,spatial_knn,7,LINC00645,0.06545839722579044,-0.07237948945924493,0.2441900860073046
matched_hop5,spatial_knn,7,C3,0.4740073352160746,0.4607854366724557,0.766460165162345
matched_hop5,spatial_knn,7,IGLC3,0.22348207124469538,0.26686477550162224,0.9492584716536059
matched_hop5,spatial_knn,7,IGLC1,0.1761387042160681,0.2648965084524513,0.901652819854936
matched_hop5,spatial_knn,7,TIMP1,0.4062763495836562,0.3919158365669503,0.807811705093231
matched_hop5,spatial_knn,7,APOC1,0.13516641101096621,0.1656728940934215,0.8180697284810584
matched_hop5,spatial_knn,7,TFF1,-0.07465254997823759,-0.056933999426359,0.9165530867957608
matched_hop5,spatial_knn,7,SCGB2A2,0.2473529310347175,0.22548238092647316,0.6231088769923799
matched_hop5,spatial_knn,7,SCGB1D2,0.17717232364176638,0.13694000651830554,0.5587012544460009
matched_hop5,spatial_knn,7,SERPINA3,-0.09012181741794552,-0.09370124845479746,0.9997580375555534
matched_hop5,spatial_knn,7,LINC00052,0.00698130275927979,0.011648844659044007,0.11886244987572893
matched_hop5,spatial_knn,7,AGR2,0.0285803208470679,0.006138910384919969,0.5775884241449963
matched_hop5,spatial_knn,7,C6orf141,0.5958282103801444,0.575146619510375,0.4775447722742718
matched_hop5,spatial_knn,7,LYZ,0.3347675777598432,0.3129340811518993,0.717590674416319
matched_hop5,spatial_knn,7,CTSD,0.42589103294586184,0.44433346950972297,0.45233841953541837
matched_hop5,spatial_knn,7,HEBP1,0.10761593884517959,0.08947488815396892,0.5478249689904029
matched_hop5,spatial_knn,7,IGHM,0.22203200481699306,0.17993880109706456,0.9434956033058913
matched_hop5,spatial_knn,7,HLA-DRB1,0.5332996826932461,0.577796016739881,0.5013269951368419
matched_hop5,spatial_knn,7,C1QA,0.37696262957874094,0.3732309787813381,0.6901082052100777
matched_hop5,spatial_knn,7,IGHA1,0.29439103348804085,0.28136535318048633,0.8189067790802901
matched_hop5,spatial_knn,7,DEGS1,0.18923655475661627,0.1532636530041587,0.5374029170916761
matched_hop5,spatial_knn,7,AC087379.2,-0.1285952298679475,-0.11650457117755633,0.5363462912769242
matched_hop5,spatial_knn,7,AEBP1,0.31069872868334425,0.3044648010368852,0.7411987584451879
matched_hop5,spatial_knn,7,COL1A2,0.21417848378561175,0.1664662259796353,0.8047712029649057
matched_hop5,spatial_knn,7,GFRA1,0.12655465137016464,0.17154750913168854,0.4833781726142524
matched_hop5,spatial_knn,7,COL1A1,0.24717173110996757,0.26101394355091556,0.8477047762987773
matched_hop5,spatial_knn,7,HLA-E,0.20655486577002252,0.22115573225228796,0.5507929427159368
matched_hop5,spatial_knn,7,CFB,0.05967313276853699,0.0375692860068123,0.6597001771414532
matched_hop5,spatial_knn,7,CCL19,0.2288877809257917,0.19518273974657838,0.5457896936335764
matched_hop5,spatial_knn,7,SNCG,0.35279317972146895,0.33978007848460245,0.5397910808247032
matched_hop5,spatial_knn,7,IGHG2,0.23374700499924556,0.3160895990703835,0.745233184695069
matched_coord0.25,mean,7,CRISP3,,,1.4819222688674927
matched_coord0.25,mean,7,CPB1,,,0.8655664324760437
matched_coord0.25,mean,7,IGHG3,0.0,,1.4394289255142212
matched_coord0.25,mean,7,CD74,,,0.7586802840232849
matched_coord0.25,mean,7,IGLC2,,,1.467999815940857
matched_coord0.25,mean,7,HLA-B,,,0.62538743019104
matched_coord0.25,mean,7,IGKC,,,1.2917532920837402
matched_coord0.25,mean,7,MALAT1,,,0.764376699924469
matched_coord0.25,mean,7,ALB,,,0.4306798577308655
matched_coord0.25,mean,7,IGHG4,,,0.9700542092323303
matched_coord0.25,mean,7,TFF3,,,0.6264018416404724
matched_coord0.25,mean,7,CXCL14,,,0.6210415959358215
matched_coord0.25,mean,7,IGHG1,,,1.156224250793457
matched_coord0.25,mean,7,SLITRK6,0.0,,0.8273019194602966
matched_coord0.25,mean,7,APOE,,,0.7717364430427551
matched_coord0.25,mean,7,MT-ND2,,,0.560642659664154
matched_coord0.25,mean,7,CALML5,,,0.51427161693573
matched_coord0.25,mean,7,HLA-DRA,0.0,,0.7072149515151978
matched_coord0.25,mean,7,S100G,0.0,,0.9204469323158264
matched_coord0.25,mean,7,LINC00645,,,0.3522431254386902
matched_coord0.25,mean,7,C3,,,0.8626400232315063
matched_coord0.25,mean,7,IGLC3,0.0,,0.9819412231445312
matched_coord0.25,mean,7,IGLC1,,,0.8555803894996643
matched_coord0.25,mean,7,TIMP1,0.0,,0.8629195690155029
matched_coord0.25,mean,7,APOC1,,,0.8021072745323181
matched_coord0.25,mean,7,TFF1,,,0.8030710816383362
matched_coord0.25,mean,7,SCGB2A2,0.0,,0.7171543836593628
matched_coord0.25,mean,7,SCGB1D2,,,0.7112513780593872
matched_coord0.25,mean,7,SERPINA3,,,0.9502041339874268
matched_coord0.25,mean,7,LINC00052,0.0,,0.1503692865371704
matched_coord0.25,mean,7,AGR2,,,0.5541456937789917
matched_coord0.25,mean,7,C6orf141,,,0.6743177771568298
matched_coord0.25,mean,7,LYZ,,,0.7781347632408142
matched_coord0.25,mean,7,CTSD,,,0.4717870056629181
matched_coord0.25,mean,7,HEBP1,,,0.5682341456413269
matched_coord0.25,mean,7,IGHM,,,0.9662956595420837
matched_coord0.25,mean,7,HLA-DRB1,,,0.6158669590950012
matched_coord0.25,mean,7,C1QA,,,0.7290263175964355
matched_coord0.25,mean,7,IGHA1,,,0.8625202775001526
matched_coord0.25,mean,7,DEGS1,0.0,,0.5403088927268982
matched_coord0.25,mean,7,AC087379.2,,,0.4697338342666626
matched_coord0.25,mean,7,AEBP1,,,0.7548332214355469
matched_coord0.25,mean,7,COL1A2,0.0,,0.7706747651100159
matched_coord0.25,mean,7,GFRA1,,,0.5718211531639099
matched_coord0.25,mean,7,COL1A1,,,0.8246687650680542
matched_coord0.25,mean,7,HLA-E,0.0,,0.5784127116203308
matched_coord0.25,mean,7,CFB,,,0.6360830664634705
matched_coord0.25,mean,7,CCL19,,,0.5338515639305115
matched_coord0.25,mean,7,SNCG,0.0,,0.553331732749939
matched_coord0.25,mean,7,IGHG2,0.0,,0.7702091932296753
matched_coord0.25,pca_ridge,7,CRISP3,0.8107031400120167,0.7110374956555501,0.9960715174674988
matched_coord0.25,pca_ridge,7,CPB1,0.31557761377723526,0.3050602257313137,0.8007407188415527
matched_coord0.25,pca_ridge,7,IGHG3,0.7930961460880684,0.7879479038058521,0.9443591833114624
matched_coord0.25,pca_ridge,7,CD74,0.8552667449625726,0.838514151316556,0.41406065225601196
matched_coord0.25,pca_ridge,7,IGLC2,0.7806200457158067,0.7725632273839652,0.9419801831245422
matched_coord0.25,pca_ridge,7,HLA-B,0.5788380730451196,0.5445623279793753,0.47131261229515076
matched_coord0.25,pca_ridge,7,IGKC,0.7840387319639646,0.784155468422329,0.8041292428970337
matched_coord0.25,pca_ridge,7,MALAT1,0.7307099228480299,0.7627884851456207,0.522346019744873
matched_coord0.25,pca_ridge,7,ALB,0.17521028007176967,0.1470396095685761,0.5349124073982239
matched_coord0.25,pca_ridge,7,IGHG4,0.7573794675602351,0.7537988534438799,0.6304373145103455
matched_coord0.25,pca_ridge,7,TFF3,0.49931585277779544,0.57163848185861,0.5606321096420288
matched_coord0.25,pca_ridge,7,CXCL14,0.19593536949841311,0.25190564903188883,0.6582232117652893
matched_coord0.25,pca_ridge,7,IGHG1,0.7788386841857237,0.7655963998832167,0.7312098741531372
matched_coord0.25,pca_ridge,7,SLITRK6,0.7579433272737083,0.6784468166195763,0.570376992225647
matched_coord0.25,pca_ridge,7,APOE,0.7769405682258101,0.7960652993225524,0.48096150159835815
matched_coord0.25,pca_ridge,7,MT-ND2,0.4120653609611574,0.4451375686967145,0.5645593404769897
matched_coord0.25,pca_ridge,7,CALML5,0.35368340405285137,0.38240981888051084,0.47201070189476013
matched_coord0.25,pca_ridge,7,HLA-DRA,0.8172410354914599,0.7738074692682201,0.41093364357948303
matched_coord0.25,pca_ridge,7,S100G,0.49648248888546914,0.426853200954927,0.8011515140533447
matched_coord0.25,pca_ridge,7,LINC00645,-0.0063749234433347676,0.00978382230642581,0.43237704038619995
matched_coord0.25,pca_ridge,7,C3,0.8183233706021985,0.7746515556372877,0.5096708536148071
matched_coord0.25,pca_ridge,7,IGLC3,0.6670842126956018,0.6018415506514904,0.7278857231140137
matched_coord0.25,pca_ridge,7,IGLC1,0.5249882983304927,0.5050465220271072,0.7310689687728882
matched_coord0.25,pca_ridge,7,TIMP1,0.8154446291379505,0.8030721580797564,0.5280460715293884
matched_coord0.25,pca_ridge,7,APOC1,0.5859536004036549,0.6028216447422656,0.5944728255271912
matched_coord0.25,pca_ridge,7,TFF1,0.5158117385068743,0.5872355697673733,0.7090360522270203
matched_coord0.25,pca_ridge,7,SCGB2A2,0.2615179659497023,0.2566158364432859,0.6693286299705505
matched_coord0.25,pca_ridge,7,SCGB1D2,0.22894782226954483,0.21580975550972653,0.6410255432128906
matched_coord0.25,pca_ridge,7,SERPINA3,0.19138215898394023,0.19388470819686635,0.9276205897331238
matched_coord0.25,pca_ridge,7,LINC00052,0.028168862862841867,0.04692190722379332,0.1854681521654129
matched_coord0.25,pca_ridge,7,AGR2,0.5214985064020393,0.5117559173817589,0.4734730124473572
matched_coord0.25,pca_ridge,7,C6orf141,0.7318495748765691,0.6823201422308772,0.5121872425079346
matched_coord0.25,pca_ridge,7,LYZ,0.7223860678440022,0.6389446720322581,0.5093754529953003
matched_coord0.25,pca_ridge,7,CTSD,0.69231797077516,0.7236884172439232,0.3399132490158081
matched_coord0.25,pca_ridge,7,HEBP1,0.4845857667873078,0.5008457160092765,0.5028796195983887
matched_coord0.25,pca_ridge,7,IGHM,0.6075474540987259,0.5690853920845163,0.768203616142273
matched_coord0.25,pca_ridge,7,HLA-DRB1,0.6720682543731988,0.6739513103186254,0.440876305103302
matched_coord0.25,pca_ridge,7,C1QA,0.7538444791945611,0.7278164983427928,0.4740762710571289
matched_coord0.25,pca_ridge,7,IGHA1,0.5429819416571107,0.5573850491124305,0.7137193083763123
matched_coord0.25,pca_ridge,7,DEGS1,0.31078443319798915,0.2527432752072287,0.5243721008300781
matched_coord0.25,pca_ridge,7,AC087379.2,0.28237811970189647,0.27682543922814606,0.45448756217956543
matched_coord0.25,pca_ridge,7,AEBP1,0.763113943003065,0.7666732661442304,0.48562777042388916
matched_coord0.25,pca_ridge,7,COL1A2,0.7528624534374506,0.7664968128857915,0.5127478241920471
matched_coord0.25,pca_ridge,7,GFRA1,0.24845610303466525,0.246329556153501,0.537855863571167
matched_coord0.25,pca_ridge,7,COL1A1,0.7525176924767372,0.7662710095594769,0.5537087917327881
matched_coord0.25,pca_ridge,7,HLA-E,0.690633149231132,0.7227703917545693,0.4052976369857788
matched_coord0.25,pca_ridge,7,CFB,0.07009735735465578,0.054607371075132666,0.6458461284637451
matched_coord0.25,pca_ridge,7,CCL19,0.5024286514393986,0.36391260542140735,0.46416497230529785
matched_coord0.25,pca_ridge,7,SNCG,0.41600075425468347,0.43373851258598933,0.4918780028820038
matched_coord0.25,pca_ridge,7,IGHG2,0.47870404624294904,0.406907012730585,0.6730493903160095
matched_coord0.25,spatial_knn,7,CRISP3,0.7866290492356697,0.730554203674486,0.7657367839462954
matched_coord0.25,spatial_knn,7,CPB1,0.026823660873024208,0.1742350528148038,1.054825062834046
matched_coord0.25,spatial_knn,7,IGHG3,0.4433699301097313,0.45211199494203314,1.1714183458733598
matched_coord0.25,spatial_knn,7,CD74,0.5615129792659402,0.5767544553249565,0.6603097918741216
matched_coord0.25,spatial_knn,7,IGLC2,0.45917351519677585,0.4477114284595003,1.2834928331768214
matched_coord0.25,spatial_knn,7,HLA-B,0.1920466385683814,0.21981315094192191,0.5145267569892747
matched_coord0.25,spatial_knn,7,IGKC,0.5365406857558213,0.5455887271153355,1.0569603394518996
matched_coord0.25,spatial_knn,7,MALAT1,0.39624663923178244,0.3234225155210562,0.7851657540845209
matched_coord0.25,spatial_knn,7,ALB,0.19449773722419594,0.12694469777120176,0.4189662590881899
matched_coord0.25,spatial_knn,7,IGHG4,0.4181469650423213,0.4990207562765692,0.8314950702239656
matched_coord0.25,spatial_knn,7,TFF3,0.28762408951866647,0.2989053512031451,0.7184002799676109
matched_coord0.25,spatial_knn,7,CXCL14,-0.02371111332326946,-0.028275490673728886,0.8455417230250636
matched_coord0.25,spatial_knn,7,IGHG1,0.4451631598042974,0.4650745452572315,0.9904828979888725
matched_coord0.25,spatial_knn,7,SLITRK6,0.7393481550405355,0.7255831143959499,0.47968755819557896
matched_coord0.25,spatial_knn,7,APOE,0.42092221194526974,0.45192907009965555,0.7492294295675206
matched_coord0.25,spatial_knn,7,MT-ND2,0.13856085404662008,0.10049135961101778,0.7080468309741345
matched_coord0.25,spatial_knn,7,CALML5,0.2716610952658628,0.27997547929115874,0.4840253187629475
matched_coord0.25,spatial_knn,7,HLA-DRA,0.5416084856665438,0.5734519685227246,0.591379946434113
matched_coord0.25,spatial_knn,7,S100G,0.25715782984461905,0.30497849728818877,0.9268527728518313
matched_coord0.25,spatial_knn,7,LINC00645,0.055655356875933426,-0.06712623068161068,0.2447794511744761
matched_coord0.25,spatial_knn,7,C3,0.4886660408590153,0.4753377836584491,0.7480683541506968
matched_coord0.25,spatial_knn,7,IGLC3,0.23991977458470654,0.274188228409348,0.9479578813209689
matched_coord0.25,spatial_knn,7,IGLC1,0.14522825359710517,0.22072366552402678,0.906348675043469
matched_coord0.25,spatial_knn,7,TIMP1,0.421218266293076,0.40667236138673113,0.7847657007282107
matched_coord0.25,spatial_knn,7,APOC1,0.1494397688137941,0.17513572168759473,0.7914775742432107
matched_coord0.25,spatial_knn,7,TFF1,-0.05022697090223743,-0.030002741062755283,0.8886119131826627
matched_coord0.25,spatial_knn,7,SCGB2A2,0.2299606461337503,0.21359634799950755,0.6304750963041361
matched_coord0.25,spatial_knn,7,SCGB1D2,0.18726377960441565,0.1530115283422851,0.5548767220956091
matched_coord0.25,spatial_knn,7,SERPINA3,-0.05089970660481007,-0.047605938716812894,0.9731016589723717
matched_coord0.25,spatial_knn,7,LINC00052,-0.005764860259902359,-0.00044350653777642585,0.1221927259515267
matched_coord0.25,spatial_knn,7,AGR2,0.07583749234170885,0.047905267545421716,0.5742529243861563
matched_coord0.25,spatial_knn,7,C6orf141,0.5947615716930847,0.5807007971509105,0.4783790617299823
matched_coord0.25,spatial_knn,7,LYZ,0.3302028580755248,0.3157506239013523,0.7142011976193592
matched_coord0.25,spatial_knn,7,CTSD,0.4222482586664219,0.4380572504115638,0.4461289398017362
matched_coord0.25,spatial_knn,7,HEBP1,0.1088939781035964,0.09276228412529797,0.5479659678534186
matched_coord0.25,spatial_knn,7,IGHM,0.24377933055477305,0.20913947583535583,0.9191828456780233
matched_coord0.25,spatial_knn,7,HLA-DRB1,0.5124059857394032,0.5594231302160437,0.5105308206807654
matched_coord0.25,spatial_knn,7,C1QA,0.3747856874722624,0.37179088248916786,0.681670205614961
matched_coord0.25,spatial_knn,7,IGHA1,0.2675323944859354,0.25846634266922086,0.843677317942037
matched_coord0.25,spatial_knn,7,DEGS1,0.21588249004524396,0.1748930768741023,0.5453969359612085
matched_coord0.25,spatial_knn,7,AC087379.2,-0.11070062299809949,-0.08397862949651065,0.5214703602443876
matched_coord0.25,spatial_knn,7,AEBP1,0.3038847760881494,0.2904371741473259,0.732924711571088
matched_coord0.25,spatial_knn,7,COL1A2,0.19917176638764936,0.14368129858133594,0.7869062454073421
matched_coord0.25,spatial_knn,7,GFRA1,0.13121899894846376,0.17509193711501944,0.4852181978810856
matched_coord0.25,spatial_knn,7,COL1A1,0.2518128992575985,0.23857431434122509,0.8284836322052714
matched_coord0.25,spatial_knn,7,HLA-E,0.21815737228673573,0.22870149223132943,0.5394975810889725
matched_coord0.25,spatial_knn,7,CFB,0.07132538326593564,0.05046419719848457,0.6407132364332492
matched_coord0.25,spatial_knn,7,CCL19,0.2381921081337463,0.19588268610560156,0.5431237285842758
matched_coord0.25,spatial_knn,7,SNCG,0.3473285254998776,0.3324082539926478,0.5365932109040511
matched_coord0.25,spatial_knn,7,IGHG2,0.23513995849704428,0.3047919500914731,0.7413473166004677
matched_coord0.5,mean,7,CRISP3,,,1.3958724737167358
matched_coord0.5,mean,7,CPB1,,,0.9100168943405151
matched_coord0.5,mean,7,IGHG3,,,1.5038586854934692
matched_coord0.5,mean,7,CD74,,,0.7666549682617188
matched_coord0.5,mean,7,IGLC2,,,1.5072991847991943
matched_coord0.5,mean,7,HLA-B,0.0,,0.6256400942802429
matched_coord0.5,mean,7,IGKC,,,1.3650318384170532
matched_coord0.5,mean,7,MALAT1,,,0.7435116767883301
matched_coord0.5,mean,7,ALB,,,0.4303516149520874
matched_coord0.5,mean,7,IGHG4,,,1.0097202062606812
matched_coord0.5,mean,7,TFF3,0.0,,0.6567322015762329
matched_coord0.5,mean,7,CXCL14,0.0,,0.6207069754600525
matched_coord0.5,mean,7,IGHG1,,,1.1872092485427856
matched_coord0.5,mean,7,SLITRK6,0.0,,0.7862164974212646
matched_coord0.5,mean,7,APOE,,,0.8199978470802307
matched_coord0.5,mean,7,MT-ND2,,,0.5660458207130432
matched_coord0.5,mean,7,CALML5,0.0,,0.5108072757720947
matched_coord0.5,mean,7,HLA-DRA,0.0,,0.7128636837005615
matched_coord0.5,mean,7,S100G,0.0,,0.9190336465835571
matched_coord0.5,mean,7,LINC00645,,,0.34763360023498535
matched_coord0.5,mean,7,C3,,,0.9016931056976318
matched_coord0.5,mean,7,IGLC3,0.0,,1.0070720911026
matched_coord0.5,mean,7,IGLC1,,,0.8844935297966003
matched_coord0.5,mean,7,TIMP1,,,0.9072033762931824
matched_coord0.5,mean,7,APOC1,0.0,,0.840884268283844
matched_coord0.5,mean,7,TFF1,,,0.8389705419540405
matched_coord0.5,mean,7,SCGB2A2,,,0.712714672088623
matched_coord0.5,mean,7,SCGB1D2,0.0,,0.7050715088844299
matched_coord0.5,mean,7,SERPINA3,,,1.0086413621902466
matched_coord0.5,mean,7,LINC00052,0.0,,0.15121524035930634
matched_coord0.5,mean,7,AGR2,,,0.5462890863418579
matched_coord0.5,mean,7,C6orf141,,,0.6408124566078186
matched_coord0.5,mean,7,LYZ,,,0.7874592542648315
matched_coord0.5,mean,7,CTSD,,,0.4801240861415863
matched_coord0.5,mean,7,HEBP1,,,0.5624133348464966
matched_coord0.5,mean,7,IGHM,0.0,,1.0558329820632935
matched_coord0.5,mean,7,HLA-DRB1,,,0.5922855734825134
matched_coord0.5,mean,7,C1QA,,,0.7459988594055176
matched_coord0.5,mean,7,IGHA1,0.0,,0.8688046336174011
matched_coord0.5,mean,7,DEGS1,0.0,,0.503142237663269
matched_coord0.5,mean,7,AC087379.2,,,0.4720679521560669
matched_coord0.5,mean,7,AEBP1,0.0,,0.7595886588096619
matched_coord0.5,mean,7,COL1A2,,,0.806359589099884
matched_coord0.5,mean,7,GFRA1,0.0,,0.570293664932251
matched_coord0.5,mean,7,COL1A1,,,0.8677129149436951
matched_coord0.5,mean,7,HLA-E,0.0,,0.5587804913520813
matched_coord0.5,mean,7,CFB,,,0.6569733023643494
matched_coord0.5,mean,7,CCL19,,,0.5338276624679565
matched_coord0.5,mean,7,SNCG,,,0.5301852226257324
matched_coord0.5,mean,7,IGHG2,,,0.8022348880767822
matched_coord0.5,pca_ridge,7,CRISP3,0.8044047463670975,0.6473995397522736,0.9516265392303467
matched_coord0.5,pca_ridge,7,CPB1,0.3296481694138199,0.3131403653316979,0.8461836576461792
matched_coord0.5,pca_ridge,7,IGHG3,0.8197313942748478,0.8053235464983611,0.9589895009994507
matched_coord0.5,pca_ridge,7,CD74,0.870487038526298,0.8548750751694743,0.41058555245399475
matched_coord0.5,pca_ridge,7,IGLC2,0.7859152217049679,0.770566375243052,0.9567694067955017
matched_coord0.5,pca_ridge,7,HLA-B,0.6302947938239803,0.6045110989477636,0.47233355045318604
matched_coord0.5,pca_ridge,7,IGKC,0.8054224628182187,0.7949943878770884,0.8214865922927856
matched_coord0.5,pca_ridge,7,MALAT1,0.7285336573286834,0.7452595310843426,0.5134835243225098
matched_coord0.5,pca_ridge,7,ALB,0.18393472428234856,0.1656994683117132,0.5280575752258301
matched_coord0.5,pca_ridge,7,IGHG4,0.7715945077251991,0.7626051717257276,0.6425328850746155
matched_coord0.5,pca_ridge,7,TFF3,0.5156677984487993,0.5535002024789487,0.5859789848327637
matched_coord0.5,pca_ridge,7,CXCL14,0.23132011959620136,0.29781491072321553,0.6207813024520874
matched_coord0.5,pca_ridge,7,IGHG1,0.8012153830626672,0.7922625297905493,0.7199549078941345
matched_coord0.5,pca_ridge,7,SLITRK6,0.7621620233355866,0.6235652908360247,0.5466517210006714
matched_coord0.5,pca_ridge,7,APOE,0.7912423023872033,0.80406316697807,0.5120776295661926
matched_coord0.5,pca_ridge,7,MT-ND2,0.4162486932512682,0.42073426973903566,0.5528987050056458
matched_coord0.5,pca_ridge,7,CALML5,0.36396284777590754,0.3915398175903667,0.4745793342590332
matched_coord0.5,pca_ridge,7,HLA-DRA,0.8359155059880471,0.7993606273866183,0.4034968316555023
matched_coord0.5,pca_ridge,7,S100G,0.5696354473886456,0.5094392175103571,0.7668980956077576
matched_coord0.5,pca_ridge,7,LINC00645,-0.024194290231886805,-0.0057344012316150475,0.4308370053768158
matched_coord0.5,pca_ridge,7,C3,0.8406269581285377,0.8026949179202545,0.5036201477050781
matched_coord0.5,pca_ridge,7,IGLC3,0.6813424434645889,0.6236221534209135,0.733044445514679
matched_coord0.5,pca_ridge,7,IGLC1,0.5459553134242867,0.537051642042533,0.7407388091087341
matched_coord0.5,pca_ridge,7,TIMP1,0.833403103189351,0.824342018730303,0.5338024497032166
matched_coord0.5,pca_ridge,7,APOC1,0.6285535692729723,0.6313716282696081,0.6158435940742493
matched_coord0.5,pca_ridge,7,TFF1,0.5489457114665216,0.6193504095264589,0.7352365255355835
matched_coord0.5,pca_ridge,7,SCGB2A2,0.2937870278618462,0.2910467454805563,0.6646589636802673
matched_coord0.5,pca_ridge,7,SCGB1D2,0.26228113430038646,0.24917875392804964,0.6350971460342407
matched_coord0.5,pca_ridge,7,SERPINA3,0.14768618896682295,0.15848834761384253,0.9904477596282959
matched_coord0.5,pca_ridge,7,LINC00052,0.027875804070812624,0.05781653118297483,0.1877264827489853
matched_coord0.5,pca_ridge,7,AGR2,0.5357754937397617,0.5363009023095561,0.4516505002975464
matched_coord0.5,pca_ridge,7,C6orf141,0.7274378104206326,0.6235394483623333,0.49069908261299133
matched_coord0.5,pca_ridge,7,LYZ,0.776313859437363,0.6869100601353744,0.48584461212158203
matched_coord0.5,pca_ridge,7,CTSD,0.7214760419826027,0.7397462437604675,0.33226892352104187
matched_coord0.5,pca_ridge,7,HEBP1,0.4836105249191167,0.4962924824293838,0.4994059205055237
matched_coord0.5,pca_ridge,7,IGHM,0.6234735930723796,0.5921947683670363,0.8284060955047607
matched_coord0.5,pca_ridge,7,HLA-DRB1,0.6991219226935595,0.6980033772760947,0.4163151681423187
matched_coord0.5,pca_ridge,7,C1QA,0.7902285852345398,0.7595720820404396,0.45632070302963257
matched_coord0.5,pca_ridge,7,IGHA1,0.5924157407367205,0.5877887248334825,0.6888847351074219
matched_coord0.5,pca_ridge,7,DEGS1,0.198115137088515,0.17396876661584856,0.5089563727378845
matched_coord0.5,pca_ridge,7,AC087379.2,0.35444206596124406,0.32789389690760024,0.4395334720611572
matched_coord0.5,pca_ridge,7,AEBP1,0.8062990505150307,0.7940787901329162,0.44886234402656555
matched_coord0.5,pca_ridge,7,COL1A2,0.7797903929494558,0.7904145468437925,0.5151423215866089
matched_coord0.5,pca_ridge,7,GFRA1,0.19830631210290253,0.20015155243392355,0.5246193408966064
matched_coord0.5,pca_ridge,7,COL1A1,0.7790826438613293,0.784028572040727,0.5617832541465759
matched_coord0.5,pca_ridge,7,HLA-E,0.7511696357462495,0.7644347442354925,0.36371368169784546
matched_coord0.5,pca_ridge,7,CFB,0.11001092308170257,0.09842441193047344,0.6731841564178467
matched_coord0.5,pca_ridge,7,CCL19,0.5498101600059524,0.39055843622686925,0.4483303129673004
matched_coord0.5,pca_ridge,7,SNCG,0.3991773477257132,0.4191323312792498,0.48052456974983215
matched_coord0.5,pca_ridge,7,IGHG2,0.5176521478848836,0.46275473536116885,0.6837476491928101
matched_coord0.5,spatial_knn,7,CRISP3,0.7473250227080338,0.713303636126472,0.8282336549123334
matched_coord0.5,spatial_knn,7,CPB1,-0.08760500489111461,0.06574094383784145,1.1608281238735012
matched_coord0.5,spatial_knn,7,IGHG3,0.4568192152192775,0.4628063211607867,1.2089705417740815
matched_coord0.5,spatial_knn,7,CD74,0.5581573384084336,0.5693997220592639,0.6646526939527541
matched_coord0.5,spatial_knn,7,IGLC2,0.4521013292631831,0.4422069927982153,1.317810822719334
matched_coord0.5,spatial_knn,7,HLA-B,0.20143422113688525,0.23996534850393567,0.5200451204052241
matched_coord0.5,spatial_knn,7,IGKC,0.5866223413893917,0.6016290991767118,1.084945947131018
matched_coord0.5,spatial_knn,7,MALAT1,0.2826945637699283,0.16917619505291634,0.8235000308151699
matched_coord0.5,spatial_knn,7,ALB,0.17660728772892942,0.1069815586245867,0.42475003205617345
matched_coord0.5,spatial_knn,7,IGHG4,0.4540677242090875,0.5538620906192282,0.849697355459794
matched_coord0.5,spatial_knn,7,TFF3,0.34142320024073464,0.35524132405819225,0.7557987009522505
matched_coord0.5,spatial_knn,7,CXCL14,-0.08528076084752201,-0.07775208947158141,0.8615095609678234
matched_coord0.5,spatial_knn,7,IGHG1,0.4513157887511755,0.486317131931772,1.0064150067391604
matched_coord0.5,spatial_knn,7,SLITRK6,0.7135635028594322,0.7128583145388604,0.4972872847689239
matched_coord0.5,spatial_knn,7,APOE,0.3725177656138468,0.4060298847232785,0.8070676082808135
matched_coord0.5,spatial_knn,7,MT-ND2,0.042058994739877086,0.009584835994171386,0.744603176468588
matched_coord0.5,spatial_knn,7,CALML5,0.25579076193723604,0.23834475203799993,0.5146410999374346
matched_coord0.5,spatial_knn,7,HLA-DRA,0.5588883642204846,0.5909095219031482,0.5871221755177262
matched_coord0.5,spatial_knn,7,S100G,0.3886803453051083,0.4113119515329455,0.9183092555698041
matched_coord0.5,spatial_knn,7,LINC00645,0.05396079702728329,-0.08275477256577274,0.2366052908674436
matched_coord0.5,spatial_knn,7,C3,0.4540646231252494,0.44112294392585505,0.7934831992464428
matched_coord0.5,spatial_knn,7,IGLC3,0.2062898532908115,0.26338664280786855,0.974432403958325
matched_coord0.5,spatial_knn,7,IGLC1,0.225470369371096,0.332806498217192,0.8915912517377679
matched_coord0.5,spatial_knn,7,TIMP1,0.3799866796451437,0.3622554858375998,0.8301186132626635
matched_coord0.5,spatial_knn,7,APOC1,0.08204572170296408,0.11229025831969554,0.8386365351850901
matched_coord0.5,spatial_knn,7,TFF1,-0.1485564550197028,-0.14453125164683633,0.9413938600857352
matched_coord0.5,spatial_knn,7,SCGB2A2,0.3271452462466759,0.30860563347510694,0.6188599382400526
matched_coord0.5,spatial_knn,7,SCGB1D2,0.2107348299892547,0.1843205068817534,0.5573880313627084
matched_coord0.5,spatial_knn,7,SERPINA3,-0.13535323283503206,-0.14103481787350586,1.0412880372388842
matched_coord0.5,spatial_knn,7,LINC00052,-0.0029504680987307063,0.0008944128117519108,0.12483946031508365
matched_coord0.5,spatial_knn,7,AGR2,-0.10498798447918925,-0.08507246380710913,0.5936578915976353
matched_coord0.5,spatial_knn,7,C6orf141,0.5623811855328917,0.529923186876642,0.48395281099580606
matched_coord0.5,spatial_knn,7,LYZ,0.33151499851010624,0.2990326233906705,0.7246677446084538
matched_coord0.5,spatial_knn,7,CTSD,0.4152276878837827,0.4307864961593187,0.4557013465956304
matched_coord0.5,spatial_knn,7,HEBP1,0.11043664898743143,0.09758730222621274,0.547442521628027
matched_coord0.5,spatial_knn,7,IGHM,0.21415182692790613,0.16668066118314911,0.9993272342089178
matched_coord0.5,spatial_knn,7,HLA-DRB1,0.5654525520191119,0.6102152731145025,0.47739686156608424
matched_coord0.5,spatial_knn,7,C1QA,0.3869817531047675,0.3759163817710891,0.6905544363211792
matched_coord0.5,spatial_knn,7,IGHA1,0.2944494009332382,0.2690737182002077,0.8344728781737725
matched_coord0.5,spatial_knn,7,DEGS1,0.1399225096508839,0.11372816990042142,0.5305868224311961
matched_coord0.5,spatial_knn,7,AC087379.2,-0.15254566221635674,-0.18019940060839626,0.5273854130472098
matched_coord0.5,spatial_knn,7,AEBP1,0.3173722488335405,0.3123682948779251,0.7372186246763061
matched_coord0.5,spatial_knn,7,COL1A2,0.2019602872378462,0.15926888179344095,0.824079687822799
matched_coord0.5,spatial_knn,7,GFRA1,0.10733095366390681,0.15078352177670254,0.47091247588171464
matched_coord0.5,spatial_knn,7,COL1A1,0.23815752588039055,0.26348687590539005,0.8746186069075528
matched_coord0.5,spatial_knn,7,HLA-E,0.18950685007480667,0.20059344780461877,0.531598809196162
matched_coord0.5,spatial_knn,7,CFB,0.07399226304357961,0.02938936086011637,0.6829007857426187
matched_coord0.5,spatial_knn,7,CCL19,0.1779296055954655,0.17694800414056708,0.5600239908019613
matched_coord0.5,spatial_knn,7,SNCG,0.37413177546655435,0.37082488235889904,0.5348490420133158
matched_coord0.5,spatial_knn,7,IGHG2,0.25767376657009367,0.34731048284172183,0.7669018237483375
matched_coord1.0,mean,7,CRISP3,,,1.2225701808929443
matched_coord1.0,mean,7,CPB1,,,0.7457231283187866
matched_coord1.0,mean,7,IGHG3,,,1.9154694080352783
matched_coord1.0,mean,7,CD74,,,0.6985405087471008
matched_coord1.0,mean,7,IGLC2,0.0,,1.8203389644622803
matched_coord1.0,mean,7,HLA-B,0.0,,0.5859392285346985
matched_coord1.0,mean,7,IGKC,0.0,,1.6431694030761719
matched_coord1.0,mean,7,MALAT1,,,0.7461082339286804
matched_coord1.0,mean,7,ALB,,,0.497745543718338
matched_coord1.0,mean,7,IGHG4,,,1.2208583354949951
matched_coord1.0,mean,7,TFF3,,,0.6704918742179871
matched_coord1.0,mean,7,CXCL14,,,0.5838302373886108
matched_coord1.0,mean,7,IGHG1,,,1.4329572916030884
matched_coord1.0,mean,7,SLITRK6,0.0,,0.6683250069618225
matched_coord1.0,mean,7,APOE,,,0.8116611838340759
matched_coord1.0,mean,7,MT-ND2,,,0.5228042006492615
matched_coord1.0,mean,7,CALML5,,,0.4842891991138458
matched_coord1.0,mean,7,HLA-DRA,,,0.6348832845687866
matched_coord1.0,mean,7,S100G,0.0,,0.9091033935546875
matched_coord1.0,mean,7,LINC00645,,,0.3535805642604828
matched_coord1.0,mean,7,C3,0.0,,1.0299842357635498
matched_coord1.0,mean,7,IGLC3,,,1.2898707389831543
matched_coord1.0,mean,7,IGLC1,0.0,,1.2703059911727905
matched_coord1.0,mean,7,TIMP1,,,0.8759153485298157
matched_coord1.0,mean,7,APOC1,,,0.847960352897644
matched_coord1.0,mean,7,TFF1,,,0.7159208059310913
matched_coord1.0,mean,7,SCGB2A2,,,0.673492431640625
matched_coord1.0,mean,7,SCGB1D2,,,0.6573176980018616
matched_coord1.0,mean,7,SERPINA3,,,1.000208854675293
matched_coord1.0,mean,7,LINC00052,0.0,,0.1853998452425003
matched_coord1.0,mean,7,AGR2,,,0.5469407439231873
matched_coord1.0,mean,7,C6orf141,,,0.5398188233375549
matched_coord1.0,mean,7,LYZ,,,0.7451058030128479
matched_coord1.0,mean,7,CTSD,0.0,,0.5060229897499084
matched_coord1.0,mean,7,HEBP1,,,0.5752214193344116
matched_coord1.0,mean,7,IGHM,0.0,,1.1028465032577515
matched_coord1.0,mean,7,HLA-DRB1,0.0,,0.4919654428958893
matched_coord1.0,mean,7,C1QA,,,0.7343090772628784
matched_coord1.0,mean,7,IGHA1,,,1.11655592918396
matched_coord1.0,mean,7,DEGS1,0.0,,0.4927683472633362
matched_coord1.0,mean,7,AC087379.2,,,0.4422543942928314
matched_coord1.0,mean,7,AEBP1,0.0,,0.7624920010566711
matched_coord1.0,mean,7,COL1A2,0.0,,0.7185393571853638
matched_coord1.0,mean,7,GFRA1,,,0.6051495671272278
matched_coord1.0,mean,7,COL1A1,,,0.7900073528289795
matched_coord1.0,mean,7,HLA-E,0.0,,0.5242229700088501
matched_coord1.0,mean,7,CFB,,,0.6626903414726257
matched_coord1.0,mean,7,CCL19,,,0.6677518486976624
matched_coord1.0,mean,7,SNCG,,,0.5330421924591064
matched_coord1.0,mean,7,IGHG2,,,1.0152595043182373
matched_coord1.0,pca_ridge,7,CRISP3,0.7172036309918991,0.52889175033158,0.934028148651123
matched_coord1.0,pca_ridge,7,CPB1,0.2741729223238208,0.2825370957045793,0.7143878936767578
matched_coord1.0,pca_ridge,7,IGHG3,0.7961757139754192,0.8030853761622995,1.2632699012756348
matched_coord1.0,pca_ridge,7,CD74,0.8120287871565777,0.8545621799015465,0.43971115350723267
matched_coord1.0,pca_ridge,7,IGLC2,0.7403309946048265,0.7698224852071006,1.1751717329025269
matched_coord1.0,pca_ridge,7,HLA-B,0.5088527704336765,0.6198945850529561,0.4659457504749298
matched_coord1.0,pca_ridge,7,IGKC,0.7826783772819317,0.8036223957038438,0.9840381145477295
matched_coord1.0,pca_ridge,7,MALAT1,0.5912134582000814,0.7159688727562032,0.6124842166900635
matched_coord1.0,pca_ridge,7,ALB,0.22338540895558287,0.19768339099728643,0.5417899489402771
matched_coord1.0,pca_ridge,7,IGHG4,0.7588567141093022,0.7755780418676347,0.7640941143035889
matched_coord1.0,pca_ridge,7,TFF3,0.5559577547992077,0.5684227537168715,0.6046529412269592
matched_coord1.0,pca_ridge,7,CXCL14,0.1574491676286893,0.1633236557876949,0.6390330195426941
matched_coord1.0,pca_ridge,7,IGHG1,0.757835831590195,0.7832802943662672,0.8805287480354309
matched_coord1.0,pca_ridge,7,SLITRK6,0.7045868818825732,0.5441324287407507,0.5060333609580994
matched_coord1.0,pca_ridge,7,APOE,0.6491525868490122,0.6535328924469197,0.6532872915267944
matched_coord1.0,pca_ridge,7,MT-ND2,0.3820266996057707,0.4108622147083686,0.5235921144485474
matched_coord1.0,pca_ridge,7,CALML5,0.32828373445892783,0.39543284769529113,0.46928754448890686
matched_coord1.0,pca_ridge,7,HLA-DRA,0.8472720532528414,0.8282382775595446,0.3536740243434906
matched_coord1.0,pca_ridge,7,S100G,0.656986331518544,0.6193242017279044,0.7428238987922668
matched_coord1.0,pca_ridge,7,LINC00645,-0.08825601199973049,-0.05810643180164139,0.4415310323238373
matched_coord1.0,pca_ridge,7,C3,0.8269837255778583,0.842253519376076,0.5858241319656372
matched_coord1.0,pca_ridge,7,IGLC3,0.6508688693931776,0.6838481618715887,0.9280719757080078
matched_coord1.0,pca_ridge,7,IGLC1,0.6056438979311614,0.633845985941289,0.9494932889938354
matched_coord1.0,pca_ridge,7,TIMP1,0.7939969512668473,0.7979339664860027,0.5074451565742493
matched_coord1.0,pca_ridge,7,APOC1,0.5063297211343536,0.5159070383789958,0.7222692966461182
matched_coord1.0,pca_ridge,7,TFF1,0.5255272894721041,0.5620658856260631,0.6801140308380127
matched_coord1.0,pca_ridge,7,SCGB2A2,0.2197859970779525,0.26302230006643174,0.6366919279098511
matched_coord1.0,pca_ridge,7,SCGB1D2,0.2627716451420516,0.320835813638474,0.5899847149848938
matched_coord1.0,pca_ridge,7,SERPINA3,0.3198977940573673,0.30319476903187315,0.9674444198608398
matched_coord1.0,pca_ridge,7,LINC00052,0.03460427653349017,0.061939012364623895,0.21026262640953064
matched_coord1.0,pca_ridge,7,AGR2,0.6315218279721649,0.6699758092005421,0.4025346338748932
matched_coord1.0,pca_ridge,7,C6orf141,0.6836159876170006,0.5715691678001074,0.436132550239563
matched_coord1.0,pca_ridge,7,LYZ,0.7130262490882187,0.6889615560433978,0.5317375659942627
matched_coord1.0,pca_ridge,7,CTSD,0.6620425230162238,0.7074316962308663,0.3847087621688843
matched_coord1.0,pca_ridge,7,HEBP1,0.2893909436911276,0.26229451418250466,0.5184947848320007
matched_coord1.0,pca_ridge,7,IGHM,0.6881598439219856,0.7220061285389363,0.7856874465942383
matched_coord1.0,pca_ridge,7,HLA-DRB1,0.5946134599878179,0.5937322858137338,0.40684425830841064
matched_coord1.0,pca_ridge,7,C1QA,0.8015361527010932,0.8083114752685023,0.4426151514053345
matched_coord1.0,pca_ridge,7,IGHA1,0.6053552009941561,0.668384636232577,0.8326640725135803
matched_coord1.0,pca_ridge,7,DEGS1,0.1360262901516495,0.10176850916686332,0.5145084261894226
matched_coord1.0,pca_ridge,7,AC087379.2,0.3352374521461539,0.2808422316072306,0.4163334369659424
matched_coord1.0,pca_ridge,7,AEBP1,0.8000089641484914,0.8130520935137592,0.42522963881492615
matched_coord1.0,pca_ridge,7,COL1A2,0.7237025888294653,0.7327710784964113,0.5008084774017334
matched_coord1.0,pca_ridge,7,GFRA1,0.07656459884533351,0.043928596545495184,0.5704436898231506
matched_coord1.0,pca_ridge,7,COL1A1,0.7236091780247076,0.7027775239780111,0.5453984141349792
matched_coord1.0,pca_ridge,7,HLA-E,0.6903099039196997,0.7443836706280146,0.38202276825904846
matched_coord1.0,pca_ridge,7,CFB,0.10277039278992013,0.08759439855471371,0.6718931198120117
matched_coord1.0,pca_ridge,7,CCL19,0.6302721745687746,0.502224017037469,0.5169907212257385
matched_coord1.0,pca_ridge,7,SNCG,0.3693042434878445,0.3778135728016034,0.488037645816803
matched_coord1.0,pca_ridge,7,IGHG2,0.549182186095552,0.5123077676815706,0.8403939008712769
matched_coord1.0,spatial_knn,7,CRISP3,0.745088532484103,0.6669965555321794,0.8013110794146524
matched_coord1.0,spatial_knn,7,CPB1,-0.066007124122016,0.04540179839504034,1.0908466952369569
matched_coord1.0,spatial_knn,7,IGHG3,0.4289411188988859,0.3570210332653772,1.505824809691738
matched_coord1.0,spatial_knn,7,CD74,0.4198994406423139,0.45152901397245293,0.6464504561251924
matched_coord1.0,spatial_knn,7,IGLC2,0.4432892867524504,0.3399607180150167,1.4604515778701268
matched_coord1.0,spatial_knn,7,HLA-B,0.15949064866790988,0.16927054845606887,0.5071476806834877
matched_coord1.0,spatial_knn,7,IGKC,0.49004534816313033,0.48255432350454985,1.317976033953578
matched_coord1.0,spatial_knn,7,MALAT1,0.23404528082601336,0.2077097111033763,0.8160996666067523
matched_coord1.0,spatial_knn,7,ALB,0.2737691669297679,0.20263400239937254,0.494567212736599
matched_coord1.0,spatial_knn,7,IGHG4,0.36678253695275936,0.42426035502958587,1.0241073236216698
matched_coord1.0,spatial_knn,7,TFF3,0.5579912860970808,0.5905971856198101,0.7536798835397974
matched_coord1.0,spatial_knn,7,CXCL14,0.06759800805839451,0.07521758938989406,0.7406791324474521
matched_coord1.0,spatial_knn,7,IGHG1,0.2905971945570247,0.26846999154691464,1.2031837266003516
matched_coord1.0,spatial_knn,7,SLITRK6,0.6905942022373103,0.626560774549379,0.4647630261536993
matched_coord1.0,spatial_knn,7,APOE,0.18187803853897805,0.2143329521157576,0.8349551051624529
matched_coord1.0,spatial_knn,7,MT-ND2,-0.14559252135538236,-0.19559693699965194,0.7050538561718849
matched_coord1.0,spatial_knn,7,CALML5,0.03187687660585098,0.06911889015961416,0.5367701981383898
matched_coord1.0,spatial_knn,7,HLA-DRA,0.41776088532601124,0.43929441599124863,0.5813372155321116
matched_coord1.0,spatial_knn,7,S100G,0.5017560996595872,0.5345682403792104,0.9074223387971347
matched_coord1.0,spatial_knn,7,LINC00645,0.18220563886173213,0.025605878276810653,0.23920428352151432
matched_coord1.0,spatial_knn,7,C3,0.37946909693623554,0.3748199833549425,0.8943233114994233
matched_coord1.0,spatial_knn,7,IGLC3,-0.0031910689285231182,0.045317128567878597,1.2045080981054583
matched_coord1.0,spatial_knn,7,IGLC1,0.1845419932482212,0.4411535640934101,1.1802809130560161
matched_coord1.0,spatial_knn,7,TIMP1,0.324175544540568,0.3119138779772264,0.7639816371414364
matched_coord1.0,spatial_knn,7,APOC1,-0.04077009068672343,-0.0737768346780727,0.8654169214265699
matched_coord1.0,spatial_knn,7,TFF1,-0.4406354032952237,-0.46067727902480127,0.8741814693678005
matched_coord1.0,spatial_knn,7,SCGB2A2,0.3290586659860053,0.29722445096579975,0.576088293219023
matched_coord1.0,spatial_knn,7,SCGB1D2,0.20518332372301887,0.22627208115902217,0.543770707751476
matched_coord1.0,spatial_knn,7,SERPINA3,-0.24248002173813815,-0.2848764357814132,1.053762545549592
matched_coord1.0,spatial_knn,7,LINC00052,-0.045205134026843424,-0.07570347698074502,0.16988295620757554
matched_coord1.0,spatial_knn,7,AGR2,-0.0729270831895507,-0.02136646951045714,0.5873160423990235
matched_coord1.0,spatial_knn,7,C6orf141,0.5397841186249404,0.4747862784128488,0.4481926723157244
matched_coord1.0,spatial_knn,7,LYZ,0.1868924992891266,0.15613301104782867,0.7549004836116588
matched_coord1.0,spatial_knn,7,CTSD,0.40247685801900024,0.45413455322957585,0.4684104047006168
matched_coord1.0,spatial_knn,7,HEBP1,0.16712743650128253,0.19839947054007384,0.5030178680484573
matched_coord1.0,spatial_knn,7,IGHM,0.1820613826184558,0.09860212447436048,1.0007942416792766
matched_coord1.0,spatial_knn,7,HLA-DRB1,0.43573116083993507,0.444898314355328,0.45380364072368823
matched_coord1.0,spatial_knn,7,C1QA,0.30199499574901756,0.3211590816105341,0.7054460238441599
matched_coord1.0,spatial_knn,7,IGHA1,0.2254810274522575,0.15556450590398113,1.0697038554648786
matched_coord1.0,spatial_knn,7,DEGS1,-0.03741074899360538,-0.062427603176730434,0.5690753778072896
matched_coord1.0,spatial_knn,7,AC087379.2,0.04372800833424536,-0.03973634905554037,0.4626956643323265
matched_coord1.0,spatial_knn,7,AEBP1,0.38057151138152223,0.3114397877782679,0.6555862459275017
matched_coord1.0,spatial_knn,7,COL1A2,0.010602022045854968,-0.0706914565980549,0.7277120370204034
matched_coord1.0,spatial_knn,7,GFRA1,-0.006009714241116659,-0.01306819434896867,0.5304857207892393
matched_coord1.0,spatial_knn,7,COL1A1,0.12738524478865404,0.12898297510256526,0.7993105276338115
matched_coord1.0,spatial_knn,7,HLA-E,0.13294290585651206,0.16440007955845062,0.5279570343350655
matched_coord1.0,spatial_knn,7,CFB,0.20468327222205335,0.1409498592206831,0.6463106354273491
matched_coord1.0,spatial_knn,7,CCL19,0.22436455987141138,0.19536083185709424,0.6587002368294609
matched_coord1.0,spatial_knn,7,SNCG,0.40340775034673915,0.3731414902807327,0.491564962353165
matched_coord1.0,spatial_knn,7,IGHG2,0.15755171545096686,0.29298261854102375,0.9864058861760204
random,mean,8,CRISP3,,,0.8850451111793518
random,mean,8,CPB1,,,0.9119209051132202
random,mean,8,IGHG3,0.0,,1.0377159118652344
random,mean,8,CD74,0.0,,0.572687566280365
random,mean,8,IGLC2,0.0,,1.170501708984375
random,mean,8,HLA-B,0.0,,0.4664313495159149
random,mean,8,IGKC,0.0,,0.9888275861740112
random,mean,8,MALAT1,0.0,,0.7340394854545593
random,mean,8,ALB,,,0.781785786151886
random,mean,8,IGHG4,,,0.7575882077217102
random,mean,8,TFF3,0.0,,0.6236464381217957
random,mean,8,CXCL14,0.0,,0.8490701913833618
random,mean,8,IGHG1,0.0,,0.928466260433197
random,mean,8,SLITRK6,,,0.5103772282600403
random,mean,8,APOE,,,0.6702883839607239
random,mean,8,MT-ND2,,,0.5610164999961853
random,mean,8,CALML5,0.0,,0.5241619348526001
random,mean,8,HLA-DRA,,,0.589632511138916
random,mean,8,S100G,,,0.8055601119995117
random,mean,8,LINC00645,,,0.49555760622024536
random,mean,8,C3,,,0.7670642137527466
random,mean,8,IGLC3,0.0,,0.888681948184967
random,mean,8,IGLC1,,,0.8887293934822083
random,mean,8,TIMP1,,,0.7669954895973206
random,mean,8,APOC1,,,0.6572136878967285
random,mean,8,TFF1,,,0.6840072870254517
random,mean,8,SCGB2A2,0.0,,0.7656412720680237
random,mean,8,SCGB1D2,0.0,,0.7259693145751953
random,mean,8,SERPINA3,0.0,,0.6705922484397888
random,mean,8,LINC00052,,,0.29240331053733826
random,mean,8,AGR2,0.0,,0.6251652240753174
random,mean,8,C6orf141,,,0.43175405263900757
random,mean,8,LYZ,0.0,,0.705363392829895
random,mean,8,CTSD,0.0,,0.47594332695007324
random,mean,8,HEBP1,,,0.6623746156692505
random,mean,8,IGHM,,,0.8089771270751953
random,mean,8,HLA-DRB1,,,0.5642178654670715
random,mean,8,C1QA,,,0.714897632598877
random,mean,8,IGHA1,,,0.8210200071334839
random,mean,8,DEGS1,0.0,,0.6550955772399902
random,mean,8,AC087379.2,0.0,,0.46166062355041504
random,mean,8,AEBP1,,,0.6958579421043396
random,mean,8,COL1A2,,,0.7286815047264099
random,mean,8,GFRA1,,,0.6439729332923889
random,mean,8,COL1A1,0.0,,0.7270670533180237
random,mean,8,HLA-E,,,0.5457464456558228
random,mean,8,CFB,0.0,,0.571125328540802
random,mean,8,CCL19,,,0.5853955149650574
random,mean,8,SNCG,0.0,,0.6177799701690674
random,mean,8,IGHG2,0.0,,0.675811231136322
random,pca_ridge,8,CRISP3,0.7016690103963273,0.3832861522635829,0.6311187744140625
random,pca_ridge,8,CPB1,0.49959279306106685,0.5133206061763392,0.790449857711792
random,pca_ridge,8,IGHG3,0.7052974823419116,0.7131240489556671,0.7419108748435974
random,pca_ridge,8,CD74,0.8030315909888301,0.8147345930335128,0.34181177616119385
random,pca_ridge,8,IGLC2,0.6890781915261401,0.7028732828721631,0.8512052297592163
random,pca_ridge,8,HLA-B,0.6997213268706303,0.7217999529370313,0.333746075630188
random,pca_ridge,8,IGKC,0.7176624258127383,0.7539743458590046,0.6893866062164307
random,pca_ridge,8,MALAT1,0.6396953539816723,0.6627952043926149,0.5667700171470642
random,pca_ridge,8,ALB,0.410625671927973,0.2348196949339848,0.7175049781799316
random,pca_ridge,8,IGHG4,0.7022624175496405,0.7078445396645991,0.5424332618713379
random,pca_ridge,8,TFF3,0.619049773116395,0.6349292455241438,0.4899413287639618
random,pca_ridge,8,CXCL14,0.6858635864644563,0.5430587825885271,0.6195245981216431
random,pca_ridge,8,IGHG1,0.7127767763642419,0.7285051614550624,0.6538942456245422
random,pca_ridge,8,SLITRK6,0.6524524113742063,0.40486249774723965,0.3876514434814453
random,pca_ridge,8,APOE,0.7758835791367341,0.796306899754949,0.42324507236480713
random,pca_ridge,8,MT-ND2,0.5733296487174541,0.6056077444070063,0.45986801385879517
random,pca_ridge,8,CALML5,0.6113327864107547,0.6059575005265552,0.4155235290527344
random,pca_ridge,8,HLA-DRA,0.7808985714726235,0.8044206040289883,0.3683813512325287
random,pca_ridge,8,S100G,0.6020217436863158,0.5832994836650798,0.6431077122688293
random,pca_ridge,8,LINC00645,0.4374683165676167,0.35788203273590674,0.446478009223938
random,pca_ridge,8,C3,0.719582934386784,0.704984882441744,0.5327747464179993
random,pca_ridge,8,IGLC3,0.5521994129527205,0.4775746278577579,0.7422167062759399
random,pca_ridge,8,IGLC1,0.51605365400263,0.49809972072463954,0.7634680867195129
random,pca_ridge,8,TIMP1,0.7237731430681545,0.7179546693868829,0.5306525826454163
random,pca_ridge,8,APOC1,0.67278972151745,0.6834044493381941,0.48643770813941956
random,pca_ridge,8,TFF1,0.4746294159549095,0.49185461565623384,0.603083610534668
random,pca_ridge,8,SCGB2A2,0.5646712334219786,0.5751400383542326,0.6324517726898193
random,pca_ridge,8,SCGB1D2,0.5518891830621881,0.5679027358830793,0.6064305901527405
random,pca_ridge,8,SERPINA3,0.4333748889938468,0.4872377670781232,0.6046485900878906
random,pca_ridge,8,LINC00052,0.4174341229419948,0.2768714933556087,0.265998899936676
random,pca_ridge,8,AGR2,0.6201676661894797,0.5600346134253611,0.4907839000225067
random,pca_ridge,8,C6orf141,0.5512690130521433,0.3693118563341827,0.36186280846595764
random,pca_ridge,8,LYZ,0.7017112817636006,0.7293397822016506,0.5025546550750732
random,pca_ridge,8,CTSD,0.6432198532234454,0.6879779122873044,0.36491191387176514
random,pca_ridge,8,HEBP1,0.577215090292652,0.5810653953666519,0.5408391356468201
random,pca_ridge,8,IGHM,0.4835752899419685,0.4433792462712886,0.7084495425224304
random,pca_ridge,8,HLA-DRB1,0.67771661711219,0.7109060505991456,0.41524001955986023
random,pca_ridge,8,C1QA,0.7138934010724585,0.7244231288806754,0.5006784796714783
random,pca_ridge,8,IGHA1,0.4607305449426005,0.4493814973837541,0.7288411855697632
random,pca_ridge,8,DEGS1,0.555785932080379,0.43610145355343577,0.544603168964386
random,pca_ridge,8,AC087379.2,0.4584262007016986,0.35318664818101525,0.41063958406448364
random,pca_ridge,8,AEBP1,0.6955719100890444,0.7154534738506184,0.5002961754798889
random,pca_ridge,8,COL1A2,0.6835491158827884,0.7078024986667455,0.5331101417541504
random,pca_ridge,8,GFRA1,0.5801511460645122,0.4695558744061921,0.524565577507019
random,pca_ridge,8,COL1A1,0.6902359104325256,0.7003508140700738,0.5262669324874878
random,pca_ridge,8,HLA-E,0.6306416397672423,0.70740208362071,0.42423364520072937
random,pca_ridge,8,CFB,0.36098765366200586,0.37644048101952804,0.533167839050293
random,pca_ridge,8,CCL19,0.487989124847582,0.3887628629043569,0.5117573142051697
random,pca_ridge,8,SNCG,0.4963487234210537,0.49569086747787006,0.5371496081352234
random,pca_ridge,8,IGHG2,0.40082041366251864,0.311402991198837,0.6193932294845581
random,spatial_knn,8,CRISP3,0.8350011049642563,0.43525241997785696,0.4875903388380575
random,spatial_knn,8,CPB1,0.7969113184363628,0.7452401026482832,0.5525116206985019
random,spatial_knn,8,IGHG3,0.7684821933464657,0.7279655364528936,0.6665286023393401
random,spatial_knn,8,CD74,0.7802562002036697,0.7819068016143563,0.3582626660984785
random,spatial_knn,8,IGLC2,0.7321183115600101,0.7254109066389014,0.7979524126390113
random,spatial_knn,8,HLA-B,0.7619040327164064,0.7794228465582221,0.3022467417113888
random,spatial_knn,8,IGKC,0.7540911342671338,0.7621755123809371,0.6499374502812667
random,spatial_knn,8,MALAT1,0.57912833299827,0.5950261536775124,0.609792567013288
random,spatial_knn,8,ALB,0.8023819794836548,0.2940771275693596,0.46579753149426417
random,spatial_knn,8,IGHG4,0.7181380528546979,0.7003901232062979,0.5285888728657776
random,spatial_knn,8,TFF3,0.7094596863516002,0.7499188344598627,0.4420337813232118
random,spatial_knn,8,CXCL14,0.768878683337194,0.6176437504309642,0.5462848582270924
random,spatial_knn,8,IGHG1,0.7157274751011818,0.7079587344548472,0.6496378970884837
random,spatial_knn,8,SLITRK6,0.7485683096946449,0.3851237660549589,0.3402708713483162
random,spatial_knn,8,APOE,0.6653250475335094,0.6707134643334721,0.503267642479803
random,spatial_knn,8,MT-ND2,0.5856343348788294,0.5822556652762847,0.459561860056319
random,spatial_knn,8,CALML5,0.727169189448202,0.707673930053753,0.36195006510846867
random,spatial_knn,8,HLA-DRA,0.7152982929815295,0.740344102789235,0.41376398880673343
random,spatial_knn,8,S100G,0.7399759262754357,0.7016782777319972,0.5427301206388823
random,spatial_knn,8,LINC00645,0.6661894640156487,0.41598622247934186,0.3724290241905106
random,spatial_knn,8,C3,0.6389348060060165,0.6194786755466649,0.5919136481886211
random,spatial_knn,8,IGLC3,0.5863027946009501,0.47109704722431656,0.7219262115437892
random,spatial_knn,8,IGLC1,0.5106049268411196,0.4665826196509563,0.7673195958686948
random,spatial_knn,8,TIMP1,0.6225050991573244,0.612997883721911,0.6016203665075742
random,spatial_knn,8,APOC1,0.6144896582662538,0.6028047310141428,0.5221422024770844
random,spatial_knn,8,TFF1,0.5998441853430264,0.6081470233246585,0.5523789953581181
random,spatial_knn,8,SCGB2A2,0.6242430127852953,0.6050669234652488,0.5997243718815108
random,spatial_knn,8,SCGB1D2,0.5803515626266874,0.5733454356493924,0.5973027354870192
random,spatial_knn,8,SERPINA3,0.6644345002864415,0.6649791884011816,0.5006203246504235
random,spatial_knn,8,LINC00052,0.6874570191621974,0.3034922962146377,0.21354215921656902
random,spatial_knn,8,AGR2,0.6125972314713481,0.5650990208914737,0.4995508875580368
random,spatial_knn,8,C6orf141,0.6296933653647225,0.344061692437821,0.33740263656047337
random,spatial_knn,8,LYZ,0.6103146761472218,0.6391945158513018,0.5627960996295895
random,spatial_knn,8,CTSD,0.540915161225345,0.5570553943780707,0.40426345561256105
random,spatial_knn,8,HEBP1,0.6182104994974854,0.5713708683812497,0.5220016284771436
random,spatial_knn,8,IGHM,0.6030551089473579,0.4975784693720868,0.6491647657745643
random,spatial_knn,8,HLA-DRB1,0.6117659647069394,0.633479492192416,0.4505491324829438
random,spatial_knn,8,C1QA,0.5818693071293786,0.6029617255537278,0.5829593347986738
random,spatial_knn,8,IGHA1,0.5493435282364646,0.49633484266319344,0.6900230562790131
random,spatial_knn,8,DEGS1,0.6282436120382087,0.5286590082403569,0.5117287882931458
random,spatial_knn,8,AC087379.2,0.6183330000850654,0.3799824038816064,0.3632884639168257
random,spatial_knn,8,AEBP1,0.4924416854911166,0.5089438741330978,0.6128664750896627
random,spatial_knn,8,COL1A2,0.5149390853250195,0.5426681783998563,0.6297355351367673
random,spatial_knn,8,GFRA1,0.6204418941089166,0.49126282510204095,0.5078316889834972
random,spatial_knn,8,COL1A1,0.5617848168781293,0.5866873955342192,0.6039555676981553
random,spatial_knn,8,HLA-E,0.5543413363877759,0.6264851166554016,0.4578881898086807
random,spatial_knn,8,CFB,0.5306873681192986,0.5709233574432326,0.48792557547402154
random,spatial_knn,8,CCL19,0.5692341686733824,0.44673955361160955,0.4832705156253322
random,spatial_knn,8,SNCG,0.5609994059674075,0.5170112127347453,0.5156951228129929
random,spatial_knn,8,IGHG2,0.49410627381576244,0.3359804464579662,0.5898507519786041
matched_hop0,mean,8,CRISP3,0.0,,0.6546719074249268
matched_hop0,mean,8,CPB1,,,1.2929320335388184
matched_hop0,mean,8,IGHG3,,,0.7977928519248962
matched_hop0,mean,8,CD74,,,0.5789300203323364
matched_hop0,mean,8,IGLC2,,,0.9246160387992859
matched_hop0,mean,8,HLA-B,,,0.5173699855804443
matched_hop0,mean,8,IGKC,,,0.8383240699768066
matched_hop0,mean,8,MALAT1,0.0,,0.7077241539955139
matched_hop0,mean,8,ALB,,,0.43659794330596924
matched_hop0,mean,8,IGHG4,,,0.5962137579917908
matched_hop0,mean,8,TFF3,,,0.48401153087615967
matched_hop0,mean,8,CXCL14,,,0.7307226061820984
matched_hop0,mean,8,IGHG1,,,0.7321970462799072
matched_hop0,mean,8,SLITRK6,0.0,,0.37609949707984924
matched_hop0,mean,8,APOE,0.0,,0.6470247507095337
matched_hop0,mean,8,MT-ND2,0.0,,0.5929847955703735
matched_hop0,mean,8,CALML5,,,0.6973613500595093
matched_hop0,mean,8,HLA-DRA,,,0.6143076419830322
matched_hop0,mean,8,S100G,0.0,,0.5698551535606384
matched_hop0,mean,8,LINC00645,,,0.8051794171333313
matched_hop0,mean,8,C3,,,0.6570367813110352
matched_hop0,mean,8,IGLC3,,,0.6928877830505371
matched_hop0,mean,8,IGLC1,,,0.718975305557251
matched_hop0,mean,8,TIMP1,,,0.7003111243247986
matched_hop0,mean,8,APOC1,,,0.6678770780563354
matched_hop0,mean,8,TFF1,,,0.7003987431526184
matched_hop0,mean,8,SCGB2A2,,,0.7665771842002869
matched_hop0,mean,8,SCGB1D2,0.0,,0.7520244121551514
matched_hop0,mean,8,SERPINA3,,,0.519359827041626
matched_hop0,mean,8,LINC00052,0.0,,0.45964452624320984
matched_hop0,mean,8,AGR2,,,0.4909168779850006
matched_hop0,mean,8,C6orf141,0.0,,0.33029159903526306
matched_hop0,mean,8,LYZ,,,0.779449462890625
matched_hop0,mean,8,CTSD,,,0.5075235962867737
matched_hop0,mean,8,HEBP1,0.0,,0.6449683904647827
matched_hop0,mean,8,IGHM,0.0,,0.6971294283866882
matched_hop0,mean,8,HLA-DRB1,,,0.5973902344703674
matched_hop0,mean,8,C1QA,,,0.6502656936645508
matched_hop0,mean,8,IGHA1,,,0.7002073526382446
matched_hop0,mean,8,DEGS1,,,0.6001683473587036
matched_hop0,mean,8,AC087379.2,,,0.3229730725288391
matched_hop0,mean,8,AEBP1,,,0.6665515303611755
matched_hop0,mean,8,COL1A2,,,0.6907783150672913
matched_hop0,mean,8,GFRA1,0.0,,0.5231577157974243
matched_hop0,mean,8,COL1A1,,,0.7121535539627075
matched_hop0,mean,8,HLA-E,,,0.5251191258430481
matched_hop0,mean,8,CFB,,,0.6127002239227295
matched_hop0,mean,8,CCL19,,,0.5480058789253235
matched_hop0,mean,8,SNCG,,,0.7775010466575623
matched_hop0,mean,8,IGHG2,,,0.5113536715507507
matched_hop0,pca_ridge,8,CRISP3,0.08157049471094584,0.06268833153016724,0.5851616263389587
matched_hop0,pca_ridge,8,CPB1,0.07938372943047882,0.07039430535180774,1.1958039999008179
matched_hop0,pca_ridge,8,IGHG3,0.5819920315721128,0.5626347637507912,0.7161905765533447
matched_hop0,pca_ridge,8,CD74,0.7667378870464656,0.773755898722963,0.3798673450946808
matched_hop0,pca_ridge,8,IGLC2,0.4767741649404549,0.49269116318515865,0.9359052181243896
matched_hop0,pca_ridge,8,HLA-B,0.5461964723377177,0.5652612660626148,0.3931056559085846
matched_hop0,pca_ridge,8,IGKC,0.5845712959022633,0.5956570381141343,0.7603669762611389
matched_hop0,pca_ridge,8,MALAT1,0.6283885730186379,0.6453955470835336,0.5229780077934265
matched_hop0,pca_ridge,8,ALB,0.06336981857092662,0.06326477728921798,0.5561383366584778
matched_hop0,pca_ridge,8,IGHG4,0.5639396353817091,0.5356886188735925,0.52735835313797
matched_hop0,pca_ridge,8,TFF3,0.31798739236323026,0.28744534959464235,0.4322337508201599
matched_hop0,pca_ridge,8,CXCL14,0.3339386831873298,0.2628716611007946,0.5869448781013489
matched_hop0,pca_ridge,8,IGHG1,0.5517922371822906,0.5334891061493969,0.6796516180038452
matched_hop0,pca_ridge,8,SLITRK6,0.0077461419487182505,0.037471836526531486,0.3536877930164337
matched_hop0,pca_ridge,8,APOE,0.8443472584005599,0.8459363323634379,0.3481607437133789
matched_hop0,pca_ridge,8,MT-ND2,0.5583037895230897,0.5691881109699105,0.4976842701435089
matched_hop0,pca_ridge,8,CALML5,0.35057890841412165,0.3698495241571017,0.6405009627342224
matched_hop0,pca_ridge,8,HLA-DRA,0.7246974282092362,0.7134705504429057,0.40248119831085205
matched_hop0,pca_ridge,8,S100G,0.3476282632068567,0.3225621029400043,0.6134979724884033
matched_hop0,pca_ridge,8,LINC00645,0.30198739032959976,0.2988649583852992,0.7123604416847229
matched_hop0,pca_ridge,8,C3,0.7102642626094975,0.6787341335289422,0.46363088488578796
matched_hop0,pca_ridge,8,IGLC3,0.3295866832756691,0.3173280085126579,0.7222384214401245
matched_hop0,pca_ridge,8,IGLC1,0.3415221998680501,0.295256880041171,0.693832516670227
matched_hop0,pca_ridge,8,TIMP1,0.6936788765609277,0.6843156217283903,0.5090101361274719
matched_hop0,pca_ridge,8,APOC1,0.6927808350538123,0.6752471177109102,0.45281267166137695
matched_hop0,pca_ridge,8,TFF1,0.3353601803946449,0.2944417436190548,0.6329102516174316
matched_hop0,pca_ridge,8,SCGB2A2,0.3613060799318777,0.3448269703585448,0.6482166051864624
matched_hop0,pca_ridge,8,SCGB1D2,0.3252032538034429,0.32551600605539527,0.625493049621582
matched_hop0,pca_ridge,8,SERPINA3,0.03384043934538778,-0.0033329447879959333,0.5922436118125916
matched_hop0,pca_ridge,8,LINC00052,0.34627038764227147,0.3312908817690495,0.43193233013153076
matched_hop0,pca_ridge,8,AGR2,0.42556516393931726,0.41631575495279216,0.43872904777526855
matched_hop0,pca_ridge,8,C6orf141,0.027897677713746297,0.07252446466469707,0.32871368527412415
matched_hop0,pca_ridge,8,LYZ,0.7243120279783841,0.7330876729100694,0.5061688423156738
matched_hop0,pca_ridge,8,CTSD,0.7179267005277261,0.7204327439632812,0.3667871356010437
matched_hop0,pca_ridge,8,HEBP1,0.5045945088786207,0.5017894110129485,0.5253292918205261
matched_hop0,pca_ridge,8,IGHM,0.366380110109271,0.3505044030551135,0.6665765047073364
matched_hop0,pca_ridge,8,HLA-DRB1,0.6838139934759229,0.6873510955847918,0.40164610743522644
matched_hop0,pca_ridge,8,C1QA,0.7638251405905329,0.7540918197023868,0.41658028960227966
matched_hop0,pca_ridge,8,IGHA1,0.29061475459148356,0.25006037876246945,0.7279592156410217
matched_hop0,pca_ridge,8,DEGS1,0.35490046951013415,0.32021830942981216,0.5290511250495911
matched_hop0,pca_ridge,8,AC087379.2,0.16594593348640674,0.20055313862551222,0.41327789425849915
matched_hop0,pca_ridge,8,AEBP1,0.6596690797419548,0.6344881435877036,0.4803745150566101
matched_hop0,pca_ridge,8,COL1A2,0.6821210850025499,0.6736783743702238,0.4659719169139862
matched_hop0,pca_ridge,8,GFRA1,0.21730618164173693,0.23618225351625408,0.5131406784057617
matched_hop0,pca_ridge,8,COL1A1,0.6766407583605373,0.6608975455159284,0.499066561460495
matched_hop0,pca_ridge,8,HLA-E,0.6433241402114968,0.6774701673041482,0.3978997468948364
matched_hop0,pca_ridge,8,CFB,0.1702354998284057,0.1541121755731284,0.5768346786499023
matched_hop0,pca_ridge,8,CCL19,0.447896443654533,0.38755826513729397,0.4922642111778259
matched_hop0,pca_ridge,8,SNCG,0.3716836487526693,0.32583702128994746,0.6044408679008484
matched_hop0,pca_ridge,8,IGHG2,0.27096866355788385,0.21650089114975044,0.5175846219062805
matched_hop0,spatial_knn,8,CRISP3,0.30461111009894265,0.16473894715328802,0.46681497253925686
matched_hop0,spatial_knn,8,CPB1,0.5771389388748988,0.5946773133133327,0.9847426802943251
matched_hop0,spatial_knn,8,IGHG3,0.26388465261902405,0.12603188742332255,0.7641160758244068
matched_hop0,spatial_knn,8,CD74,0.36476530943263447,0.3714332139376196,0.5131910070378216
matched_hop0,spatial_knn,8,IGLC2,0.255035012102721,0.2510628477279366,0.9565214382730644
matched_hop0,spatial_knn,8,HLA-B,0.4668060971703254,0.46374543496565473,0.4181248821582198
matched_hop0,spatial_knn,8,IGKC,0.17715224841211252,0.07205067601496606,0.8649699403446279
matched_hop0,spatial_knn,8,MALAT1,0.37573734113808654,0.3262498253491638,0.7118254811022418
matched_hop0,spatial_knn,8,ALB,0.1317592976370547,0.05635935216539816,0.5660964914260235
matched_hop0,spatial_knn,8,IGHG4,0.21569162653491789,0.10301198920944622,0.5930274646783781
matched_hop0,spatial_knn,8,TFF3,0.2838548833713631,0.21415112132222625,0.42283369221931366
matched_hop0,spatial_knn,8,CXCL14,0.39116023269189715,0.26527577524771434,0.6049866186498917
matched_hop0,spatial_knn,8,IGHG1,0.22105882647643663,0.1820057304127229,0.758286087151977
matched_hop0,spatial_knn,8,SLITRK6,0.07498940282986342,0.03794877201635064,0.2963723325959209
matched_hop0,spatial_knn,8,APOE,0.30399734058421757,0.3651480604572485,0.6452503989288745
matched_hop0,spatial_knn,8,MT-ND2,0.25793600093933317,0.23605321558928868,0.758061813279758
matched_hop0,spatial_knn,8,CALML5,0.7403357993775223,0.7305581115658613,0.42953602500758914
matched_hop0,spatial_knn,8,HLA-DRA,0.34611782098211785,0.3320390238460865,0.5231135491482624
matched_hop0,spatial_knn,8,S100G,0.18641789292749414,0.14425678069246461,0.7451948983925305
matched_hop0,spatial_knn,8,LINC00645,0.566226836970081,0.5212199057171814,0.5712727597958492
matched_hop0,spatial_knn,8,C3,0.15135554042451405,0.0753560615408151,0.7044619665817108
matched_hop0,spatial_knn,8,IGLC3,0.1644304438970689,0.09633951478930003,0.7519984563244779
matched_hop0,spatial_knn,8,IGLC1,0.1797636791039926,0.19869593449046608,0.8703261526298245
matched_hop0,spatial_knn,8,TIMP1,0.12550383457458747,0.10278162784927787,0.8009707037535866
matched_hop0,spatial_knn,8,APOC1,0.3334214964919069,0.2705036627567206,0.5854680819322183
matched_hop0,spatial_knn,8,TFF1,0.4261523994068406,0.42427318624161886,0.6398677919447194
matched_hop0,spatial_knn,8,SCGB2A2,0.11913544949318039,0.09202414001286054,0.9183958468373374
matched_hop0,spatial_knn,8,SCGB1D2,-0.0035584500300819386,-0.032441523830805175,0.9893873325842792
matched_hop0,spatial_knn,8,SERPINA3,0.30420007043783764,0.3228108840457034,0.48611535090087815
matched_hop0,spatial_knn,8,LINC00052,0.5366837896453087,0.5232412484290653,0.4071562641625606
matched_hop0,spatial_knn,8,AGR2,0.31022396993012685,0.26495420668189285,0.49223805406605897
matched_hop0,spatial_knn,8,C6orf141,0.06201593152047303,0.031503201019476575,0.30272858141036674
matched_hop0,spatial_knn,8,LYZ,0.23481723944638264,0.2737516430099327,0.7075198753006209
matched_hop0,spatial_knn,8,CTSD,0.2938971400071341,0.3327928504616435,0.5012990096604165
matched_hop0,spatial_knn,8,HEBP1,0.3269968409692465,0.2818348108505514,0.7021654294589845
matched_hop0,spatial_knn,8,IGHM,0.2650775309284546,0.20558331166809524,0.6987749436209945
matched_hop0,spatial_knn,8,HLA-DRB1,0.21266723847695285,0.1913092358109312,0.5689959390955923
matched_hop0,spatial_knn,8,C1QA,0.28729759455152515,0.31959763068092395,0.6656024996190645
matched_hop0,spatial_knn,8,IGHA1,0.2200139663860076,0.06017228809261791,0.6869388225455068
matched_hop0,spatial_knn,8,DEGS1,0.38748585781671474,0.3357923489392258,0.5169244552454558
matched_hop0,spatial_knn,8,AC087379.2,0.08498651632580104,0.08705898950365723,0.4124242747150837
matched_hop0,spatial_knn,8,AEBP1,0.2915077446615084,0.2372688070570404,0.6019914886227201
matched_hop0,spatial_knn,8,COL1A2,0.22801754593929346,0.19501414407012121,0.6313247950817947
matched_hop0,spatial_knn,8,GFRA1,0.05969616880987482,0.04960883690217492,0.5340984319202399
matched_hop0,spatial_knn,8,COL1A1,0.14427237282999744,0.05310627515679581,0.6851917962463382
matched_hop0,spatial_knn,8,HLA-E,0.26973765606643085,0.28965546543060533,0.5118316839968553
matched_hop0,spatial_knn,8,CFB,0.5408226378247109,0.5968749858265657,0.4943714257300769
matched_hop0,spatial_knn,8,CCL19,0.15973231885293634,0.12735477991163718,0.5757722828400247
matched_hop0,spatial_knn,8,SNCG,0.5544271538193396,0.5518579891470907,0.5011568901270809
matched_hop0,spatial_knn,8,IGHG2,0.05757992153819147,0.0812416970366855,0.5439173816237598
matched_hop1,mean,8,CRISP3,0.0,,0.6546719074249268
matched_hop1,mean,8,CPB1,,,1.2929320335388184
matched_hop1,mean,8,IGHG3,,,0.7977928519248962
matched_hop1,mean,8,CD74,,,0.5789300203323364
matched_hop1,mean,8,IGLC2,,,0.9246160387992859
matched_hop1,mean,8,HLA-B,,,0.5173699855804443
matched_hop1,mean,8,IGKC,,,0.8383240699768066
matched_hop1,mean,8,MALAT1,0.0,,0.7077241539955139
matched_hop1,mean,8,ALB,,,0.43659794330596924
matched_hop1,mean,8,IGHG4,,,0.5962137579917908
matched_hop1,mean,8,TFF3,,,0.48401153087615967
matched_hop1,mean,8,CXCL14,,,0.7307226061820984
matched_hop1,mean,8,IGHG1,,,0.7321970462799072
matched_hop1,mean,8,SLITRK6,0.0,,0.37609949707984924
matched_hop1,mean,8,APOE,0.0,,0.6470247507095337
matched_hop1,mean,8,MT-ND2,0.0,,0.5929847955703735
matched_hop1,mean,8,CALML5,,,0.6973613500595093
matched_hop1,mean,8,HLA-DRA,,,0.6143076419830322
matched_hop1,mean,8,S100G,0.0,,0.5698551535606384
matched_hop1,mean,8,LINC00645,,,0.8051794171333313
matched_hop1,mean,8,C3,,,0.6570367813110352
matched_hop1,mean,8,IGLC3,,,0.6928877830505371
matched_hop1,mean,8,IGLC1,,,0.718975305557251
matched_hop1,mean,8,TIMP1,,,0.7003111243247986
matched_hop1,mean,8,APOC1,,,0.6678770780563354
matched_hop1,mean,8,TFF1,,,0.7003987431526184
matched_hop1,mean,8,SCGB2A2,,,0.7665771842002869
matched_hop1,mean,8,SCGB1D2,0.0,,0.7520244121551514
matched_hop1,mean,8,SERPINA3,,,0.519359827041626
matched_hop1,mean,8,LINC00052,0.0,,0.45964452624320984
matched_hop1,mean,8,AGR2,,,0.4909168779850006
matched_hop1,mean,8,C6orf141,0.0,,0.33029159903526306
matched_hop1,mean,8,LYZ,,,0.779449462890625
matched_hop1,mean,8,CTSD,,,0.5075235962867737
matched_hop1,mean,8,HEBP1,0.0,,0.6449683904647827
matched_hop1,mean,8,IGHM,0.0,,0.6971294283866882
matched_hop1,mean,8,HLA-DRB1,,,0.5973902344703674
matched_hop1,mean,8,C1QA,,,0.6502656936645508
matched_hop1,mean,8,IGHA1,,,0.7002073526382446
matched_hop1,mean,8,DEGS1,,,0.6001683473587036
matched_hop1,mean,8,AC087379.2,,,0.3229730725288391
matched_hop1,mean,8,AEBP1,,,0.6665515303611755
matched_hop1,mean,8,COL1A2,,,0.6907783150672913
matched_hop1,mean,8,GFRA1,0.0,,0.5231577157974243
matched_hop1,mean,8,COL1A1,,,0.7121535539627075
matched_hop1,mean,8,HLA-E,,,0.5251191258430481
matched_hop1,mean,8,CFB,,,0.6127002239227295
matched_hop1,mean,8,CCL19,,,0.5480058789253235
matched_hop1,mean,8,SNCG,,,0.7775010466575623
matched_hop1,mean,8,IGHG2,,,0.5113536715507507
matched_hop1,pca_ridge,8,CRISP3,0.08157049471094584,0.06268833153016724,0.5851616263389587
matched_hop1,pca_ridge,8,CPB1,0.07938372943047882,0.07039430535180774,1.1958039999008179
matched_hop1,pca_ridge,8,IGHG3,0.5819920315721128,0.5626347637507912,0.7161905765533447
matched_hop1,pca_ridge,8,CD74,0.7667378870464656,0.773755898722963,0.3798673450946808
matched_hop1,pca_ridge,8,IGLC2,0.4767741649404549,0.49269116318515865,0.9359052181243896
matched_hop1,pca_ridge,8,HLA-B,0.5461964723377177,0.5652612660626148,0.3931056559085846
matched_hop1,pca_ridge,8,IGKC,0.5845712959022633,0.5956570381141343,0.7603669762611389
matched_hop1,pca_ridge,8,MALAT1,0.6283885730186379,0.6453955470835336,0.5229780077934265
matched_hop1,pca_ridge,8,ALB,0.06336981857092662,0.06326477728921798,0.5561383366584778
matched_hop1,pca_ridge,8,IGHG4,0.5639396353817091,0.5356886188735925,0.52735835313797
matched_hop1,pca_ridge,8,TFF3,0.31798739236323026,0.28744534959464235,0.4322337508201599
matched_hop1,pca_ridge,8,CXCL14,0.3339386831873298,0.2628716611007946,0.5869448781013489
matched_hop1,pca_ridge,8,IGHG1,0.5517922371822906,0.5334891061493969,0.6796516180038452
matched_hop1,pca_ridge,8,SLITRK6,0.0077461419487182505,0.037471836526531486,0.3536877930164337
matched_hop1,pca_ridge,8,APOE,0.8443472584005599,0.8459363323634379,0.3481607437133789
matched_hop1,pca_ridge,8,MT-ND2,0.5583037895230897,0.5691881109699105,0.4976842701435089
matched_hop1,pca_ridge,8,CALML5,0.35057890841412165,0.3698495241571017,0.6405009627342224
matched_hop1,pca_ridge,8,HLA-DRA,0.7246974282092362,0.7134705504429057,0.40248119831085205
matched_hop1,pca_ridge,8,S100G,0.3476282632068567,0.3225621029400043,0.6134979724884033
matched_hop1,pca_ridge,8,LINC00645,0.30198739032959976,0.2988649583852992,0.7123604416847229
matched_hop1,pca_ridge,8,C3,0.7102642626094975,0.6787341335289422,0.46363088488578796
matched_hop1,pca_ridge,8,IGLC3,0.3295866832756691,0.3173280085126579,0.7222384214401245
matched_hop1,pca_ridge,8,IGLC1,0.3415221998680501,0.295256880041171,0.693832516670227
matched_hop1,pca_ridge,8,TIMP1,0.6936788765609277,0.6843156217283903,0.5090101361274719
matched_hop1,pca_ridge,8,APOC1,0.6927808350538123,0.6752471177109102,0.45281267166137695
matched_hop1,pca_ridge,8,TFF1,0.3353601803946449,0.2944417436190548,0.6329102516174316
matched_hop1,pca_ridge,8,SCGB2A2,0.3613060799318777,0.3448269703585448,0.6482166051864624
matched_hop1,pca_ridge,8,SCGB1D2,0.3252032538034429,0.32551600605539527,0.625493049621582
matched_hop1,pca_ridge,8,SERPINA3,0.03384043934538778,-0.0033329447879959333,0.5922436118125916
matched_hop1,pca_ridge,8,LINC00052,0.34627038764227147,0.3312908817690495,0.43193233013153076
matched_hop1,pca_ridge,8,AGR2,0.42556516393931726,0.41631575495279216,0.43872904777526855
matched_hop1,pca_ridge,8,C6orf141,0.027897677713746297,0.07252446466469707,0.32871368527412415
matched_hop1,pca_ridge,8,LYZ,0.7243120279783841,0.7330876729100694,0.5061688423156738
matched_hop1,pca_ridge,8,CTSD,0.7179267005277261,0.7204327439632812,0.3667871356010437
matched_hop1,pca_ridge,8,HEBP1,0.5045945088786207,0.5017894110129485,0.5253292918205261
matched_hop1,pca_ridge,8,IGHM,0.366380110109271,0.3505044030551135,0.6665765047073364
matched_hop1,pca_ridge,8,HLA-DRB1,0.6838139934759229,0.6873510955847918,0.40164610743522644
matched_hop1,pca_ridge,8,C1QA,0.7638251405905329,0.7540918197023868,0.41658028960227966
matched_hop1,pca_ridge,8,IGHA1,0.29061475459148356,0.25006037876246945,0.7279592156410217
matched_hop1,pca_ridge,8,DEGS1,0.35490046951013415,0.32021830942981216,0.5290511250495911
matched_hop1,pca_ridge,8,AC087379.2,0.16594593348640674,0.20055313862551222,0.41327789425849915
matched_hop1,pca_ridge,8,AEBP1,0.6596690797419548,0.6344881435877036,0.4803745150566101
matched_hop1,pca_ridge,8,COL1A2,0.6821210850025499,0.6736783743702238,0.4659719169139862
matched_hop1,pca_ridge,8,GFRA1,0.21730618164173693,0.23618225351625408,0.5131406784057617
matched_hop1,pca_ridge,8,COL1A1,0.6766407583605373,0.6608975455159284,0.499066561460495
matched_hop1,pca_ridge,8,HLA-E,0.6433241402114968,0.6774701673041482,0.3978997468948364
matched_hop1,pca_ridge,8,CFB,0.1702354998284057,0.1541121755731284,0.5768346786499023
matched_hop1,pca_ridge,8,CCL19,0.447896443654533,0.38755826513729397,0.4922642111778259
matched_hop1,pca_ridge,8,SNCG,0.3716836487526693,0.32583702128994746,0.6044408679008484
matched_hop1,pca_ridge,8,IGHG2,0.27096866355788385,0.21650089114975044,0.5175846219062805
matched_hop1,spatial_knn,8,CRISP3,0.30461111009894265,0.16473894715328802,0.46681497253925686
matched_hop1,spatial_knn,8,CPB1,0.5771389388748988,0.5946773133133327,0.9847426802943251
matched_hop1,spatial_knn,8,IGHG3,0.26388465261902405,0.12603188742332255,0.7641160758244068
matched_hop1,spatial_knn,8,CD74,0.36476530943263447,0.3714332139376196,0.5131910070378216
matched_hop1,spatial_knn,8,IGLC2,0.255035012102721,0.2510628477279366,0.9565214382730644
matched_hop1,spatial_knn,8,HLA-B,0.4668060971703254,0.46374543496565473,0.4181248821582198
matched_hop1,spatial_knn,8,IGKC,0.17715224841211252,0.07205067601496606,0.8649699403446279
matched_hop1,spatial_knn,8,MALAT1,0.37573734113808654,0.3262498253491638,0.7118254811022418
matched_hop1,spatial_knn,8,ALB,0.1317592976370547,0.05635935216539816,0.5660964914260235
matched_hop1,spatial_knn,8,IGHG4,0.21569162653491789,0.10301198920944622,0.5930274646783781
matched_hop1,spatial_knn,8,TFF3,0.2838548833713631,0.21415112132222625,0.42283369221931366
matched_hop1,spatial_knn,8,CXCL14,0.39116023269189715,0.26527577524771434,0.6049866186498917
matched_hop1,spatial_knn,8,IGHG1,0.22105882647643663,0.1820057304127229,0.758286087151977
matched_hop1,spatial_knn,8,SLITRK6,0.07498940282986342,0.03794877201635064,0.2963723325959209
matched_hop1,spatial_knn,8,APOE,0.30399734058421757,0.3651480604572485,0.6452503989288745
matched_hop1,spatial_knn,8,MT-ND2,0.25793600093933317,0.23605321558928868,0.758061813279758
matched_hop1,spatial_knn,8,CALML5,0.7403357993775223,0.7305581115658613,0.42953602500758914
matched_hop1,spatial_knn,8,HLA-DRA,0.34611782098211785,0.3320390238460865,0.5231135491482624
matched_hop1,spatial_knn,8,S100G,0.18641789292749414,0.14425678069246461,0.7451948983925305
matched_hop1,spatial_knn,8,LINC00645,0.566226836970081,0.5212199057171814,0.5712727597958492
matched_hop1,spatial_knn,8,C3,0.15135554042451405,0.0753560615408151,0.7044619665817108
matched_hop1,spatial_knn,8,IGLC3,0.1644304438970689,0.09633951478930003,0.7519984563244779
matched_hop1,spatial_knn,8,IGLC1,0.1797636791039926,0.19869593449046608,0.8703261526298245
matched_hop1,spatial_knn,8,TIMP1,0.12550383457458747,0.10278162784927787,0.8009707037535866
matched_hop1,spatial_knn,8,APOC1,0.3334214964919069,0.2705036627567206,0.5854680819322183
matched_hop1,spatial_knn,8,TFF1,0.4261523994068406,0.42427318624161886,0.6398677919447194
matched_hop1,spatial_knn,8,SCGB2A2,0.11913544949318039,0.09202414001286054,0.9183958468373374
matched_hop1,spatial_knn,8,SCGB1D2,-0.0035584500300819386,-0.032441523830805175,0.9893873325842792
matched_hop1,spatial_knn,8,SERPINA3,0.30420007043783764,0.3228108840457034,0.48611535090087815
matched_hop1,spatial_knn,8,LINC00052,0.5366837896453087,0.5232412484290653,0.4071562641625606
matched_hop1,spatial_knn,8,AGR2,0.31022396993012685,0.26495420668189285,0.49223805406605897
matched_hop1,spatial_knn,8,C6orf141,0.06201593152047303,0.031503201019476575,0.30272858141036674
matched_hop1,spatial_knn,8,LYZ,0.23481723944638264,0.2737516430099327,0.7075198753006209
matched_hop1,spatial_knn,8,CTSD,0.2938971400071341,0.3327928504616435,0.5012990096604165
matched_hop1,spatial_knn,8,HEBP1,0.3269968409692465,0.2818348108505514,0.7021654294589845
matched_hop1,spatial_knn,8,IGHM,0.2650775309284546,0.20558331166809524,0.6987749436209945
matched_hop1,spatial_knn,8,HLA-DRB1,0.21266723847695285,0.1913092358109312,0.5689959390955923
matched_hop1,spatial_knn,8,C1QA,0.28729759455152515,0.31959763068092395,0.6656024996190645
matched_hop1,spatial_knn,8,IGHA1,0.2200139663860076,0.06017228809261791,0.6869388225455068
matched_hop1,spatial_knn,8,DEGS1,0.38748585781671474,0.3357923489392258,0.5169244552454558
matched_hop1,spatial_knn,8,AC087379.2,0.08498651632580104,0.08705898950365723,0.4124242747150837
matched_hop1,spatial_knn,8,AEBP1,0.2915077446615084,0.2372688070570404,0.6019914886227201
matched_hop1,spatial_knn,8,COL1A2,0.22801754593929346,0.19501414407012121,0.6313247950817947
matched_hop1,spatial_knn,8,GFRA1,0.05969616880987482,0.04960883690217492,0.5340984319202399
matched_hop1,spatial_knn,8,COL1A1,0.14427237282999744,0.05310627515679581,0.6851917962463382
matched_hop1,spatial_knn,8,HLA-E,0.26973765606643085,0.28965546543060533,0.5118316839968553
matched_hop1,spatial_knn,8,CFB,0.5408226378247109,0.5968749858265657,0.4943714257300769
matched_hop1,spatial_knn,8,CCL19,0.15973231885293634,0.12735477991163718,0.5757722828400247
matched_hop1,spatial_knn,8,SNCG,0.5544271538193396,0.5518579891470907,0.5011568901270809
matched_hop1,spatial_knn,8,IGHG2,0.05757992153819147,0.0812416970366855,0.5439173816237598
matched_hop2,mean,8,CRISP3,0.0,,0.6465955376625061
matched_hop2,mean,8,CPB1,,,1.3349496126174927
matched_hop2,mean,8,IGHG3,,,0.7609813809394836
matched_hop2,mean,8,CD74,0.0,,0.5852691531181335
matched_hop2,mean,8,IGLC2,,,0.9003964066505432
matched_hop2,mean,8,HLA-B,,,0.538103461265564
matched_hop2,mean,8,IGKC,0.0,,0.8194959163665771
matched_hop2,mean,8,MALAT1,,,0.7035546898841858
matched_hop2,mean,8,ALB,,,0.4262688457965851
matched_hop2,mean,8,IGHG4,,,0.5720939040184021
matched_hop2,mean,8,TFF3,,,0.4911934733390808
matched_hop2,mean,8,CXCL14,,,0.725400984287262
matched_hop2,mean,8,IGHG1,0.0,,0.6992007493972778
matched_hop2,mean,8,SLITRK6,,,0.3672317862510681
matched_hop2,mean,8,APOE,0.0,,0.6482253074645996
matched_hop2,mean,8,MT-ND2,0.0,,0.592713475227356
matched_hop2,mean,8,CALML5,0.0,,0.7277976870536804
matched_hop2,mean,8,HLA-DRA,,,0.6234564781188965
matched_hop2,mean,8,S100G,0.0,,0.5516052842140198
matched_hop2,mean,8,LINC00645,,,0.7462355494499207
matched_hop2,mean,8,C3,,,0.6312406659126282
matched_hop2,mean,8,IGLC3,,,0.6558632254600525
matched_hop2,mean,8,IGLC1,,,0.6981197595596313
matched_hop2,mean,8,TIMP1,,,0.6865372657775879
matched_hop2,mean,8,APOC1,,,0.686023473739624
matched_hop2,mean,8,TFF1,,,0.7216686010360718
matched_hop2,mean,8,SCGB2A2,,,0.7597665190696716
matched_hop2,mean,8,SCGB1D2,0.0,,0.7462566494941711
matched_hop2,mean,8,SERPINA3,,,0.5052382349967957
matched_hop2,mean,8,LINC00052,0.0,,0.46534228324890137
matched_hop2,mean,8,AGR2,,,0.4823615849018097
matched_hop2,mean,8,C6orf141,,,0.32396742701530457
matched_hop2,mean,8,LYZ,,,0.7992752194404602
matched_hop2,mean,8,CTSD,,,0.4932596981525421
matched_hop2,mean,8,HEBP1,0.0,,0.6386297941207886
matched_hop2,mean,8,IGHM,0.0,,0.6967505812644958
matched_hop2,mean,8,HLA-DRB1,,,0.599921464920044
matched_hop2,mean,8,C1QA,,,0.6381217241287231
matched_hop2,mean,8,IGHA1,,,0.6674003601074219
matched_hop2,mean,8,DEGS1,,,0.599920928478241
matched_hop2,mean,8,AC087379.2,,,0.31754833459854126
matched_hop2,mean,8,AEBP1,,,0.6517419815063477
matched_hop2,mean,8,COL1A2,,,0.6918627023696899
matched_hop2,mean,8,GFRA1,,,0.5114052891731262
matched_hop2,mean,8,COL1A1,,,0.7004141211509705
matched_hop2,mean,8,HLA-E,,,0.5248910188674927
matched_hop2,mean,8,CFB,,,0.6195788383483887
matched_hop2,mean,8,CCL19,0.0,,0.562069833278656
matched_hop2,mean,8,SNCG,0.0,,0.7969920635223389
matched_hop2,mean,8,IGHG2,0.0,,0.49852561950683594
matched_hop2,pca_ridge,8,CRISP3,0.03661931077918403,0.0361020033522917,0.5702213048934937
matched_hop2,pca_ridge,8,CPB1,0.0444498166072156,0.04137015765869225,1.24192476272583
matched_hop2,pca_ridge,8,IGHG3,0.5679894890114753,0.5405071625140564,0.7151961326599121
matched_hop2,pca_ridge,8,CD74,0.7658460032233071,0.7739384341424772,0.38271579146385193
matched_hop2,pca_ridge,8,IGLC2,0.4670832399150976,0.4890254831166571,0.9466004967689514
matched_hop2,pca_ridge,8,HLA-B,0.5455580528769709,0.5612572084244414,0.40078482031822205
matched_hop2,pca_ridge,8,IGKC,0.5840998182196184,0.5825522578809518,0.7611148357391357
matched_hop2,pca_ridge,8,MALAT1,0.6309763459494829,0.6216840980708613,0.5018377304077148
matched_hop2,pca_ridge,8,ALB,0.04326822450724118,0.049545372110087846,0.5527558922767639
matched_hop2,pca_ridge,8,IGHG4,0.5339748460438558,0.49254198603163585,0.5257391333580017
matched_hop2,pca_ridge,8,TFF3,0.30400439399565654,0.2795838388539415,0.4285971224308014
matched_hop2,pca_ridge,8,CXCL14,0.2727004162033158,0.22027850634847776,0.5709757804870605
matched_hop2,pca_ridge,8,IGHG1,0.5414804769110022,0.5109724878175058,0.6736018061637878
matched_hop2,pca_ridge,8,SLITRK6,0.009638440280686304,0.03791704319334351,0.3361053168773651
matched_hop2,pca_ridge,8,APOE,0.8543295314621253,0.854583456958176,0.3390854001045227
matched_hop2,pca_ridge,8,MT-ND2,0.5570066089322234,0.5653171865396072,0.49965235590934753
matched_hop2,pca_ridge,8,CALML5,0.37136494442009443,0.38869135172905617,0.6662952303886414
matched_hop2,pca_ridge,8,HLA-DRA,0.7184569010296502,0.7074449779973346,0.4069865345954895
matched_hop2,pca_ridge,8,S100G,0.31165768599508864,0.29034157500790364,0.6191856265068054
matched_hop2,pca_ridge,8,LINC00645,0.2720581755639928,0.26674925487381335,0.6583419442176819
matched_hop2,pca_ridge,8,C3,0.700435962725687,0.6705732607800843,0.4530441462993622
matched_hop2,pca_ridge,8,IGLC3,0.3073777538729345,0.30738797932156325,0.7127001881599426
matched_hop2,pca_ridge,8,IGLC1,0.28912910501221295,0.24421423289278027,0.6912243962287903
matched_hop2,pca_ridge,8,TIMP1,0.6833601979014174,0.6801109696197073,0.5082514882087708
matched_hop2,pca_ridge,8,APOC1,0.7119910737885118,0.702286156934756,0.44999292492866516
matched_hop2,pca_ridge,8,TFF1,0.33054656100249596,0.29892832267847846,0.6413275599479675
matched_hop2,pca_ridge,8,SCGB2A2,0.32630465991448143,0.31084609637989774,0.6439643502235413
matched_hop2,pca_ridge,8,SCGB1D2,0.2876733500901341,0.2892555518601126,0.6247197985649109
matched_hop2,pca_ridge,8,SERPINA3,0.014957062358781092,-0.016607620384676284,0.5829883813858032
matched_hop2,pca_ridge,8,LINC00052,0.34845239650023824,0.32039913459620706,0.43660467863082886
matched_hop2,pca_ridge,8,AGR2,0.408127863117136,0.38805325382169104,0.43200886249542236
matched_hop2,pca_ridge,8,C6orf141,0.03390192054817895,0.07080193057831635,0.32116618752479553
matched_hop2,pca_ridge,8,LYZ,0.7315819820205278,0.7424953753712455,0.5076035261154175
matched_hop2,pca_ridge,8,CTSD,0.7389278890128711,0.7278596586503487,0.3489636182785034
matched_hop2,pca_ridge,8,HEBP1,0.48934010497558267,0.4861841116909026,0.5175397992134094
matched_hop2,pca_ridge,8,IGHM,0.3331714744026472,0.3187226360619093,0.6802253723144531
matched_hop2,pca_ridge,8,HLA-DRB1,0.6920700862556964,0.6959794510746836,0.3897801339626312
matched_hop2,pca_ridge,8,C1QA,0.7760214413659469,0.7676087472334534,0.3981102406978607
matched_hop2,pca_ridge,8,IGHA1,0.25563088685765767,0.2178240867184337,0.7190002202987671
matched_hop2,pca_ridge,8,DEGS1,0.33504002593498566,0.28861725296485186,0.5230123400688171
matched_hop2,pca_ridge,8,AC087379.2,0.15398292508105085,0.1855535390989369,0.4160618782043457
matched_hop2,pca_ridge,8,AEBP1,0.6539635922459679,0.6269331691408949,0.46858298778533936
matched_hop2,pca_ridge,8,COL1A2,0.6885842410942864,0.6734869437724014,0.45524004101753235
matched_hop2,pca_ridge,8,GFRA1,0.24623817042992563,0.25934475731104434,0.496133953332901
matched_hop2,pca_ridge,8,COL1A1,0.6846433263140657,0.6657087293391811,0.48206618428230286
matched_hop2,pca_ridge,8,HLA-E,0.6502169754669533,0.6831292382296604,0.3931729197502136
matched_hop2,pca_ridge,8,CFB,0.13393702576133346,0.1268112123401976,0.5861660838127136
matched_hop2,pca_ridge,8,CCL19,0.4697577776089924,0.4162796136588523,0.4995085299015045
matched_hop2,pca_ridge,8,SNCG,0.3111732454797119,0.27069991275448585,0.6112674474716187
matched_hop2,pca_ridge,8,IGHG2,0.26128557300687616,0.20624304408670774,0.5110911726951599
matched_hop2,spatial_knn,8,CRISP3,0.17991867776568177,0.10978755325414319,0.4558726338550157
matched_hop2,spatial_knn,8,CPB1,0.5992730296606692,0.6062082296639894,1.0228132818029452
matched_hop2,spatial_knn,8,IGHG3,0.0298174829102316,-0.028038357581416783,0.7702192576516711
matched_hop2,spatial_knn,8,CD74,0.33684656797398216,0.3489757464493558,0.5325989648823543
matched_hop2,spatial_knn,8,IGLC2,0.08652244790526296,0.14310256712338815,0.978871981758336
matched_hop2,spatial_knn,8,HLA-B,0.42773502645719685,0.42605564068729895,0.43591273548453136
matched_hop2,spatial_knn,8,IGKC,-0.03686373738346741,-0.049285940095789585,0.8838532909846923
matched_hop2,spatial_knn,8,MALAT1,0.2693647451228239,0.21754812503778934,0.7308769581736441
matched_hop2,spatial_knn,8,ALB,0.09810244587159773,0.046920818528686375,0.5811844738173784
matched_hop2,spatial_knn,8,IGHG4,0.04159405378689602,0.011141758921002777,0.5928687493055567
matched_hop2,spatial_knn,8,TFF3,0.20343721263313838,0.15451791385218644,0.42954233553371113
matched_hop2,spatial_knn,8,CXCL14,0.2867525450071166,0.17413046388077516,0.6204179694120214
matched_hop2,spatial_knn,8,IGHG1,0.03295605148261741,0.08748190777361983,0.7653023900098065
matched_hop2,spatial_knn,8,SLITRK6,-0.027119527226178112,-0.013767958879381169,0.28152396358987414
matched_hop2,spatial_knn,8,APOE,0.29157073193683103,0.35683735294852376,0.6589902406404805
matched_hop2,spatial_knn,8,MT-ND2,0.2718168074600109,0.23999645915076906,0.7930149003584649
matched_hop2,spatial_knn,8,CALML5,0.7492926153127814,0.7425689119769989,0.43440970012912233
matched_hop2,spatial_knn,8,HLA-DRA,0.32608682076533674,0.3119845523363671,0.5371592484526595
matched_hop2,spatial_knn,8,S100G,0.14850055617765803,0.10480679322486486,0.7672484151437877
matched_hop2,spatial_knn,8,LINC00645,0.5059986126083389,0.45176638106351874,0.5764261294124049
matched_hop2,spatial_knn,8,C3,0.01763542117331393,-0.013734893956503642,0.7126421460667515
matched_hop2,spatial_knn,8,IGLC3,-0.038455833623304625,-0.00452123533554788,0.7543367100525836
matched_hop2,spatial_knn,8,IGLC1,0.08104661145441323,0.13455203764910176,0.8863095823583608
matched_hop2,spatial_knn,8,TIMP1,-0.0015854373101856407,0.02635956045646107,0.8227621229555002
matched_hop2,spatial_knn,8,APOC1,0.34598595486674405,0.28666073027839684,0.5972740656473393
matched_hop2,spatial_knn,8,TFF1,0.4233810792803094,0.42075990978546945,0.6532761552431839
matched_hop2,spatial_knn,8,SCGB2A2,0.016632301785818666,-0.014557996714633566,0.9601076525280084
matched_hop2,spatial_knn,8,SCGB1D2,-0.10334242081261527,-0.14057316428696356,1.040245981291214
matched_hop2,spatial_knn,8,SERPINA3,0.2868060991455309,0.30741784550327733,0.4766300976684886
matched_hop2,spatial_knn,8,LINC00052,0.5078502768799262,0.5101195825009425,0.42913565784665697
matched_hop2,spatial_knn,8,AGR2,0.26650609351160587,0.21362863994585077,0.4933841115525205
matched_hop2,spatial_knn,8,C6orf141,0.05153966848271551,0.028679608324073874,0.2990224964829128
matched_hop2,spatial_knn,8,LYZ,0.26063812077520987,0.27971168137102426,0.7194153382820317
matched_hop2,spatial_knn,8,CTSD,0.24570961961117707,0.2993288988696783,0.5004538765339798
matched_hop2,spatial_knn,8,HEBP1,0.2510447824425079,0.20219104420839276,0.7322698705165199
matched_hop2,spatial_knn,8,IGHM,0.20368464070372597,0.13645971410111402,0.7125709678424035
matched_hop2,spatial_knn,8,HLA-DRB1,0.19660430923397218,0.16514502834990685,0.5744633282917964
matched_hop2,spatial_knn,8,C1QA,0.263553643622115,0.3044804059170178,0.6709823050440723
matched_hop2,spatial_knn,8,IGHA1,0.020444832356022236,-0.005317967109104173,0.684399957272073
matched_hop2,spatial_knn,8,DEGS1,0.3657903694736972,0.29372956757828045,0.5103274627158277
matched_hop2,spatial_knn,8,AC087379.2,0.06729741348341817,0.06531732316245376,0.4177292212113735
matched_hop2,spatial_knn,8,AEBP1,0.1810543615070718,0.192838941985204,0.5970076272270387
matched_hop2,spatial_knn,8,COL1A2,0.11340109126542629,0.13013538570471492,0.6419317654014901
matched_hop2,spatial_knn,8,GFRA1,0.027687504657295445,0.017940267227443324,0.5274366547522392
matched_hop2,spatial_knn,8,COL1A1,0.019496401374544996,-0.013418196774560177,0.6878816251888862
matched_hop2,spatial_knn,8,HLA-E,0.24298702784343482,0.26437996014077186,0.5198290462366781
matched_hop2,spatial_knn,8,CFB,0.5478667950198453,0.6080274998041816,0.4996532168131432
matched_hop2,spatial_knn,8,CCL19,0.14850043151538075,0.12014821101125879,0.5983130734278739
matched_hop2,spatial_knn,8,SNCG,0.5305839405343786,0.5249853792567419,0.49747701801223354
matched_hop2,spatial_knn,8,IGHG2,-0.0029289825944528096,0.043518240953173054,0.5416143917414105
matched_hop5,mean,8,CRISP3,0.0,,0.6436485648155212
matched_hop5,mean,8,CPB1,0.0,,1.0022695064544678
matched_hop5,mean,8,IGHG3,,,0.7430500388145447
matched_hop5,mean,8,CD74,0.0,,0.6296112537384033
matched_hop5,mean,8,IGLC2,,,0.8982773423194885
matched_hop5,mean,8,HLA-B,,,0.5490849018096924
matched_hop5,mean,8,IGKC,,,0.8286420106887817
matched_hop5,mean,8,MALAT1,0.0,,0.7083367109298706
matched_hop5,mean,8,ALB,,,0.4308582544326782
matched_hop5,mean,8,IGHG4,,,0.5577162504196167
matched_hop5,mean,8,TFF3,0.0,,0.5412453413009644
matched_hop5,mean,8,CXCL14,,,0.7258976101875305
matched_hop5,mean,8,IGHG1,,,0.7075585126876831
matched_hop5,mean,8,SLITRK6,0.0,,0.3633182644844055
matched_hop5,mean,8,APOE,0.0,,0.7337871789932251
matched_hop5,mean,8,MT-ND2,,,0.5772098302841187
matched_hop5,mean,8,CALML5,0.0,,0.8922570943832397
matched_hop5,mean,8,HLA-DRA,,,0.7053387761116028
matched_hop5,mean,8,S100G,0.0,,0.5497434139251709
matched_hop5,mean,8,LINC00645,,,0.507897138595581
matched_hop5,mean,8,C3,,,0.6579912900924683
matched_hop5,mean,8,IGLC3,0.0,,0.6565958857536316
matched_hop5,mean,8,IGLC1,,,0.6494255661964417
matched_hop5,mean,8,TIMP1,,,0.7083489894866943
matched_hop5,mean,8,APOC1,,,0.7864945530891418
matched_hop5,mean,8,TFF1,,,0.868423581123352
matched_hop5,mean,8,SCGB2A2,,,0.6870653033256531
matched_hop5,mean,8,SCGB1D2,,,0.6784193515777588
matched_hop5,mean,8,SERPINA3,0.0,,0.4832286536693573
matched_hop5,mean,8,LINC00052,,,0.4232390522956848
matched_hop5,mean,8,AGR2,,,0.48479777574539185
matched_hop5,mean,8,C6orf141,,,0.30575230717658997
matched_hop5,mean,8,LYZ,,,0.8772161602973938
matched_hop5,mean,8,CTSD,,,0.5381835103034973
matched_hop5,mean,8,HEBP1,0.0,,0.5772854685783386
matched_hop5,mean,8,IGHM,0.0,,0.6097703576087952
matched_hop5,mean,8,HLA-DRB1,,,0.688201367855072
matched_hop5,mean,8,C1QA,,,0.6783022284507751
matched_hop5,mean,8,IGHA1,,,0.6247520446777344
matched_hop5,mean,8,DEGS1,0.0,,0.6283559799194336
matched_hop5,mean,8,AC087379.2,,,0.3028890788555145
matched_hop5,mean,8,AEBP1,,,0.641086757183075
matched_hop5,mean,8,COL1A2,,,0.6730328798294067
matched_hop5,mean,8,GFRA1,,,0.512898862361908
matched_hop5,mean,8,COL1A1,,,0.6864466071128845
matched_hop5,mean,8,HLA-E,,,0.5357345342636108
matched_hop5,mean,8,CFB,,,0.5190151929855347
matched_hop5,mean,8,CCL19,,,0.6537371873855591
matched_hop5,mean,8,SNCG,,,0.8900011777877808
matched_hop5,mean,8,IGHG2,0.0,,0.5264611840248108
matched_hop5,pca_ridge,8,CRISP3,0.05730831492707928,0.08132565812355415,0.5356928706169128
matched_hop5,pca_ridge,8,CPB1,0.04300364909164676,0.08870232767750426,0.9712125062942505
matched_hop5,pca_ridge,8,IGHG3,0.6057869164120233,0.577911790313919,0.7279999852180481
matched_hop5,pca_ridge,8,CD74,0.7711270006764908,0.7811348701457584,0.3854851722717285
matched_hop5,pca_ridge,8,IGLC2,0.4998835785769688,0.5308263870449302,1.0303303003311157
matched_hop5,pca_ridge,8,HLA-B,0.465206282234469,0.4850245886749043,0.3935680389404297
matched_hop5,pca_ridge,8,IGKC,0.5767023252447008,0.5724864870876615,0.835857629776001
matched_hop5,pca_ridge,8,MALAT1,0.5895223756395427,0.5932635629601619,0.5179871916770935
matched_hop5,pca_ridge,8,ALB,0.03535782956992073,0.03646644234818135,0.5637883543968201
matched_hop5,pca_ridge,8,IGHG4,0.4948154324641197,0.44368452517012813,0.5597319602966309
matched_hop5,pca_ridge,8,TFF3,0.337781697366898,0.3514623894578629,0.45603400468826294
matched_hop5,pca_ridge,8,CXCL14,0.10175324406965389,0.11863649355856562,0.5448734164237976
matched_hop5,pca_ridge,8,IGHG1,0.5325107042655086,0.5055869259196883,0.7174124121665955
matched_hop5,pca_ridge,8,SLITRK6,0.01704296572769009,0.04584404227570032,0.31954431533813477
matched_hop5,pca_ridge,8,APOE,0.8758417646982835,0.8941208106794112,0.3559739291667938
matched_hop5,pca_ridge,8,MT-ND2,0.4854904268562067,0.47364527764670844,0.5088338255882263
matched_hop5,pca_ridge,8,CALML5,0.28612514045435294,0.24667934922218682,0.8035032749176025
matched_hop5,pca_ridge,8,HLA-DRA,0.6659543102558015,0.6589529200918973,0.4526824951171875
matched_hop5,pca_ridge,8,S100G,0.29575628137555904,0.2718609654568879,0.6138821244239807
matched_hop5,pca_ridge,8,LINC00645,0.19870676274022483,0.16985835599068627,0.4443208575248718
matched_hop5,pca_ridge,8,C3,0.7440048928806791,0.7328388789522882,0.44027847051620483
matched_hop5,pca_ridge,8,IGLC3,0.2890760154849255,0.2988998817187554,0.7769009470939636
matched_hop5,pca_ridge,8,IGLC1,0.2585028012950281,0.24372822095962726,0.6834976077079773
matched_hop5,pca_ridge,8,TIMP1,0.691559195875873,0.7276517351312748,0.5348002314567566
matched_hop5,pca_ridge,8,APOC1,0.7475349377055633,0.75990649001109,0.4759851098060608
matched_hop5,pca_ridge,8,TFF1,0.4154072829399432,0.3775495866198651,0.738516628742218
matched_hop5,pca_ridge,8,SCGB2A2,0.2703887461733724,0.23534433334016996,0.6558939218521118
matched_hop5,pca_ridge,8,SCGB1D2,0.28417818499312125,0.25761679751053285,0.6415836215019226
matched_hop5,pca_ridge,8,SERPINA3,0.0813939315158351,0.052968622579417736,0.5566967129707336
matched_hop5,pca_ridge,8,LINC00052,0.19014684620574535,0.1674406804147811,0.39572206139564514
matched_hop5,pca_ridge,8,AGR2,0.25079377227926064,0.22628620262193022,0.44367149472236633
matched_hop5,pca_ridge,8,C6orf141,0.07939068094686368,0.11223092942689811,0.29770803451538086
matched_hop5,pca_ridge,8,LYZ,0.7200090400649349,0.7380437307774528,0.5151394605636597
matched_hop5,pca_ridge,8,CTSD,0.7937116432873262,0.800670243629627,0.3547535538673401
matched_hop5,pca_ridge,8,HEBP1,0.43594596564639826,0.42547668099233893,0.5040773153305054
matched_hop5,pca_ridge,8,IGHM,0.26615115273199264,0.2612109769077594,0.6773658990859985
matched_hop5,pca_ridge,8,HLA-DRB1,0.6651299946699958,0.675604969705228,0.4205578565597534
matched_hop5,pca_ridge,8,C1QA,0.8165216826108929,0.8166652537743454,0.37513282895088196
matched_hop5,pca_ridge,8,IGHA1,0.2721771696259916,0.24179743807225496,0.7403092980384827
matched_hop5,pca_ridge,8,DEGS1,0.0581575895183101,0.039802806488929574,0.5266416668891907
matched_hop5,pca_ridge,8,AC087379.2,0.13743478443485738,0.14793448460522238,0.4106890857219696
matched_hop5,pca_ridge,8,AEBP1,0.7051965969977839,0.6820039031609323,0.4424702227115631
matched_hop5,pca_ridge,8,COL1A2,0.7065786891850665,0.6713249406575807,0.4405796527862549
matched_hop5,pca_ridge,8,GFRA1,0.24949981732074325,0.2586666301408473,0.47353339195251465
matched_hop5,pca_ridge,8,COL1A1,0.6771697982647072,0.6625542449149252,0.48700422048568726
matched_hop5,pca_ridge,8,HLA-E,0.641280940821902,0.666404875500178,0.3853381872177124
matched_hop5,pca_ridge,8,CFB,0.0834810212851391,0.05002393259161796,0.5286016464233398
matched_hop5,pca_ridge,8,CCL19,0.4272493370318981,0.4250682707578419,0.5820837616920471
matched_hop5,pca_ridge,8,SNCG,0.17809266800922105,0.1612124386662415,0.6754351258277893
matched_hop5,pca_ridge,8,IGHG2,0.24402322926133135,0.18250589827187408,0.543191134929657
matched_hop5,spatial_knn,8,CRISP3,0.04316206379773449,0.048236863690410525,0.3956175928004517
matched_hop5,spatial_knn,8,CPB1,0.4540862484247062,0.4167275003335115,0.8640045328283872
matched_hop5,spatial_knn,8,IGHG3,-0.22281549749071067,-0.3442270630030601,0.7764320558990941
matched_hop5,spatial_knn,8,CD74,0.4340076935945023,0.44572869630980716,0.613793027571028
matched_hop5,spatial_knn,8,IGLC2,-0.07670806991450937,0.053448464534457896,0.9143331486850289
matched_hop5,spatial_knn,8,HLA-B,0.14661917315207934,0.19733259394954772,0.4555748565892431
matched_hop5,spatial_knn,8,IGKC,-0.29114536582518363,-0.3551923425241262,0.8939881439958568
matched_hop5,spatial_knn,8,MALAT1,-0.012775713741171205,-0.00847901486817562,0.6707986643849624
matched_hop5,spatial_knn,8,ALB,0.09901941208401577,0.052585108660139775,0.6700213670462796
matched_hop5,spatial_knn,8,IGHG4,-0.08982723575202692,-0.11806929119243002,0.5954001450807643
matched_hop5,spatial_knn,8,TFF3,0.001471320060826266,-0.009020564094579265,0.4881025207166736
matched_hop5,spatial_knn,8,CXCL14,-0.10729855745068104,-0.12644009032641007,0.5574691308312919
matched_hop5,spatial_knn,8,IGHG1,-0.025827506027090986,0.09200442327430339,0.7493870917602411
matched_hop5,spatial_knn,8,SLITRK6,-0.0030800626937623893,-0.01046141893726341,0.24910546860588226
matched_hop5,spatial_knn,8,APOE,0.4301441322101493,0.4586773392988221,0.7716616492679185
matched_hop5,spatial_knn,8,MT-ND2,0.16182569542552835,0.1290011261654105,0.7981219340411622
matched_hop5,spatial_knn,8,CALML5,0.6717813100014418,0.6017925720469458,0.49183703035540305
matched_hop5,spatial_knn,8,HLA-DRA,0.40933896531120556,0.4064784524259689,0.6200617502180609
matched_hop5,spatial_knn,8,S100G,0.0259560325458103,0.011710940496556936,0.8672749073636858
matched_hop5,spatial_knn,8,LINC00645,0.014050064182559665,-0.002650934837608495,0.6274955240343681
matched_hop5,spatial_knn,8,C3,-0.1234004838952605,-0.09494917150783297,0.8076083219078845
matched_hop5,spatial_knn,8,IGLC3,-0.1632993540481529,-0.1591788336798749,0.715966015680094
matched_hop5,spatial_knn,8,IGLC1,0.10141949953531196,0.1594562391347889,0.7189532237944247
matched_hop5,spatial_knn,8,TIMP1,-0.13738244326355228,-0.02986846882248044,0.9375423483994431
matched_hop5,spatial_knn,8,APOC1,0.5083594436381662,0.446590710488435,0.6618753473834778
matched_hop5,spatial_knn,8,TFF1,0.22930359601460368,0.18260866301228842,0.7623899806148119
matched_hop5,spatial_knn,8,SCGB2A2,-0.2536484593735678,-0.2368739059657089,1.190022242703142
matched_hop5,spatial_knn,8,SCGB1D2,-0.30009277653688693,-0.2634128599167466,1.3228997651961572
matched_hop5,spatial_knn,8,SERPINA3,0.06066059337894263,0.08778878804768957,0.4734041188400854
matched_hop5,spatial_knn,8,LINC00052,0.26667413511544863,0.2967322604195821,0.5467704310918938
matched_hop5,spatial_knn,8,AGR2,-0.020496812303157346,-0.055683279774370605,0.5186495795987871
matched_hop5,spatial_knn,8,C6orf141,0.00274936895856602,0.018967682651104167,0.2853022444591511
matched_hop5,spatial_knn,8,LYZ,0.20564822543500216,0.209748313554595,0.8054901895320405
matched_hop5,spatial_knn,8,CTSD,0.3506318910379733,0.41439780552210204,0.582621052944325
matched_hop5,spatial_knn,8,HEBP1,-0.026466132025504466,-0.06113001156935538,0.9129320872615284
matched_hop5,spatial_knn,8,IGHM,-0.048134703390547574,-0.10498365979274465,0.6518726977707359
matched_hop5,spatial_knn,8,HLA-DRB1,0.18926123094512845,0.16628568257173607,0.6785077803228904
matched_hop5,spatial_knn,8,C1QA,0.3552970042179204,0.3917689147552802,0.7530104459302361
matched_hop5,spatial_knn,8,IGHA1,-0.09373215522383746,-0.17657480030268904,0.5857154628506555
matched_hop5,spatial_knn,8,DEGS1,0.08597205595157491,0.02780751637517593,0.49150774550221266
matched_hop5,spatial_knn,8,AC087379.2,-0.10105270760296141,-0.07654154444994242,0.45289149161536685
matched_hop5,spatial_knn,8,AEBP1,0.26853380974323293,0.2614791929027584,0.5925120433503211
matched_hop5,spatial_knn,8,COL1A2,0.06664713524004592,0.08793489969780648,0.6196488488518249
matched_hop5,spatial_knn,8,GFRA1,-0.2322029783129554,-0.24583689820223936,0.5435446019554889
matched_hop5,spatial_knn,8,COL1A1,-0.13843444286750312,-0.15704750965453806,0.6939840304628826
matched_hop5,spatial_knn,8,HLA-E,0.15979303055902402,0.14516820329044985,0.5683586976366152
matched_hop5,spatial_knn,8,CFB,0.5425231069745323,0.539588832098069,0.4404510794974799
matched_hop5,spatial_knn,8,CCL19,0.0626737064355809,0.07558004320158992,0.7276926637570127
matched_hop5,spatial_knn,8,SNCG,0.3114718180285292,0.22154194828275436,0.5047064060774208
matched_hop5,spatial_knn,8,IGHG2,-0.07976310111239358,-0.030636909538428715,0.5571148537537419
matched_coord0.25,mean,8,CRISP3,0.0,,0.6419338583946228
matched_coord0.25,mean,8,CPB1,0.0,,1.3794668912887573
matched_coord0.25,mean,8,IGHG3,,,0.7419383525848389
matched_coord0.25,mean,8,CD74,0.0,,0.6000152230262756
matched_coord0.25,mean,8,IGLC2,0.0,,0.9095902442932129
matched_coord0.25,mean,8,HLA-B,0.0,,0.5622510313987732
matched_coord0.25,mean,8,IGKC,,,0.8236492872238159
matched_coord0.25,mean,8,MALAT1,0.0,,0.7114264965057373
matched_coord0.25,mean,8,ALB,,,0.4221542179584503
matched_coord0.25,mean,8,IGHG4,,,0.5562004446983337
matched_coord0.25,mean,8,TFF3,0.0,,0.5145289897918701
matched_coord0.25,mean,8,CXCL14,,,0.7136340141296387
matched_coord0.25,mean,8,IGHG1,,,0.702772855758667
matched_coord0.25,mean,8,SLITRK6,,,0.36348065733909607
matched_coord0.25,mean,8,APOE,0.0,,0.6708996891975403
matched_coord0.25,mean,8,MT-ND2,,,0.5812619924545288
matched_coord0.25,mean,8,CALML5,0.0,,0.7540708184242249
matched_coord0.25,mean,8,HLA-DRA,,,0.6519039869308472
matched_coord0.25,mean,8,S100G,0.0,,0.5334126353263855
matched_coord0.25,mean,8,LINC00645,0.0,,0.621656060218811
matched_coord0.25,mean,8,C3,,,0.6263541579246521
matched_coord0.25,mean,8,IGLC3,0.0,,0.6543125510215759
matched_coord0.25,mean,8,IGLC1,0.0,,0.6598218679428101
matched_coord0.25,mean,8,TIMP1,,,0.6896418929100037
matched_coord0.25,mean,8,APOC1,,,0.724380373954773
matched_coord0.25,mean,8,TFF1,,,0.7605660557746887
matched_coord0.25,mean,8,SCGB2A2,0.0,,0.7357502579689026
matched_coord0.25,mean,8,SCGB1D2,,,0.7298629879951477
matched_coord0.25,mean,8,SERPINA3,0.0,,0.4852113723754883
matched_coord0.25,mean,8,LINC00052,0.0,,0.40869757533073425
matched_coord0.25,mean,8,AGR2,0.0,,0.47699877619743347
matched_coord0.25,mean,8,C6orf141,,,0.31416746973991394
matched_coord0.25,mean,8,LYZ,,,0.8316124081611633
matched_coord0.25,mean,8,CTSD,,,0.49152764678001404
matched_coord0.25,mean,8,HEBP1,,,0.598818838596344
matched_coord0.25,mean,8,IGHM,,,0.6998046636581421
matched_coord0.25,mean,8,HLA-DRB1,,,0.6264171600341797
matched_coord0.25,mean,8,C1QA,,,0.6399940252304077
matched_coord0.25,mean,8,IGHA1,,,0.6386813521385193
matched_coord0.25,mean,8,DEGS1,,,0.6078059673309326
matched_coord0.25,mean,8,AC087379.2,,,0.30755165219306946
matched_coord0.25,mean,8,AEBP1,,,0.6427438855171204
matched_coord0.25,mean,8,COL1A2,0.0,,0.6716315746307373
matched_coord0.25,mean,8,GFRA1,,,0.5039839744567871
matched_coord0.25,mean,8,COL1A1,,,0.6917779445648193
matched_coord0.25,mean,8,HLA-E,0.0,,0.5270322561264038
matched_coord0.25,mean,8,CFB,,,0.6230864524841309
matched_coord0.25,mean,8,CCL19,,,0.5869920253753662
matched_coord0.25,mean,8,SNCG,,,0.8059901595115662
matched_coord0.25,mean,8,IGHG2,,,0.5092213153839111
matched_coord0.25,pca_ridge,8,CRISP3,0.03680668329468466,0.04286371398758784,0.5586045980453491
matched_coord0.25,pca_ridge,8,CPB1,0.010793315702850206,0.02087773559288415,1.2916197776794434
matched_coord0.25,pca_ridge,8,IGHG3,0.5736900569604093,0.5343694828542966,0.7191201448440552
matched_coord0.25,pca_ridge,8,CD74,0.7731240857988768,0.7800290124420936,0.3812580406665802
matched_coord0.25,pca_ridge,8,IGLC2,0.4731183141839762,0.500004743622686,0.9793832302093506
matched_coord0.25,pca_ridge,8,HLA-B,0.5382939377754391,0.5516800680316917,0.40226176381111145
matched_coord0.25,pca_ridge,8,IGKC,0.5819950756101403,0.5810434664763897,0.7880908250808716
matched_coord0.25,pca_ridge,8,MALAT1,0.6115543986485874,0.5980520620295606,0.5083702206611633
matched_coord0.25,pca_ridge,8,ALB,0.05700262350122694,0.06064840649508381,0.5496203303337097
matched_coord0.25,pca_ridge,8,IGHG4,0.5226373289728928,0.47352486201169436,0.5307585597038269
matched_coord0.25,pca_ridge,8,TFF3,0.3023257022240482,0.3006982055984776,0.4363158345222473
matched_coord0.25,pca_ridge,8,CXCL14,0.18387135035924754,0.17518329089887513,0.5536304116249084
matched_coord0.25,pca_ridge,8,IGHG1,0.5366968425377028,0.5072925581668071,0.690931499004364
matched_coord0.25,pca_ridge,8,SLITRK6,0.011984387393290396,0.04020914942814679,0.3263576924800873
matched_coord0.25,pca_ridge,8,APOE,0.860494102332084,0.8624153592970234,0.34089457988739014
matched_coord0.25,pca_ridge,8,MT-ND2,0.5307317375024674,0.5364661636665938,0.4978023171424866
matched_coord0.25,pca_ridge,8,CALML5,0.3839969648041265,0.40167103579803304,0.6874336004257202
matched_coord0.25,pca_ridge,8,HLA-DRA,0.706453501696265,0.6965405787281183,0.41887167096138
matched_coord0.25,pca_ridge,8,S100G,0.27968321486187997,0.2654167270664247,0.6174394488334656
matched_coord0.25,pca_ridge,8,LINC00645,0.24293625774029515,0.22933715500463633,0.5489971041679382
matched_coord0.25,pca_ridge,8,C3,0.7172672813103078,0.6911419938136191,0.43896690011024475
matched_coord0.25,pca_ridge,8,IGLC3,0.31702841249448765,0.32127982262103316,0.7270961403846741
matched_coord0.25,pca_ridge,8,IGLC1,0.2596306996471216,0.2341919759738491,0.6795827150344849
matched_coord0.25,pca_ridge,8,TIMP1,0.6979722249722803,0.7047362711314201,0.5070661902427673
matched_coord0.25,pca_ridge,8,APOC1,0.7286103587375831,0.7254473634449241,0.4562290608882904
matched_coord0.25,pca_ridge,8,TFF1,0.3627442155019746,0.32484570304630916,0.6599997878074646
matched_coord0.25,pca_ridge,8,SCGB2A2,0.28574657962946926,0.26871788926515394,0.6402966380119324
matched_coord0.25,pca_ridge,8,SCGB1D2,0.24700392578310365,0.23900328287104505,0.6279171109199524
matched_coord0.25,pca_ridge,8,SERPINA3,0.06426231089211376,0.02601193953012315,0.5500504970550537
matched_coord0.25,pca_ridge,8,LINC00052,0.2758481996389408,0.254526332504056,0.38435888290405273
matched_coord0.25,pca_ridge,8,AGR2,0.39889172593778244,0.3657665390202916,0.42208755016326904
matched_coord0.25,pca_ridge,8,C6orf141,0.05498735301740131,0.0979306995838788,0.3067614734172821
matched_coord0.25,pca_ridge,8,LYZ,0.7397781734309408,0.7470133273265582,0.5063748955726624
matched_coord0.25,pca_ridge,8,CTSD,0.7551006767145687,0.7453736279678886,0.3406924605369568
matched_coord0.25,pca_ridge,8,HEBP1,0.44846607865791616,0.4423880207977017,0.4982364773750305
matched_coord0.25,pca_ridge,8,IGHM,0.31179203811133455,0.29707721238452106,0.6948577165603638
matched_coord0.25,pca_ridge,8,HLA-DRB1,0.6893114958797381,0.6978039062949323,0.3926128149032593
matched_coord0.25,pca_ridge,8,C1QA,0.7940034868673289,0.7871605500904234,0.3789607584476471
matched_coord0.25,pca_ridge,8,IGHA1,0.24281949484745224,0.22262790154117157,0.7199588418006897
matched_coord0.25,pca_ridge,8,DEGS1,0.28302353634482835,0.2264174442127908,0.5222352147102356
matched_coord0.25,pca_ridge,8,AC087379.2,0.16585856367151336,0.1825464323454047,0.41148456931114197
matched_coord0.25,pca_ridge,8,AEBP1,0.6743111093387513,0.6415025471986371,0.45534205436706543
matched_coord0.25,pca_ridge,8,COL1A2,0.7115730921889776,0.6856115967861992,0.4298786520957947
matched_coord0.25,pca_ridge,8,GFRA1,0.2907332293194207,0.29897119419644497,0.4768238961696625
matched_coord0.25,pca_ridge,8,COL1A1,0.6963196459058185,0.6777979249744172,0.47220247983932495
matched_coord0.25,pca_ridge,8,HLA-E,0.6532373253254493,0.673427292984165,0.3850034773349762
matched_coord0.25,pca_ridge,8,CFB,0.1872550399672832,0.1761200475534378,0.5858391523361206
matched_coord0.25,pca_ridge,8,CCL19,0.45832417861891145,0.42584274614028766,0.5223988890647888
matched_coord0.25,pca_ridge,8,SNCG,0.24712154726980812,0.21953749602652545,0.6172010898590088
matched_coord0.25,pca_ridge,8,IGHG2,0.2508828159999511,0.1956269749799781,0.5221160054206848
matched_coord0.25,spatial_knn,8,CRISP3,0.12086609606250615,0.07105476541982447,0.4575318704102241
matched_coord0.25,spatial_knn,8,CPB1,0.60031662391067,0.5993506087610766,1.0803409649268776
matched_coord0.25,spatial_knn,8,IGHG3,-0.07990735395409444,-0.14395419844517898,0.7774290717424127
matched_coord0.25,spatial_knn,8,CD74,0.32069742118004263,0.332749661281448,0.5576179060468927
matched_coord0.25,spatial_knn,8,IGLC2,0.01063507851987959,0.04788758280530271,1.0117696259516842
matched_coord0.25,spatial_knn,8,HLA-B,0.3439444806659572,0.3459772071623942,0.4555318078926156
matched_coord0.25,spatial_knn,8,IGKC,-0.1338724846518271,-0.158511693587415,0.9139193722455558
matched_coord0.25,spatial_knn,8,MALAT1,0.13293391219293738,0.0858308474896998,0.7628364003106645
matched_coord0.25,spatial_knn,8,ALB,0.07693437668800228,0.03989300662925693,0.6019141469544753
matched_coord0.25,spatial_knn,8,IGHG4,-0.0210833291021581,-0.02437664979807273,0.6003550936410282
matched_coord0.25,spatial_knn,8,TFF3,0.1164985453468177,0.10127188709435636,0.44913069084817614
matched_coord0.25,spatial_knn,8,CXCL14,0.13514004415866115,0.07864404009383108,0.6193699501350941
matched_coord0.25,spatial_knn,8,IGHG1,-0.04168957917999225,0.02014312278600411,0.7961208157721021
matched_coord0.25,spatial_knn,8,SLITRK6,-0.0209267412373667,0.00014440919813947612,0.2693378169293939
matched_coord0.25,spatial_knn,8,APOE,0.2864146795808977,0.3532479773855816,0.6941063693743383
matched_coord0.25,spatial_knn,8,MT-ND2,0.24270780429164762,0.2073564560649359,0.829544135218216
matched_coord0.25,spatial_knn,8,CALML5,0.7531904647082593,0.7505119529016185,0.4380154352583803
matched_coord0.25,spatial_knn,8,HLA-DRA,0.31090383191210774,0.2931151189310981,0.563856118132874
matched_coord0.25,spatial_knn,8,S100G,0.09341767346642021,0.06070103155016098,0.7885062668504785
matched_coord0.25,spatial_knn,8,LINC00645,0.4163721475934483,0.34794416087192004,0.5875109992276965
matched_coord0.25,spatial_knn,8,C3,-0.0539741525334282,-0.06714935982286381,0.7275943708182828
matched_coord0.25,spatial_knn,8,IGLC3,-0.08012433108039005,-0.07333823092235332,0.7682869569685106
matched_coord0.25,spatial_knn,8,IGLC1,0.05666427987859197,0.09656998517468864,0.8790223746647062
matched_coord0.25,spatial_knn,8,TIMP1,-0.11240186156665805,-0.08010111173904891,0.87131822265631
matched_coord0.25,spatial_knn,8,APOC1,0.3770173492669766,0.3112899043097222,0.625711033177338
matched_coord0.25,spatial_knn,8,TFF1,0.39913196103531084,0.398240682605285,0.6846685241975138
matched_coord0.25,spatial_knn,8,SCGB2A2,-0.1529283076859315,-0.17335515625065526,1.0266962929638244
matched_coord0.25,spatial_knn,8,SCGB1D2,-0.2559339863061477,-0.29430173668626264,1.1150824545537632
matched_coord0.25,spatial_knn,8,SERPINA3,0.2248275507759328,0.24755295132180827,0.4695757992173665
matched_coord0.25,spatial_knn,8,LINC00052,0.43504351212235803,0.4650243979645057,0.4530958598696162
matched_coord0.25,spatial_knn,8,AGR2,0.21373368388872976,0.12840320433593314,0.49153197217643396
matched_coord0.25,spatial_knn,8,C6orf141,0.028444708223771317,0.024068742874094218,0.28826977431435097
matched_coord0.25,spatial_knn,8,LYZ,0.23439843238063374,0.23677119229364146,0.7545333097607411
matched_coord0.25,spatial_knn,8,CTSD,0.22789254315949525,0.2930093354752233,0.5175029013356903
matched_coord0.25,spatial_knn,8,HEBP1,0.07874525951758007,0.027345606545140854,0.7893750599371092
matched_coord0.25,spatial_knn,8,IGHM,0.16472390966097328,0.07080919605587016,0.7286705481390824
matched_coord0.25,spatial_knn,8,HLA-DRB1,0.11306734583436885,0.08594291742519691,0.6072126584181954
matched_coord0.25,spatial_knn,8,C1QA,0.2513560617192781,0.2963062347844366,0.691307100191259
matched_coord0.25,spatial_knn,8,IGHA1,-0.01288388789911632,-0.06058279203747258,0.66896616991741
matched_coord0.25,spatial_knn,8,DEGS1,0.33007624446539735,0.2381553128147269,0.5093401454203491
matched_coord0.25,spatial_knn,8,AC087379.2,0.02043847336580003,0.023291994456158968,0.42612550793212967
matched_coord0.25,spatial_knn,8,AEBP1,0.1988154767613187,0.21155095956127837,0.5826158037973796
matched_coord0.25,spatial_knn,8,COL1A2,0.08089165262166828,0.09404094856473671,0.6251922758705558
matched_coord0.25,spatial_knn,8,GFRA1,-0.015060847325632693,-0.026834144928974735,0.5233264435209088
matched_coord0.25,spatial_knn,8,COL1A1,-0.027733564432681143,-0.04496589900382744,0.6867451223297361
matched_coord0.25,spatial_knn,8,HLA-E,0.23048347906802463,0.2512788829602448,0.5262014634684493
matched_coord0.25,spatial_knn,8,CFB,0.5687910756395818,0.6301624779626053,0.5022217846098467
matched_coord0.25,spatial_knn,8,CCL19,0.10075123569223932,0.1011460364594471,0.6404609737272333
matched_coord0.25,spatial_knn,8,SNCG,0.523887742734542,0.5102763686415223,0.489710393986441
matched_coord0.25,spatial_knn,8,IGHG2,-0.03056838828447828,0.006432399811499143,0.5563447609173123
matched_coord0.5,mean,8,CRISP3,0.0,,0.6426100134849548
matched_coord0.5,mean,8,CPB1,0.0,,1.0772643089294434
matched_coord0.5,mean,8,IGHG3,,,0.7164320945739746
matched_coord0.5,mean,8,CD74,0.0,,0.6288959383964539
matched_coord0.5,mean,8,IGLC2,0.0,,0.8775886297225952
matched_coord0.5,mean,8,HLA-B,0.0,,0.5742074847221375
matched_coord0.5,mean,8,IGKC,,,0.802651047706604
matched_coord0.5,mean,8,MALAT1,,,0.6975277066230774
matched_coord0.5,mean,8,ALB,,,0.43054625391960144
matched_coord0.5,mean,8,IGHG4,,,0.5254862904548645
matched_coord0.5,mean,8,TFF3,0.0,,0.5365732312202454
matched_coord0.5,mean,8,CXCL14,0.0,,0.722430408000946
matched_coord0.5,mean,8,IGHG1,,,0.6670939922332764
matched_coord0.5,mean,8,SLITRK6,,,0.36131468415260315
matched_coord0.5,mean,8,APOE,0.0,,0.6858524680137634
matched_coord0.5,mean,8,MT-ND2,,,0.5528954267501831
matched_coord0.5,mean,8,CALML5,0.0,,0.8990010023117065
matched_coord0.5,mean,8,HLA-DRA,0.0,,0.6937938332557678
matched_coord0.5,mean,8,S100G,0.0,,0.5371023416519165
matched_coord0.5,mean,8,LINC00645,,,0.4416530430316925
matched_coord0.5,mean,8,C3,,,0.6576340794563293
matched_coord0.5,mean,8,IGLC3,0.0,,0.6439781785011292
matched_coord0.5,mean,8,IGLC1,,,0.624880850315094
matched_coord0.5,mean,8,TIMP1,,,0.7015412449836731
matched_coord0.5,mean,8,APOC1,,,0.7322778701782227
matched_coord0.5,mean,8,TFF1,,,0.8915325999259949
matched_coord0.5,mean,8,SCGB2A2,,,0.683484673500061
matched_coord0.5,mean,8,SCGB1D2,,,0.6966557502746582
matched_coord0.5,mean,8,SERPINA3,0.0,,0.4543403387069702
matched_coord0.5,mean,8,LINC00052,0.0,,0.3439423143863678
matched_coord0.5,mean,8,AGR2,,,0.48242267966270447
matched_coord0.5,mean,8,C6orf141,,,0.29909175634384155
matched_coord0.5,mean,8,LYZ,,,0.8676788806915283
matched_coord0.5,mean,8,CTSD,,,0.5145155787467957
matched_coord0.5,mean,8,HEBP1,0.0,,0.49558117985725403
matched_coord0.5,mean,8,IGHM,,,0.6019927859306335
matched_coord0.5,mean,8,HLA-DRB1,,,0.6973422765731812
matched_coord0.5,mean,8,C1QA,,,0.660473644733429
matched_coord0.5,mean,8,IGHA1,,,0.621635913848877
matched_coord0.5,mean,8,DEGS1,0.0,,0.6367684602737427
matched_coord0.5,mean,8,AC087379.2,,,0.2998806834220886
matched_coord0.5,mean,8,AEBP1,,,0.6284903883934021
matched_coord0.5,mean,8,COL1A2,,,0.6570230722427368
matched_coord0.5,mean,8,GFRA1,0.0,,0.5079512000083923
matched_coord0.5,mean,8,COL1A1,,,0.6781471967697144
matched_coord0.5,mean,8,HLA-E,0.0,,0.5383806824684143
matched_coord0.5,mean,8,CFB,,,0.5291182398796082
matched_coord0.5,mean,8,CCL19,0.0,,0.6768210530281067
matched_coord0.5,mean,8,SNCG,0.0,,0.8641235828399658
matched_coord0.5,mean,8,IGHG2,0.0,,0.5106903314590454
matched_coord0.5,pca_ridge,8,CRISP3,0.09227243411587087,0.09922159184405907,0.5304182767868042
matched_coord0.5,pca_ridge,8,CPB1,0.06406143499179273,0.10299126197792012,1.0304073095321655
matched_coord0.5,pca_ridge,8,IGHG3,0.5867269459181603,0.5556130674310708,0.7281004786491394
matched_coord0.5,pca_ridge,8,CD74,0.7509797093160672,0.7457199670570644,0.40419822931289673
matched_coord0.5,pca_ridge,8,IGLC2,0.49652864989295536,0.5269600676199782,1.0134862661361694
matched_coord0.5,pca_ridge,8,HLA-B,0.4626298113894704,0.4823921284148581,0.39965757727622986
matched_coord0.5,pca_ridge,8,IGKC,0.5436517454105722,0.5427728436669805,0.8418360948562622
matched_coord0.5,pca_ridge,8,MALAT1,0.5876625668793025,0.592504520158558,0.5072108507156372
matched_coord0.5,pca_ridge,8,ALB,0.05253103595206051,0.04835133945104596,0.5576856732368469
matched_coord0.5,pca_ridge,8,IGHG4,0.4609937686495941,0.42155980144659466,0.555503249168396
matched_coord0.5,pca_ridge,8,TFF3,0.30171312131092454,0.323880729781973,0.4615461826324463
matched_coord0.5,pca_ridge,8,CXCL14,0.11080086290475288,0.13543331395621377,0.540479302406311
matched_coord0.5,pca_ridge,8,IGHG1,0.5101916103341796,0.48364091150783894,0.7076790928840637
matched_coord0.5,pca_ridge,8,SLITRK6,-0.03214281021014219,-0.007896072527485873,0.3269535005092621
matched_coord0.5,pca_ridge,8,APOE,0.8771013274334138,0.8862830303902578,0.32235366106033325
matched_coord0.5,pca_ridge,8,MT-ND2,0.4493050130810527,0.4307355040089234,0.4980930984020233
matched_coord0.5,pca_ridge,8,CALML5,0.3607269990900883,0.33078327926134266,0.8086482286453247
matched_coord0.5,pca_ridge,8,HLA-DRA,0.6158717348808646,0.5988532315260696,0.46272385120391846
matched_coord0.5,pca_ridge,8,S100G,0.2661868359887603,0.2422715688280822,0.6067434549331665
matched_coord0.5,pca_ridge,8,LINC00645,0.1272653942372876,0.12712038252149513,0.40292513370513916
matched_coord0.5,pca_ridge,8,C3,0.7487977401551117,0.7321715008129224,0.43816328048706055
matched_coord0.5,pca_ridge,8,IGLC3,0.2745820181966227,0.30809378620925415,0.769739031791687
matched_coord0.5,pca_ridge,8,IGLC1,0.27080722602386753,0.2745168189149107,0.6611628532409668
matched_coord0.5,pca_ridge,8,TIMP1,0.7329878349271475,0.7591574403406975,0.5129252672195435
matched_coord0.5,pca_ridge,8,APOC1,0.7344758165582975,0.7379340626555445,0.43537524342536926
matched_coord0.5,pca_ridge,8,TFF1,0.38810852732547807,0.3401499691956434,0.7658834457397461
matched_coord0.5,pca_ridge,8,SCGB2A2,0.27399834409365825,0.23110539861212212,0.6653141975402832
matched_coord0.5,pca_ridge,8,SCGB1D2,0.2726857917773507,0.23391011210559004,0.6610384583473206
matched_coord0.5,pca_ridge,8,SERPINA3,0.04631947351848235,0.046625411993631447,0.5273513793945312
matched_coord0.5,pca_ridge,8,LINC00052,0.09034764818979,0.09636539584125334,0.3259604871273041
matched_coord0.5,pca_ridge,8,AGR2,0.2457754810752184,0.21436561496650153,0.4381166696548462
matched_coord0.5,pca_ridge,8,C6orf141,0.1047336791059937,0.10826838460611675,0.28709208965301514
matched_coord0.5,pca_ridge,8,LYZ,0.7032879215340377,0.7120541045996628,0.5110802054405212
matched_coord0.5,pca_ridge,8,CTSD,0.7943725493313177,0.7869079441849122,0.33846718072891235
matched_coord0.5,pca_ridge,8,HEBP1,0.3895466807950778,0.38276189699930524,0.4671684801578522
matched_coord0.5,pca_ridge,8,IGHM,0.24408609904629355,0.2660297500181395,0.6682239174842834
matched_coord0.5,pca_ridge,8,HLA-DRB1,0.634786020524398,0.6388044530246528,0.4317604899406433
matched_coord0.5,pca_ridge,8,C1QA,0.8154615509881037,0.81202729068063,0.36339572072029114
matched_coord0.5,pca_ridge,8,IGHA1,0.2532182694509986,0.22286753229100334,0.7424266338348389
matched_coord0.5,pca_ridge,8,DEGS1,0.019147372718310726,0.027587614291904934,0.5309643745422363
matched_coord0.5,pca_ridge,8,AC087379.2,0.1930393124467378,0.18539004343635512,0.4060038626194
matched_coord0.5,pca_ridge,8,AEBP1,0.7291018179647684,0.6915407772001403,0.4206885099411011
matched_coord0.5,pca_ridge,8,COL1A2,0.7041183693639368,0.6763485889309339,0.429698646068573
matched_coord0.5,pca_ridge,8,GFRA1,0.24305295551765876,0.2541206909337463,0.46648499369621277
matched_coord0.5,pca_ridge,8,COL1A1,0.6686200946082591,0.6563750602188066,0.48485034704208374
matched_coord0.5,pca_ridge,8,HLA-E,0.6304862811782531,0.6602025254075035,0.38729217648506165
matched_coord0.5,pca_ridge,8,CFB,0.1227236118752756,0.09062636945665849,0.5281365513801575
matched_coord0.5,pca_ridge,8,CCL19,0.4549774565311682,0.4504383938915348,0.5968598127365112
matched_coord0.5,pca_ridge,8,SNCG,0.08854494010662496,0.08640197633602582,0.6651526093482971
matched_coord0.5,pca_ridge,8,IGHG2,0.19753461184133234,0.16301425744382364,0.5417124032974243
matched_coord0.5,spatial_knn,8,CRISP3,0.03584636735280051,0.03464451664090939,0.41512795591260326
matched_coord0.5,spatial_knn,8,CPB1,0.5120601563407903,0.4824879041932436,0.9027836821917532
matched_coord0.5,spatial_knn,8,IGHG3,-0.251506540384,-0.36099219354374434,0.7583031457086418
matched_coord0.5,spatial_knn,8,CD74,0.3977517570387775,0.39995869639526727,0.6210242825186207
matched_coord0.5,spatial_knn,8,IGLC2,-0.12849211673428698,-0.027849200854532463,0.9418552174909769
matched_coord0.5,spatial_knn,8,HLA-B,0.19872707525785263,0.24631944162797798,0.45614866841324164
matched_coord0.5,spatial_knn,8,IGKC,-0.2875124729779796,-0.35561754011422086,0.8871240812259568
matched_coord0.5,spatial_knn,8,MALAT1,-0.08811786325755011,-0.09281529667632168,0.707393147428276
matched_coord0.5,spatial_knn,8,ALB,0.11902074631932409,0.047572306450123836,0.6758472946381933
matched_coord0.5,spatial_knn,8,IGHG4,-0.12060192742352158,-0.15337099611685517,0.5672079320083085
matched_coord0.5,spatial_knn,8,TFF3,-0.05078584760668713,-0.06371268432951731,0.4955412596740022
matched_coord0.5,spatial_knn,8,CXCL14,-0.053467845930970835,-0.08843793311779834,0.5402588388138408
matched_coord0.5,spatial_knn,8,IGHG1,-0.11393454315071559,-0.0002751699619597049,0.7431945242242479
matched_coord0.5,spatial_knn,8,SLITRK6,-0.004853735629446472,-0.010668542710244719,0.2546410148989026
matched_coord0.5,spatial_knn,8,APOE,0.3559855615404518,0.37756991878207097,0.7361655421745703
matched_coord0.5,spatial_knn,8,MT-ND2,0.06221677959328748,0.03456365852488411,0.8058822254166212
matched_coord0.5,spatial_knn,8,CALML5,0.6957900428750863,0.6166378316032296,0.5027003168131681
matched_coord0.5,spatial_knn,8,HLA-DRA,0.3149412136535873,0.31892585890508723,0.6207830309022248
matched_coord0.5,spatial_knn,8,S100G,-0.021838540741473168,-0.047559773703232056,0.8528691370524883
matched_coord0.5,spatial_knn,8,LINC00645,0.06492214395964695,0.04206203590371669,0.6227296296505408
matched_coord0.5,spatial_knn,8,C3,-0.15471144905056053,-0.12973078796632256,0.8235216264016048
matched_coord0.5,spatial_knn,8,IGLC3,-0.17128399601844785,-0.18348676396849095,0.72844171735708
matched_coord0.5,spatial_knn,8,IGLC1,0.06647128780689078,0.14413001233692826,0.7496149780649747
matched_coord0.5,spatial_knn,8,TIMP1,-0.1972218876106608,-0.11330208322996865,0.9610473733376482
matched_coord0.5,spatial_knn,8,APOC1,0.4545765826503035,0.3967551058551671,0.6206485628305404
matched_coord0.5,spatial_knn,8,TFF1,0.2237022353121344,0.14438664972752402,0.785671345301559
matched_coord0.5,spatial_knn,8,SCGB2A2,-0.41070021670841667,-0.3885026699289811,1.2311348437549055
matched_coord0.5,spatial_knn,8,SCGB1D2,-0.48126553274117345,-0.4343089771445746,1.353384695815035
matched_coord0.5,spatial_knn,8,SERPINA3,0.08649591680676569,0.10624212614872147,0.4464371154709543
matched_coord0.5,spatial_knn,8,LINC00052,0.2326889877779929,0.26560519180281356,0.5585464268801801
matched_coord0.5,spatial_knn,8,AGR2,-0.03588461810861757,-0.07904812557168672,0.5121820089709461
matched_coord0.5,spatial_knn,8,C6orf141,-0.012935690778929502,-0.009000962549021925,0.2807201683188707
matched_coord0.5,spatial_knn,8,LYZ,0.1196674186304351,0.1211427811822036,0.8120769239747782
matched_coord0.5,spatial_knn,8,CTSD,0.2918245482310905,0.3503078530321294,0.5616599947128373
matched_coord0.5,spatial_knn,8,HEBP1,-0.22795965756487782,-0.2410379739372463,0.9414253806566776
matched_coord0.5,spatial_knn,8,IGHM,-0.10207557152113411,-0.16546761776223995,0.6558076223582159
matched_coord0.5,spatial_knn,8,HLA-DRB1,0.015378167031131654,0.0013106648460888643,0.6922582836972048
matched_coord0.5,spatial_knn,8,C1QA,0.29161348225670974,0.3212516156282308,0.7532866680318792
matched_coord0.5,spatial_knn,8,IGHA1,-0.09656453311965084,-0.1899084409374186,0.5996903913576082
matched_coord0.5,spatial_knn,8,DEGS1,0.14039300495528642,0.08039419338310601,0.4917932613414633
matched_coord0.5,spatial_knn,8,AC087379.2,-0.15852917914754217,-0.1113782611547855,0.45338167148423225
matched_coord0.5,spatial_knn,8,AEBP1,0.25624260213312616,0.2584683500854167,0.576488621198028
matched_coord0.5,spatial_knn,8,COL1A2,0.07447259030443928,0.07275012793373034,0.6007113034513285
matched_coord0.5,spatial_knn,8,GFRA1,-0.292066926742253,-0.2926102505244653,0.545728817448046
matched_coord0.5,spatial_knn,8,COL1A1,-0.056619611503868766,-0.07080819635428849,0.6746964187646654
matched_coord0.5,spatial_knn,8,HLA-E,0.17922255346008759,0.23036108280849715,0.567377662831537
matched_coord0.5,spatial_knn,8,CFB,0.5542668490720108,0.5593631336368251,0.44515197010591534
matched_coord0.5,spatial_knn,8,CCL19,0.11189054766995317,0.12550383916675423,0.7545205205592802
matched_coord0.5,spatial_knn,8,SNCG,0.3951692735088521,0.2909158647064173,0.484149538855436
matched_coord0.5,spatial_knn,8,IGHG2,-0.1034063256480036,-0.08345295536479308,0.5527676214783279
matched_coord1.0,mean,8,CRISP3,,,0.6964411735534668
matched_coord1.0,mean,8,CPB1,,,0.6227497458457947
matched_coord1.0,mean,8,IGHG3,,,0.7278399467468262
matched_coord1.0,mean,8,CD74,,,0.7219985127449036
matched_coord1.0,mean,8,IGLC2,,,0.8106127381324768
matched_coord1.0,mean,8,HLA-B,,,0.5328903794288635
matched_coord1.0,mean,8,IGKC,,,0.8407605290412903
matched_coord1.0,mean,8,MALAT1,,,0.5770252346992493
matched_coord1.0,mean,8,ALB,,,0.3826543986797333
matched_coord1.0,mean,8,IGHG4,,,0.5971547961235046
matched_coord1.0,mean,8,TFF3,,,0.4930000901222229
matched_coord1.0,mean,8,CXCL14,,,0.7071595191955566
matched_coord1.0,mean,8,IGHG1,,,0.6668334007263184
matched_coord1.0,mean,8,SLITRK6,,,0.36638376116752625
matched_coord1.0,mean,8,APOE,,,0.6301923990249634
matched_coord1.0,mean,8,MT-ND2,,,0.4980145990848541
matched_coord1.0,mean,8,CALML5,,,0.9510735869407654
matched_coord1.0,mean,8,HLA-DRA,,,0.7397210597991943
matched_coord1.0,mean,8,S100G,,,0.4960751235485077
matched_coord1.0,mean,8,LINC00645,,,0.4526735246181488
matched_coord1.0,mean,8,C3,0.0,,0.8116185665130615
matched_coord1.0,mean,8,IGLC3,0.0,,0.5535722970962524
matched_coord1.0,mean,8,IGLC1,0.0,,0.5766075253486633
matched_coord1.0,mean,8,TIMP1,,,0.8759275674819946
matched_coord1.0,mean,8,APOC1,,,0.6190908551216125
matched_coord1.0,mean,8,TFF1,,,0.822538435459137
matched_coord1.0,mean,8,SCGB2A2,,,0.5492616891860962
matched_coord1.0,mean,8,SCGB1D2,0.0,,0.47428077459335327
matched_coord1.0,mean,8,SERPINA3,,,0.41802194714546204
matched_coord1.0,mean,8,LINC00052,,,0.27961429953575134
matched_coord1.0,mean,8,AGR2,,,0.5119642615318298
matched_coord1.0,mean,8,C6orf141,,,0.29499587416648865
matched_coord1.0,mean,8,LYZ,,,0.8259690403938293
matched_coord1.0,mean,8,CTSD,,,0.4162217080593109
matched_coord1.0,mean,8,HEBP1,,,0.4684220254421234
matched_coord1.0,mean,8,IGHM,,,0.5774919390678406
matched_coord1.0,mean,8,HLA-DRB1,,,0.8350083231925964
matched_coord1.0,mean,8,C1QA,,,0.6664731502532959
matched_coord1.0,mean,8,IGHA1,0.0,,0.6166389584541321
matched_coord1.0,mean,8,DEGS1,0.0,,0.692773163318634
matched_coord1.0,mean,8,AC087379.2,,,0.2810411751270294
matched_coord1.0,mean,8,AEBP1,,,0.5743095278739929
matched_coord1.0,mean,8,COL1A2,,,0.5933029055595398
matched_coord1.0,mean,8,GFRA1,0.0,,0.5185508728027344
matched_coord1.0,mean,8,COL1A1,,,0.6164869666099548
matched_coord1.0,mean,8,HLA-E,,,0.6467882394790649
matched_coord1.0,mean,8,CFB,,,0.4340461790561676
matched_coord1.0,mean,8,CCL19,0.0,,0.9669257402420044
matched_coord1.0,mean,8,SNCG,,,1.0442100763320923
matched_coord1.0,mean,8,IGHG2,0.0,,0.5154485106468201
matched_coord1.0,pca_ridge,8,CRISP3,0.04496258560267024,0.01763829677901241,0.5266503095626831
matched_coord1.0,pca_ridge,8,CPB1,0.4428228144894477,0.31784383464046,0.6081081628799438
matched_coord1.0,pca_ridge,8,IGHG3,0.4651329709118164,0.4965366325324709,0.8829508423805237
matched_coord1.0,pca_ridge,8,CD74,0.6795893371590005,0.6669625843223957,0.41983816027641296
matched_coord1.0,pca_ridge,8,IGLC2,0.5635442963266307,0.6160496689303424,1.093748688697815
matched_coord1.0,pca_ridge,8,HLA-B,0.3663398974055059,0.3928222062640302,0.3712087869644165
matched_coord1.0,pca_ridge,8,IGKC,0.46166348649483563,0.5670140400676276,0.9990099668502808
matched_coord1.0,pca_ridge,8,MALAT1,0.56163750536691,0.5478792882143726,0.47992968559265137
matched_coord1.0,pca_ridge,8,ALB,0.005557955380726423,0.026580460097592774,0.47927695512771606
matched_coord1.0,pca_ridge,8,IGHG4,0.43884727835442844,0.5197765350492788,0.6932702660560608
matched_coord1.0,pca_ridge,8,TFF3,0.15346838680037508,0.08458532889268368,0.5086683034896851
matched_coord1.0,pca_ridge,8,CXCL14,0.20704316588411367,0.28297912643843254,0.5517650246620178
matched_coord1.0,pca_ridge,8,IGHG1,0.4682119347965809,0.5741047548501281,0.8536095023155212
matched_coord1.0,pca_ridge,8,SLITRK6,-0.07533855733689444,-0.013339084396759758,0.3166884183883667
matched_coord1.0,pca_ridge,8,APOE,0.8464516596426466,0.8552566850060221,0.28195467591285706
matched_coord1.0,pca_ridge,8,MT-ND2,0.4585458247420456,0.45434292144234417,0.4882328510284424
matched_coord1.0,pca_ridge,8,CALML5,0.4200807085105428,0.2144912949318918,0.862787663936615
matched_coord1.0,pca_ridge,8,HLA-DRA,0.4433747815599703,0.4550101497871089,0.48067155480384827
matched_coord1.0,pca_ridge,8,S100G,0.257149537018113,0.227623565881482,0.5880609750747681
matched_coord1.0,pca_ridge,8,LINC00645,0.017337753842173082,0.034744450122716264,0.40214434266090393
matched_coord1.0,pca_ridge,8,C3,0.7701712464207056,0.7929104161129991,0.48001629114151
matched_coord1.0,pca_ridge,8,IGLC3,0.3603287359571942,0.340265759688639,0.7854682803153992
matched_coord1.0,pca_ridge,8,IGLC1,0.27687484861275424,0.3196443710134938,0.6817365884780884
matched_coord1.0,pca_ridge,8,TIMP1,0.7513660432408867,0.733006881499115,0.5792304277420044
matched_coord1.0,pca_ridge,8,APOC1,0.6560789233082422,0.6487551667788138,0.36919304728507996
matched_coord1.0,pca_ridge,8,TFF1,0.41286678916175845,0.3689829291324335,0.7759082317352295
matched_coord1.0,pca_ridge,8,SCGB2A2,0.03781222737148401,-0.046872614457352975,0.6962447166442871
matched_coord1.0,pca_ridge,8,SCGB1D2,0.1056555486531361,0.07429463454813139,0.5581924319267273
matched_coord1.0,pca_ridge,8,SERPINA3,0.10474449976706704,0.06521308898451239,0.46439942717552185
matched_coord1.0,pca_ridge,8,LINC00052,0.11350440766042387,0.1902570524279284,0.27138304710388184
matched_coord1.0,pca_ridge,8,AGR2,0.18131775823630716,0.22223792910416112,0.466218501329422
matched_coord1.0,pca_ridge,8,C6orf141,-0.024892466991305685,0.018676035266892356,0.2829335331916809
matched_coord1.0,pca_ridge,8,LYZ,0.6048615531633311,0.5587698118755338,0.46834200620651245
matched_coord1.0,pca_ridge,8,CTSD,0.790522057209458,0.7947990115973333,0.25886669754981995
matched_coord1.0,pca_ridge,8,HEBP1,0.15213839177752297,0.13685174839937256,0.5514196753501892
matched_coord1.0,pca_ridge,8,IGHM,0.1238750835255569,0.14929423939598654,0.7905883193016052
matched_coord1.0,pca_ridge,8,HLA-DRB1,0.5389126724409726,0.5658265997930462,0.4948362410068512
matched_coord1.0,pca_ridge,8,C1QA,0.769310464264272,0.7850054565707855,0.34240949153900146
matched_coord1.0,pca_ridge,8,IGHA1,0.11800707125359448,0.11782901042922717,0.8799688816070557
matched_coord1.0,pca_ridge,8,DEGS1,0.0111432182039877,-0.003934926986097701,0.5459113717079163
matched_coord1.0,pca_ridge,8,AC087379.2,0.13184323761904052,0.17453645974349033,0.38292670249938965
matched_coord1.0,pca_ridge,8,AEBP1,0.6227415640426103,0.604487444129377,0.5298484563827515
matched_coord1.0,pca_ridge,8,COL1A2,0.655492711262629,0.6620431888991298,0.46363574266433716
matched_coord1.0,pca_ridge,8,GFRA1,0.18724151955114776,0.20425996990502385,0.43985816836357117
matched_coord1.0,pca_ridge,8,COL1A1,0.6363487830494016,0.6077941317832527,0.4958309233188629
matched_coord1.0,pca_ridge,8,HLA-E,0.6043360179256239,0.5736410876952915,0.4240398406982422
matched_coord1.0,pca_ridge,8,CFB,0.2408845368384706,0.16798887198828394,0.432060569524765
matched_coord1.0,pca_ridge,8,CCL19,0.500371039500895,0.5208768155428594,0.8107996582984924
matched_coord1.0,pca_ridge,8,SNCG,0.1251988183076214,0.152246806633833,0.818195641040802
matched_coord1.0,pca_ridge,8,IGHG2,0.2826736645361595,0.2650338412333424,0.5642443895339966
matched_coord1.0,spatial_knn,8,CRISP3,-0.010675978529780718,0.021628114798401793,0.380059638144038
matched_coord1.0,spatial_knn,8,CPB1,0.5029978177769585,0.4312047995205003,0.5425424462959791
matched_coord1.0,spatial_knn,8,IGHG3,-0.25832868890308897,-0.23269871247547372,0.7693108463180143
matched_coord1.0,spatial_knn,8,CD74,0.03360304628008672,-0.08372584831298664,0.8191798586775196
matched_coord1.0,spatial_knn,8,IGLC2,0.16231761831095923,0.24124828245245997,0.7601541707727308
matched_coord1.0,spatial_knn,8,HLA-B,-0.07208026030792831,-0.06551843076940475,0.43974451132394293
matched_coord1.0,spatial_knn,8,IGKC,-0.37027208252447114,-0.31670163018586267,0.8765492243589382
matched_coord1.0,spatial_knn,8,MALAT1,0.26780082500138597,0.26867249831779294,0.6310763469173887
matched_coord1.0,spatial_knn,8,ALB,0.15988133523537817,0.20562501057804072,0.7226041032949405
matched_coord1.0,spatial_knn,8,IGHG4,0.12397080498211249,0.10567652996024904,0.5834187193349049
matched_coord1.0,spatial_knn,8,TFF3,-0.08083386527355982,-0.09480862420907994,0.558164513409541
matched_coord1.0,spatial_knn,8,CXCL14,0.01480346800548415,0.04913754838145626,0.510614119039113
matched_coord1.0,spatial_knn,8,IGHG1,0.3190475764356073,0.3744790812604961,0.6250694419047268
matched_coord1.0,spatial_knn,8,SLITRK6,-0.01729488652431147,-0.004027775609036622,0.2529695104346771
matched_coord1.0,spatial_knn,8,APOE,0.46431020904685805,0.29688834103284684,0.78200233736482
matched_coord1.0,spatial_knn,8,MT-ND2,-0.08733694441981045,-0.04929008035012525,0.7297483422611979
matched_coord1.0,spatial_knn,8,CALML5,0.5921020765788506,0.37684265285466295,0.5121166666521024
matched_coord1.0,spatial_knn,8,HLA-DRA,-0.17968483394913917,-0.14263419488722143,0.7640089212399623
matched_coord1.0,spatial_knn,8,S100G,-0.05963551623527323,-0.07009935029767067,1.0054007386361095
matched_coord1.0,spatial_knn,8,LINC00645,-0.06076854834929607,-0.061155043514711765,0.5338229668462304
matched_coord1.0,spatial_knn,8,C3,0.1395792095771543,0.19614816992835776,1.0241585506547288
matched_coord1.0,spatial_knn,8,IGLC3,-0.11501827179529732,-0.07360832557787861,0.5514656062311398
matched_coord1.0,spatial_knn,8,IGLC1,0.23521120725204003,0.27982173642672176,0.526282699314899
matched_coord1.0,spatial_knn,8,TIMP1,-0.11198497741079154,-0.09371165557446665,1.2573340665133157
matched_coord1.0,spatial_knn,8,APOC1,0.2625996159182699,0.18558560596208107,0.5582895331353868
matched_coord1.0,spatial_knn,8,TFF1,-0.2475458122666874,-0.34663643406031064,0.6851475484766923
matched_coord1.0,spatial_knn,8,SCGB2A2,-0.2948050238718136,-0.4204059020185676,1.4449233507197632
matched_coord1.0,spatial_knn,8,SCGB1D2,-0.22935673668641146,-0.30058872808614834,1.4479728750380378
matched_coord1.0,spatial_knn,8,SERPINA3,-0.1343607426289562,-0.14048549343797886,0.4278715942526954
matched_coord1.0,spatial_knn,8,LINC00052,0.08110152409432037,0.1774940874681807,0.7030438939659628
matched_coord1.0,spatial_knn,8,AGR2,-0.31466309106676715,-0.1853820447721528,0.5313729823185992
matched_coord1.0,spatial_knn,8,C6orf141,0.031466721560878014,0.033454302540397676,0.2562628391302458
matched_coord1.0,spatial_knn,8,LYZ,-0.16165538720177594,-0.1518057573889885,0.8312915366854202
matched_coord1.0,spatial_knn,8,CTSD,0.3999131113205752,0.2826729846028577,0.6120039056395338
matched_coord1.0,spatial_knn,8,HEBP1,0.17970634254021978,0.04740416539944384,1.138548966421562
matched_coord1.0,spatial_knn,8,IGHM,-0.4013099394653316,-0.2652590679636516,0.5939251103121089
matched_coord1.0,spatial_knn,8,HLA-DRB1,-0.3298939677499485,-0.29620980373308603,0.8758294686905107
matched_coord1.0,spatial_knn,8,C1QA,0.3619164067861088,0.3014797767612284,0.8850198257811904
matched_coord1.0,spatial_knn,8,IGHA1,-0.12516886798708485,-0.14792384142718015,0.48535145689547615
matched_coord1.0,spatial_knn,8,DEGS1,-0.18335885494548998,-0.14002112128515432,0.49994761452287695
matched_coord1.0,spatial_knn,8,AC087379.2,0.12711553170094844,0.08708975233663453,0.4759960803320543
matched_coord1.0,spatial_knn,8,AEBP1,0.38871425123934883,0.32360375237439665,0.5205423104910402
matched_coord1.0,spatial_knn,8,COL1A2,0.1492813461799282,0.16401942878468315,0.5493054937045143
matched_coord1.0,spatial_knn,8,GFRA1,-0.3614096056052389,-0.3604454626068716,0.4994878798735123
matched_coord1.0,spatial_knn,8,COL1A1,-0.04309459781447016,-0.04680211025100226,0.6150433634720681
matched_coord1.0,spatial_knn,8,HLA-E,0.2932627944303434,0.3071681811242232,0.72875512342707
matched_coord1.0,spatial_knn,8,CFB,0.13549064747335765,0.0713764694573398,0.43578982805664707
matched_coord1.0,spatial_knn,8,CCL19,0.3927712429881734,0.3849442711264108,1.0604749824790722
matched_coord1.0,spatial_knn,8,SNCG,0.057083200512021266,0.03614907464475745,0.5238702923399123
matched_coord1.0,spatial_knn,8,IGHG2,-0.09025921331751713,-0.1941541716748733,0.5326586097110481
random,mean,9,CRISP3,,,0.9179562330245972
random,mean,9,CPB1,,,0.9476219415664673
random,mean,9,IGHG3,,,0.9310365319252014
random,mean,9,CD74,,,0.5566825866699219
random,mean,9,IGLC2,,,1.0600507259368896
random,mean,9,HLA-B,,,0.4654516279697418
random,mean,9,IGKC,0.0,,0.9446945786476135
random,mean,9,MALAT1,0.0,,0.7644118070602417
random,mean,9,ALB,,,0.7521317005157471
random,mean,9,IGHG4,,,0.6825913190841675
random,mean,9,TFF3,,,0.593408465385437
random,mean,9,CXCL14,0.0,,0.7589952945709229
random,mean,9,IGHG1,,,0.8445717096328735
random,mean,9,SLITRK6,,,0.525890052318573
random,mean,9,APOE,,,0.6483427882194519
random,mean,9,MT-ND2,,,0.5860947966575623
random,mean,9,CALML5,,,0.6034705638885498
random,mean,9,HLA-DRA,0.0,,0.5970318913459778
random,mean,9,S100G,,,0.7745038270950317
random,mean,9,LINC00645,0.0,,0.5793445706367493
random,mean,9,C3,,,0.7502360939979553
random,mean,9,IGLC3,,,0.7847316861152649
random,mean,9,IGLC1,0.0,,0.8088666796684265
random,mean,9,TIMP1,,,0.7299070954322815
random,mean,9,APOC1,,,0.635608971118927
random,mean,9,TFF1,,,0.6951544880867004
random,mean,9,SCGB2A2,,,0.7480230331420898
random,mean,9,SCGB1D2,,,0.7015150785446167
random,mean,9,SERPINA3,,,0.654148519039154
random,mean,9,LINC00052,,,0.31408295035362244
random,mean,9,AGR2,0.0,,0.6247873306274414
random,mean,9,C6orf141,,,0.44784805178642273
random,mean,9,LYZ,,,0.6970024108886719
random,mean,9,CTSD,,,0.4750620424747467
random,mean,9,HEBP1,,,0.6419041752815247
random,mean,9,IGHM,,,0.8613376021385193
random,mean,9,HLA-DRB1,,,0.5582711696624756
random,mean,9,C1QA,,,0.6802785992622375
random,mean,9,IGHA1,,,0.8087934255599976
random,mean,9,DEGS1,,,0.619737982749939
random,mean,9,AC087379.2,,,0.4264330565929413
random,mean,9,AEBP1,,,0.6773339509963989
random,mean,9,COL1A2,,,0.6735295057296753
random,mean,9,GFRA1,,,0.6132237911224365
random,mean,9,COL1A1,,,0.6905586123466492
random,mean,9,HLA-E,,,0.5429080128669739
random,mean,9,CFB,,,0.5827733874320984
random,mean,9,CCL19,,,0.599520742893219
random,mean,9,SNCG,,,0.6158589720726013
random,mean,9,IGHG2,,,0.6200370788574219
random,pca_ridge,9,CRISP3,0.7129127085751132,0.390788061304656,0.6453146934509277
random,pca_ridge,9,CPB1,0.5014430282285742,0.5094454474872014,0.8201866149902344
random,pca_ridge,9,IGHG3,0.6376938341135343,0.6645045793043334,0.7188559174537659
random,pca_ridge,9,CD74,0.7960388625904332,0.8000192465712397,0.33717605471611023
random,pca_ridge,9,IGLC2,0.6677794767550483,0.6925739670709895,0.7892619967460632
random,pca_ridge,9,HLA-B,0.7254801927919688,0.7331760941919899,0.32059627771377563
random,pca_ridge,9,IGKC,0.6892805339721493,0.734521847184217,0.6847903728485107
random,pca_ridge,9,MALAT1,0.7191005834652101,0.7208413477933163,0.5313162207603455
random,pca_ridge,9,ALB,0.3437225846845538,0.19459695813411246,0.7070916891098022
random,pca_ridge,9,IGHG4,0.6447939460840317,0.6703011048920497,0.5240288972854614
random,pca_ridge,9,TFF3,0.637836919236996,0.6267033608899623,0.45664894580841064
random,pca_ridge,9,CXCL14,0.671134047460679,0.5247930326712188,0.5629011988639832
random,pca_ridge,9,IGHG1,0.6450364706778954,0.6670038582437616,0.6483162641525269
random,pca_ridge,9,SLITRK6,0.6807004021171414,0.42151491546373404,0.38620543479919434
random,pca_ridge,9,APOE,0.779079245557633,0.7868519925481094,0.4053703546524048
random,pca_ridge,9,MT-ND2,0.5477626501659733,0.581423851414947,0.490368127822876
random,pca_ridge,9,CALML5,0.6072034686831611,0.6175009477167285,0.48083582520484924
random,pca_ridge,9,HLA-DRA,0.7402820993535901,0.7701154318379876,0.40105822682380676
random,pca_ridge,9,S100G,0.6398480766759953,0.6327627173351441,0.5957893133163452
random,pca_ridge,9,LINC00645,0.4329716711618311,0.3843282337094917,0.5210164189338684
random,pca_ridge,9,C3,0.6973291035607273,0.6705687118835616,0.5388389229774475
random,pca_ridge,9,IGLC3,0.5605828593479923,0.4817472985632434,0.6492058038711548
random,pca_ridge,9,IGLC1,0.462361141648287,0.46356190422198856,0.720037043094635
random,pca_ridge,9,TIMP1,0.7136946215703612,0.7009465700606534,0.511332094669342
random,pca_ridge,9,APOC1,0.6418912398551554,0.6493659849252642,0.4871101379394531
random,pca_ridge,9,TFF1,0.5429935352068144,0.5544578194567666,0.5842306613922119
random,pca_ridge,9,SCGB2A2,0.49751140525431886,0.5020733847904013,0.6507561206817627
random,pca_ridge,9,SCGB1D2,0.5200397250290072,0.5434456975904742,0.6005846858024597
random,pca_ridge,9,SERPINA3,0.45030284110623364,0.4856014193040856,0.5847010016441345
random,pca_ridge,9,LINC00052,0.3250776294046646,0.24776378251713382,0.2967556118965149
random,pca_ridge,9,AGR2,0.589588417404588,0.5511784986518007,0.5053224563598633
random,pca_ridge,9,C6orf141,0.6228837267474284,0.42705774284171416,0.35159072279930115
random,pca_ridge,9,LYZ,0.6622149383499927,0.6654537885923077,0.5221648216247559
random,pca_ridge,9,CTSD,0.6366489977286166,0.6811670070534864,0.3653146028518677
random,pca_ridge,9,HEBP1,0.5976549322061425,0.5906325293829914,0.5147696733474731
random,pca_ridge,9,IGHM,0.5763662299760698,0.5095553280320834,0.7114338874816895
random,pca_ridge,9,HLA-DRB1,0.6571415557003706,0.6834952455185626,0.4211333990097046
random,pca_ridge,9,C1QA,0.7049120092356017,0.7247863314714921,0.48147252202033997
random,pca_ridge,9,IGHA1,0.4640149558203077,0.4641017805778528,0.7165145874023438
random,pca_ridge,9,DEGS1,0.534441585793998,0.4273198768073993,0.5242337584495544
random,pca_ridge,9,AC087379.2,0.45780537084935985,0.35071104663744096,0.379160612821579
random,pca_ridge,9,AEBP1,0.6466412200423101,0.6532194431294689,0.5175471305847168
random,pca_ridge,9,COL1A2,0.7118393708799665,0.7224852006117598,0.47175902128219604
random,pca_ridge,9,GFRA1,0.5013009189290561,0.3585591256884769,0.5328375101089478
random,pca_ridge,9,COL1A1,0.6667303138645486,0.6841067849189305,0.5148919820785522
random,pca_ridge,9,HLA-E,0.5997964117087092,0.6794271641834468,0.434670090675354
random,pca_ridge,9,CFB,0.3841694332489292,0.3988403505649277,0.5385800004005432
random,pca_ridge,9,CCL19,0.6047987438917171,0.46060404886533285,0.4782402813434601
random,pca_ridge,9,SNCG,0.524428947379043,0.5031653042547307,0.5238412022590637
random,pca_ridge,9,IGHG2,0.4248408017927777,0.3266662678156551,0.5612824559211731
random,spatial_knn,9,CRISP3,0.8494060272191886,0.46729935455017785,0.4850202874504757
random,spatial_knn,9,CPB1,0.7998095139352334,0.764653036437191,0.5690562784457355
random,spatial_knn,9,IGHG3,0.732055348380994,0.6984977380899815,0.6383143160364129
random,spatial_knn,9,CD74,0.7911889543909468,0.7825497339479467,0.3406566368428248
random,spatial_knn,9,IGLC2,0.7436385874637332,0.7359387415727371,0.7106915797739085
random,spatial_knn,9,HLA-B,0.7885641258025186,0.7901072089496913,0.28601847373025047
random,spatial_knn,9,IGKC,0.7255278443069411,0.7288997008487054,0.6522566360577444
random,spatial_knn,9,MALAT1,0.600823907400801,0.6211496045285899,0.6152863055979835
random,spatial_knn,9,ALB,0.7978745419087404,0.20078663026718768,0.4545023608441307
random,spatial_knn,9,IGHG4,0.6845770801569732,0.6600667240704585,0.500852434116643
random,spatial_knn,9,TFF3,0.7438916431839744,0.7404207439553658,0.3968746068571976
random,spatial_knn,9,CXCL14,0.7410551406998794,0.5797608785730185,0.5122047788668012
random,spatial_knn,9,IGHG1,0.6720750032197829,0.6633274250557563,0.6316909654191327
random,spatial_knn,9,SLITRK6,0.7792114922402708,0.43272044425989425,0.3308298719892217
random,spatial_knn,9,APOE,0.6493743891300888,0.6455471044724289,0.49751198540156405
random,spatial_knn,9,MT-ND2,0.5794900942392971,0.5748451768887645,0.47923712244032457
random,spatial_knn,9,CALML5,0.7244188333708086,0.745666682500296,0.4157445776702087
random,spatial_knn,9,HLA-DRA,0.6924731520243953,0.725493617021008,0.4320246890368986
random,spatial_knn,9,S100G,0.7311248388553666,0.6837568183777027,0.5294903123654676
random,spatial_knn,9,LINC00645,0.7210976615008959,0.5221580581903063,0.40076635545052053
random,spatial_knn,9,C3,0.6490409137810874,0.6147915265654001,0.5755786267576669
random,spatial_knn,9,IGLC3,0.6127945859283994,0.4922224550472598,0.6256377511043345
random,spatial_knn,9,IGLC1,0.5514253171482529,0.4996288359608952,0.6836901198842145
random,spatial_knn,9,TIMP1,0.6566208924823104,0.6409048404043726,0.5537634454945898
random,spatial_knn,9,APOC1,0.5840003826380343,0.5873836016110026,0.5206763950476035
random,spatial_knn,9,TFF1,0.631484993765272,0.6271067206399975,0.541218473365076
random,spatial_knn,9,SCGB2A2,0.6327365145101539,0.607421850287172,0.5811021822001132
random,spatial_knn,9,SCGB1D2,0.6046665567510601,0.5891766048157758,0.5606997615314513
random,spatial_knn,9,SERPINA3,0.6562967476499388,0.6287485344651715,0.49562696490365066
random,spatial_knn,9,LINC00052,0.6941959085796041,0.2731316525004468,0.22587066903983813
random,spatial_knn,9,AGR2,0.6135622957815993,0.5603316382811294,0.4961827111423804
random,spatial_knn,9,C6orf141,0.6804784814906517,0.354195635824747,0.329656463070869
random,spatial_knn,9,LYZ,0.6214954663323352,0.643362722780061,0.547545218413379
random,spatial_knn,9,CTSD,0.5238287055755582,0.5677976151183012,0.4084821762017347
random,spatial_knn,9,HEBP1,0.6306941424574556,0.5778046424426461,0.4991709577862236
random,spatial_knn,9,IGHM,0.6162903176429055,0.5098332820805911,0.6781515250185821
random,spatial_knn,9,HLA-DRB1,0.6116483235829525,0.6278538364791617,0.44455319777118096
random,spatial_knn,9,C1QA,0.5785017964430501,0.5929969293221787,0.5590720587831577
random,spatial_knn,9,IGHA1,0.5419532038862674,0.47926897890923903,0.6843531691794333
random,spatial_knn,9,DEGS1,0.6183505383350366,0.537168270129803,0.4895766955203285
random,spatial_knn,9,AC087379.2,0.5755759567345634,0.30999214351799514,0.35158142541544213
random,spatial_knn,9,AEBP1,0.5521328771249542,0.5622796162538761,0.56914009724737
random,spatial_knn,9,COL1A2,0.5599042738300071,0.5800397100809234,0.5611335606263763
random,spatial_knn,9,GFRA1,0.5870273354123265,0.4661776367397997,0.5007243423031283
random,spatial_knn,9,COL1A1,0.5644120872334003,0.5738844144282338,0.5738052622291991
random,spatial_knn,9,HLA-E,0.582183499818033,0.6514993914274371,0.4441226294220575
random,spatial_knn,9,CFB,0.5870839664861373,0.6202094854652668,0.47311386110506287
random,spatial_knn,9,CCL19,0.604452207126818,0.49303428571395147,0.47770856997852357
random,spatial_knn,9,SNCG,0.6315318193673223,0.6021345795118488,0.477530528719581
random,spatial_knn,9,IGHG2,0.44781382824626603,0.34017490510796233,0.5605915207271424
matched_hop0,mean,9,CRISP3,0.0,,0.6546719074249268
matched_hop0,mean,9,CPB1,,,1.2929320335388184
matched_hop0,mean,9,IGHG3,,,0.7977928519248962
matched_hop0,mean,9,CD74,,,0.5789300203323364
matched_hop0,mean,9,IGLC2,,,0.9246160387992859
matched_hop0,mean,9,HLA-B,,,0.5173699855804443
matched_hop0,mean,9,IGKC,,,0.8383240699768066
matched_hop0,mean,9,MALAT1,0.0,,0.7077241539955139
matched_hop0,mean,9,ALB,,,0.43659794330596924
matched_hop0,mean,9,IGHG4,,,0.5962137579917908
matched_hop0,mean,9,TFF3,,,0.48401153087615967
matched_hop0,mean,9,CXCL14,,,0.7307226061820984
matched_hop0,mean,9,IGHG1,,,0.7321970462799072
matched_hop0,mean,9,SLITRK6,0.0,,0.37609949707984924
matched_hop0,mean,9,APOE,0.0,,0.6470247507095337
matched_hop0,mean,9,MT-ND2,0.0,,0.5929847955703735
matched_hop0,mean,9,CALML5,,,0.6973613500595093
matched_hop0,mean,9,HLA-DRA,,,0.6143076419830322
matched_hop0,mean,9,S100G,0.0,,0.5698551535606384
matched_hop0,mean,9,LINC00645,,,0.8051794171333313
matched_hop0,mean,9,C3,,,0.6570367813110352
matched_hop0,mean,9,IGLC3,,,0.6928877830505371
matched_hop0,mean,9,IGLC1,,,0.718975305557251
matched_hop0,mean,9,TIMP1,,,0.7003111243247986
matched_hop0,mean,9,APOC1,,,0.6678770780563354
matched_hop0,mean,9,TFF1,,,0.7003987431526184
matched_hop0,mean,9,SCGB2A2,,,0.7665771842002869
matched_hop0,mean,9,SCGB1D2,0.0,,0.7520244121551514
matched_hop0,mean,9,SERPINA3,,,0.519359827041626
matched_hop0,mean,9,LINC00052,0.0,,0.45964452624320984
matched_hop0,mean,9,AGR2,,,0.4909168779850006
matched_hop0,mean,9,C6orf141,0.0,,0.33029159903526306
matched_hop0,mean,9,LYZ,,,0.779449462890625
matched_hop0,mean,9,CTSD,,,0.5075235962867737
matched_hop0,mean,9,HEBP1,0.0,,0.6449683904647827
matched_hop0,mean,9,IGHM,0.0,,0.6971294283866882
matched_hop0,mean,9,HLA-DRB1,,,0.5973902344703674
matched_hop0,mean,9,C1QA,,,0.6502656936645508
matched_hop0,mean,9,IGHA1,,,0.7002073526382446
matched_hop0,mean,9,DEGS1,,,0.6001683473587036
matched_hop0,mean,9,AC087379.2,,,0.3229730725288391
matched_hop0,mean,9,AEBP1,,,0.6665515303611755
matched_hop0,mean,9,COL1A2,,,0.6907783150672913
matched_hop0,mean,9,GFRA1,0.0,,0.5231577157974243
matched_hop0,mean,9,COL1A1,,,0.7121535539627075
matched_hop0,mean,9,HLA-E,,,0.5251191258430481
matched_hop0,mean,9,CFB,,,0.6127002239227295
matched_hop0,mean,9,CCL19,,,0.5480058789253235
matched_hop0,mean,9,SNCG,,,0.7775010466575623
matched_hop0,mean,9,IGHG2,,,0.5113536715507507
matched_hop0,pca_ridge,9,CRISP3,0.08327017428826838,0.06343623095820379,0.5846643447875977
matched_hop0,pca_ridge,9,CPB1,0.0632465537935063,0.04904570785426244,1.2000645399093628
matched_hop0,pca_ridge,9,IGHG3,0.5823768217405142,0.5658064658805311,0.7190557718276978
matched_hop0,pca_ridge,9,CD74,0.7700351252207804,0.7782513706040326,0.379606157541275
matched_hop0,pca_ridge,9,IGLC2,0.4784343107380465,0.49413287934465894,0.9375135898590088
matched_hop0,pca_ridge,9,HLA-B,0.5493757329077983,0.5686213700907734,0.3922189176082611
matched_hop0,pca_ridge,9,IGKC,0.5842711621359048,0.5961887724225492,0.7624611258506775
matched_hop0,pca_ridge,9,MALAT1,0.6229349567022446,0.6394463625797162,0.5265032649040222
matched_hop0,pca_ridge,9,ALB,0.05102007071798159,0.05075360585829325,0.5654790997505188
matched_hop0,pca_ridge,9,IGHG4,0.5626249376009824,0.5382118911639858,0.5313680171966553
matched_hop0,pca_ridge,9,TFF3,0.32021472040666765,0.29203947629342275,0.431332528591156
matched_hop0,pca_ridge,9,CXCL14,0.32443442524400423,0.25506994316150366,0.5942339301109314
matched_hop0,pca_ridge,9,IGHG1,0.5498966442370419,0.5322154665565527,0.6815924644470215
matched_hop0,pca_ridge,9,SLITRK6,0.006120360327682735,0.0360175559222102,0.35345521569252014
matched_hop0,pca_ridge,9,APOE,0.8444246156119656,0.8457998812455271,0.3476921021938324
matched_hop0,pca_ridge,9,MT-ND2,0.5541487976695049,0.5653806869570056,0.4995262622833252
matched_hop0,pca_ridge,9,CALML5,0.3098196350258303,0.3277394916007419,0.6506884098052979
matched_hop0,pca_ridge,9,HLA-DRA,0.7243055388964189,0.7131306429216313,0.40212810039520264
matched_hop0,pca_ridge,9,S100G,0.3541819127908331,0.3297513062074275,0.614312469959259
matched_hop0,pca_ridge,9,LINC00645,0.28677702238055575,0.28270432849221,0.7167128324508667
matched_hop0,pca_ridge,9,C3,0.711270729558869,0.6817579521810905,0.46316999197006226
matched_hop0,pca_ridge,9,IGLC3,0.33302526443460073,0.3190000906077568,0.7230830192565918
matched_hop0,pca_ridge,9,IGLC1,0.3387053404450768,0.29159669696348645,0.6965286135673523
matched_hop0,pca_ridge,9,TIMP1,0.6972974275814415,0.6868005589851863,0.5067353844642639
matched_hop0,pca_ridge,9,APOC1,0.6955495430012492,0.678803565852327,0.4524328410625458
matched_hop0,pca_ridge,9,TFF1,0.3200242630909475,0.2809891544451676,0.6380382776260376
matched_hop0,pca_ridge,9,SCGB2A2,0.3636896025209522,0.34966182042627414,0.6476339101791382
matched_hop0,pca_ridge,9,SCGB1D2,0.3168331584832335,0.31526188750455025,0.6285666227340698
matched_hop0,pca_ridge,9,SERPINA3,0.03017302044555754,-0.008262178400508274,0.5929881930351257
matched_hop0,pca_ridge,9,LINC00052,0.3314423501316956,0.3229392906374642,0.434003621339798
matched_hop0,pca_ridge,9,AGR2,0.42873881550474713,0.41948105868239316,0.43779638409614563
matched_hop0,pca_ridge,9,C6orf141,0.024468584070740908,0.06990939943909978,0.3282254636287689
matched_hop0,pca_ridge,9,LYZ,0.722097484933245,0.731365258390441,0.506912350654602
matched_hop0,pca_ridge,9,CTSD,0.7179465558884117,0.7191075954419442,0.3666350841522217
matched_hop0,pca_ridge,9,HEBP1,0.5073105942354746,0.504779962066319,0.5241132378578186
matched_hop0,pca_ridge,9,IGHM,0.3533681054102425,0.33804076536817235,0.6736482977867126
matched_hop0,pca_ridge,9,HLA-DRB1,0.6845958026330161,0.6879040919949351,0.4019871950149536
matched_hop0,pca_ridge,9,C1QA,0.7650151074031761,0.7545539922801044,0.4153415858745575
matched_hop0,pca_ridge,9,IGHA1,0.28992323779297596,0.24803425850744787,0.7320128083229065
matched_hop0,pca_ridge,9,DEGS1,0.3381664460257705,0.30532799637542557,0.5350562334060669
matched_hop0,pca_ridge,9,AC087379.2,0.17032169430951177,0.2070238349575419,0.41424816846847534
matched_hop0,pca_ridge,9,AEBP1,0.6591338310618307,0.6342155918328056,0.48033636808395386
matched_hop0,pca_ridge,9,COL1A2,0.68122224728308,0.6738183011085787,0.46610596776008606
matched_hop0,pca_ridge,9,GFRA1,0.21851171628690327,0.23475641201940647,0.5130547881126404
matched_hop0,pca_ridge,9,COL1A1,0.6778874344113384,0.6614487760459833,0.4987058937549591
matched_hop0,pca_ridge,9,HLA-E,0.6425643689891658,0.6793701781694086,0.3984483778476715
matched_hop0,pca_ridge,9,CFB,0.1858831080215437,0.16880775955734115,0.5750651955604553
matched_hop0,pca_ridge,9,CCL19,0.4501899840072243,0.3849502376583854,0.490986168384552
matched_hop0,pca_ridge,9,SNCG,0.3471318678080975,0.3009372116657161,0.6145368218421936
matched_hop0,pca_ridge,9,IGHG2,0.27196708010491144,0.21495634863478738,0.5168972015380859
matched_hop0,spatial_knn,9,CRISP3,0.30461111009894265,0.16473894715328802,0.46681497253925686
matched_hop0,spatial_knn,9,CPB1,0.5771389388748988,0.5946773133133327,0.9847426802943251
matched_hop0,spatial_knn,9,IGHG3,0.26388465261902405,0.12603188742332255,0.7641160758244068
matched_hop0,spatial_knn,9,CD74,0.36476530943263447,0.3714332139376196,0.5131910070378216
matched_hop0,spatial_knn,9,IGLC2,0.255035012102721,0.2510628477279366,0.9565214382730644
matched_hop0,spatial_knn,9,HLA-B,0.4668060971703254,0.46374543496565473,0.4181248821582198
matched_hop0,spatial_knn,9,IGKC,0.17715224841211252,0.07205067601496606,0.8649699403446279
matched_hop0,spatial_knn,9,MALAT1,0.37573734113808654,0.3262498253491638,0.7118254811022418
matched_hop0,spatial_knn,9,ALB,0.1317592976370547,0.05635935216539816,0.5660964914260235
matched_hop0,spatial_knn,9,IGHG4,0.21569162653491789,0.10301198920944622,0.5930274646783781
matched_hop0,spatial_knn,9,TFF3,0.2838548833713631,0.21415112132222625,0.42283369221931366
matched_hop0,spatial_knn,9,CXCL14,0.39116023269189715,0.26527577524771434,0.6049866186498917
matched_hop0,spatial_knn,9,IGHG1,0.22105882647643663,0.1820057304127229,0.758286087151977
matched_hop0,spatial_knn,9,SLITRK6,0.07498940282986342,0.03794877201635064,0.2963723325959209
matched_hop0,spatial_knn,9,APOE,0.30399734058421757,0.3651480604572485,0.6452503989288745
matched_hop0,spatial_knn,9,MT-ND2,0.25793600093933317,0.23605321558928868,0.758061813279758
matched_hop0,spatial_knn,9,CALML5,0.7403357993775223,0.7305581115658613,0.42953602500758914
matched_hop0,spatial_knn,9,HLA-DRA,0.34611782098211785,0.3320390238460865,0.5231135491482624
matched_hop0,spatial_knn,9,S100G,0.18641789292749414,0.14425678069246461,0.7451948983925305
matched_hop0,spatial_knn,9,LINC00645,0.566226836970081,0.5212199057171814,0.5712727597958492
matched_hop0,spatial_knn,9,C3,0.15135554042451405,0.0753560615408151,0.7044619665817108
matched_hop0,spatial_knn,9,IGLC3,0.1644304438970689,0.09633951478930003,0.7519984563244779
matched_hop0,spatial_knn,9,IGLC1,0.1797636791039926,0.19869593449046608,0.8703261526298245
matched_hop0,spatial_knn,9,TIMP1,0.12550383457458747,0.10278162784927787,0.8009707037535866
matched_hop0,spatial_knn,9,APOC1,0.3334214964919069,0.2705036627567206,0.5854680819322183
matched_hop0,spatial_knn,9,TFF1,0.4261523994068406,0.42427318624161886,0.6398677919447194
matched_hop0,spatial_knn,9,SCGB2A2,0.11913544949318039,0.09202414001286054,0.9183958468373374
matched_hop0,spatial_knn,9,SCGB1D2,-0.0035584500300819386,-0.032441523830805175,0.9893873325842792
matched_hop0,spatial_knn,9,SERPINA3,0.30420007043783764,0.3228108840457034,0.48611535090087815
matched_hop0,spatial_knn,9,LINC00052,0.5366837896453087,0.5232412484290653,0.4071562641625606
matched_hop0,spatial_knn,9,AGR2,0.31022396993012685,0.26495420668189285,0.49223805406605897
matched_hop0,spatial_knn,9,C6orf141,0.06201593152047303,0.031503201019476575,0.30272858141036674
matched_hop0,spatial_knn,9,LYZ,0.23481723944638264,0.2737516430099327,0.7075198753006209
matched_hop0,spatial_knn,9,CTSD,0.2938971400071341,0.3327928504616435,0.5012990096604165
matched_hop0,spatial_knn,9,HEBP1,0.3269968409692465,0.2818348108505514,0.7021654294589845
matched_hop0,spatial_knn,9,IGHM,0.2650775309284546,0.20558331166809524,0.6987749436209945
matched_hop0,spatial_knn,9,HLA-DRB1,0.21266723847695285,0.1913092358109312,0.5689959390955923
matched_hop0,spatial_knn,9,C1QA,0.28729759455152515,0.31959763068092395,0.6656024996190645
matched_hop0,spatial_knn,9,IGHA1,0.2200139663860076,0.06017228809261791,0.6869388225455068
matched_hop0,spatial_knn,9,DEGS1,0.38748585781671474,0.3357923489392258,0.5169244552454558
matched_hop0,spatial_knn,9,AC087379.2,0.08498651632580104,0.08705898950365723,0.4124242747150837
matched_hop0,spatial_knn,9,AEBP1,0.2915077446615084,0.2372688070570404,0.6019914886227201
matched_hop0,spatial_knn,9,COL1A2,0.22801754593929346,0.19501414407012121,0.6313247950817947
matched_hop0,spatial_knn,9,GFRA1,0.05969616880987482,0.04960883690217492,0.5340984319202399
matched_hop0,spatial_knn,9,COL1A1,0.14427237282999744,0.05310627515679581,0.6851917962463382
matched_hop0,spatial_knn,9,HLA-E,0.26973765606643085,0.28965546543060533,0.5118316839968553
matched_hop0,spatial_knn,9,CFB,0.5408226378247109,0.5968749858265657,0.4943714257300769
matched_hop0,spatial_knn,9,CCL19,0.15973231885293634,0.12735477991163718,0.5757722828400247
matched_hop0,spatial_knn,9,SNCG,0.5544271538193396,0.5518579891470907,0.5011568901270809
matched_hop0,spatial_knn,9,IGHG2,0.05757992153819147,0.0812416970366855,0.5439173816237598
matched_hop1,mean,9,CRISP3,0.0,,0.6546719074249268
matched_hop1,mean,9,CPB1,,,1.2929320335388184
matched_hop1,mean,9,IGHG3,,,0.7977928519248962
matched_hop1,mean,9,CD74,,,0.5789300203323364
matched_hop1,mean,9,IGLC2,,,0.9246160387992859
matched_hop1,mean,9,HLA-B,,,0.5173699855804443
matched_hop1,mean,9,IGKC,,,0.8383240699768066
matched_hop1,mean,9,MALAT1,0.0,,0.7077241539955139
matched_hop1,mean,9,ALB,,,0.43659794330596924
matched_hop1,mean,9,IGHG4,,,0.5962137579917908
matched_hop1,mean,9,TFF3,,,0.48401153087615967
matched_hop1,mean,9,CXCL14,,,0.7307226061820984
matched_hop1,mean,9,IGHG1,,,0.7321970462799072
matched_hop1,mean,9,SLITRK6,0.0,,0.37609949707984924
matched_hop1,mean,9,APOE,0.0,,0.6470247507095337
matched_hop1,mean,9,MT-ND2,0.0,,0.5929847955703735
matched_hop1,mean,9,CALML5,,,0.6973613500595093
matched_hop1,mean,9,HLA-DRA,,,0.6143076419830322
matched_hop1,mean,9,S100G,0.0,,0.5698551535606384
matched_hop1,mean,9,LINC00645,,,0.8051794171333313
matched_hop1,mean,9,C3,,,0.6570367813110352
matched_hop1,mean,9,IGLC3,,,0.6928877830505371
matched_hop1,mean,9,IGLC1,,,0.718975305557251
matched_hop1,mean,9,TIMP1,,,0.7003111243247986
matched_hop1,mean,9,APOC1,,,0.6678770780563354
matched_hop1,mean,9,TFF1,,,0.7003987431526184
matched_hop1,mean,9,SCGB2A2,,,0.7665771842002869
matched_hop1,mean,9,SCGB1D2,0.0,,0.7520244121551514
matched_hop1,mean,9,SERPINA3,,,0.519359827041626
matched_hop1,mean,9,LINC00052,0.0,,0.45964452624320984
matched_hop1,mean,9,AGR2,,,0.4909168779850006
matched_hop1,mean,9,C6orf141,0.0,,0.33029159903526306
matched_hop1,mean,9,LYZ,,,0.779449462890625
matched_hop1,mean,9,CTSD,,,0.5075235962867737
matched_hop1,mean,9,HEBP1,0.0,,0.6449683904647827
matched_hop1,mean,9,IGHM,0.0,,0.6971294283866882
matched_hop1,mean,9,HLA-DRB1,,,0.5973902344703674
matched_hop1,mean,9,C1QA,,,0.6502656936645508
matched_hop1,mean,9,IGHA1,,,0.7002073526382446
matched_hop1,mean,9,DEGS1,,,0.6001683473587036
matched_hop1,mean,9,AC087379.2,,,0.3229730725288391
matched_hop1,mean,9,AEBP1,,,0.6665515303611755
matched_hop1,mean,9,COL1A2,,,0.6907783150672913
matched_hop1,mean,9,GFRA1,0.0,,0.5231577157974243
matched_hop1,mean,9,COL1A1,,,0.7121535539627075
matched_hop1,mean,9,HLA-E,,,0.5251191258430481
matched_hop1,mean,9,CFB,,,0.6127002239227295
matched_hop1,mean,9,CCL19,,,0.5480058789253235
matched_hop1,mean,9,SNCG,,,0.7775010466575623
matched_hop1,mean,9,IGHG2,,,0.5113536715507507
matched_hop1,pca_ridge,9,CRISP3,0.08327017428826838,0.06343623095820379,0.5846643447875977
matched_hop1,pca_ridge,9,CPB1,0.0632465537935063,0.04904570785426244,1.2000645399093628
matched_hop1,pca_ridge,9,IGHG3,0.5823768217405142,0.5658064658805311,0.7190557718276978
matched_hop1,pca_ridge,9,CD74,0.7700351252207804,0.7782513706040326,0.379606157541275
matched_hop1,pca_ridge,9,IGLC2,0.4784343107380465,0.49413287934465894,0.9375135898590088
matched_hop1,pca_ridge,9,HLA-B,0.5493757329077983,0.5686213700907734,0.3922189176082611
matched_hop1,pca_ridge,9,IGKC,0.5842711621359048,0.5961887724225492,0.7624611258506775
matched_hop1,pca_ridge,9,MALAT1,0.6229349567022446,0.6394463625797162,0.5265032649040222
matched_hop1,pca_ridge,9,ALB,0.05102007071798159,0.05075360585829325,0.5654790997505188
matched_hop1,pca_ridge,9,IGHG4,0.5626249376009824,0.5382118911639858,0.5313680171966553
matched_hop1,pca_ridge,9,TFF3,0.32021472040666765,0.29203947629342275,0.431332528591156
matched_hop1,pca_ridge,9,CXCL14,0.32443442524400423,0.25506994316150366,0.5942339301109314
matched_hop1,pca_ridge,9,IGHG1,0.5498966442370419,0.5322154665565527,0.6815924644470215
matched_hop1,pca_ridge,9,SLITRK6,0.006120360327682735,0.0360175559222102,0.35345521569252014
matched_hop1,pca_ridge,9,APOE,0.8444246156119656,0.8457998812455271,0.3476921021938324
matched_hop1,pca_ridge,9,MT-ND2,0.5541487976695049,0.5653806869570056,0.4995262622833252
matched_hop1,pca_ridge,9,CALML5,0.3098196350258303,0.3277394916007419,0.6506884098052979
matched_hop1,pca_ridge,9,HLA-DRA,0.7243055388964189,0.7131306429216313,0.40212810039520264
matched_hop1,pca_ridge,9,S100G,0.3541819127908331,0.3297513062074275,0.614312469959259
matched_hop1,pca_ridge,9,LINC00645,0.28677702238055575,0.28270432849221,0.7167128324508667
matched_hop1,pca_ridge,9,C3,0.711270729558869,0.6817579521810905,0.46316999197006226
matched_hop1,pca_ridge,9,IGLC3,0.33302526443460073,0.3190000906077568,0.7230830192565918
matched_hop1,pca_ridge,9,IGLC1,0.3387053404450768,0.29159669696348645,0.6965286135673523
matched_hop1,pca_ridge,9,TIMP1,0.6972974275814415,0.6868005589851863,0.5067353844642639
matched_hop1,pca_ridge,9,APOC1,0.6955495430012492,0.678803565852327,0.4524328410625458
matched_hop1,pca_ridge,9,TFF1,0.3200242630909475,0.2809891544451676,0.6380382776260376
matched_hop1,pca_ridge,9,SCGB2A2,0.3636896025209522,0.34966182042627414,0.6476339101791382
matched_hop1,pca_ridge,9,SCGB1D2,0.3168331584832335,0.31526188750455025,0.6285666227340698
matched_hop1,pca_ridge,9,SERPINA3,0.03017302044555754,-0.008262178400508274,0.5929881930351257
matched_hop1,pca_ridge,9,LINC00052,0.3314423501316956,0.3229392906374642,0.434003621339798
matched_hop1,pca_ridge,9,AGR2,0.42873881550474713,0.41948105868239316,0.43779638409614563
matched_hop1,pca_ridge,9,C6orf141,0.024468584070740908,0.06990939943909978,0.3282254636287689
matched_hop1,pca_ridge,9,LYZ,0.722097484933245,0.731365258390441,0.506912350654602
matched_hop1,pca_ridge,9,CTSD,0.7179465558884117,0.7191075954419442,0.3666350841522217
matched_hop1,pca_ridge,9,HEBP1,0.5073105942354746,0.504779962066319,0.5241132378578186
matched_hop1,pca_ridge,9,IGHM,0.3533681054102425,0.33804076536817235,0.6736482977867126
matched_hop1,pca_ridge,9,HLA-DRB1,0.6845958026330161,0.6879040919949351,0.4019871950149536
matched_hop1,pca_ridge,9,C1QA,0.7650151074031761,0.7545539922801044,0.4153415858745575
matched_hop1,pca_ridge,9,IGHA1,0.28992323779297596,0.24803425850744787,0.7320128083229065
matched_hop1,pca_ridge,9,DEGS1,0.3381664460257705,0.30532799637542557,0.5350562334060669
matched_hop1,pca_ridge,9,AC087379.2,0.17032169430951177,0.2070238349575419,0.41424816846847534
matched_hop1,pca_ridge,9,AEBP1,0.6591338310618307,0.6342155918328056,0.48033636808395386
matched_hop1,pca_ridge,9,COL1A2,0.68122224728308,0.6738183011085787,0.46610596776008606
matched_hop1,pca_ridge,9,GFRA1,0.21851171628690327,0.23475641201940647,0.5130547881126404
matched_hop1,pca_ridge,9,COL1A1,0.6778874344113384,0.6614487760459833,0.4987058937549591
matched_hop1,pca_ridge,9,HLA-E,0.6425643689891658,0.6793701781694086,0.3984483778476715
matched_hop1,pca_ridge,9,CFB,0.1858831080215437,0.16880775955734115,0.5750651955604553
matched_hop1,pca_ridge,9,CCL19,0.4501899840072243,0.3849502376583854,0.490986168384552
matched_hop1,pca_ridge,9,SNCG,0.3471318678080975,0.3009372116657161,0.6145368218421936
matched_hop1,pca_ridge,9,IGHG2,0.27196708010491144,0.21495634863478738,0.5168972015380859
matched_hop1,spatial_knn,9,CRISP3,0.30461111009894265,0.16473894715328802,0.46681497253925686
matched_hop1,spatial_knn,9,CPB1,0.5771389388748988,0.5946773133133327,0.9847426802943251
matched_hop1,spatial_knn,9,IGHG3,0.26388465261902405,0.12603188742332255,0.7641160758244068
matched_hop1,spatial_knn,9,CD74,0.36476530943263447,0.3714332139376196,0.5131910070378216
matched_hop1,spatial_knn,9,IGLC2,0.255035012102721,0.2510628477279366,0.9565214382730644
matched_hop1,spatial_knn,9,HLA-B,0.4668060971703254,0.46374543496565473,0.4181248821582198
matched_hop1,spatial_knn,9,IGKC,0.17715224841211252,0.07205067601496606,0.8649699403446279
matched_hop1,spatial_knn,9,MALAT1,0.37573734113808654,0.3262498253491638,0.7118254811022418
matched_hop1,spatial_knn,9,ALB,0.1317592976370547,0.05635935216539816,0.5660964914260235
matched_hop1,spatial_knn,9,IGHG4,0.21569162653491789,0.10301198920944622,0.5930274646783781
matched_hop1,spatial_knn,9,TFF3,0.2838548833713631,0.21415112132222625,0.42283369221931366
matched_hop1,spatial_knn,9,CXCL14,0.39116023269189715,0.26527577524771434,0.6049866186498917
matched_hop1,spatial_knn,9,IGHG1,0.22105882647643663,0.1820057304127229,0.758286087151977
matched_hop1,spatial_knn,9,SLITRK6,0.07498940282986342,0.03794877201635064,0.2963723325959209
matched_hop1,spatial_knn,9,APOE,0.30399734058421757,0.3651480604572485,0.6452503989288745
matched_hop1,spatial_knn,9,MT-ND2,0.25793600093933317,0.23605321558928868,0.758061813279758
matched_hop1,spatial_knn,9,CALML5,0.7403357993775223,0.7305581115658613,0.42953602500758914
matched_hop1,spatial_knn,9,HLA-DRA,0.34611782098211785,0.3320390238460865,0.5231135491482624
matched_hop1,spatial_knn,9,S100G,0.18641789292749414,0.14425678069246461,0.7451948983925305
matched_hop1,spatial_knn,9,LINC00645,0.566226836970081,0.5212199057171814,0.5712727597958492
matched_hop1,spatial_knn,9,C3,0.15135554042451405,0.0753560615408151,0.7044619665817108
matched_hop1,spatial_knn,9,IGLC3,0.1644304438970689,0.09633951478930003,0.7519984563244779
matched_hop1,spatial_knn,9,IGLC1,0.1797636791039926,0.19869593449046608,0.8703261526298245
matched_hop1,spatial_knn,9,TIMP1,0.12550383457458747,0.10278162784927787,0.8009707037535866
matched_hop1,spatial_knn,9,APOC1,0.3334214964919069,0.2705036627567206,0.5854680819322183
matched_hop1,spatial_knn,9,TFF1,0.4261523994068406,0.42427318624161886,0.6398677919447194
matched_hop1,spatial_knn,9,SCGB2A2,0.11913544949318039,0.09202414001286054,0.9183958468373374
matched_hop1,spatial_knn,9,SCGB1D2,-0.0035584500300819386,-0.032441523830805175,0.9893873325842792
matched_hop1,spatial_knn,9,SERPINA3,0.30420007043783764,0.3228108840457034,0.48611535090087815
matched_hop1,spatial_knn,9,LINC00052,0.5366837896453087,0.5232412484290653,0.4071562641625606
matched_hop1,spatial_knn,9,AGR2,0.31022396993012685,0.26495420668189285,0.49223805406605897
matched_hop1,spatial_knn,9,C6orf141,0.06201593152047303,0.031503201019476575,0.30272858141036674
matched_hop1,spatial_knn,9,LYZ,0.23481723944638264,0.2737516430099327,0.7075198753006209
matched_hop1,spatial_knn,9,CTSD,0.2938971400071341,0.3327928504616435,0.5012990096604165
matched_hop1,spatial_knn,9,HEBP1,0.3269968409692465,0.2818348108505514,0.7021654294589845
matched_hop1,spatial_knn,9,IGHM,0.2650775309284546,0.20558331166809524,0.6987749436209945
matched_hop1,spatial_knn,9,HLA-DRB1,0.21266723847695285,0.1913092358109312,0.5689959390955923
matched_hop1,spatial_knn,9,C1QA,0.28729759455152515,0.31959763068092395,0.6656024996190645
matched_hop1,spatial_knn,9,IGHA1,0.2200139663860076,0.06017228809261791,0.6869388225455068
matched_hop1,spatial_knn,9,DEGS1,0.38748585781671474,0.3357923489392258,0.5169244552454558
matched_hop1,spatial_knn,9,AC087379.2,0.08498651632580104,0.08705898950365723,0.4124242747150837
matched_hop1,spatial_knn,9,AEBP1,0.2915077446615084,0.2372688070570404,0.6019914886227201
matched_hop1,spatial_knn,9,COL1A2,0.22801754593929346,0.19501414407012121,0.6313247950817947
matched_hop1,spatial_knn,9,GFRA1,0.05969616880987482,0.04960883690217492,0.5340984319202399
matched_hop1,spatial_knn,9,COL1A1,0.14427237282999744,0.05310627515679581,0.6851917962463382
matched_hop1,spatial_knn,9,HLA-E,0.26973765606643085,0.28965546543060533,0.5118316839968553
matched_hop1,spatial_knn,9,CFB,0.5408226378247109,0.5968749858265657,0.4943714257300769
matched_hop1,spatial_knn,9,CCL19,0.15973231885293634,0.12735477991163718,0.5757722828400247
matched_hop1,spatial_knn,9,SNCG,0.5544271538193396,0.5518579891470907,0.5011568901270809
matched_hop1,spatial_knn,9,IGHG2,0.05757992153819147,0.0812416970366855,0.5439173816237598
matched_hop2,mean,9,CRISP3,0.0,,0.6465955376625061
matched_hop2,mean,9,CPB1,,,1.3349496126174927
matched_hop2,mean,9,IGHG3,,,0.7609813809394836
matched_hop2,mean,9,CD74,0.0,,0.5852691531181335
matched_hop2,mean,9,IGLC2,,,0.9003964066505432
matched_hop2,mean,9,HLA-B,,,0.538103461265564
matched_hop2,mean,9,IGKC,0.0,,0.8194959163665771
matched_hop2,mean,9,MALAT1,,,0.7035546898841858
matched_hop2,mean,9,ALB,,,0.4262688457965851
matched_hop2,mean,9,IGHG4,,,0.5720939040184021
matched_hop2,mean,9,TFF3,,,0.4911934733390808
matched_hop2,mean,9,CXCL14,,,0.725400984287262
matched_hop2,mean,9,IGHG1,0.0,,0.6992007493972778
matched_hop2,mean,9,SLITRK6,,,0.3672317862510681
matched_hop2,mean,9,APOE,0.0,,0.6482253074645996
matched_hop2,mean,9,MT-ND2,0.0,,0.592713475227356
matched_hop2,mean,9,CALML5,0.0,,0.7277976870536804
matched_hop2,mean,9,HLA-DRA,,,0.6234564781188965
matched_hop2,mean,9,S100G,0.0,,0.5516052842140198
matched_hop2,mean,9,LINC00645,,,0.7462355494499207
matched_hop2,mean,9,C3,,,0.6312406659126282
matched_hop2,mean,9,IGLC3,,,0.6558632254600525
matched_hop2,mean,9,IGLC1,,,0.6981197595596313
matched_hop2,mean,9,TIMP1,,,0.6865372657775879
matched_hop2,mean,9,APOC1,,,0.686023473739624
matched_hop2,mean,9,TFF1,,,0.7216686010360718
matched_hop2,mean,9,SCGB2A2,,,0.7597665190696716
matched_hop2,mean,9,SCGB1D2,0.0,,0.7462566494941711
matched_hop2,mean,9,SERPINA3,,,0.5052382349967957
matched_hop2,mean,9,LINC00052,0.0,,0.46534228324890137
matched_hop2,mean,9,AGR2,,,0.4823615849018097
matched_hop2,mean,9,C6orf141,,,0.32396742701530457
matched_hop2,mean,9,LYZ,,,0.7992752194404602
matched_hop2,mean,9,CTSD,,,0.4932596981525421
matched_hop2,mean,9,HEBP1,0.0,,0.6386297941207886
matched_hop2,mean,9,IGHM,0.0,,0.6967505812644958
matched_hop2,mean,9,HLA-DRB1,,,0.599921464920044
matched_hop2,mean,9,C1QA,,,0.6381217241287231
matched_hop2,mean,9,IGHA1,,,0.6674003601074219
matched_hop2,mean,9,DEGS1,,,0.599920928478241
matched_hop2,mean,9,AC087379.2,,,0.31754833459854126
matched_hop2,mean,9,AEBP1,,,0.6517419815063477
matched_hop2,mean,9,COL1A2,,,0.6918627023696899
matched_hop2,mean,9,GFRA1,,,0.5114052891731262
matched_hop2,mean,9,COL1A1,,,0.7004141211509705
matched_hop2,mean,9,HLA-E,,,0.5248910188674927
matched_hop2,mean,9,CFB,,,0.6195788383483887
matched_hop2,mean,9,CCL19,0.0,,0.562069833278656
matched_hop2,mean,9,SNCG,0.0,,0.7969920635223389
matched_hop2,mean,9,IGHG2,0.0,,0.49852561950683594
matched_hop2,pca_ridge,9,CRISP3,0.03810572063563405,0.03806534821502403,0.5690842270851135
matched_hop2,pca_ridge,9,CPB1,0.028213293864552205,0.01886218351199422,1.2455881834030151
matched_hop2,pca_ridge,9,IGHG3,0.566829954419802,0.5427584377357183,0.718920886516571
matched_hop2,pca_ridge,9,CD74,0.7699823695175719,0.7789444768510748,0.3823615610599518
matched_hop2,pca_ridge,9,IGLC2,0.46770433005349893,0.48936631300565225,0.9486249685287476
matched_hop2,pca_ridge,9,HLA-B,0.5521471891210358,0.5671155047558079,0.39918437600135803
matched_hop2,pca_ridge,9,IGKC,0.5818659895771986,0.5810122669549774,0.7642542719841003
matched_hop2,pca_ridge,9,MALAT1,0.6262114569970778,0.6185187951679092,0.5052425265312195
matched_hop2,pca_ridge,9,ALB,0.03090148924126865,0.03648357909288888,0.5624189376831055
matched_hop2,pca_ridge,9,IGHG4,0.5309496629278642,0.49301943138424364,0.5302909016609192
matched_hop2,pca_ridge,9,TFF3,0.3066601289734861,0.2847605811209649,0.42778322100639343
matched_hop2,pca_ridge,9,CXCL14,0.2691317490880852,0.21485742173127131,0.5774219036102295
matched_hop2,pca_ridge,9,IGHG1,0.5379443816745565,0.5093157644558142,0.6760311722755432
matched_hop2,pca_ridge,9,SLITRK6,0.010825940963980565,0.038849540266892434,0.33544355630874634
matched_hop2,pca_ridge,9,APOE,0.8539889744282702,0.8544824726500385,0.3389481008052826
matched_hop2,pca_ridge,9,MT-ND2,0.5524570842012692,0.5607798341558455,0.5012806057929993
matched_hop2,pca_ridge,9,CALML5,0.329530158724405,0.34349368300481015,0.6771299839019775
matched_hop2,pca_ridge,9,HLA-DRA,0.7193554159047743,0.7082534296854764,0.40600937604904175
matched_hop2,pca_ridge,9,S100G,0.3186166996196247,0.2974184590930122,0.6208216547966003
matched_hop2,pca_ridge,9,LINC00645,0.25855240515618644,0.25340306703589605,0.661885678768158
matched_hop2,pca_ridge,9,C3,0.7005727517971425,0.672045691157948,0.45326757431030273
matched_hop2,pca_ridge,9,IGLC3,0.3101898836811836,0.3072007724213936,0.7142812013626099
matched_hop2,pca_ridge,9,IGLC1,0.28555225042718146,0.23748735854913827,0.6934820413589478
matched_hop2,pca_ridge,9,TIMP1,0.6872642618755967,0.6828097796564562,0.5057243704795837
matched_hop2,pca_ridge,9,APOC1,0.7138942773895304,0.705227243446761,0.45001736283302307
matched_hop2,pca_ridge,9,TFF1,0.31711734752865,0.2864285258240704,0.6457257270812988
matched_hop2,pca_ridge,9,SCGB2A2,0.3300426466416425,0.3160754852597105,0.6431196331977844
matched_hop2,pca_ridge,9,SCGB1D2,0.2758470163738781,0.2768097339559457,0.628135621547699
matched_hop2,pca_ridge,9,SERPINA3,0.01687661640711602,-0.013158083691835725,0.5828873515129089
matched_hop2,pca_ridge,9,LINC00052,0.3298539986842561,0.30919647975943065,0.43894824385643005
matched_hop2,pca_ridge,9,AGR2,0.41185766622241643,0.3922287724095912,0.43106555938720703
matched_hop2,pca_ridge,9,C6orf141,0.028653399397678792,0.0658670646264586,0.3208487033843994
matched_hop2,pca_ridge,9,LYZ,0.7291987790917994,0.7404066838693787,0.5085511207580566
matched_hop2,pca_ridge,9,CTSD,0.7372099316332339,0.7256659988116656,0.3494260013103485
matched_hop2,pca_ridge,9,HEBP1,0.492960000311652,0.4905402890228494,0.5160735249519348
matched_hop2,pca_ridge,9,IGHM,0.3200328935966265,0.30545331044621277,0.6873645186424255
matched_hop2,pca_ridge,9,HLA-DRB1,0.6905011127699977,0.6951287492587235,0.39129412174224854
matched_hop2,pca_ridge,9,C1QA,0.776320585942409,0.7674465397506816,0.39752721786499023
matched_hop2,pca_ridge,9,IGHA1,0.2537213857427952,0.21633930669702617,0.7236047983169556
matched_hop2,pca_ridge,9,DEGS1,0.32042108298315447,0.27691594845136397,0.5296986699104309
matched_hop2,pca_ridge,9,AC087379.2,0.16247006026580318,0.19671508983231545,0.41712257266044617
matched_hop2,pca_ridge,9,AEBP1,0.6538745909263785,0.6265855525150449,0.46809691190719604
matched_hop2,pca_ridge,9,COL1A2,0.6896121522618267,0.6746288670057602,0.45443418622016907
matched_hop2,pca_ridge,9,GFRA1,0.24537687940652886,0.25717238493597805,0.49634745717048645
matched_hop2,pca_ridge,9,COL1A1,0.6873218219859869,0.6669051592609422,0.48103711009025574
matched_hop2,pca_ridge,9,HLA-E,0.6502578918430075,0.6854265501237112,0.39349472522735596
matched_hop2,pca_ridge,9,CFB,0.14925425527639988,0.13995867410279636,0.5847061276435852
matched_hop2,pca_ridge,9,CCL19,0.47177194346014045,0.41471557731750025,0.49799636006355286
matched_hop2,pca_ridge,9,SNCG,0.28238773025260633,0.24392237681779969,0.6222981214523315
matched_hop2,pca_ridge,9,IGHG2,0.2642924119695353,0.20763521477030092,0.5096529722213745
matched_hop2,spatial_knn,9,CRISP3,0.17991867776568177,0.10978755325414319,0.4558726338550157
matched_hop2,spatial_knn,9,CPB1,0.5992730296606692,0.6062082296639894,1.0228132818029452
matched_hop2,spatial_knn,9,IGHG3,0.0298174829102316,-0.028038357581416783,0.7702192576516711
matched_hop2,spatial_knn,9,CD74,0.33684656797398216,0.3489757464493558,0.5325989648823543
matched_hop2,spatial_knn,9,IGLC2,0.08652244790526296,0.14310256712338815,0.978871981758336
matched_hop2,spatial_knn,9,HLA-B,0.42773502645719685,0.42605564068729895,0.43591273548453136
matched_hop2,spatial_knn,9,IGKC,-0.03686373738346741,-0.049285940095789585,0.8838532909846923
matched_hop2,spatial_knn,9,MALAT1,0.2693647451228239,0.21754812503778934,0.7308769581736441
matched_hop2,spatial_knn,9,ALB,0.09810244587159773,0.046920818528686375,0.5811844738173784
matched_hop2,spatial_knn,9,IGHG4,0.04159405378689602,0.011141758921002777,0.5928687493055567
matched_hop2,spatial_knn,9,TFF3,0.20343721263313838,0.15451791385218644,0.42954233553371113
matched_hop2,spatial_knn,9,CXCL14,0.2867525450071166,0.17413046388077516,0.6204179694120214
matched_hop2,spatial_knn,9,IGHG1,0.03295605148261741,0.08748190777361983,0.7653023900098065
matched_hop2,spatial_knn,9,SLITRK6,-0.027119527226178112,-0.013767958879381169,0.28152396358987414
matched_hop2,spatial_knn,9,APOE,0.29157073193683103,0.35683735294852376,0.6589902406404805
matched_hop2,spatial_knn,9,MT-ND2,0.2718168074600109,0.23999645915076906,0.7930149003584649
matched_hop2,spatial_knn,9,CALML5,0.7492926153127814,0.7425689119769989,0.43440970012912233
matched_hop2,spatial_knn,9,HLA-DRA,0.32608682076533674,0.3119845523363671,0.5371592484526595
matched_hop2,spatial_knn,9,S100G,0.14850055617765803,0.10480679322486486,0.7672484151437877
matched_hop2,spatial_knn,9,LINC00645,0.5059986126083389,0.45176638106351874,0.5764261294124049
matched_hop2,spatial_knn,9,C3,0.01763542117331393,-0.013734893956503642,0.7126421460667515
matched_hop2,spatial_knn,9,IGLC3,-0.038455833623304625,-0.00452123533554788,0.7543367100525836
matched_hop2,spatial_knn,9,IGLC1,0.08104661145441323,0.13455203764910176,0.8863095823583608
matched_hop2,spatial_knn,9,TIMP1,-0.0015854373101856407,0.02635956045646107,0.8227621229555002
matched_hop2,spatial_knn,9,APOC1,0.34598595486674405,0.28666073027839684,0.5972740656473393
matched_hop2,spatial_knn,9,TFF1,0.4233810792803094,0.42075990978546945,0.6532761552431839
matched_hop2,spatial_knn,9,SCGB2A2,0.016632301785818666,-0.014557996714633566,0.9601076525280084
matched_hop2,spatial_knn,9,SCGB1D2,-0.10334242081261527,-0.14057316428696356,1.040245981291214
matched_hop2,spatial_knn,9,SERPINA3,0.2868060991455309,0.30741784550327733,0.4766300976684886
matched_hop2,spatial_knn,9,LINC00052,0.5078502768799262,0.5101195825009425,0.42913565784665697
matched_hop2,spatial_knn,9,AGR2,0.26650609351160587,0.21362863994585077,0.4933841115525205
matched_hop2,spatial_knn,9,C6orf141,0.05153966848271551,0.028679608324073874,0.2990224964829128
matched_hop2,spatial_knn,9,LYZ,0.26063812077520987,0.27971168137102426,0.7194153382820317
matched_hop2,spatial_knn,9,CTSD,0.24570961961117707,0.2993288988696783,0.5004538765339798
matched_hop2,spatial_knn,9,HEBP1,0.2510447824425079,0.20219104420839276,0.7322698705165199
matched_hop2,spatial_knn,9,IGHM,0.20368464070372597,0.13645971410111402,0.7125709678424035
matched_hop2,spatial_knn,9,HLA-DRB1,0.19660430923397218,0.16514502834990685,0.5744633282917964
matched_hop2,spatial_knn,9,C1QA,0.263553643622115,0.3044804059170178,0.6709823050440723
matched_hop2,spatial_knn,9,IGHA1,0.020444832356022236,-0.005317967109104173,0.684399957272073
matched_hop2,spatial_knn,9,DEGS1,0.3657903694736972,0.29372956757828045,0.5103274627158277
matched_hop2,spatial_knn,9,AC087379.2,0.06729741348341817,0.06531732316245376,0.4177292212113735
matched_hop2,spatial_knn,9,AEBP1,0.1810543615070718,0.192838941985204,0.5970076272270387
matched_hop2,spatial_knn,9,COL1A2,0.11340109126542629,0.13013538570471492,0.6419317654014901
matched_hop2,spatial_knn,9,GFRA1,0.027687504657295445,0.017940267227443324,0.5274366547522392
matched_hop2,spatial_knn,9,COL1A1,0.019496401374544996,-0.013418196774560177,0.6878816251888862
matched_hop2,spatial_knn,9,HLA-E,0.24298702784343482,0.26437996014077186,0.5198290462366781
matched_hop2,spatial_knn,9,CFB,0.5478667950198453,0.6080274998041816,0.4996532168131432
matched_hop2,spatial_knn,9,CCL19,0.14850043151538075,0.12014821101125879,0.5983130734278739
matched_hop2,spatial_knn,9,SNCG,0.5305839405343786,0.5249853792567419,0.49747701801223354
matched_hop2,spatial_knn,9,IGHG2,-0.0029289825944528096,0.043518240953173054,0.5416143917414105
matched_hop5,mean,9,CRISP3,0.0,,0.6436485648155212
matched_hop5,mean,9,CPB1,0.0,,1.0022695064544678
matched_hop5,mean,9,IGHG3,,,0.7430500388145447
matched_hop5,mean,9,CD74,0.0,,0.6296112537384033
matched_hop5,mean,9,IGLC2,,,0.8982773423194885
matched_hop5,mean,9,HLA-B,,,0.5490849018096924
matched_hop5,mean,9,IGKC,,,0.8286420106887817
matched_hop5,mean,9,MALAT1,0.0,,0.7083367109298706
matched_hop5,mean,9,ALB,,,0.4308582544326782
matched_hop5,mean,9,IGHG4,,,0.5577162504196167
matched_hop5,mean,9,TFF3,0.0,,0.5412453413009644
matched_hop5,mean,9,CXCL14,,,0.7258976101875305
matched_hop5,mean,9,IGHG1,,,0.7075585126876831
matched_hop5,mean,9,SLITRK6,0.0,,0.3633182644844055
matched_hop5,mean,9,APOE,0.0,,0.7337871789932251
matched_hop5,mean,9,MT-ND2,,,0.5772098302841187
matched_hop5,mean,9,CALML5,0.0,,0.8922570943832397
matched_hop5,mean,9,HLA-DRA,,,0.7053387761116028
matched_hop5,mean,9,S100G,0.0,,0.5497434139251709
matched_hop5,mean,9,LINC00645,,,0.507897138595581
matched_hop5,mean,9,C3,,,0.6579912900924683
matched_hop5,mean,9,IGLC3,0.0,,0.6565958857536316
matched_hop5,mean,9,IGLC1,,,0.6494255661964417
matched_hop5,mean,9,TIMP1,,,0.7083489894866943
matched_hop5,mean,9,APOC1,,,0.7864945530891418
matched_hop5,mean,9,TFF1,,,0.868423581123352
matched_hop5,mean,9,SCGB2A2,,,0.6870653033256531
matched_hop5,mean,9,SCGB1D2,,,0.6784193515777588
matched_hop5,mean,9,SERPINA3,0.0,,0.4832286536693573
matched_hop5,mean,9,LINC00052,,,0.4232390522956848
matched_hop5,mean,9,AGR2,,,0.48479777574539185
matched_hop5,mean,9,C6orf141,,,0.30575230717658997
matched_hop5,mean,9,LYZ,,,0.8772161602973938
matched_hop5,mean,9,CTSD,,,0.5381835103034973
matched_hop5,mean,9,HEBP1,0.0,,0.5772854685783386
matched_hop5,mean,9,IGHM,0.0,,0.6097703576087952
matched_hop5,mean,9,HLA-DRB1,,,0.688201367855072
matched_hop5,mean,9,C1QA,,,0.6783022284507751
matched_hop5,mean,9,IGHA1,,,0.6247520446777344
matched_hop5,mean,9,DEGS1,0.0,,0.6283559799194336
matched_hop5,mean,9,AC087379.2,,,0.3028890788555145
matched_hop5,mean,9,AEBP1,,,0.641086757183075
matched_hop5,mean,9,COL1A2,,,0.6730328798294067
matched_hop5,mean,9,GFRA1,,,0.512898862361908
matched_hop5,mean,9,COL1A1,,,0.6864466071128845
matched_hop5,mean,9,HLA-E,,,0.5357345342636108
matched_hop5,mean,9,CFB,,,0.5190151929855347
matched_hop5,mean,9,CCL19,,,0.6537371873855591
matched_hop5,mean,9,SNCG,,,0.8900011777877808
matched_hop5,mean,9,IGHG2,0.0,,0.5264611840248108
matched_hop5,pca_ridge,9,CRISP3,0.05566966939900573,0.08006252094263765,0.5347577333450317
matched_hop5,pca_ridge,9,CPB1,0.02603679680060496,0.06552336512285735,0.9740018844604492
matched_hop5,pca_ridge,9,IGHG3,0.602052354716459,0.5799433744625817,0.7340815663337708
matched_hop5,pca_ridge,9,CD74,0.775014488389559,0.7849739751317926,0.3860655128955841
matched_hop5,pca_ridge,9,IGLC2,0.49721244926360403,0.5284232966309372,1.0382485389709473
matched_hop5,pca_ridge,9,HLA-B,0.4732412806401794,0.493527416148594,0.39254480600357056
matched_hop5,pca_ridge,9,IGKC,0.5735440094660921,0.5691128268599519,0.8408648371696472
matched_hop5,pca_ridge,9,MALAT1,0.5914365899634698,0.5929968001169372,0.5218967199325562
matched_hop5,pca_ridge,9,ALB,0.029583760192994416,0.03049963965781322,0.5701253414154053
matched_hop5,pca_ridge,9,IGHG4,0.4895907408387667,0.4421555442875131,0.5657098889350891
matched_hop5,pca_ridge,9,TFF3,0.3388172036799331,0.35254727533293717,0.4569609761238098
matched_hop5,pca_ridge,9,CXCL14,0.10020467269808256,0.11558052291341873,0.5545316338539124
matched_hop5,pca_ridge,9,IGHG1,0.5265192185182471,0.4993364145117281,0.7217944264411926
matched_hop5,pca_ridge,9,SLITRK6,0.021231729205424994,0.050046720705307156,0.318768173456192
matched_hop5,pca_ridge,9,APOE,0.875483537334711,0.8943660052939475,0.35582435131073
matched_hop5,pca_ridge,9,MT-ND2,0.4792151041354334,0.4653962245013909,0.5109610557556152
matched_hop5,pca_ridge,9,CALML5,0.2612499239125793,0.22878506752469294,0.816408097743988
matched_hop5,pca_ridge,9,HLA-DRA,0.6665047142457555,0.658747207649214,0.4512001574039459
matched_hop5,pca_ridge,9,S100G,0.3065457746550553,0.2747600908562342,0.6139500737190247
matched_hop5,pca_ridge,9,LINC00645,0.2066379188652891,0.1827139088619024,0.4441402554512024
matched_hop5,pca_ridge,9,C3,0.74400387645309,0.733251655240341,0.44068586826324463
matched_hop5,pca_ridge,9,IGLC3,0.2925932707860681,0.29961596286913894,0.7798783183097839
matched_hop5,pca_ridge,9,IGLC1,0.25343396416907266,0.2422498453276155,0.6877436637878418
matched_hop5,pca_ridge,9,TIMP1,0.6952146872838462,0.7291586199229511,0.5316317081451416
matched_hop5,pca_ridge,9,APOC1,0.7471498324661494,0.7594589989164248,0.4759349226951599
matched_hop5,pca_ridge,9,TFF1,0.40854842589328577,0.3719320559473509,0.7445942163467407
matched_hop5,pca_ridge,9,SCGB2A2,0.26936069962204856,0.22994153422704794,0.6565722823143005
matched_hop5,pca_ridge,9,SCGB1D2,0.2684407587934272,0.246913186613507,0.642974853515625
matched_hop5,pca_ridge,9,SERPINA3,0.07899942405064965,0.05298403413492857,0.5558239221572876
matched_hop5,pca_ridge,9,LINC00052,0.191354282936261,0.1775311800782547,0.39718884229660034
matched_hop5,pca_ridge,9,AGR2,0.26676292232248544,0.2417263190866046,0.4406340718269348
matched_hop5,pca_ridge,9,C6orf141,0.0685226474109191,0.10449488000855171,0.2980680763721466
matched_hop5,pca_ridge,9,LYZ,0.716775581377981,0.7359113359070569,0.5166969895362854
matched_hop5,pca_ridge,9,CTSD,0.7934446594449277,0.8014393118503712,0.35420140624046326
matched_hop5,pca_ridge,9,HEBP1,0.438678190736881,0.42867150283230276,0.5022858381271362
matched_hop5,pca_ridge,9,IGHM,0.26043747969190684,0.2543728872103236,0.6874504089355469
matched_hop5,pca_ridge,9,HLA-DRB1,0.6623619013376498,0.6739532326321466,0.42252087593078613
matched_hop5,pca_ridge,9,C1QA,0.8178779928033385,0.8179172657076348,0.3729923367500305
matched_hop5,pca_ridge,9,IGHA1,0.2673829583616644,0.23713886833187825,0.7493107914924622
matched_hop5,pca_ridge,9,DEGS1,0.03997662496928753,0.01950070305002411,0.5388152599334717
matched_hop5,pca_ridge,9,AC087379.2,0.1396125465027291,0.15331874695903597,0.41464561223983765
matched_hop5,pca_ridge,9,AEBP1,0.7034146216502727,0.6790369935481546,0.4422941207885742
matched_hop5,pca_ridge,9,COL1A2,0.7053939689120962,0.6697309572003725,0.4416502118110657
matched_hop5,pca_ridge,9,GFRA1,0.26145784052647286,0.2698374102625628,0.47153550386428833
matched_hop5,pca_ridge,9,COL1A1,0.6790252325175111,0.6631729114881691,0.4864571988582611
matched_hop5,pca_ridge,9,HLA-E,0.6378317336486117,0.6649167471321158,0.3873371183872223
matched_hop5,pca_ridge,9,CFB,0.08934328829809651,0.04862853172055941,0.5278571844100952
matched_hop5,pca_ridge,9,CCL19,0.4321618630814992,0.4308397931378076,0.5790018439292908
matched_hop5,pca_ridge,9,SNCG,0.17000104912436673,0.16181609363172642,0.6879207491874695
matched_hop5,pca_ridge,9,IGHG2,0.24676950406843595,0.1785966212856151,0.5422144532203674
matched_hop5,spatial_knn,9,CRISP3,0.04316206379773449,0.048236863690410525,0.3956175928004517
matched_hop5,spatial_knn,9,CPB1,0.4540862484247062,0.4167275003335115,0.8640045328283872
matched_hop5,spatial_knn,9,IGHG3,-0.22281549749071067,-0.3442270630030601,0.7764320558990941
matched_hop5,spatial_knn,9,CD74,0.4340076935945023,0.44572869630980716,0.613793027571028
matched_hop5,spatial_knn,9,IGLC2,-0.07670806991450937,0.053448464534457896,0.9143331486850289
matched_hop5,spatial_knn,9,HLA-B,0.14661917315207934,0.19733259394954772,0.4555748565892431
matched_hop5,spatial_knn,9,IGKC,-0.29114536582518363,-0.3551923425241262,0.8939881439958568
matched_hop5,spatial_knn,9,MALAT1,-0.012775713741171205,-0.00847901486817562,0.6707986643849624
matched_hop5,spatial_knn,9,ALB,0.09901941208401577,0.052585108660139775,0.6700213670462796
matched_hop5,spatial_knn,9,IGHG4,-0.08982723575202692,-0.11806929119243002,0.5954001450807643
matched_hop5,spatial_knn,9,TFF3,0.001471320060826266,-0.009020564094579265,0.4881025207166736
matched_hop5,spatial_knn,9,CXCL14,-0.10729855745068104,-0.12644009032641007,0.5574691308312919
matched_hop5,spatial_knn,9,IGHG1,-0.025827506027090986,0.09200442327430339,0.7493870917602411
matched_hop5,spatial_knn,9,SLITRK6,-0.0030800626937623893,-0.01046141893726341,0.24910546860588226
matched_hop5,spatial_knn,9,APOE,0.4301441322101493,0.4586773392988221,0.7716616492679185
matched_hop5,spatial_knn,9,MT-ND2,0.16182569542552835,0.1290011261654105,0.7981219340411622
matched_hop5,spatial_knn,9,CALML5,0.6717813100014418,0.6017925720469458,0.49183703035540305
matched_hop5,spatial_knn,9,HLA-DRA,0.40933896531120556,0.4064784524259689,0.6200617502180609
matched_hop5,spatial_knn,9,S100G,0.0259560325458103,0.011710940496556936,0.8672749073636858
matched_hop5,spatial_knn,9,LINC00645,0.014050064182559665,-0.002650934837608495,0.6274955240343681
matched_hop5,spatial_knn,9,C3,-0.1234004838952605,-0.09494917150783297,0.8076083219078845
matched_hop5,spatial_knn,9,IGLC3,-0.1632993540481529,-0.1591788336798749,0.715966015680094
matched_hop5,spatial_knn,9,IGLC1,0.10141949953531196,0.1594562391347889,0.7189532237944247
matched_hop5,spatial_knn,9,TIMP1,-0.13738244326355228,-0.02986846882248044,0.9375423483994431
matched_hop5,spatial_knn,9,APOC1,0.5083594436381662,0.446590710488435,0.6618753473834778
matched_hop5,spatial_knn,9,TFF1,0.22930359601460368,0.18260866301228842,0.7623899806148119
matched_hop5,spatial_knn,9,SCGB2A2,-0.2536484593735678,-0.2368739059657089,1.190022242703142
matched_hop5,spatial_knn,9,SCGB1D2,-0.30009277653688693,-0.2634128599167466,1.3228997651961572
matched_hop5,spatial_knn,9,SERPINA3,0.06066059337894263,0.08778878804768957,0.4734041188400854
matched_hop5,spatial_knn,9,LINC00052,0.26667413511544863,0.2967322604195821,0.5467704310918938
matched_hop5,spatial_knn,9,AGR2,-0.020496812303157346,-0.055683279774370605,0.5186495795987871
matched_hop5,spatial_knn,9,C6orf141,0.00274936895856602,0.018967682651104167,0.2853022444591511
matched_hop5,spatial_knn,9,LYZ,0.20564822543500216,0.209748313554595,0.8054901895320405
matched_hop5,spatial_knn,9,CTSD,0.3506318910379733,0.41439780552210204,0.582621052944325
matched_hop5,spatial_knn,9,HEBP1,-0.026466132025504466,-0.06113001156935538,0.9129320872615284
matched_hop5,spatial_knn,9,IGHM,-0.048134703390547574,-0.10498365979274465,0.6518726977707359
matched_hop5,spatial_knn,9,HLA-DRB1,0.18926123094512845,0.16628568257173607,0.6785077803228904
matched_hop5,spatial_knn,9,C1QA,0.3552970042179204,0.3917689147552802,0.7530104459302361
matched_hop5,spatial_knn,9,IGHA1,-0.09373215522383746,-0.17657480030268904,0.5857154628506555
matched_hop5,spatial_knn,9,DEGS1,0.08597205595157491,0.02780751637517593,0.49150774550221266
matched_hop5,spatial_knn,9,AC087379.2,-0.10105270760296141,-0.07654154444994242,0.45289149161536685
matched_hop5,spatial_knn,9,AEBP1,0.26853380974323293,0.2614791929027584,0.5925120433503211
matched_hop5,spatial_knn,9,COL1A2,0.06664713524004592,0.08793489969780648,0.6196488488518249
matched_hop5,spatial_knn,9,GFRA1,-0.2322029783129554,-0.24583689820223936,0.5435446019554889
matched_hop5,spatial_knn,9,COL1A1,-0.13843444286750312,-0.15704750965453806,0.6939840304628826
matched_hop5,spatial_knn,9,HLA-E,0.15979303055902402,0.14516820329044985,0.5683586976366152
matched_hop5,spatial_knn,9,CFB,0.5425231069745323,0.539588832098069,0.4404510794974799
matched_hop5,spatial_knn,9,CCL19,0.0626737064355809,0.07558004320158992,0.7276926637570127
matched_hop5,spatial_knn,9,SNCG,0.3114718180285292,0.22154194828275436,0.5047064060774208
matched_hop5,spatial_knn,9,IGHG2,-0.07976310111239358,-0.030636909538428715,0.5571148537537419
matched_coord0.25,mean,9,CRISP3,0.0,,0.6419338583946228
matched_coord0.25,mean,9,CPB1,0.0,,1.3794668912887573
matched_coord0.25,mean,9,IGHG3,,,0.7419383525848389
matched_coord0.25,mean,9,CD74,0.0,,0.6000152230262756
matched_coord0.25,mean,9,IGLC2,0.0,,0.9095902442932129
matched_coord0.25,mean,9,HLA-B,0.0,,0.5622510313987732
matched_coord0.25,mean,9,IGKC,,,0.8236492872238159
matched_coord0.25,mean,9,MALAT1,0.0,,0.7114264965057373
matched_coord0.25,mean,9,ALB,,,0.4221542179584503
matched_coord0.25,mean,9,IGHG4,,,0.5562004446983337
matched_coord0.25,mean,9,TFF3,0.0,,0.5145289897918701
matched_coord0.25,mean,9,CXCL14,,,0.7136340141296387
matched_coord0.25,mean,9,IGHG1,,,0.702772855758667
matched_coord0.25,mean,9,SLITRK6,,,0.36348065733909607
matched_coord0.25,mean,9,APOE,0.0,,0.6708996891975403
matched_coord0.25,mean,9,MT-ND2,,,0.5812619924545288
matched_coord0.25,mean,9,CALML5,0.0,,0.7540708184242249
matched_coord0.25,mean,9,HLA-DRA,,,0.6519039869308472
matched_coord0.25,mean,9,S100G,0.0,,0.5334126353263855
matched_coord0.25,mean,9,LINC00645,0.0,,0.621656060218811
matched_coord0.25,mean,9,C3,,,0.6263541579246521
matched_coord0.25,mean,9,IGLC3,0.0,,0.6543125510215759
matched_coord0.25,mean,9,IGLC1,0.0,,0.6598218679428101
matched_coord0.25,mean,9,TIMP1,,,0.6896418929100037
matched_coord0.25,mean,9,APOC1,,,0.724380373954773
matched_coord0.25,mean,9,TFF1,,,0.7605660557746887
matched_coord0.25,mean,9,SCGB2A2,0.0,,0.7357502579689026
matched_coord0.25,mean,9,SCGB1D2,,,0.7298629879951477
matched_coord0.25,mean,9,SERPINA3,0.0,,0.4852113723754883
matched_coord0.25,mean,9,LINC00052,0.0,,0.40869757533073425
matched_coord0.25,mean,9,AGR2,0.0,,0.47699877619743347
matched_coord0.25,mean,9,C6orf141,,,0.31416746973991394
matched_coord0.25,mean,9,LYZ,,,0.8316124081611633
matched_coord0.25,mean,9,CTSD,,,0.49152764678001404
matched_coord0.25,mean,9,HEBP1,,,0.598818838596344
matched_coord0.25,mean,9,IGHM,,,0.6998046636581421
matched_coord0.25,mean,9,HLA-DRB1,,,0.6264171600341797
matched_coord0.25,mean,9,C1QA,,,0.6399940252304077
matched_coord0.25,mean,9,IGHA1,,,0.6386813521385193
matched_coord0.25,mean,9,DEGS1,,,0.6078059673309326
matched_coord0.25,mean,9,AC087379.2,,,0.30755165219306946
matched_coord0.25,mean,9,AEBP1,,,0.6427438855171204
matched_coord0.25,mean,9,COL1A2,0.0,,0.6716315746307373
matched_coord0.25,mean,9,GFRA1,,,0.5039839744567871
matched_coord0.25,mean,9,COL1A1,,,0.6917779445648193
matched_coord0.25,mean,9,HLA-E,0.0,,0.5270322561264038
matched_coord0.25,mean,9,CFB,,,0.6230864524841309
matched_coord0.25,mean,9,CCL19,,,0.5869920253753662
matched_coord0.25,mean,9,SNCG,,,0.8059901595115662
matched_coord0.25,mean,9,IGHG2,,,0.5092213153839111
matched_coord0.25,pca_ridge,9,CRISP3,0.03653041481814255,0.04317189253050311,0.5577849745750427
matched_coord0.25,pca_ridge,9,CPB1,-0.011999502697557958,-0.009869524686891402,1.2955846786499023
matched_coord0.25,pca_ridge,9,IGHG3,0.5715454828992624,0.5352918650128548,0.723622739315033
matched_coord0.25,pca_ridge,9,CD74,0.7768394770600695,0.7841514892811242,0.38113638758659363
matched_coord0.25,pca_ridge,9,IGLC2,0.4729262938125822,0.4988456823885164,0.9827862977981567
matched_coord0.25,pca_ridge,9,HLA-B,0.5457565148550741,0.5599862165418868,0.4006953835487366
matched_coord0.25,pca_ridge,9,IGKC,0.5796148399015113,0.5779522299135731,0.791495680809021
matched_coord0.25,pca_ridge,9,MALAT1,0.6092906720609448,0.5963861684265587,0.5114996433258057
matched_coord0.25,pca_ridge,9,ALB,0.05082321168843132,0.05280604461653214,0.5572709441184998
matched_coord0.25,pca_ridge,9,IGHG4,0.5194609520434113,0.47380674234714704,0.5352433323860168
matched_coord0.25,pca_ridge,9,TFF3,0.30242788035819357,0.30154728394122465,0.4368050992488861
matched_coord0.25,pca_ridge,9,CXCL14,0.17627940968428976,0.16753718218017202,0.5616055130958557
matched_coord0.25,pca_ridge,9,IGHG1,0.5320844498114184,0.5031460026646759,0.6940306425094604
matched_coord0.25,pca_ridge,9,SLITRK6,0.014406757527534397,0.04321916546909654,0.32536080479621887
matched_coord0.25,pca_ridge,9,APOE,0.8605836984753501,0.8628215091577056,0.3403371274471283
matched_coord0.25,pca_ridge,9,MT-ND2,0.52490218200845,0.5308622392321519,0.4995223879814148
matched_coord0.25,pca_ridge,9,CALML5,0.34721235433883535,0.3640066245841449,0.6984624266624451
matched_coord0.25,pca_ridge,9,HLA-DRA,0.7051555513067296,0.6952150463202798,0.41855186223983765
matched_coord0.25,pca_ridge,9,S100G,0.2897618942308994,0.272625094510471,0.6187742948532104
matched_coord0.25,pca_ridge,9,LINC00645,0.22847496496701142,0.22260352914573606,0.5518470406532288
matched_coord0.25,pca_ridge,9,C3,0.7169984603690062,0.6916456555164147,0.4395698308944702
matched_coord0.25,pca_ridge,9,IGLC3,0.32116107932119353,0.3226771356772902,0.7289706468582153
matched_coord0.25,pca_ridge,9,IGLC1,0.2541806222852225,0.2274790183557454,0.6826809644699097
matched_coord0.25,pca_ridge,9,TIMP1,0.701810569088586,0.7063015412540832,0.504382312297821
matched_coord0.25,pca_ridge,9,APOC1,0.7284716132802533,0.7259309686553247,0.45673868060112
matched_coord0.25,pca_ridge,9,TFF1,0.3514789384375606,0.31416242172033404,0.6643087267875671
matched_coord0.25,pca_ridge,9,SCGB2A2,0.2889188987386518,0.2733795528854908,0.639837384223938
matched_coord0.25,pca_ridge,9,SCGB1D2,0.23493354163223082,0.2267067954639273,0.6306435465812683
matched_coord0.25,pca_ridge,9,SERPINA3,0.06693737732830454,0.02827263168503407,0.5501716136932373
matched_coord0.25,pca_ridge,9,LINC00052,0.2609740033271821,0.24861871341344127,0.3861764967441559
matched_coord0.25,pca_ridge,9,AGR2,0.4047421836335835,0.3719175374192005,0.42081189155578613
matched_coord0.25,pca_ridge,9,C6orf141,0.04954465590910146,0.09413561448994832,0.30627700686454773
matched_coord0.25,pca_ridge,9,LYZ,0.736764856254372,0.7441891190940088,0.5076120495796204
matched_coord0.25,pca_ridge,9,CTSD,0.7546474902224447,0.7442387435376735,0.3405075967311859
matched_coord0.25,pca_ridge,9,HEBP1,0.45323307700483556,0.4460439960762278,0.4961552619934082
matched_coord0.25,pca_ridge,9,IGHM,0.3000399788240095,0.28553961002638806,0.7019770741462708
matched_coord0.25,pca_ridge,9,HLA-DRB1,0.6887574441947327,0.6981942287313715,0.39363977313041687
matched_coord0.25,pca_ridge,9,C1QA,0.7940949286400741,0.7869390713476265,0.378269761800766
matched_coord0.25,pca_ridge,9,IGHA1,0.23598275145888692,0.2165211001163681,0.7269072532653809
matched_coord0.25,pca_ridge,9,DEGS1,0.2685077981527602,0.2123343812962304,0.5302537679672241
matched_coord0.25,pca_ridge,9,AC087379.2,0.17468718602324182,0.19491031568432984,0.41346845030784607
matched_coord0.25,pca_ridge,9,AEBP1,0.6737986745640626,0.6400606877967949,0.4546058475971222
matched_coord0.25,pca_ridge,9,COL1A2,0.711334499617715,0.6844325522095817,0.4297396242618561
matched_coord0.25,pca_ridge,9,GFRA1,0.2941964527547163,0.3009002891615932,0.4759170114994049
matched_coord0.25,pca_ridge,9,COL1A1,0.6981845408315206,0.6782941184103097,0.47168001532554626
matched_coord0.25,pca_ridge,9,HLA-E,0.6508481238811367,0.6741051632145703,0.38617977499961853
matched_coord0.25,pca_ridge,9,CFB,0.203344190749305,0.18980694694128386,0.5842635631561279
matched_coord0.25,pca_ridge,9,CCL19,0.4613159821315274,0.42669081796649155,0.5202949047088623
matched_coord0.25,pca_ridge,9,SNCG,0.21525582782377778,0.19835036793856203,0.6285648345947266
matched_coord0.25,pca_ridge,9,IGHG2,0.25467147051099914,0.19428591136581397,0.5205872654914856
matched_coord0.25,spatial_knn,9,CRISP3,0.12086609606250615,0.07105476541982447,0.4575318704102241
matched_coord0.25,spatial_knn,9,CPB1,0.60031662391067,0.5993506087610766,1.0803409649268776
matched_coord0.25,spatial_knn,9,IGHG3,-0.07990735395409444,-0.14395419844517898,0.7774290717424127
matched_coord0.25,spatial_knn,9,CD74,0.32069742118004263,0.332749661281448,0.5576179060468927
matched_coord0.25,spatial_knn,9,IGLC2,0.01063507851987959,0.04788758280530271,1.0117696259516842
matched_coord0.25,spatial_knn,9,HLA-B,0.3439444806659572,0.3459772071623942,0.4555318078926156
matched_coord0.25,spatial_knn,9,IGKC,-0.1338724846518271,-0.158511693587415,0.9139193722455558
matched_coord0.25,spatial_knn,9,MALAT1,0.13293391219293738,0.0858308474896998,0.7628364003106645
matched_coord0.25,spatial_knn,9,ALB,0.07693437668800228,0.03989300662925693,0.6019141469544753
matched_coord0.25,spatial_knn,9,IGHG4,-0.0210833291021581,-0.02437664979807273,0.6003550936410282
matched_coord0.25,spatial_knn,9,TFF3,0.1164985453468177,0.10127188709435636,0.44913069084817614
matched_coord0.25,spatial_knn,9,CXCL14,0.13514004415866115,0.07864404009383108,0.6193699501350941
matched_coord0.25,spatial_knn,9,IGHG1,-0.04168957917999225,0.02014312278600411,0.7961208157721021
matched_coord0.25,spatial_knn,9,SLITRK6,-0.0209267412373667,0.00014440919813947612,0.2693378169293939
matched_coord0.25,spatial_knn,9,APOE,0.2864146795808977,0.3532479773855816,0.6941063693743383
matched_coord0.25,spatial_knn,9,MT-ND2,0.24270780429164762,0.2073564560649359,0.829544135218216
matched_coord0.25,spatial_knn,9,CALML5,0.7531904647082593,0.7505119529016185,0.4380154352583803
matched_coord0.25,spatial_knn,9,HLA-DRA,0.31090383191210774,0.2931151189310981,0.563856118132874
matched_coord0.25,spatial_knn,9,S100G,0.09341767346642021,0.06070103155016098,0.7885062668504785
matched_coord0.25,spatial_knn,9,LINC00645,0.4163721475934483,0.34794416087192004,0.5875109992276965
matched_coord0.25,spatial_knn,9,C3,-0.0539741525334282,-0.06714935982286381,0.7275943708182828
matched_coord0.25,spatial_knn,9,IGLC3,-0.08012433108039005,-0.07333823092235332,0.7682869569685106
matched_coord0.25,spatial_knn,9,IGLC1,0.05666427987859197,0.09656998517468864,0.8790223746647062
matched_coord0.25,spatial_knn,9,TIMP1,-0.11240186156665805,-0.08010111173904891,0.87131822265631
matched_coord0.25,spatial_knn,9,APOC1,0.3770173492669766,0.3112899043097222,0.625711033177338
matched_coord0.25,spatial_knn,9,TFF1,0.39913196103531084,0.398240682605285,0.6846685241975138
matched_coord0.25,spatial_knn,9,SCGB2A2,-0.1529283076859315,-0.17335515625065526,1.0266962929638244
matched_coord0.25,spatial_knn,9,SCGB1D2,-0.2559339863061477,-0.29430173668626264,1.1150824545537632
matched_coord0.25,spatial_knn,9,SERPINA3,0.2248275507759328,0.24755295132180827,0.4695757992173665
matched_coord0.25,spatial_knn,9,LINC00052,0.43504351212235803,0.4650243979645057,0.4530958598696162
matched_coord0.25,spatial_knn,9,AGR2,0.21373368388872976,0.12840320433593314,0.49153197217643396
matched_coord0.25,spatial_knn,9,C6orf141,0.028444708223771317,0.024068742874094218,0.28826977431435097
matched_coord0.25,spatial_knn,9,LYZ,0.23439843238063374,0.23677119229364146,0.7545333097607411
matched_coord0.25,spatial_knn,9,CTSD,0.22789254315949525,0.2930093354752233,0.5175029013356903
matched_coord0.25,spatial_knn,9,HEBP1,0.07874525951758007,0.027345606545140854,0.7893750599371092
matched_coord0.25,spatial_knn,9,IGHM,0.16472390966097328,0.07080919605587016,0.7286705481390824
matched_coord0.25,spatial_knn,9,HLA-DRB1,0.11306734583436885,0.08594291742519691,0.6072126584181954
matched_coord0.25,spatial_knn,9,C1QA,0.2513560617192781,0.2963062347844366,0.691307100191259
matched_coord0.25,spatial_knn,9,IGHA1,-0.01288388789911632,-0.06058279203747258,0.66896616991741
matched_coord0.25,spatial_knn,9,DEGS1,0.33007624446539735,0.2381553128147269,0.5093401454203491
matched_coord0.25,spatial_knn,9,AC087379.2,0.02043847336580003,0.023291994456158968,0.42612550793212967
matched_coord0.25,spatial_knn,9,AEBP1,0.1988154767613187,0.21155095956127837,0.5826158037973796
matched_coord0.25,spatial_knn,9,COL1A2,0.08089165262166828,0.09404094856473671,0.6251922758705558
matched_coord0.25,spatial_knn,9,GFRA1,-0.015060847325632693,-0.026834144928974735,0.5233264435209088
matched_coord0.25,spatial_knn,9,COL1A1,-0.027733564432681143,-0.04496589900382744,0.6867451223297361
matched_coord0.25,spatial_knn,9,HLA-E,0.23048347906802463,0.2512788829602448,0.5262014634684493
matched_coord0.25,spatial_knn,9,CFB,0.5687910756395818,0.6301624779626053,0.5022217846098467
matched_coord0.25,spatial_knn,9,CCL19,0.10075123569223932,0.1011460364594471,0.6404609737272333
matched_coord0.25,spatial_knn,9,SNCG,0.523887742734542,0.5102763686415223,0.489710393986441
matched_coord0.25,spatial_knn,9,IGHG2,-0.03056838828447828,0.006432399811499143,0.5563447609173123
matched_coord0.5,mean,9,CRISP3,0.0,,0.6426100134849548
matched_coord0.5,mean,9,CPB1,0.0,,1.0772643089294434
matched_coord0.5,mean,9,IGHG3,,,0.7164320945739746
matched_coord0.5,mean,9,CD74,0.0,,0.6288959383964539
matched_coord0.5,mean,9,IGLC2,0.0,,0.8775886297225952
matched_coord0.5,mean,9,HLA-B,0.0,,0.5742074847221375
matched_coord0.5,mean,9,IGKC,,,0.802651047706604
matched_coord0.5,mean,9,MALAT1,,,0.6975277066230774
matched_coord0.5,mean,9,ALB,,,0.43054625391960144
matched_coord0.5,mean,9,IGHG4,,,0.5254862904548645
matched_coord0.5,mean,9,TFF3,0.0,,0.5365732312202454
matched_coord0.5,mean,9,CXCL14,0.0,,0.722430408000946
matched_coord0.5,mean,9,IGHG1,,,0.6670939922332764
matched_coord0.5,mean,9,SLITRK6,,,0.36131468415260315
matched_coord0.5,mean,9,APOE,0.0,,0.6858524680137634
matched_coord0.5,mean,9,MT-ND2,,,0.5528954267501831
matched_coord0.5,mean,9,CALML5,0.0,,0.8990010023117065
matched_coord0.5,mean,9,HLA-DRA,0.0,,0.6937938332557678
matched_coord0.5,mean,9,S100G,0.0,,0.5371023416519165
matched_coord0.5,mean,9,LINC00645,,,0.4416530430316925
matched_coord0.5,mean,9,C3,,,0.6576340794563293
matched_coord0.5,mean,9,IGLC3,0.0,,0.6439781785011292
matched_coord0.5,mean,9,IGLC1,,,0.624880850315094
matched_coord0.5,mean,9,TIMP1,,,0.7015412449836731
matched_coord0.5,mean,9,APOC1,,,0.7322778701782227
matched_coord0.5,mean,9,TFF1,,,0.8915325999259949
matched_coord0.5,mean,9,SCGB2A2,,,0.683484673500061
matched_coord0.5,mean,9,SCGB1D2,,,0.6966557502746582
matched_coord0.5,mean,9,SERPINA3,0.0,,0.4543403387069702
matched_coord0.5,mean,9,LINC00052,0.0,,0.3439423143863678
matched_coord0.5,mean,9,AGR2,,,0.48242267966270447
matched_coord0.5,mean,9,C6orf141,,,0.29909175634384155
matched_coord0.5,mean,9,LYZ,,,0.8676788806915283
matched_coord0.5,mean,9,CTSD,,,0.5145155787467957
matched_coord0.5,mean,9,HEBP1,0.0,,0.49558117985725403
matched_coord0.5,mean,9,IGHM,,,0.6019927859306335
matched_coord0.5,mean,9,HLA-DRB1,,,0.6973422765731812
matched_coord0.5,mean,9,C1QA,,,0.660473644733429
matched_coord0.5,mean,9,IGHA1,,,0.621635913848877
matched_coord0.5,mean,9,DEGS1,0.0,,0.6367684602737427
matched_coord0.5,mean,9,AC087379.2,,,0.2998806834220886
matched_coord0.5,mean,9,AEBP1,,,0.6284903883934021
matched_coord0.5,mean,9,COL1A2,,,0.6570230722427368
matched_coord0.5,mean,9,GFRA1,0.0,,0.5079512000083923
matched_coord0.5,mean,9,COL1A1,,,0.6781471967697144
matched_coord0.5,mean,9,HLA-E,0.0,,0.5383806824684143
matched_coord0.5,mean,9,CFB,,,0.5291182398796082
matched_coord0.5,mean,9,CCL19,0.0,,0.6768210530281067
matched_coord0.5,mean,9,SNCG,0.0,,0.8641235828399658
matched_coord0.5,mean,9,IGHG2,0.0,,0.5106903314590454
matched_coord0.5,pca_ridge,9,CRISP3,0.09150269753585627,0.09868049091866515,0.5288841128349304
matched_coord0.5,pca_ridge,9,CPB1,0.04542037176728473,0.07626432068981392,1.0334465503692627
matched_coord0.5,pca_ridge,9,IGHG3,0.5851764247270312,0.5594393354242503,0.7322759628295898
matched_coord0.5,pca_ridge,9,CD74,0.7552923259310305,0.7493836317787386,0.4050790071487427
matched_coord0.5,pca_ridge,9,IGLC2,0.49409914157231843,0.5246145949282405,1.0213489532470703
matched_coord0.5,pca_ridge,9,HLA-B,0.4801979490063432,0.49739766827966975,0.39736509323120117
matched_coord0.5,pca_ridge,9,IGKC,0.5399802537281442,0.538946575673801,0.8465399146080017
matched_coord0.5,pca_ridge,9,MALAT1,0.5892238889792756,0.5937706143217815,0.5104420185089111
matched_coord0.5,pca_ridge,9,ALB,0.05145026636604916,0.04506049661520064,0.563633382320404
matched_coord0.5,pca_ridge,9,IGHG4,0.45416124584615025,0.4189594920755892,0.5618941783905029
matched_coord0.5,pca_ridge,9,TFF3,0.30479133198967207,0.3296047647318689,0.4618538022041321
matched_coord0.5,pca_ridge,9,CXCL14,0.10827545760660791,0.132415225870298,0.5506699681282043
matched_coord0.5,pca_ridge,9,IGHG1,0.5045746743487494,0.47774106884104456,0.7111637592315674
matched_coord0.5,pca_ridge,9,SLITRK6,-0.029417973025224135,-0.004437030389699728,0.32560500502586365
matched_coord0.5,pca_ridge,9,APOE,0.8777642551520825,0.8870564422629079,0.3211563527584076
matched_coord0.5,pca_ridge,9,MT-ND2,0.4460653907793922,0.42637701170793535,0.49946489930152893
matched_coord0.5,pca_ridge,9,CALML5,0.3446044599401014,0.3198242060612603,0.8206852078437805
matched_coord0.5,pca_ridge,9,HLA-DRA,0.6155438462408638,0.5979964878193097,0.46128183603286743
matched_coord0.5,pca_ridge,9,S100G,0.27501161931543133,0.24537620342915495,0.6071586012840271
matched_coord0.5,pca_ridge,9,LINC00645,0.14673596146951004,0.14894052086573678,0.4009166657924652
matched_coord0.5,pca_ridge,9,C3,0.7498195358386445,0.7330393645189037,0.4375503361225128
matched_coord0.5,pca_ridge,9,IGLC3,0.27956770707260153,0.307865888663412,0.772205650806427
matched_coord0.5,pca_ridge,9,IGLC1,0.26103844044907065,0.269782688272237,0.666775107383728
matched_coord0.5,pca_ridge,9,TIMP1,0.7341992591102569,0.7600005359737233,0.510963499546051
matched_coord0.5,pca_ridge,9,APOC1,0.7333357114074667,0.737193571230103,0.4353760778903961
matched_coord0.5,pca_ridge,9,TFF1,0.37856601195927464,0.33599312231242745,0.7718387842178345
matched_coord0.5,pca_ridge,9,SCGB2A2,0.26940398346358785,0.2221974946262485,0.6662914752960205
matched_coord0.5,pca_ridge,9,SCGB1D2,0.2540453597154156,0.22312282710790696,0.6629461646080017
matched_coord0.5,pca_ridge,9,SERPINA3,0.049640415416630355,0.05175912788922616,0.5259435176849365
matched_coord0.5,pca_ridge,9,LINC00052,0.10514993619856391,0.12123115968338283,0.32635051012039185
matched_coord0.5,pca_ridge,9,AGR2,0.2618782420700165,0.22986860476547313,0.4350542724132538
matched_coord0.5,pca_ridge,9,C6orf141,0.09051127171181597,0.09792216127565662,0.2878291606903076
matched_coord0.5,pca_ridge,9,LYZ,0.7018679875345047,0.7105239284569956,0.5119513273239136
matched_coord0.5,pca_ridge,9,CTSD,0.7932381167295014,0.7863775939063566,0.33839789032936096
matched_coord0.5,pca_ridge,9,HEBP1,0.3905341288695673,0.3851468387550724,0.4650629460811615
matched_coord0.5,pca_ridge,9,IGHM,0.23545625637026812,0.2573170733529674,0.6789806485176086
matched_coord0.5,pca_ridge,9,HLA-DRB1,0.6315136941776472,0.6373469579843103,0.4337318241596222
matched_coord0.5,pca_ridge,9,C1QA,0.8164070945701295,0.8126579016325433,0.3615333139896393
matched_coord0.5,pca_ridge,9,IGHA1,0.24697716139968107,0.21935031829163537,0.7515670657157898
matched_coord0.5,pca_ridge,9,DEGS1,0.0023046369068967084,0.009177629974040317,0.5438104271888733
matched_coord0.5,pca_ridge,9,AC087379.2,0.1967737465812557,0.19486395413843227,0.40969961881637573
matched_coord0.5,pca_ridge,9,AEBP1,0.7267582572544277,0.6884199201054497,0.4208855628967285
matched_coord0.5,pca_ridge,9,COL1A2,0.7020282502542349,0.6726145856446362,0.431503027677536
matched_coord0.5,pca_ridge,9,GFRA1,0.2493683823201448,0.26149495552702157,0.46572211384773254
matched_coord0.5,pca_ridge,9,COL1A1,0.6711192960873591,0.6581372099252588,0.4841000437736511
matched_coord0.5,pca_ridge,9,HLA-E,0.6286726707074293,0.660817987857571,0.3892795741558075
matched_coord0.5,pca_ridge,9,CFB,0.12443940943260774,0.09058039327160397,0.527826189994812
matched_coord0.5,pca_ridge,9,CCL19,0.46385614914526485,0.4636766451734799,0.5924383997917175
matched_coord0.5,pca_ridge,9,SNCG,0.08570328599108126,0.08495006564215243,0.6761582493782043
matched_coord0.5,pca_ridge,9,IGHG2,0.19710826033309856,0.16090632260139437,0.5413503646850586
matched_coord0.5,spatial_knn,9,CRISP3,0.03584636735280051,0.03464451664090939,0.41512795591260326
matched_coord0.5,spatial_knn,9,CPB1,0.5120601563407903,0.4824879041932436,0.9027836821917532
matched_coord0.5,spatial_knn,9,IGHG3,-0.251506540384,-0.36099219354374434,0.7583031457086418
matched_coord0.5,spatial_knn,9,CD74,0.3977517570387775,0.39995869639526727,0.6210242825186207
matched_coord0.5,spatial_knn,9,IGLC2,-0.12849211673428698,-0.027849200854532463,0.9418552174909769
matched_coord0.5,spatial_knn,9,HLA-B,0.19872707525785263,0.24631944162797798,0.45614866841324164
matched_coord0.5,spatial_knn,9,IGKC,-0.2875124729779796,-0.35561754011422086,0.8871240812259568
matched_coord0.5,spatial_knn,9,MALAT1,-0.08811786325755011,-0.09281529667632168,0.707393147428276
matched_coord0.5,spatial_knn,9,ALB,0.11902074631932409,0.047572306450123836,0.6758472946381933
matched_coord0.5,spatial_knn,9,IGHG4,-0.12060192742352158,-0.15337099611685517,0.5672079320083085
matched_coord0.5,spatial_knn,9,TFF3,-0.05078584760668713,-0.06371268432951731,0.4955412596740022
matched_coord0.5,spatial_knn,9,CXCL14,-0.053467845930970835,-0.08843793311779834,0.5402588388138408
matched_coord0.5,spatial_knn,9,IGHG1,-0.11393454315071559,-0.0002751699619597049,0.7431945242242479
matched_coord0.5,spatial_knn,9,SLITRK6,-0.004853735629446472,-0.010668542710244719,0.2546410148989026
matched_coord0.5,spatial_knn,9,APOE,0.3559855615404518,0.37756991878207097,0.7361655421745703
matched_coord0.5,spatial_knn,9,MT-ND2,0.06221677959328748,0.03456365852488411,0.8058822254166212
matched_coord0.5,spatial_knn,9,CALML5,0.6957900428750863,0.6166378316032296,0.5027003168131681
matched_coord0.5,spatial_knn,9,HLA-DRA,0.3149412136535873,0.31892585890508723,0.6207830309022248
matched_coord0.5,spatial_knn,9,S100G,-0.021838540741473168,-0.047559773703232056,0.8528691370524883
matched_coord0.5,spatial_knn,9,LINC00645,0.06492214395964695,0.04206203590371669,0.6227296296505408
matched_coord0.5,spatial_knn,9,C3,-0.15471144905056053,-0.12973078796632256,0.8235216264016048
matched_coord0.5,spatial_knn,9,IGLC3,-0.17128399601844785,-0.18348676396849095,0.72844171735708
matched_coord0.5,spatial_knn,9,IGLC1,0.06647128780689078,0.14413001233692826,0.7496149780649747
matched_coord0.5,spatial_knn,9,TIMP1,-0.1972218876106608,-0.11330208322996865,0.9610473733376482
matched_coord0.5,spatial_knn,9,APOC1,0.4545765826503035,0.3967551058551671,0.6206485628305404
matched_coord0.5,spatial_knn,9,TFF1,0.2237022353121344,0.14438664972752402,0.785671345301559
matched_coord0.5,spatial_knn,9,SCGB2A2,-0.41070021670841667,-0.3885026699289811,1.2311348437549055
matched_coord0.5,spatial_knn,9,SCGB1D2,-0.48126553274117345,-0.4343089771445746,1.353384695815035
matched_coord0.5,spatial_knn,9,SERPINA3,0.08649591680676569,0.10624212614872147,0.4464371154709543
matched_coord0.5,spatial_knn,9,LINC00052,0.2326889877779929,0.26560519180281356,0.5585464268801801
matched_coord0.5,spatial_knn,9,AGR2,-0.03588461810861757,-0.07904812557168672,0.5121820089709461
matched_coord0.5,spatial_knn,9,C6orf141,-0.012935690778929502,-0.009000962549021925,0.2807201683188707
matched_coord0.5,spatial_knn,9,LYZ,0.1196674186304351,0.1211427811822036,0.8120769239747782
matched_coord0.5,spatial_knn,9,CTSD,0.2918245482310905,0.3503078530321294,0.5616599947128373
matched_coord0.5,spatial_knn,9,HEBP1,-0.22795965756487782,-0.2410379739372463,0.9414253806566776
matched_coord0.5,spatial_knn,9,IGHM,-0.10207557152113411,-0.16546761776223995,0.6558076223582159
matched_coord0.5,spatial_knn,9,HLA-DRB1,0.015378167031131654,0.0013106648460888643,0.6922582836972048
matched_coord0.5,spatial_knn,9,C1QA,0.29161348225670974,0.3212516156282308,0.7532866680318792
matched_coord0.5,spatial_knn,9,IGHA1,-0.09656453311965084,-0.1899084409374186,0.5996903913576082
matched_coord0.5,spatial_knn,9,DEGS1,0.14039300495528642,0.08039419338310601,0.4917932613414633
matched_coord0.5,spatial_knn,9,AC087379.2,-0.15852917914754217,-0.1113782611547855,0.45338167148423225
matched_coord0.5,spatial_knn,9,AEBP1,0.25624260213312616,0.2584683500854167,0.576488621198028
matched_coord0.5,spatial_knn,9,COL1A2,0.07447259030443928,0.07275012793373034,0.6007113034513285
matched_coord0.5,spatial_knn,9,GFRA1,-0.292066926742253,-0.2926102505244653,0.545728817448046
matched_coord0.5,spatial_knn,9,COL1A1,-0.056619611503868766,-0.07080819635428849,0.6746964187646654
matched_coord0.5,spatial_knn,9,HLA-E,0.17922255346008759,0.23036108280849715,0.567377662831537
matched_coord0.5,spatial_knn,9,CFB,0.5542668490720108,0.5593631336368251,0.44515197010591534
matched_coord0.5,spatial_knn,9,CCL19,0.11189054766995317,0.12550383916675423,0.7545205205592802
matched_coord0.5,spatial_knn,9,SNCG,0.3951692735088521,0.2909158647064173,0.484149538855436
matched_coord0.5,spatial_knn,9,IGHG2,-0.1034063256480036,-0.08345295536479308,0.5527676214783279
matched_coord1.0,mean,9,CRISP3,,,0.6964411735534668
matched_coord1.0,mean,9,CPB1,,,0.6227497458457947
matched_coord1.0,mean,9,IGHG3,,,0.7278399467468262
matched_coord1.0,mean,9,CD74,,,0.7219985127449036
matched_coord1.0,mean,9,IGLC2,,,0.8106127381324768
matched_coord1.0,mean,9,HLA-B,,,0.5328903794288635
matched_coord1.0,mean,9,IGKC,,,0.8407605290412903
matched_coord1.0,mean,9,MALAT1,,,0.5770252346992493
matched_coord1.0,mean,9,ALB,,,0.3826543986797333
matched_coord1.0,mean,9,IGHG4,,,0.5971547961235046
matched_coord1.0,mean,9,TFF3,,,0.4930000901222229
matched_coord1.0,mean,9,CXCL14,,,0.7071595191955566
matched_coord1.0,mean,9,IGHG1,,,0.6668334007263184
matched_coord1.0,mean,9,SLITRK6,,,0.36638376116752625
matched_coord1.0,mean,9,APOE,,,0.6301923990249634
matched_coord1.0,mean,9,MT-ND2,,,0.4980145990848541
matched_coord1.0,mean,9,CALML5,,,0.9510735869407654
matched_coord1.0,mean,9,HLA-DRA,,,0.7397210597991943
matched_coord1.0,mean,9,S100G,,,0.4960751235485077
matched_coord1.0,mean,9,LINC00645,,,0.4526735246181488
matched_coord1.0,mean,9,C3,0.0,,0.8116185665130615
matched_coord1.0,mean,9,IGLC3,0.0,,0.5535722970962524
matched_coord1.0,mean,9,IGLC1,0.0,,0.5766075253486633
matched_coord1.0,mean,9,TIMP1,,,0.8759275674819946
matched_coord1.0,mean,9,APOC1,,,0.6190908551216125
matched_coord1.0,mean,9,TFF1,,,0.822538435459137
matched_coord1.0,mean,9,SCGB2A2,,,0.5492616891860962
matched_coord1.0,mean,9,SCGB1D2,0.0,,0.47428077459335327
matched_coord1.0,mean,9,SERPINA3,,,0.41802194714546204
matched_coord1.0,mean,9,LINC00052,,,0.27961429953575134
matched_coord1.0,mean,9,AGR2,,,0.5119642615318298
matched_coord1.0,mean,9,C6orf141,,,0.29499587416648865
matched_coord1.0,mean,9,LYZ,,,0.8259690403938293
matched_coord1.0,mean,9,CTSD,,,0.4162217080593109
matched_coord1.0,mean,9,HEBP1,,,0.4684220254421234
matched_coord1.0,mean,9,IGHM,,,0.5774919390678406
matched_coord1.0,mean,9,HLA-DRB1,,,0.8350083231925964
matched_coord1.0,mean,9,C1QA,,,0.6664731502532959
matched_coord1.0,mean,9,IGHA1,0.0,,0.6166389584541321
matched_coord1.0,mean,9,DEGS1,0.0,,0.692773163318634
matched_coord1.0,mean,9,AC087379.2,,,0.2810411751270294
matched_coord1.0,mean,9,AEBP1,,,0.5743095278739929
matched_coord1.0,mean,9,COL1A2,,,0.5933029055595398
matched_coord1.0,mean,9,GFRA1,0.0,,0.5185508728027344
matched_coord1.0,mean,9,COL1A1,,,0.6164869666099548
matched_coord1.0,mean,9,HLA-E,,,0.6467882394790649
matched_coord1.0,mean,9,CFB,,,0.4340461790561676
matched_coord1.0,mean,9,CCL19,0.0,,0.9669257402420044
matched_coord1.0,mean,9,SNCG,,,1.0442100763320923
matched_coord1.0,mean,9,IGHG2,0.0,,0.5154485106468201
matched_coord1.0,pca_ridge,9,CRISP3,0.020949241363554996,0.007945486383833923,0.5305502414703369
matched_coord1.0,pca_ridge,9,CPB1,0.45630450868952643,0.3231251166235984,0.6046853065490723
matched_coord1.0,pca_ridge,9,IGHG3,0.4404501546953653,0.48238912983245785,0.9016481637954712
matched_coord1.0,pca_ridge,9,CD74,0.6823800760140774,0.670513596191144,0.42252787947654724
matched_coord1.0,pca_ridge,9,IGLC2,0.5532321066308094,0.6046502422943608,1.1134968996047974
matched_coord1.0,pca_ridge,9,HLA-B,0.36158863919543394,0.39739102408241966,0.3723239302635193
matched_coord1.0,pca_ridge,9,IGKC,0.4523374252479722,0.5569603790761715,1.0098423957824707
matched_coord1.0,pca_ridge,9,MALAT1,0.5754856109274498,0.5516564791830412,0.47306835651397705
matched_coord1.0,pca_ridge,9,ALB,0.013153725847272249,0.030771421779273694,0.486411452293396
matched_coord1.0,pca_ridge,9,IGHG4,0.4294001703648353,0.5103448665826035,0.7061687111854553
matched_coord1.0,pca_ridge,9,TFF3,0.17820884300495612,0.11456536858711572,0.5006721019744873
matched_coord1.0,pca_ridge,9,CXCL14,0.17299954233805812,0.24376521412250626,0.5710146427154541
matched_coord1.0,pca_ridge,9,IGHG1,0.45625443083119516,0.5680318460172687,0.8636260032653809
matched_coord1.0,pca_ridge,9,SLITRK6,-0.07165560716032437,-0.013339084396759758,0.3155663013458252
matched_coord1.0,pca_ridge,9,APOE,0.8505684482938716,0.8564328163256074,0.2788507342338562
matched_coord1.0,pca_ridge,9,MT-ND2,0.46287564716283003,0.46970048232693057,0.4879695773124695
matched_coord1.0,pca_ridge,9,CALML5,0.42613070057816405,0.23639674075917017,0.8749769330024719
matched_coord1.0,pca_ridge,9,HLA-DRA,0.4520025166490958,0.460065252670327,0.47621363401412964
matched_coord1.0,pca_ridge,9,S100G,0.2529219981673124,0.2350310151748553,0.590312659740448
matched_coord1.0,pca_ridge,9,LINC00645,0.0015975819621377898,0.012698392008252879,0.40378066897392273
matched_coord1.0,pca_ridge,9,C3,0.7670104817587736,0.7943127265325047,0.48176664113998413
matched_coord1.0,pca_ridge,9,IGLC3,0.3635870919070528,0.33146210613115185,0.7941737174987793
matched_coord1.0,pca_ridge,9,IGLC1,0.25959560240899604,0.3122748364492892,0.6910570859909058
matched_coord1.0,pca_ridge,9,TIMP1,0.7489393831435335,0.7283249741307655,0.5799918174743652
matched_coord1.0,pca_ridge,9,APOC1,0.665039617542976,0.6599057964048831,0.36534616351127625
matched_coord1.0,pca_ridge,9,TFF1,0.4246720083854545,0.3764242215198104,0.7753426432609558
matched_coord1.0,pca_ridge,9,SCGB2A2,0.05352450437749197,-0.0423600862468369,0.6934773325920105
matched_coord1.0,pca_ridge,9,SCGB1D2,0.08562069565233234,0.059918676489111054,0.5566461682319641
matched_coord1.0,pca_ridge,9,SERPINA3,0.06884201910921763,0.03878406115882862,0.46733617782592773
matched_coord1.0,pca_ridge,9,LINC00052,0.0900390530866733,0.1589615630060813,0.27272069454193115
matched_coord1.0,pca_ridge,9,AGR2,0.1854058698894923,0.23549202435948907,0.4664791524410248
matched_coord1.0,pca_ridge,9,C6orf141,-0.07816948050287363,-0.012592315239299328,0.2896459400653839
matched_coord1.0,pca_ridge,9,LYZ,0.6070848426981263,0.5642094192286162,0.4672889709472656
matched_coord1.0,pca_ridge,9,CTSD,0.7962748419068637,0.8030093129244392,0.2560431957244873
matched_coord1.0,pca_ridge,9,HEBP1,0.15097621130554167,0.12901419940216047,0.5453923940658569
matched_coord1.0,pca_ridge,9,IGHM,0.11863317757061546,0.14081038936695925,0.806271493434906
matched_coord1.0,pca_ridge,9,HLA-DRB1,0.5364188668664623,0.5645373789235006,0.4951101243495941
matched_coord1.0,pca_ridge,9,C1QA,0.7715053999557974,0.7887939564944502,0.34009501338005066
matched_coord1.0,pca_ridge,9,IGHA1,0.11432382676737897,0.12131236553909922,0.8928998112678528
matched_coord1.0,pca_ridge,9,DEGS1,0.01392185579198842,0.00727536860019503,0.5593411326408386
matched_coord1.0,pca_ridge,9,AC087379.2,0.11179642376482989,0.15743175556227595,0.3870653808116913
matched_coord1.0,pca_ridge,9,AEBP1,0.6146403648082885,0.5936307245543567,0.5299728512763977
matched_coord1.0,pca_ridge,9,COL1A2,0.6386301375814772,0.6445029997003128,0.47386401891708374
matched_coord1.0,pca_ridge,9,GFRA1,0.20585335661894216,0.21963814678919272,0.4383677840232849
matched_coord1.0,pca_ridge,9,COL1A1,0.6195397672425125,0.595738785757502,0.5074350237846375
matched_coord1.0,pca_ridge,9,HLA-E,0.5984390507492593,0.5670932027525997,0.4271697700023651
matched_coord1.0,pca_ridge,9,CFB,0.2239437153019417,0.13909449197346918,0.4347761273384094
matched_coord1.0,pca_ridge,9,CCL19,0.4959600288796344,0.5219400256589475,0.8083401918411255
matched_coord1.0,pca_ridge,9,SNCG,0.14215696045077691,0.1507427156193632,0.8285991549491882
matched_coord1.0,pca_ridge,9,IGHG2,0.28396269121668716,0.2665435130831366,0.562770664691925
matched_coord1.0,spatial_knn,9,CRISP3,-0.010675978529780718,0.021628114798401793,0.380059638144038
matched_coord1.0,spatial_knn,9,CPB1,0.5029978177769585,0.4312047995205003,0.5425424462959791
matched_coord1.0,spatial_knn,9,IGHG3,-0.25832868890308897,-0.23269871247547372,0.7693108463180143
matched_coord1.0,spatial_knn,9,CD74,0.03360304628008672,-0.08372584831298664,0.8191798586775196
matched_coord1.0,spatial_knn,9,IGLC2,0.16231761831095923,0.24124828245245997,0.7601541707727308
matched_coord1.0,spatial_knn,9,HLA-B,-0.07208026030792831,-0.06551843076940475,0.43974451132394293
matched_coord1.0,spatial_knn,9,IGKC,-0.37027208252447114,-0.31670163018586267,0.8765492243589382
matched_coord1.0,spatial_knn,9,MALAT1,0.26780082500138597,0.26867249831779294,0.6310763469173887
matched_coord1.0,spatial_knn,9,ALB,0.15988133523537817,0.20562501057804072,0.7226041032949405
matched_coord1.0,spatial_knn,9,IGHG4,0.12397080498211249,0.10567652996024904,0.5834187193349049
matched_coord1.0,spatial_knn,9,TFF3,-0.08083386527355982,-0.09480862420907994,0.558164513409541
matched_coord1.0,spatial_knn,9,CXCL14,0.01480346800548415,0.04913754838145626,0.510614119039113
matched_coord1.0,spatial_knn,9,IGHG1,0.3190475764356073,0.3744790812604961,0.6250694419047268
matched_coord1.0,spatial_knn,9,SLITRK6,-0.01729488652431147,-0.004027775609036622,0.2529695104346771
matched_coord1.0,spatial_knn,9,APOE,0.46431020904685805,0.29688834103284684,0.78200233736482
matched_coord1.0,spatial_knn,9,MT-ND2,-0.08733694441981045,-0.04929008035012525,0.7297483422611979
matched_coord1.0,spatial_knn,9,CALML5,0.5921020765788506,0.37684265285466295,0.5121166666521024
matched_coord1.0,spatial_knn,9,HLA-DRA,-0.17968483394913917,-0.14263419488722143,0.7640089212399623
matched_coord1.0,spatial_knn,9,S100G,-0.05963551623527323,-0.07009935029767067,1.0054007386361095
matched_coord1.0,spatial_knn,9,LINC00645,-0.06076854834929607,-0.061155043514711765,0.5338229668462304
matched_coord1.0,spatial_knn,9,C3,0.1395792095771543,0.19614816992835776,1.0241585506547288
matched_coord1.0,spatial_knn,9,IGLC3,-0.11501827179529732,-0.07360832557787861,0.5514656062311398
matched_coord1.0,spatial_knn,9,IGLC1,0.23521120725204003,0.27982173642672176,0.526282699314899
matched_coord1.0,spatial_knn,9,TIMP1,-0.11198497741079154,-0.09371165557446665,1.2573340665133157
matched_coord1.0,spatial_knn,9,APOC1,0.2625996159182699,0.18558560596208107,0.5582895331353868
matched_coord1.0,spatial_knn,9,TFF1,-0.2475458122666874,-0.34663643406031064,0.6851475484766923
matched_coord1.0,spatial_knn,9,SCGB2A2,-0.2948050238718136,-0.4204059020185676,1.4449233507197632
matched_coord1.0,spatial_knn,9,SCGB1D2,-0.22935673668641146,-0.30058872808614834,1.4479728750380378
matched_coord1.0,spatial_knn,9,SERPINA3,-0.1343607426289562,-0.14048549343797886,0.4278715942526954
matched_coord1.0,spatial_knn,9,LINC00052,0.08110152409432037,0.1774940874681807,0.7030438939659628
matched_coord1.0,spatial_knn,9,AGR2,-0.31466309106676715,-0.1853820447721528,0.5313729823185992
matched_coord1.0,spatial_knn,9,C6orf141,0.031466721560878014,0.033454302540397676,0.2562628391302458
matched_coord1.0,spatial_knn,9,LYZ,-0.16165538720177594,-0.1518057573889885,0.8312915366854202
matched_coord1.0,spatial_knn,9,CTSD,0.3999131113205752,0.2826729846028577,0.6120039056395338
matched_coord1.0,spatial_knn,9,HEBP1,0.17970634254021978,0.04740416539944384,1.138548966421562
matched_coord1.0,spatial_knn,9,IGHM,-0.4013099394653316,-0.2652590679636516,0.5939251103121089
matched_coord1.0,spatial_knn,9,HLA-DRB1,-0.3298939677499485,-0.29620980373308603,0.8758294686905107
matched_coord1.0,spatial_knn,9,C1QA,0.3619164067861088,0.3014797767612284,0.8850198257811904
matched_coord1.0,spatial_knn,9,IGHA1,-0.12516886798708485,-0.14792384142718015,0.48535145689547615
matched_coord1.0,spatial_knn,9,DEGS1,-0.18335885494548998,-0.14002112128515432,0.49994761452287695
matched_coord1.0,spatial_knn,9,AC087379.2,0.12711553170094844,0.08708975233663453,0.4759960803320543
matched_coord1.0,spatial_knn,9,AEBP1,0.38871425123934883,0.32360375237439665,0.5205423104910402
matched_coord1.0,spatial_knn,9,COL1A2,0.1492813461799282,0.16401942878468315,0.5493054937045143
matched_coord1.0,spatial_knn,9,GFRA1,-0.3614096056052389,-0.3604454626068716,0.4994878798735123
matched_coord1.0,spatial_knn,9,COL1A1,-0.04309459781447016,-0.04680211025100226,0.6150433634720681
matched_coord1.0,spatial_knn,9,HLA-E,0.2932627944303434,0.3071681811242232,0.72875512342707
matched_coord1.0,spatial_knn,9,CFB,0.13549064747335765,0.0713764694573398,0.43578982805664707
matched_coord1.0,spatial_knn,9,CCL19,0.3927712429881734,0.3849442711264108,1.0604749824790722
matched_coord1.0,spatial_knn,9,SNCG,0.057083200512021266,0.03614907464475745,0.5238702923399123
matched_coord1.0,spatial_knn,9,IGHG2,-0.09025921331751713,-0.1941541716748733,0.5326586097110481
