split,model,seed,gene,pearson,spearman,rmse
random,mean,0,ENSG00000107317,,,0.776859700679779
random,mean,0,ENSG00000019582,0.0,,1.268693447113037
random,mean,0,ENSG00000172724,,,0.7672237753868103
random,mean,0,ENSG00000168542,,,1.1843183040618896
random,mean,0,ENSG00000145824,,,0.5334126353263855
random,mean,0,ENSG00000196616,0.0,,0.28842025995254517
random,mean,0,ENSG00000160180,0.0,,0.26925361156463623
random,mean,0,ENSG00000133110,,,1.1318180561065674
random,mean,0,ENSG00000240583,0.0,,1.2092640399932861
random,mean,0,ENSG00000187608,,,0.9358557462692261
random,mean,0,ENSG00000181617,,,0.4874130189418793
random,mean,0,ENSG00000197766,,,0.6651737689971924
random,mean,0,ENSG00000170323,,,0.20210832357406616
random,mean,0,ENSG00000148671,,,0.4821077585220337
random,mean,0,ENSG00000137077,,,1.0655168294906616
random,mean,0,ENSG00000167286,,,0.43385228514671326
random,mean,0,ENSG00000184113,0.0,,0.6353859901428223
random,mean,0,ENSG00000119922,,,0.3300962746143341
random,mean,0,ENSG00000105894,,,1.2571736574172974
random,mean,0,ENSG00000160307,,,1.5248875617980957
random,mean,0,ENSG00000163017,0.0,,0.3705916702747345
random,mean,0,ENSG00000170345,0.0,,0.7769714593887329
random,mean,0,ENSG00000049540,0.0,,0.4548986256122589
random,mean,0,ENSG00000099250,,,0.5233283042907715
random,mean,0,ENSG00000110079,,,0.33853980898857117
random,mean,0,ENSG00000163431,,,0.27899888157844543
random,mean,0,ENSG00000188536,,,0.24951249361038208
random,mean,0,ENSG00000167641,,,0.28256088495254517
random,mean,0,ENSG00000184564,0.0,,0.1304401159286499
random,mean,0,ENSG00000148700,,,0.5729398131370544
random,mean,0,ENSG00000261857,0.0,,1.277490258216858
random,mean,0,ENSG00000012223,,,0.13692651689052582
random,mean,0,ENSG00000077984,0.0,,0.3492183983325958
random,mean,0,ENSG00000232810,,,0.11359784007072449
random,mean,0,ENSG00000162614,,,0.26869022846221924
random,mean,0,ENSG00000244734,0.0,,0.05878664553165436
random,mean,0,ENSG00000185404,0.0,,0.39236944913864136
random,mean,0,ENSG00000129757,,,0.3522847592830658
random,mean,0,ENSG00000150093,0.0,,0.45286786556243896
random,mean,0,ENSG00000013297,,,0.16881127655506134
random,mean,0,ENSG00000113739,0.0,,0.08747662603855133
random,mean,0,ENSG00000174607,,,0.011735104955732822
random,mean,0,ENSG00000110693,,,0.33323046565055847
random,mean,0,ENSG00000131435,,,0.5901066064834595
random,mean,0,ENSG00000108387,,,0.3393923342227936
random,mean,0,ENSG00000196664,,,0.1848752796649933
random,mean,0,ENSG00000164330,,,0.25645941495895386
random,mean,0,ENSG00000094963,,,0.16358336806297302
random,mean,0,ENSG00000189056,,,0.2110382616519928
random,mean,0,ENSG00000151532,,,0.24488738179206848
random,pca_ridge,0,ENSG00000107317,0.5532380159445166,0.4275664970991404,0.6485558152198792
random,pca_ridge,0,ENSG00000019582,0.7609858767220188,0.7829214790897937,0.8208462595939636
random,pca_ridge,0,ENSG00000172724,0.549129456251779,0.47204680495093915,0.6412493586540222
random,pca_ridge,0,ENSG00000168542,0.6264411330821383,0.5904542922144332,0.9290111064910889
random,pca_ridge,0,ENSG00000145824,0.41401354524580425,0.3861956686324714,0.48635733127593994
random,pca_ridge,0,ENSG00000196616,0.2922304561305825,0.22247337832654523,0.2775971293449402
random,pca_ridge,0,ENSG00000160180,0.15014455730434195,0.1931828300664391,0.2667260766029358
random,pca_ridge,0,ENSG00000133110,0.6918135518512736,0.6811610588292487,0.823178768157959
random,pca_ridge,0,ENSG00000240583,0.8127872146990167,0.7264191648010697,0.7023037672042847
random,pca_ridge,0,ENSG00000187608,0.5676633000458592,0.43405019742887957,0.7750147581100464
random,pca_ridge,0,ENSG00000181617,0.6048851405525183,0.4374149687613317,0.39090612530708313
random,pca_ridge,0,ENSG00000197766,0.2909727931561081,0.2550410987973514,0.6434664130210876
random,pca_ridge,0,ENSG00000170323,0.2165240947079623,0.13792465796944176,0.1973247081041336
random,pca_ridge,0,ENSG00000148671,0.33804017895771693,0.22054881644544316,0.4543777108192444
random,pca_ridge,0,ENSG00000137077,0.6605221842385066,0.5096070025114392,0.8001862168312073
random,pca_ridge,0,ENSG00000167286,0.40774273639571273,0.3527202808013125,0.3961299657821655
random,pca_ridge,0,ENSG00000184113,0.45154158231425445,0.4496690039480239,0.5714874267578125
random,pca_ridge,0,ENSG00000119922,0.271446490150666,0.2447105467694328,0.3195308744907379
random,pca_ridge,0,ENSG00000105894,0.9314439072731256,0.7374862908921088,0.45718440413475037
random,pca_ridge,0,ENSG00000160307,0.8558055322920322,0.8699431189765272,0.7889551520347595
random,pca_ridge,0,ENSG00000163017,0.37869549069923486,0.29059479882429556,0.34812667965888977
random,pca_ridge,0,ENSG00000170345,0.2781056404955194,0.2506583486229387,0.749485969543457
random,pca_ridge,0,ENSG00000049540,0.25074462708156536,0.26079038838739393,0.4421568512916565
random,pca_ridge,0,ENSG00000099250,0.15198276384531764,0.12723142020298714,0.5183022022247314
random,pca_ridge,0,ENSG00000110079,0.2856216376915579,0.26602183108792565,0.3248317539691925
random,pca_ridge,0,ENSG00000163431,0.17842427266145458,0.19724004398900216,0.2759278118610382
random,pca_ridge,0,ENSG00000188536,0.136189426958039,0.08106370223386028,0.2494673877954483
random,pca_ridge,0,ENSG00000167641,0.18477174247949618,0.19006542771616078,0.2780155837535858
random,pca_ridge,0,ENSG00000184564,0.2425314956894276,0.20258128959715743,0.13605603575706482
random,pca_ridge,0,ENSG00000148700,0.10564267263164279,0.11599262272534312,0.574078381061554
random,pca_ridge,0,ENSG00000261857,0.810839458701545,0.8212443313432748,0.7500534057617188
random,pca_ridge,0,ENSG00000012223,0.07470866666006752,0.08776531838681198,0.137231707572937
random,pca_ridge,0,ENSG00000077984,0.20580668669383556,0.20945122292825094,0.3420574963092804
random,pca_ridge,0,ENSG00000232810,0.19386586086210564,0.18276265660824031,0.1120784729719162
random,pca_ridge,0,ENSG00000162614,0.1351255430486521,0.06244079516942956,0.2672620415687561
random,pca_ridge,0,ENSG00000244734,-0.08158712507040843,-0.08672838784648024,0.06985246390104294
random,pca_ridge,0,ENSG00000185404,0.18127240356207885,0.17386367922288234,0.38599392771720886
random,pca_ridge,0,ENSG00000129757,0.06594941506717808,0.07580549275742213,0.35636985301971436
random,pca_ridge,0,ENSG00000150093,0.2319987351681566,0.21754522669414902,0.44063684344291687
random,pca_ridge,0,ENSG00000013297,0.15570978171934724,0.03859555931942502,0.16682052612304688
random,pca_ridge,0,ENSG00000113739,0.07437845480391937,0.0666115774909903,0.08945801854133606
random,pca_ridge,0,ENSG00000174607,,,0.02404407411813736
random,pca_ridge,0,ENSG00000110693,0.22779539431628767,0.18164441799565093,0.32606926560401917
random,pca_ridge,0,ENSG00000131435,0.6436818516535845,0.570868914834055,0.4537707567214966
random,pca_ridge,0,ENSG00000108387,0.11878280465768154,0.1576093414134207,0.3370659649372101
random,pca_ridge,0,ENSG00000196664,0.0887238488728473,0.11946145414967577,0.18573112785816193
random,pca_ridge,0,ENSG00000164330,0.13308145888957196,0.11990930476524932,0.25518736243247986
random,pca_ridge,0,ENSG00000094963,0.05556771825669997,0.06365143278881001,0.16563424468040466
random,pca_ridge,0,ENSG00000189056,0.2008860440533698,0.12627334564760986,0.20723724365234375
random,pca_ridge,0,ENSG00000151532,-0.0231069226308394,-0.021480786184218073,0.2525753080844879
random,spatial_knn,0,ENSG00000107317,-0.12296108395048151,-0.09983946408031674,0.8603315587892919
random,spatial_knn,0,ENSG00000019582,-0.03839784913287634,-0.039939516699208026,1.355591261626285
random,spatial_knn,0,ENSG00000172724,-0.05626397205851265,-0.06978588845186266,0.8295688166946099
random,spatial_knn,0,ENSG00000168542,0.0012401006998261524,-0.02738520493539383,1.241639826820638
random,spatial_knn,0,ENSG00000145824,-0.07675155769763274,-0.009217540018499065,0.5833924513919259
random,spatial_knn,0,ENSG00000196616,-0.03861969026950007,0.006680584646346415,0.33558427423058385
random,spatial_knn,0,ENSG00000160180,-0.024778289213648948,0.04296750171161589,0.2809295467529237
random,spatial_knn,0,ENSG00000133110,-0.10971960760579684,-0.11458345284683676,1.2174232419545468
random,spatial_knn,0,ENSG00000240583,-0.11694069464697522,-0.13559840200486473,1.3029167031171398
random,spatial_knn,0,ENSG00000187608,-0.043229697147820934,-0.053438130649875314,1.0092193881479585
random,spatial_knn,0,ENSG00000181617,-0.014136413908932173,0.031125960694753946,0.5143543014139541
random,spatial_knn,0,ENSG00000197766,-0.13434335540539719,-0.11339056119543288,0.7703906119382814
random,spatial_knn,0,ENSG00000170323,-0.016244183874290292,0.03241280362342398,0.2171295283730852
random,spatial_knn,0,ENSG00000148671,-0.115785719744425,-0.10601438805161553,0.5226184248977971
random,spatial_knn,0,ENSG00000137077,-0.06172317503033395,-0.08106453329591727,1.1829311887545788
random,spatial_knn,0,ENSG00000167286,0.04769698411948834,0.057852945915812,0.4602857511064452
random,spatial_knn,0,ENSG00000184113,-0.004805063622825503,0.019148688726363515,0.6670718800956796
random,spatial_knn,0,ENSG00000119922,-0.09251153055130278,-0.06492618655648559,0.35912977272801255
random,spatial_knn,0,ENSG00000105894,-0.23913891940058205,-0.292626604918314,1.390916345829749
random,spatial_knn,0,ENSG00000160307,-0.15469993671834073,-0.16216472800364365,1.682261030708468
random,spatial_knn,0,ENSG00000163017,-0.03316725625246355,-0.000397376251483476,0.39408490937641305
random,spatial_knn,0,ENSG00000170345,0.18110764843884627,0.1686691721188484,0.7770942100951516
random,spatial_knn,0,ENSG00000049540,0.06027811129972637,0.11276219020167202,0.46786347354491864
random,spatial_knn,0,ENSG00000099250,-0.019382075004224633,-0.027224259207183212,0.5437219271403626
random,spatial_knn,0,ENSG00000110079,-0.0225970765063607,-0.005608109760184073,0.36254171230975635
random,spatial_knn,0,ENSG00000163431,-0.0598572094446554,-0.04110708368984598,0.30451495397018996
random,spatial_knn,0,ENSG00000188536,-0.05015891741300134,-0.06996233949095423,0.2867183998839478
random,spatial_knn,0,ENSG00000167641,-0.018624209143371647,0.08945119809393788,0.3006606814538572
random,spatial_knn,0,ENSG00000184564,0.024031773521657977,0.04144615721030498,0.16160530808124793
random,spatial_knn,0,ENSG00000148700,0.027937044066202944,0.07308049856355324,0.5886256876717605
random,spatial_knn,0,ENSG00000261857,-0.010839548798068291,-0.02705275662573385,1.3615556566277116
random,spatial_knn,0,ENSG00000012223,-0.036145626258990406,-0.044986925744217844,0.14132153225115213
random,spatial_knn,0,ENSG00000077984,-0.04722161234767087,-0.012384402910392398,0.3788802676979931
random,spatial_knn,0,ENSG00000232810,-0.046256231608416964,-0.003584660062216327,0.12707103150942456
random,spatial_knn,0,ENSG00000162614,-0.04464723794841425,-0.011759198141375273,0.2902387068771277
random,spatial_knn,0,ENSG00000244734,-0.029747528049731763,-0.04721817647431668,0.11867934904963466
random,spatial_knn,0,ENSG00000185404,0.06582639514398747,0.053875488609467385,0.40085085154468725
random,spatial_knn,0,ENSG00000129757,-0.0717189463907301,-0.09004960711392558,0.38545598264225883
random,spatial_knn,0,ENSG00000150093,0.0267270252460005,0.05478162800961818,0.483496169551432
random,spatial_knn,0,ENSG00000013297,-0.03884099128441203,-0.058375775751917824,0.1765610649613455
random,spatial_knn,0,ENSG00000113739,-0.03850270814904469,-0.018830372315610872,0.10014591004072147
random,spatial_knn,0,ENSG00000174607,,,0.02959413987502172
random,spatial_knn,0,ENSG00000110693,0.0011319517558748763,-0.032832548034533726,0.35382625594735406
random,spatial_knn,0,ENSG00000131435,-0.09175228385560591,-0.10240130705238372,0.6297373040253412
random,spatial_knn,0,ENSG00000108387,-0.09553970119202716,-0.1250220556691851,0.35639926639472075
random,spatial_knn,0,ENSG00000196664,0.012188732332907118,0.0033218430951373664,0.1939658808211726
random,spatial_knn,0,ENSG00000164330,0.006688126948073193,-0.07040672523067046,0.27271761948039563
random,spatial_knn,0,ENSG00000094963,-0.0466840189757424,-0.06841391097885308,0.17493577313903735
random,spatial_knn,0,ENSG00000189056,-0.03396229306347144,-0.04630469612829306,0.21802353268379243
random,spatial_knn,0,ENSG00000151532,0.10128893160153198,0.06153541721151548,0.2502995759682916
matched_hop0,mean,0,ENSG00000107317,0.0,,0.7379381060600281
matched_hop0,mean,0,ENSG00000019582,,,1.2191144227981567
matched_hop0,mean,0,ENSG00000172724,,,0.7884659767150879
matched_hop0,mean,0,ENSG00000168542,,,1.1734068393707275
matched_hop0,mean,0,ENSG00000145824,0.0,,0.5903656482696533
matched_hop0,mean,0,ENSG00000196616,0.0,,0.48188114166259766
matched_hop0,mean,0,ENSG00000160180,,,0.3114936649799347
matched_hop0,mean,0,ENSG00000133110,,,1.0660889148712158
matched_hop0,mean,0,ENSG00000240583,,,1.203395962715149
matched_hop0,mean,0,ENSG00000187608,,,0.9938417077064514
matched_hop0,mean,0,ENSG00000181617,0.0,,0.3813331127166748
matched_hop0,mean,0,ENSG00000197766,,,0.8650689125061035
matched_hop0,mean,0,ENSG00000170323,,,0.2448047697544098
matched_hop0,mean,0,ENSG00000148671,,,0.47147136926651
matched_hop0,mean,0,ENSG00000137077,,,1.1699520349502563
matched_hop0,mean,0,ENSG00000167286,,,0.4559435248374939
matched_hop0,mean,0,ENSG00000184113,0.0,,0.6265387535095215
matched_hop0,mean,0,ENSG00000119922,,,0.36152198910713196
matched_hop0,mean,0,ENSG00000105894,0.0,,1.1834194660186768
matched_hop0,mean,0,ENSG00000160307,,,1.5392009019851685
matched_hop0,mean,0,ENSG00000163017,,,0.29966041445732117
matched_hop0,mean,0,ENSG00000170345,,,0.8508083820343018
matched_hop0,mean,0,ENSG00000049540,,,0.43047282099723816
matched_hop0,mean,0,ENSG00000099250,,,0.49312731623649597
matched_hop0,mean,0,ENSG00000110079,,,0.35725927352905273
matched_hop0,mean,0,ENSG00000163431,,,0.3372972905635834
matched_hop0,mean,0,ENSG00000188536,0.0,,0.3852713108062744
matched_hop0,mean,0,ENSG00000167641,0.0,,0.19888608157634735
matched_hop0,mean,0,ENSG00000184564,0.0,,0.19921515882015228
matched_hop0,mean,0,ENSG00000148700,,,0.480540007352829
matched_hop0,mean,0,ENSG00000261857,,,1.2869539260864258
matched_hop0,mean,0,ENSG00000012223,0.0,,0.03675651550292969
matched_hop0,mean,0,ENSG00000077984,,,0.3838587999343872
matched_hop0,mean,0,ENSG00000232810,,,0.15088076889514923
matched_hop0,mean,0,ENSG00000162614,,,0.3195631504058838
matched_hop0,mean,0,ENSG00000244734,,,0.2658836841583252
matched_hop0,mean,0,ENSG00000185404,,,0.3546924591064453
matched_hop0,mean,0,ENSG00000129757,0.0,,0.4681757390499115
matched_hop0,mean,0,ENSG00000150093,,,0.4756264090538025
matched_hop0,mean,0,ENSG00000013297,,,0.08868325501680374
matched_hop0,mean,0,ENSG00000113739,0.0,,0.19144725799560547
matched_hop0,mean,0,ENSG00000174607,,,0.1266133338212967
matched_hop0,mean,0,ENSG00000110693,,,0.336662620306015
matched_hop0,mean,0,ENSG00000131435,0.0,,0.5636144280433655
matched_hop0,mean,0,ENSG00000108387,,,0.27384060621261597
matched_hop0,mean,0,ENSG00000196664,,,0.17866232991218567
matched_hop0,mean,0,ENSG00000164330,,,0.33714795112609863
matched_hop0,mean,0,ENSG00000094963,0.0,,0.21692371368408203
matched_hop0,mean,0,ENSG00000189056,,,0.18956038355827332
matched_hop0,mean,0,ENSG00000151532,,,0.3214890658855438
matched_hop0,pca_ridge,0,ENSG00000107317,0.503298765015937,0.363023557490476,0.6404974460601807
matched_hop0,pca_ridge,0,ENSG00000019582,0.7326426704343844,0.7551747358510373,0.8271797299385071
matched_hop0,pca_ridge,0,ENSG00000172724,0.5918896000954141,0.461410249106344,0.6345418691635132
matched_hop0,pca_ridge,0,ENSG00000168542,0.5380773717076852,0.5077518114569146,0.9887622594833374
matched_hop0,pca_ridge,0,ENSG00000145824,0.48681270826601253,0.40634685566314654,0.5209404230117798
matched_hop0,pca_ridge,0,ENSG00000196616,0.4068841604871637,0.34406105856099417,0.45636218786239624
matched_hop0,pca_ridge,0,ENSG00000160180,0.15063139769726017,0.1841516961427831,0.30880001187324524
matched_hop0,pca_ridge,0,ENSG00000133110,0.6546473540852774,0.6571346312984301,0.8097578287124634
matched_hop0,pca_ridge,0,ENSG00000240583,0.8337736030978663,0.6926035038026602,0.6665471196174622
matched_hop0,pca_ridge,0,ENSG00000187608,0.6694912075276207,0.572968057350059,0.7410138845443726
matched_hop0,pca_ridge,0,ENSG00000181617,0.31758839081610796,0.27569455916035945,0.3856213390827179
matched_hop0,pca_ridge,0,ENSG00000197766,0.3524567101657401,0.3676821884870992,0.8178644776344299
matched_hop0,pca_ridge,0,ENSG00000170323,0.1397177819033203,0.13437368837084496,0.24258075654506683
matched_hop0,pca_ridge,0,ENSG00000148671,0.37092025006741286,0.28317052370713525,0.43877309560775757
matched_hop0,pca_ridge,0,ENSG00000137077,0.6810827992596935,0.5509895275619597,0.8699067831039429
matched_hop0,pca_ridge,0,ENSG00000167286,0.36879262321899897,0.2886622977241986,0.42515698075294495
matched_hop0,pca_ridge,0,ENSG00000184113,0.388072528544967,0.38065431619408624,0.5770003199577332
matched_hop0,pca_ridge,0,ENSG00000119922,0.18321124122965932,0.1733715814095672,0.3591865003108978
matched_hop0,pca_ridge,0,ENSG00000105894,0.9190356491178936,0.6932776345827443,0.46635404229164124
matched_hop0,pca_ridge,0,ENSG00000160307,0.8587296382341356,0.8605865783599279,0.788898766040802
matched_hop0,pca_ridge,0,ENSG00000163017,0.15886727990070632,0.11080285199868795,0.29913848638534546
matched_hop0,pca_ridge,0,ENSG00000170345,0.31998440876377404,0.296543126925575,0.8099470138549805
matched_hop0,pca_ridge,0,ENSG00000049540,0.2923144174471901,0.29068127289294926,0.41203072667121887
matched_hop0,pca_ridge,0,ENSG00000099250,0.2087028817504321,0.20428595181495315,0.48257386684417725
matched_hop0,pca_ridge,0,ENSG00000110079,0.17542632578865527,0.17713917369310153,0.35212987661361694
matched_hop0,pca_ridge,0,ENSG00000163431,0.1744326252283663,0.15606270691535326,0.3329409658908844
matched_hop0,pca_ridge,0,ENSG00000188536,0.07863180983564541,0.1061233640997577,0.3860662579536438
matched_hop0,pca_ridge,0,ENSG00000167641,0.12790214749380488,0.14283778678712278,0.19848208129405975
matched_hop0,pca_ridge,0,ENSG00000184564,0.3102549559910382,0.23750738143809777,0.1893814504146576
matched_hop0,pca_ridge,0,ENSG00000148700,0.2380427812921608,0.22679122197656632,0.46683236956596375
matched_hop0,pca_ridge,0,ENSG00000261857,0.7970668557157601,0.8093042801835431,0.7805470824241638
matched_hop0,pca_ridge,0,ENSG00000012223,0.0927968000942506,0.06899073622623111,0.041847649961709976
matched_hop0,pca_ridge,0,ENSG00000077984,0.14018986150273405,0.16023358853381914,0.38128894567489624
matched_hop0,pca_ridge,0,ENSG00000232810,0.05397515116220242,0.06391384513562808,0.1533372849225998
matched_hop0,pca_ridge,0,ENSG00000162614,0.08586722685175562,0.08874411775126395,0.3196347653865814
matched_hop0,pca_ridge,0,ENSG00000244734,-0.021050105217375874,0.046915097017752094,0.2693046033382416
matched_hop0,pca_ridge,0,ENSG00000185404,0.10904820675157094,0.10384831276608268,0.35466769337654114
matched_hop0,pca_ridge,0,ENSG00000129757,0.07679840690968182,0.06310020819461416,0.46927914023399353
matched_hop0,pca_ridge,0,ENSG00000150093,0.13773147632120378,0.13844381888023938,0.47306719422340393
matched_hop0,pca_ridge,0,ENSG00000013297,0.03190619944770494,-0.003355044849093024,0.0920565128326416
matched_hop0,pca_ridge,0,ENSG00000113739,0.03285846435072721,0.02069600054900683,0.19218656420707703
matched_hop0,pca_ridge,0,ENSG00000174607,0.02699468908327831,0.01690913082992085,0.12795136868953705
matched_hop0,pca_ridge,0,ENSG00000110693,0.22801146567030314,0.17686320304006578,0.3300473093986511
matched_hop0,pca_ridge,0,ENSG00000131435,0.6050635848560767,0.5127922302976452,0.4491274654865265
matched_hop0,pca_ridge,0,ENSG00000108387,0.03648193571800531,0.07087485315012075,0.2759852111339569
matched_hop0,pca_ridge,0,ENSG00000196664,0.025172190770420728,0.028811933042331758,0.1835182011127472
matched_hop0,pca_ridge,0,ENSG00000164330,0.17470547221508703,0.13788648497720243,0.33221492171287537
matched_hop0,pca_ridge,0,ENSG00000094963,0.00824019277365079,0.01424699964745915,0.22021418809890747
matched_hop0,pca_ridge,0,ENSG00000189056,0.0432623417267617,0.04403963158291458,0.19080279767513275
matched_hop0,pca_ridge,0,ENSG00000151532,0.11799264858963686,0.07039819540180639,0.31938400864601135
matched_hop0,spatial_knn,0,ENSG00000107317,0.013032953592662875,-0.016478339529884686,0.7739921730621753
matched_hop0,spatial_knn,0,ENSG00000019582,0.13354148761109733,0.12597472601707932,1.2264726752834432
matched_hop0,spatial_knn,0,ENSG00000172724,0.06679517258162924,0.03531582019306414,0.812041325195481
matched_hop0,spatial_knn,0,ENSG00000168542,0.12897172403255522,0.10349547317841527,1.1779232140090694
matched_hop0,spatial_knn,0,ENSG00000145824,0.046501584829605064,0.05033244420878449,0.6063863347388535
matched_hop0,spatial_knn,0,ENSG00000196616,0.06348070738886295,0.015223630958895522,0.4806424964268774
matched_hop0,spatial_knn,0,ENSG00000160180,-0.009124292665186658,0.007732966659628952,0.3159559801473754
matched_hop0,spatial_knn,0,ENSG00000133110,-0.027621327098602527,-0.021360752060771003,1.1366065385519026
matched_hop0,spatial_knn,0,ENSG00000240583,0.00504830112982499,-0.003510842576953432,1.230786540495813
matched_hop0,spatial_knn,0,ENSG00000187608,-0.0023339093872631186,0.027282311386514903,1.0136799672335524
matched_hop0,spatial_knn,0,ENSG00000181617,0.01900105523872208,0.010643082551814299,0.394992056353948
matched_hop0,spatial_knn,0,ENSG00000197766,0.051393804296740536,0.060790360373720216,0.8742755383919574
matched_hop0,spatial_knn,0,ENSG00000170323,0.17573409601013587,0.07712344181164156,0.2412572257752247
matched_hop0,spatial_knn,0,ENSG00000148671,0.003891053930320921,0.006279163063946593,0.4902985443008642
matched_hop0,spatial_knn,0,ENSG00000137077,0.20932908537004047,0.154581379107118,1.1483501621173198
matched_hop0,spatial_knn,0,ENSG00000167286,0.1386125719372039,0.09466950886950552,0.4568958147703308
matched_hop0,spatial_knn,0,ENSG00000184113,-0.04317013210190238,-0.05580271127648862,0.6562931768148952
matched_hop0,spatial_knn,0,ENSG00000119922,0.00266978934160418,0.005233832654416203,0.3857470476802255
matched_hop0,spatial_knn,0,ENSG00000105894,0.042145703824900654,0.04101476948536807,1.2149500526062587
matched_hop0,spatial_knn,0,ENSG00000160307,0.030646987337169862,0.019373756436354576,1.61511246780521
matched_hop0,spatial_knn,0,ENSG00000163017,0.03788661987536981,0.018197076509787233,0.3066770029491533
matched_hop0,spatial_knn,0,ENSG00000170345,0.05648814259624193,0.04170248847665925,0.8689734435247026
matched_hop0,spatial_knn,0,ENSG00000049540,0.036788078328265805,0.005899706922266643,0.4524142890815998
matched_hop0,spatial_knn,0,ENSG00000099250,-0.02375611947489161,-0.054043251427285326,0.5105470712034991
matched_hop0,spatial_knn,0,ENSG00000110079,0.033709971183339224,0.029585533024084416,0.36152995401705157
matched_hop0,spatial_knn,0,ENSG00000163431,0.04862419856751122,0.059403563001856244,0.3410399917986916
matched_hop0,spatial_knn,0,ENSG00000188536,0.11993876140438223,0.030924480403079362,0.4150748367181557
matched_hop0,spatial_knn,0,ENSG00000167641,0.021482618551601333,0.04375837912062745,0.20195896771907246
matched_hop0,spatial_knn,0,ENSG00000184564,0.01732300438689252,0.01566400600614166,0.20866742726708082
matched_hop0,spatial_knn,0,ENSG00000148700,0.04500334244576665,0.027389441779337383,0.48488783041306843
matched_hop0,spatial_knn,0,ENSG00000261857,0.05958392197227672,0.050880174504976144,1.3698806360274238
matched_hop0,spatial_knn,0,ENSG00000012223,0.0,,0.0345066561719873
matched_hop0,spatial_knn,0,ENSG00000077984,0.11037999030558786,0.09986451923860999,0.3833981498274397
matched_hop0,spatial_knn,0,ENSG00000232810,0.01262637311971861,0.005470871746695353,0.15268717462026102
matched_hop0,spatial_knn,0,ENSG00000162614,0.03655189793862813,0.01775125304354504,0.32296351446528054
matched_hop0,spatial_knn,0,ENSG00000244734,0.028158557676257124,0.010177541409178842,0.2676945961962761
matched_hop0,spatial_knn,0,ENSG00000185404,-0.00551642165762942,-0.01917310293083146,0.36069575948242244
matched_hop0,spatial_knn,0,ENSG00000129757,-0.03475064594599631,-0.028533396513952917,0.48388817953199775
matched_hop0,spatial_knn,0,ENSG00000150093,0.07664179387783358,0.06040585892280544,0.4829172404106993
matched_hop0,spatial_knn,0,ENSG00000013297,-0.0346665731079488,-0.020917387138639477,0.09666050718974331
matched_hop0,spatial_knn,0,ENSG00000113739,-0.01634165581332526,0.0009127300719297084,0.19647178654598904
matched_hop0,spatial_knn,0,ENSG00000174607,0.005532767107230323,0.06310456522992812,0.14764412340542007
matched_hop0,spatial_knn,0,ENSG00000110693,0.012188177068440605,0.055949691671104945,0.3596403454860404
matched_hop0,spatial_knn,0,ENSG00000131435,0.022684361789129887,0.03730204259466835,0.5770391186897947
matched_hop0,spatial_knn,0,ENSG00000108387,0.033380738993867586,-0.010317228028121227,0.2777130946632453
matched_hop0,spatial_knn,0,ENSG00000196664,0.010223373112242157,-0.018989210817749645,0.19178923445895255
matched_hop0,spatial_knn,0,ENSG00000164330,-0.05817776059440192,-0.07407412677608674,0.36067729108572244
matched_hop0,spatial_knn,0,ENSG00000094963,-0.04628952442498647,-0.02420468623295631,0.2296100061032349
matched_hop0,spatial_knn,0,ENSG00000189056,0.0,,0.19047071370558358
matched_hop0,spatial_knn,0,ENSG00000151532,-0.01021851001267846,0.00971877710180287,0.32761256049541204
patient_mel1_,mean,0,ENSG00000107317,0.0,,1.2167611122131348
patient_mel1_,mean,0,ENSG00000019582,,,1.4850739240646362
patient_mel1_,mean,0,ENSG00000172724,,,1.0039530992507935
patient_mel1_,mean,0,ENSG00000168542,,,1.1947318315505981
patient_mel1_,mean,0,ENSG00000145824,,,0.8365399241447449
patient_mel1_,mean,0,ENSG00000196616,,,0.5772931575775146
patient_mel1_,mean,0,ENSG00000160180,0.0,,0.2829015254974365
patient_mel1_,mean,0,ENSG00000133110,0.0,,1.1075448989868164
patient_mel1_,mean,0,ENSG00000240583,,,1.05674147605896
patient_mel1_,mean,0,ENSG00000187608,0.0,,0.7377530932426453
patient_mel1_,mean,0,ENSG00000181617,,,1.0094980001449585
patient_mel1_,mean,0,ENSG00000197766,0.0,,0.9600281119346619
patient_mel1_,mean,0,ENSG00000170323,0.0,,0.326621413230896
patient_mel1_,mean,0,ENSG00000148671,,,0.8105301260948181
patient_mel1_,mean,0,ENSG00000137077,,,1.2203351259231567
patient_mel1_,mean,0,ENSG00000167286,,,0.41799917817115784
patient_mel1_,mean,0,ENSG00000184113,0.0,,0.713054358959198
patient_mel1_,mean,0,ENSG00000119922,0.0,,0.4050137996673584
patient_mel1_,mean,0,ENSG00000105894,,,1.0330097675323486
patient_mel1_,mean,0,ENSG00000160307,0.0,,2.626020669937134
patient_mel1_,mean,0,ENSG00000163017,,,0.4602501690387726
patient_mel1_,mean,0,ENSG00000170345,,,0.7444061636924744
patient_mel1_,mean,0,ENSG00000049540,0.0,,0.4955401122570038
patient_mel1_,mean,0,ENSG00000099250,0.0,,0.41081055998802185
patient_mel1_,mean,0,ENSG00000110079,,,0.39385175704956055
patient_mel1_,mean,0,ENSG00000163431,0.0,,0.4347565472126007
patient_mel1_,mean,0,ENSG00000188536,,,0.5033507943153381
patient_mel1_,mean,0,ENSG00000167641,,,0.3357209265232086
patient_mel1_,mean,0,ENSG00000184564,,,0.10016492754220963
patient_mel1_,mean,0,ENSG00000148700,,,0.6574462056159973
patient_mel1_,mean,0,ENSG00000261857,,,2.0405726432800293
patient_mel1_,mean,0,ENSG00000012223,,,0.1848136931657791
patient_mel1_,mean,0,ENSG00000077984,0.0,,0.31278640031814575
patient_mel1_,mean,0,ENSG00000232810,,,0.15742900967597961
patient_mel1_,mean,0,ENSG00000162614,0.0,,0.3449326455593109
patient_mel1_,mean,0,ENSG00000244734,,,0.2902863919734955
patient_mel1_,mean,0,ENSG00000185404,,,0.36562952399253845
patient_mel1_,mean,0,ENSG00000129757,0.0,,0.3391868770122528
patient_mel1_,mean,0,ENSG00000150093,,,0.42532864212989807
patient_mel1_,mean,0,ENSG00000013297,,,0.23032225668430328
patient_mel1_,mean,0,ENSG00000113739,0.0,,0.08720327913761139
patient_mel1_,mean,0,ENSG00000174607,0.0,,0.19123505055904388
patient_mel1_,mean,0,ENSG00000110693,0.0,,0.136358842253685
patient_mel1_,mean,0,ENSG00000131435,,,0.35375428199768066
patient_mel1_,mean,0,ENSG00000108387,,,0.17630931735038757
patient_mel1_,mean,0,ENSG00000196664,0.0,,0.2650817632675171
patient_mel1_,mean,0,ENSG00000164330,0.0,,0.36341530084609985
patient_mel1_,mean,0,ENSG00000094963,,,0.2495718002319336
patient_mel1_,mean,0,ENSG00000189056,0.0,,0.1457710713148117
patient_mel1_,mean,0,ENSG00000151532,,,0.27986422181129456
patient_mel1_,pca_ridge,0,ENSG00000107317,0.56852054909761,0.5574030015766396,0.9347470998764038
patient_mel1_,pca_ridge,0,ENSG00000019582,0.710311773479676,0.7337799606503426,0.872886061668396
patient_mel1_,pca_ridge,0,ENSG00000172724,0.3543203358552726,0.39688684549694636,0.8769302368164062
patient_mel1_,pca_ridge,0,ENSG00000168542,0.565812217078854,0.5580105949908909,1.0463048219680786
patient_mel1_,pca_ridge,0,ENSG00000145824,0.1910654681608277,0.2688993874647942,0.7510959506034851
patient_mel1_,pca_ridge,0,ENSG00000196616,0.15870560710199955,0.19925604255317608,0.5605840682983398
patient_mel1_,pca_ridge,0,ENSG00000160180,0.13711646140296277,0.18063493364210234,0.2812288999557495
patient_mel1_,pca_ridge,0,ENSG00000133110,0.15052423421909497,0.1052568890282215,1.2953184843063354
patient_mel1_,pca_ridge,0,ENSG00000240583,-0.1429623937248569,-0.1680280874990943,0.9601595401763916
patient_mel1_,pca_ridge,0,ENSG00000187608,0.17509493755197697,0.20305096064508207,0.7530328035354614
patient_mel1_,pca_ridge,0,ENSG00000181617,0.4356368614665042,0.38516752628959045,0.9376038312911987
patient_mel1_,pca_ridge,0,ENSG00000197766,0.07515221711797503,0.14898682207090744,0.9436733722686768
patient_mel1_,pca_ridge,0,ENSG00000170323,0.11191510319570189,0.12062168737067178,0.3224540054798126
patient_mel1_,pca_ridge,0,ENSG00000148671,0.305588288928053,0.339294338576095,0.7829430103302002
patient_mel1_,pca_ridge,0,ENSG00000137077,0.5531065696576665,0.5106633727497492,1.140297532081604
patient_mel1_,pca_ridge,0,ENSG00000167286,0.266593741071787,0.28773259043410276,0.5204517841339111
patient_mel1_,pca_ridge,0,ENSG00000184113,0.2649748507419343,0.308121721691114,0.7049469947814941
patient_mel1_,pca_ridge,0,ENSG00000119922,0.10878456956799229,0.17478080279429115,0.4013528823852539
patient_mel1_,pca_ridge,0,ENSG00000105894,-0.019120017219990557,-0.0207082366970793,0.7465329766273499
patient_mel1_,pca_ridge,0,ENSG00000160307,0.36470364117264786,0.38907218190497495,1.9091686010360718
patient_mel1_,pca_ridge,0,ENSG00000163017,0.20503400225973387,0.20780703748956267,0.4579769968986511
patient_mel1_,pca_ridge,0,ENSG00000170345,0.1579624699005281,0.1709030922187596,0.736296534538269
patient_mel1_,pca_ridge,0,ENSG00000049540,0.14242284458554821,0.20101778121648098,0.5028220415115356
patient_mel1_,pca_ridge,0,ENSG00000099250,0.13907524722609824,0.14506580630025578,0.4111701250076294
patient_mel1_,pca_ridge,0,ENSG00000110079,0.044523827429244545,0.05543704159469331,0.3971775472164154
patient_mel1_,pca_ridge,0,ENSG00000163431,0.16575434922228535,0.16041994963311626,0.4280507266521454
patient_mel1_,pca_ridge,0,ENSG00000188536,0.028027434947430725,0.05614357063074719,0.5026386976242065
patient_mel1_,pca_ridge,0,ENSG00000167641,0.19749641754051286,0.22352805328925157,0.32829126715660095
patient_mel1_,pca_ridge,0,ENSG00000184564,0.03955711754211377,0.06134196253980574,0.10401531308889389
patient_mel1_,pca_ridge,0,ENSG00000148700,0.1167911781421592,0.11011388566967689,0.6412291526794434
patient_mel1_,pca_ridge,0,ENSG00000261857,0.4145479435699303,0.42898434208141645,1.3350114822387695
patient_mel1_,pca_ridge,0,ENSG00000012223,0.06767181593139597,0.11471557514981671,0.18373385071754456
patient_mel1_,pca_ridge,0,ENSG00000077984,0.01573287316521031,0.05744823956402058,0.35376378893852234
patient_mel1_,pca_ridge,0,ENSG00000232810,0.019909744467941585,0.024073490391279973,0.1584220677614212
patient_mel1_,pca_ridge,0,ENSG00000162614,0.12972166992231146,0.10198505748492138,0.3407704532146454
patient_mel1_,pca_ridge,0,ENSG00000244734,-0.0075192266235262935,0.03505425780028542,0.29337164759635925
patient_mel1_,pca_ridge,0,ENSG00000185404,0.06432052565463063,0.05370836042957325,0.3658585250377655
patient_mel1_,pca_ridge,0,ENSG00000129757,0.005024794445837543,0.007216174276427004,0.3614038825035095
patient_mel1_,pca_ridge,0,ENSG00000150093,0.02335948620298741,0.10742855585371643,0.4349944293498993
patient_mel1_,pca_ridge,0,ENSG00000013297,0.04879180328463605,0.04950269855072237,0.23169942200183868
patient_mel1_,pca_ridge,0,ENSG00000113739,0.03158952508361249,0.025140635895837402,0.09044823795557022
patient_mel1_,pca_ridge,0,ENSG00000174607,-0.09503695625964041,-0.03762124990105556,0.19206775724887848
patient_mel1_,pca_ridge,0,ENSG00000110693,0.012071393194143007,0.019341490813113794,0.13267183303833008
patient_mel1_,pca_ridge,0,ENSG00000131435,0.013061773305803777,0.041704857289988136,0.2817422151565552
patient_mel1_,pca_ridge,0,ENSG00000108387,-0.029131521892782952,-0.011757096697874232,0.17825938761234283
patient_mel1_,pca_ridge,0,ENSG00000196664,0.011425209062409986,0.01205759474278142,0.2640145421028137
patient_mel1_,pca_ridge,0,ENSG00000164330,0.08539455432777265,0.13596412890858722,0.35991355776786804
patient_mel1_,pca_ridge,0,ENSG00000094963,0.05107639264734031,0.08540155216398738,0.24807554483413696
patient_mel1_,pca_ridge,0,ENSG00000189056,0.017912185962951244,0.018149150586078057,0.14773210883140564
patient_mel1_,pca_ridge,0,ENSG00000151532,-0.02351040636548809,0.057885718335709054,0.2846308946609497
patient_mel1_,spatial_knn,0,ENSG00000107317,-0.05784201797442107,-0.06462802068229019,1.246999460473088
patient_mel1_,spatial_knn,0,ENSG00000019582,0.08269915378113976,0.10428816841271536,1.517284659941002
patient_mel1_,spatial_knn,0,ENSG00000172724,-0.020670063629131662,-0.0021039107688891148,1.0450096074581745
patient_mel1_,spatial_knn,0,ENSG00000168542,0.004201432163694958,-0.04409690534278164,1.2772551235490996
patient_mel1_,spatial_knn,0,ENSG00000145824,-0.02770120825462849,0.00207779084517088,0.8477256423070885
patient_mel1_,spatial_knn,0,ENSG00000196616,0.15645033843031478,0.08144546659932626,0.5717944221366636
patient_mel1_,spatial_knn,0,ENSG00000160180,0.014184457478290613,-0.0009828046435137476,0.29318683774313403
patient_mel1_,spatial_knn,0,ENSG00000133110,0.022539405824247967,0.02345001413053223,1.134153839889259
patient_mel1_,spatial_knn,0,ENSG00000240583,-0.02062310172462324,-0.02737972954611967,1.1513467783744293
patient_mel1_,spatial_knn,0,ENSG00000187608,0.0030535793253194735,-0.010313026618925204,0.8149231348067187
patient_mel1_,spatial_knn,0,ENSG00000181617,0.0013372830921487867,0.0850683024444483,1.0113759150286898
patient_mel1_,spatial_knn,0,ENSG00000197766,-0.023733303265477006,-0.022824770473864924,0.9818128372717164
patient_mel1_,spatial_knn,0,ENSG00000170323,0.05082385686850005,-0.026603178152589217,0.3280622821279635
patient_mel1_,spatial_knn,0,ENSG00000148671,-0.04195613566473452,-0.01545629284212004,0.8195143617354812
patient_mel1_,spatial_knn,0,ENSG00000137077,0.08914341563748676,0.019477307949280747,1.2435899244320359
patient_mel1_,spatial_knn,0,ENSG00000167286,-0.04649843427686978,-0.047872880547189745,0.4534297416539757
patient_mel1_,spatial_knn,0,ENSG00000184113,0.0006622241242339661,0.011361614711132785,0.7489641157114346
patient_mel1_,spatial_knn,0,ENSG00000119922,-0.015052419304484178,-0.024188776614023293,0.42236739741702395
patient_mel1_,spatial_knn,0,ENSG00000105894,0.019491447931383812,0.0248047602867402,1.152332658698717
patient_mel1_,spatial_knn,0,ENSG00000160307,0.014362775653641595,-0.011956533172041867,2.612279143347879
patient_mel1_,spatial_knn,0,ENSG00000163017,0.04370449204506956,0.050271590215691345,0.470375525368411
patient_mel1_,spatial_knn,0,ENSG00000170345,0.07704483074476705,0.057449027597741405,0.7746295670824092
patient_mel1_,spatial_knn,0,ENSG00000049540,0.01099782716747932,0.017001895941744467,0.5216948523705
patient_mel1_,spatial_knn,0,ENSG00000099250,-0.04386267238249136,-0.0221304712844891,0.463709884594495
patient_mel1_,spatial_knn,0,ENSG00000110079,-0.019474404093355296,-0.011564526867081891,0.409460526220675
patient_mel1_,spatial_knn,0,ENSG00000163431,-0.039264045338234944,-0.06040542066044691,0.4470339529229551
patient_mel1_,spatial_knn,0,ENSG00000188536,0.0007583743464029957,-0.007380693554812064,0.5173500995442143
patient_mel1_,spatial_knn,0,ENSG00000167641,-0.04351528484626313,-0.004045356082893757,0.3423149109765589
patient_mel1_,spatial_knn,0,ENSG00000184564,-0.00492767404900248,0.02939072837790908,0.15059842705260099
patient_mel1_,spatial_knn,0,ENSG00000148700,-0.017755312409790756,0.003998330840862121,0.6730696713567509
patient_mel1_,spatial_knn,0,ENSG00000261857,0.07405270201371536,0.05518542599853285,2.0618039815204448
patient_mel1_,spatial_knn,0,ENSG00000012223,-0.01872934370506375,0.001092859481601318,0.18631531955485003
patient_mel1_,spatial_knn,0,ENSG00000077984,0.0025961452982509515,-0.01615623466573074,0.3347032448537426
patient_mel1_,spatial_knn,0,ENSG00000232810,-0.03205117404973897,0.00023663922220725053,0.177356098238182
patient_mel1_,spatial_knn,0,ENSG00000162614,0.03492847934168729,0.019893817384802275,0.3550578217098031
patient_mel1_,spatial_knn,0,ENSG00000244734,-0.0045058267913352205,0.0018593128479648215,0.29852754602468984
patient_mel1_,spatial_knn,0,ENSG00000185404,0.016430986537473737,0.04420233386500431,0.3737612501702009
patient_mel1_,spatial_knn,0,ENSG00000129757,-0.016876554702096813,-0.018612559636149925,0.3694004545061735
patient_mel1_,spatial_knn,0,ENSG00000150093,-0.005475482881255543,-0.0026301251796392124,0.46077723564918377
patient_mel1_,spatial_knn,0,ENSG00000013297,0.029493314614301568,0.0383384326007885,0.23513578228871007
patient_mel1_,spatial_knn,0,ENSG00000113739,0.010694662496589173,0.052853351308525226,0.09879221161831489
patient_mel1_,spatial_knn,0,ENSG00000174607,-0.020675124880407788,-0.031912978048393,0.1930085947281579
patient_mel1_,spatial_knn,0,ENSG00000110693,0.00779894061046463,0.044461835135226294,0.1732792403556418
patient_mel1_,spatial_knn,0,ENSG00000131435,0.019919523202709455,0.03753681201158511,0.4292551257419028
patient_mel1_,spatial_knn,0,ENSG00000108387,-0.01105568252643245,-0.019136544788437,0.19197829720183412
patient_mel1_,spatial_knn,0,ENSG00000196664,0.019846709760549808,0.0069701088322722034,0.2683590959986506
patient_mel1_,spatial_knn,0,ENSG00000164330,-0.006783783898541475,0.004042037463969834,0.37100432306797165
patient_mel1_,spatial_knn,0,ENSG00000094963,-0.04976057346888995,-0.056954498055058096,0.25595269067238946
patient_mel1_,spatial_knn,0,ENSG00000189056,-0.017609301581466532,-0.026496938742276703,0.1522036576872448
patient_mel1_,spatial_knn,0,ENSG00000151532,0.08891194099146082,0.08455087489322385,0.2866721416132081
patient_mel2_,mean,0,ENSG00000107317,0.0,,0.76447993516922
patient_mel2_,mean,0,ENSG00000019582,,,1.3433583974838257
patient_mel2_,mean,0,ENSG00000172724,,,1.0922582149505615
patient_mel2_,mean,0,ENSG00000168542,0.0,,1.1775637865066528
patient_mel2_,mean,0,ENSG00000145824,,,0.6201154589653015
patient_mel2_,mean,0,ENSG00000196616,,,0.3383795917034149
patient_mel2_,mean,0,ENSG00000160180,,,0.27247539162635803
patient_mel2_,mean,0,ENSG00000133110,,,1.2677754163742065
patient_mel2_,mean,0,ENSG00000240583,,,1.1636463403701782
patient_mel2_,mean,0,ENSG00000187608,,,1.6612592935562134
patient_mel2_,mean,0,ENSG00000181617,,,0.32300275564193726
patient_mel2_,mean,0,ENSG00000197766,,,0.863676905632019
patient_mel2_,mean,0,ENSG00000170323,,,0.20618805289268494
patient_mel2_,mean,0,ENSG00000148671,,,0.2862279713153839
patient_mel2_,mean,0,ENSG00000137077,,,1.5334558486938477
patient_mel2_,mean,0,ENSG00000167286,,,0.7015334963798523
patient_mel2_,mean,0,ENSG00000184113,,,0.6428895592689514
patient_mel2_,mean,0,ENSG00000119922,,,0.5411615967750549
patient_mel2_,mean,0,ENSG00000105894,0.0,,1.1090816259384155
patient_mel2_,mean,0,ENSG00000160307,,,0.9736657738685608
patient_mel2_,mean,0,ENSG00000163017,,,0.28663745522499084
patient_mel2_,mean,0,ENSG00000170345,,,1.1034600734710693
patient_mel2_,mean,0,ENSG00000049540,0.0,,0.5064892768859863
patient_mel2_,mean,0,ENSG00000099250,,,0.5597229599952698
patient_mel2_,mean,0,ENSG00000110079,,,0.4600455164909363
patient_mel2_,mean,0,ENSG00000163431,0.0,,0.3885843753814697
patient_mel2_,mean,0,ENSG00000188536,,,0.43385571241378784
patient_mel2_,mean,0,ENSG00000167641,,,0.19456733763217926
patient_mel2_,mean,0,ENSG00000184564,,,0.06356851756572723
patient_mel2_,mean,0,ENSG00000148700,,,0.45015600323677063
patient_mel2_,mean,0,ENSG00000261857,,,1.4532513618469238
patient_mel2_,mean,0,ENSG00000012223,,,0.12274323403835297
patient_mel2_,mean,0,ENSG00000077984,,,0.48336055874824524
patient_mel2_,mean,0,ENSG00000232810,,,0.2025272101163864
patient_mel2_,mean,0,ENSG00000162614,,,0.29043686389923096
patient_mel2_,mean,0,ENSG00000244734,,,0.3137861490249634
patient_mel2_,mean,0,ENSG00000185404,0.0,,0.4664034843444824
patient_mel2_,mean,0,ENSG00000129757,0.0,,0.5571491718292236
patient_mel2_,mean,0,ENSG00000150093,,,0.5835893750190735
patient_mel2_,mean,0,ENSG00000013297,,,0.09837786853313446
patient_mel2_,mean,0,ENSG00000113739,0.0,,0.18934226036071777
patient_mel2_,mean,0,ENSG00000174607,,,0.11459370702505112
patient_mel2_,mean,0,ENSG00000110693,,,0.5641222596168518
patient_mel2_,mean,0,ENSG00000131435,,,0.3568486273288727
patient_mel2_,mean,0,ENSG00000108387,,,0.3081388771533966
patient_mel2_,mean,0,ENSG00000196664,0.0,,0.28395912051200867
patient_mel2_,mean,0,ENSG00000164330,,,0.3043551445007324
patient_mel2_,mean,0,ENSG00000094963,,,0.2513217329978943
patient_mel2_,mean,0,ENSG00000189056,,,0.23847277462482452
patient_mel2_,mean,0,ENSG00000151532,,,0.35453030467033386
patient_mel2_,pca_ridge,0,ENSG00000107317,0.5313260836968368,0.4559007947023575,0.6928637623786926
patient_mel2_,pca_ridge,0,ENSG00000019582,0.6083283824137942,0.6693580757516601,0.8351024389266968
patient_mel2_,pca_ridge,0,ENSG00000172724,0.5573181831563352,0.5291253148133117,0.9284369349479675
patient_mel2_,pca_ridge,0,ENSG00000168542,0.49160372639088085,0.4747839718318916,1.0801465511322021
patient_mel2_,pca_ridge,0,ENSG00000145824,0.37713893676702126,0.34699332340957295,0.5628372430801392
patient_mel2_,pca_ridge,0,ENSG00000196616,0.1669434110025524,0.16147135633458337,0.33580371737480164
patient_mel2_,pca_ridge,0,ENSG00000160180,0.16654084544569842,0.1799347173445189,0.2684563100337982
patient_mel2_,pca_ridge,0,ENSG00000133110,0.21062430648574937,0.23761387823313304,1.2316473722457886
patient_mel2_,pca_ridge,0,ENSG00000240583,0.19381045332106533,0.18220692215679993,0.8013032078742981
patient_mel2_,pca_ridge,0,ENSG00000187608,0.22980097066547703,0.204096301777707,1.5626927614212036
patient_mel2_,pca_ridge,0,ENSG00000181617,0.2397443147449653,0.1560806921032196,0.4851493239402771
patient_mel2_,pca_ridge,0,ENSG00000197766,0.12310049331908957,0.1335707576443478,0.8409594893455505
patient_mel2_,pca_ridge,0,ENSG00000170323,0.11672003578744032,0.12577430675147147,0.2050885707139969
patient_mel2_,pca_ridge,0,ENSG00000148671,0.16065856835353998,0.14622912194022616,0.32472336292266846
patient_mel2_,pca_ridge,0,ENSG00000137077,0.6228076190600315,0.5583151278102191,1.1817266941070557
patient_mel2_,pca_ridge,0,ENSG00000167286,0.4062994379658543,0.3761530493234711,0.6523818969726562
patient_mel2_,pca_ridge,0,ENSG00000184113,0.3217423418912577,0.3419994062294717,0.6209431886672974
patient_mel2_,pca_ridge,0,ENSG00000119922,0.1679724019237702,0.18265647179571598,0.5270823240280151
patient_mel2_,pca_ridge,0,ENSG00000105894,-0.03938079382075571,-0.05925761270997751,0.5666800737380981
patient_mel2_,pca_ridge,0,ENSG00000160307,0.6209169127020346,0.5881520106771202,0.7994506359100342
patient_mel2_,pca_ridge,0,ENSG00000163017,0.12991471798433313,0.11853267739862931,0.2892865538597107
patient_mel2_,pca_ridge,0,ENSG00000170345,0.03918170627621833,0.025764827225843088,1.0495752096176147
patient_mel2_,pca_ridge,0,ENSG00000049540,0.2997497385661203,0.30307928391549227,0.4853588342666626
patient_mel2_,pca_ridge,0,ENSG00000099250,0.16339284270701981,0.1708131411371812,0.5528315305709839
patient_mel2_,pca_ridge,0,ENSG00000110079,0.12528583195682835,0.16427551424122236,0.45164617896080017
patient_mel2_,pca_ridge,0,ENSG00000163431,0.04850287851585002,0.03932008960575019,0.3899821937084198
patient_mel2_,pca_ridge,0,ENSG00000188536,0.04787240156652188,0.028035855035111808,0.4325495958328247
patient_mel2_,pca_ridge,0,ENSG00000167641,0.09792347406788258,0.08860688144780865,0.1990223228931427
patient_mel2_,pca_ridge,0,ENSG00000184564,,,0.04457782953977585
patient_mel2_,pca_ridge,0,ENSG00000148700,0.1475078198113036,0.1468333279996606,0.45513466000556946
patient_mel2_,pca_ridge,0,ENSG00000261857,0.6430189775321099,0.5778461081057717,1.6587982177734375
patient_mel2_,pca_ridge,0,ENSG00000012223,0.06651371149316801,0.0640848719878434,0.1231040507555008
patient_mel2_,pca_ridge,0,ENSG00000077984,0.015212980480727209,0.060833481767150734,0.4794081747531891
patient_mel2_,pca_ridge,0,ENSG00000232810,-0.05018013758856789,0.00012600210555148268,0.20569421350955963
patient_mel2_,pca_ridge,0,ENSG00000162614,-0.058280550449353125,-0.059948272308671766,0.3003930151462555
patient_mel2_,pca_ridge,0,ENSG00000244734,-0.0211299146597775,-0.005847048400678594,0.3136098086833954
patient_mel2_,pca_ridge,0,ENSG00000185404,0.019123417903680696,0.03734280894398133,0.46407702565193176
patient_mel2_,pca_ridge,0,ENSG00000129757,-0.037628314473457276,-0.022565962456568524,0.56962651014328
patient_mel2_,pca_ridge,0,ENSG00000150093,0.07896094117552066,0.09052300121396128,0.5824499130249023
patient_mel2_,pca_ridge,0,ENSG00000013297,0.026102492583777268,0.01816925441166168,0.11199267953634262
patient_mel2_,pca_ridge,0,ENSG00000113739,-0.06687682113581106,-0.05864616962615104,0.19464853405952454
patient_mel2_,pca_ridge,0,ENSG00000174607,-0.010163904063961247,-0.01716932350745233,0.1171402633190155
patient_mel2_,pca_ridge,0,ENSG00000110693,0.0003680904297997376,0.013490864130599346,0.570633053779602
patient_mel2_,pca_ridge,0,ENSG00000131435,0.07479581355596243,0.06757825112520988,0.20241709053516388
patient_mel2_,pca_ridge,0,ENSG00000108387,-0.02098060729863605,-0.021384585178278338,0.3130367696285248
patient_mel2_,pca_ridge,0,ENSG00000196664,0.04228682303093632,0.06737505457380506,0.2814054787158966
patient_mel2_,pca_ridge,0,ENSG00000164330,0.128678890448907,0.14243539231309857,0.30325478315353394
patient_mel2_,pca_ridge,0,ENSG00000094963,0.055037678002786215,0.04280689818262286,0.24998056888580322
patient_mel2_,pca_ridge,0,ENSG00000189056,-0.013043129448809332,-0.0019785897596737586,0.23892879486083984
patient_mel2_,pca_ridge,0,ENSG00000151532,0.045269079215425154,0.07911460691876081,0.3524266481399536
patient_mel2_,spatial_knn,0,ENSG00000107317,-0.04908882113294187,-0.05547788287382853,0.8176444229480615
patient_mel2_,spatial_knn,0,ENSG00000019582,-0.12225180833381065,-0.10212844969446226,1.4547910473777708
patient_mel2_,spatial_knn,0,ENSG00000172724,-0.08826187127809128,-0.08073295280806118,1.123408183009198
patient_mel2_,spatial_knn,0,ENSG00000168542,-0.006520010191000456,-0.009502536022211195,1.2433496755710431
patient_mel2_,spatial_knn,0,ENSG00000145824,0.026718272868643995,-0.014910480218537893,0.6306681429930053
patient_mel2_,spatial_knn,0,ENSG00000196616,-0.01856706183143269,-0.0024560766246564322,0.3526976551180412
patient_mel2_,spatial_knn,0,ENSG00000160180,0.03138448739830113,0.023020885110732203,0.2780541580146569
patient_mel2_,spatial_knn,0,ENSG00000133110,-0.04392711349644898,-0.04995161111929285,1.3100361704594266
patient_mel2_,spatial_knn,0,ENSG00000240583,0.05227707470115535,0.053869070860924885,1.194663038493811
patient_mel2_,spatial_knn,0,ENSG00000187608,-0.022431027219585294,-0.02429004972087416,1.6769429115905827
patient_mel2_,spatial_knn,0,ENSG00000181617,0.010689089259060373,-0.028323507824517178,0.3678473666607321
patient_mel2_,spatial_knn,0,ENSG00000197766,0.05008616098916228,0.039137446938414214,0.8795311315029732
patient_mel2_,spatial_knn,0,ENSG00000170323,-0.006138983999584918,0.025247236428594663,0.2114058179806924
patient_mel2_,spatial_knn,0,ENSG00000148671,-0.02223468444092696,-0.046944889642370834,0.3227057083662393
patient_mel2_,spatial_knn,0,ENSG00000137077,0.023039088180324487,-0.031162982409349883,1.5670035365936426
patient_mel2_,spatial_knn,0,ENSG00000167286,0.040125093629267965,0.09079526830042836,0.7033622289183681
patient_mel2_,spatial_knn,0,ENSG00000184113,-0.05543720636016341,-0.05870317796009607,0.684090647494794
patient_mel2_,spatial_knn,0,ENSG00000119922,-0.006481349255879829,-0.041340461389516185,0.5514737465416573
patient_mel2_,spatial_knn,0,ENSG00000105894,0.0010192661296987045,0.005589208276015311,1.1517049911898378
patient_mel2_,spatial_knn,0,ENSG00000160307,0.024299070081976043,0.0024857694602372538,1.107447616631599
patient_mel2_,spatial_knn,0,ENSG00000163017,0.005272318024022786,-0.058282129460625304,0.3043829979992561
patient_mel2_,spatial_knn,0,ENSG00000170345,-0.006583629964775953,-0.012240872729797693,1.126364730634914
patient_mel2_,spatial_knn,0,ENSG00000049540,-0.07260625900135731,-0.07621063407887135,0.5337489927996739
patient_mel2_,spatial_knn,0,ENSG00000099250,0.0030580210301887133,-0.005049730277359745,0.5755990534351825
patient_mel2_,spatial_knn,0,ENSG00000110079,0.00022624146323132124,-0.00782579845506044,0.4706810214174578
patient_mel2_,spatial_knn,0,ENSG00000163431,-0.05764247556430336,-0.03132406747088107,0.4018164659377439
patient_mel2_,spatial_knn,0,ENSG00000188536,-0.018398865065892788,-0.02537827243189452,0.44016418350047165
patient_mel2_,spatial_knn,0,ENSG00000167641,-0.01935311683408716,-0.002873957956249068,0.21105352951079703
patient_mel2_,spatial_knn,0,ENSG00000184564,,,0.10277253295119795
patient_mel2_,spatial_knn,0,ENSG00000148700,-0.0005926433887282344,-0.007224096405106097,0.46986467363048834
patient_mel2_,spatial_knn,0,ENSG00000261857,0.008447676794579284,0.007411997064802682,1.4954028939999868
patient_mel2_,spatial_knn,0,ENSG00000012223,-0.0041040317123227305,0.015351029985031609,0.12652835701140674
patient_mel2_,spatial_knn,0,ENSG00000077984,0.03732513871978695,0.06752693034045987,0.48643391237410816
patient_mel2_,spatial_knn,0,ENSG00000232810,-0.010253213367932749,0.003772311444192222,0.2102952145824734
patient_mel2_,spatial_knn,0,ENSG00000162614,-0.04266653990219523,-0.03382359105541039,0.3090655559638918
patient_mel2_,spatial_knn,0,ENSG00000244734,-0.010390220140582796,-0.013928488725949933,0.31831396264619827
patient_mel2_,spatial_knn,0,ENSG00000185404,0.04157055060549055,0.003065014155522186,0.47061733825177154
patient_mel2_,spatial_knn,0,ENSG00000129757,-0.05668575216005504,-0.045112927870314574,0.5764366933913688
patient_mel2_,spatial_knn,0,ENSG00000150093,0.06976428160095106,0.06424938960104107,0.5939922653275731
patient_mel2_,spatial_knn,0,ENSG00000013297,-0.029651898873579573,-0.030855469774470384,0.11173178711885007
patient_mel2_,spatial_knn,0,ENSG00000113739,0.01940136478426563,0.018113917907011317,0.19558968023314136
patient_mel2_,spatial_knn,0,ENSG00000174607,0.1404018633007416,0.016186554358426457,0.11439948498414097
patient_mel2_,spatial_knn,0,ENSG00000110693,0.02441239009026573,0.0030056891099588473,0.5665074591744435
patient_mel2_,spatial_knn,0,ENSG00000131435,-0.008805554905541439,0.00262889823319529,0.40162932965309234
patient_mel2_,spatial_knn,0,ENSG00000108387,0.09051417340838284,0.10289679866691805,0.30975904354176903
patient_mel2_,spatial_knn,0,ENSG00000196664,0.09497454027885815,0.06018759683140869,0.28318639188679345
patient_mel2_,spatial_knn,0,ENSG00000164330,0.09732627435494122,0.0862994105239217,0.30603815422417935
patient_mel2_,spatial_knn,0,ENSG00000094963,-0.026830677548122267,-0.03430642164010857,0.25580926741328947
patient_mel2_,spatial_knn,0,ENSG00000189056,0.0031678255859757523,0.020825946860313953,0.23937291401054123
patient_mel2_,spatial_knn,0,ENSG00000151532,0.025794024714587145,0.0019606158065964083,0.35985973680191435
patient_mel3_,mean,0,ENSG00000107317,0.0,,0.5742509365081787
patient_mel3_,mean,0,ENSG00000019582,,,1.8234565258026123
patient_mel3_,mean,0,ENSG00000172724,,,0.4665355980396271
patient_mel3_,mean,0,ENSG00000168542,0.0,,1.3534408807754517
patient_mel3_,mean,0,ENSG00000145824,,,0.20712165534496307
patient_mel3_,mean,0,ENSG00000196616,,,0.14059339463710785
patient_mel3_,mean,0,ENSG00000160180,,,0.05967797711491585
patient_mel3_,mean,0,ENSG00000133110,0.0,,1.5271780490875244
patient_mel3_,mean,0,ENSG00000240583,,,2.3944993019104004
patient_mel3_,mean,0,ENSG00000187608,0.0,,0.9109461307525635
patient_mel3_,mean,0,ENSG00000181617,0.0,0.0,0.13758724927902222
patient_mel3_,mean,0,ENSG00000197766,0.0,,0.508642315864563
patient_mel3_,mean,0,ENSG00000170323,,,0.11457772552967072
patient_mel3_,mean,0,ENSG00000148671,0.0,,0.2807246148586273
patient_mel3_,mean,0,ENSG00000137077,,,0.9004842042922974
patient_mel3_,mean,0,ENSG00000167286,,,0.20426858961582184
patient_mel3_,mean,0,ENSG00000184113,0.0,,0.4402839243412018
patient_mel3_,mean,0,ENSG00000119922,0.0,,0.27965328097343445
patient_mel3_,mean,0,ENSG00000105894,0.0,,2.7171239852905273
patient_mel3_,mean,0,ENSG00000160307,,,1.005233883857727
patient_mel3_,mean,0,ENSG00000163017,,,0.40971624851226807
patient_mel3_,mean,0,ENSG00000170345,0.0,,0.7196441292762756
patient_mel3_,mean,0,ENSG00000049540,,,0.5032482743263245
patient_mel3_,mean,0,ENSG00000099250,,,0.49889928102493286
patient_mel3_,mean,0,ENSG00000110079,,,0.21268126368522644
patient_mel3_,mean,0,ENSG00000163431,,,0.2848641574382782
patient_mel3_,mean,0,ENSG00000188536,,,0.20334714651107788
patient_mel3_,mean,0,ENSG00000167641,0.0,,0.1814005821943283
patient_mel3_,mean,0,ENSG00000184564,,,0.43612930178642273
patient_mel3_,mean,0,ENSG00000148700,,,0.39708638191223145
patient_mel3_,mean,0,ENSG00000261857,0.0,,1.010695457458496
patient_mel3_,mean,0,ENSG00000012223,0.0,,0.04524436965584755
patient_mel3_,mean,0,ENSG00000077984,,,0.20747680962085724
patient_mel3_,mean,0,ENSG00000232810,0.0,,0.23745416104793549
patient_mel3_,mean,0,ENSG00000162614,,,0.32995811104774475
patient_mel3_,mean,0,ENSG00000244734,,,0.06829864531755447
patient_mel3_,mean,0,ENSG00000185404,0.0,,0.20959681272506714
patient_mel3_,mean,0,ENSG00000129757,,,0.34815409779548645
patient_mel3_,mean,0,ENSG00000150093,,,0.49165672063827515
patient_mel3_,mean,0,ENSG00000013297,,,0.15992644429206848
patient_mel3_,mean,0,ENSG00000113739,,,0.25429826974868774
patient_mel3_,mean,0,ENSG00000174607,,,0.013323535211384296
patient_mel3_,mean,0,ENSG00000110693,,,0.21796110272407532
patient_mel3_,mean,0,ENSG00000131435,,,1.091802716255188
patient_mel3_,mean,0,ENSG00000108387,0.0,,0.1971600204706192
patient_mel3_,mean,0,ENSG00000196664,0.0,,0.04774384945631027
patient_mel3_,mean,0,ENSG00000164330,0.0,,0.2367379069328308
patient_mel3_,mean,0,ENSG00000094963,0.0,0.0,0.03242707625031471
patient_mel3_,mean,0,ENSG00000189056,,,0.0508243590593338
patient_mel3_,mean,0,ENSG00000151532,0.0,,0.22614894807338715
patient_mel3_,pca_ridge,0,ENSG00000107317,-0.0474693436084838,-0.04616057146342899,0.6354800462722778
patient_mel3_,pca_ridge,0,ENSG00000019582,0.2783086186530206,0.26481911214509235,1.51057767868042
patient_mel3_,pca_ridge,0,ENSG00000172724,0.047038130694216446,0.027030338698750996,0.6559470891952515
patient_mel3_,pca_ridge,0,ENSG00000168542,0.5047666556778608,0.4731231261909445,1.2329622507095337
patient_mel3_,pca_ridge,0,ENSG00000145824,-0.06095553247820338,-0.0752019207935364,0.2870921492576599
patient_mel3_,pca_ridge,0,ENSG00000196616,0.06657519329585747,0.04358387635135828,0.16902142763137817
patient_mel3_,pca_ridge,0,ENSG00000160180,,,0.11143139004707336
patient_mel3_,pca_ridge,0,ENSG00000133110,0.22207039641976264,0.13394997579778536,1.3363349437713623
patient_mel3_,pca_ridge,0,ENSG00000240583,-0.14403790008101536,-0.15459014886028286,2.306117296218872
patient_mel3_,pca_ridge,0,ENSG00000187608,0.09819212554555214,0.08078440437165825,0.5320256352424622
patient_mel3_,pca_ridge,0,ENSG00000181617,,,0.16797585785388947
patient_mel3_,pca_ridge,0,ENSG00000197766,0.018556271088003753,0.020388836556293748,0.5328655242919922
patient_mel3_,pca_ridge,0,ENSG00000170323,0.07864039354874852,0.050037163048468794,0.1209590956568718
patient_mel3_,pca_ridge,0,ENSG00000148671,0.07866405298422068,0.07429469517406286,0.31129634380340576
patient_mel3_,pca_ridge,0,ENSG00000137077,0.04873725354145683,0.051640290306630025,1.2415204048156738
patient_mel3_,pca_ridge,0,ENSG00000167286,-0.024326332454515827,-0.033735426490099384,0.22948487102985382
patient_mel3_,pca_ridge,0,ENSG00000184113,0.1134334495843572,0.09468324392881969,0.5134968757629395
patient_mel3_,pca_ridge,0,ENSG00000119922,-0.006147986963518243,0.057405611022509476,0.2743854522705078
patient_mel3_,pca_ridge,0,ENSG00000105894,-0.014152897910702462,-0.026586204118772418,2.7114763259887695
patient_mel3_,pca_ridge,0,ENSG00000160307,0.19241985337619844,0.10574028563316447,0.8301458954811096
patient_mel3_,pca_ridge,0,ENSG00000163017,0.15371326127737903,0.15467847006308072,0.4016413688659668
patient_mel3_,pca_ridge,0,ENSG00000170345,-0.006060410854474131,0.027727027504712645,0.675151526927948
patient_mel3_,pca_ridge,0,ENSG00000049540,0.0976823677985968,0.10162637716830414,0.4970618188381195
patient_mel3_,pca_ridge,0,ENSG00000099250,0.17858701521652023,0.1327209964795867,0.49369728565216064
patient_mel3_,pca_ridge,0,ENSG00000110079,0.022278362437880887,0.03577890655826018,0.18426650762557983
patient_mel3_,pca_ridge,0,ENSG00000163431,0.13144444706864117,0.11296340287020006,0.28775566816329956
patient_mel3_,pca_ridge,0,ENSG00000188536,-0.04469815506510243,-0.04146857488062259,0.2189270406961441
patient_mel3_,pca_ridge,0,ENSG00000167641,-0.0009096927566401647,-0.010160150787920628,0.18726231157779694
patient_mel3_,pca_ridge,0,ENSG00000184564,-0.05598025548600508,-0.04364736926109472,0.4373801350593567
patient_mel3_,pca_ridge,0,ENSG00000148700,-0.007611606314836381,0.01653960130789696,0.4242512881755829
patient_mel3_,pca_ridge,0,ENSG00000261857,0.15782012830761866,0.12211982557136306,0.9141833782196045
patient_mel3_,pca_ridge,0,ENSG00000012223,0.052835125891049224,0.05900339533527342,0.05512702837586403
patient_mel3_,pca_ridge,0,ENSG00000077984,0.018451285769275433,0.014994836070350466,0.20551426708698273
patient_mel3_,pca_ridge,0,ENSG00000232810,-0.0563300469550328,-0.0767884604053963,0.23880013823509216
patient_mel3_,pca_ridge,0,ENSG00000162614,0.00030610353072232173,-0.002375318649995631,0.3314449191093445
patient_mel3_,pca_ridge,0,ENSG00000244734,0.01423852670824314,0.01868216845467655,0.1192154511809349
patient_mel3_,pca_ridge,0,ENSG00000185404,0.07446509310920064,0.055994065532905105,0.22327780723571777
patient_mel3_,pca_ridge,0,ENSG00000129757,-0.06741182698610935,-0.0672860312237311,0.3581973910331726
patient_mel3_,pca_ridge,0,ENSG00000150093,0.08692408819069751,0.07392542171210327,0.49379709362983704
patient_mel3_,pca_ridge,0,ENSG00000013297,-0.0049414766143989425,0.008481924500713766,0.16108451783657074
patient_mel3_,pca_ridge,0,ENSG00000113739,-0.09415276479206704,-0.06330247976661632,0.2593289017677307
patient_mel3_,pca_ridge,0,ENSG00000174607,,,0.016581373289227486
patient_mel3_,pca_ridge,0,ENSG00000110693,0.044125382596313434,0.037919027939728414,0.20507636666297913
patient_mel3_,pca_ridge,0,ENSG00000131435,0.022591097279138515,0.022225601483283362,1.092699646949768
patient_mel3_,pca_ridge,0,ENSG00000108387,-0.002650033284533904,0.011053200454633025,0.20135585963726044
patient_mel3_,pca_ridge,0,ENSG00000196664,0.0889308579075053,0.07163737975786043,0.05316668376326561
patient_mel3_,pca_ridge,0,ENSG00000164330,0.05898201826778314,0.05919955664859446,0.2389421910047531
patient_mel3_,pca_ridge,0,ENSG00000094963,,,0.05018901452422142
patient_mel3_,pca_ridge,0,ENSG00000189056,-0.042372643121872104,-0.05389603993039782,0.07439488917589188
patient_mel3_,pca_ridge,0,ENSG00000151532,-0.011173417413911502,0.041066366029169105,0.22920601069927216
patient_mel3_,spatial_knn,0,ENSG00000107317,0.015308702981198696,0.014865980610338628,0.6433000349875971
patient_mel3_,spatial_knn,0,ENSG00000019582,-0.012181015440131863,-0.018861060088918104,1.8369996321865183
patient_mel3_,spatial_knn,0,ENSG00000172724,-0.016398993527936095,-0.007227444989109443,0.5688651228364625
patient_mel3_,spatial_knn,0,ENSG00000168542,0.0241800133347221,0.02682931031763556,1.4129465429149441
patient_mel3_,spatial_knn,0,ENSG00000145824,-0.03582066384100618,-0.031380532142298946,0.32662224028465636
patient_mel3_,spatial_knn,0,ENSG00000196616,0.001319067175649198,0.046702238744210194,0.2177538087869028
patient_mel3_,spatial_knn,0,ENSG00000160180,,,0.13521169789921547
patient_mel3_,spatial_knn,0,ENSG00000133110,0.052815652750538324,0.024889435348576985,1.5487510800310471
patient_mel3_,spatial_knn,0,ENSG00000240583,-0.06979776807930733,-0.04613808745082827,2.38941285760638
patient_mel3_,spatial_knn,0,ENSG00000187608,0.0002062008127881864,-0.048874207394860786,0.9850608010889267
patient_mel3_,spatial_knn,0,ENSG00000181617,,,0.2061514070037073
patient_mel3_,spatial_knn,0,ENSG00000197766,-0.038701938588260335,-0.05639369591021598,0.6034345787191803
patient_mel3_,spatial_knn,0,ENSG00000170323,-0.005556850372440011,0.03533417283684512,0.14244841159104876
patient_mel3_,spatial_knn,0,ENSG00000148671,0.0036147833397614047,0.002169489965117059,0.32999382474290206
patient_mel3_,spatial_knn,0,ENSG00000137077,0.021548702306387203,-0.01912240525542019,1.0052806734481758
patient_mel3_,spatial_knn,0,ENSG00000167286,0.003142044140173864,0.021688225194096106,0.2771350588741777
patient_mel3_,spatial_knn,0,ENSG00000184113,0.07888611558948605,0.09695458039178614,0.4982035680526257
patient_mel3_,spatial_knn,0,ENSG00000119922,0.0064673784710105875,-0.024444953631445138,0.3147172645989126
patient_mel3_,spatial_knn,0,ENSG00000105894,-0.011455489721079355,0.02610987049401198,2.714619916963824
patient_mel3_,spatial_knn,0,ENSG00000160307,-0.09009561271204361,0.023007010095968353,1.2210150186190694
patient_mel3_,spatial_knn,0,ENSG00000163017,0.04625988725590341,-0.03633431351850643,0.4244233579482395
patient_mel3_,spatial_knn,0,ENSG00000170345,0.054642614559460206,0.07732931408494734,0.7640716493572652
patient_mel3_,spatial_knn,0,ENSG00000049540,-0.006575039256814531,-0.036576431412447014,0.5317557275427113
patient_mel3_,spatial_knn,0,ENSG00000099250,-0.09380034478816461,-0.13896728690819862,0.5392659485840683
patient_mel3_,spatial_knn,0,ENSG00000110079,-0.0514627151356457,-0.08195101368331718,0.2605038825762992
patient_mel3_,spatial_knn,0,ENSG00000163431,-0.056995154009743074,-0.06488416426963957,0.3138501249580627
patient_mel3_,spatial_knn,0,ENSG00000188536,-0.02935824161454407,-0.06086639755918659,0.23749638236231843
patient_mel3_,spatial_knn,0,ENSG00000167641,-0.03652852777216534,-0.03544894384575117,0.2127512965358045
patient_mel3_,spatial_knn,0,ENSG00000184564,-0.020790184887079975,0.0015221292493706256,0.43689436045100627
patient_mel3_,spatial_knn,0,ENSG00000148700,-0.006893268964444758,0.04136210853647238,0.43008092042363616
patient_mel3_,spatial_knn,0,ENSG00000261857,0.023297635772271515,0.03786693906057286,1.1319120907000995
patient_mel3_,spatial_knn,0,ENSG00000012223,-0.009901731030195187,-0.017154793118323988,0.07418786414998406
patient_mel3_,spatial_knn,0,ENSG00000077984,0.010665586561270212,-0.0037199121311253984,0.26093702311555284
patient_mel3_,spatial_knn,0,ENSG00000232810,-0.013631010830522509,-0.01308944075143043,0.241713403283444
patient_mel3_,spatial_knn,0,ENSG00000162614,0.023941244637952695,-0.03135698446747919,0.3411574638562866
patient_mel3_,spatial_knn,0,ENSG00000244734,0.04515509902517113,0.0684952391376376,0.10349175319301011
patient_mel3_,spatial_knn,0,ENSG00000185404,0.00014667142299489922,0.030574992335143016,0.2423197070348598
patient_mel3_,spatial_knn,0,ENSG00000129757,-0.04504066909161503,-0.04580313435469995,0.38880236641844507
patient_mel3_,spatial_knn,0,ENSG00000150093,0.026394920574442954,0.02957756533314072,0.5179260433163747
patient_mel3_,spatial_knn,0,ENSG00000013297,0.020900102068262583,0.020072015896474622,0.1645525170910854
patient_mel3_,spatial_knn,0,ENSG00000113739,0.004781260004584418,0.04834093363095233,0.25806611358176634
patient_mel3_,spatial_knn,0,ENSG00000174607,,,0.045724424847047376
patient_mel3_,spatial_knn,0,ENSG00000110693,0.04507155305236706,0.024922205082446566,0.24893352578197278
patient_mel3_,spatial_knn,0,ENSG00000131435,-0.04235689670819754,-0.06799552882714784,1.0942305222729898
patient_mel3_,spatial_knn,0,ENSG00000108387,-0.030350997738388966,-0.02534004905352689,0.22643495390398113
patient_mel3_,spatial_knn,0,ENSG00000196664,0.009428836610625645,0.051520223924443574,0.11934938788794512
patient_mel3_,spatial_knn,0,ENSG00000164330,0.05847498623646765,0.0232786171577305,0.2509929318494897
patient_mel3_,spatial_knn,0,ENSG00000094963,,,0.07622403956232192
patient_mel3_,spatial_knn,0,ENSG00000189056,-0.012022164802191959,-0.017661878647799983,0.08132262855596453
patient_mel3_,spatial_knn,0,ENSG00000151532,-0.02341882945974886,0.025242776878074323,0.2527301210029224
patient_mel4_,mean,0,ENSG00000107317,,,0.4691087007522583
patient_mel4_,mean,0,ENSG00000019582,,,0.8466559052467346
patient_mel4_,mean,0,ENSG00000172724,,,0.4287373125553131
patient_mel4_,mean,0,ENSG00000168542,,,0.9301196932792664
patient_mel4_,mean,0,ENSG00000145824,,,0.18933768570423126
patient_mel4_,mean,0,ENSG00000196616,,,0.07205770164728165
patient_mel4_,mean,0,ENSG00000160180,,,0.26249754428863525
patient_mel4_,mean,0,ENSG00000133110,,,0.8449878096580505
patient_mel4_,mean,0,ENSG00000240583,0.0,,0.9913699626922607
patient_mel4_,mean,0,ENSG00000187608,,,0.7264896631240845
patient_mel4_,mean,0,ENSG00000181617,,,0.14920184016227722
patient_mel4_,mean,0,ENSG00000197766,0.0,,0.5300049781799316
patient_mel4_,mean,0,ENSG00000170323,0.0,,0.033381037414073944
patient_mel4_,mean,0,ENSG00000148671,0.0,,0.25772106647491455
patient_mel4_,mean,0,ENSG00000137077,,,0.8149767518043518
patient_mel4_,mean,0,ENSG00000167286,,,0.24347341060638428
patient_mel4_,mean,0,ENSG00000184113,0.0,,0.7045291662216187
patient_mel4_,mean,0,ENSG00000119922,,,0.2865667939186096
patient_mel4_,mean,0,ENSG00000105894,,,0.9037323594093323
patient_mel4_,mean,0,ENSG00000160307,,,2.4258055686950684
patient_mel4_,mean,0,ENSG00000163017,,,0.14597374200820923
patient_mel4_,mean,0,ENSG00000170345,0.0,,0.6268665194511414
patient_mel4_,mean,0,ENSG00000049540,,,0.21275778114795685
patient_mel4_,mean,0,ENSG00000099250,0.0,,0.4214063584804535
patient_mel4_,mean,0,ENSG00000110079,,,0.3745329976081848
patient_mel4_,mean,0,ENSG00000163431,,,0.13127946853637695
patient_mel4_,mean,0,ENSG00000188536,,,0.19783373177051544
patient_mel4_,mean,0,ENSG00000167641,,,0.08448538184165955
patient_mel4_,mean,0,ENSG00000184564,,,0.08285427838563919
patient_mel4_,mean,0,ENSG00000148700,,,0.315853476524353
patient_mel4_,mean,0,ENSG00000261857,0.0,,0.7394610643386841
patient_mel4_,mean,0,ENSG00000012223,,,0.05158204957842827
patient_mel4_,mean,0,ENSG00000077984,,,0.22570745646953583
patient_mel4_,mean,0,ENSG00000232810,,,0.06959740072488785
patient_mel4_,mean,0,ENSG00000162614,,,0.1322505921125412
patient_mel4_,mean,0,ENSG00000244734,0.0,,0.13083961606025696
patient_mel4_,mean,0,ENSG00000185404,,,0.1787979006767273
patient_mel4_,mean,0,ENSG00000129757,,,0.36639952659606934
patient_mel4_,mean,0,ENSG00000150093,,,0.4742349684238434
patient_mel4_,mean,0,ENSG00000013297,0.0,,0.08107838034629822
patient_mel4_,mean,0,ENSG00000113739,,,0.17359505593776703
patient_mel4_,mean,0,ENSG00000174607,,,0.109690822660923
patient_mel4_,mean,0,ENSG00000110693,,,0.2648738920688629
patient_mel4_,mean,0,ENSG00000131435,,,0.28715643286705017
patient_mel4_,mean,0,ENSG00000108387,,,0.293796569108963
patient_mel4_,mean,0,ENSG00000196664,,,0.08746415376663208
patient_mel4_,mean,0,ENSG00000164330,,,0.2054925262928009
patient_mel4_,mean,0,ENSG00000094963,,,0.12058356404304504
patient_mel4_,mean,0,ENSG00000189056,0.0,,0.03291471302509308
patient_mel4_,mean,0,ENSG00000151532,,,0.21266911923885345
patient_mel4_,pca_ridge,0,ENSG00000107317,0.0974250028830045,0.07998619367714466,0.3057595491409302
patient_mel4_,pca_ridge,0,ENSG00000019582,0.4811882838820867,0.44054245777354606,0.729027509689331
patient_mel4_,pca_ridge,0,ENSG00000172724,0.04701160945123533,0.07615791523879438,0.34842410683631897
patient_mel4_,pca_ridge,0,ENSG00000168542,0.43389454997159416,0.417580121475533,0.8851692080497742
patient_mel4_,pca_ridge,0,ENSG00000145824,,,0.07771502435207367
patient_mel4_,pca_ridge,0,ENSG00000196616,,,0.0788382962346077
patient_mel4_,pca_ridge,0,ENSG00000160180,0.03494630856903462,0.02804121504460404,0.2625252604484558
patient_mel4_,pca_ridge,0,ENSG00000133110,0.14886658618899956,0.19148786085698863,1.010001540184021
patient_mel4_,pca_ridge,0,ENSG00000240583,0.08304391645299418,0.08752531310950544,0.7986030578613281
patient_mel4_,pca_ridge,0,ENSG00000187608,0.1479206925926438,0.2102318260787394,1.3419619798660278
patient_mel4_,pca_ridge,0,ENSG00000181617,-0.1213321814090402,-0.1352124857737444,0.15652115643024445
patient_mel4_,pca_ridge,0,ENSG00000197766,0.21277562824219887,0.22622635724228857,0.5657314658164978
patient_mel4_,pca_ridge,0,ENSG00000170323,0.04446716111468577,0.05536152348794581,0.04019877687096596
patient_mel4_,pca_ridge,0,ENSG00000148671,0.15561590275956666,0.11004649955730024,0.2583995759487152
patient_mel4_,pca_ridge,0,ENSG00000137077,0.2596917094117585,0.23557348965599123,0.789741575717926
patient_mel4_,pca_ridge,0,ENSG00000167286,0.16063288023509223,0.1981076527374766,0.21940825879573822
patient_mel4_,pca_ridge,0,ENSG00000184113,0.21808646912154128,0.24145107713101405,0.6736286878585815
patient_mel4_,pca_ridge,0,ENSG00000119922,0.015413389016587557,0.07276776601797996,0.37186112999916077
patient_mel4_,pca_ridge,0,ENSG00000105894,-0.051901398274555324,-0.00803005644963611,0.696685791015625
patient_mel4_,pca_ridge,0,ENSG00000160307,0.4424593635787428,0.39199316459290273,1.8548632860183716
patient_mel4_,pca_ridge,0,ENSG00000163017,-0.019184001088733145,-0.016575388265154704,0.16454294323921204
patient_mel4_,pca_ridge,0,ENSG00000170345,0.1073462633840537,0.12247977024033806,0.609387218952179
patient_mel4_,pca_ridge,0,ENSG00000049540,0.09410069267997631,0.09150685773369739,0.2240726798772812
patient_mel4_,pca_ridge,0,ENSG00000099250,0.12982720353278734,0.1336479042325146,0.42258158326148987
patient_mel4_,pca_ridge,0,ENSG00000110079,0.07052184205410808,0.08947143956116266,0.3712303638458252
patient_mel4_,pca_ridge,0,ENSG00000163431,0.026354821826795806,0.018859178725751137,0.15577974915504456
patient_mel4_,pca_ridge,0,ENSG00000188536,0.049122876561152246,0.017777913739109134,0.19963890314102173
patient_mel4_,pca_ridge,0,ENSG00000167641,0.09472249949109582,0.10789499421328642,0.0892375186085701
patient_mel4_,pca_ridge,0,ENSG00000184564,-0.022580517270601036,-0.007503908453109161,0.08040841668844223
patient_mel4_,pca_ridge,0,ENSG00000148700,0.09040810442690032,0.06715012980670836,0.3044293224811554
patient_mel4_,pca_ridge,0,ENSG00000261857,0.4519380683628974,0.3556187570312027,0.6213083863258362
patient_mel4_,pca_ridge,0,ENSG00000012223,-0.02661807940608689,-0.044036788794431306,0.05342281237244606
patient_mel4_,pca_ridge,0,ENSG00000077984,-0.010354110972395601,0.024611805164776696,0.24764025211334229
patient_mel4_,pca_ridge,0,ENSG00000232810,0.019524661471042676,0.023465502622188477,0.06997954845428467
patient_mel4_,pca_ridge,0,ENSG00000162614,0.057890350895474646,0.06401684769096297,0.13582243025302887
patient_mel4_,pca_ridge,0,ENSG00000244734,0.020505348203838605,0.022836633254022392,0.1326388716697693
patient_mel4_,pca_ridge,0,ENSG00000185404,0.007582990266883584,-0.033652384300381456,0.17311042547225952
patient_mel4_,pca_ridge,0,ENSG00000129757,-0.05158505069464302,0.05110997939283343,0.37805062532424927
patient_mel4_,pca_ridge,0,ENSG00000150093,0.025985162822918646,0.03148107058013364,0.4782658815383911
patient_mel4_,pca_ridge,0,ENSG00000013297,0.06346737897889249,0.061103925300026,0.08175509423017502
patient_mel4_,pca_ridge,0,ENSG00000113739,-0.09119839396958977,-0.07980624567814579,0.17802836000919342
patient_mel4_,pca_ridge,0,ENSG00000174607,-0.023793563279198154,-0.028811659708903436,0.11205920577049255
patient_mel4_,pca_ridge,0,ENSG00000110693,-0.017405390320470532,-0.013976735846388698,0.2702500522136688
patient_mel4_,pca_ridge,0,ENSG00000131435,0.03354644381992723,0.043089515685828854,0.23120875656604767
patient_mel4_,pca_ridge,0,ENSG00000108387,-0.0016451178254608505,0.008718297192007847,0.29214251041412354
patient_mel4_,pca_ridge,0,ENSG00000196664,0.05220801628807437,0.0485764185893742,0.09125469624996185
patient_mel4_,pca_ridge,0,ENSG00000164330,0.0626878050300694,0.03354430588844699,0.20961152017116547
patient_mel4_,pca_ridge,0,ENSG00000094963,-0.01778288671395847,-0.022943561202447237,0.12321000546216965
patient_mel4_,pca_ridge,0,ENSG00000189056,0.03363884337420542,0.04657398007716075,0.03702022507786751
patient_mel4_,pca_ridge,0,ENSG00000151532,0.03136255737450562,0.04511253862896152,0.2147780954837799
patient_mel4_,spatial_knn,0,ENSG00000107317,-0.018596843191540768,-0.07183421550173918,0.5542696571710014
patient_mel4_,spatial_knn,0,ENSG00000019582,0.00963470328908116,0.04356405474498535,0.940945703898226
patient_mel4_,spatial_knn,0,ENSG00000172724,0.052758048262015016,0.06652133068804698,0.5337096839473223
patient_mel4_,spatial_knn,0,ENSG00000168542,-0.07227522471322775,-0.07382233197363405,1.0760589575617898
patient_mel4_,spatial_knn,0,ENSG00000145824,,,0.2896778690725304
patient_mel4_,spatial_knn,0,ENSG00000196616,,,0.12393631857717238
patient_mel4_,spatial_knn,0,ENSG00000160180,-0.028807319230814574,0.006535358137348963,0.2786186832548473
patient_mel4_,spatial_knn,0,ENSG00000133110,0.0033726790702513967,0.015691070326545015,0.9137126941838608
patient_mel4_,spatial_knn,0,ENSG00000240583,0.018438732099038364,0.02268846822900921,1.066140148094843
patient_mel4_,spatial_knn,0,ENSG00000187608,0.013876939871165781,0.0041308795069408145,0.8035499806186265
patient_mel4_,spatial_knn,0,ENSG00000181617,0.0753112302396765,0.07042281936981813,0.20270684095476488
patient_mel4_,spatial_knn,0,ENSG00000197766,-0.011143726348180078,0.020935199613757154,0.5839658144338256
patient_mel4_,spatial_knn,0,ENSG00000170323,-0.01965132307638343,-0.025845415500455205,0.06681683378812366
patient_mel4_,spatial_knn,0,ENSG00000148671,-0.05936914785885214,-0.0309593591429484,0.2925304046251505
patient_mel4_,spatial_knn,0,ENSG00000137077,0.038255348766956646,0.029101809788559346,0.9296382165803084
patient_mel4_,spatial_knn,0,ENSG00000167286,0.04379631443026735,0.053871293958764686,0.3100742966047774
patient_mel4_,spatial_knn,0,ENSG00000184113,-0.09829677407219277,-0.0695977236086415,0.7472654629431016
patient_mel4_,spatial_knn,0,ENSG00000119922,-0.050375002974600014,-0.1382841893744758,0.3272715540783277
patient_mel4_,spatial_knn,0,ENSG00000105894,0.0057315460048025825,0.035971194310405546,1.0004347675854912
patient_mel4_,spatial_knn,0,ENSG00000160307,0.18669337226833155,0.17842121254505097,2.4200918935284044
patient_mel4_,spatial_knn,0,ENSG00000163017,0.03435127045044103,0.04926139759108786,0.18929044041783258
patient_mel4_,spatial_knn,0,ENSG00000170345,0.04702456690240656,0.03649207315237854,0.6780063199624528
patient_mel4_,spatial_knn,0,ENSG00000049540,-0.01604611910849233,-0.015455911929609895,0.2667738687223584
patient_mel4_,spatial_knn,0,ENSG00000099250,0.0819241986150448,0.09459619680286428,0.43727538576883346
patient_mel4_,spatial_knn,0,ENSG00000110079,-0.0185442993578618,-0.007595180719539695,0.3981354847144223
patient_mel4_,spatial_knn,0,ENSG00000163431,0.03337755951752434,0.07635660663109642,0.174611449742049
patient_mel4_,spatial_knn,0,ENSG00000188536,-0.01306888561821903,-0.008686367456248642,0.22832296404335692
patient_mel4_,spatial_knn,0,ENSG00000167641,0.05389443835220282,0.05064244331693167,0.10187398272686556
patient_mel4_,spatial_knn,0,ENSG00000184564,0.00188396434653448,0.024074874092318125,0.1091889695867669
patient_mel4_,spatial_knn,0,ENSG00000148700,-0.04041910727752397,-0.05190273721491977,0.3509740619421261
patient_mel4_,spatial_knn,0,ENSG00000261857,0.124584772542804,0.13378694480019843,0.7968960692887705
patient_mel4_,spatial_knn,0,ENSG00000012223,0.03270039566019966,0.06130743122510694,0.062434107292437424
patient_mel4_,spatial_knn,0,ENSG00000077984,-0.0056672378347209125,0.01667362868031302,0.26000294205412805
patient_mel4_,spatial_knn,0,ENSG00000232810,-0.022946586829431934,-0.03174779220117316,0.11316341049364145
patient_mel4_,spatial_knn,0,ENSG00000162614,-0.028175930744643498,-0.008936627561456892,0.16505493491949833
patient_mel4_,spatial_knn,0,ENSG00000244734,-0.032939284662149,-0.023183227200815327,0.1541512029273841
patient_mel4_,spatial_knn,0,ENSG00000185404,0.013494348460170837,0.027539038847866744,0.205313412052615
patient_mel4_,spatial_knn,0,ENSG00000129757,-0.008103705126342908,-0.003444040703596741,0.3870262006723542
patient_mel4_,spatial_knn,0,ENSG00000150093,0.09797287813121378,0.058459962698450434,0.48984043731495663
patient_mel4_,spatial_knn,0,ENSG00000013297,-0.029076724268253768,-0.028253185367741136,0.09702144154948109
patient_mel4_,spatial_knn,0,ENSG00000113739,0.03913624659137341,0.05412614125858874,0.1785701313990445
patient_mel4_,spatial_knn,0,ENSG00000174607,0.17134284970558566,0.04238915016187488,0.10921231364653458
patient_mel4_,spatial_knn,0,ENSG00000110693,0.0045691363617381756,-0.014907869369497985,0.2967820830014546
patient_mel4_,spatial_knn,0,ENSG00000131435,-0.047437024163997074,-0.061408086459488205,0.3422859897451631
patient_mel4_,spatial_knn,0,ENSG00000108387,0.10336389032338988,0.05472213835637155,0.2969915071505904
patient_mel4_,spatial_knn,0,ENSG00000196664,0.004736454340059874,0.017569857419218342,0.11017926252240894
patient_mel4_,spatial_knn,0,ENSG00000164330,0.03976056678385248,0.09957675136762652,0.21778926336023927
patient_mel4_,spatial_knn,0,ENSG00000094963,-0.04592812766405753,-0.04709123822278254,0.1375746228309576
patient_mel4_,spatial_knn,0,ENSG00000189056,-0.014768508676627237,-0.019027650773396344,0.06044165650659927
patient_mel4_,spatial_knn,0,ENSG00000151532,0.08774784365850602,0.04923430531864139,0.22275358583718835
random,mean,1,ENSG00000107317,,,0.8164525628089905
random,mean,1,ENSG00000019582,,,1.19312584400177
random,mean,1,ENSG00000172724,,,0.7117597460746765
random,mean,1,ENSG00000168542,0.0,,1.138270378112793
random,mean,1,ENSG00000145824,,,0.5369620323181152
random,mean,1,ENSG00000196616,0.0,,0.13306713104248047
random,mean,1,ENSG00000160180,,,0.2768852710723877
random,mean,1,ENSG00000133110,,,1.0570260286331177
random,mean,1,ENSG00000240583,,,1.1924614906311035
random,mean,1,ENSG00000187608,,,0.9410569071769714
random,mean,1,ENSG00000181617,,,0.4266630709171295
random,mean,1,ENSG00000197766,,,0.7177673578262329
random,mean,1,ENSG00000170323,0.0,,0.17108798027038574
random,mean,1,ENSG00000148671,,,0.47583338618278503
random,mean,1,ENSG00000137077,,,1.2075806856155396
random,mean,1,ENSG00000167286,,,0.4143539369106293
random,mean,1,ENSG00000184113,,,0.6437332034111023
random,mean,1,ENSG00000119922,,,0.46097230911254883
random,mean,1,ENSG00000105894,,,1.1641262769699097
random,mean,1,ENSG00000160307,0.0,,1.4573736190795898
random,mean,1,ENSG00000163017,,,0.2833365797996521
random,mean,1,ENSG00000170345,0.0,,0.8933968544006348
random,mean,1,ENSG00000049540,0.0,,0.4316534698009491
random,mean,1,ENSG00000099250,,,0.5056219696998596
random,mean,1,ENSG00000110079,,,0.3184742331504822
random,mean,1,ENSG00000163431,0.0,,0.3291230797767639
random,mean,1,ENSG00000188536,0.0,,0.5508992671966553
random,mean,1,ENSG00000167641,,,0.2507208287715912
random,mean,1,ENSG00000184564,,,0.18480300903320312
random,mean,1,ENSG00000148700,,,0.5218468308448792
random,mean,1,ENSG00000261857,,,1.237432599067688
random,mean,1,ENSG00000012223,,,0.14970804750919342
random,mean,1,ENSG00000077984,,,0.38025930523872375
random,mean,1,ENSG00000232810,,,0.10341298580169678
random,mean,1,ENSG00000162614,0.0,,0.3166216015815735
random,mean,1,ENSG00000244734,0.0,,0.3284522593021393
random,mean,1,ENSG00000185404,,,0.3813095688819885
random,mean,1,ENSG00000129757,0.0,,0.37765103578567505
random,mean,1,ENSG00000150093,,,0.5448599457740784
random,mean,1,ENSG00000013297,,,0.19469888508319855
random,mean,1,ENSG00000113739,,,0.15643532574176788
random,mean,1,ENSG00000174607,,,0.09041440486907959
random,mean,1,ENSG00000110693,,,0.35160598158836365
random,mean,1,ENSG00000131435,0.0,,0.5934358835220337
random,mean,1,ENSG00000108387,,,0.24092942476272583
random,mean,1,ENSG00000196664,,,0.14653214812278748
random,mean,1,ENSG00000164330,0.0,,0.36167243123054504
random,mean,1,ENSG00000094963,0.0,,0.18459706008434296
random,mean,1,ENSG00000189056,0.0,,0.2539958953857422
random,mean,1,ENSG00000151532,,,0.3175048828125
random,pca_ridge,1,ENSG00000107317,0.6559767092251495,0.4641525791729857,0.628204345703125
random,pca_ridge,1,ENSG00000019582,0.755454195899678,0.7478412757618403,0.7860233187675476
random,pca_ridge,1,ENSG00000172724,0.5592832821756228,0.4251550523967685,0.5893638134002686
random,pca_ridge,1,ENSG00000168542,0.536409649683818,0.48773065775894214,0.9523447155952454
random,pca_ridge,1,ENSG00000145824,0.36930036243305686,0.35872133384224364,0.5005064010620117
random,pca_ridge,1,ENSG00000196616,0.17560641318683984,0.14542239002969387,0.1643509566783905
random,pca_ridge,1,ENSG00000160180,0.10117782709726789,0.16290914092994074,0.2767246961593628
random,pca_ridge,1,ENSG00000133110,0.680109278197245,0.6698532295965234,0.7740337252616882
random,pca_ridge,1,ENSG00000240583,0.821249280514473,0.6899684802301622,0.6820946931838989
random,pca_ridge,1,ENSG00000187608,0.5172768461474054,0.4492286843314922,0.8115532398223877
random,pca_ridge,1,ENSG00000181617,0.5502673762600981,0.4058471313054994,0.3559524118900299
random,pca_ridge,1,ENSG00000197766,0.30736451712031354,0.3282624463210606,0.6836530566215515
random,pca_ridge,1,ENSG00000170323,0.1252367275773959,0.13047224139127972,0.17137335240840912
random,pca_ridge,1,ENSG00000148671,0.32696211183781915,0.23795568679274376,0.45018643140792847
random,pca_ridge,1,ENSG00000137077,0.6648431180016282,0.5214057221867043,0.9199542999267578
random,pca_ridge,1,ENSG00000167286,0.4664060370697984,0.343851244127815,0.36597558856010437
random,pca_ridge,1,ENSG00000184113,0.36211658922143825,0.38525167291512147,0.5997042655944824
random,pca_ridge,1,ENSG00000119922,0.21752050814742196,0.24827154437260066,0.4511338770389557
random,pca_ridge,1,ENSG00000105894,0.9432200360044914,0.7083477807452386,0.38831719756126404
random,pca_ridge,1,ENSG00000160307,0.8716014575932457,0.8778007353737648,0.7181344032287598
random,pca_ridge,1,ENSG00000163017,0.3369434397138003,0.28396865862093085,0.2672131061553955
random,pca_ridge,1,ENSG00000170345,0.3155438044837511,0.35787036012108003,0.8498947024345398
random,pca_ridge,1,ENSG00000049540,0.2596722003118606,0.2432497278171373,0.4180378019809723
random,pca_ridge,1,ENSG00000099250,0.26398722463215646,0.27721773902255564,0.48997876048088074
random,pca_ridge,1,ENSG00000110079,0.12215435106566733,0.14229709730864246,0.3207279145717621
random,pca_ridge,1,ENSG00000163431,0.09100824333032603,0.08699808751401544,0.3320246636867523
random,pca_ridge,1,ENSG00000188536,0.15837192832493274,0.1415015999284763,0.5443534851074219
random,pca_ridge,1,ENSG00000167641,0.09308095090385456,0.03625091334762926,0.24996317923069
random,pca_ridge,1,ENSG00000184564,0.17864772170845708,0.20205028344618237,0.18459615111351013
random,pca_ridge,1,ENSG00000148700,0.23958134629700764,0.24388259926819078,0.5072697997093201
random,pca_ridge,1,ENSG00000261857,0.7668905967063122,0.8027042425213279,0.7970905303955078
random,pca_ridge,1,ENSG00000012223,0.15692953892087488,0.15862095876406077,0.1479407101869583
random,pca_ridge,1,ENSG00000077984,0.27201880732100764,0.25292265040410983,0.3677988052368164
random,pca_ridge,1,ENSG00000232810,0.06665132639129483,0.08538769212000051,0.1065586656332016
random,pca_ridge,1,ENSG00000162614,0.08173893362460634,0.08290306992060865,0.3168127238750458
random,pca_ridge,1,ENSG00000244734,0.06382726183546672,0.064975770619424,0.32820963859558105
random,pca_ridge,1,ENSG00000185404,0.13287974937263872,0.15231107239051475,0.3788255751132965
random,pca_ridge,1,ENSG00000129757,0.10110284228116204,0.1095856639292756,0.3773389160633087
random,pca_ridge,1,ENSG00000150093,0.04688808075393192,0.11170252075548807,0.5552282333374023
random,pca_ridge,1,ENSG00000013297,0.06595669406802745,0.057132288588146535,0.19472703337669373
random,pca_ridge,1,ENSG00000113739,-0.10051559757057725,-0.07004486982026606,0.16121956706047058
random,pca_ridge,1,ENSG00000174607,-0.08115555596245054,-0.08961933410802958,0.09449267387390137
random,pca_ridge,1,ENSG00000110693,0.19909272005294018,0.19454381149395744,0.34788748621940613
random,pca_ridge,1,ENSG00000131435,0.7119864758425895,0.5952845676860126,0.43650174140930176
random,pca_ridge,1,ENSG00000108387,0.03250379159633317,0.04129121697942899,0.24294841289520264
random,pca_ridge,1,ENSG00000196664,0.10780230986301174,0.11168993423820184,0.147222101688385
random,pca_ridge,1,ENSG00000164330,0.1348037249933512,0.1423320144318002,0.3588504195213318
random,pca_ridge,1,ENSG00000094963,0.06091746484944343,0.06706527518453692,0.18622997403144836
random,pca_ridge,1,ENSG00000189056,0.08286725394585248,0.049250150490732905,0.25334838032722473
random,pca_ridge,1,ENSG00000151532,-0.060522166715049126,-0.04357053961708289,0.3244504928588867
random,spatial_knn,1,ENSG00000107317,0.0681040308603109,0.05406480071794357,0.8363185068858048
random,spatial_knn,1,ENSG00000019582,-0.0636676921967289,-0.043655176966893396,1.3023261116957185
random,spatial_knn,1,ENSG00000172724,0.04913862450614829,0.04588906967672771,0.7415838066502397
random,spatial_knn,1,ENSG00000168542,-0.04545469437508111,-0.02203540043828557,1.2230055839915637
random,spatial_knn,1,ENSG00000145824,-0.11375686433038484,-0.1132534565900076,0.5786085551421724
random,spatial_knn,1,ENSG00000196616,-0.0481276262024374,-0.03757323195025664,0.16928041926816814
random,spatial_knn,1,ENSG00000160180,0.18919813621613807,0.1871165610652472,0.2732883820584822
random,spatial_knn,1,ENSG00000133110,0.012218738336042045,0.005224651408982034,1.1047074111336084
random,spatial_knn,1,ENSG00000240583,-0.2464637251860832,-0.21558333434961913,1.3300075625274672
random,spatial_knn,1,ENSG00000187608,-0.033195097077442656,-0.03225250379253822,1.0022612530562813
random,spatial_knn,1,ENSG00000181617,0.004765048254888401,0.011817805567244037,0.45489588891658433
random,spatial_knn,1,ENSG00000197766,-0.034212979040613545,0.03299387509594257,0.7599594046292073
random,spatial_knn,1,ENSG00000170323,-0.04329700967593345,-0.06563247733112687,0.18634869048779734
random,spatial_knn,1,ENSG00000148671,-0.0029394221113276903,0.0062381764321038915,0.48997449606123433
random,spatial_knn,1,ENSG00000137077,0.05284196212324858,-0.0026797650920021517,1.2579545563991783
random,spatial_knn,1,ENSG00000167286,-0.004311980516493037,0.028516585943508515,0.4503731212358564
random,spatial_knn,1,ENSG00000184113,0.0450070451706094,0.03293093735615899,0.6635614850991574
random,spatial_knn,1,ENSG00000119922,-0.12340609910890168,-0.1474404261357313,0.4987329525719153
random,spatial_knn,1,ENSG00000105894,-0.29107634692721984,-0.3441821764438852,1.3021563845879032
random,spatial_knn,1,ENSG00000160307,-0.027854269410180828,-0.06649123417685794,1.5424317580609967
random,spatial_knn,1,ENSG00000163017,-0.029011032863300642,-0.008475168035904312,0.3131802154379701
random,spatial_knn,1,ENSG00000170345,-0.08105405557105849,-0.08159852323471378,0.9483087001838745
random,spatial_knn,1,ENSG00000049540,-0.16724550503723704,-0.16074618727427326,0.48206464070771926
random,spatial_knn,1,ENSG00000099250,-0.029686818348329903,-0.07321967848303175,0.5267228133266155
random,spatial_knn,1,ENSG00000110079,0.0702682992839323,0.08040038525378533,0.33004114662928585
random,spatial_knn,1,ENSG00000163431,0.01246350429464029,0.045968055389684195,0.339856149276883
random,spatial_knn,1,ENSG00000188536,-0.03245178102632212,0.0011305249558468977,0.574534774506192
random,spatial_knn,1,ENSG00000167641,-0.011733984491038648,0.028189918894970353,0.25792600193430276
random,spatial_knn,1,ENSG00000184564,-0.03916864705121497,-0.0549538323320958,0.21381876845435124
random,spatial_knn,1,ENSG00000148700,-0.03252201753220027,-0.010684800848972218,0.5499176214139593
random,spatial_knn,1,ENSG00000261857,-0.023891439842651026,-0.07992614582317346,1.3085119963569438
random,spatial_knn,1,ENSG00000012223,-0.0379960742600101,-0.048143264116443894,0.15419887466462565
random,spatial_knn,1,ENSG00000077984,0.08129116956068397,0.04110292102431787,0.38570494978231157
random,spatial_knn,1,ENSG00000232810,-0.04271561652811694,-0.07461205642933831,0.1332310092085589
random,spatial_knn,1,ENSG00000162614,0.13917972589312394,0.07159214549451415,0.31581072927003767
random,spatial_knn,1,ENSG00000244734,0.04378344351043307,0.09051823216175363,0.3317529817550418
random,spatial_knn,1,ENSG00000185404,-0.0754761675847295,-0.0499713666308865,0.40703349210984446
random,spatial_knn,1,ENSG00000129757,-0.004205072490772418,-0.026104848749657072,0.4017553042035394
random,spatial_knn,1,ENSG00000150093,0.12442247825404096,0.08840685414344017,0.5571392460597882
random,spatial_knn,1,ENSG00000013297,-0.0051033989693993545,0.0023790704323987818,0.19922648565007836
random,spatial_knn,1,ENSG00000113739,0.06592872446438566,0.09316216402714395,0.1613834762762415
random,spatial_knn,1,ENSG00000174607,-0.015956116592121712,-0.02097569140408162,0.09508868677322453
random,spatial_knn,1,ENSG00000110693,-0.046383904820502746,-0.05251888550483096,0.367940339712189
random,spatial_knn,1,ENSG00000131435,-0.1278428122347219,-0.13002774889830518,0.6342037852989576
random,spatial_knn,1,ENSG00000108387,0.08835851009395893,0.08865428682522083,0.2494837996937646
random,spatial_knn,1,ENSG00000196664,0.06355268900863494,0.08139346808937636,0.16019052145239235
random,spatial_knn,1,ENSG00000164330,0.04384022838763694,0.03199881089269859,0.36639910222052313
random,spatial_knn,1,ENSG00000094963,0.05504303067816808,0.05692044447886742,0.1921908629594026
random,spatial_knn,1,ENSG00000189056,-0.03448421822279242,-0.048143264116443894,0.2605609327187836
random,spatial_knn,1,ENSG00000151532,0.05252556821094899,0.1022799043393729,0.32437204668756875
matched_hop0,mean,1,ENSG00000107317,0.0,,0.7379381060600281
matched_hop0,mean,1,ENSG00000019582,,,1.2191144227981567
matched_hop0,mean,1,ENSG00000172724,,,0.7884659767150879
matched_hop0,mean,1,ENSG00000168542,,,1.1734068393707275
matched_hop0,mean,1,ENSG00000145824,0.0,,0.5903656482696533
matched_hop0,mean,1,ENSG00000196616,0.0,,0.48188114166259766
matched_hop0,mean,1,ENSG00000160180,,,0.3114936649799347
matched_hop0,mean,1,ENSG00000133110,,,1.0660889148712158
matched_hop0,mean,1,ENSG00000240583,,,1.203395962715149
matched_hop0,mean,1,ENSG00000187608,,,0.9938417077064514
matched_hop0,mean,1,ENSG00000181617,0.0,,0.3813331127166748
matched_hop0,mean,1,ENSG00000197766,,,0.8650689125061035
matched_hop0,mean,1,ENSG00000170323,,,0.2448047697544098
matched_hop0,mean,1,ENSG00000148671,,,0.47147136926651
matched_hop0,mean,1,ENSG00000137077,,,1.1699520349502563
matched_hop0,mean,1,ENSG00000167286,,,0.4559435248374939
matched_hop0,mean,1,ENSG00000184113,0.0,,0.6265387535095215
matched_hop0,mean,1,ENSG00000119922,,,0.36152198910713196
matched_hop0,mean,1,ENSG00000105894,0.0,,1.1834194660186768
matched_hop0,mean,1,ENSG00000160307,,,1.5392009019851685
matched_hop0,mean,1,ENSG00000163017,,,0.29966041445732117
matched_hop0,mean,1,ENSG00000170345,,,0.8508083820343018
matched_hop0,mean,1,ENSG00000049540,,,0.43047282099723816
matched_hop0,mean,1,ENSG00000099250,,,0.49312731623649597
matched_hop0,mean,1,ENSG00000110079,,,0.35725927352905273
matched_hop0,mean,1,ENSG00000163431,,,0.3372972905635834
matched_hop0,mean,1,ENSG00000188536,0.0,,0.3852713108062744
matched_hop0,mean,1,ENSG00000167641,0.0,,0.19888608157634735
matched_hop0,mean,1,ENSG00000184564,0.0,,0.19921515882015228
matched_hop0,mean,1,ENSG00000148700,,,0.480540007352829
matched_hop0,mean,1,ENSG00000261857,,,1.2869539260864258
matched_hop0,mean,1,ENSG00000012223,0.0,,0.03675651550292969
matched_hop0,mean,1,ENSG00000077984,,,0.3838587999343872
matched_hop0,mean,1,ENSG00000232810,,,0.15088076889514923
matched_hop0,mean,1,ENSG00000162614,,,0.3195631504058838
matched_hop0,mean,1,ENSG00000244734,,,0.2658836841583252
matched_hop0,mean,1,ENSG00000185404,,,0.3546924591064453
matched_hop0,mean,1,ENSG00000129757,0.0,,0.4681757390499115
matched_hop0,mean,1,ENSG00000150093,,,0.4756264090538025
matched_hop0,mean,1,ENSG00000013297,,,0.08868325501680374
matched_hop0,mean,1,ENSG00000113739,0.0,,0.19144725799560547
matched_hop0,mean,1,ENSG00000174607,,,0.1266133338212967
matched_hop0,mean,1,ENSG00000110693,,,0.336662620306015
matched_hop0,mean,1,ENSG00000131435,0.0,,0.5636144280433655
matched_hop0,mean,1,ENSG00000108387,,,0.27384060621261597
matched_hop0,mean,1,ENSG00000196664,,,0.17866232991218567
matched_hop0,mean,1,ENSG00000164330,,,0.33714795112609863
matched_hop0,mean,1,ENSG00000094963,0.0,,0.21692371368408203
matched_hop0,mean,1,ENSG00000189056,,,0.18956038355827332
matched_hop0,mean,1,ENSG00000151532,,,0.3214890658855438
matched_hop0,pca_ridge,1,ENSG00000107317,0.4962860591875514,0.3648365865624968,0.6448926329612732
matched_hop0,pca_ridge,1,ENSG00000019582,0.7325653845310899,0.7544094382378193,0.8273065686225891
matched_hop0,pca_ridge,1,ENSG00000172724,0.5860421579648475,0.46304252719691325,0.6377472281455994
matched_hop0,pca_ridge,1,ENSG00000168542,0.5376428167254622,0.5070455372516328,0.9890881180763245
matched_hop0,pca_ridge,1,ENSG00000145824,0.47831045093750213,0.40336889496191425,0.5230585336685181
matched_hop0,pca_ridge,1,ENSG00000196616,0.4237422184115516,0.3482265262006664,0.4546421766281128
matched_hop0,pca_ridge,1,ENSG00000160180,0.13779348780987086,0.17644107834869,0.3093876838684082
matched_hop0,pca_ridge,1,ENSG00000133110,0.6526023641066423,0.6531001432279213,0.8116929531097412
matched_hop0,pca_ridge,1,ENSG00000240583,0.8331323708265078,0.6931430043690242,0.6674947142601013
matched_hop0,pca_ridge,1,ENSG00000187608,0.6718754752502766,0.5744804848148934,0.7397435307502747
matched_hop0,pca_ridge,1,ENSG00000181617,0.31355537239534453,0.27741982960926337,0.3866324722766876
matched_hop0,pca_ridge,1,ENSG00000197766,0.333775449979078,0.352959724633044,0.8217946290969849
matched_hop0,pca_ridge,1,ENSG00000170323,0.11702993994434262,0.12219128445015721,0.24342185258865356
matched_hop0,pca_ridge,1,ENSG00000148671,0.3717970492753725,0.283647360292557,0.43839961290359497
matched_hop0,pca_ridge,1,ENSG00000137077,0.6802684355261596,0.5503054373976014,0.8718554377555847
matched_hop0,pca_ridge,1,ENSG00000167286,0.3733372800270319,0.29445291482584696,0.4238140881061554
matched_hop0,pca_ridge,1,ENSG00000184113,0.3804364659142911,0.37171573645259,0.5790753364562988
matched_hop0,pca_ridge,1,ENSG00000119922,0.190730361901165,0.17525059263477866,0.35788941383361816
matched_hop0,pca_ridge,1,ENSG00000105894,0.9185811609680088,0.6952585528347994,0.4675574004650116
matched_hop0,pca_ridge,1,ENSG00000160307,0.8618607666179766,0.8649763397471054,0.7809086441993713
matched_hop0,pca_ridge,1,ENSG00000163017,0.1509655741603481,0.113780015144792,0.2998802661895752
matched_hop0,pca_ridge,1,ENSG00000170345,0.3359952928991889,0.3069374673569543,0.805027961730957
matched_hop0,pca_ridge,1,ENSG00000049540,0.288933799713873,0.27747818653379946,0.4128405749797821
matched_hop0,pca_ridge,1,ENSG00000099250,0.1784496285207595,0.1884082413925148,0.48584574460983276
matched_hop0,pca_ridge,1,ENSG00000110079,0.17642863145885299,0.1853221957177291,0.35207563638687134
matched_hop0,pca_ridge,1,ENSG00000163431,0.15894713428021956,0.14344419948472478,0.3340235650539398
matched_hop0,pca_ridge,1,ENSG00000188536,0.086414079944732,0.09923667742466104,0.3851912021636963
matched_hop0,pca_ridge,1,ENSG00000167641,0.12496833299696619,0.13202108926083111,0.1985996514558792
matched_hop0,pca_ridge,1,ENSG00000184564,0.31713146637482453,0.23795391864156956,0.18894536793231964
matched_hop0,pca_ridge,1,ENSG00000148700,0.21619955532947974,0.21346354652004887,0.46960920095443726
matched_hop0,pca_ridge,1,ENSG00000261857,0.7992186914199749,0.8092727256002146,0.7765380144119263
matched_hop0,pca_ridge,1,ENSG00000012223,0.07688541520628664,0.06606533398342272,0.042642492800951004
matched_hop0,pca_ridge,1,ENSG00000077984,0.16192349378950224,0.17103994211775872,0.37949082255363464
matched_hop0,pca_ridge,1,ENSG00000232810,0.0500099479692759,0.06245199524945574,0.15319550037384033
matched_hop0,pca_ridge,1,ENSG00000162614,0.07141705477099643,0.0776630383353026,0.3207457661628723
matched_hop0,pca_ridge,1,ENSG00000244734,-0.047466238769884136,0.03134965827583682,0.2703441381454468
matched_hop0,pca_ridge,1,ENSG00000185404,0.0888878916019777,0.08290570068194991,0.35601696372032166
matched_hop0,pca_ridge,1,ENSG00000129757,0.0737431360010089,0.0571110801849212,0.4695322811603546
matched_hop0,pca_ridge,1,ENSG00000150093,0.12294079690330025,0.12348775337123369,0.47488027811050415
matched_hop0,pca_ridge,1,ENSG00000013297,0.032272891528818536,-0.0028919042690314614,0.09158025681972504
matched_hop0,pca_ridge,1,ENSG00000113739,0.00417977205072705,-0.003359778069618083,0.19304858148097992
matched_hop0,pca_ridge,1,ENSG00000174607,0.03093949105059101,0.02446871270054809,0.12750530242919922
matched_hop0,pca_ridge,1,ENSG00000110693,0.21046802198491082,0.14985038624292668,0.33210819959640503
matched_hop0,pca_ridge,1,ENSG00000131435,0.6006139943592756,0.5094746939139241,0.4508829414844513
matched_hop0,pca_ridge,1,ENSG00000108387,0.03178188690914162,0.07539874516842071,0.27626246213912964
matched_hop0,pca_ridge,1,ENSG00000196664,0.06262113041018108,0.054760989263053804,0.18117746710777283
matched_hop0,pca_ridge,1,ENSG00000164330,0.19660043483323722,0.16201588153824117,0.33121824264526367
matched_hop0,pca_ridge,1,ENSG00000094963,0.017877788149267042,0.013993122059955386,0.21982039511203766
matched_hop0,pca_ridge,1,ENSG00000189056,0.026138723848584587,0.02917505090701748,0.19134850800037384
matched_hop0,pca_ridge,1,ENSG00000151532,0.0759268134924363,0.025681314653820238,0.3210483193397522
matched_hop0,spatial_knn,1,ENSG00000107317,0.013032953592662875,-0.016478339529884686,0.7739921730621753
matched_hop0,spatial_knn,1,ENSG00000019582,0.13354148761109733,0.12597472601707932,1.2264726752834432
matched_hop0,spatial_knn,1,ENSG00000172724,0.06679517258162924,0.03531582019306414,0.812041325195481
matched_hop0,spatial_knn,1,ENSG00000168542,0.12897172403255522,0.10349547317841527,1.1779232140090694
matched_hop0,spatial_knn,1,ENSG00000145824,0.046501584829605064,0.05033244420878449,0.6063863347388535
matched_hop0,spatial_knn,1,ENSG00000196616,0.06348070738886295,0.015223630958895522,0.4806424964268774
matched_hop0,spatial_knn,1,ENSG00000160180,-0.009124292665186658,0.007732966659628952,0.3159559801473754
matched_hop0,spatial_knn,1,ENSG00000133110,-0.027621327098602527,-0.021360752060771003,1.1366065385519026
matched_hop0,spatial_knn,1,ENSG00000240583,0.00504830112982499,-0.003510842576953432,1.230786540495813
matched_hop0,spatial_knn,1,ENSG00000187608,-0.0023339093872631186,0.027282311386514903,1.0136799672335524
matched_hop0,spatial_knn,1,ENSG00000181617,0.01900105523872208,0.010643082551814299,0.394992056353948
matched_hop0,spatial_knn,1,ENSG00000197766,0.051393804296740536,0.060790360373720216,0.8742755383919574
matched_hop0,spatial_knn,1,ENSG00000170323,0.17573409601013587,0.07712344181164156,0.2412572257752247
matched_hop0,spatial_knn,1,ENSG00000148671,0.003891053930320921,0.006279163063946593,0.4902985443008642
matched_hop0,spatial_knn,1,ENSG00000137077,0.20932908537004047,0.154581379107118,1.1483501621173198
matched_hop0,spatial_knn,1,ENSG00000167286,0.1386125719372039,0.09466950886950552,0.4568958147703308
matched_hop0,spatial_knn,1,ENSG00000184113,-0.04317013210190238,-0.05580271127648862,0.6562931768148952
matched_hop0,spatial_knn,1,ENSG00000119922,0.00266978934160418,0.005233832654416203,0.3857470476802255
matched_hop0,spatial_knn,1,ENSG00000105894,0.042145703824900654,0.04101476948536807,1.2149500526062587
matched_hop0,spatial_knn,1,ENSG00000160307,0.030646987337169862,0.019373756436354576,1.61511246780521
matched_hop0,spatial_knn,1,ENSG00000163017,0.03788661987536981,0.018197076509787233,0.3066770029491533
matched_hop0,spatial_knn,1,ENSG00000170345,0.05648814259624193,0.04170248847665925,0.8689734435247026
matched_hop0,spatial_knn,1,ENSG00000049540,0.036788078328265805,0.005899706922266643,0.4524142890815998
matched_hop0,spatial_knn,1,ENSG00000099250,-0.02375611947489161,-0.054043251427285326,0.5105470712034991
matched_hop0,spatial_knn,1,ENSG00000110079,0.033709971183339224,0.029585533024084416,0.36152995401705157
matched_hop0,spatial_knn,1,ENSG00000163431,0.04862419856751122,0.059403563001856244,0.3410399917986916
matched_hop0,spatial_knn,1,ENSG00000188536,0.11993876140438223,0.030924480403079362,0.4150748367181557
matched_hop0,spatial_knn,1,ENSG00000167641,0.021482618551601333,0.04375837912062745,0.20195896771907246
matched_hop0,spatial_knn,1,ENSG00000184564,0.01732300438689252,0.01566400600614166,0.20866742726708082
matched_hop0,spatial_knn,1,ENSG00000148700,0.04500334244576665,0.027389441779337383,0.48488783041306843
matched_hop0,spatial_knn,1,ENSG00000261857,0.05958392197227672,0.050880174504976144,1.3698806360274238
matched_hop0,spatial_knn,1,ENSG00000012223,0.0,,0.0345066561719873
matched_hop0,spatial_knn,1,ENSG00000077984,0.11037999030558786,0.09986451923860999,0.3833981498274397
matched_hop0,spatial_knn,1,ENSG00000232810,0.01262637311971861,0.005470871746695353,0.15268717462026102
matched_hop0,spatial_knn,1,ENSG00000162614,0.03655189793862813,0.01775125304354504,0.32296351446528054
matched_hop0,spatial_knn,1,ENSG00000244734,0.028158557676257124,0.010177541409178842,0.2676945961962761
matched_hop0,spatial_knn,1,ENSG00000185404,-0.00551642165762942,-0.01917310293083146,0.36069575948242244
matched_hop0,spatial_knn,1,ENSG00000129757,-0.03475064594599631,-0.028533396513952917,0.48388817953199775
matched_hop0,spatial_knn,1,ENSG00000150093,0.07664179387783358,0.06040585892280544,0.4829172404106993
matched_hop0,spatial_knn,1,ENSG00000013297,-0.0346665731079488,-0.020917387138639477,0.09666050718974331
matched_hop0,spatial_knn,1,ENSG00000113739,-0.01634165581332526,0.0009127300719297084,0.19647178654598904
matched_hop0,spatial_knn,1,ENSG00000174607,0.005532767107230323,0.06310456522992812,0.14764412340542007
matched_hop0,spatial_knn,1,ENSG00000110693,0.012188177068440605,0.055949691671104945,0.3596403454860404
matched_hop0,spatial_knn,1,ENSG00000131435,0.022684361789129887,0.03730204259466835,0.5770391186897947
matched_hop0,spatial_knn,1,ENSG00000108387,0.033380738993867586,-0.010317228028121227,0.2777130946632453
matched_hop0,spatial_knn,1,ENSG00000196664,0.010223373112242157,-0.018989210817749645,0.19178923445895255
matched_hop0,spatial_knn,1,ENSG00000164330,-0.05817776059440192,-0.07407412677608674,0.36067729108572244
matched_hop0,spatial_knn,1,ENSG00000094963,-0.04628952442498647,-0.02420468623295631,0.2296100061032349
matched_hop0,spatial_knn,1,ENSG00000189056,0.0,,0.19047071370558358
matched_hop0,spatial_knn,1,ENSG00000151532,-0.01021851001267846,0.00971877710180287,0.32761256049541204
random,mean,2,ENSG00000107317,,,0.7949451208114624
random,mean,2,ENSG00000019582,0.0,,1.2290866374969482
random,mean,2,ENSG00000172724,0.0,,0.8726868629455566
random,mean,2,ENSG00000168542,,,1.2053431272506714
random,mean,2,ENSG00000145824,0.0,,0.5005099773406982
random,mean,2,ENSG00000196616,,,0.2775160074234009
random,mean,2,ENSG00000160180,,,0.23233897984027863
random,mean,2,ENSG00000133110,,,1.0845946073532104
random,mean,2,ENSG00000240583,,,1.1665769815444946
random,mean,2,ENSG00000187608,0.0,,0.9821773767471313
random,mean,2,ENSG00000181617,0.0,,0.4808456003665924
random,mean,2,ENSG00000197766,0.0,,0.6929308176040649
random,mean,2,ENSG00000170323,0.0,,0.2184796780347824
random,mean,2,ENSG00000148671,0.0,,0.4086650311946869
random,mean,2,ENSG00000137077,,,1.220371127128601
random,mean,2,ENSG00000167286,0.0,,0.44600436091423035
random,mean,2,ENSG00000184113,0.0,,0.5553368330001831
random,mean,2,ENSG00000119922,,,0.3469659388065338
random,mean,2,ENSG00000105894,0.0,,1.1426115036010742
random,mean,2,ENSG00000160307,,,1.6135426759719849
random,mean,2,ENSG00000163017,,,0.31277841329574585
random,mean,2,ENSG00000170345,0.0,,0.8108733892440796
random,mean,2,ENSG00000049540,0.0,,0.4367419481277466
random,mean,2,ENSG00000099250,,,0.414670467376709
random,mean,2,ENSG00000110079,,,0.2921982705593109
random,mean,2,ENSG00000163431,0.0,,0.4225011467933655
random,mean,2,ENSG00000188536,,,0.23518741130828857
random,mean,2,ENSG00000167641,,,0.16402146220207214
random,mean,2,ENSG00000184564,,,0.18088886141777039
random,mean,2,ENSG00000148700,,,0.4888799786567688
random,mean,2,ENSG00000261857,,,1.3032875061035156
random,mean,2,ENSG00000012223,0.0,,0.09650559723377228
random,mean,2,ENSG00000077984,0.0,,0.3100062310695648
random,mean,2,ENSG00000232810,,,0.17784230411052704
random,mean,2,ENSG00000162614,,,0.32395681738853455
random,mean,2,ENSG00000244734,,,0.13736960291862488
random,mean,2,ENSG00000185404,0.0,,0.3182746469974518
random,mean,2,ENSG00000129757,,,0.448204904794693
random,mean,2,ENSG00000150093,,,0.4939254820346832
random,mean,2,ENSG00000013297,0.0,,0.16612768173217773
random,mean,2,ENSG00000113739,,,0.1822061389684677
random,mean,2,ENSG00000174607,,,0.11238826811313629
random,mean,2,ENSG00000110693,,,0.3609640896320343
random,mean,2,ENSG00000131435,,,0.4510895013809204
random,mean,2,ENSG00000108387,,,0.20633678138256073
random,mean,2,ENSG00000196664,,,0.16377153992652893
random,mean,2,ENSG00000164330,,,0.3462845981121063
random,mean,2,ENSG00000094963,,,0.2148340940475464
random,mean,2,ENSG00000189056,,,0.015510638244450092
random,mean,2,ENSG00000151532,0.0,,0.3666698634624481
random,pca_ridge,2,ENSG00000107317,0.6177429100067451,0.505797997575622,0.627609133720398
random,pca_ridge,2,ENSG00000019582,0.7828693355063677,0.7972532238785093,0.7639783620834351
random,pca_ridge,2,ENSG00000172724,0.5474238803881742,0.541337558057003,0.7287319302558899
random,pca_ridge,2,ENSG00000168542,0.6430927260734471,0.6061376859965615,0.9375640153884888
random,pca_ridge,2,ENSG00000145824,0.3940563576285161,0.3467410853866785,0.46501800417900085
random,pca_ridge,2,ENSG00000196616,0.2822558626420695,0.2434005652448953,0.27353817224502563
random,pca_ridge,2,ENSG00000160180,0.0793458624459776,0.12002870805139387,0.23412902653217316
random,pca_ridge,2,ENSG00000133110,0.6782705562548407,0.6718841401310872,0.8062226176261902
random,pca_ridge,2,ENSG00000240583,0.7422237148519573,0.6351550039165054,0.7866234183311462
random,pca_ridge,2,ENSG00000187608,0.6049451553817209,0.5160688047434577,0.7819514274597168
random,pca_ridge,2,ENSG00000181617,0.5892692796284743,0.4210677475209873,0.39013633131980896
random,pca_ridge,2,ENSG00000197766,0.30413128105986903,0.3009619931235475,0.6636218428611755
random,pca_ridge,2,ENSG00000170323,0.10157053711311824,0.11915676867862876,0.218252494931221
random,pca_ridge,2,ENSG00000148671,0.3055116787306345,0.2638939442142228,0.3950885534286499
random,pca_ridge,2,ENSG00000137077,0.7112434660268988,0.6338121979885157,0.8560919761657715
random,pca_ridge,2,ENSG00000167286,0.3994828459956794,0.3844727912097509,0.41018375754356384
random,pca_ridge,2,ENSG00000184113,0.367341900506472,0.36699296498945205,0.5233531594276428
random,pca_ridge,2,ENSG00000119922,0.2277458322420527,0.21375538578408826,0.33931854367256165
random,pca_ridge,2,ENSG00000105894,0.9017428707801816,0.6595782982641503,0.4931800365447998
random,pca_ridge,2,ENSG00000160307,0.8962128379638283,0.903467966544057,0.7202897667884827
random,pca_ridge,2,ENSG00000163017,0.22795551564147581,0.1737301462712912,0.30535200238227844
random,pca_ridge,2,ENSG00000170345,0.41443300186006093,0.3840302705043653,0.7406973242759705
random,pca_ridge,2,ENSG00000049540,0.3395270966218371,0.3304151923755794,0.41116321086883545
random,pca_ridge,2,ENSG00000099250,0.07797058219005516,0.11180384951202296,0.42136484384536743
random,pca_ridge,2,ENSG00000110079,0.14842248308046155,0.17271959961338046,0.2915674149990082
random,pca_ridge,2,ENSG00000163431,0.214015278916409,0.2009652812531422,0.41322365403175354
random,pca_ridge,2,ENSG00000188536,0.10724647482435629,0.0673883903558011,0.23837584257125854
random,pca_ridge,2,ENSG00000167641,0.21445427887743748,0.16689938135552476,0.16113750636577606
random,pca_ridge,2,ENSG00000184564,0.27375113197607087,0.1809060002636499,0.17442686855793
random,pca_ridge,2,ENSG00000148700,0.2675774090811283,0.2376343004179449,0.47088953852653503
random,pca_ridge,2,ENSG00000261857,0.8367595420957643,0.8452087180911647,0.7170823216438293
random,pca_ridge,2,ENSG00000012223,0.15425327894623064,0.10600136292347585,0.0959811732172966
random,pca_ridge,2,ENSG00000077984,0.23908966772151563,0.20177503828327992,0.30120038986206055
random,pca_ridge,2,ENSG00000232810,0.13712269804301777,0.11621405537797996,0.17629213631153107
random,pca_ridge,2,ENSG00000162614,0.07859739764078169,0.07504532107176189,0.3251287341117859
random,pca_ridge,2,ENSG00000244734,0.1339346793872387,0.1236813853099926,0.13717147707939148
random,pca_ridge,2,ENSG00000185404,0.34650986638493936,0.2913212525141639,0.3005352020263672
random,pca_ridge,2,ENSG00000129757,0.09977578839311148,0.13026005539510252,0.4471941292285919
random,pca_ridge,2,ENSG00000150093,0.08875654835559019,0.06908558362049917,0.4963703453540802
random,pca_ridge,2,ENSG00000013297,-0.02618478430439871,-0.004399365508394683,0.1685304194688797
random,pca_ridge,2,ENSG00000113739,-0.11442472965438893,-0.06039408480327828,0.18670165538787842
random,pca_ridge,2,ENSG00000174607,0.02008986370477086,0.03276405763089254,0.11383583396673203
random,pca_ridge,2,ENSG00000110693,0.2543466386210863,0.23394329776210518,0.349671870470047
random,pca_ridge,2,ENSG00000131435,0.5256129930838348,0.4260529679978227,0.3890520930290222
random,pca_ridge,2,ENSG00000108387,0.09729945633110722,0.07886003665783317,0.2067514806985855
random,pca_ridge,2,ENSG00000196664,0.0010789637387016758,0.026051613349867067,0.17186091840267181
random,pca_ridge,2,ENSG00000164330,0.22884761556878724,0.23389134506207315,0.33739569783210754
random,pca_ridge,2,ENSG00000094963,0.03345461490282441,0.027727928973044193,0.2167549878358841
random,pca_ridge,2,ENSG00000189056,,,0.03899591043591499
random,pca_ridge,2,ENSG00000151532,-0.028180503699465488,-0.06075052218137874,0.37025898694992065
random,spatial_knn,2,ENSG00000107317,-0.06258485766850647,-0.06922462105843985,0.8613103210069942
random,spatial_knn,2,ENSG00000019582,-0.06929831553303989,-0.05620281827900544,1.342750462157798
random,spatial_knn,2,ENSG00000172724,-0.01758816658062698,0.007701438029034019,0.9232449105445062
random,spatial_knn,2,ENSG00000168542,-0.15110962287103302,-0.15551611114722,1.3356912769058091
random,spatial_knn,2,ENSG00000145824,-0.07403988752584133,-0.06387272394683148,0.5511692989459197
random,spatial_knn,2,ENSG00000196616,0.06271646902810737,0.013849051172507329,0.29391391039260767
random,spatial_knn,2,ENSG00000160180,-0.014662804695224664,0.02257927707253595,0.24440401677394902
random,spatial_knn,2,ENSG00000133110,-0.05000110847833683,-0.04208428333555887,1.1538188623672965
random,spatial_knn,2,ENSG00000240583,-0.1682522146208653,-0.13976620161278747,1.2787611148573774
random,spatial_knn,2,ENSG00000187608,-0.11432620217113344,-0.09809084860163428,1.0626237280086948
random,spatial_knn,2,ENSG00000181617,-0.02202245191069745,0.011767974784081469,0.5251893048098702
random,spatial_knn,2,ENSG00000197766,0.03803232153359828,0.0480281821448212,0.7174268668135805
random,spatial_knn,2,ENSG00000170323,0.23678007024310888,0.11058806889280047,0.21240547335401427
random,spatial_knn,2,ENSG00000148671,-0.0468607607708429,-0.06429437286740412,0.4506601037850629
random,spatial_knn,2,ENSG00000137077,0.04236305890411355,0.049075866758285305,1.2776809513158491
random,spatial_knn,2,ENSG00000167286,0.03291131032921597,0.08694763138081105,0.471493181669963
random,spatial_knn,2,ENSG00000184113,-0.07613694617049398,-0.05285451160112825,0.604944275761402
random,spatial_knn,2,ENSG00000119922,0.04958913798118569,0.05178990075680283,0.36008018585451435
random,spatial_knn,2,ENSG00000105894,-0.26003764422393444,-0.3122233756568213,1.261161739560701
random,spatial_knn,2,ENSG00000160307,-0.059074259540011616,-0.10390104895990333,1.7226998363875798
random,spatial_knn,2,ENSG00000163017,0.011304949548833374,0.08506698285915598,0.34373618905227776
random,spatial_knn,2,ENSG00000170345,-0.0036363826248956258,-0.017933631538035576,0.8473660570173691
random,spatial_knn,2,ENSG00000049540,0.02753168166994102,0.06351268544381174,0.45716978641620093
random,spatial_knn,2,ENSG00000099250,-0.19935537080941074,-0.18073735175900169,0.47322188694076944
random,spatial_knn,2,ENSG00000110079,-0.061287950002305865,-0.0614812370526552,0.3241530083551397
random,spatial_knn,2,ENSG00000163431,-0.03819061562800993,-0.034259349357603816,0.4393208562757348
random,spatial_knn,2,ENSG00000188536,-0.050872658294778945,-0.033687467576634635,0.25404779798866167
random,spatial_knn,2,ENSG00000167641,-0.014120871704387942,-0.015337744025962462,0.20048233457096024
random,spatial_knn,2,ENSG00000184564,-0.05977097143248911,-0.051557659261872,0.20817245591470385
random,spatial_knn,2,ENSG00000148700,-0.1216258658758486,-0.13268805354342408,0.5337066710387294
random,spatial_knn,2,ENSG00000261857,-0.07596229288438085,-0.08926501783388129,1.4030787059271534
random,spatial_knn,2,ENSG00000012223,-0.01905709078479842,-0.02300451618088239,0.10123590321534187
random,spatial_knn,2,ENSG00000077984,-0.06149057162005974,-0.03597453496188937,0.34352579497881686
random,spatial_knn,2,ENSG00000232810,-0.042709803261550244,-0.026153705854887063,0.19021275886094466
random,spatial_knn,2,ENSG00000162614,-0.011364165872178913,-0.023517970594000653,0.3360162521751309
random,spatial_knn,2,ENSG00000244734,0.08011191964212011,0.06439163648716387,0.14784957703713233
random,spatial_knn,2,ENSG00000185404,-0.03389552631301037,-0.03081359867949147,0.3326496138166371
random,spatial_knn,2,ENSG00000129757,0.01953442325054142,0.02627164583490202,0.46218423755390314
random,spatial_knn,2,ENSG00000150093,0.026243533886869983,-0.02049891469758036,0.5306853119212576
random,spatial_knn,2,ENSG00000013297,-0.04683245223247206,-0.06692789717103066,0.17539568083140364
random,spatial_knn,2,ENSG00000113739,0.011703862339373941,0.01684627525164052,0.1892159244977969
random,spatial_knn,2,ENSG00000174607,-0.013766727094574296,-0.024930398130935134,0.13884121354675588
random,spatial_knn,2,ENSG00000110693,-0.10166817746570557,-0.10876193828210733,0.38837346799232075
random,spatial_knn,2,ENSG00000131435,-0.10402247132493879,-0.09240424230949446,0.5075599672320328
random,spatial_knn,2,ENSG00000108387,0.09485752211798672,0.01811322654045991,0.21741217316384917
random,spatial_knn,2,ENSG00000196664,-0.015737753930842417,-0.0372657943619772,0.17957605501387222
random,spatial_knn,2,ENSG00000164330,0.00409871728822274,0.03348969177392983,0.3546484875514837
random,spatial_knn,2,ENSG00000094963,0.004491668832299075,-0.032666631128668376,0.21909474129985143
random,spatial_knn,2,ENSG00000189056,,,0.0429271980460972
random,spatial_knn,2,ENSG00000151532,0.09173932482266553,0.01199191204282259,0.36840918956610097
matched_hop0,mean,2,ENSG00000107317,,,0.7342867255210876
matched_hop0,mean,2,ENSG00000019582,,,1.2157249450683594
matched_hop0,mean,2,ENSG00000172724,,,0.7867615222930908
matched_hop0,mean,2,ENSG00000168542,,,1.173992395401001
matched_hop0,mean,2,ENSG00000145824,0.0,,0.590695321559906
matched_hop0,mean,2,ENSG00000196616,0.0,,0.48184633255004883
matched_hop0,mean,2,ENSG00000160180,0.0,,0.3119089901447296
matched_hop0,mean,2,ENSG00000133110,,,1.0673884153366089
matched_hop0,mean,2,ENSG00000240583,0.0,,1.2030692100524902
matched_hop0,mean,2,ENSG00000187608,,,0.9935835003852844
matched_hop0,mean,2,ENSG00000181617,,,0.3786798119544983
matched_hop0,mean,2,ENSG00000197766,,,0.8634203672409058
matched_hop0,mean,2,ENSG00000170323,,,0.24504896998405457
matched_hop0,mean,2,ENSG00000148671,0.0,,0.47125259041786194
matched_hop0,mean,2,ENSG00000137077,0.0,,1.1749898195266724
matched_hop0,mean,2,ENSG00000167286,0.0,,0.4555864930152893
matched_hop0,mean,2,ENSG00000184113,0.0,,0.6260808706283569
matched_hop0,mean,2,ENSG00000119922,0.0,,0.3617655336856842
matched_hop0,mean,2,ENSG00000105894,0.0,,1.1826863288879395
matched_hop0,mean,2,ENSG00000160307,0.0,,1.5393366813659668
matched_hop0,mean,2,ENSG00000163017,0.0,,0.29973748326301575
matched_hop0,mean,2,ENSG00000170345,0.0,,0.8506194353103638
matched_hop0,mean,2,ENSG00000049540,,,0.4299319386482239
matched_hop0,mean,2,ENSG00000099250,,,0.493194043636322
matched_hop0,mean,2,ENSG00000110079,,,0.3576219379901886
matched_hop0,mean,2,ENSG00000163431,0.0,,0.3372703492641449
matched_hop0,mean,2,ENSG00000188536,,,0.3852284252643585
matched_hop0,mean,2,ENSG00000167641,0.0,,0.19890986382961273
matched_hop0,mean,2,ENSG00000184564,,,0.19921322166919708
matched_hop0,mean,2,ENSG00000148700,,,0.4805770814418793
matched_hop0,mean,2,ENSG00000261857,0.0,,1.2867705821990967
matched_hop0,mean,2,ENSG00000012223,,,0.03699110448360443
matched_hop0,mean,2,ENSG00000077984,,,0.38468360900878906
matched_hop0,mean,2,ENSG00000232810,,,0.1508970558643341
matched_hop0,mean,2,ENSG00000162614,,,0.3194535970687866
matched_hop0,mean,2,ENSG00000244734,0.0,,0.2659001052379608
matched_hop0,mean,2,ENSG00000185404,0.0,,0.35479095578193665
matched_hop0,mean,2,ENSG00000129757,,,0.468063622713089
matched_hop0,mean,2,ENSG00000150093,,,0.47687074542045593
matched_hop0,mean,2,ENSG00000013297,0.0,,0.08829711377620697
matched_hop0,mean,2,ENSG00000113739,,,0.19146132469177246
matched_hop0,mean,2,ENSG00000174607,,,0.1266125589609146
matched_hop0,mean,2,ENSG00000110693,0.0,,0.3369162380695343
matched_hop0,mean,2,ENSG00000131435,0.0,,0.5635553002357483
matched_hop0,mean,2,ENSG00000108387,,,0.27396026253700256
matched_hop0,mean,2,ENSG00000196664,0.0,,0.17864534258842468
matched_hop0,mean,2,ENSG00000164330,,,0.33745917677879333
matched_hop0,mean,2,ENSG00000094963,0.0,,0.21693767607212067
matched_hop0,mean,2,ENSG00000189056,0.0,,0.1895095407962799
matched_hop0,mean,2,ENSG00000151532,,,0.3210001289844513
matched_hop0,pca_ridge,2,ENSG00000107317,0.5054173995156391,0.3691916284631194,0.6417779922485352
matched_hop0,pca_ridge,2,ENSG00000019582,0.7395870176644429,0.7603496550350923,0.8183110952377319
matched_hop0,pca_ridge,2,ENSG00000172724,0.5700800027140958,0.4555985365075536,0.6478638052940369
matched_hop0,pca_ridge,2,ENSG00000168542,0.5433454641084425,0.5127848347497751,0.9853973984718323
matched_hop0,pca_ridge,2,ENSG00000145824,0.47470309478145906,0.39268349176048867,0.5231204628944397
matched_hop0,pca_ridge,2,ENSG00000196616,0.41865457273311046,0.33783375122735926,0.4551178514957428
matched_hop0,pca_ridge,2,ENSG00000160180,0.1392590463903178,0.18840858086681997,0.3093097507953644
matched_hop0,pca_ridge,2,ENSG00000133110,0.66322273179762,0.6634551507896124,0.8040614724159241
matched_hop0,pca_ridge,2,ENSG00000240583,0.8305090081550215,0.693850266480061,0.6753737926483154
matched_hop0,pca_ridge,2,ENSG00000187608,0.6709076746765855,0.5793915142019721,0.7434020042419434
matched_hop0,pca_ridge,2,ENSG00000181617,0.33093007790953977,0.2877356319499923,0.38182422518730164
matched_hop0,pca_ridge,2,ENSG00000197766,0.34535738625042683,0.35854588144438004,0.8149955868721008
matched_hop0,pca_ridge,2,ENSG00000170323,0.08771946708550044,0.08860390949418384,0.2442205399274826
matched_hop0,pca_ridge,2,ENSG00000148671,0.3435270805904567,0.26093788488155545,0.44256582856178284
matched_hop0,pca_ridge,2,ENSG00000137077,0.6836475914076974,0.5647388030337253,0.8717493414878845
matched_hop0,pca_ridge,2,ENSG00000167286,0.37056452687715813,0.295312029345286,0.4237949550151825
matched_hop0,pca_ridge,2,ENSG00000184113,0.37149518940963866,0.3687391334313274,0.5812808275222778
matched_hop0,pca_ridge,2,ENSG00000119922,0.1969633875406712,0.178252959338882,0.3572298586368561
matched_hop0,pca_ridge,2,ENSG00000105894,0.9211546407627437,0.6965269344282929,0.4604530930519104
matched_hop0,pca_ridge,2,ENSG00000160307,0.8598583444600212,0.8597914090421513,0.7861070036888123
matched_hop0,pca_ridge,2,ENSG00000163017,0.1373401430985431,0.08641882952469246,0.3017224967479706
matched_hop0,pca_ridge,2,ENSG00000170345,0.3431625468268834,0.3180031216941174,0.8030492663383484
matched_hop0,pca_ridge,2,ENSG00000049540,0.30201000618101953,0.2948721504132828,0.410032719373703
matched_hop0,pca_ridge,2,ENSG00000099250,0.2174310521218076,0.20355097528962418,0.48150435090065
matched_hop0,pca_ridge,2,ENSG00000110079,0.15119565450296765,0.1937757997360725,0.3547430634498596
matched_hop0,pca_ridge,2,ENSG00000163431,0.19110485154536377,0.15330772918733937,0.3313712179660797
matched_hop0,pca_ridge,2,ENSG00000188536,0.09512188933607957,0.10710928376699756,0.38516268134117126
matched_hop0,pca_ridge,2,ENSG00000167641,0.10218464437192731,0.12098606380640405,0.20107585191726685
matched_hop0,pca_ridge,2,ENSG00000184564,0.30090245143623384,0.23893968701187737,0.19006896018981934
matched_hop0,pca_ridge,2,ENSG00000148700,0.23076439812568741,0.22107308746949467,0.46763715147972107
matched_hop0,pca_ridge,2,ENSG00000261857,0.7964359660811814,0.805865246966578,0.7833682298660278
matched_hop0,pca_ridge,2,ENSG00000012223,0.0999430346809429,0.06874695270599707,0.04304806515574455
matched_hop0,pca_ridge,2,ENSG00000077984,0.109956861385456,0.14217936160522632,0.38291460275650024
matched_hop0,pca_ridge,2,ENSG00000232810,0.018334543804045627,0.037129471584057445,0.15411412715911865
matched_hop0,pca_ridge,2,ENSG00000162614,0.12558342567500372,0.12095840492811108,0.317514568567276
matched_hop0,pca_ridge,2,ENSG00000244734,0.00028936339679013666,0.08001802732144353,0.2689344584941864
matched_hop0,pca_ridge,2,ENSG00000185404,0.1355933945727614,0.12261831591269383,0.3523588478565216
matched_hop0,pca_ridge,2,ENSG00000129757,0.06515208876018241,0.055420654437223084,0.4706718325614929
matched_hop0,pca_ridge,2,ENSG00000150093,0.11436295469273998,0.09915160624307207,0.4765901565551758
matched_hop0,pca_ridge,2,ENSG00000013297,0.011376276478754067,-0.033129535434344874,0.09164173901081085
matched_hop0,pca_ridge,2,ENSG00000113739,0.07649429392685028,0.10292960037270424,0.19115278124809265
matched_hop0,pca_ridge,2,ENSG00000174607,0.04603723673832967,0.04228052988734931,0.12730298936367035
matched_hop0,pca_ridge,2,ENSG00000110693,0.2301787509268243,0.19313361649059485,0.3288152813911438
matched_hop0,pca_ridge,2,ENSG00000131435,0.5880991254778455,0.5077410764763284,0.45663437247276306
matched_hop0,pca_ridge,2,ENSG00000108387,0.03339590181575714,0.0854119999452319,0.27623823285102844
matched_hop0,pca_ridge,2,ENSG00000196664,0.039055225448824525,0.042816630955735034,0.1838030219078064
matched_hop0,pca_ridge,2,ENSG00000164330,0.2260320702931797,0.16776970591671378,0.32986676692962646
matched_hop0,pca_ridge,2,ENSG00000094963,0.05386772529025976,0.04652671557655159,0.21871113777160645
matched_hop0,pca_ridge,2,ENSG00000189056,0.059240522244251095,0.05505794106781873,0.19038935005664825
matched_hop0,pca_ridge,2,ENSG00000151532,0.06508286905908331,0.042392016369597815,0.320831298828125
matched_hop0,spatial_knn,2,ENSG00000107317,0.043925228546491155,0.04106859970591185,0.7636059079381039
matched_hop0,spatial_knn,2,ENSG00000019582,0.12622053089469876,0.10873744725302487,1.232478435659386
matched_hop0,spatial_knn,2,ENSG00000172724,0.0777173208607591,0.042942574225727344,0.8101017951330556
matched_hop0,spatial_knn,2,ENSG00000168542,0.015413308053743895,0.03459178472027069,1.2900453184410254
matched_hop0,spatial_knn,2,ENSG00000145824,0.027441871012497013,0.021680495035701554,0.60525298743211
matched_hop0,spatial_knn,2,ENSG00000196616,0.016044702161704158,-0.020983163100246737,0.48465899473778834
matched_hop0,spatial_knn,2,ENSG00000160180,-0.013387207547252046,-0.01188202456281581,0.31639545947396347
matched_hop0,spatial_knn,2,ENSG00000133110,-0.0043353441176987835,0.01045478328212983,1.1166238224482659
matched_hop0,spatial_knn,2,ENSG00000240583,-0.07496703262095276,-0.06752682554489423,1.241883403826409
matched_hop0,spatial_knn,2,ENSG00000187608,0.0063144715460938874,0.055864796350987456,1.0132330268054055
matched_hop0,spatial_knn,2,ENSG00000181617,0.03913327064154199,0.018206102030919862,0.3900514481567046
matched_hop0,spatial_knn,2,ENSG00000197766,-0.0009475953766535291,0.034246828988685904,0.8895849910927018
matched_hop0,spatial_knn,2,ENSG00000170323,0.06267477774322186,0.015903131708316434,0.2467464481863933
matched_hop0,spatial_knn,2,ENSG00000148671,-0.06453953390531027,-0.04464885009732088,0.504051140927157
matched_hop0,spatial_knn,2,ENSG00000137077,0.21312973836486568,0.1611783324461815,1.1462134876692236
matched_hop0,spatial_knn,2,ENSG00000167286,0.07732849259348859,0.07210179068229168,0.46058560709901303
matched_hop0,spatial_knn,2,ENSG00000184113,-0.021574283880962396,-0.030996061827278678,0.6544188592016199
matched_hop0,spatial_knn,2,ENSG00000119922,0.007870776979781233,-0.002523879478710798,0.37720711195178996
matched_hop0,spatial_knn,2,ENSG00000105894,-0.007111968610577915,-0.010200789660246836,1.225243880609725
matched_hop0,spatial_knn,2,ENSG00000160307,0.05413065131382674,0.04700494667689959,1.5906418092807546
matched_hop0,spatial_knn,2,ENSG00000163017,0.027160656019664792,-0.011941962746474357,0.3085473432488121
matched_hop0,spatial_knn,2,ENSG00000170345,0.07979849167826383,0.09654453643249856,0.8526788999196352
matched_hop0,spatial_knn,2,ENSG00000049540,-0.0026968479619391057,-0.014514545946539515,0.43992898895965615
matched_hop0,spatial_knn,2,ENSG00000099250,-0.08899057031083969,-0.07985870687750886,0.5266658570843032
matched_hop0,spatial_knn,2,ENSG00000110079,0.018685436410733138,0.020863061339710175,0.3650048833956447
matched_hop0,spatial_knn,2,ENSG00000163431,0.047980551149205415,0.05698851739427676,0.3423707627461526
matched_hop0,spatial_knn,2,ENSG00000188536,0.11752197217032558,0.06088838418388262,0.4104161934152189
matched_hop0,spatial_knn,2,ENSG00000167641,0.023207778951798815,0.029095144201927766,0.20328333047491723
matched_hop0,spatial_knn,2,ENSG00000184564,-0.002024428958771486,0.008594604915672929,0.21406234220324574
matched_hop0,spatial_knn,2,ENSG00000148700,0.08125086512384132,0.042569793415479264,0.4844425014606359
matched_hop0,spatial_knn,2,ENSG00000261857,0.07029402609183963,0.08214532408713131,1.332085096878765
matched_hop0,spatial_knn,2,ENSG00000012223,0.12801538066965484,0.1328646638527343,0.04116604624740609
matched_hop0,spatial_knn,2,ENSG00000077984,0.05524353886582955,0.04299935532858216,0.38721477447595976
matched_hop0,spatial_knn,2,ENSG00000232810,0.0018741306673975896,-5.758165559721548e-05,0.15283706808918252
matched_hop0,spatial_knn,2,ENSG00000162614,0.04472455683689036,0.007834866079541944,0.3232259336918768
matched_hop0,spatial_knn,2,ENSG00000244734,0.029749099146928543,0.040141867748934204,0.2681612003043887
matched_hop0,spatial_knn,2,ENSG00000185404,-0.034701628984168294,-0.039804946959276215,0.3645547089728122
matched_hop0,spatial_knn,2,ENSG00000129757,0.019214496631676802,0.027887863700193704,0.4809073414528565
matched_hop0,spatial_knn,2,ENSG00000150093,0.02289371062243316,0.012943340390122017,0.490912258425612
matched_hop0,spatial_knn,2,ENSG00000013297,-0.05835356380763094,-0.0631505039467941,0.09623732917051218
matched_hop0,spatial_knn,2,ENSG00000113739,-0.03829927344399875,-0.02478992299812345,0.20176974920916063
matched_hop0,spatial_knn,2,ENSG00000174607,0.006253577252416561,0.06606678987474793,0.1475152514736655
matched_hop0,spatial_knn,2,ENSG00000110693,0.014513532759636731,0.0465833610639302,0.3637296239455133
matched_hop0,spatial_knn,2,ENSG00000131435,0.0610273575116841,0.06206516336795044,0.5721856127623575
matched_hop0,spatial_knn,2,ENSG00000108387,0.07358501257020662,0.026032798815146644,0.27639788590772085
matched_hop0,spatial_knn,2,ENSG00000196664,0.007043582590364281,-0.010548501492671478,0.19420939248914407
matched_hop0,spatial_knn,2,ENSG00000164330,-0.03645867796266296,-0.05375856138912673,0.35110105159319094
matched_hop0,spatial_knn,2,ENSG00000094963,-0.020645096209439554,2.6707840982575913e-05,0.2291195998445458
matched_hop0,spatial_knn,2,ENSG00000189056,0.0,,0.19047071370558358
matched_hop0,spatial_knn,2,ENSG00000151532,-0.08331046633180464,-0.07822436194600546,0.3369482763116502
random,mean,3,ENSG00000107317,,,0.6981748342514038
random,mean,3,ENSG00000019582,0.0,,1.2383713722229004
random,mean,3,ENSG00000172724,0.0,,0.6592261791229248
random,mean,3,ENSG00000168542,,,1.1721434593200684
random,mean,3,ENSG00000145824,,,0.4664350748062134
random,mean,3,ENSG00000196616,0.0,,0.3137475848197937
random,mean,3,ENSG00000160180,,,0.22881288826465607
random,mean,3,ENSG00000133110,,,1.0859869718551636
random,mean,3,ENSG00000240583,,,1.2015562057495117
random,mean,3,ENSG00000187608,,,0.9231808185577393
random,mean,3,ENSG00000181617,,,0.5747637748718262
random,mean,3,ENSG00000197766,,,0.6884070634841919
random,mean,3,ENSG00000170323,,,0.1863449662923813
random,mean,3,ENSG00000148671,0.0,,0.31699272990226746
random,mean,3,ENSG00000137077,,,1.015545129776001
random,mean,3,ENSG00000167286,,,0.4297620952129364
random,mean,3,ENSG00000184113,,,0.5830740928649902
random,mean,3,ENSG00000119922,,,0.3694297969341278
random,mean,3,ENSG00000105894,,,1.2620189189910889
random,mean,3,ENSG00000160307,,,1.4298006296157837
random,mean,3,ENSG00000163017,,,0.37011370062828064
random,mean,3,ENSG00000170345,0.0,,0.8037450313568115
random,mean,3,ENSG00000049540,0.0,,0.5188609957695007
random,mean,3,ENSG00000099250,,,0.4411715567111969
random,mean,3,ENSG00000110079,0.0,,0.4007493555545807
random,mean,3,ENSG00000163431,,,0.3612325191497803
random,mean,3,ENSG00000188536,,,0.31585758924484253
random,mean,3,ENSG00000167641,0.0,,0.2798721492290497
random,mean,3,ENSG00000184564,0.0,,0.26365548372268677
random,mean,3,ENSG00000148700,0.0,,0.42852941155433655
random,mean,3,ENSG00000261857,0.0,,1.1562005281448364
random,mean,3,ENSG00000012223,,,0.06020959094166756
random,mean,3,ENSG00000077984,,,0.2757765054702759
random,mean,3,ENSG00000232810,,,0.2952486276626587
random,mean,3,ENSG00000162614,,,0.26800012588500977
random,mean,3,ENSG00000244734,,,0.16619187593460083
random,mean,3,ENSG00000185404,,,0.28741952776908875
random,mean,3,ENSG00000129757,,,0.4483955204486847
random,mean,3,ENSG00000150093,,,0.5322038531303406
random,mean,3,ENSG00000013297,0.0,,0.09271262586116791
random,mean,3,ENSG00000113739,,,0.16603602468967438
random,mean,3,ENSG00000174607,,,0.15500220656394958
random,mean,3,ENSG00000110693,0.0,,0.34675246477127075
random,mean,3,ENSG00000131435,,,0.5609862208366394
random,mean,3,ENSG00000108387,,,0.2800433933734894
random,mean,3,ENSG00000196664,,,0.23163634538650513
random,mean,3,ENSG00000164330,,,0.20712320506572723
random,mean,3,ENSG00000094963,0.0,,0.19572962820529938
random,mean,3,ENSG00000189056,0.0,,0.09859289973974228
random,mean,3,ENSG00000151532,,,0.2632140815258026
random,pca_ridge,3,ENSG00000107317,0.509426546548092,0.36001650954565284,0.6019713878631592
random,pca_ridge,3,ENSG00000019582,0.7319743718338769,0.7366705199824141,0.8390730023384094
random,pca_ridge,3,ENSG00000172724,0.5677962228369307,0.49342301521423315,0.5380837917327881
random,pca_ridge,3,ENSG00000168542,0.6355326758299941,0.5974314998082494,0.9148146510124207
random,pca_ridge,3,ENSG00000145824,0.4264013657612153,0.33580575937988355,0.4220990240573883
random,pca_ridge,3,ENSG00000196616,0.22021446534493083,0.14555043318700447,0.3076252043247223
random,pca_ridge,3,ENSG00000160180,0.19643365076662078,0.209032529277206,0.22435159981250763
random,pca_ridge,3,ENSG00000133110,0.6464703988170858,0.6314134664408808,0.8278760313987732
random,pca_ridge,3,ENSG00000240583,0.8412418619000477,0.6907495796042361,0.6529466509819031
random,pca_ridge,3,ENSG00000187608,0.6032382774767037,0.5395653341400577,0.73752760887146
random,pca_ridge,3,ENSG00000181617,0.6213420956115243,0.4179304414313166,0.46386659145355225
random,pca_ridge,3,ENSG00000197766,0.3784584922628902,0.3570928695151402,0.6379005312919617
random,pca_ridge,3,ENSG00000170323,0.13518257762960173,0.1518207013558494,0.18540170788764954
random,pca_ridge,3,ENSG00000148671,0.3075747640934656,0.22668895898718586,0.30514734983444214
random,pca_ridge,3,ENSG00000137077,0.6206341457379081,0.4637694341696345,0.7872828841209412
random,pca_ridge,3,ENSG00000167286,0.41275867518085074,0.2983364780704828,0.39046892523765564
random,pca_ridge,3,ENSG00000184113,0.3390490284333371,0.36244459698132386,0.5490971803665161
random,pca_ridge,3,ENSG00000119922,0.27231302054838075,0.23770339732733342,0.3559983968734741
random,pca_ridge,3,ENSG00000105894,0.9348084047239165,0.7557471824171973,0.4469573199748993
random,pca_ridge,3,ENSG00000160307,0.8670405684444001,0.8459132171961754,0.7112199664115906
random,pca_ridge,3,ENSG00000163017,0.15490236622156886,0.10627236427288458,0.3678422272205353
random,pca_ridge,3,ENSG00000170345,0.3772246170711842,0.31982044027172923,0.7445974349975586
random,pca_ridge,3,ENSG00000049540,0.36238055488437276,0.36353108494849307,0.48629850149154663
random,pca_ridge,3,ENSG00000099250,0.17850343063272353,0.17371654594974376,0.43556642532348633
random,pca_ridge,3,ENSG00000110079,0.17438796597170858,0.2419149501030357,0.3952561914920807
random,pca_ridge,3,ENSG00000163431,0.1638593213735421,0.11549323975362233,0.3570137917995453
random,pca_ridge,3,ENSG00000188536,0.09174754844020062,0.08541212335280098,0.31568166613578796
random,pca_ridge,3,ENSG00000167641,0.3050380319903005,0.25345858906684476,0.27045440673828125
random,pca_ridge,3,ENSG00000184564,0.32546338407542685,0.26500759385987116,0.2496698647737503
random,pca_ridge,3,ENSG00000148700,0.13189486948547652,0.1437858411847503,0.4297264516353607
random,pca_ridge,3,ENSG00000261857,0.7846154443152168,0.7880367869612463,0.7159101963043213
random,pca_ridge,3,ENSG00000012223,-0.04477677329058178,-0.05589162772328726,0.06361283361911774
random,pca_ridge,3,ENSG00000077984,0.3105477308743423,0.24674266505947504,0.2614818811416626
random,pca_ridge,3,ENSG00000232810,0.0834017113671299,0.11747869195905158,0.29415756464004517
random,pca_ridge,3,ENSG00000162614,0.07088604583950955,0.0259803030154454,0.2703462541103363
random,pca_ridge,3,ENSG00000244734,0.1394561979931988,0.16011985571160756,0.16502000391483307
random,pca_ridge,3,ENSG00000185404,0.14870811173792162,0.14154006330228894,0.28606757521629333
random,pca_ridge,3,ENSG00000129757,0.18457992178603058,0.12643083725327572,0.44086748361587524
random,pca_ridge,3,ENSG00000150093,0.15539051708309146,0.1308446865520207,0.5264123678207397
random,pca_ridge,3,ENSG00000013297,0.06766512953894045,0.0662382901671009,0.09356580674648285
random,pca_ridge,3,ENSG00000113739,-0.0058776922205601035,-0.03751016238817943,0.16799014806747437
random,pca_ridge,3,ENSG00000174607,0.11805478582565346,0.052356244725952614,0.15395092964172363
random,pca_ridge,3,ENSG00000110693,0.12190283916721488,0.07952397485135988,0.351217657327652
random,pca_ridge,3,ENSG00000131435,0.6036189466254033,0.5265543658859388,0.446745902299881
random,pca_ridge,3,ENSG00000108387,0.04957383649008618,0.06147130244531631,0.28130024671554565
random,pca_ridge,3,ENSG00000196664,0.15671641885512338,0.17053025498793947,0.22897416353225708
random,pca_ridge,3,ENSG00000164330,0.10212162339488604,0.09963586545751502,0.20960451662540436
random,pca_ridge,3,ENSG00000094963,0.13527003761386244,0.10594051926321267,0.19416645169258118
random,pca_ridge,3,ENSG00000189056,0.13678119153759852,0.10407406541577628,0.0985737070441246
random,pca_ridge,3,ENSG00000151532,0.06641623780264772,0.0642940810592168,0.26395025849342346
random,spatial_knn,3,ENSG00000107317,-0.1082922509035725,-0.1117532136926334,0.7658185612515036
random,spatial_knn,3,ENSG00000019582,-0.048537080436590885,-0.02232610838772825,1.3330131455711167
random,spatial_knn,3,ENSG00000172724,-0.08651014794420461,-0.07779077348300742,0.7479264734344376
random,spatial_knn,3,ENSG00000168542,0.015780247019069164,-0.007503999486520411,1.2299235630359877
random,spatial_knn,3,ENSG00000145824,-0.12194761217661516,-0.11456256374558044,0.5195795254887111
random,spatial_knn,3,ENSG00000196616,0.12401369825537696,0.054391897583643684,0.3225751709645933
random,spatial_knn,3,ENSG00000160180,-0.027591091502051645,0.0073863440906219826,0.2440753013831286
random,spatial_knn,3,ENSG00000133110,-0.022496392893859147,-0.018748219343666744,1.1461966632479148
random,spatial_knn,3,ENSG00000240583,-0.17776704169098634,-0.18044363467948987,1.3015128881987823
random,spatial_knn,3,ENSG00000187608,-0.13699934627420157,-0.14344970915826669,1.0212477952397985
random,spatial_knn,3,ENSG00000181617,-0.017154314599948452,-0.010079996246834158,0.6075732940832304
random,spatial_knn,3,ENSG00000197766,0.012331024528495119,0.058750701166798446,0.73212764375316
random,spatial_knn,3,ENSG00000170323,-0.02577474361079567,-0.016154109582047663,0.2041414939224076
random,spatial_knn,3,ENSG00000148671,0.0009995699961450797,-0.0345040973708694,0.3404000563882023
random,spatial_knn,3,ENSG00000137077,0.13231873526920063,0.11925321564199216,1.0446907621815997
random,spatial_knn,3,ENSG00000167286,0.06248634278727141,0.09559719464857339,0.44022629574605665
random,spatial_knn,3,ENSG00000184113,0.03305845450956029,0.07043412858525873,0.6132186446484473
random,spatial_knn,3,ENSG00000119922,0.06295712209125089,0.03527532882525667,0.387404621513091
random,spatial_knn,3,ENSG00000105894,-0.24926919606924217,-0.26254614098265894,1.370765818789451
random,spatial_knn,3,ENSG00000160307,-0.1531954977724377,-0.21664291152640028,1.5919759575356136
random,spatial_knn,3,ENSG00000163017,0.12233865828419214,0.029453994148084472,0.3727313434100463
random,spatial_knn,3,ENSG00000170345,0.06727913232617884,0.03710946287331131,0.8269486446571345
random,spatial_knn,3,ENSG00000049540,-0.041721288549884154,-0.03969420347218105,0.5417714330551116
random,spatial_knn,3,ENSG00000099250,-0.02633377617347883,-0.026284396616166692,0.46765593223071117
random,spatial_knn,3,ENSG00000110079,-0.07509965087161018,-0.05469922124212734,0.4263243351154097
random,spatial_knn,3,ENSG00000163431,0.0286119551907986,0.016921249426152554,0.37096945770055767
random,spatial_knn,3,ENSG00000188536,0.08382031687165273,0.07177931666303222,0.32256591293934433
random,spatial_knn,3,ENSG00000167641,-0.02635888077065627,0.03344736373081015,0.29616115523192277
random,spatial_knn,3,ENSG00000184564,-0.0350191617465163,0.026153727419002366,0.27592453482678087
random,spatial_knn,3,ENSG00000148700,0.036915967600197996,0.049622307847616884,0.44585949420170934
random,spatial_knn,3,ENSG00000261857,-0.14014691682925196,-0.13330517326887836,1.2966029772540044
random,spatial_knn,3,ENSG00000012223,0.10235301346948085,0.18887509542089578,0.0638630597882007
random,spatial_knn,3,ENSG00000077984,0.045150104352537225,0.044085113476907724,0.29667930381292174
random,spatial_knn,3,ENSG00000232810,0.022248328578105714,0.07550818319039243,0.30085428741914866
random,spatial_knn,3,ENSG00000162614,0.044806832229480724,0.08901854606257166,0.2855975376384384
random,spatial_knn,3,ENSG00000244734,0.058326212025864105,0.10000333800116532,0.176526368710007
random,spatial_knn,3,ENSG00000185404,-0.01893998466626276,-0.0591674186105375,0.3067826573279198
random,spatial_knn,3,ENSG00000129757,-0.031471537117702376,-0.0038095795376352974,0.46761356475945764
random,spatial_knn,3,ENSG00000150093,0.02617631125555893,0.01981198851602939,0.5527923754293181
random,spatial_knn,3,ENSG00000013297,-0.04777309544339903,-0.05927518451814584,0.1045925065021223
random,spatial_knn,3,ENSG00000113739,0.0024851572259544786,0.04472935067661144,0.1731153884244281
random,spatial_knn,3,ENSG00000174607,-0.025017870853285603,-0.03665332463410279,0.16073938368880444
random,spatial_knn,3,ENSG00000110693,0.018071089794823858,0.019685869979567543,0.3673977924576732
random,spatial_knn,3,ENSG00000131435,-0.019566803426736095,-0.03587625887445306,0.5812873579294714
random,spatial_knn,3,ENSG00000108387,-0.04540972733069745,0.013979474124868737,0.2942555380746217
random,spatial_knn,3,ENSG00000196664,-0.00432701179527316,-0.009290661888890647,0.23911786165057938
random,spatial_knn,3,ENSG00000164330,0.06154146842524876,-0.015280502647455172,0.22442425905784896
random,spatial_knn,3,ENSG00000094963,-0.06268224351321815,-0.09934450742964389,0.21019656541188855
random,spatial_knn,3,ENSG00000189056,-0.017829329141664376,-0.02632210854239422,0.11151952573550865
random,spatial_knn,3,ENSG00000151532,0.020695421899906988,0.008377655697218461,0.2722226347288608
matched_hop0,mean,3,ENSG00000107317,0.0,,0.7379381060600281
matched_hop0,mean,3,ENSG00000019582,,,1.2191144227981567
matched_hop0,mean,3,ENSG00000172724,,,0.7884659767150879
matched_hop0,mean,3,ENSG00000168542,,,1.1734068393707275
matched_hop0,mean,3,ENSG00000145824,0.0,,0.5903656482696533
matched_hop0,mean,3,ENSG00000196616,0.0,,0.48188114166259766
matched_hop0,mean,3,ENSG00000160180,,,0.3114936649799347
matched_hop0,mean,3,ENSG00000133110,,,1.0660889148712158
matched_hop0,mean,3,ENSG00000240583,,,1.203395962715149
matched_hop0,mean,3,ENSG00000187608,,,0.9938417077064514
matched_hop0,mean,3,ENSG00000181617,0.0,,0.3813331127166748
matched_hop0,mean,3,ENSG00000197766,,,0.8650689125061035
matched_hop0,mean,3,ENSG00000170323,,,0.2448047697544098
matched_hop0,mean,3,ENSG00000148671,,,0.47147136926651
matched_hop0,mean,3,ENSG00000137077,,,1.1699520349502563
matched_hop0,mean,3,ENSG00000167286,,,0.4559435248374939
matched_hop0,mean,3,ENSG00000184113,0.0,,0.6265387535095215
matched_hop0,mean,3,ENSG00000119922,,,0.36152198910713196
matched_hop0,mean,3,ENSG00000105894,0.0,,1.1834194660186768
matched_hop0,mean,3,ENSG00000160307,,,1.5392009019851685
matched_hop0,mean,3,ENSG00000163017,,,0.29966041445732117
matched_hop0,mean,3,ENSG00000170345,,,0.8508083820343018
matched_hop0,mean,3,ENSG00000049540,,,0.43047282099723816
matched_hop0,mean,3,ENSG00000099250,,,0.49312731623649597
matched_hop0,mean,3,ENSG00000110079,,,0.35725927352905273
matched_hop0,mean,3,ENSG00000163431,,,0.3372972905635834
matched_hop0,mean,3,ENSG00000188536,0.0,,0.3852713108062744
matched_hop0,mean,3,ENSG00000167641,0.0,,0.19888608157634735
matched_hop0,mean,3,ENSG00000184564,0.0,,0.19921515882015228
matched_hop0,mean,3,ENSG00000148700,,,0.480540007352829
matched_hop0,mean,3,ENSG00000261857,,,1.2869539260864258
matched_hop0,mean,3,ENSG00000012223,0.0,,0.03675651550292969
matched_hop0,mean,3,ENSG00000077984,,,0.3838587999343872
matched_hop0,mean,3,ENSG00000232810,,,0.15088076889514923
matched_hop0,mean,3,ENSG00000162614,,,0.3195631504058838
matched_hop0,mean,3,ENSG00000244734,,,0.2658836841583252
matched_hop0,mean,3,ENSG00000185404,,,0.3546924591064453
matched_hop0,mean,3,ENSG00000129757,0.0,,0.4681757390499115
matched_hop0,mean,3,ENSG00000150093,,,0.4756264090538025
matched_hop0,mean,3,ENSG00000013297,,,0.08868325501680374
matched_hop0,mean,3,ENSG00000113739,0.0,,0.19144725799560547
matched_hop0,mean,3,ENSG00000174607,,,0.1266133338212967
matched_hop0,mean,3,ENSG00000110693,,,0.336662620306015
matched_hop0,mean,3,ENSG00000131435,0.0,,0.5636144280433655
matched_hop0,mean,3,ENSG00000108387,,,0.27384060621261597
matched_hop0,mean,3,ENSG00000196664,,,0.17866232991218567
matched_hop0,mean,3,ENSG00000164330,,,0.33714795112609863
matched_hop0,mean,3,ENSG00000094963,0.0,,0.21692371368408203
matched_hop0,mean,3,ENSG00000189056,,,0.18956038355827332
matched_hop0,mean,3,ENSG00000151532,,,0.3214890658855438
matched_hop0,pca_ridge,3,ENSG00000107317,0.4997067390945849,0.36410198474327565,0.6431857347488403
matched_hop0,pca_ridge,3,ENSG00000019582,0.7352575443818398,0.7574782188618776,0.8238479495048523
matched_hop0,pca_ridge,3,ENSG00000172724,0.5821016526520162,0.46088656856682564,0.63984215259552
matched_hop0,pca_ridge,3,ENSG00000168542,0.5399492811878284,0.5121761850132532,0.9875528812408447
matched_hop0,pca_ridge,3,ENSG00000145824,0.4762685750774307,0.4012185909724785,0.5235218405723572
matched_hop0,pca_ridge,3,ENSG00000196616,0.4055596622977016,0.33579176401663113,0.4557642638683319
matched_hop0,pca_ridge,3,ENSG00000160180,0.15359478552988556,0.18683726276045898,0.308491051197052
matched_hop0,pca_ridge,3,ENSG00000133110,0.6524112967468184,0.6540925458538641,0.8118844628334045
matched_hop0,pca_ridge,3,ENSG00000240583,0.8332380741344801,0.6954299487051271,0.6672492027282715
matched_hop0,pca_ridge,3,ENSG00000187608,0.6687616701136948,0.5736764394591173,0.7418027520179749
matched_hop0,pca_ridge,3,ENSG00000181617,0.31886758648116814,0.2786105501794953,0.3846251368522644
matched_hop0,pca_ridge,3,ENSG00000197766,0.33499083910757876,0.35703373601496846,0.822170615196228
matched_hop0,pca_ridge,3,ENSG00000170323,0.13850413727435662,0.14151120273823076,0.24253983795642853
matched_hop0,pca_ridge,3,ENSG00000148671,0.3779216667515086,0.2888772152372577,0.43740153312683105
matched_hop0,pca_ridge,3,ENSG00000137077,0.6792095944564962,0.5486916177321698,0.8717408180236816
matched_hop0,pca_ridge,3,ENSG00000167286,0.3621209014074881,0.28795305216354417,0.4263741672039032
matched_hop0,pca_ridge,3,ENSG00000184113,0.37873833188295913,0.3706798846798781,0.579492449760437
matched_hop0,pca_ridge,3,ENSG00000119922,0.17140251683654475,0.16783923733949893,0.3599857687950134
matched_hop0,pca_ridge,3,ENSG00000105894,0.9177876505995478,0.692568809875297,0.4699108302593231
matched_hop0,pca_ridge,3,ENSG00000160307,0.8596049901445769,0.8616963146033187,0.7867009043693542
matched_hop0,pca_ridge,3,ENSG00000163017,0.15626811623859832,0.10125478613384611,0.2996072769165039
matched_hop0,pca_ridge,3,ENSG00000170345,0.32176120057966934,0.29408433031732895,0.8092514872550964
matched_hop0,pca_ridge,3,ENSG00000049540,0.2926434329605956,0.28621817851036135,0.412190318107605
matched_hop0,pca_ridge,3,ENSG00000099250,0.2136469166081948,0.21025288910254067,0.4818587899208069
matched_hop0,pca_ridge,3,ENSG00000110079,0.16878826862488738,0.18526263826802528,0.35252645611763
matched_hop0,pca_ridge,3,ENSG00000163431,0.17084148534610907,0.1505499693560909,0.3330533802509308
matched_hop0,pca_ridge,3,ENSG00000188536,0.10435202552337189,0.10562247560601222,0.3841494619846344
matched_hop0,pca_ridge,3,ENSG00000167641,0.1305651468165857,0.13167508787183044,0.19820892810821533
matched_hop0,pca_ridge,3,ENSG00000184564,0.3133751172342807,0.23953823070433158,0.18917632102966309
matched_hop0,pca_ridge,3,ENSG00000148700,0.21142967697468695,0.21645564380820953,0.470113605260849
matched_hop0,pca_ridge,3,ENSG00000261857,0.7972740981236235,0.807498471752697,0.7795950174331665
matched_hop0,pca_ridge,3,ENSG00000012223,0.07337251985075456,0.06582155046318869,0.04283472150564194
matched_hop0,pca_ridge,3,ENSG00000077984,0.16332454182175973,0.17674264083384084,0.3793658912181854
matched_hop0,pca_ridge,3,ENSG00000232810,0.06146902764165689,0.06835104892835196,0.15284360945224762
matched_hop0,pca_ridge,3,ENSG00000162614,0.08947542296887662,0.10006443270355302,0.31950053572654724
matched_hop0,pca_ridge,3,ENSG00000244734,0.013733611648941756,0.07184237532058738,0.2680705785751343
matched_hop0,pca_ridge,3,ENSG00000185404,0.08658103224416355,0.08650427350170617,0.35623592138290405
matched_hop0,pca_ridge,3,ENSG00000129757,0.07670434595830941,0.05986432382511607,0.4693227708339691
matched_hop0,pca_ridge,3,ENSG00000150093,0.13424219899907577,0.13950418378716484,0.4735349714756012
matched_hop0,pca_ridge,3,ENSG00000013297,0.03591447023753809,0.0007175273545512587,0.09120234102010727
matched_hop0,pca_ridge,3,ENSG00000113739,0.02864844494777546,0.040861446128731695,0.1923343539237976
matched_hop0,pca_ridge,3,ENSG00000174607,-0.0009312815541680248,-0.013478672852827995,0.1281934678554535
matched_hop0,pca_ridge,3,ENSG00000110693,0.23059342086628407,0.1764102171905068,0.32974377274513245
matched_hop0,pca_ridge,3,ENSG00000131435,0.5967023391569541,0.5051852159525263,0.45252561569213867
matched_hop0,pca_ridge,3,ENSG00000108387,-0.003720749558790044,0.025363038122326213,0.2782023549079895
matched_hop0,pca_ridge,3,ENSG00000196664,0.034028244521342184,0.03076375013576279,0.1830303966999054
matched_hop0,pca_ridge,3,ENSG00000164330,0.22257352294984267,0.16295920627889232,0.32980450987815857
matched_hop0,pca_ridge,3,ENSG00000094963,0.007629000089970217,-0.0023230584907837646,0.2201729565858841
matched_hop0,pca_ridge,3,ENSG00000189056,0.02763764473243984,0.0258169396579776,0.19142337143421173
matched_hop0,pca_ridge,3,ENSG00000151532,0.10333389853432168,0.0428103055568062,0.3200220465660095
matched_hop0,spatial_knn,3,ENSG00000107317,0.013032953592662875,-0.016478339529884686,0.7739921730621753
matched_hop0,spatial_knn,3,ENSG00000019582,0.13354148761109733,0.12597472601707932,1.2264726752834432
matched_hop0,spatial_knn,3,ENSG00000172724,0.06679517258162924,0.03531582019306414,0.812041325195481
matched_hop0,spatial_knn,3,ENSG00000168542,0.12897172403255522,0.10349547317841527,1.1779232140090694
matched_hop0,spatial_knn,3,ENSG00000145824,0.046501584829605064,0.05033244420878449,0.6063863347388535
matched_hop0,spatial_knn,3,ENSG00000196616,0.06348070738886295,0.015223630958895522,0.4806424964268774
matched_hop0,spatial_knn,3,ENSG00000160180,-0.009124292665186658,0.007732966659628952,0.3159559801473754
matched_hop0,spatial_knn,3,ENSG00000133110,-0.027621327098602527,-0.021360752060771003,1.1366065385519026
matched_hop0,spatial_knn,3,ENSG00000240583,0.00504830112982499,-0.003510842576953432,1.230786540495813
matched_hop0,spatial_knn,3,ENSG00000187608,-0.0023339093872631186,0.027282311386514903,1.0136799672335524
matched_hop0,spatial_knn,3,ENSG00000181617,0.01900105523872208,0.010643082551814299,0.394992056353948
matched_hop0,spatial_knn,3,ENSG00000197766,0.051393804296740536,0.060790360373720216,0.8742755383919574
matched_hop0,spatial_knn,3,ENSG00000170323,0.17573409601013587,0.07712344181164156,0.2412572257752247
matched_hop0,spatial_knn,3,ENSG00000148671,0.003891053930320921,0.006279163063946593,0.4902985443008642
matched_hop0,spatial_knn,3,ENSG00000137077,0.20932908537004047,0.154581379107118,1.1483501621173198
matched_hop0,spatial_knn,3,ENSG00000167286,0.1386125719372039,0.09466950886950552,0.4568958147703308
matched_hop0,spatial_knn,3,ENSG00000184113,-0.04317013210190238,-0.05580271127648862,0.6562931768148952
matched_hop0,spatial_knn,3,ENSG00000119922,0.00266978934160418,0.005233832654416203,0.3857470476802255
matched_hop0,spatial_knn,3,ENSG00000105894,0.042145703824900654,0.04101476948536807,1.2149500526062587
matched_hop0,spatial_knn,3,ENSG00000160307,0.030646987337169862,0.019373756436354576,1.61511246780521
matched_hop0,spatial_knn,3,ENSG00000163017,0.03788661987536981,0.018197076509787233,0.3066770029491533
matched_hop0,spatial_knn,3,ENSG00000170345,0.05648814259624193,0.04170248847665925,0.8689734435247026
matched_hop0,spatial_knn,3,ENSG00000049540,0.036788078328265805,0.005899706922266643,0.4524142890815998
matched_hop0,spatial_knn,3,ENSG00000099250,-0.02375611947489161,-0.054043251427285326,0.5105470712034991
matched_hop0,spatial_knn,3,ENSG00000110079,0.033709971183339224,0.029585533024084416,0.36152995401705157
matched_hop0,spatial_knn,3,ENSG00000163431,0.04862419856751122,0.059403563001856244,0.3410399917986916
matched_hop0,spatial_knn,3,ENSG00000188536,0.11993876140438223,0.030924480403079362,0.4150748367181557
matched_hop0,spatial_knn,3,ENSG00000167641,0.021482618551601333,0.04375837912062745,0.20195896771907246
matched_hop0,spatial_knn,3,ENSG00000184564,0.01732300438689252,0.01566400600614166,0.20866742726708082
matched_hop0,spatial_knn,3,ENSG00000148700,0.04500334244576665,0.027389441779337383,0.48488783041306843
matched_hop0,spatial_knn,3,ENSG00000261857,0.05958392197227672,0.050880174504976144,1.3698806360274238
matched_hop0,spatial_knn,3,ENSG00000012223,0.0,,0.0345066561719873
matched_hop0,spatial_knn,3,ENSG00000077984,0.11037999030558786,0.09986451923860999,0.3833981498274397
matched_hop0,spatial_knn,3,ENSG00000232810,0.01262637311971861,0.005470871746695353,0.15268717462026102
matched_hop0,spatial_knn,3,ENSG00000162614,0.03655189793862813,0.01775125304354504,0.32296351446528054
matched_hop0,spatial_knn,3,ENSG00000244734,0.028158557676257124,0.010177541409178842,0.2676945961962761
matched_hop0,spatial_knn,3,ENSG00000185404,-0.00551642165762942,-0.01917310293083146,0.36069575948242244
matched_hop0,spatial_knn,3,ENSG00000129757,-0.03475064594599631,-0.028533396513952917,0.48388817953199775
matched_hop0,spatial_knn,3,ENSG00000150093,0.07664179387783358,0.06040585892280544,0.4829172404106993
matched_hop0,spatial_knn,3,ENSG00000013297,-0.0346665731079488,-0.020917387138639477,0.09666050718974331
matched_hop0,spatial_knn,3,ENSG00000113739,-0.01634165581332526,0.0009127300719297084,0.19647178654598904
matched_hop0,spatial_knn,3,ENSG00000174607,0.005532767107230323,0.06310456522992812,0.14764412340542007
matched_hop0,spatial_knn,3,ENSG00000110693,0.012188177068440605,0.055949691671104945,0.3596403454860404
matched_hop0,spatial_knn,3,ENSG00000131435,0.022684361789129887,0.03730204259466835,0.5770391186897947
matched_hop0,spatial_knn,3,ENSG00000108387,0.033380738993867586,-0.010317228028121227,0.2777130946632453
matched_hop0,spatial_knn,3,ENSG00000196664,0.010223373112242157,-0.018989210817749645,0.19178923445895255
matched_hop0,spatial_knn,3,ENSG00000164330,-0.05817776059440192,-0.07407412677608674,0.36067729108572244
matched_hop0,spatial_knn,3,ENSG00000094963,-0.04628952442498647,-0.02420468623295631,0.2296100061032349
matched_hop0,spatial_knn,3,ENSG00000189056,0.0,,0.19047071370558358
matched_hop0,spatial_knn,3,ENSG00000151532,-0.01021851001267846,0.00971877710180287,0.32761256049541204
random,mean,4,ENSG00000107317,,,0.8599176406860352
random,mean,4,ENSG00000019582,,,1.1984003782272339
random,mean,4,ENSG00000172724,,,0.76189124584198
random,mean,4,ENSG00000168542,,,1.205201268196106
random,mean,4,ENSG00000145824,,,0.588081419467926
random,mean,4,ENSG00000196616,,,0.34028080105781555
random,mean,4,ENSG00000160180,,,0.2129688709974289
random,mean,4,ENSG00000133110,,,1.050594449043274
random,mean,4,ENSG00000240583,,,1.0768364667892456
random,mean,4,ENSG00000187608,,,1.035021185874939
random,mean,4,ENSG00000181617,,,0.6126126050949097
random,mean,4,ENSG00000197766,0.0,,0.7820571064949036
random,mean,4,ENSG00000170323,,,0.19782328605651855
random,mean,4,ENSG00000148671,0.0,,0.42634037137031555
random,mean,4,ENSG00000137077,0.0,,1.1179604530334473
random,mean,4,ENSG00000167286,0.0,,0.48703503608703613
random,mean,4,ENSG00000184113,0.0,,0.5272975564002991
random,mean,4,ENSG00000119922,,,0.4509037733078003
random,mean,4,ENSG00000105894,,,1.1061261892318726
random,mean,4,ENSG00000160307,0.0,,1.5599548816680908
random,mean,4,ENSG00000163017,,,0.3528265357017517
random,mean,4,ENSG00000170345,0.0,,0.8544344902038574
random,mean,4,ENSG00000049540,,,0.46885019540786743
random,mean,4,ENSG00000099250,,,0.5070021748542786
random,mean,4,ENSG00000110079,,,0.3119315803050995
random,mean,4,ENSG00000163431,,,0.3561645448207855
random,mean,4,ENSG00000188536,0.0,,0.3638388216495514
random,mean,4,ENSG00000167641,0.0,,0.22466088831424713
random,mean,4,ENSG00000184564,,,0.20188958942890167
random,mean,4,ENSG00000148700,,,0.5266706943511963
random,mean,4,ENSG00000261857,0.0,,1.2831414937973022
random,mean,4,ENSG00000012223,,,0.06737983971834183
random,mean,4,ENSG00000077984,,,0.3809298574924469
random,mean,4,ENSG00000232810,0.0,,0.18212464451789856
random,mean,4,ENSG00000162614,,,0.3208649456501007
random,mean,4,ENSG00000244734,,,0.23469865322113037
random,mean,4,ENSG00000185404,0.0,,0.39872971177101135
random,mean,4,ENSG00000129757,0.0,,0.43185755610466003
random,mean,4,ENSG00000150093,0.0,,0.4219247102737427
random,mean,4,ENSG00000013297,0.0,,0.13871051371097565
random,mean,4,ENSG00000113739,,,0.1352422833442688
random,mean,4,ENSG00000174607,0.0,,0.1415787935256958
random,mean,4,ENSG00000110693,,,0.31053322553634644
random,mean,4,ENSG00000131435,0.0,,0.4717104434967041
random,mean,4,ENSG00000108387,,,0.257648766040802
random,mean,4,ENSG00000196664,,,0.1656298041343689
random,mean,4,ENSG00000164330,,,0.3019331991672516
random,mean,4,ENSG00000094963,,,0.1274404674768448
random,mean,4,ENSG00000189056,,,0.1877918839454651
random,mean,4,ENSG00000151532,,,0.383924275636673
random,pca_ridge,4,ENSG00000107317,0.6461741810118526,0.5810207734674362,0.6564154028892517
random,pca_ridge,4,ENSG00000019582,0.7260465301995698,0.7394178045944577,0.8284093737602234
random,pca_ridge,4,ENSG00000172724,0.5281735336569657,0.48150135360993757,0.6602194309234619
random,pca_ridge,4,ENSG00000168542,0.6205111826741532,0.5967123063155754,0.9474470019340515
random,pca_ridge,4,ENSG00000145824,0.5836734260388872,0.5538585433057996,0.48279789090156555
random,pca_ridge,4,ENSG00000196616,0.32931435676968307,0.28359645730870686,0.3221063017845154
random,pca_ridge,4,ENSG00000160180,0.19372387546605543,0.2056948296392459,0.21029366552829742
random,pca_ridge,4,ENSG00000133110,0.6655656527345589,0.6729298978043665,0.7837696075439453
random,pca_ridge,4,ENSG00000240583,0.7916282072406009,0.6461022929710336,0.6560679078102112
random,pca_ridge,4,ENSG00000187608,0.7157514194896453,0.6037050134344663,0.7393349409103394
random,pca_ridge,4,ENSG00000181617,0.6067632828316958,0.5018033714004823,0.49061957001686096
random,pca_ridge,4,ENSG00000197766,0.3282631290726776,0.3289938147530398,0.737701952457428
random,pca_ridge,4,ENSG00000170323,0.11020787745106742,0.11378834115017611,0.19866430759429932
random,pca_ridge,4,ENSG00000148671,0.3956125459224199,0.3248637487291762,0.39245688915252686
random,pca_ridge,4,ENSG00000137077,0.6248804055224692,0.5340510371679115,0.884170651435852
random,pca_ridge,4,ENSG00000167286,0.4555723485284134,0.41793205184918747,0.43313539028167725
random,pca_ridge,4,ENSG00000184113,0.4182688907409904,0.4012959857909219,0.4829535484313965
random,pca_ridge,4,ENSG00000119922,0.39007941937181817,0.3158972990436202,0.4201110005378723
random,pca_ridge,4,ENSG00000105894,0.9594216556118406,0.6801041649282604,0.31840530037879944
random,pca_ridge,4,ENSG00000160307,0.87924724696217,0.8720714950036478,0.7406595349311829
random,pca_ridge,4,ENSG00000163017,0.11916244060402745,0.10133570869480868,0.3544647991657257
random,pca_ridge,4,ENSG00000170345,0.28486537441063414,0.2944218697387393,0.8204036951065063
random,pca_ridge,4,ENSG00000049540,0.3357846973098111,0.355240054678487,0.44178447127342224
random,pca_ridge,4,ENSG00000099250,0.17649522666777434,0.15828156279728947,0.5003882050514221
random,pca_ridge,4,ENSG00000110079,0.18590945433940947,0.1780717856810592,0.3083796799182892
random,pca_ridge,4,ENSG00000163431,0.13689258908821353,0.19420835567098124,0.3540858030319214
random,pca_ridge,4,ENSG00000188536,0.06675462577768575,0.06021694074693769,0.36535242199897766
random,pca_ridge,4,ENSG00000167641,0.1897142717851153,0.18557089573544747,0.2207130789756775
random,pca_ridge,4,ENSG00000184564,0.1375198053116275,0.14082423983708892,0.20257936418056488
random,pca_ridge,4,ENSG00000148700,0.2562760797736828,0.27441157549121403,0.5079250335693359
random,pca_ridge,4,ENSG00000261857,0.8568019689415609,0.86665548039479,0.663972795009613
random,pca_ridge,4,ENSG00000012223,-0.01624668445965781,0.0070552204570214746,0.07184074074029922
random,pca_ridge,4,ENSG00000077984,0.08770416928860839,0.13366218025326387,0.38440409302711487
random,pca_ridge,4,ENSG00000232810,-0.03563980381796165,0.03963555942084666,0.1860620081424713
random,pca_ridge,4,ENSG00000162614,0.1779374074638574,0.18055608193126788,0.3156404495239258
random,pca_ridge,4,ENSG00000244734,0.10394468294003359,0.07909413244592897,0.2336747795343399
random,pca_ridge,4,ENSG00000185404,0.21505031434284863,0.2641941926720321,0.3892049491405487
random,pca_ridge,4,ENSG00000129757,0.15922777725183648,0.11399854762750984,0.42664793133735657
random,pca_ridge,4,ENSG00000150093,0.023056585372512567,0.0040633686014748815,0.43304580450057983
random,pca_ridge,4,ENSG00000013297,0.004603522024136777,-0.03405587633702901,0.14097094535827637
random,pca_ridge,4,ENSG00000113739,0.06823534513172652,0.09316989132217635,0.13567925989627838
random,pca_ridge,4,ENSG00000174607,0.18822804303990096,0.15990963220067259,0.13939836621284485
random,pca_ridge,4,ENSG00000110693,0.18251853939395118,0.09494628295685104,0.31165334582328796
random,pca_ridge,4,ENSG00000131435,0.6259065782695258,0.49591151383755283,0.3665493428707123
random,pca_ridge,4,ENSG00000108387,0.17079731676592141,0.1622879011579773,0.2539422810077667
random,pca_ridge,4,ENSG00000196664,0.01879353392198747,0.07573556349570515,0.17087361216545105
random,pca_ridge,4,ENSG00000164330,0.12339039994574252,0.130548513274271,0.3017044961452484
random,pca_ridge,4,ENSG00000094963,0.0754208343654948,0.09828393699118594,0.13064472377300262
random,pca_ridge,4,ENSG00000189056,0.03306555661321792,0.05443337575238192,0.188882514834404
random,pca_ridge,4,ENSG00000151532,0.04846596051254452,0.08932626984857217,0.38383206725120544
random,spatial_knn,4,ENSG00000107317,-0.017491183177600903,0.011933023716843441,0.9097078745674105
random,spatial_knn,4,ENSG00000019582,-0.0067116731846537415,-0.03473183496536757,1.2805429246169284
random,spatial_knn,4,ENSG00000172724,0.047721809254396834,0.04199858958696795,0.7885737670335942
random,spatial_knn,4,ENSG00000168542,0.06882847657006652,0.060664753289120625,1.2422824439351627
random,spatial_knn,4,ENSG00000145824,-0.026656345811567544,0.008418551789364823,0.6223170171574889
random,spatial_knn,4,ENSG00000196616,-0.007346052111382058,-0.002060922861490122,0.35771053248360735
random,spatial_knn,4,ENSG00000160180,0.03831373000699532,0.0687330468758836,0.23209861547446478
random,spatial_knn,4,ENSG00000133110,-0.0009605696616299325,-0.0094553393466779,1.1037509338397824
random,spatial_knn,4,ENSG00000240583,-0.16430225901072174,-0.1862077537736138,1.1940780310165358
random,spatial_knn,4,ENSG00000187608,0.0029121105634485256,-0.006892102206272128,1.0724834561999879
random,spatial_knn,4,ENSG00000181617,0.05555566383814761,0.016811167149871586,0.6289629421543265
random,spatial_knn,4,ENSG00000197766,-0.08533588825297826,-0.10628058481881811,0.8361186863292404
random,spatial_knn,4,ENSG00000170323,0.23589511928095458,0.22981296584569705,0.19710271730480397
random,spatial_knn,4,ENSG00000148671,-0.0668930445718019,-0.07107486994664616,0.4563801212364328
random,spatial_knn,4,ENSG00000137077,0.09499808564376216,0.10074474568651365,1.1554177746620689
random,spatial_knn,4,ENSG00000167286,-0.019298591883176484,0.05743697515632325,0.5201785707862285
random,spatial_knn,4,ENSG00000184113,-0.05314125744995724,-0.0284222732934043,0.5706430718847453
random,spatial_knn,4,ENSG00000119922,0.04789481974555395,0.006481879836603491,0.46394792409850777
random,spatial_knn,4,ENSG00000105894,-0.19379184658494325,-0.23678592767171866,1.2249264784904343
random,spatial_knn,4,ENSG00000160307,-0.03503060545528422,-0.08246559120560605,1.6739145652736502
random,spatial_knn,4,ENSG00000163017,0.0022997320115377,-0.016223556420822176,0.3735571861188855
random,spatial_knn,4,ENSG00000170345,0.03629134849762407,0.04440420070168007,0.8851580183669702
random,spatial_knn,4,ENSG00000049540,-0.01142723330315107,-0.011083021205505333,0.4910759034521725
random,spatial_knn,4,ENSG00000099250,0.016931111647838705,-0.053324441825259083,0.5225471407561404
random,spatial_knn,4,ENSG00000110079,-0.013084231153037668,0.0009496235563131263,0.32981535317108357
random,spatial_knn,4,ENSG00000163431,-0.06716842033917875,-0.056019676247525414,0.38289484950088376
random,spatial_knn,4,ENSG00000188536,-0.013169061743338815,0.02041041702184323,0.398169143889357
random,spatial_knn,4,ENSG00000167641,-0.06378745652580739,-0.08165748689480104,0.2361144493391741
random,spatial_knn,4,ENSG00000184564,-0.013530523984896877,0.021701203528433764,0.2154332093743642
random,spatial_knn,4,ENSG00000148700,-0.016870783322067453,-0.0013167890718801388,0.5462386485910846
random,spatial_knn,4,ENSG00000261857,0.002364399260750822,-0.04666958887210094,1.3564478729112448
random,spatial_knn,4,ENSG00000012223,0.11359097411041398,0.20031368655901394,0.07262344823345349
random,spatial_knn,4,ENSG00000077984,0.015833196997928404,0.06500963090265925,0.39609843193374106
random,spatial_knn,4,ENSG00000232810,-0.04669664135127732,-0.02803104183271309,0.1904053054888685
random,spatial_knn,4,ENSG00000162614,-0.06927122837539988,-0.0535481269841768,0.3379097046007651
random,spatial_knn,4,ENSG00000244734,0.09006747014808711,0.1707655770357895,0.24303653711936477
random,spatial_knn,4,ENSG00000185404,0.07698357733812791,0.1112506887238389,0.4055995007911081
random,spatial_knn,4,ENSG00000129757,0.07085877295971815,0.049299883795360884,0.4396715912437411
random,spatial_knn,4,ENSG00000150093,0.037061536443148614,0.04211632999175565,0.4456832848383298
random,spatial_knn,4,ENSG00000013297,0.011384675383748738,0.02796738619382211,0.14474466788975607
random,spatial_knn,4,ENSG00000113739,0.1019532915514675,0.10457527886988774,0.13826188646272233
random,spatial_knn,4,ENSG00000174607,0.3045034948658584,0.08838500797084946,0.13480847378289335
random,spatial_knn,4,ENSG00000110693,0.13971322995679647,0.07250567994815209,0.3120797250029482
random,spatial_knn,4,ENSG00000131435,0.037090869840085965,0.011433944556556148,0.48962441797345707
random,spatial_knn,4,ENSG00000108387,-0.006689472054524441,-0.0133414714926469,0.275503717352167
random,spatial_knn,4,ENSG00000196664,0.029815642077989164,0.051613632394118425,0.1853880826402305
random,spatial_knn,4,ENSG00000164330,-0.012165903939801836,0.0414902939469315,0.3132077143371055
random,spatial_knn,4,ENSG00000094963,0.011441849785617216,0.017771780084218383,0.13530360211470105
random,spatial_knn,4,ENSG00000189056,-0.030628801129443425,-0.03738834432020954,0.19277945481757372
random,spatial_knn,4,ENSG00000151532,-0.035036419082163504,-0.019467811519869895,0.3940595676824036
matched_hop0,mean,4,ENSG00000107317,0.0,,0.7379381060600281
matched_hop0,mean,4,ENSG00000019582,,,1.2191144227981567
matched_hop0,mean,4,ENSG00000172724,,,0.7884659767150879
matched_hop0,mean,4,ENSG00000168542,,,1.1734068393707275
matched_hop0,mean,4,ENSG00000145824,0.0,,0.5903656482696533
matched_hop0,mean,4,ENSG00000196616,0.0,,0.48188114166259766
matched_hop0,mean,4,ENSG00000160180,,,0.3114936649799347
matched_hop0,mean,4,ENSG00000133110,,,1.0660889148712158
matched_hop0,mean,4,ENSG00000240583,,,1.203395962715149
matched_hop0,mean,4,ENSG00000187608,,,0.9938417077064514
matched_hop0,mean,4,ENSG00000181617,0.0,,0.3813331127166748
matched_hop0,mean,4,ENSG00000197766,,,0.8650689125061035
matched_hop0,mean,4,ENSG00000170323,,,0.2448047697544098
matched_hop0,mean,4,ENSG00000148671,,,0.47147136926651
matched_hop0,mean,4,ENSG00000137077,,,1.1699520349502563
matched_hop0,mean,4,ENSG00000167286,,,0.4559435248374939
matched_hop0,mean,4,ENSG00000184113,0.0,,0.6265387535095215
matched_hop0,mean,4,ENSG00000119922,,,0.36152198910713196
matched_hop0,mean,4,ENSG00000105894,0.0,,1.1834194660186768
matched_hop0,mean,4,ENSG00000160307,,,1.5392009019851685
matched_hop0,mean,4,ENSG00000163017,,,0.29966041445732117
matched_hop0,mean,4,ENSG00000170345,,,0.8508083820343018
matched_hop0,mean,4,ENSG00000049540,,,0.43047282099723816
matched_hop0,mean,4,ENSG00000099250,,,0.49312731623649597
matched_hop0,mean,4,ENSG00000110079,,,0.35725927352905273
matched_hop0,mean,4,ENSG00000163431,,,0.3372972905635834
matched_hop0,mean,4,ENSG00000188536,0.0,,0.3852713108062744
matched_hop0,mean,4,ENSG00000167641,0.0,,0.19888608157634735
matched_hop0,mean,4,ENSG00000184564,0.0,,0.19921515882015228
matched_hop0,mean,4,ENSG00000148700,,,0.480540007352829
matched_hop0,mean,4,ENSG00000261857,,,1.2869539260864258
matched_hop0,mean,4,ENSG00000012223,0.0,,0.03675651550292969
matched_hop0,mean,4,ENSG00000077984,,,0.3838587999343872
matched_hop0,mean,4,ENSG00000232810,,,0.15088076889514923
matched_hop0,mean,4,ENSG00000162614,,,0.3195631504058838
matched_hop0,mean,4,ENSG00000244734,,,0.2658836841583252
matched_hop0,mean,4,ENSG00000185404,,,0.3546924591064453
matched_hop0,mean,4,ENSG00000129757,0.0,,0.4681757390499115
matched_hop0,mean,4,ENSG00000150093,,,0.4756264090538025
matched_hop0,mean,4,ENSG00000013297,,,0.08868325501680374
matched_hop0,mean,4,ENSG00000113739,0.0,,0.19144725799560547
matched_hop0,mean,4,ENSG00000174607,,,0.1266133338212967
matched_hop0,mean,4,ENSG00000110693,,,0.336662620306015
matched_hop0,mean,4,ENSG00000131435,0.0,,0.5636144280433655
matched_hop0,mean,4,ENSG00000108387,,,0.27384060621261597
matched_hop0,mean,4,ENSG00000196664,,,0.17866232991218567
matched_hop0,mean,4,ENSG00000164330,,,0.33714795112609863
matched_hop0,mean,4,ENSG00000094963,0.0,,0.21692371368408203
matched_hop0,mean,4,ENSG00000189056,,,0.18956038355827332
matched_hop0,mean,4,ENSG00000151532,,,0.3214890658855438
matched_hop0,pca_ridge,4,ENSG00000107317,0.4954106141206985,0.3618017091242766,0.6454452276229858
matched_hop0,pca_ridge,4,ENSG00000019582,0.7356204544781706,0.7579759852648119,0.823384165763855
matched_hop0,pca_ridge,4,ENSG00000172724,0.591362174436493,0.4629140755440786,0.6351238489151001
matched_hop0,pca_ridge,4,ENSG00000168542,0.5420337163778728,0.5095815677488272,0.9858733415603638
matched_hop0,pca_ridge,4,ENSG00000145824,0.4741056597304098,0.3954514406882032,0.523777186870575
matched_hop0,pca_ridge,4,ENSG00000196616,0.4094490028362195,0.34465258903366924,0.4551629424095154
matched_hop0,pca_ridge,4,ENSG00000160180,0.16540987248962152,0.19009450566807867,0.30795595049858093
matched_hop0,pca_ridge,4,ENSG00000133110,0.652326326756842,0.6537175697063805,0.8111297488212585
matched_hop0,pca_ridge,4,ENSG00000240583,0.8335210956456411,0.6975825436147859,0.6668404340744019
matched_hop0,pca_ridge,4,ENSG00000187608,0.6693423245164103,0.5739617699075578,0.7411032319068909
matched_hop0,pca_ridge,4,ENSG00000181617,0.3240554978631979,0.2799736370622658,0.3839329779148102
matched_hop0,pca_ridge,4,ENSG00000197766,0.33308393314405677,0.3533628568423794,0.8224546909332275
matched_hop0,pca_ridge,4,ENSG00000170323,0.1337916071883182,0.13133350352183823,0.24282622337341309
matched_hop0,pca_ridge,4,ENSG00000148671,0.3908002155649843,0.2912854276363673,0.43497157096862793
matched_hop0,pca_ridge,4,ENSG00000137077,0.6748813475671911,0.5445774040418618,0.8760446310043335
matched_hop0,pca_ridge,4,ENSG00000167286,0.37389842300493586,0.2936339406974401,0.423851877450943
matched_hop0,pca_ridge,4,ENSG00000184113,0.3883463307130146,0.37997510970204906,0.5769349336624146
matched_hop0,pca_ridge,4,ENSG00000119922,0.18244723822486925,0.16863733481780488,0.3585489094257355
matched_hop0,pca_ridge,4,ENSG00000105894,0.9181641851932747,0.6933085938345903,0.46876198053359985
matched_hop0,pca_ridge,4,ENSG00000160307,0.8611876449723569,0.8626795702765239,0.7825820446014404
matched_hop0,pca_ridge,4,ENSG00000163017,0.17555187095962602,0.11743129126102055,0.2982177138328552
matched_hop0,pca_ridge,4,ENSG00000170345,0.32752941408144215,0.2982426720480661,0.8081951141357422
matched_hop0,pca_ridge,4,ENSG00000049540,0.2838714832135925,0.28071420143893616,0.4135667383670807
matched_hop0,pca_ridge,4,ENSG00000099250,0.20991513263193776,0.20256482373760148,0.48226454854011536
matched_hop0,pca_ridge,4,ENSG00000110079,0.14909753459617078,0.17765202950999506,0.3544863760471344
matched_hop0,pca_ridge,4,ENSG00000163431,0.19043940213262933,0.15744680327454227,0.3313804566860199
matched_hop0,pca_ridge,4,ENSG00000188536,0.07678412703929804,0.09102903909515882,0.38586345314979553
matched_hop0,pca_ridge,4,ENSG00000167641,0.11858577021388118,0.12942555300534866,0.1990710198879242
matched_hop0,pca_ridge,4,ENSG00000184564,0.305905091593987,0.24034093333488457,0.18966680765151978
matched_hop0,pca_ridge,4,ENSG00000148700,0.22995039205833004,0.21913398507008974,0.46779096126556396
matched_hop0,pca_ridge,4,ENSG00000261857,0.7969171051675463,0.8074951408258988,0.7801597714424133
matched_hop0,pca_ridge,4,ENSG00000012223,0.08912193865404987,0.06777181862506093,0.041867297142744064
matched_hop0,pca_ridge,4,ENSG00000077984,0.14423116328937524,0.16272053018053398,0.38108116388320923
matched_hop0,pca_ridge,4,ENSG00000232810,0.06278259307929468,0.07315513599704394,0.15275774896144867
matched_hop0,pca_ridge,4,ENSG00000162614,0.09016358075885779,0.09740107316024547,0.31946510076522827
matched_hop0,pca_ridge,4,ENSG00000244734,-0.0010710556999327175,0.06844056675041306,0.26853498816490173
matched_hop0,pca_ridge,4,ENSG00000185404,0.10513314482533959,0.0908224482055336,0.35475027561187744
matched_hop0,pca_ridge,4,ENSG00000129757,0.0799365676999195,0.06606766159784662,0.46942251920700073
matched_hop0,pca_ridge,4,ENSG00000150093,0.12254401441380358,0.12004224485927514,0.4751558303833008
matched_hop0,pca_ridge,4,ENSG00000013297,-0.007654463037147279,-0.0453612143715884,0.0923316478729248
matched_hop0,pca_ridge,4,ENSG00000113739,-0.01587234880733251,-0.018790649856403014,0.1934717446565628
matched_hop0,pca_ridge,4,ENSG00000174607,0.03629132446726297,0.033231598801518616,0.12750662863254547
matched_hop0,pca_ridge,4,ENSG00000110693,0.21702788446433793,0.1669828064120277,0.33097752928733826
matched_hop0,pca_ridge,4,ENSG00000131435,0.6042288616784111,0.5104632580426638,0.44955286383628845
matched_hop0,pca_ridge,4,ENSG00000108387,0.04088245875683618,0.06839754987351487,0.27563005685806274
matched_hop0,pca_ridge,4,ENSG00000196664,0.02023421348862435,0.02426510445120642,0.18373702466487885
matched_hop0,pca_ridge,4,ENSG00000164330,0.18351002076395195,0.1430876112242046,0.33158063888549805
matched_hop0,pca_ridge,4,ENSG00000094963,0.017381944597544444,0.01781452970775738,0.21996554732322693
matched_hop0,pca_ridge,4,ENSG00000189056,0.027661996205522805,0.02776042839908234,0.191348597407341
matched_hop0,pca_ridge,4,ENSG00000151532,0.1017339104697324,0.0653022173225939,0.3201323449611664
matched_hop0,spatial_knn,4,ENSG00000107317,0.013032953592662875,-0.016478339529884686,0.7739921730621753
matched_hop0,spatial_knn,4,ENSG00000019582,0.13354148761109733,0.12597472601707932,1.2264726752834432
matched_hop0,spatial_knn,4,ENSG00000172724,0.06679517258162924,0.03531582019306414,0.812041325195481
matched_hop0,spatial_knn,4,ENSG00000168542,0.12897172403255522,0.10349547317841527,1.1779232140090694
matched_hop0,spatial_knn,4,ENSG00000145824,0.046501584829605064,0.05033244420878449,0.6063863347388535
matched_hop0,spatial_knn,4,ENSG00000196616,0.06348070738886295,0.015223630958895522,0.4806424964268774
matched_hop0,spatial_knn,4,ENSG00000160180,-0.009124292665186658,0.007732966659628952,0.3159559801473754
matched_hop0,spatial_knn,4,ENSG00000133110,-0.027621327098602527,-0.021360752060771003,1.1366065385519026
matched_hop0,spatial_knn,4,ENSG00000240583,0.00504830112982499,-0.003510842576953432,1.230786540495813
matched_hop0,spatial_knn,4,ENSG00000187608,-0.0023339093872631186,0.027282311386514903,1.0136799672335524
matched_hop0,spatial_knn,4,ENSG00000181617,0.01900105523872208,0.010643082551814299,0.394992056353948
matched_hop0,spatial_knn,4,ENSG00000197766,0.051393804296740536,0.060790360373720216,0.8742755383919574
matched_hop0,spatial_knn,4,ENSG00000170323,0.17573409601013587,0.07712344181164156,0.2412572257752247
matched_hop0,spatial_knn,4,ENSG00000148671,0.003891053930320921,0.006279163063946593,0.4902985443008642
matched_hop0,spatial_knn,4,ENSG00000137077,0.20932908537004047,0.154581379107118,1.1483501621173198
matched_hop0,spatial_knn,4,ENSG00000167286,0.1386125719372039,0.09466950886950552,0.4568958147703308
matched_hop0,spatial_knn,4,ENSG00000184113,-0.04317013210190238,-0.05580271127648862,0.6562931768148952
matched_hop0,spatial_knn,4,ENSG00000119922,0.00266978934160418,0.005233832654416203,0.3857470476802255
matched_hop0,spatial_knn,4,ENSG00000105894,0.042145703824900654,0.04101476948536807,1.2149500526062587
matched_hop0,spatial_knn,4,ENSG00000160307,0.030646987337169862,0.019373756436354576,1.61511246780521
matched_hop0,spatial_knn,4,ENSG00000163017,0.03788661987536981,0.018197076509787233,0.3066770029491533
matched_hop0,spatial_knn,4,ENSG00000170345,0.05648814259624193,0.04170248847665925,0.8689734435247026
matched_hop0,spatial_knn,4,ENSG00000049540,0.036788078328265805,0.005899706922266643,0.4524142890815998
matched_hop0,spatial_knn,4,ENSG00000099250,-0.02375611947489161,-0.054043251427285326,0.5105470712034991
matched_hop0,spatial_knn,4,ENSG00000110079,0.033709971183339224,0.029585533024084416,0.36152995401705157
matched_hop0,spatial_knn,4,ENSG00000163431,0.04862419856751122,0.059403563001856244,0.3410399917986916
matched_hop0,spatial_knn,4,ENSG00000188536,0.11993876140438223,0.030924480403079362,0.4150748367181557
matched_hop0,spatial_knn,4,ENSG00000167641,0.021482618551601333,0.04375837912062745,0.20195896771907246
matched_hop0,spatial_knn,4,ENSG00000184564,0.01732300438689252,0.01566400600614166,0.20866742726708082
matched_hop0,spatial_knn,4,ENSG00000148700,0.04500334244576665,0.027389441779337383,0.48488783041306843
matched_hop0,spatial_knn,4,ENSG00000261857,0.05958392197227672,0.050880174504976144,1.3698806360274238
matched_hop0,spatial_knn,4,ENSG00000012223,0.0,,0.0345066561719873
matched_hop0,spatial_knn,4,ENSG00000077984,0.11037999030558786,0.09986451923860999,0.3833981498274397
matched_hop0,spatial_knn,4,ENSG00000232810,0.01262637311971861,0.005470871746695353,0.15268717462026102
matched_hop0,spatial_knn,4,ENSG00000162614,0.03655189793862813,0.01775125304354504,0.32296351446528054
matched_hop0,spatial_knn,4,ENSG00000244734,0.028158557676257124,0.010177541409178842,0.2676945961962761
matched_hop0,spatial_knn,4,ENSG00000185404,-0.00551642165762942,-0.01917310293083146,0.36069575948242244
matched_hop0,spatial_knn,4,ENSG00000129757,-0.03475064594599631,-0.028533396513952917,0.48388817953199775
matched_hop0,spatial_knn,4,ENSG00000150093,0.07664179387783358,0.06040585892280544,0.4829172404106993
matched_hop0,spatial_knn,4,ENSG00000013297,-0.0346665731079488,-0.020917387138639477,0.09666050718974331
matched_hop0,spatial_knn,4,ENSG00000113739,-0.01634165581332526,0.0009127300719297084,0.19647178654598904
matched_hop0,spatial_knn,4,ENSG00000174607,0.005532767107230323,0.06310456522992812,0.14764412340542007
matched_hop0,spatial_knn,4,ENSG00000110693,0.012188177068440605,0.055949691671104945,0.3596403454860404
matched_hop0,spatial_knn,4,ENSG00000131435,0.022684361789129887,0.03730204259466835,0.5770391186897947
matched_hop0,spatial_knn,4,ENSG00000108387,0.033380738993867586,-0.010317228028121227,0.2777130946632453
matched_hop0,spatial_knn,4,ENSG00000196664,0.010223373112242157,-0.018989210817749645,0.19178923445895255
matched_hop0,spatial_knn,4,ENSG00000164330,-0.05817776059440192,-0.07407412677608674,0.36067729108572244
matched_hop0,spatial_knn,4,ENSG00000094963,-0.04628952442498647,-0.02420468623295631,0.2296100061032349
matched_hop0,spatial_knn,4,ENSG00000189056,0.0,,0.19047071370558358
matched_hop0,spatial_knn,4,ENSG00000151532,-0.01021851001267846,0.00971877710180287,0.32761256049541204
