split,model,seed,gene,pearson,spearman,rmse
random,mean,0,PTGDS,0.0,,1.0275882482528687
random,mean,0,CD74,,,1.168112874031067
random,mean,0,CCL19,0.0,,0.8581771850585938
random,mean,0,COL3A1,0.0,,1.2849900722503662
random,mean,0,CXCL14,,,0.8404640555381775
random,mean,0,ADH1B,0.0,,0.42435604333877563
random,mean,0,TFF3,,,1.361043095588684
random,mean,0,POSTN,,,1.0996066331863403
random,mean,0,AQP1,,,0.7766835689544678
random,mean,0,ISG15,,,1.283833622932434
random,mean,0,FDCSP,,,0.1577465534210205
random,mean,0,CFD,,,0.8734022974967957
random,mean,0,FABP4,0.0,,0.4443226456642151
random,mean,0,ADIRF,0.0,,0.9536272883415222
random,mean,0,CCL21,0.0,,0.5589607357978821
random,mean,0,CD3D,0.0,,0.5601820349693298
random,mean,0,CLDN5,,,0.6623510122299194
random,mean,0,IFIT2,,,0.3602047264575958
random,mean,0,PTN,0.0,,0.2451254278421402
random,mean,0,S100B,,,0.31735584139823914
random,mean,0,ACTG2,,,0.3092986047267914
random,mean,0,FOS,0.0,,0.7937912344932556
random,mean,0,ELN,,,0.44214585423469543
random,mean,0,NRP1,,,0.4390522837638855
random,mean,0,MS4A4A,,,0.27513420581817627
random,mean,0,LMOD1,,,0.34776368737220764
random,mean,0,HBA2,0.0,,0.13098417222499847
random,mean,0,PPP1R14A,0.0,,0.30054742097854614
random,mean,0,SLITRK6,0.0,,0.1623193919658661
random,mean,0,ADD3,0.0,,0.4117763340473175
random,mean,0,MIA,,,0.1708168089389801
random,mean,0,LTF,,,1.1107079982757568
random,mean,0,CST7,0.0,,0.47375649213790894
random,mean,0,TNF,0.0,,0.19702546298503876
random,mean,0,NEXN,0.0,,0.2351413369178772
random,mean,0,HBB,,,0.09054679423570633
random,mean,0,SP140L,0.0,,0.26786425709724426
random,mean,0,CDKN1C,,,0.46239444613456726
random,mean,0,ITGB1,0.0,,0.3305708169937134
random,mean,0,CLDN11,0.0,,0.2385285496711731
random,mean,0,STC2,,,0.5129910707473755
random,mean,0,UGT8,,,0.05045677721500397
random,mean,0,SOX6,,,0.10718882828950882
random,mean,0,PDLIM4,,,0.3633820116519928
random,mean,0,SEPT4,,,0.2772466242313385
random,mean,0,TLR7,,,0.18058989942073822
random,mean,0,EBF1,,,0.2267405241727829
random,mean,0,FMO2,0.0,,0.1635429710149765
random,mean,0,RELN,0.0,,0.15208818018436432
random,mean,0,VTI1A,,,0.30317822098731995
random,pca_ridge,0,PTGDS,0.43545885316067073,0.4418716703110584,0.9266424179077148
random,pca_ridge,0,CD74,0.6975231748051002,0.6648039772722112,0.8379372358322144
random,pca_ridge,0,CCL19,0.4576396721186101,0.362379914660216,0.7632049918174744
random,pca_ridge,0,COL3A1,0.7418810198655564,0.7410573968930878,0.862366259098053
random,pca_ridge,0,CXCL14,0.43516515794731664,0.4689500027324419,0.7569473385810852
random,pca_ridge,0,ADH1B,0.23299475073760564,0.19170084047851826,0.41268348693847656
random,pca_ridge,0,TFF3,0.7217550939849944,0.6155395154213699,0.9419746994972229
random,pca_ridge,0,POSTN,0.6606637151422166,0.6656247299618299,0.8251500725746155
random,pca_ridge,0,AQP1,0.2570632325110468,0.20540527218149188,0.751270055770874
random,pca_ridge,0,ISG15,0.6389771329510023,0.6190525820264017,0.986796498298645
random,pca_ridge,0,FDCSP,0.06015979494335741,0.046504908668175096,0.15803541243076324
random,pca_ridge,0,CFD,0.2567702721041487,0.23504955174224237,0.8443503379821777
random,pca_ridge,0,FABP4,0.25241048281065115,0.1975408379690134,0.43059077858924866
random,pca_ridge,0,ADIRF,0.37660076120789476,0.3684174058734643,0.8834948539733887
random,pca_ridge,0,CCL21,0.2911203485101582,0.29355751367024546,0.5347671508789062
random,pca_ridge,0,CD3D,0.26795005823936513,0.28810870635968494,0.5399416089057922
random,pca_ridge,0,CLDN5,0.26592799279761736,0.21354393843441105,0.6385223865509033
random,pca_ridge,0,IFIT2,0.2668139228919016,0.20750892601652507,0.3474047780036926
random,pca_ridge,0,PTN,0.17774909029040903,0.1427679562423446,0.24251693487167358
random,pca_ridge,0,S100B,0.22798333756947656,0.171957615698114,0.30906862020492554
random,pca_ridge,0,ACTG2,0.23248724952892177,0.2355407548566618,0.30119022727012634
random,pca_ridge,0,FOS,0.508437070358478,0.40405556424513656,0.6840043067932129
random,pca_ridge,0,ELN,0.23027641553569733,0.2537126526546756,0.4305862486362457
random,pca_ridge,0,NRP1,0.261667183036323,0.27573505329124176,0.42393025755882263
random,pca_ridge,0,MS4A4A,0.12500821746038762,0.16574484725630792,0.27321967482566833
random,pca_ridge,0,LMOD1,0.1670626101435145,0.19110741091571437,0.34287652373313904
random,pca_ridge,0,HBA2,0.043073765404201526,0.024394154300656976,0.13100893795490265
random,pca_ridge,0,PPP1R14A,0.08037826311638892,0.054360873276524585,0.30008676648139954
random,pca_ridge,0,SLITRK6,0.39883583342522877,0.20050865350722624,0.14892078936100006
random,pca_ridge,0,ADD3,0.34026958206121216,0.35450950417885707,0.38741037249565125
random,pca_ridge,0,MIA,0.04162910642656251,0.045253185287129974,0.17085576057434082
random,pca_ridge,0,LTF,0.5421271240609878,0.5164809078734965,0.9322490692138672
random,pca_ridge,0,CST7,0.25382930668108405,0.27104190938318634,0.4581988751888275
random,pca_ridge,0,TNF,0.19628625764709765,0.15139818472026262,0.19352176785469055
random,pca_ridge,0,NEXN,0.14378196981888985,0.15518605307960465,0.23269061744213104
random,pca_ridge,0,HBB,-0.012508195414939017,-0.006295088371190282,0.09194322675466537
random,pca_ridge,0,SP140L,0.10634327426884203,0.11987705490154396,0.2666095197200775
random,pca_ridge,0,CDKN1C,0.11375036048712836,0.10358994449335034,0.4602421224117279
random,pca_ridge,0,ITGB1,0.18586126322542804,0.23037318285002462,0.32514968514442444
random,pca_ridge,0,CLDN11,0.10755046006067234,0.11501638059994133,0.23751796782016754
random,pca_ridge,0,STC2,0.39038626593905845,0.3223914999031887,0.4724927246570587
random,pca_ridge,0,UGT8,0.1219376012409123,0.10383983959629882,0.0500994548201561
random,pca_ridge,0,SOX6,-0.0007145916611197343,0.012004483985212982,0.10740916430950165
random,pca_ridge,0,PDLIM4,0.10257418047899673,0.11369441145684912,0.3621339797973633
random,pca_ridge,0,SEPT4,0.07019820502111679,0.07067864904940956,0.2766225039958954
random,pca_ridge,0,TLR7,0.1237136499899268,0.1421495951278701,0.17941024899482727
random,pca_ridge,0,EBF1,0.06280465583046947,0.04160651378104206,0.22719764709472656
random,pca_ridge,0,FMO2,0.036846820468437576,0.028012702301869037,0.16409003734588623
random,pca_ridge,0,RELN,0.06741061382882511,0.07798678356397538,0.15174415707588196
random,pca_ridge,0,VTI1A,0.10852372554692422,0.16786064267238868,0.3014049232006073
random,spatial_knn,0,PTGDS,0.03612014276896118,0.04102906203822971,1.0706718610747004
random,spatial_knn,0,CD74,0.04492688783898037,0.05776315119249331,1.2150286394032768
random,spatial_knn,0,CCL19,0.05294512777313143,0.07553699271546714,0.8962739459534292
random,spatial_knn,0,COL3A1,0.06336307905553579,0.05180117593903473,1.333754801517155
random,spatial_knn,0,CXCL14,0.0015640225660383752,0.0035803531131127224,0.892113797140915
random,spatial_knn,0,ADH1B,0.08049011193502574,0.04028853513898043,0.43354422909013507
random,spatial_knn,0,TFF3,0.13056227178562732,0.08605930221282138,1.3887445470866981
random,spatial_knn,0,POSTN,0.07553507907649758,0.06692688430466577,1.1374759301398492
random,spatial_knn,0,AQP1,-6.394082060344349e-06,-0.0088843396861843,0.8214376799039758
random,spatial_knn,0,ISG15,0.014246178035654688,0.0070129967216905,1.3487379662306365
random,spatial_knn,0,FDCSP,-0.011209260879103584,-0.018906924396909854,0.17722676987047195
random,spatial_knn,0,CFD,0.00529581143081347,-0.00825343366695445,0.929383732077964
random,spatial_knn,0,FABP4,0.12721876788003036,0.08477601397281523,0.45112645132276896
random,spatial_knn,0,ADIRF,0.041974943958470116,0.03747008827977933,0.9906078791668347
random,spatial_knn,0,CCL21,0.05047622370245523,0.024957516236294747,0.5872816432931224
random,spatial_knn,0,CD3D,0.003339928007711193,0.024525838366808085,0.5884222742713364
random,spatial_knn,0,CLDN5,-0.01529034774107168,-0.009135396675668088,0.7004203650227674
random,spatial_knn,0,IFIT2,0.07663797966597868,0.10548702608727122,0.37637567794397947
random,spatial_knn,0,PTN,0.03982895089980434,0.05269696176696103,0.2637564371992516
random,spatial_knn,0,S100B,-0.013209311895915177,-0.023260317855587572,0.33136985452455797
random,spatial_knn,0,ACTG2,-0.007805604714236472,0.0023605618486432197,0.32431242358961915
random,spatial_knn,0,FOS,0.059542396205288305,0.05462974245975929,0.8215961718553034
random,spatial_knn,0,ELN,0.009880257220977792,0.03406151189640822,0.4581504287965168
random,spatial_knn,0,NRP1,0.004039376077482509,0.035518648920360725,0.46271204147788475
random,spatial_knn,0,MS4A4A,0.02416234524940983,0.03913903660352326,0.285897583010234
random,spatial_knn,0,LMOD1,-0.0028941073114963486,-0.02766047108945795,0.36449721680434916
random,spatial_knn,0,HBA2,-0.011175619865397732,0.002779802112696175,0.13626935556947084
random,spatial_knn,0,PPP1R14A,-0.02545578418181434,-0.040634145762103537,0.31636513904302427
random,spatial_knn,0,SLITRK6,0.058677940640545476,0.1121124063634194,0.17705937186691903
random,spatial_knn,0,ADD3,0.041095642310602025,0.06026991206319542,0.4300297950068456
random,spatial_knn,0,MIA,0.03882610571245913,0.014506221531974669,0.17176307844210376
random,spatial_knn,0,LTF,0.05587841461228887,0.037119181551698334,1.1608271408491186
random,spatial_knn,0,CST7,0.04180022682903924,0.05245517530935773,0.49617604419608263
random,spatial_knn,0,TNF,0.0022092979202100018,-0.0076336997157203075,0.2074405877107528
random,spatial_knn,0,NEXN,0.025219738104239366,0.016156125432130047,0.24176489047900954
random,spatial_knn,0,HBB,-0.008255921087155458,0.01807507793398542,0.10311909250087035
random,spatial_knn,0,SP140L,-0.011085725028072558,-0.01545348126127437,0.28529317723314224
random,spatial_knn,0,CDKN1C,0.07772462260315637,0.04603775656109447,0.4746495958677935
random,spatial_knn,0,ITGB1,0.002406589890392379,0.008289390636988716,0.35410347093358635
random,spatial_knn,0,CLDN11,-0.038881721383525567,-0.02751558561046344,0.2551562836694399
random,spatial_knn,0,STC2,0.01603358447692427,0.04593141935529631,0.5401709534185124
random,spatial_knn,0,UGT8,-0.013440221217942484,-0.018806938457019404,0.05420332046278633
random,spatial_knn,0,SOX6,-0.014864818858714424,-0.02102947847205564,0.10911079922306839
random,spatial_knn,0,PDLIM4,0.002019452076792429,-0.0011756747790203103,0.3816679441321206
random,spatial_knn,0,SEPT4,-0.020551095278180238,-0.02202869120539359,0.2909331065973028
random,spatial_knn,0,TLR7,-0.012421181871816452,-0.020552359689499533,0.1891711970933868
random,spatial_knn,0,EBF1,-0.008745209985021204,0.020134420407295843,0.24265394775446708
random,spatial_knn,0,FMO2,0.03196054456157143,0.03755307401412466,0.17117157163725097
random,spatial_knn,0,RELN,0.030726224841102732,0.06472359077563156,0.15482853777065864
random,spatial_knn,0,VTI1A,-0.013610220289786767,0.008881534017563716,0.31840291615775057
matched_hop0,mean,0,PTGDS,,,1.0433611869812012
matched_hop0,mean,0,CD74,0.0,,1.197922945022583
matched_hop0,mean,0,CCL19,,,0.9213472604751587
matched_hop0,mean,0,COL3A1,,,1.2406851053237915
matched_hop0,mean,0,CXCL14,0.0,,0.8145320415496826
matched_hop0,mean,0,ADH1B,0.0,,0.37315991520881653
matched_hop0,mean,0,TFF3,0.0,,1.3270020484924316
matched_hop0,mean,0,POSTN,,,1.0960478782653809
matched_hop0,mean,0,AQP1,,,0.7416360378265381
matched_hop0,mean,0,ISG15,,,1.2507177591323853
matched_hop0,mean,0,FDCSP,,,0.19956572353839874
matched_hop0,mean,0,CFD,,,0.9772355556488037
matched_hop0,mean,0,FABP4,,,0.3957563042640686
matched_hop0,mean,0,ADIRF,,,0.8749749064445496
matched_hop0,mean,0,CCL21,,,0.6377353072166443
matched_hop0,mean,0,CD3D,,,0.6253366470336914
matched_hop0,mean,0,CLDN5,,,0.662625789642334
matched_hop0,mean,0,IFIT2,,,0.2972314953804016
matched_hop0,mean,0,PTN,,,0.24136042594909668
matched_hop0,mean,0,S100B,0.0,,0.32375368475914
matched_hop0,mean,0,ACTG2,,,0.29644978046417236
matched_hop0,mean,0,FOS,,,0.7184104323387146
matched_hop0,mean,0,ELN,0.0,,0.39781689643859863
matched_hop0,mean,0,NRP1,,,0.46395087242126465
matched_hop0,mean,0,MS4A4A,0.0,,0.27307307720184326
matched_hop0,mean,0,LMOD1,0.0,,0.3105340898036957
matched_hop0,mean,0,HBA2,0.0,,0.14292259514331818
matched_hop0,mean,0,PPP1R14A,,,0.31160932779312134
matched_hop0,mean,0,SLITRK6,0.0,,0.18380525708198547
matched_hop0,mean,0,ADD3,0.0,,0.4260144531726837
matched_hop0,mean,0,MIA,0.0,,0.11352556198835373
matched_hop0,mean,0,LTF,,,1.1324039697647095
matched_hop0,mean,0,CST7,,,0.4908815324306488
matched_hop0,mean,0,TNF,,,0.1827724575996399
matched_hop0,mean,0,NEXN,,,0.2436266839504242
matched_hop0,mean,0,HBB,0.0,,0.11034634709358215
matched_hop0,mean,0,SP140L,,,0.2785089612007141
matched_hop0,mean,0,CDKN1C,,,0.44643449783325195
matched_hop0,mean,0,ITGB1,,,0.3616796135902405
matched_hop0,mean,0,CLDN11,,,0.24591492116451263
matched_hop0,mean,0,STC2,0.0,,0.5199078321456909
matched_hop0,mean,0,UGT8,0.0,,0.07678785920143127
matched_hop0,mean,0,SOX6,,,0.0815754383802414
matched_hop0,mean,0,PDLIM4,,,0.38615745306015015
matched_hop0,mean,0,SEPT4,,,0.24600553512573242
matched_hop0,mean,0,TLR7,,,0.1857239156961441
matched_hop0,mean,0,EBF1,0.0,,0.2588326930999756
matched_hop0,mean,0,FMO2,,,0.13986989855766296
matched_hop0,mean,0,RELN,,,0.12071407586336136
matched_hop0,mean,0,VTI1A,,,0.2788306176662445
matched_hop0,pca_ridge,0,PTGDS,0.4375471443321156,0.43987274374931123,0.9344978332519531
matched_hop0,pca_ridge,0,CD74,0.7046236012254976,0.6811156747666061,0.8471462726593018
matched_hop0,pca_ridge,0,CCL19,0.5183203737163065,0.4512169892848465,0.7872132658958435
matched_hop0,pca_ridge,0,COL3A1,0.7140056333771758,0.7052055582612027,0.8695761561393738
matched_hop0,pca_ridge,0,CXCL14,0.4540298448432041,0.49317270663173474,0.7264015078544617
matched_hop0,pca_ridge,0,ADH1B,0.17121327142341514,0.14950461750345723,0.3705446422100067
matched_hop0,pca_ridge,0,TFF3,0.751097017309987,0.6323620099723798,0.8766387104988098
matched_hop0,pca_ridge,0,POSTN,0.6407072697526748,0.6467168840699491,0.8413128852844238
matched_hop0,pca_ridge,0,AQP1,0.23716605189282441,0.2146768103890173,0.7266094088554382
matched_hop0,pca_ridge,0,ISG15,0.6534250496200043,0.6242738953544332,0.9505103826522827
matched_hop0,pca_ridge,0,FDCSP,0.08576480233255172,0.08145745610419587,0.19895747303962708
matched_hop0,pca_ridge,0,CFD,0.31068397405704806,0.26235631282925176,0.9281395673751831
matched_hop0,pca_ridge,0,FABP4,0.1986325690444521,0.15570159483928778,0.39486750960350037
matched_hop0,pca_ridge,0,ADIRF,0.3482403504221924,0.31287234680510584,0.8215871453285217
matched_hop0,pca_ridge,0,CCL21,0.29006629199318523,0.2939267898693543,0.6096931099891663
matched_hop0,pca_ridge,0,CD3D,0.29662049483711067,0.3176784884741515,0.5966563820838928
matched_hop0,pca_ridge,0,CLDN5,0.22910325151489158,0.2091601832541065,0.6454445719718933
matched_hop0,pca_ridge,0,IFIT2,0.15274558305246466,0.16279935811925447,0.31100907921791077
matched_hop0,pca_ridge,0,PTN,0.18113592964100603,0.13553971548906252,0.24029593169689178
matched_hop0,pca_ridge,0,S100B,0.23980013195673422,0.17347182598964844,0.31423649191856384
matched_hop0,pca_ridge,0,ACTG2,0.2300658242100071,0.26241754249518423,0.2901874780654907
matched_hop0,pca_ridge,0,FOS,0.43238114883219336,0.3628329408051715,0.6580734848976135
matched_hop0,pca_ridge,0,ELN,0.23519092431935612,0.25624171169555937,0.3888643980026245
matched_hop0,pca_ridge,0,NRP1,0.24624798334113807,0.26794449913368656,0.4498021602630615
matched_hop0,pca_ridge,0,MS4A4A,0.11802170365740193,0.12461979222699358,0.27120786905288696
matched_hop0,pca_ridge,0,LMOD1,0.12523448745818114,0.11823703246174035,0.30904725193977356
matched_hop0,pca_ridge,0,HBA2,0.02054247945703476,0.019793468298878472,0.14317983388900757
matched_hop0,pca_ridge,0,PPP1R14A,0.11059402513846442,0.1030094352604873,0.3100813627243042
matched_hop0,pca_ridge,0,SLITRK6,0.2605878972740488,0.1802261874417709,0.1775057017803192
matched_hop0,pca_ridge,0,ADD3,0.3221045305740047,0.3588990934366803,0.4032956063747406
matched_hop0,pca_ridge,0,MIA,0.05924470888409704,0.041830594747633856,0.11390562355518341
matched_hop0,pca_ridge,0,LTF,0.5226289557994133,0.516838733843725,0.9673890471458435
matched_hop0,pca_ridge,0,CST7,0.240169861927978,0.2472967871432298,0.4765858054161072
matched_hop0,pca_ridge,0,TNF,0.11043792840989378,0.08948548772087431,0.1817512959241867
matched_hop0,pca_ridge,0,NEXN,0.1125379625136674,0.13406052372195576,0.24225859344005585
matched_hop0,pca_ridge,0,HBB,0.017646381886471604,0.01742434459329153,0.11148808151483536
matched_hop0,pca_ridge,0,SP140L,0.07728920889764002,0.09936181557475832,0.27897903323173523
matched_hop0,pca_ridge,0,CDKN1C,0.11631126186938762,0.09659466610690852,0.444733589887619
matched_hop0,pca_ridge,0,ITGB1,0.17937215636265663,0.2338914856633242,0.35596662759780884
matched_hop0,pca_ridge,0,CLDN11,0.13434720040964102,0.131860269740215,0.2439434677362442
matched_hop0,pca_ridge,0,STC2,0.4508316902935655,0.3436842458839405,0.46485593914985657
matched_hop0,pca_ridge,0,UGT8,0.06282348643448296,0.06485812195699105,0.07674189656972885
matched_hop0,pca_ridge,0,SOX6,-0.014068197928146346,-0.022219294383874235,0.08218538761138916
matched_hop0,pca_ridge,0,PDLIM4,0.10577057669966108,0.10799321003664522,0.38475945591926575
matched_hop0,pca_ridge,0,SEPT4,0.04443169871296495,0.046526796220744085,0.24678049981594086
matched_hop0,pca_ridge,0,TLR7,0.1332494748541968,0.13264100681653337,0.18423114717006683
matched_hop0,pca_ridge,0,EBF1,0.13675583795295154,0.11874787583294578,0.25642067193984985
matched_hop0,pca_ridge,0,FMO2,0.04595693078205515,0.027895419931655688,0.1407192498445511
matched_hop0,pca_ridge,0,RELN,0.058301877168669455,0.05432975828607473,0.12054391950368881
matched_hop0,pca_ridge,0,VTI1A,0.08920862210723918,0.15267564843575232,0.27802643179893494
matched_hop0,spatial_knn,0,PTGDS,0.0051868847287484055,0.015251876981247305,1.1565429046369937
matched_hop0,spatial_knn,0,CD74,0.0676902135989202,0.08732982552549536,1.2563630195778615
matched_hop0,spatial_knn,0,CCL19,0.04388529924216448,0.02839431092583779,0.9366078045653329
matched_hop0,spatial_knn,0,COL3A1,0.022596024565222174,0.015027527900016048,1.2790688170112483
matched_hop0,spatial_knn,0,CXCL14,-0.02371553912879846,-0.018879428925747375,0.9100497537554492
matched_hop0,spatial_knn,0,ADH1B,-0.005392507926538281,-0.008930663458954276,0.43034292000005087
matched_hop0,spatial_knn,0,TFF3,-0.014693913398278403,-0.016765986936208305,1.4437051050551342
matched_hop0,spatial_knn,0,POSTN,-0.0329182807330724,-0.03279749574545674,1.2043959547344247
matched_hop0,spatial_knn,0,AQP1,0.010632682698899104,0.008231163484411537,0.7731919386060206
matched_hop0,spatial_knn,0,ISG15,-0.020661786918727422,-0.020752817625375217,1.3408908380134723
matched_hop0,spatial_knn,0,FDCSP,0.07982075014345463,0.07457296087375846,0.20023310915394385
matched_hop0,spatial_knn,0,CFD,-0.0007814160451400402,-0.013519008037310652,1.0076019662577476
matched_hop0,spatial_knn,0,FABP4,0.021395694585900377,0.019186128082314017,0.46247998665863355
matched_hop0,spatial_knn,0,ADIRF,0.030909819667542672,0.030196724427821005,0.9250574760924196
matched_hop0,spatial_knn,0,CCL21,0.01071814529787039,-0.0013864992808452154,0.6581077158492501
matched_hop0,spatial_knn,0,CD3D,0.03167751511316749,0.047085737925715576,0.6468341415051541
matched_hop0,spatial_knn,0,CLDN5,0.0059559675010190955,0.013776618468124316,0.6891367528129269
matched_hop0,spatial_knn,0,IFIT2,0.05954766697242214,0.08179853028210964,0.3362684839774348
matched_hop0,spatial_knn,0,PTN,0.02918580332463516,0.028698095924010267,0.32103004085745906
matched_hop0,spatial_knn,0,S100B,0.03802115835707763,0.020445261779689385,0.3305695952366292
matched_hop0,spatial_knn,0,ACTG2,0.009512811389116364,0.013157180558050725,0.31750409916260963
matched_hop0,spatial_knn,0,FOS,0.005830648299582112,0.018782804128085175,0.7488492017672379
matched_hop0,spatial_knn,0,ELN,-0.009767427601364748,0.0030356012301220284,0.41978168292085294
matched_hop0,spatial_knn,0,NRP1,0.05480686111550934,0.056595782756771754,0.47074173448334794
matched_hop0,spatial_knn,0,MS4A4A,0.030782930970293425,0.049703837239591805,0.2767801924709556
matched_hop0,spatial_knn,0,LMOD1,0.003159208776403787,-0.004519625843669437,0.32154699501227363
matched_hop0,spatial_knn,0,HBA2,-0.007141595017986708,0.0038186564400762854,0.15125580184943427
matched_hop0,spatial_knn,0,PPP1R14A,-0.0008143408610375418,0.0031398268424865585,0.3230963818021277
matched_hop0,spatial_knn,0,SLITRK6,0.04720846556804725,0.06405469982909293,0.18787586395146266
matched_hop0,spatial_knn,0,ADD3,-0.003402167841023881,-0.00518080183176062,0.45829275757625965
matched_hop0,spatial_knn,0,MIA,0.005755688209340389,-0.005863788151696242,0.14329146156609865
matched_hop0,spatial_knn,0,LTF,0.05783675166213449,0.04591844758497307,1.4182740160313392
matched_hop0,spatial_knn,0,CST7,0.05296790283374252,0.05248232771924112,0.5049700820144328
matched_hop0,spatial_knn,0,TNF,-0.03354237766266037,-0.03474962313691772,0.1873257801487061
matched_hop0,spatial_knn,0,NEXN,-0.03559555231417526,-0.043928067900346146,0.24925402532442292
matched_hop0,spatial_knn,0,HBB,-0.009263205637697818,-0.004647508050567324,0.14826511498778283
matched_hop0,spatial_knn,0,SP140L,-0.006797442272602089,-0.016693855086411972,0.28735643226421204
matched_hop0,spatial_knn,0,CDKN1C,0.0006588878000914787,0.008614420093914143,0.46792279897673905
matched_hop0,spatial_knn,0,ITGB1,0.06290279834704007,0.03905900655518502,0.37212874904209103
matched_hop0,spatial_knn,0,CLDN11,0.0498333222217536,0.0433042269030076,0.24886040651304508
matched_hop0,spatial_knn,0,STC2,0.04178781521068167,0.029472683869401068,0.5635815695356291
matched_hop0,spatial_knn,0,UGT8,-0.0012964145705943457,-0.0014427821746902754,0.07698817105506824
matched_hop0,spatial_knn,0,SOX6,2.0058587136647342e-05,0.0017966440668305986,0.08317947330316185
matched_hop0,spatial_knn,0,PDLIM4,-0.001742167506828849,-0.007269422746307094,0.39780925783046306
matched_hop0,spatial_knn,0,SEPT4,0.011087323934423418,0.008900827519135662,0.2514472385544729
matched_hop0,spatial_knn,0,TLR7,0.019531357234669255,0.028910520437010742,0.18986478814316954
matched_hop0,spatial_knn,0,EBF1,-0.015147065502391654,-0.014356103650147755,0.2766698035549041
matched_hop0,spatial_knn,0,FMO2,0.0064040708379162125,0.005689974283334043,0.15797252344774515
matched_hop0,spatial_knn,0,RELN,-0.016240743974723342,-0.013857764708037228,0.1365050775003825
matched_hop0,spatial_knn,0,VTI1A,0.0009858993222501364,0.00887795679816662,0.2851608896439368
patient_A,mean,0,PTGDS,,,0.7680424451828003
patient_A,mean,0,CD74,,,1.9160035848617554
patient_A,mean,0,CCL19,,,0.515541672706604
patient_A,mean,0,COL3A1,,,0.9095775485038757
patient_A,mean,0,CXCL14,,,0.4811723828315735
patient_A,mean,0,ADH1B,,,0.2245010882616043
patient_A,mean,0,TFF3,,,1.0471965074539185
patient_A,mean,0,POSTN,,,0.910778820514679
patient_A,mean,0,AQP1,,,0.588319718837738
patient_A,mean,0,ISG15,,,1.215440273284912
patient_A,mean,0,FDCSP,,,0.012651564553380013
patient_A,mean,0,CFD,,,0.6540842652320862
patient_A,mean,0,FABP4,,,0.3113690912723541
patient_A,mean,0,ADIRF,0.0,,0.6189684867858887
patient_A,mean,0,CCL21,,,0.2985023260116577
patient_A,mean,0,CD3D,,,0.2500426769256592
patient_A,mean,0,CLDN5,0.0,,0.42626309394836426
patient_A,mean,0,IFIT2,,,0.2657620310783386
patient_A,mean,0,PTN,,,0.1732565313577652
patient_A,mean,0,S100B,,,0.09073004126548767
patient_A,mean,0,ACTG2,0.0,,0.17938455939292908
patient_A,mean,0,FOS,,,0.5156335830688477
patient_A,mean,0,ELN,,,0.3111547827720642
patient_A,mean,0,NRP1,,,0.31004706025123596
patient_A,mean,0,MS4A4A,0.0,,0.17080017924308777
patient_A,mean,0,LMOD1,,,0.24559177458286285
patient_A,mean,0,HBA2,,,0.03840084746479988
patient_A,mean,0,PPP1R14A,,,0.17372581362724304
patient_A,mean,0,SLITRK6,0.0,,0.10871966183185577
patient_A,mean,0,ADD3,,,0.2714724838733673
patient_A,mean,0,MIA,,,0.03515028953552246
patient_A,mean,0,LTF,0.0,,0.8849218487739563
patient_A,mean,0,CST7,,,0.1931094378232956
patient_A,mean,0,TNF,,,0.04536331444978714
patient_A,mean,0,NEXN,0.0,,0.1549038589000702
patient_A,mean,0,HBB,0.0,,0.06987474113702774
patient_A,mean,0,SP140L,,,0.13366849720478058
patient_A,mean,0,CDKN1C,0.0,,0.22330251336097717
patient_A,mean,0,ITGB1,,,0.29257339239120483
patient_A,mean,0,CLDN11,,,0.1414453089237213
patient_A,mean,0,STC2,,,0.4091971814632416
patient_A,mean,0,UGT8,,,0.11227551102638245
patient_A,mean,0,SOX6,0.0,,0.07120829075574875
patient_A,mean,0,PDLIM4,0.0,,0.23709605634212494
patient_A,mean,0,SEPT4,0.0,,0.12353575974702835
patient_A,mean,0,TLR7,,,0.11183162778615952
patient_A,mean,0,EBF1,,,0.1124398335814476
patient_A,mean,0,FMO2,0.0,,0.07273678481578827
patient_A,mean,0,RELN,,,0.0723174661397934
patient_A,mean,0,VTI1A,,,0.2624635398387909
patient_A,pca_ridge,0,PTGDS,0.13521802715410602,0.10479440460163301,0.30056753754615784
patient_A,pca_ridge,0,CD74,0.48960933289350383,0.45340792046785217,1.1813894510269165
patient_A,pca_ridge,0,CCL19,0.1568375833483932,0.08632579431661015,0.2082686722278595
patient_A,pca_ridge,0,COL3A1,0.4888834615220005,0.4778299796851568,0.8184028267860413
patient_A,pca_ridge,0,CXCL14,0.04300667368028622,0.07951882300867108,0.5032058954238892
patient_A,pca_ridge,0,ADH1B,0.09313752014742287,0.07891818885701044,0.22471049427986145
patient_A,pca_ridge,0,TFF3,0.072412105265841,0.04339091624259874,1.0189493894577026
patient_A,pca_ridge,0,POSTN,0.3834168059692257,0.3946424863307896,0.8483172655105591
patient_A,pca_ridge,0,AQP1,0.21688276362173597,0.16583413439104108,0.5739412903785706
patient_A,pca_ridge,0,ISG15,0.2758558235221681,0.24705960287828582,0.8559005260467529
patient_A,pca_ridge,0,FDCSP,,,0.015999924391508102
patient_A,pca_ridge,0,CFD,0.10767130001126038,0.1012464491517515,0.5089958906173706
patient_A,pca_ridge,0,FABP4,0.0689719813355682,0.05394991301857469,0.32668545842170715
patient_A,pca_ridge,0,ADIRF,0.03387704219434884,0.053482313396325226,0.749913215637207
patient_A,pca_ridge,0,CCL21,0.10377285602205448,0.10071767159338389,0.22780008614063263
patient_A,pca_ridge,0,CD3D,0.12504361157134242,0.10863130086833905,0.15909026563167572
patient_A,pca_ridge,0,CLDN5,0.13636463346869834,0.10506288712144127,0.41720008850097656
patient_A,pca_ridge,0,IFIT2,0.06451694273270411,0.08211251264950371,0.2867303490638733
patient_A,pca_ridge,0,PTN,0.09854083254444332,0.11656950515503176,0.17900539934635162
patient_A,pca_ridge,0,S100B,0.02827315518062289,0.03416958599050937,0.0782347321510315
patient_A,pca_ridge,0,ACTG2,0.07965514792512407,0.0885598957212505,0.18339525163173676
patient_A,pca_ridge,0,FOS,0.18200655907508445,0.2097694159852237,0.546431839466095
patient_A,pca_ridge,0,ELN,0.03657688256944564,0.02863099013674579,0.3152511715888977
patient_A,pca_ridge,0,NRP1,0.11245663417467205,0.14115404050585365,0.3361067771911621
patient_A,pca_ridge,0,MS4A4A,0.1570873401889912,0.14449580433845755,0.16781406104564667
patient_A,pca_ridge,0,LMOD1,0.05602422483773231,0.04910814963226959,0.24776148796081543
patient_A,pca_ridge,0,HBA2,0.0038379903737048326,0.006790435583679951,0.039253201335668564
patient_A,pca_ridge,0,PPP1R14A,0.06514883706189827,0.07479113162331368,0.1717490255832672
patient_A,pca_ridge,0,SLITRK6,0.0384432769592944,0.03995249609979814,0.14115606248378754
patient_A,pca_ridge,0,ADD3,0.12996863647780987,0.1558347228911727,0.3057665526866913
patient_A,pca_ridge,0,MIA,0.012865525904103146,-0.0009889106202985417,0.038910847157239914
patient_A,pca_ridge,0,LTF,-0.010181430959645191,0.00244689535427717,0.9264721274375916
patient_A,pca_ridge,0,CST7,0.032302033686218756,0.03355571722290518,0.10526061803102493
patient_A,pca_ridge,0,TNF,-0.01513040187475975,-0.02588908179255327,0.04951363429427147
patient_A,pca_ridge,0,NEXN,0.03594695416907579,0.045752889713139476,0.15888023376464844
patient_A,pca_ridge,0,HBB,0.00771382106483454,0.01092849513982119,0.07033618539571762
patient_A,pca_ridge,0,SP140L,0.015040082711748998,0.019271198444067442,0.14351630210876465
patient_A,pca_ridge,0,CDKN1C,0.035027327936160625,0.03555047387027409,0.23446181416511536
patient_A,pca_ridge,0,ITGB1,0.06438695529437319,0.08163193944452223,0.30940523743629456
patient_A,pca_ridge,0,CLDN11,0.03550891650333435,0.0292566111794693,0.14679335057735443
patient_A,pca_ridge,0,STC2,0.08987293823094103,0.10862599210813742,0.48969516158103943
patient_A,pca_ridge,0,UGT8,0.04113483442617241,0.05428248577772718,0.11210114508867264
patient_A,pca_ridge,0,SOX6,-0.00898006142997483,-0.007549967599091036,0.07166337966918945
patient_A,pca_ridge,0,PDLIM4,0.06614089955432331,0.07353362842180529,0.23503293097019196
patient_A,pca_ridge,0,SEPT4,0.03921249669479198,0.029366488697266244,0.12471617758274078
patient_A,pca_ridge,0,TLR7,0.04410387075527206,0.05035765064787953,0.11188456416130066
patient_A,pca_ridge,0,EBF1,0.019554770045428584,0.020958968501314734,0.11445938795804977
patient_A,pca_ridge,0,FMO2,-0.010839260262583746,-0.016261562481120193,0.0769166573882103
patient_A,pca_ridge,0,RELN,0.012797123873829403,0.009418399472761005,0.07265445590019226
patient_A,pca_ridge,0,VTI1A,0.08328524243415111,0.10848932832540673,0.2609814405441284
patient_A,spatial_knn,0,PTGDS,-0.007628855705578769,0.0017828231537487147,0.8483854694845869
patient_A,spatial_knn,0,CD74,0.003123034312528117,0.02735310849943006,1.9573767784458385
patient_A,spatial_knn,0,CCL19,0.010060508488286199,-0.006669216690317915,0.631219350577357
patient_A,spatial_knn,0,COL3A1,0.025525189598373004,0.030095735139531763,0.991962674508625
patient_A,spatial_knn,0,CXCL14,-0.03889403534561799,-0.04365378893146869,0.5816582381827119
patient_A,spatial_knn,0,ADH1B,0.004947842028538578,-0.0053415119203524914,0.27171013638538316
patient_A,spatial_knn,0,TFF3,0.03125762754922225,0.029906122158247905,1.1480616983661434
patient_A,spatial_knn,0,POSTN,-0.00489913392272179,-0.009236829874717568,0.9741604342071676
patient_A,spatial_knn,0,AQP1,-0.02988325973658673,-0.0438857689542726,0.6594714945434295
patient_A,spatial_knn,0,ISG15,-0.021281491267227122,-0.012339137638072558,1.2720139127942354
patient_A,spatial_knn,0,FDCSP,,,0.052535297261114146
patient_A,spatial_knn,0,CFD,0.02629684071325321,0.03621748123784209,0.7203368011614291
patient_A,spatial_knn,0,FABP4,-0.019583192612880686,-0.02137103034125995,0.35413386243844813
patient_A,spatial_knn,0,ADIRF,0.01908059281848476,0.00913767241260647,0.6960670161667346
patient_A,spatial_knn,0,CCL21,0.001498374949966167,0.01095092430565184,0.3663220145169786
patient_A,spatial_knn,0,CD3D,0.046283330046333185,0.02898173902532567,0.3206106525861009
patient_A,spatial_knn,0,CLDN5,-0.02040696056615667,-0.05635537745812865,0.4892015311772365
patient_A,spatial_knn,0,IFIT2,0.013039962352343976,0.04237976907478236,0.289196801292235
patient_A,spatial_knn,0,PTN,-0.03608692408943347,-0.0371519341292057,0.18901389578549832
patient_A,spatial_knn,0,S100B,-0.026572895457124435,-0.034474414218113245,0.139162620017148
patient_A,spatial_knn,0,ACTG2,0.03523040548927386,0.00627005232540243,0.20506104350133444
patient_A,spatial_knn,0,FOS,0.12951612491112896,0.09815953704510029,0.558662689780518
patient_A,spatial_knn,0,ELN,-0.0017684743805766077,-0.008893369067359375,0.34157478624891147
patient_A,spatial_knn,0,NRP1,0.03182713774867756,0.02919355339438986,0.3452685591392668
patient_A,spatial_knn,0,MS4A4A,0.016324372128427276,0.023564704035262306,0.19555032495439753
patient_A,spatial_knn,0,LMOD1,0.009862776674867657,0.014892835819234217,0.2736067341570352
patient_A,spatial_knn,0,HBA2,-0.00787140267558507,-0.011519268305364917,0.05472610509462958
patient_A,spatial_knn,0,PPP1R14A,-0.02442465100039682,-0.016115563729582633,0.1997710237013884
patient_A,spatial_knn,0,SLITRK6,-0.0059755332023224,0.006992658929872724,0.12188596367001772
patient_A,spatial_knn,0,ADD3,0.044777171895596345,0.06161454464241745,0.30171930584946144
patient_A,spatial_knn,0,MIA,-0.00688268526214672,-0.010395248897766628,0.05175487130599211
patient_A,spatial_knn,0,LTF,0.0046267548430069085,-0.025509186873327223,0.9482484378223496
patient_A,spatial_knn,0,CST7,0.03135640476183363,0.03201881583872916,0.2640813091032054
patient_A,spatial_knn,0,TNF,0.025337798491522994,0.037910554458346124,0.084700338319105
patient_A,spatial_knn,0,NEXN,-0.011813192283304009,-0.016559249707322057,0.17014409220013507
patient_A,spatial_knn,0,HBB,-0.013013588927506484,-0.021149557582816874,0.08962900087459418
patient_A,spatial_knn,0,SP140L,-0.011139982776500404,-0.012057899924753633,0.16018859937297872
patient_A,spatial_knn,0,CDKN1C,0.03555181353338396,0.03838146403204329,0.27382535288714105
patient_A,spatial_knn,0,ITGB1,-0.03665754429315592,-0.024778103203757056,0.3214786388639396
patient_A,spatial_knn,0,CLDN11,-0.0028073501178049417,0.011565842701232822,0.1605178305273167
patient_A,spatial_knn,0,STC2,0.03191951206441977,0.012779600539757253,0.4386670063115477
patient_A,spatial_knn,0,UGT8,0.012499837576882975,0.05993202913551511,0.11331525866098005
patient_A,spatial_knn,0,SOX6,-0.014208580239991218,-0.0212233230326491,0.07664674846332743
patient_A,spatial_knn,0,PDLIM4,0.027355158704794384,0.015080660657691926,0.2705308801080394
patient_A,spatial_knn,0,SEPT4,0.012231805143895883,0.020509737165253502,0.15035557595491655
patient_A,spatial_knn,0,TLR7,0.025134119301696997,0.01878820982343145,0.12793245177812948
patient_A,spatial_knn,0,EBF1,0.027992696729433542,0.04139011477731575,0.12781656751269638
patient_A,spatial_knn,0,FMO2,0.13682503583562575,0.028526677923799138,0.08467107177815701
patient_A,spatial_knn,0,RELN,-0.010050308887890222,-0.014821657114797947,0.07754337636123489
patient_A,spatial_knn,0,VTI1A,0.024512701382330672,0.01809931300450047,0.2759971488396582
patient_B,mean,0,PTGDS,,,1.1780767440795898
patient_B,mean,0,CD74,,,1.4018635749816895
patient_B,mean,0,CCL19,0.0,,0.9799473881721497
patient_B,mean,0,COL3A1,0.0,,1.3722147941589355
patient_B,mean,0,CXCL14,0.0,,1.073919415473938
patient_B,mean,0,ADH1B,,,0.543552577495575
patient_B,mean,0,TFF3,,,2.389211416244507
patient_B,mean,0,POSTN,,,1.16167151927948
patient_B,mean,0,AQP1,,,0.9667385220527649
patient_B,mean,0,ISG15,0.0,,1.7422597408294678
patient_B,mean,0,FDCSP,0.0,,0.289309024810791
patient_B,mean,0,CFD,,,1.0063505172729492
patient_B,mean,0,FABP4,,,0.32328489422798157
patient_B,mean,0,ADIRF,0.0,,1.4419629573822021
patient_B,mean,0,CCL21,,,0.6983001828193665
patient_B,mean,0,CD3D,,,0.6363551020622253
patient_B,mean,0,CLDN5,,,0.8059709072113037
patient_B,mean,0,IFIT2,,,0.756110429763794
patient_B,mean,0,PTN,,,0.6102921366691589
patient_B,mean,0,S100B,,,0.2375255525112152
patient_B,mean,0,ACTG2,,,0.2724055349826813
patient_B,mean,0,FOS,,,0.8815551996231079
patient_B,mean,0,ELN,,,0.4978538751602173
patient_B,mean,0,NRP1,,,0.5051818490028381
patient_B,mean,0,MS4A4A,,,0.24242281913757324
patient_B,mean,0,LMOD1,,,0.4129217267036438
patient_B,mean,0,HBA2,0.0,,0.1624601185321808
patient_B,mean,0,PPP1R14A,0.0,,0.40273886919021606
patient_B,mean,0,SLITRK6,,,0.515121579170227
patient_B,mean,0,ADD3,,,0.6875997185707092
patient_B,mean,0,MIA,0.0,,0.22607377171516418
patient_B,mean,0,LTF,,,1.6406182050704956
patient_B,mean,0,CST7,0.0,,0.44915229082107544
patient_B,mean,0,TNF,,,0.1986352801322937
patient_B,mean,0,NEXN,,,0.3258165717124939
patient_B,mean,0,HBB,,,0.11012914776802063
patient_B,mean,0,SP140L,,,0.42322587966918945
patient_B,mean,0,CDKN1C,0.0,,0.5903992056846619
patient_B,mean,0,ITGB1,0.0,,0.3838719427585602
patient_B,mean,0,CLDN11,,,0.48814132809638977
patient_B,mean,0,STC2,,,0.7365105748176575
patient_B,mean,0,UGT8,,,0.13230454921722412
patient_B,mean,0,SOX6,0.0,,0.173370361328125
patient_B,mean,0,PDLIM4,0.0,,0.43509602546691895
patient_B,mean,0,SEPT4,,,0.3015621602535248
patient_B,mean,0,TLR7,,,0.32575926184654236
patient_B,mean,0,EBF1,,,0.46161210536956787
patient_B,mean,0,FMO2,0.0,,0.24944385886192322
patient_B,mean,0,RELN,0.0,,0.22349929809570312
patient_B,mean,0,VTI1A,,,0.3641524314880371
patient_B,pca_ridge,0,PTGDS,0.36064194820626677,0.38728727966945886,1.0835639238357544
patient_B,pca_ridge,0,CD74,0.46878332168192804,0.4219593061596331,1.2227448225021362
patient_B,pca_ridge,0,CCL19,0.21202657840831762,0.1995117247588483,0.9688934683799744
patient_B,pca_ridge,0,COL3A1,0.3757303657070551,0.46432691118259783,1.403471827507019
patient_B,pca_ridge,0,CXCL14,0.07202039300622307,0.06317514456383315,1.0759791135787964
patient_B,pca_ridge,0,ADH1B,0.04057583501708523,-0.00094671630435903,0.5489199161529541
patient_B,pca_ridge,0,TFF3,0.22989964354480835,0.18276681000982736,2.204965114593506
patient_B,pca_ridge,0,POSTN,0.2534529571648534,0.4289338588924569,1.1416730880737305
patient_B,pca_ridge,0,AQP1,0.20568755956065654,0.20340211762943097,0.9524511098861694
patient_B,pca_ridge,0,ISG15,0.18750129072262595,0.18312495568930195,1.8286757469177246
patient_B,pca_ridge,0,FDCSP,0.05507161778783687,0.08747628521444493,0.2881360650062561
patient_B,pca_ridge,0,CFD,0.16066093240832552,0.1675430188677438,1.0073763132095337
patient_B,pca_ridge,0,FABP4,0.05838567386475404,0.011249394762925916,0.4285888671875
patient_B,pca_ridge,0,ADIRF,0.0020833997201125803,-0.0032397936356853975,1.4440298080444336
patient_B,pca_ridge,0,CCL21,0.14857901951112573,0.1878006434473212,0.693612813949585
patient_B,pca_ridge,0,CD3D,0.28264999343417463,0.35267969421479023,0.6088669896125793
patient_B,pca_ridge,0,CLDN5,0.12774246942383782,0.14212155930007692,0.8026100993156433
patient_B,pca_ridge,0,IFIT2,0.22399315322471144,0.32179454497100546,0.7460018992424011
patient_B,pca_ridge,0,PTN,0.20611437206060818,0.2323397010295215,0.6011817455291748
patient_B,pca_ridge,0,S100B,0.03723197930077787,0.09107293709379549,0.24355463683605194
patient_B,pca_ridge,0,ACTG2,0.04601365409578761,0.07283736980309802,0.280885249376297
patient_B,pca_ridge,0,FOS,0.24174588416413037,0.33995517489518734,0.857200562953949
patient_B,pca_ridge,0,ELN,0.03489311227982721,0.1143409321099867,0.5030375123023987
patient_B,pca_ridge,0,NRP1,0.18495590552506752,0.3862590143266987,0.4968688189983368
patient_B,pca_ridge,0,MS4A4A,0.1410363514008411,0.2106255319119261,0.24206775426864624
patient_B,pca_ridge,0,LMOD1,0.08034622990622375,0.1091546824668339,0.4120252728462219
patient_B,pca_ridge,0,HBA2,0.00932914710252606,-0.0009189401637233063,0.16293875873088837
patient_B,pca_ridge,0,PPP1R14A,0.021256532622011104,0.09018946299414274,0.4030895233154297
patient_B,pca_ridge,0,SLITRK6,0.1921979977060258,0.31517082355187237,0.514062225818634
patient_B,pca_ridge,0,ADD3,0.12516527436199248,0.30468423043738607,0.669865608215332
patient_B,pca_ridge,0,MIA,0.024458507043710807,0.033967902983044314,0.2254830151796341
patient_B,pca_ridge,0,LTF,0.14890814372612865,0.1587462958924481,1.7534507513046265
patient_B,pca_ridge,0,CST7,0.2100397509903565,0.30101308928039694,0.4395429491996765
patient_B,pca_ridge,0,TNF,0.072828614383312,0.10926794820001445,0.1984722912311554
patient_B,pca_ridge,0,NEXN,0.03430244186540276,0.06230648006909452,0.3255666494369507
patient_B,pca_ridge,0,HBB,-0.02112250957254127,-0.007634908323096029,0.11179414391517639
patient_B,pca_ridge,0,SP140L,0.10128124952123516,0.24905226172091835,0.420777291059494
patient_B,pca_ridge,0,CDKN1C,0.05693457114861142,0.13442990334983979,0.592141330242157
patient_B,pca_ridge,0,ITGB1,0.021693400689334386,0.1266609869744733,0.3867543041706085
patient_B,pca_ridge,0,CLDN11,0.03972008636064609,0.13194900830071457,0.48550668358802795
patient_B,pca_ridge,0,STC2,0.23675004822104145,0.36596150199958316,0.7297502756118774
patient_B,pca_ridge,0,UGT8,0.0007638152794049169,0.051408234236731104,0.1324598789215088
patient_B,pca_ridge,0,SOX6,-0.04349451266898635,-0.02268064450247795,0.17362822592258453
patient_B,pca_ridge,0,PDLIM4,0.04747324817905898,0.09688547971434726,0.4366202652454376
patient_B,pca_ridge,0,SEPT4,-0.007648442954747047,0.014092225935448949,0.303774356842041
patient_B,pca_ridge,0,TLR7,0.06098221858762354,0.13405388962708195,0.3241271376609802
patient_B,pca_ridge,0,EBF1,0.08171437629009463,0.04129822531082922,0.45729130506515503
patient_B,pca_ridge,0,FMO2,-0.007674049978210074,-0.0051571521040086185,0.25007185339927673
patient_B,pca_ridge,0,RELN,0.013861956567372762,0.026259027076132632,0.22321279346942902
patient_B,pca_ridge,0,VTI1A,0.05544615201414732,0.18391730018300934,0.36412203311920166
patient_B,spatial_knn,0,PTGDS,-0.05761455398694967,-0.05599198632112878,1.23520659717658
patient_B,spatial_knn,0,CD74,0.0156764534290574,-0.027898295157495877,1.429793908919605
patient_B,spatial_knn,0,CCL19,0.009488830068042364,0.01814072266445818,1.0220144779985805
patient_B,spatial_knn,0,COL3A1,-0.012130371052903363,0.0029236886333015247,1.3999798902568907
patient_B,spatial_knn,0,CXCL14,0.01656986967367194,0.005732118110595945,1.10645528737283
patient_B,spatial_knn,0,ADH1B,-0.02799799568885064,-0.052645430179533555,0.5603756747541448
patient_B,spatial_knn,0,TFF3,0.046427507806177784,0.05299934646914348,2.4787553256450727
patient_B,spatial_knn,0,POSTN,0.010309493033416892,0.01209010067455988,1.179945139621953
patient_B,spatial_knn,0,AQP1,-0.020398070749744986,-0.0008471009326445979,1.003840595908118
patient_B,spatial_knn,0,ISG15,-0.05841826043272519,-0.04093890144883088,1.78482651259467
patient_B,spatial_knn,0,FDCSP,-0.019208685308649075,-0.032422041253749305,0.2958340680757065
patient_B,spatial_knn,0,CFD,0.004490961252839966,0.009575605443671293,1.0518366104519983
patient_B,spatial_knn,0,FABP4,-0.0089407027449742,-0.014268382688927588,0.35545688230879424
patient_B,spatial_knn,0,ADIRF,0.05819760876665818,0.06750783980010043,1.4644842252330872
patient_B,spatial_knn,0,CCL21,0.01839332002642664,0.012058253746891873,0.7250695085563698
patient_B,spatial_knn,0,CD3D,0.018811917290287992,0.03274419523082293,0.6586670202568831
patient_B,spatial_knn,0,CLDN5,-0.04071438528878682,-0.03256068249402885,0.84011007381235
patient_B,spatial_knn,0,IFIT2,0.007105798296696316,0.04545926319945328,0.7610490354081281
patient_B,spatial_knn,0,PTN,-0.04195631149309982,-0.03423114818793211,0.6158945291306966
patient_B,spatial_knn,0,S100B,-0.019971791343027772,-0.0024020372748638514,0.2602542342603343
patient_B,spatial_knn,0,ACTG2,-0.045735417377742484,-0.02632420961116962,0.2983230398056068
patient_B,spatial_knn,0,FOS,-0.03372765939708949,-0.010165555084104553,0.9287631350672602
patient_B,spatial_knn,0,ELN,-0.012870327610406573,-0.018580473548903152,0.5200879057815895
patient_B,spatial_knn,0,NRP1,0.008240883019048822,0.06932812929301348,0.5241523754930152
patient_B,spatial_knn,0,MS4A4A,0.016691903200536217,0.06852667925041511,0.2547353617390801
patient_B,spatial_knn,0,LMOD1,-0.006267064972698165,-0.008229008656657915,0.4275449899469054
patient_B,spatial_knn,0,HBA2,0.009361952990650114,0.009515242059215596,0.1678592143259641
patient_B,spatial_knn,0,PPP1R14A,-0.041995241994579734,-0.05038488894383866,0.4180266224022414
patient_B,spatial_knn,0,SLITRK6,-0.0001110610781527863,0.014573769012158882,0.5157050699131154
patient_B,spatial_knn,0,ADD3,0.0035310359659977975,0.019730968137475758,0.6999213406149173
patient_B,spatial_knn,0,MIA,-0.0023448720255632386,-0.011186458712061042,0.22790592917110966
patient_B,spatial_knn,0,LTF,0.02966126184867652,0.02061627973428897,1.645660718582731
patient_B,spatial_knn,0,CST7,0.01884078385848169,0.02775726193885665,0.4774658969095274
patient_B,spatial_knn,0,TNF,0.015866657506287594,0.062450616260540465,0.2113937357048511
patient_B,spatial_knn,0,NEXN,0.012615085713226538,0.018421249134622748,0.3314816805923661
patient_B,spatial_knn,0,HBB,-0.003796669068475329,0.014030747606286588,0.11773888625263405
patient_B,spatial_knn,0,SP140L,0.051681673506047326,0.025451266274442465,0.42689684764147157
patient_B,spatial_knn,0,CDKN1C,0.029695337421501197,0.04670225031052241,0.6026101785653574
patient_B,spatial_knn,0,ITGB1,0.0175509473073288,-0.009601344397343031,0.39976831612154384
patient_B,spatial_knn,0,CLDN11,-0.026089201130808794,-0.00041705795212328123,0.49411314851740085
patient_B,spatial_knn,0,STC2,-0.03049585700872181,-0.017688399036666247,0.757222911566966
patient_B,spatial_knn,0,UGT8,-0.004453801108534686,0.03379893694261006,0.1345354686965679
patient_B,spatial_knn,0,SOX6,-0.014223485782382715,-0.02085180688332987,0.17479495767489514
patient_B,spatial_knn,0,PDLIM4,0.003869553648306894,-0.0073075706538771965,0.45108431191849546
patient_B,spatial_knn,0,SEPT4,-0.03288863110925906,-0.0066820379735764825,0.3142095454085492
patient_B,spatial_knn,0,TLR7,-0.03593070630061185,-0.05941620966627371,0.33189452436683586
patient_B,spatial_knn,0,EBF1,-0.02407131011914558,-0.009510299069999712,0.46574227735742435
patient_B,spatial_knn,0,FMO2,-0.013514873834735519,0.0143810697182202,0.25521286342602817
patient_B,spatial_knn,0,RELN,0.033800167601199235,0.006514197640376352,0.22428783174724062
patient_B,spatial_knn,0,VTI1A,0.0176754933800846,0.03280788692288056,0.37538809499846093
patient_C,mean,0,PTGDS,0.0,,0.6910277009010315
patient_C,mean,0,CD74,0.0,,0.8316263556480408
patient_C,mean,0,CCL19,,,0.6157912015914917
patient_C,mean,0,COL3A1,,,1.411729097366333
patient_C,mean,0,CXCL14,,,0.892894983291626
patient_C,mean,0,ADH1B,,,0.18888914585113525
patient_C,mean,0,TFF3,,,2.6945109367370605
patient_C,mean,0,POSTN,0.0,,1.1436400413513184
patient_C,mean,0,AQP1,,,0.7038021683692932
patient_C,mean,0,ISG15,0.0,,0.9982785582542419
patient_C,mean,0,FDCSP,,,0.01287152711302042
patient_C,mean,0,CFD,0.0,,0.6187126040458679
patient_C,mean,0,FABP4,,,0.28526487946510315
patient_C,mean,0,ADIRF,,,0.6161859035491943
patient_C,mean,0,CCL21,,,0.45885077118873596
patient_C,mean,0,CD3D,,,0.49019747972488403
patient_C,mean,0,CLDN5,0.0,,0.6030684113502502
patient_C,mean,0,IFIT2,0.0,,0.20935717225074768
patient_C,mean,0,PTN,0.0,,0.09542945772409439
patient_C,mean,0,S100B,0.0,,0.14032287895679474
patient_C,mean,0,ACTG2,,,0.5299813747406006
patient_C,mean,0,FOS,,,0.5843760967254639
patient_C,mean,0,ELN,,,0.4463532865047455
patient_C,mean,0,NRP1,0.0,,0.4077601730823517
patient_C,mean,0,MS4A4A,,,0.19360588490962982
patient_C,mean,0,LMOD1,,,0.2164798527956009
patient_C,mean,0,HBA2,,,0.10826227813959122
patient_C,mean,0,PPP1R14A,0.0,,0.15896469354629517
patient_C,mean,0,SLITRK6,,,0.07857652008533478
patient_C,mean,0,ADD3,,,0.6254360675811768
patient_C,mean,0,MIA,,,0.0406310111284256
patient_C,mean,0,LTF,,,0.8893193006515503
patient_C,mean,0,CST7,0.0,,0.32985180616378784
patient_C,mean,0,TNF,0.0,,0.08635959029197693
patient_C,mean,0,NEXN,0.0,,0.1767112910747528
patient_C,mean,0,HBB,,,0.11885303258895874
patient_C,mean,0,SP140L,,,0.22323398292064667
patient_C,mean,0,CDKN1C,0.0,,0.28770533204078674
patient_C,mean,0,ITGB1,,,0.3495814800262451
patient_C,mean,0,CLDN11,0.0,,0.19715893268585205
patient_C,mean,0,STC2,,,0.20045721530914307
patient_C,mean,0,UGT8,,,0.0640598013997078
patient_C,mean,0,SOX6,0.0,,0.050346143543720245
patient_C,mean,0,PDLIM4,,,0.3128824234008789
patient_C,mean,0,SEPT4,0.0,,0.19205184280872345
patient_C,mean,0,TLR7,0.0,,0.14664173126220703
patient_C,mean,0,EBF1,0.0,,0.18909914791584015
patient_C,mean,0,FMO2,,,0.12250201404094696
patient_C,mean,0,RELN,,,0.06835085153579712
patient_C,mean,0,VTI1A,,,0.2634218633174896
patient_C,pca_ridge,0,PTGDS,0.4089870778604649,0.3520266378760692,0.6328554749488831
patient_C,pca_ridge,0,CD74,0.7931138471762373,0.8058067791308151,0.5555953979492188
patient_C,pca_ridge,0,CCL19,0.4319194089030549,0.32004072330291977,0.6429914236068726
patient_C,pca_ridge,0,COL3A1,0.5811522827167676,0.5048006675372594,0.9074429869651794
patient_C,pca_ridge,0,CXCL14,0.07436347197558225,0.06203226740011104,0.7870978713035583
patient_C,pca_ridge,0,ADH1B,0.15785349062313364,0.11685811210673092,0.18516674637794495
patient_C,pca_ridge,0,TFF3,0.057537736857559814,-0.04742716622937273,2.4528331756591797
patient_C,pca_ridge,0,POSTN,0.4471184664321336,0.3834633375137857,0.8320732116699219
patient_C,pca_ridge,0,AQP1,0.41152771824831763,0.35109829920942653,0.6461637020111084
patient_C,pca_ridge,0,ISG15,0.3081800539757,0.26819020965174967,0.6820022463798523
patient_C,pca_ridge,0,FDCSP,,,0.029485713690519333
patient_C,pca_ridge,0,CFD,0.21803886998151012,0.1803055226124793,0.559292733669281
patient_C,pca_ridge,0,FABP4,0.17403585474160932,0.1307522603116263,0.28509411215782166
patient_C,pca_ridge,0,ADIRF,-0.02200762904952866,0.08553793703332276,0.8479285836219788
patient_C,pca_ridge,0,CCL21,0.3155063134622959,0.25949606352234716,0.4407879412174225
patient_C,pca_ridge,0,CD3D,0.30228315688377433,0.29151210600561545,0.47267091274261475
patient_C,pca_ridge,0,CLDN5,0.34282312941546245,0.29159830131802,0.5704707503318787
patient_C,pca_ridge,0,IFIT2,0.06153755679651904,0.13265917117741655,0.24187436699867249
patient_C,pca_ridge,0,PTN,-0.0008730514759976907,-0.004818093714665627,0.11982296407222748
patient_C,pca_ridge,0,S100B,0.09216505544544967,0.07357618492184524,0.16291004419326782
patient_C,pca_ridge,0,ACTG2,0.07480377617766301,0.05782514270118256,0.5150588154792786
patient_C,pca_ridge,0,FOS,0.10154245767009659,0.12270880238774091,0.6728305220603943
patient_C,pca_ridge,0,ELN,0.20256396516461428,0.1626189058853572,0.4284486770629883
patient_C,pca_ridge,0,NRP1,0.09038648637635932,0.18130794396616154,0.404553085565567
patient_C,pca_ridge,0,MS4A4A,0.1523429850714926,0.12724428301827345,0.19772452116012573
patient_C,pca_ridge,0,LMOD1,0.07521790655550756,0.042631330524141725,0.223799467086792
patient_C,pca_ridge,0,HBA2,0.05989283187912803,0.026737301473927798,0.10809843242168427
patient_C,pca_ridge,0,PPP1R14A,0.09630160960420674,0.05462871149822936,0.16146324574947357
patient_C,pca_ridge,0,SLITRK6,0.0493405696596975,0.07536819534048388,0.11970781534910202
patient_C,pca_ridge,0,ADD3,0.1260304546029564,0.11197643571651426,0.5788818001747131
patient_C,pca_ridge,0,MIA,-0.00748982336479982,-0.01982263982542322,0.041895896196365356
patient_C,pca_ridge,0,LTF,0.0860563870090521,0.04894943715104337,0.7872421145439148
patient_C,pca_ridge,0,CST7,0.21789665561166374,0.21207348341598573,0.33253243565559387
patient_C,pca_ridge,0,TNF,0.03333746383764721,0.05429555518802843,0.1036892905831337
patient_C,pca_ridge,0,NEXN,0.07346075349789763,0.050490642845372635,0.17647036910057068
patient_C,pca_ridge,0,HBB,0.08774635682530925,0.05094738600103395,0.11840503662824631
patient_C,pca_ridge,0,SP140L,0.08703529313354517,0.11936342050213673,0.2277967780828476
patient_C,pca_ridge,0,CDKN1C,0.07989086494655666,0.04967765793622763,0.2861878573894501
patient_C,pca_ridge,0,ITGB1,0.13552869535012735,0.2555824279313391,0.33802327513694763
patient_C,pca_ridge,0,CLDN11,0.028231989688588918,-0.01358099751521074,0.197600319981575
patient_C,pca_ridge,0,STC2,0.013880483072159831,0.07010772853219153,0.39404287934303284
patient_C,pca_ridge,0,UGT8,0.02513387955284469,0.03166438101328451,0.06407283246517181
patient_C,pca_ridge,0,SOX6,-0.02508436627651974,-0.04052535594007037,0.0506962314248085
patient_C,pca_ridge,0,PDLIM4,0.040595678510620146,0.023725425852883193,0.3115278482437134
patient_C,pca_ridge,0,SEPT4,0.04550701325762057,0.0448246950063836,0.1920541524887085
patient_C,pca_ridge,0,TLR7,0.1060799405158708,0.10093040255232488,0.14753520488739014
patient_C,pca_ridge,0,EBF1,0.06921741988208426,0.053026023448594965,0.18861714005470276
patient_C,pca_ridge,0,FMO2,0.057191527364678044,0.03471027202518114,0.12241239845752716
patient_C,pca_ridge,0,RELN,0.027511759881978546,0.02936747003154891,0.0686427429318428
patient_C,pca_ridge,0,VTI1A,0.04950780093605447,0.08879369454097591,0.2613241374492645
patient_C,spatial_knn,0,PTGDS,0.008669007405512606,0.02462755986221386,0.7643017037412873
patient_C,spatial_knn,0,CD74,-0.01672044404497702,0.004280616266265142,0.9670160126359919
patient_C,spatial_knn,0,CCL19,-0.01425717756045842,0.014531112530216682,0.704751223608423
patient_C,spatial_knn,0,COL3A1,0.06833980185635526,0.05242958050900405,1.4648691473094169
patient_C,spatial_knn,0,CXCL14,0.0037705086760375477,-0.016876270202919815,0.9382424944402319
patient_C,spatial_knn,0,ADH1B,-0.05963611584698625,-0.08905678059710587,0.2454793266470389
patient_C,spatial_knn,0,TFF3,0.14919468954099085,0.19047318838593838,2.7202505216971
patient_C,spatial_knn,0,POSTN,-0.0276343587421641,-0.051581398179658296,1.2027461901439325
patient_C,spatial_knn,0,AQP1,-0.01700467606337565,-0.02268693519832351,0.7580625151924596
patient_C,spatial_knn,0,ISG15,-0.025269526720360452,-0.011594019686817112,1.0796117838580679
patient_C,spatial_knn,0,FDCSP,,,0.04927443035074424
patient_C,spatial_knn,0,CFD,-0.00899608781685011,0.017723312571329853,0.6866270953370806
patient_C,spatial_knn,0,FABP4,-0.05237030868976666,-0.05829735829723647,0.34255337363691923
patient_C,spatial_knn,0,ADIRF,0.025750760994877345,0.039123211711728674,0.692478198061808
patient_C,spatial_knn,0,CCL21,-0.04765306462512478,-0.04814398950789524,0.5181641798176521
patient_C,spatial_knn,0,CD3D,-0.02479032898229153,-0.0010250709123186118,0.5266938738091257
patient_C,spatial_knn,0,CLDN5,-0.06786656066528421,-0.03950245489193223,0.657225340648941
patient_C,spatial_knn,0,IFIT2,-0.02062856230924185,-0.022374515042340823,0.2564104768312458
patient_C,spatial_knn,0,PTN,-0.023431022651542042,-0.0309835945455542,0.14014246877935116
patient_C,spatial_knn,0,S100B,0.04476840517369429,0.015362787543154064,0.1715732233856719
patient_C,spatial_knn,0,ACTG2,-0.024372496782348676,-0.04900330288543833,0.5371105710420726
patient_C,spatial_knn,0,FOS,0.12483300473706747,0.05732138441271889,0.6230397111987234
patient_C,spatial_knn,0,ELN,0.01520723957034891,0.002880407685882956,0.4675263705139738
patient_C,spatial_knn,0,NRP1,-0.019967696061280737,-0.012180718867218072,0.4392103811084014
patient_C,spatial_knn,0,MS4A4A,0.012530049776478683,0.044796070238610965,0.20707393342124958
patient_C,spatial_knn,0,LMOD1,-0.04352454165505428,-0.05538989655135905,0.24606669502395853
patient_C,spatial_knn,0,HBA2,0.007313747565735944,0.07925689997247225,0.11128255158195151
patient_C,spatial_knn,0,PPP1R14A,-0.013851300107116165,0.009215479458231667,0.2055269352684785
patient_C,spatial_knn,0,SLITRK6,-0.03854002178136894,-0.062120439240059847,0.10329290227158922
patient_C,spatial_knn,0,ADD3,0.0032542033980021254,-0.0062136126978781904,0.6399955456320958
patient_C,spatial_knn,0,MIA,-0.012522754427305932,-0.01672501636135284,0.0502770601300462
patient_C,spatial_knn,0,LTF,0.031081629923305133,0.012024645405505092,0.984394388857471
patient_C,spatial_knn,0,CST7,-0.004939381991572187,0.008031811150170456,0.3649290150245754
patient_C,spatial_knn,0,TNF,-0.03157290583402076,-0.008940975958366633,0.10777191331703455
patient_C,spatial_knn,0,NEXN,-0.018092669849668425,-0.01895246447069344,0.18918428068734325
patient_C,spatial_knn,0,HBB,-0.020732011533167897,-0.012523283160954874,0.12745443324595163
patient_C,spatial_knn,0,SP140L,-0.0018591002614048533,-0.008114022904733873,0.2470547844764474
patient_C,spatial_knn,0,CDKN1C,-0.0005588130834543649,0.012270696956787603,0.3273429858534778
patient_C,spatial_knn,0,ITGB1,-0.023600551188551616,-0.018843996715929626,0.3703509917279244
patient_C,spatial_knn,0,CLDN11,-0.005863093209588868,-0.005105215214636361,0.21057653664315212
patient_C,spatial_knn,0,STC2,0.019599059535750297,0.017639118117695387,0.27819208942952
patient_C,spatial_knn,0,UGT8,-0.0011221695139701877,0.030788434105157792,0.06756012642049994
patient_C,spatial_knn,0,SOX6,0.03360260918011835,0.052005153702389416,0.06772899565872238
patient_C,spatial_knn,0,PDLIM4,0.047273539861725555,0.030804999553482718,0.333144478608656
patient_C,spatial_knn,0,SEPT4,0.019465223643227576,0.02797684745046914,0.21596516266068527
patient_C,spatial_knn,0,TLR7,-0.03553639089908294,-0.03970937816106318,0.15975642270408583
patient_C,spatial_knn,0,EBF1,-0.026311290344794947,0.0029616114740069308,0.20991307763642317
patient_C,spatial_knn,0,FMO2,-0.011852549502142352,0.03389742090583266,0.1427322171194413
patient_C,spatial_knn,0,RELN,0.0053124663240253864,0.015294166674563335,0.07535751461299584
patient_C,spatial_knn,0,VTI1A,-0.005857598063499418,-0.006242108207986558,0.27859831619806047
patient_D,mean,0,PTGDS,,,0.8922783732414246
patient_D,mean,0,CD74,,,0.9316807985305786
patient_D,mean,0,CCL19,0.0,,0.6809786558151245
patient_D,mean,0,COL3A1,,,1.8340070247650146
patient_D,mean,0,CXCL14,0.0,,0.860249936580658
patient_D,mean,0,ADH1B,,,0.1078120544552803
patient_D,mean,0,TFF3,,,1.0068862438201904
patient_D,mean,0,POSTN,,,1.4220929145812988
patient_D,mean,0,AQP1,0.0,,0.6459936499595642
patient_D,mean,0,ISG15,0.0,,1.0858601331710815
patient_D,mean,0,FDCSP,0.0,,0.08533529192209244
patient_D,mean,0,CFD,0.0,,0.7136508822441101
patient_D,mean,0,FABP4,,,0.2722603380680084
patient_D,mean,0,ADIRF,0.0,,0.9043719172477722
patient_D,mean,0,CCL21,,,0.3035416305065155
patient_D,mean,0,CD3D,0.0,,0.6884332299232483
patient_D,mean,0,CLDN5,,,0.587345540523529
patient_D,mean,0,IFIT2,,,0.3766615390777588
patient_D,mean,0,PTN,,,0.26720789074897766
patient_D,mean,0,S100B,,,0.12336008995771408
patient_D,mean,0,ACTG2,,,0.19124965369701385
patient_D,mean,0,FOS,0.0,,0.5628220438957214
patient_D,mean,0,ELN,,,0.6553125977516174
patient_D,mean,0,NRP1,,,0.4910992383956909
patient_D,mean,0,MS4A4A,,,0.34552788734436035
patient_D,mean,0,LMOD1,0.0,,0.4237891733646393
patient_D,mean,0,HBA2,,,0.10767959803342819
patient_D,mean,0,PPP1R14A,,,0.21684329211711884
patient_D,mean,0,SLITRK6,,,0.048055969178676605
patient_D,mean,0,ADD3,,,0.4560408890247345
patient_D,mean,0,MIA,,,0.009968917816877365
patient_D,mean,0,LTF,0.0,,0.8746477961540222
patient_D,mean,0,CST7,,,0.4366510510444641
patient_D,mean,0,TNF,0.0,,0.17067661881446838
patient_D,mean,0,NEXN,,,0.3378879427909851
patient_D,mean,0,HBB,,,0.1345147341489792
patient_D,mean,0,SP140L,,,0.3140311539173126
patient_D,mean,0,CDKN1C,0.0,,0.404863178730011
patient_D,mean,0,ITGB1,,,0.4087914824485779
patient_D,mean,0,CLDN11,,,0.2895565927028656
patient_D,mean,0,STC2,,,0.36138996481895447
patient_D,mean,0,UGT8,0.0,,0.016338251531124115
patient_D,mean,0,SOX6,0.0,,0.10651186853647232
patient_D,mean,0,PDLIM4,0.0,,0.3769305646419525
patient_D,mean,0,SEPT4,0.0,,0.23167867958545685
patient_D,mean,0,TLR7,,,0.2834318280220032
patient_D,mean,0,EBF1,,,0.24648509919643402
patient_D,mean,0,FMO2,0.0,,0.10712961107492447
patient_D,mean,0,RELN,,,0.05291139334440231
patient_D,mean,0,VTI1A,,,0.3262645900249481
patient_D,pca_ridge,0,PTGDS,0.3181155953838408,0.30224586259070096,0.9083906412124634
patient_D,pca_ridge,0,CD74,0.7052742560569175,0.6924445387483147,0.5843921303749084
patient_D,pca_ridge,0,CCL19,0.2203820171019223,0.22253945345959705,0.6651090979576111
patient_D,pca_ridge,0,COL3A1,0.5770304679618644,0.5185902963099726,0.9266636967658997
patient_D,pca_ridge,0,CXCL14,0.18045918297939947,0.163164601136644,0.910849928855896
patient_D,pca_ridge,0,ADH1B,0.03665826877283171,0.0022229972905725873,0.11899932473897934
patient_D,pca_ridge,0,TFF3,-0.003510514106658105,-0.0003896658141406135,1.41508948802948
patient_D,pca_ridge,0,POSTN,0.4298577426639126,0.3789614456129987,0.8765223622322083
patient_D,pca_ridge,0,AQP1,0.15566501057575427,0.11427459182434702,0.6690237522125244
patient_D,pca_ridge,0,ISG15,0.3660552962473737,0.393593875487956,0.7877932786941528
patient_D,pca_ridge,0,FDCSP,-0.061781102371989575,-0.036500091513154295,0.09602376073598862
patient_D,pca_ridge,0,CFD,0.1746380247281388,0.15325573462964245,0.7028103470802307
patient_D,pca_ridge,0,FABP4,0.12161819913032693,0.12743712567224547,0.2742520868778229
patient_D,pca_ridge,0,ADIRF,-0.12878441124039472,-0.1475996753215057,0.9823296070098877
patient_D,pca_ridge,0,CCL21,0.05447343444648279,0.04976217531722752,0.42944613099098206
patient_D,pca_ridge,0,CD3D,0.24769969180370757,0.2314390173184797,0.652934730052948
patient_D,pca_ridge,0,CLDN5,0.21685692527602948,0.17779768449311045,0.5798513293266296
patient_D,pca_ridge,0,IFIT2,0.10825350273208144,0.12794669908357792,0.3705313205718994
patient_D,pca_ridge,0,PTN,0.0603785725307026,0.04703240098429143,0.2684439420700073
patient_D,pca_ridge,0,S100B,0.06145091639980923,0.06316747372184878,0.12130244076251984
patient_D,pca_ridge,0,ACTG2,0.03647908808170776,0.07099749207860956,0.19812384247779846
patient_D,pca_ridge,0,FOS,0.19399138000250218,0.20110172304301047,0.6208146810531616
patient_D,pca_ridge,0,ELN,0.0585888349707861,0.03268171036020257,0.6250795125961304
patient_D,pca_ridge,0,NRP1,0.09515180407036511,0.1720786976918404,0.47970592975616455
patient_D,pca_ridge,0,MS4A4A,0.1543528487003144,0.1806674281129227,0.3372487723827362
patient_D,pca_ridge,0,LMOD1,0.07132589352565531,0.0355263416602646,0.41898706555366516
patient_D,pca_ridge,0,HBA2,0.05108104028630052,0.0377020231710063,0.10785578191280365
patient_D,pca_ridge,0,PPP1R14A,0.01082804700582757,-0.017012567039476883,0.2238411009311676
patient_D,pca_ridge,0,SLITRK6,0.015697203897398204,0.01797620011219316,0.05975497514009476
patient_D,pca_ridge,0,ADD3,0.09406059642701264,0.14243417085633733,0.4508413076400757
patient_D,pca_ridge,0,MIA,,,0.01646716147661209
patient_D,pca_ridge,0,LTF,-0.03608033098211501,-0.07620618725054454,0.8558218479156494
patient_D,pca_ridge,0,CST7,0.16281410110807482,0.1654723460059531,0.43104398250579834
patient_D,pca_ridge,0,TNF,0.01341946767680165,0.05734518740647067,0.17309370636940002
patient_D,pca_ridge,0,NEXN,0.09694943513697625,0.0912443338385109,0.33274152874946594
patient_D,pca_ridge,0,HBB,0.005806236566992775,-0.003232332641524562,0.13498103618621826
patient_D,pca_ridge,0,SP140L,0.025227441887432648,0.06066404900592762,0.31356409192085266
patient_D,pca_ridge,0,CDKN1C,-0.0336062614351654,-0.07956126939606026,0.4079383909702301
patient_D,pca_ridge,0,ITGB1,0.09739909425305339,0.15607132830929132,0.40625840425491333
patient_D,pca_ridge,0,CLDN11,0.04544223425734374,0.04003383601234285,0.2870497405529022
patient_D,pca_ridge,0,STC2,0.12605911729350922,0.21703472763567153,0.3650849461555481
patient_D,pca_ridge,0,UGT8,-0.0005665620127732532,-0.0018986020603698381,0.01883828639984131
patient_D,pca_ridge,0,SOX6,-0.020102243471393,-0.030474415121700817,0.10702592879533768
patient_D,pca_ridge,0,PDLIM4,0.0065234521598415305,0.03546313682716737,0.37799251079559326
patient_D,pca_ridge,0,SEPT4,0.010957624972900528,-0.004590923965033223,0.23230110108852386
patient_D,pca_ridge,0,TLR7,0.0352217249142075,0.04658532735368409,0.28093400597572327
patient_D,pca_ridge,0,EBF1,0.04089795247998914,0.03754206782670131,0.245948925614357
patient_D,pca_ridge,0,FMO2,0.017215246306480476,0.014508614142605793,0.1087070181965828
patient_D,pca_ridge,0,RELN,0.02760233733961651,0.021434174066165584,0.0538836233317852
patient_D,pca_ridge,0,VTI1A,0.05122857667424279,0.07023598548369832,0.3249363601207733
patient_D,spatial_knn,0,PTGDS,-0.031634414421668436,-0.01863483954865115,0.9642213274812895
patient_D,spatial_knn,0,CD74,-0.11268757509057944,-0.11552326886262602,1.0688496795848028
patient_D,spatial_knn,0,CCL19,-0.015781033810323447,-0.04474636118671891,0.7548038254579321
patient_D,spatial_knn,0,COL3A1,-0.025730318769068755,-0.0479547986398678,1.8805100844337634
patient_D,spatial_knn,0,CXCL14,-0.006831409687311651,-0.013551829382271162,0.914819303704852
patient_D,spatial_knn,0,ADH1B,-0.010254195417579241,0.0009311865685448825,0.18911872253252526
patient_D,spatial_knn,0,TFF3,0.02735554145656895,0.0475624666765767,1.0423483153019366
patient_D,spatial_knn,0,POSTN,0.01862581412543281,0.013230806963706132,1.448271995883305
patient_D,spatial_knn,0,AQP1,-0.02028218768185717,-0.017045031732979665,0.7072698495364461
patient_D,spatial_knn,0,ISG15,-0.047009729488737335,-0.06621754849795294,1.194375561049174
patient_D,spatial_knn,0,FDCSP,-0.010283924496949103,-0.016588519347488232,0.10532343108984453
patient_D,spatial_knn,0,CFD,-0.04117576015781371,-0.0463865245996885,0.7890960760598391
patient_D,spatial_knn,0,FABP4,-0.013186560302547801,-0.0073903940454569895,0.3278230317509316
patient_D,spatial_knn,0,ADIRF,0.07366382368626585,0.08051652248651198,0.9355247746745943
patient_D,spatial_knn,0,CCL21,-0.03403605284210328,-0.042098378670202524,0.37281038383663534
patient_D,spatial_knn,0,CD3D,0.0033249286387032504,-0.0026505816688476187,0.7104312969792134
patient_D,spatial_knn,0,CLDN5,-0.0178759956224587,-0.001875502496977609,0.6326272211420344
patient_D,spatial_knn,0,IFIT2,0.020435273763835277,0.053923046279033056,0.39269320313644845
patient_D,spatial_knn,0,PTN,-0.021430823505146922,0.01476666564423657,0.2849664270277324
patient_D,spatial_knn,0,S100B,-0.020077875870267468,-0.021698107075811077,0.16122558584696567
patient_D,spatial_knn,0,ACTG2,0.009512146066317924,-0.005112021274908,0.22309613836653377
patient_D,spatial_knn,0,FOS,0.020396790003537363,0.0205663298163652,0.6290933945267896
patient_D,spatial_knn,0,ELN,0.021343743589388668,0.008390061156923747,0.6650339136941148
patient_D,spatial_knn,0,NRP1,0.010948207936253136,0.038710457326393916,0.5112549863584172
patient_D,spatial_knn,0,MS4A4A,0.012358987251806643,0.02002884220965243,0.35525980072477725
patient_D,spatial_knn,0,LMOD1,0.01335624650157371,-0.006090749708764375,0.4347297761523066
patient_D,spatial_knn,0,HBA2,-0.008674638964853768,0.014606063946775496,0.11754556061966376
patient_D,spatial_knn,0,PPP1R14A,-0.019538546056312955,-0.04348626407147143,0.2403865775174506
patient_D,spatial_knn,0,SLITRK6,0.011359633673110697,0.011021835538314092,0.08288070117088552
patient_D,spatial_knn,0,ADD3,0.015072213870504732,0.019221804152785946,0.4719082886125701
patient_D,spatial_knn,0,MIA,,,0.044590868863949557
patient_D,spatial_knn,0,LTF,0.020076520866232146,0.01786799074821191,0.9408707895796866
patient_D,spatial_knn,0,CST7,0.007327949359632798,-0.007947328437737279,0.4615716260502123
patient_D,spatial_knn,0,TNF,0.009102092627368967,-0.004284429539309174,0.18122835636005916
patient_D,spatial_knn,0,NEXN,0.012512024239841279,0.01659971774559959,0.3476572339767391
patient_D,spatial_knn,0,HBB,0.0014151419463198597,0.013675930260855023,0.15425037500230535
patient_D,spatial_knn,0,SP140L,0.022818368400632758,0.012421428070051243,0.3253112407120939
patient_D,spatial_knn,0,CDKN1C,0.020929848088490112,0.025152576358146706,0.42537673030789364
patient_D,spatial_knn,0,ITGB1,-0.012647550647957891,-0.02430884642150553,0.42471137005548426
patient_D,spatial_knn,0,CLDN11,-0.030226807798031115,-0.019236531060931854,0.3026550204606245
patient_D,spatial_knn,0,STC2,0.004355025858570048,0.008473711168899284,0.39710118861468924
patient_D,spatial_knn,0,UGT8,-0.005190761326569512,-0.0072151589277592845,0.02841090947736865
patient_D,spatial_knn,0,SOX6,-0.009638165639416909,-3.428003393155669e-05,0.11040523872911749
patient_D,spatial_knn,0,PDLIM4,0.03502001345189886,0.0258402926811519,0.3919552844940333
patient_D,spatial_knn,0,SEPT4,0.014171314463398168,0.002402157248552623,0.24524466850135393
patient_D,spatial_knn,0,TLR7,-0.006227131009109027,-0.0307622802829622,0.29253946317158636
patient_D,spatial_knn,0,EBF1,-0.014049508741963148,-0.0006362107465151507,0.257777902073072
patient_D,spatial_knn,0,FMO2,0.011616686592146458,0.021443294353291068,0.11770340227190045
patient_D,spatial_knn,0,RELN,-0.009046071567101188,-0.01369081578500524,0.06087424941052352
patient_D,spatial_knn,0,VTI1A,0.029861673729950834,0.04513733525537984,0.33331869993981716
patient_E,mean,0,PTGDS,,,0.9558316469192505
patient_E,mean,0,CD74,0.0,,0.8085318207740784
patient_E,mean,0,CCL19,,,0.7045791149139404
patient_E,mean,0,COL3A1,,,1.1044750213623047
patient_E,mean,0,CXCL14,,,0.5043368339538574
patient_E,mean,0,ADH1B,,,0.10332068800926208
patient_E,mean,0,TFF3,,,1.0680431127548218
patient_E,mean,0,POSTN,,,0.9919443726539612
patient_E,mean,0,AQP1,,,0.598211944103241
patient_E,mean,0,ISG15,,,1.733057975769043
patient_E,mean,0,FDCSP,,,0.1320975422859192
patient_E,mean,0,CFD,,,0.8765900135040283
patient_E,mean,0,FABP4,0.0,0.0,0.10677138715982437
patient_E,mean,0,ADIRF,0.0,,0.6774592995643616
patient_E,mean,0,CCL21,,,0.5228598713874817
patient_E,mean,0,CD3D,,,0.5140620470046997
patient_E,mean,0,CLDN5,0.0,,0.5464996695518494
patient_E,mean,0,IFIT2,,,0.29757174849510193
patient_E,mean,0,PTN,0.0,,0.09802918136119843
patient_E,mean,0,S100B,,,0.22390487790107727
patient_E,mean,0,ACTG2,0.0,,0.1395687311887741
patient_E,mean,0,FOS,,,0.5010190010070801
patient_E,mean,0,ELN,0.0,,0.2139599621295929
patient_E,mean,0,NRP1,0.0,,0.43057599663734436
patient_E,mean,0,MS4A4A,,,0.18799583613872528
patient_E,mean,0,LMOD1,,,0.21713340282440186
patient_E,mean,0,HBA2,,,0.1167035922408104
patient_E,mean,0,PPP1R14A,,,0.21257194876670837
patient_E,mean,0,SLITRK6,,,0.05014842376112938
patient_E,mean,0,ADD3,,,0.2533414661884308
patient_E,mean,0,MIA,0.0,,0.048004236072301865
patient_E,mean,0,LTF,0.0,,1.3943535089492798
patient_E,mean,0,CST7,,,0.49171769618988037
patient_E,mean,0,TNF,,,0.0758572667837143
patient_E,mean,0,NEXN,,,0.10755541175603867
patient_E,mean,0,HBB,,,0.05892312899231911
patient_E,mean,0,SP140L,,,0.24532413482666016
patient_E,mean,0,CDKN1C,,,0.5667551755905151
patient_E,mean,0,ITGB1,,,0.21036231517791748
patient_E,mean,0,CLDN11,,,0.0979354977607727
patient_E,mean,0,STC2,,,0.2908605635166168
patient_E,mean,0,UGT8,,,0.0692381039261818
patient_E,mean,0,SOX6,,,0.06616444140672684
patient_E,mean,0,PDLIM4,0.0,,0.23567385971546173
patient_E,mean,0,SEPT4,,,0.2603919506072998
patient_E,mean,0,TLR7,,,0.12116274982690811
patient_E,mean,0,EBF1,,,0.12608107924461365
patient_E,mean,0,FMO2,,,0.15365295112133026
patient_E,mean,0,RELN,,,0.02672721818089485
patient_E,mean,0,VTI1A,0.0,,0.2300993949174881
patient_E,pca_ridge,0,PTGDS,0.20454239739551283,0.2096438664722747,0.9985756278038025
patient_E,pca_ridge,0,CD74,0.21716005136735847,0.16407450473670662,1.009671688079834
patient_E,pca_ridge,0,CCL19,0.17782461193500873,0.16395680432587953,0.8229311108589172
patient_E,pca_ridge,0,COL3A1,0.31248855083643867,0.2997251302004389,0.9542397856712341
patient_E,pca_ridge,0,CXCL14,0.0871829079459735,0.09209324122283019,0.5727265477180481
patient_E,pca_ridge,0,ADH1B,-0.023534411585837283,-0.014406551532550027,0.10513868927955627
patient_E,pca_ridge,0,TFF3,-0.015499889353031841,-0.007838912241475638,0.4786284565925598
patient_E,pca_ridge,0,POSTN,0.16297948695721579,0.14781942491471353,0.9969813823699951
patient_E,pca_ridge,0,AQP1,0.11379987237164597,0.14111186755358246,0.5972512364387512
patient_E,pca_ridge,0,ISG15,0.11186585741628723,0.08964482852016892,1.3991756439208984
patient_E,pca_ridge,0,FDCSP,0.02938708367755446,0.04365397850442466,0.13293001055717468
patient_E,pca_ridge,0,CFD,0.12247309474176842,0.1247618802813855,0.9799054265022278
patient_E,pca_ridge,0,FABP4,,,0.12965863943099976
patient_E,pca_ridge,0,ADIRF,0.04340382347245596,0.062271693575065734,0.6608392000198364
patient_E,pca_ridge,0,CCL21,0.08675613381736023,0.09436238299089962,0.5391519665718079
patient_E,pca_ridge,0,CD3D,0.06936139294166456,0.10754208742320727,0.5527322888374329
patient_E,pca_ridge,0,CLDN5,0.07451272131707885,0.08581942270021072,0.576005220413208
patient_E,pca_ridge,0,IFIT2,0.05364861935843696,0.07258663948321933,0.3020378649234772
patient_E,pca_ridge,0,PTN,0.06440774310477201,0.07654196940368672,0.09847760945558548
patient_E,pca_ridge,0,S100B,0.047168974339034705,0.05457265316552492,0.23234984278678894
patient_E,pca_ridge,0,ACTG2,0.039082771879714095,0.052897599647008055,0.14054736495018005
patient_E,pca_ridge,0,FOS,0.014376849619056898,0.03868978446865087,0.41993075609207153
patient_E,pca_ridge,0,ELN,0.05046315373907542,0.03549423362457561,0.21774962544441223
patient_E,pca_ridge,0,NRP1,0.12272191034898164,0.13781902222062226,0.4326842725276947
patient_E,pca_ridge,0,MS4A4A,0.038396413677863686,0.04498554502965499,0.1912374347448349
patient_E,pca_ridge,0,LMOD1,0.002611592306789562,0.005694689420028501,0.21701200306415558
patient_E,pca_ridge,0,HBA2,-0.005083157546433303,-0.009624521358780416,0.1177024394273758
patient_E,pca_ridge,0,PPP1R14A,0.021069842568910705,0.035625823662502595,0.21376460790634155
patient_E,pca_ridge,0,SLITRK6,-0.027558483644357014,-0.03123193119247609,0.05919991806149483
patient_E,pca_ridge,0,ADD3,0.10337662455075665,0.12274619489820486,0.2280743569135666
patient_E,pca_ridge,0,MIA,0.007320505399331515,0.010360028444418072,0.048766251653432846
patient_E,pca_ridge,0,LTF,0.07412933554266181,0.05606780739326483,1.3374717235565186
patient_E,pca_ridge,0,CST7,0.10238211396647631,0.1144572587734202,0.5101765394210815
patient_E,pca_ridge,0,TNF,0.014775380546352683,0.018254751386253983,0.08324462175369263
patient_E,pca_ridge,0,NEXN,0.008851351104606258,0.013190438899026997,0.10552182048559189
patient_E,pca_ridge,0,HBB,-0.002433177315242776,-0.0054722653677948966,0.06170271337032318
patient_E,pca_ridge,0,SP140L,0.014800788864916285,0.03942495479973225,0.24697193503379822
patient_E,pca_ridge,0,CDKN1C,0.03913507889772477,0.06370266764772116,0.5700459480285645
patient_E,pca_ridge,0,ITGB1,0.0662532805658799,0.0748086425573437,0.20105165243148804
patient_E,pca_ridge,0,CLDN11,0.013536309431935034,0.016788431177232943,0.09387283027172089
patient_E,pca_ridge,0,STC2,0.10400036277246898,0.12284146621088847,0.2714468240737915
patient_E,pca_ridge,0,UGT8,0.012872467658014312,0.015752102880826454,0.06956920772790909
patient_E,pca_ridge,0,SOX6,0.0029494114645895173,0.0028484330422051353,0.06646107137203217
patient_E,pca_ridge,0,PDLIM4,0.04677039015411296,0.060837284470174835,0.23662079870700836
patient_E,pca_ridge,0,SEPT4,0.019004209708446244,0.030398411373161564,0.2612156867980957
patient_E,pca_ridge,0,TLR7,0.041437813500432887,0.04714175188009792,0.12182721495628357
patient_E,pca_ridge,0,EBF1,0.004184972672453643,-0.002744426367497407,0.12592364847660065
patient_E,pca_ridge,0,FMO2,0.015770278093668953,0.033869037068353446,0.1542399674654007
patient_E,pca_ridge,0,RELN,0.017494293526191668,0.022315407626722884,0.028144346550107002
patient_E,pca_ridge,0,VTI1A,0.00591478540020496,0.017457639629473113,0.22958602011203766
patient_E,spatial_knn,0,PTGDS,0.017528132401067875,0.006189120131428453,1.0126918681129458
patient_E,spatial_knn,0,CD74,-0.12100763522273475,-0.06769924397121685,0.9677476146828524
patient_E,spatial_knn,0,CCL19,-0.0021267888229675796,-0.0035754941732538737,0.7503810827182981
patient_E,spatial_knn,0,COL3A1,-0.08559921253924822,-0.07523423200147428,1.2412783415705515
patient_E,spatial_knn,0,CXCL14,0.010369626958823543,0.015121685908473353,0.5409160711503999
patient_E,spatial_knn,0,ADH1B,-0.023878679043135675,-0.03256673241209196,0.16668060391230102
patient_E,spatial_knn,0,TFF3,0.025007201174135487,0.013622640273286428,1.1794802510014633
patient_E,spatial_knn,0,POSTN,-0.048720438631574735,-0.044402193264586456,1.090171173057523
patient_E,spatial_knn,0,AQP1,-0.0026411786805251893,0.0032982759058838265,0.6468946736877946
patient_E,spatial_knn,0,ISG15,-0.0006715193445259623,-0.010521104854893446,1.7904944442641904
patient_E,spatial_knn,0,FDCSP,-0.016718079552301462,-0.02313303733206081,0.14661800345611528
patient_E,spatial_knn,0,CFD,0.0058658933841076654,0.004802646206038895,0.9298495439826513
patient_E,spatial_knn,0,FABP4,,,0.18647060974229826
patient_E,spatial_knn,0,ADIRF,-0.015857961155533062,-0.0026691152339637808,0.7334222765451548
patient_E,spatial_knn,0,CCL21,0.004133413292995315,0.002122568799681321,0.5590896996948591
patient_E,spatial_knn,0,CD3D,-0.034803045573092516,-0.06560200464811897,0.554195875670789
patient_E,spatial_knn,0,CLDN5,0.041804204999938706,0.03503530698894168,0.5730977459300245
patient_E,spatial_knn,0,IFIT2,-0.01767103564923014,0.0008008323640607019,0.3295191429492005
patient_E,spatial_knn,0,PTN,-0.008959539445974012,-0.022300557753199595,0.15424889811861503
patient_E,spatial_knn,0,S100B,0.0004266755991148605,-0.01617752604517339,0.23865753588674446
patient_E,spatial_knn,0,ACTG2,0.027690980363712592,0.020693904862874448,0.17376153569541125
patient_E,spatial_knn,0,FOS,0.01636174031719783,0.01907032999923785,0.5827355415657397
patient_E,spatial_knn,0,ELN,-0.00017469757432116514,-0.0033256844497314845,0.25852534311465014
patient_E,spatial_knn,0,NRP1,0.03152890469863903,0.02828952240191588,0.4527254661326129
patient_E,spatial_knn,0,MS4A4A,-0.009753259521332385,-0.01796059900737318,0.21308595382030002
patient_E,spatial_knn,0,LMOD1,-0.03778237838033128,-0.033800776126910154,0.25088394461463304
patient_E,spatial_knn,0,HBA2,-0.018160415815494737,-0.023997123923892624,0.1227966941193949
patient_E,spatial_knn,0,PPP1R14A,0.012024128315039663,0.004392355234472118,0.22835169788078824
patient_E,spatial_knn,0,SLITRK6,-0.00814771936126925,-0.012924728158357851,0.09027603462507085
patient_E,spatial_knn,0,ADD3,0.0348448660421452,0.024137418217408144,0.2872699063281347
patient_E,spatial_knn,0,MIA,-0.00732629447517865,-0.010244444082442045,0.06451794579608745
patient_E,spatial_knn,0,LTF,0.002816637123930158,-0.002459216081060423,1.4444395030001558
patient_E,spatial_knn,0,CST7,-0.0005545215150631538,-0.002944691354214078,0.5170551903339324
patient_E,spatial_knn,0,TNF,0.060635764728534124,-0.0012008344595769093,0.08666924244959189
patient_E,spatial_knn,0,NEXN,-0.0034984912768787706,-0.005830654390708013,0.1312226047515179
patient_E,spatial_knn,0,HBB,-0.010525001396801358,-0.015540981414818694,0.08168088294002204
patient_E,spatial_knn,0,SP140L,-0.03167381636733676,-0.04236401876186691,0.26743014919083014
patient_E,spatial_knn,0,CDKN1C,-0.0016317571512298175,0.020301819943536338,0.5831733644909126
patient_E,spatial_knn,0,ITGB1,0.016650960963987476,0.02545800907171399,0.2423346724058097
patient_E,spatial_knn,0,CLDN11,-0.021012114112936967,-0.02437633857885753,0.1315699196508103
patient_E,spatial_knn,0,STC2,0.012413697051282738,-0.023599686673723173,0.3479201804747518
patient_E,spatial_knn,0,UGT8,-0.000756652872251525,0.022923363297107133,0.07266423985518129
patient_E,spatial_knn,0,SOX6,-0.009554798550758244,-0.013773149336128832,0.07295074003421739
patient_E,spatial_knn,0,PDLIM4,0.005424914654542585,0.020346277993313684,0.2586591777941366
patient_E,spatial_knn,0,SEPT4,-0.0025094707638328062,0.0054188850500456725,0.2731767187301378
patient_E,spatial_knn,0,TLR7,-0.03286014426110326,-0.04211176430469148,0.13749852394515635
patient_E,spatial_knn,0,EBF1,0.035146032842978014,0.03256327641911468,0.14467122915982236
patient_E,spatial_knn,0,FMO2,-0.022208074852421367,-0.020140855167057794,0.16933988202048134
patient_E,spatial_knn,0,RELN,-0.0044864541253020265,-0.0066514132447538015,0.047343199818704856
patient_E,spatial_knn,0,VTI1A,0.006435239751138699,0.002412150211743556,0.2489446360973074
patient_F,mean,0,PTGDS,,,0.9852345585823059
patient_F,mean,0,CD74,,,0.749908983707428
patient_F,mean,0,CCL19,0.0,,0.5653765797615051
patient_F,mean,0,COL3A1,,,1.1473050117492676
patient_F,mean,0,CXCL14,,,0.5189362168312073
patient_F,mean,0,ADH1B,,,0.08948559314012527
patient_F,mean,0,TFF3,,,0.9668055772781372
patient_F,mean,0,POSTN,,,1.011940360069275
patient_F,mean,0,AQP1,,,0.5919201374053955
patient_F,mean,0,ISG15,,,1.185332179069519
patient_F,mean,0,FDCSP,,,0.02626921236515045
patient_F,mean,0,CFD,0.0,,0.8579193353652954
patient_F,mean,0,FABP4,,,0.12456369400024414
patient_F,mean,0,ADIRF,,,0.6886700987815857
patient_F,mean,0,CCL21,,,0.7530902624130249
patient_F,mean,0,CD3D,,,0.5175843238830566
patient_F,mean,0,CLDN5,,,0.4191927909851074
patient_F,mean,0,IFIT2,,,0.16736815869808197
patient_F,mean,0,PTN,,,0.1046098843216896
patient_F,mean,0,S100B,,,0.2051014006137848
patient_F,mean,0,ACTG2,0.0,,0.13610221445560455
patient_F,mean,0,FOS,,,0.5582844614982605
patient_F,mean,0,ELN,0.0,,0.2555062174797058
patient_F,mean,0,NRP1,0.0,,0.26445114612579346
patient_F,mean,0,MS4A4A,,,0.2912232279777527
patient_F,mean,0,LMOD1,0.0,,0.17768511176109314
patient_F,mean,0,HBA2,,,0.056898586452007294
patient_F,mean,0,PPP1R14A,0.0,,0.1581311970949173
patient_F,mean,0,SLITRK6,,,0.042797211557626724
patient_F,mean,0,ADD3,,,0.23198330402374268
patient_F,mean,0,MIA,0.0,,0.05639797821640968
patient_F,mean,0,LTF,,,0.8157259225845337
patient_F,mean,0,CST7,,,0.5846532583236694
patient_F,mean,0,TNF,,,0.1373542696237564
patient_F,mean,0,NEXN,,,0.1150645837187767
patient_F,mean,0,HBB,,,0.043431468307971954
patient_F,mean,0,SP140L,0.0,,0.2620794475078583
patient_F,mean,0,CDKN1C,0.0,,0.3188132047653198
patient_F,mean,0,ITGB1,,,0.2094324678182602
patient_F,mean,0,CLDN11,0.0,,0.1175023689866066
patient_F,mean,0,STC2,0.0,,0.2563677132129669
patient_F,mean,0,UGT8,,,0.005368216894567013
patient_F,mean,0,SOX6,,,0.03592788428068161
patient_F,mean,0,PDLIM4,,,0.23252779245376587
patient_F,mean,0,SEPT4,0.0,,0.15923655033111572
patient_F,mean,0,TLR7,0.0,,0.11177683621644974
patient_F,mean,0,EBF1,,,0.08258597552776337
patient_F,mean,0,FMO2,,,0.03830684721469879
patient_F,mean,0,RELN,0.0,,0.08265894651412964
patient_F,mean,0,VTI1A,,,0.30892878770828247
patient_F,pca_ridge,0,PTGDS,0.23575994742409553,0.22650141942617988,0.9607059955596924
patient_F,pca_ridge,0,CD74,0.42252486606291106,0.45067751597077965,0.668427050113678
patient_F,pca_ridge,0,CCL19,0.13226893091086775,0.12409393724959454,0.5355264544487
patient_F,pca_ridge,0,COL3A1,0.21201801653425137,0.20401378644016682,0.9694408774375916
patient_F,pca_ridge,0,CXCL14,0.059557368459937345,0.07978311270887604,0.43580564856529236
patient_F,pca_ridge,0,ADH1B,0.03783777326511305,0.034019496198311384,0.08678781241178513
patient_F,pca_ridge,0,TFF3,0.0028945259681099718,0.022172751550014354,1.0827223062515259
patient_F,pca_ridge,0,POSTN,0.18072706458406881,0.17987277957108286,0.9195767045021057
patient_F,pca_ridge,0,AQP1,0.030935170805176167,0.03504741015176036,0.5571020841598511
patient_F,pca_ridge,0,ISG15,0.09771094127806122,0.09029446069070263,1.3314330577850342
patient_F,pca_ridge,0,FDCSP,0.00024583816640421665,0.0009915592426640839,0.032783638685941696
patient_F,pca_ridge,0,CFD,0.1368732427136318,0.1405306563989035,0.8413876295089722
patient_F,pca_ridge,0,FABP4,-0.0007781126204639903,-0.00572626090484481,0.12814344465732574
patient_F,pca_ridge,0,ADIRF,0.05741162139855277,0.07381547232108691,0.6579427123069763
patient_F,pca_ridge,0,CCL21,0.13736346455094442,0.13259999949999296,0.7552093863487244
patient_F,pca_ridge,0,CD3D,0.18307448768833878,0.17770946429477896,0.5097671747207642
patient_F,pca_ridge,0,CLDN5,0.06556342220719696,0.07131978111676131,0.36915671825408936
patient_F,pca_ridge,0,IFIT2,0.060131651274329685,0.06325836214308303,0.17331796884536743
patient_F,pca_ridge,0,PTN,0.013251311348062742,0.02395714666040001,0.11057107150554657
patient_F,pca_ridge,0,S100B,-0.024017109754479873,-0.007118765334980852,0.21222186088562012
patient_F,pca_ridge,0,ACTG2,0.0025048115564236624,0.01713028594433733,0.1558631807565689
patient_F,pca_ridge,0,FOS,0.04866119978660567,0.0510844723740723,0.5356192588806152
patient_F,pca_ridge,0,ELN,0.019643604654877345,0.03863740343855917,0.23550717532634735
patient_F,pca_ridge,0,NRP1,0.011524126487780203,0.02461446484218794,0.27733221650123596
patient_F,pca_ridge,0,MS4A4A,0.06573129293683455,0.06567207826299562,0.2927727997303009
patient_F,pca_ridge,0,LMOD1,0.026032662552489507,0.03127127192001069,0.1716528832912445
patient_F,pca_ridge,0,HBA2,-0.0007571069535904401,-0.001402677033225163,0.05897187441587448
patient_F,pca_ridge,0,PPP1R14A,0.02564513193656874,0.024999761310863417,0.15697002410888672
patient_F,pca_ridge,0,SLITRK6,-0.021992050318179197,-0.026483645954064352,0.07615701854228973
patient_F,pca_ridge,0,ADD3,0.02751621096833538,0.039507377657078534,0.22502973675727844
patient_F,pca_ridge,0,MIA,0.022090426180522444,0.02876891317482721,0.05685785785317421
patient_F,pca_ridge,0,LTF,0.11088837720867,0.10924723903378439,1.0107237100601196
patient_F,pca_ridge,0,CST7,0.17225448748932645,0.19032123332965692,0.5778191089630127
patient_F,pca_ridge,0,TNF,-0.0035945999351338757,0.008881923756094869,0.13899442553520203
patient_F,pca_ridge,0,NEXN,0.02689096547158556,0.030517434597660584,0.11255647242069244
patient_F,pca_ridge,0,HBB,0.010776214016814745,0.014090345284257032,0.04383702576160431
patient_F,pca_ridge,0,SP140L,0.010187486958310505,0.022121597902686196,0.263787180185318
patient_F,pca_ridge,0,CDKN1C,0.053691298420158726,0.05812158875295906,0.3218986690044403
patient_F,pca_ridge,0,ITGB1,0.014468652456687024,0.027069537654981733,0.22130675613880157
patient_F,pca_ridge,0,CLDN11,0.037617520731065515,0.03938347719774131,0.11349835991859436
patient_F,pca_ridge,0,STC2,0.03978233711510099,0.03387686152235212,0.2899817228317261
patient_F,pca_ridge,0,UGT8,,,0.009244011715054512
patient_F,pca_ridge,0,SOX6,0.0003186490881813319,0.001052985262264356,0.036780066788196564
patient_F,pca_ridge,0,PDLIM4,-0.019028166268176945,0.001995379288015503,0.2397761046886444
patient_F,pca_ridge,0,SEPT4,0.013621422103416781,0.021284843191708865,0.16025060415267944
patient_F,pca_ridge,0,TLR7,-0.034809664388095726,-0.02501253857696685,0.11185737699270248
patient_F,pca_ridge,0,EBF1,0.019960482236708967,0.02217284385184633,0.07916746288537979
patient_F,pca_ridge,0,FMO2,0.011729411486433748,0.016135373130624638,0.040143027901649475
patient_F,pca_ridge,0,RELN,0.007714260202535429,0.011075158373825809,0.08300456404685974
patient_F,pca_ridge,0,VTI1A,0.023163173728709782,0.03369452558919902,0.3091789186000824
patient_F,spatial_knn,0,PTGDS,-0.022030010833324405,-0.015613725427864562,1.0437135999667193
patient_F,spatial_knn,0,CD74,0.024197259507500655,0.04537736651977239,0.8289645442390695
patient_F,spatial_knn,0,CCL19,0.01032667554026597,0.022333175228949887,0.659056984371958
patient_F,spatial_knn,0,COL3A1,0.02912796756959544,0.030704166637877794,1.1936738896118608
patient_F,spatial_knn,0,CXCL14,0.011578053738276866,0.014946602364999558,0.5908400399430966
patient_F,spatial_knn,0,ADH1B,-0.013394989170328366,-0.01887913208310228,0.17280316699709267
patient_F,spatial_knn,0,TFF3,0.020290031442006723,0.018140200053884878,1.0397449808616206
patient_F,spatial_knn,0,POSTN,0.02867761937171286,0.02239911630060475,1.052947139138772
patient_F,spatial_knn,0,AQP1,0.020377330791847035,0.02566143863600766,0.6458947605400315
patient_F,spatial_knn,0,ISG15,0.008644811861665276,0.005471646693237743,1.2923649915895639
patient_F,spatial_knn,0,FDCSP,0.026254271693636092,0.0653923143610784,0.07683681488255373
patient_F,spatial_knn,0,CFD,-0.02102437136202306,-0.022662262581322368,0.9251633710637919
patient_F,spatial_knn,0,FABP4,-0.008500168481512976,0.001390977415067746,0.21028425572637138
patient_F,spatial_knn,0,ADIRF,0.0008753784488754365,0.010526268334018153,0.7626160416241121
patient_F,spatial_knn,0,CCL21,0.0073744160290022485,0.025563062994709104,0.7802530320571769
patient_F,spatial_knn,0,CD3D,0.02330787158423255,0.03136234647733547,0.5475071454952517
patient_F,spatial_knn,0,CLDN5,-0.009872064372782775,0.004507053820352824,0.4824161811449943
patient_F,spatial_knn,0,IFIT2,-0.004574362340162585,0.018431363331450415,0.22255888450134692
patient_F,spatial_knn,0,PTN,-0.017798064931876457,-0.01884622189799447,0.15772764682071028
patient_F,spatial_knn,0,S100B,0.0003337733930995777,0.009873902347162108,0.22914918015941557
patient_F,spatial_knn,0,ACTG2,-0.03402327671052482,-0.05597788005817201,0.17878304348569699
patient_F,spatial_knn,0,FOS,-0.012414958665373873,0.001621885506799597,0.6203087582424136
patient_F,spatial_knn,0,ELN,0.0010847350616384056,-0.014810634501414373,0.2900511009574549
patient_F,spatial_knn,0,NRP1,0.0036776839422468484,0.018962508345197904,0.30751042295540987
patient_F,spatial_knn,0,MS4A4A,0.0073322692355075655,0.006859088312235686,0.30080357434086163
patient_F,spatial_knn,0,LMOD1,-0.004581529377743656,-0.020697951785244813,0.20953022204154034
patient_F,spatial_knn,0,HBA2,-0.01088146342467839,-0.0144344577706928,0.0734942228992099
patient_F,spatial_knn,0,PPP1R14A,-0.0035519768341531147,-0.01746203822324577,0.18580245817163923
patient_F,spatial_knn,0,SLITRK6,-0.009124937942133714,-0.013355993541595612,0.08630851205450399
patient_F,spatial_knn,0,ADD3,-0.01644185595838543,-0.010396517665105858,0.27361396453774184
patient_F,spatial_knn,0,MIA,0.04989345910116056,0.027656509781335253,0.07072608816533904
patient_F,spatial_knn,0,LTF,-0.014247355340826735,-0.01193749899071535,0.9426930409620561
patient_F,spatial_knn,0,CST7,0.005664423740096198,0.008218712876913137,0.6043493475559141
patient_F,spatial_knn,0,TNF,0.02394879277320375,-0.007548042325813923,0.15180372429535138
patient_F,spatial_knn,0,NEXN,0.008249464742673972,-0.006324158427460561,0.1345424701571196
patient_F,spatial_knn,0,HBB,-0.009697920162242277,-0.012630231381535014,0.05827410032636489
patient_F,spatial_knn,0,SP140L,-0.006424551346642865,-0.027546354049581324,0.28286650192273644
patient_F,spatial_knn,0,CDKN1C,0.02049213724922223,0.018157826872661858,0.361095099739734
patient_F,spatial_knn,0,ITGB1,-0.010768157138704498,0.0036075744318036615,0.2440301847050758
patient_F,spatial_knn,0,CLDN11,-0.007907338808286445,0.006585096640236648,0.14301549129495403
patient_F,spatial_knn,0,STC2,-0.02456959834257742,-0.037994637664266195,0.315828319672057
patient_F,spatial_knn,0,UGT8,,,0.023737316117577744
patient_F,spatial_knn,0,SOX6,-0.007485354414808742,-0.009161650825990963,0.042269885664954154
patient_F,spatial_knn,0,PDLIM4,-0.01412722426302863,0.0011714394079411162,0.2717496084312155
patient_F,spatial_knn,0,SEPT4,-0.020012976948153793,-0.005317950338222048,0.1835779197546429
patient_F,spatial_knn,0,TLR7,0.010113318479029847,0.016196734413911555,0.13369910032967347
patient_F,spatial_knn,0,EBF1,0.013596729090534844,0.02934312961816977,0.11112884642028685
patient_F,spatial_knn,0,FMO2,-0.008042719473606469,-0.01131677754984369,0.06821409677300468
patient_F,spatial_knn,0,RELN,-0.011482984547533867,-0.017105597424776936,0.08994810311587381
patient_F,spatial_knn,0,VTI1A,0.05079811386352625,0.03303669978993442,0.31680243314512124
patient_G,mean,0,PTGDS,,,1.1865723133087158
patient_G,mean,0,CD74,0.0,,1.2780897617340088
patient_G,mean,0,CCL19,,,1.0341532230377197
patient_G,mean,0,COL3A1,0.0,,1.5584183931350708
patient_G,mean,0,CXCL14,,,0.738243818283081
patient_G,mean,0,ADH1B,,,0.7653437852859497
patient_G,mean,0,TFF3,0.0,,1.0512911081314087
patient_G,mean,0,POSTN,0.0,,1.476814866065979
patient_G,mean,0,AQP1,,,1.1686673164367676
patient_G,mean,0,ISG15,,,1.2827762365341187
patient_G,mean,0,FDCSP,0.0,,0.3305363655090332
patient_G,mean,0,CFD,0.0,,1.074366807937622
patient_G,mean,0,FABP4,,,1.0209331512451172
patient_G,mean,0,ADIRF,0.0,,1.11448335647583
patient_G,mean,0,CCL21,,,0.9229559898376465
patient_G,mean,0,CD3D,0.0,,0.3805142045021057
patient_G,mean,0,CLDN5,,,0.9698501825332642
patient_G,mean,0,IFIT2,,,0.33945396542549133
patient_G,mean,0,PTN,,,0.3112262487411499
patient_G,mean,0,S100B,0.0,,0.22920437157154083
patient_G,mean,0,ACTG2,,,0.34169694781303406
patient_G,mean,0,FOS,,,1.7777975797653198
patient_G,mean,0,ELN,,,0.6082535982131958
patient_G,mean,0,NRP1,,,0.7838153839111328
patient_G,mean,0,MS4A4A,,,0.3383413851261139
patient_G,mean,0,LMOD1,0.0,,0.5225889682769775
patient_G,mean,0,HBA2,,,0.1607414036989212
patient_G,mean,0,PPP1R14A,,,0.44581839442253113
patient_G,mean,0,SLITRK6,0.0,,0.10533221811056137
patient_G,mean,0,ADD3,,,0.43384334444999695
patient_G,mean,0,MIA,,,0.0941249206662178
patient_G,mean,0,LTF,0.0,,1.0449998378753662
patient_G,mean,0,CST7,,,0.30186641216278076
patient_G,mean,0,TNF,,,0.17188182473182678
patient_G,mean,0,NEXN,0.0,,0.2614961564540863
patient_G,mean,0,HBB,,,0.31799158453941345
patient_G,mean,0,SP140L,,,0.3351348042488098
patient_G,mean,0,CDKN1C,,,0.4880317151546478
patient_G,mean,0,ITGB1,,,0.5369930863380432
patient_G,mean,0,CLDN11,0.0,,0.2541115880012512
patient_G,mean,0,STC2,,,1.0501892566680908
patient_G,mean,0,UGT8,,,0.005040342453867197
patient_G,mean,0,SOX6,,,0.08611396700143814
patient_G,mean,0,PDLIM4,0.0,,0.45989376306533813
patient_G,mean,0,SEPT4,0.0,,0.32928231358528137
patient_G,mean,0,TLR7,,,0.238580584526062
patient_G,mean,0,EBF1,,,0.2642058730125427
patient_G,mean,0,FMO2,,,0.2982243299484253
patient_G,mean,0,RELN,0.0,,0.0692758783698082
patient_G,mean,0,VTI1A,,,0.22583703696727753
patient_G,pca_ridge,0,PTGDS,0.3435893135011413,0.2939339175025272,1.1193797588348389
patient_G,pca_ridge,0,CD74,0.38881717085744993,0.39881781383450354,1.2626774311065674
patient_G,pca_ridge,0,CCL19,0.265766768134207,0.24264790325584287,1.0174744129180908
patient_G,pca_ridge,0,COL3A1,0.45168841502949497,0.4346721967405366,1.3495320081710815
patient_G,pca_ridge,0,CXCL14,0.12393562970195326,0.1339567177432567,0.82463538646698
patient_G,pca_ridge,0,ADH1B,0.09457167259655234,0.07298192698927447,0.7445006370544434
patient_G,pca_ridge,0,TFF3,0.024407944416449494,0.08077523307888128,1.361462116241455
patient_G,pca_ridge,0,POSTN,0.4204662807079487,0.40268611279366867,1.3495618104934692
patient_G,pca_ridge,0,AQP1,0.18406174189956165,0.18636066017655575,1.1110756397247314
patient_G,pca_ridge,0,ISG15,0.1481011122460597,0.14167331705236175,1.2628929615020752
patient_G,pca_ridge,0,FDCSP,0.06564820960541413,0.0872747356551576,0.33106547594070435
patient_G,pca_ridge,0,CFD,0.152505392891559,0.15096305681381325,1.0646941661834717
patient_G,pca_ridge,0,FABP4,0.12242806305910757,0.10446439141904941,0.9873480200767517
patient_G,pca_ridge,0,ADIRF,-0.01739621582909652,0.00704965200477499,1.123550295829773
patient_G,pca_ridge,0,CCL21,0.22521306290596735,0.18483266342880073,0.9021742939949036
patient_G,pca_ridge,0,CD3D,0.11936068912479995,0.09853492053136009,0.40315189957618713
patient_G,pca_ridge,0,CLDN5,0.17112582071285756,0.1539733596940922,0.9286623001098633
patient_G,pca_ridge,0,IFIT2,0.11523077998888451,0.1460466037465107,0.34015247225761414
patient_G,pca_ridge,0,PTN,0.038742453155730376,0.06800196318695888,0.3162815272808075
patient_G,pca_ridge,0,S100B,0.0117375686028687,0.02406292251826897,0.24285165965557098
patient_G,pca_ridge,0,ACTG2,0.04720066945329427,0.06652172523740744,0.3499842882156372
patient_G,pca_ridge,0,FOS,0.22576311834059512,0.19419338118591145,1.705443263053894
patient_G,pca_ridge,0,ELN,0.08091250621867759,0.1035261580493327,0.6036104559898376
patient_G,pca_ridge,0,NRP1,0.1378666363163454,0.1873838091902479,0.7759400010108948
patient_G,pca_ridge,0,MS4A4A,0.058426594995866325,0.07816671881769686,0.3382846415042877
patient_G,pca_ridge,0,LMOD1,0.07116096475789144,0.0713301034338944,0.5188088417053223
patient_G,pca_ridge,0,HBA2,0.025804029519509265,0.0325878338625294,0.1608247458934784
patient_G,pca_ridge,0,PPP1R14A,0.061329868316285605,0.06367993395137724,0.4436222314834595
patient_G,pca_ridge,0,SLITRK6,0.05517210755657425,0.06754223495601179,0.11887014657258987
patient_G,pca_ridge,0,ADD3,0.06286623911795611,0.1063513368408415,0.4433545470237732
patient_G,pca_ridge,0,MIA,0.013059189299276776,-0.004039162492397391,0.09580345451831818
patient_G,pca_ridge,0,LTF,-0.07855263963913169,-0.07854230787707082,1.1621019840240479
patient_G,pca_ridge,0,CST7,0.0799123073621401,0.09703780700406944,0.31187090277671814
patient_G,pca_ridge,0,TNF,0.02342554406579153,0.0421920345236891,0.1765718162059784
patient_G,pca_ridge,0,NEXN,-0.015373964462324868,0.025607954216275118,0.263818621635437
patient_G,pca_ridge,0,HBB,0.016214754711247205,0.0383545529250196,0.31750544905662537
patient_G,pca_ridge,0,SP140L,0.07239157551156121,0.0833205591574735,0.33592313528060913
patient_G,pca_ridge,0,CDKN1C,0.030123659685316745,0.04025408689844084,0.4910486340522766
patient_G,pca_ridge,0,ITGB1,0.12838169555486034,0.14221589075863986,0.5295023918151855
patient_G,pca_ridge,0,CLDN11,0.007796074215258293,0.012473098095240996,0.2562878727912903
patient_G,pca_ridge,0,STC2,0.224129832416288,0.2753927997387291,1.052767276763916
patient_G,pca_ridge,0,UGT8,,,0.008260786533355713
patient_G,pca_ridge,0,SOX6,-0.012360337874711384,-0.015336011129310146,0.08657916635274887
patient_G,pca_ridge,0,PDLIM4,0.02238677124937237,0.03191778128139397,0.4618036448955536
patient_G,pca_ridge,0,SEPT4,-0.002464007941951897,0.00859017864825791,0.3302026093006134
patient_G,pca_ridge,0,TLR7,-0.01815111194356057,-0.00813203948498283,0.24051108956336975
patient_G,pca_ridge,0,EBF1,0.047084588393942556,0.025862497148767295,0.26455047726631165
patient_G,pca_ridge,0,FMO2,0.027884902879472984,0.00476058771563379,0.29798242449760437
patient_G,pca_ridge,0,RELN,0.010708000732084891,0.014181109486736015,0.07065034657716751
patient_G,pca_ridge,0,VTI1A,0.04527119956768715,0.06253639548172359,0.22323830425739288
patient_G,spatial_knn,0,PTGDS,-0.025949986322767512,-0.010819440543283251,1.2414672424766164
patient_G,spatial_knn,0,CD74,0.024735969914524463,0.03557996991891998,1.323028530678308
patient_G,spatial_knn,0,CCL19,0.0467103826837272,0.05583842247145709,1.059432122723115
patient_G,spatial_knn,0,COL3A1,-0.04521928687931054,-0.03124793772552481,1.621653765548964
patient_G,spatial_knn,0,CXCL14,0.015548575980890237,0.0032710897711480556,0.7876358668031149
patient_G,spatial_knn,0,ADH1B,-0.04439237069431514,-0.050307963149235746,0.7797764724341333
patient_G,spatial_knn,0,TFF3,-0.01641351410982507,-0.05255428780708073,1.1868099803517826
patient_G,spatial_knn,0,POSTN,-0.049489314408242224,-0.03386497968239502,1.5286287243412484
patient_G,spatial_knn,0,AQP1,0.018710768815892464,0.0315816670720235,1.1889537347167674
patient_G,spatial_knn,0,ISG15,-0.05779840755372384,-0.05677553536281827,1.3697743473404962
patient_G,spatial_knn,0,FDCSP,-0.02353129661933559,-0.03184452603694151,0.33313998420564284
patient_G,spatial_knn,0,CFD,-0.029941472819201967,-0.019677444358878478,1.1237963835515692
patient_G,spatial_knn,0,FABP4,-0.06581657061244575,-0.0562629488681927,1.0362507676803698
patient_G,spatial_knn,0,ADIRF,0.053453730684749824,0.04540775057521248,1.1416322121073217
patient_G,spatial_knn,0,CCL21,-0.010218152840851806,0.004899585034249693,0.945232822070969
patient_G,spatial_knn,0,CD3D,0.025992026069573758,0.015606550011681838,0.4209628059109513
patient_G,spatial_knn,0,CLDN5,-0.04107880150724627,-0.03153441490401874,0.9982034228319743
patient_G,spatial_knn,0,IFIT2,-0.007151091677075267,0.011007914128741372,0.3632426857077594
patient_G,spatial_knn,0,PTN,-0.012070493716086924,0.007251010747285866,0.32466189773971194
patient_G,spatial_knn,0,S100B,0.015111297238641123,0.004142622234329296,0.24650618985764663
patient_G,spatial_knn,0,ACTG2,-0.04507813926955585,-0.052871729962853255,0.35964453560586856
patient_G,spatial_knn,0,FOS,0.08076582538235356,0.08664451258215328,1.780942090975002
patient_G,spatial_knn,0,ELN,0.0037459513330136873,-0.019725381726188495,0.6208606322204526
patient_G,spatial_knn,0,NRP1,-0.0072682676544561405,-0.015309785274274703,0.7955893732929619
patient_G,spatial_knn,0,MS4A4A,-0.004123810017101441,-0.007796428190759945,0.3473076088146234
patient_G,spatial_knn,0,LMOD1,-0.0050850178762727564,-0.0012340228280733093,0.5331959190802653
patient_G,spatial_knn,0,HBA2,-0.0167901263408618,-0.023743941714564457,0.16562715722128268
patient_G,spatial_knn,0,PPP1R14A,-0.02900642947085607,-0.027654185223656466,0.45827871612322246
patient_G,spatial_knn,0,SLITRK6,-0.009794109473533454,-0.012666156563098175,0.12411016992377064
patient_G,spatial_knn,0,ADD3,-0.013677512385012369,-0.0091547811357489,0.4577858313306995
patient_G,spatial_knn,0,MIA,0.05681082402277448,0.04806862876292409,0.09839088653921323
patient_G,spatial_knn,0,LTF,0.018926893321402044,-0.012914920264541574,1.114491821018058
patient_G,spatial_knn,0,CST7,0.02905954898361192,0.003846399094238751,0.33330803690652094
patient_G,spatial_knn,0,TNF,-0.02701842174473644,-0.008530119278433007,0.1830478873565421
patient_G,spatial_knn,0,NEXN,0.001578248529318411,0.00891649849643456,0.2685635377960074
patient_G,spatial_knn,0,HBB,-0.005251810121585332,-0.013809577616175857,0.3195308264181629
patient_G,spatial_knn,0,SP140L,0.024415983457162407,-0.016593682541555962,0.3443458496477534
patient_G,spatial_knn,0,CDKN1C,0.007082850000372711,0.010672009711660617,0.5057776656440707
patient_G,spatial_knn,0,ITGB1,0.025773760042879103,0.018982021397820327,0.5436995431646706
patient_G,spatial_knn,0,CLDN11,-0.02321789748620595,-0.022217523109887397,0.28275173105427887
patient_G,spatial_knn,0,STC2,-0.02213490951384582,-0.007958194221857257,1.0618283429198567
patient_G,spatial_knn,0,UGT8,,,0.023034975214254502
patient_G,spatial_knn,0,SOX6,0.02123284375790586,0.02698895607417188,0.08867736497078338
patient_G,spatial_knn,0,PDLIM4,-0.0003864007205491903,0.004572707505152299,0.47391223837615987
patient_G,spatial_knn,0,SEPT4,-0.03682995884398228,-0.029402582893151296,0.34156129690354453
patient_G,spatial_knn,0,TLR7,0.0020752861654258444,-0.0065489991237877515,0.24516409228141606
patient_G,spatial_knn,0,EBF1,0.0018018479012139048,-0.026529168898959482,0.2760897502694101
patient_G,spatial_knn,0,FMO2,0.014643136763854467,0.027224492734144293,0.30262325554148045
patient_G,spatial_knn,0,RELN,0.028100195695369805,0.035209784055616276,0.07438853150444569
patient_G,spatial_knn,0,VTI1A,0.042732702648382345,0.03508269788048527,0.24023289394273759
patient_H,mean,0,PTGDS,0.0,,1.2281187772750854
patient_H,mean,0,CD74,,,1.1905468702316284
patient_H,mean,0,CCL19,,,1.6867988109588623
patient_H,mean,0,COL3A1,0.0,,1.452797532081604
patient_H,mean,0,CXCL14,,,1.4384276866912842
patient_H,mean,0,ADH1B,0.0,,0.6979933977127075
patient_H,mean,0,TFF3,,,1.0896480083465576
patient_H,mean,0,POSTN,0.0,,1.154604434967041
patient_H,mean,0,AQP1,,,0.9896870255470276
patient_H,mean,0,ISG15,,,1.290653944015503
patient_H,mean,0,FDCSP,,,0.11911602318286896
patient_H,mean,0,CFD,,,1.3795771598815918
patient_H,mean,0,FABP4,0.0,,0.7658616900444031
patient_H,mean,0,ADIRF,,,1.1855099201202393
patient_H,mean,0,CCL21,,,0.6940619945526123
patient_H,mean,0,CD3D,0.0,,0.7508563995361328
patient_H,mean,0,CLDN5,,,0.9013022780418396
patient_H,mean,0,IFIT2,0.0,,0.19732345640659332
patient_H,mean,0,PTN,,,0.21776264905929565
patient_H,mean,0,S100B,,,0.7191889882087708
patient_H,mean,0,ACTG2,,,0.6020998954772949
patient_H,mean,0,FOS,0.0,,0.5868163108825684
patient_H,mean,0,ELN,,,0.3536359965801239
patient_H,mean,0,NRP1,,,0.37988045811653137
patient_H,mean,0,MS4A4A,,,0.2682182788848877
patient_H,mean,0,LMOD1,,,0.3741597533226013
patient_H,mean,0,HBA2,,,0.2033921331167221
patient_H,mean,0,PPP1R14A,,,0.4653833210468292
patient_H,mean,0,SLITRK6,0.0,,0.0657566711306572
patient_H,mean,0,ADD3,,,0.3543139696121216
patient_H,mean,0,MIA,,,0.2389843910932541
patient_H,mean,0,LTF,,,1.726930856704712
patient_H,mean,0,CST7,,,0.795448362827301
patient_H,mean,0,TNF,,,0.41935041546821594
patient_H,mean,0,NEXN,,,0.10838713496923447
patient_H,mean,0,HBB,,,0.1723223775625229
patient_H,mean,0,SP140L,,,0.28505808115005493
patient_H,mean,0,CDKN1C,0.0,,0.5889161229133606
patient_H,mean,0,ITGB1,0.0,,0.366922527551651
patient_H,mean,0,CLDN11,,,0.17683438956737518
patient_H,mean,0,STC2,,,0.31887274980545044
patient_H,mean,0,UGT8,,,0.04957094043493271
patient_H,mean,0,SOX6,,,0.08754705637693405
patient_H,mean,0,PDLIM4,0.0,,0.6235461831092834
patient_H,mean,0,SEPT4,0.0,,0.38445204496383667
patient_H,mean,0,TLR7,,,0.12237465381622314
patient_H,mean,0,EBF1,,,0.2032192498445511
patient_H,mean,0,FMO2,0.0,,0.23996545374393463
patient_H,mean,0,RELN,,,0.11921773850917816
patient_H,mean,0,VTI1A,,,0.2000010460615158
patient_H,pca_ridge,0,PTGDS,0.24625962631136197,0.2477073891346927,1.1770150661468506
patient_H,pca_ridge,0,CD74,0.3216852786382143,0.2750211334989655,1.2411192655563354
patient_H,pca_ridge,0,CCL19,0.1554623901878475,0.12500375221614982,1.5543439388275146
patient_H,pca_ridge,0,COL3A1,0.29132529716413597,0.3324952318036141,0.9510002732276917
patient_H,pca_ridge,0,CXCL14,0.010348158399300825,0.014713811862645625,1.4170565605163574
patient_H,pca_ridge,0,ADH1B,0.10359685433117742,0.06962702693451091,0.6857545375823975
patient_H,pca_ridge,0,TFF3,0.03755044395843655,0.07318100516816227,1.3080183267593384
patient_H,pca_ridge,0,POSTN,0.31223694505734556,0.3516742448045604,0.7715093493461609
patient_H,pca_ridge,0,AQP1,0.1378407300715491,0.170643871077066,0.9744035005569458
patient_H,pca_ridge,0,ISG15,0.15892445094839425,0.15721736590572932,1.4223469495773315
patient_H,pca_ridge,0,FDCSP,0.07855131224444302,0.07451044835028946,0.12149080634117126
patient_H,pca_ridge,0,CFD,0.07647307058781547,0.08471601822023667,1.3482263088226318
patient_H,pca_ridge,0,FABP4,0.1731126291616397,0.13880404285196152,0.750587522983551
patient_H,pca_ridge,0,ADIRF,0.03402523336413652,0.04118009534152087,1.1987956762313843
patient_H,pca_ridge,0,CCL21,0.1720632155150834,0.18336997244332892,0.6878754496574402
patient_H,pca_ridge,0,CD3D,0.206492900957542,0.2364833417940987,0.7403280138969421
patient_H,pca_ridge,0,CLDN5,0.0961712542864724,0.11618605913590224,0.8829838037490845
patient_H,pca_ridge,0,IFIT2,0.0003706928405284491,0.020452397855871773,0.19735494256019592
patient_H,pca_ridge,0,PTN,0.02953067193276598,0.04773643545049599,0.23487602174282074
patient_H,pca_ridge,0,S100B,0.08112093977150421,0.12449991654688206,0.7180713415145874
patient_H,pca_ridge,0,ACTG2,0.07390441977436267,0.12043705493071799,0.5940906405448914
patient_H,pca_ridge,0,FOS,0.1326335575226977,0.15327116124366885,0.6883274912834167
patient_H,pca_ridge,0,ELN,0.00872195920013335,0.04774548178076714,0.35179197788238525
patient_H,pca_ridge,0,NRP1,0.08762835953581542,0.11592071385236431,0.37038618326187134
patient_H,pca_ridge,0,MS4A4A,0.0595433210794154,0.06930105122005797,0.2688053548336029
patient_H,pca_ridge,0,LMOD1,0.07288950651545407,0.09017205729035997,0.3736869990825653
patient_H,pca_ridge,0,HBA2,0.0004153878439734734,0.007178011625952295,0.2034873366355896
patient_H,pca_ridge,0,PPP1R14A,0.041556949897967856,0.06292223731803961,0.46337205171585083
patient_H,pca_ridge,0,SLITRK6,0.011278919397089129,0.014530977594924843,0.07654906064271927
patient_H,pca_ridge,0,ADD3,0.006785603402400462,0.046808242562360276,0.3519073724746704
patient_H,pca_ridge,0,MIA,0.010500598055367294,0.019151060583883345,0.23870272934436798
patient_H,pca_ridge,0,LTF,0.08000337117389046,0.05856016185584218,1.5383148193359375
patient_H,pca_ridge,0,CST7,0.15552138783429992,0.1867627060526059,0.7897524833679199
patient_H,pca_ridge,0,TNF,0.04082076970836307,0.07240149078737508,0.4210171103477478
patient_H,pca_ridge,0,NEXN,0.029313753082864522,0.029754907201749538,0.10671299695968628
patient_H,pca_ridge,0,HBB,0.013994962562860582,0.018579511659328512,0.17362608015537262
patient_H,pca_ridge,0,SP140L,0.07317188916780099,0.1069027858218543,0.28440356254577637
patient_H,pca_ridge,0,CDKN1C,0.05209443554750444,0.0656437612942296,0.5871017575263977
patient_H,pca_ridge,0,ITGB1,0.010647334507528312,0.026886438247784188,0.36847391724586487
patient_H,pca_ridge,0,CLDN11,0.04195765731898658,0.05506286969501276,0.17871180176734924
patient_H,pca_ridge,0,STC2,0.034046326995158,0.066294139900913,0.31352749466896057
patient_H,pca_ridge,0,UGT8,0.022891293493241264,0.02761668776445994,0.04985559359192848
patient_H,pca_ridge,0,SOX6,0.00028124884681947126,0.012195528152316108,0.08788527548313141
patient_H,pca_ridge,0,PDLIM4,0.07877560253970549,0.12930752296965498,0.6203869581222534
patient_H,pca_ridge,0,SEPT4,0.029043335473389355,0.04374272727992008,0.38451287150382996
patient_H,pca_ridge,0,TLR7,0.07298132916231571,0.07660641487479346,0.12086255103349686
patient_H,pca_ridge,0,EBF1,0.026573046303215882,0.0477186255688313,0.20584683120250702
patient_H,pca_ridge,0,FMO2,-0.004317380718196666,0.003519006309701123,0.2402896136045456
patient_H,pca_ridge,0,RELN,-0.0012993131559599711,0.009296449419848928,0.11986888200044632
patient_H,pca_ridge,0,VTI1A,0.024790733090297806,0.04600607309803157,0.197214275598526
patient_H,spatial_knn,0,PTGDS,0.023853133188049,0.012559436100015444,1.2603558566679336
patient_H,spatial_knn,0,CD74,-0.009925131925201157,-0.0390161985709277,1.2560888544047726
patient_H,spatial_knn,0,CCL19,0.007798347719289808,0.010922768010867494,1.6932997625122024
patient_H,spatial_knn,0,COL3A1,0.005292959475497564,-0.003642879419285892,1.5332643482345492
patient_H,spatial_knn,0,CXCL14,0.00878750850258408,-0.0023510153378828854,1.4505983809365819
patient_H,spatial_knn,0,ADH1B,-0.06905407270896988,-0.0702472240730525,0.713933702865818
patient_H,spatial_knn,0,TFF3,-0.0035995271445478827,0.017755143976703004,1.2122962496254315
patient_H,spatial_knn,0,POSTN,-0.02122483657807886,-0.02543881785196751,1.2265569017405251
patient_H,spatial_knn,0,AQP1,-0.014144949903967285,-0.012435501306291733,1.0244311517986264
patient_H,spatial_knn,0,ISG15,-0.012881125548121564,-0.019075726848240816,1.3313031157980784
patient_H,spatial_knn,0,FDCSP,-8.72486046509725e-05,0.01730599210545462,0.1266854623716446
patient_H,spatial_knn,0,CFD,0.00419807334126525,0.012406505923812754,1.406185710658403
patient_H,spatial_knn,0,FABP4,-0.10233797860553244,-0.11582500390095501,0.7931025456607137
patient_H,spatial_knn,0,ADIRF,-0.031849912312007796,-0.006232823364581549,1.2337502990705729
patient_H,spatial_knn,0,CCL21,0.020927399087749956,0.030750993390649826,0.7214460695013828
patient_H,spatial_knn,0,CD3D,0.04513291908752637,0.05409471472677642,0.7635287432513563
patient_H,spatial_knn,0,CLDN5,-0.038285567256049154,-0.018144787435502907,0.9293859508778894
patient_H,spatial_knn,0,IFIT2,0.031244640706527563,0.04124544097702846,0.24536947631999712
patient_H,spatial_knn,0,PTN,-0.002804431561656496,-0.012916342687582376,0.23645401975342642
patient_H,spatial_knn,0,S100B,-0.015408270015253325,-0.027490079871298558,0.7219488887556872
patient_H,spatial_knn,0,ACTG2,0.009348906129634495,0.006635678095225447,0.606789851474653
patient_H,spatial_knn,0,FOS,0.007530295214987757,0.027515057222969975,0.6467360062788938
patient_H,spatial_knn,0,ELN,0.05056362472189487,0.05435844259730136,0.3733330977499116
patient_H,spatial_knn,0,NRP1,0.024457951565269236,0.02968997272663963,0.41457713243251776
patient_H,spatial_knn,0,MS4A4A,0.0003719550996636613,0.0057490880868461686,0.28063920130399533
patient_H,spatial_knn,0,LMOD1,0.0412825555206193,0.03430802702461959,0.38490255457154277
patient_H,spatial_knn,0,HBA2,-0.011741323903965884,-0.0019740996716023293,0.2068398192900349
patient_H,spatial_knn,0,PPP1R14A,0.0026213486554025433,0.025858010844085975,0.473239028377144
patient_H,spatial_knn,0,SLITRK6,-0.014831708929506563,-0.02099786614939366,0.09584359731963588
patient_H,spatial_knn,0,ADD3,0.003364967027501941,0.038438712433532585,0.37959787916712817
patient_H,spatial_knn,0,MIA,-0.002582403466326584,-0.004682600557830596,0.24134974270878573
patient_H,spatial_knn,0,LTF,-0.0035702690570123814,0.004400612135484164,1.809283978103045
patient_H,spatial_knn,0,CST7,-0.003050124871706931,0.0011828778577935156,0.8087915443087617
patient_H,spatial_knn,0,TNF,0.01098169782507686,0.018728527875113914,0.42105482688591755
patient_H,spatial_knn,0,NEXN,0.0006684777681537938,-0.010236582813113682,0.12942570308704907
patient_H,spatial_knn,0,HBB,-0.0154147929484787,-0.024111237142103507,0.17840704896036866
patient_H,spatial_knn,0,SP140L,0.029443722342118287,0.03782814451865196,0.29828805109154805
patient_H,spatial_knn,0,CDKN1C,0.018918966437650758,0.028421317201590794,0.6033127815019176
patient_H,spatial_knn,0,ITGB1,0.025601594543824765,0.01322550597035909,0.37761611511237614
patient_H,spatial_knn,0,CLDN11,-0.007126117991686953,-0.004917417809347583,0.1913630087856011
patient_H,spatial_knn,0,STC2,-0.018898970583360295,-0.031182717907627305,0.36491484124044143
patient_H,spatial_knn,0,UGT8,-0.004991407458609768,-0.006807576519170461,0.054486330911475075
patient_H,spatial_knn,0,SOX6,-0.009957175072524988,-0.012043995366244103,0.09009132750873608
patient_H,spatial_knn,0,PDLIM4,-0.011430196615792716,-0.01378043675677543,0.6341705467064571
patient_H,spatial_knn,0,SEPT4,0.009624604577423883,0.03099078579198727,0.389356280311203
patient_H,spatial_knn,0,TLR7,-0.0017701269066142276,0.004151648594989099,0.13917492081580113
patient_H,spatial_knn,0,EBF1,-0.009984159783163443,-0.015618637268696311,0.21671516113089379
patient_H,spatial_knn,0,FMO2,-0.02823950362839405,-0.02151283695140919,0.2493115362684218
patient_H,spatial_knn,0,RELN,0.042173413206352976,0.052599616389230885,0.1254233227175103
patient_H,spatial_knn,0,VTI1A,0.014285554425323614,0.01727036940240164,0.21737861291890254
random,mean,1,PTGDS,,,0.9985555410385132
random,mean,1,CD74,,,1.1793664693832397
random,mean,1,CCL19,,,0.8869209289550781
random,mean,1,COL3A1,,,1.24808669090271
random,mean,1,CXCL14,,,0.8232622146606445
random,mean,1,ADH1B,,,0.3760097622871399
random,mean,1,TFF3,,,1.3354774713516235
random,mean,1,POSTN,0.0,,1.09586501121521
random,mean,1,AQP1,0.0,,0.770654559135437
random,mean,1,ISG15,,,1.2643324136734009
random,mean,1,FDCSP,0.0,,0.18043552339076996
random,mean,1,CFD,0.0,,0.9367554783821106
random,mean,1,FABP4,,,0.5281007885932922
random,mean,1,ADIRF,0.0,,0.8915351629257202
random,mean,1,CCL21,0.0,,0.6307622194290161
random,mean,1,CD3D,,,0.5746229887008667
random,mean,1,CLDN5,,,0.6349917054176331
random,mean,1,IFIT2,,,0.3370918929576874
random,mean,1,PTN,,,0.21074159443378448
random,mean,1,S100B,0.0,,0.30379554629325867
random,mean,1,ACTG2,0.0,,0.3307720124721527
random,mean,1,FOS,,,0.8123891353607178
random,mean,1,ELN,0.0,,0.4204709231853485
random,mean,1,NRP1,,,0.4210602641105652
random,mean,1,MS4A4A,0.0,,0.28810906410217285
random,mean,1,LMOD1,,,0.31569698452949524
random,mean,1,HBA2,0.0,,0.06018107011914253
random,mean,1,PPP1R14A,0.0,,0.28960826992988586
random,mean,1,SLITRK6,,,0.15236996114253998
random,mean,1,ADD3,,,0.46945950388908386
random,mean,1,MIA,0.0,,0.11476617306470871
random,mean,1,LTF,0.0,,1.1603727340698242
random,mean,1,CST7,,,0.49400922656059265
random,mean,1,TNF,0.0,,0.18233880400657654
random,mean,1,NEXN,0.0,,0.24185098707675934
random,mean,1,HBB,,,0.10645432025194168
random,mean,1,SP140L,,,0.2643018066883087
random,mean,1,CDKN1C,,,0.4355032742023468
random,mean,1,ITGB1,,,0.34368082880973816
random,mean,1,CLDN11,,,0.2429405301809311
random,mean,1,STC2,0.0,,0.48785263299942017
random,mean,1,UGT8,,,0.03467736393213272
random,mean,1,SOX6,0.0,,0.09304186701774597
random,mean,1,PDLIM4,,,0.3790810704231262
random,mean,1,SEPT4,,,0.25354108214378357
random,mean,1,TLR7,0.0,,0.20170645415782928
random,mean,1,EBF1,,,0.19459545612335205
random,mean,1,FMO2,,,0.18500937521457672
random,mean,1,RELN,,,0.09459203481674194
random,mean,1,VTI1A,,,0.303149938583374
random,pca_ridge,1,PTGDS,0.391512759171291,0.3853146627892534,0.9193907976150513
random,pca_ridge,1,CD74,0.6620645230407446,0.6229034143717108,0.8838492035865784
random,pca_ridge,1,CCL19,0.4463485858873834,0.38385618882167366,0.7946922183036804
random,pca_ridge,1,COL3A1,0.6990380475246368,0.6950165286012858,0.8935765027999878
random,pca_ridge,1,CXCL14,0.41703660859939656,0.45324903998618715,0.7486889362335205
random,pca_ridge,1,ADH1B,0.1850238046069893,0.1332823237173743,0.371359646320343
random,pca_ridge,1,TFF3,0.7161367340391726,0.589169500826811,0.9314723610877991
random,pca_ridge,1,POSTN,0.6398135112562169,0.6453054752013127,0.8416301012039185
random,pca_ridge,1,AQP1,0.263045572980754,0.21415634674676684,0.7440926432609558
random,pca_ridge,1,ISG15,0.6671085793218494,0.6480010525222014,0.9424859285354614
random,pca_ridge,1,FDCSP,0.1018952234974299,0.06597641750473132,0.1795855164527893
random,pca_ridge,1,CFD,0.30029562782644437,0.2582076241753304,0.8935166001319885
random,pca_ridge,1,FABP4,0.2884554450766617,0.22114329247997921,0.5062312483787537
random,pca_ridge,1,ADIRF,0.40773152654896794,0.3783113548819239,0.8135490417480469
random,pca_ridge,1,CCL21,0.24005104353041937,0.25364550486067233,0.612946093082428
random,pca_ridge,1,CD3D,0.27881944595162456,0.2925683378182736,0.5519375205039978
random,pca_ridge,1,CLDN5,0.21315054203448225,0.1691286813707687,0.62142014503479
random,pca_ridge,1,IFIT2,0.3200806294701334,0.2460564922307833,0.31935563683509827
random,pca_ridge,1,PTN,0.1945984268950394,0.15055301643134936,0.20970802009105682
random,pca_ridge,1,S100B,0.25038572620131216,0.18317286853292655,0.2941238284111023
random,pca_ridge,1,ACTG2,0.26849850711434947,0.27267557905050427,0.3187280297279358
random,pca_ridge,1,FOS,0.5411857232309941,0.4284886266292141,0.686610996723175
random,pca_ridge,1,ELN,0.21312052255440844,0.25443621493392354,0.4120102822780609
random,pca_ridge,1,NRP1,0.29549249785666776,0.3123154109946938,0.4021141231060028
random,pca_ridge,1,MS4A4A,0.14013624262063942,0.164673801786657,0.28527554869651794
random,pca_ridge,1,LMOD1,0.11131846674895975,0.10507964472685973,0.3148166835308075
random,pca_ridge,1,HBA2,0.01764299051931977,0.024371035850910473,0.06141016259789467
random,pca_ridge,1,PPP1R14A,0.12739627005058782,0.09706118029533777,0.28727760910987854
random,pca_ridge,1,SLITRK6,0.37729137348222413,0.1703722614370785,0.14175625145435333
random,pca_ridge,1,ADD3,0.2871582362478835,0.3346008398521541,0.45004770159721375
random,pca_ridge,1,MIA,0.04759879446554999,0.042415578465365054,0.11506842076778412
random,pca_ridge,1,LTF,0.5313933134981706,0.5263922558966776,0.9833542108535767
random,pca_ridge,1,CST7,0.2668837256222135,0.2782207494673851,0.4761269688606262
random,pca_ridge,1,TNF,0.1109791019298473,0.10473174948883496,0.18176904320716858
random,pca_ridge,1,NEXN,0.11546826735691142,0.1440059623249453,0.24041004478931427
random,pca_ridge,1,HBB,0.050193384374133176,0.03750606291229989,0.10681677609682083
random,pca_ridge,1,SP140L,0.13483078260310927,0.1683308784784336,0.2618812024593353
random,pca_ridge,1,CDKN1C,0.15025517672492994,0.14962762217337827,0.4307378828525543
random,pca_ridge,1,ITGB1,0.14877109143489456,0.2028808112833613,0.34050729870796204
random,pca_ridge,1,CLDN11,0.1500208668665747,0.12267762864422407,0.24021469056606293
random,pca_ridge,1,STC2,0.4434677174898887,0.3414464158092656,0.4372296929359436
random,pca_ridge,1,UGT8,0.07909003926731849,0.07263271771067341,0.03495252877473831
random,pca_ridge,1,SOX6,0.03601903093592285,0.020493349117115492,0.09304627031087875
random,pca_ridge,1,PDLIM4,0.08810759909092801,0.1103054571731403,0.37886443734169006
random,pca_ridge,1,SEPT4,0.1068098559004563,0.0980503059593188,0.2520907521247864
random,pca_ridge,1,TLR7,0.13002138411337905,0.1330636438130316,0.20002776384353638
random,pca_ridge,1,EBF1,0.06286900769399671,0.05545930122248534,0.1959119737148285
random,pca_ridge,1,FMO2,0.022465481695051054,0.023510038361708816,0.1856876164674759
random,pca_ridge,1,RELN,0.08882814702218804,0.053956749490453905,0.09424424171447754
random,pca_ridge,1,VTI1A,0.0988451659907231,0.19269948214237884,0.30175483226776123
random,spatial_knn,1,PTGDS,0.032612392686733535,0.038825776914365936,1.0405429456540676
random,spatial_knn,1,CD74,-0.008420733192412242,-7.303371517785977e-05,1.2451317242793027
random,spatial_knn,1,CCL19,0.032793851060410474,0.034800874619619414,0.9264032242250239
random,spatial_knn,1,COL3A1,0.0698206602999838,0.06656892034864482,1.290700061986706
random,spatial_knn,1,CXCL14,0.09867284082138476,0.057744089906330384,0.842695835497634
random,spatial_knn,1,ADH1B,0.07819712811857042,0.01308156404703631,0.3905133668152451
random,spatial_knn,1,TFF3,0.006551632665293375,-0.020397890842994437,1.4180746127533492
random,spatial_knn,1,POSTN,0.0390654561230079,0.03513725456770337,1.141529691857788
random,spatial_knn,1,AQP1,0.024495737561330718,0.018378400489624983,0.8076436629107281
random,spatial_knn,1,ISG15,-0.02393584950613359,-0.0254140563103175,1.3399517575447746
random,spatial_knn,1,FDCSP,-0.012044791786294749,-0.020495814305178595,0.18989739821995524
random,spatial_knn,1,CFD,0.026600512744133924,0.006977691899181409,0.9841386434392657
random,spatial_knn,1,FABP4,0.06660340070719037,0.02819354908526775,0.5407013562893738
random,spatial_knn,1,ADIRF,0.06565329726506543,0.07723115798576574,0.9244504363923453
random,spatial_knn,1,CCL21,0.08242712188715023,0.04356724156746751,0.6449583230777493
random,spatial_knn,1,CD3D,0.031206818049641746,0.04619454140398383,0.6008166001650982
random,spatial_knn,1,CLDN5,-0.035537132948545304,-0.030561702573779614,0.6762151389957081
random,spatial_knn,1,IFIT2,0.08684473901077833,0.07771210612389197,0.352617868211501
random,spatial_knn,1,PTN,0.08151634731905934,0.023567020775337674,0.2246197790859501
random,spatial_knn,1,S100B,-0.011853479512412066,0.008165866244901721,0.3212978692749958
random,spatial_knn,1,ACTG2,-0.04505232327155322,-0.05308906615709019,0.35048087126289734
random,spatial_knn,1,FOS,0.031187927153265127,0.04243170353510037,0.8444933339906822
random,spatial_knn,1,ELN,0.0037009271710093054,0.00193722356528679,0.4401295196519475
random,spatial_knn,1,NRP1,0.005772222025665712,0.02666173392619609,0.44800563563375784
random,spatial_knn,1,MS4A4A,0.008504157164447912,0.03077649688333864,0.3001067062564035
random,spatial_knn,1,LMOD1,0.022575167641135492,0.004412370509403801,0.33309744490026105
random,spatial_knn,1,HBA2,-0.006055733746398567,-0.008565691892106085,0.07374701363705073
random,spatial_knn,1,PPP1R14A,-0.029220267306386993,0.0021125929418697375,0.30576618043294995
random,spatial_knn,1,SLITRK6,0.056238571091365125,0.08506627041299117,0.16283322355923477
random,spatial_knn,1,ADD3,-0.001728267547887581,0.035822380401040445,0.49530042511331945
random,spatial_knn,1,MIA,0.058754111498325275,0.03060984660363196,0.11798298160362661
random,spatial_knn,1,LTF,0.10192946979111256,0.08195262224434079,1.1898645254653144
random,spatial_knn,1,CST7,0.029654605717789884,0.03494143005187718,0.5131535276281958
random,spatial_knn,1,TNF,0.1413342710513723,0.135093213660306,0.1846570857612665
random,spatial_knn,1,NEXN,-0.023446618555681437,-0.011130473839665436,0.25482279961473386
random,spatial_knn,1,HBB,-0.014355912441362122,-0.024662224924137707,0.11715137867815577
random,spatial_knn,1,SP140L,0.054796859493029725,0.01950717230460511,0.2764633550418379
random,spatial_knn,1,CDKN1C,0.044551984191109624,0.032958066686434306,0.45353389864241045
random,spatial_knn,1,ITGB1,0.03853869082238063,-0.03594334447500342,0.3601713296141483
random,spatial_knn,1,CLDN11,0.0003980338033815084,0.02069482053788252,0.25874638722001553
random,spatial_knn,1,STC2,-0.007706290724748081,0.007629237021317673,0.5153236419911913
random,spatial_knn,1,UGT8,-0.010003288205064872,-0.012413693011069945,0.03857306439982111
random,spatial_knn,1,SOX6,-0.017397566170082382,-0.024825398455449663,0.09672107840076219
random,spatial_knn,1,PDLIM4,-0.0030026532771083086,-0.005641525151662845,0.3955631677146075
random,spatial_knn,1,SEPT4,0.011382467812202512,-0.0007977684913988466,0.26630590945069366
random,spatial_knn,1,TLR7,0.022368415602147113,-0.01674784734058905,0.2069693837688819
random,spatial_knn,1,EBF1,-0.009139830636757608,-0.0004947589898206234,0.20578296030844564
random,spatial_knn,1,FMO2,-0.011643846904723322,-0.002341488059977014,0.19254767728065036
random,spatial_knn,1,RELN,0.10642123403318499,0.06204689253674546,0.09875560392026127
random,spatial_knn,1,VTI1A,0.03392582782812423,0.036391897345714005,0.31354072037646524
matched_hop0,mean,1,PTGDS,,,1.0414721965789795
matched_hop0,mean,1,CD74,,,1.1954513788223267
matched_hop0,mean,1,CCL19,0.0,,0.9212877750396729
matched_hop0,mean,1,COL3A1,0.0,,1.2406638860702515
matched_hop0,mean,1,CXCL14,,,0.8145439624786377
matched_hop0,mean,1,ADH1B,0.0,,0.37342870235443115
matched_hop0,mean,1,TFF3,0.0,,1.3263550996780396
matched_hop0,mean,1,POSTN,,,1.095838189125061
matched_hop0,mean,1,AQP1,0.0,,0.7415833473205566
matched_hop0,mean,1,ISG15,,,1.249157190322876
matched_hop0,mean,1,FDCSP,0.0,,0.19955158233642578
matched_hop0,mean,1,CFD,0.0,,0.9759700894355774
matched_hop0,mean,1,FABP4,,,0.39678966999053955
matched_hop0,mean,1,ADIRF,0.0,,0.8746506571769714
matched_hop0,mean,1,CCL21,,,0.6378372311592102
matched_hop0,mean,1,CD3D,,,0.6241225004196167
matched_hop0,mean,1,CLDN5,0.0,,0.6625548005104065
matched_hop0,mean,1,IFIT2,,,0.29562848806381226
matched_hop0,mean,1,PTN,,,0.2414139062166214
matched_hop0,mean,1,S100B,0.0,,0.3237660825252533
matched_hop0,mean,1,ACTG2,,,0.29643914103507996
matched_hop0,mean,1,FOS,0.0,,0.7181036472320557
matched_hop0,mean,1,ELN,,,0.3978422284126282
matched_hop0,mean,1,NRP1,,,0.46394723653793335
matched_hop0,mean,1,MS4A4A,,,0.273026704788208
matched_hop0,mean,1,LMOD1,0.0,,0.31061530113220215
matched_hop0,mean,1,HBA2,,,0.14292117953300476
matched_hop0,mean,1,PPP1R14A,0.0,,0.31161102652549744
matched_hop0,mean,1,SLITRK6,,,0.18380162119865417
matched_hop0,mean,1,ADD3,0.0,,0.4260825514793396
matched_hop0,mean,1,MIA,,,0.11350449174642563
matched_hop0,mean,1,LTF,0.0,,1.1321486234664917
matched_hop0,mean,1,CST7,0.0,,0.4907878637313843
matched_hop0,mean,1,TNF,,,0.18276746571063995
matched_hop0,mean,1,NEXN,,,0.2436409294605255
matched_hop0,mean,1,HBB,,,0.11033661663532257
matched_hop0,mean,1,SP140L,,,0.27850717306137085
matched_hop0,mean,1,CDKN1C,,,0.4463718831539154
matched_hop0,mean,1,ITGB1,,,0.36170756816864014
matched_hop0,mean,1,CLDN11,0.0,,0.2459154725074768
matched_hop0,mean,1,STC2,,,0.5200280547142029
matched_hop0,mean,1,UGT8,,,0.07678718119859695
matched_hop0,mean,1,SOX6,,,0.08158935606479645
matched_hop0,mean,1,PDLIM4,0.0,,0.38614344596862793
matched_hop0,mean,1,SEPT4,0.0,,0.24600419402122498
matched_hop0,mean,1,TLR7,0.0,,0.18573379516601562
matched_hop0,mean,1,EBF1,,,0.25885269045829773
matched_hop0,mean,1,FMO2,,,0.13982419669628143
matched_hop0,mean,1,RELN,,,0.12071698904037476
matched_hop0,mean,1,VTI1A,0.0,,0.2788335978984833
matched_hop0,pca_ridge,1,PTGDS,0.4347767986708029,0.4385462154888645,0.9352772235870361
matched_hop0,pca_ridge,1,CD74,0.70544604680958,0.6821800447713557,0.8459846377372742
matched_hop0,pca_ridge,1,CCL19,0.5153134273958614,0.45170062065103733,0.7902930974960327
matched_hop0,pca_ridge,1,COL3A1,0.717047812592964,0.7081003208082545,0.8654163479804993
matched_hop0,pca_ridge,1,CXCL14,0.45796244110510287,0.49228175857176854,0.7243578433990479
matched_hop0,pca_ridge,1,ADH1B,0.16485235507064472,0.13440756773121829,0.3717253804206848
matched_hop0,pca_ridge,1,TFF3,0.7531434269791489,0.6309910463543001,0.873807430267334
matched_hop0,pca_ridge,1,POSTN,0.6398911515177503,0.645104527456502,0.8419201970100403
matched_hop0,pca_ridge,1,AQP1,0.24142377892971795,0.21740884350851944,0.7244196534156799
matched_hop0,pca_ridge,1,ISG15,0.6563693245972477,0.6271963278858413,0.9435544610023499
matched_hop0,pca_ridge,1,FDCSP,0.07538719825748048,0.07575191142521116,0.19931940734386444
matched_hop0,pca_ridge,1,CFD,0.3134723729410923,0.2691611530307378,0.9267275929450989
matched_hop0,pca_ridge,1,FABP4,0.20161373417657227,0.1537675097440387,0.3973299264907837
matched_hop0,pca_ridge,1,ADIRF,0.3482415665175815,0.3120203521882624,0.821402907371521
matched_hop0,pca_ridge,1,CCL21,0.2835934703940205,0.29553715129781294,0.6113246083259583
matched_hop0,pca_ridge,1,CD3D,0.29755233414831583,0.3222550492715764,0.5956479907035828
matched_hop0,pca_ridge,1,CLDN5,0.23804632239733775,0.21113426443827707,0.6437403559684753
matched_hop0,pca_ridge,1,IFIT2,0.1666842791847244,0.16336166858982845,0.2931959331035614
matched_hop0,pca_ridge,1,PTN,0.18616722848634198,0.13518491017238,0.2405732274055481
matched_hop0,pca_ridge,1,S100B,0.2310479762319509,0.16885262476811416,0.31502026319503784
matched_hop0,pca_ridge,1,ACTG2,0.23238261406841054,0.265483126611453,0.2900161147117615
matched_hop0,pca_ridge,1,FOS,0.4273639965153412,0.35743099243331583,0.6586321592330933
matched_hop0,pca_ridge,1,ELN,0.2400774007218039,0.2542783729411455,0.3875127136707306
matched_hop0,pca_ridge,1,NRP1,0.24429267687716466,0.26435262124134185,0.45007556676864624
matched_hop0,pca_ridge,1,MS4A4A,0.13534914547496366,0.142224187068173,0.2705134153366089
matched_hop0,pca_ridge,1,LMOD1,0.12064451514882688,0.11930825649200028,0.309666246175766
matched_hop0,pca_ridge,1,HBA2,0.01723760576225516,0.003205236269410217,0.14328202605247498
matched_hop0,pca_ridge,1,PPP1R14A,0.11884045872150288,0.106624321678854,0.30956125259399414
matched_hop0,pca_ridge,1,SLITRK6,0.26842915357656716,0.17863781515904206,0.1775503158569336
matched_hop0,pca_ridge,1,ADD3,0.32723125535620595,0.3657436264571024,0.4028070867061615
matched_hop0,pca_ridge,1,MIA,0.061830186261933276,0.055962155933945414,0.11378122866153717
matched_hop0,pca_ridge,1,LTF,0.530414608513635,0.5248022308448236,0.9610193371772766
matched_hop0,pca_ridge,1,CST7,0.24175849639647698,0.24818276852608367,0.4764983057975769
matched_hop0,pca_ridge,1,TNF,0.12174137339586091,0.09415382705042573,0.18170231580734253
matched_hop0,pca_ridge,1,NEXN,0.11548590178390068,0.14367101066745458,0.24218420684337616
matched_hop0,pca_ridge,1,HBB,0.006125334273227347,0.012758746054314166,0.11169638484716415
matched_hop0,pca_ridge,1,SP140L,0.09183799141826511,0.1123265549302588,0.2779119312763214
matched_hop0,pca_ridge,1,CDKN1C,0.11824250103441017,0.0974249337054842,0.4444953203201294
matched_hop0,pca_ridge,1,ITGB1,0.17512914877059016,0.2305514359347423,0.35635116696357727
matched_hop0,pca_ridge,1,CLDN11,0.1377671711010251,0.13285636056879652,0.24380961060523987
matched_hop0,pca_ridge,1,STC2,0.4530569106832554,0.3446286835096372,0.4648347496986389
matched_hop0,pca_ridge,1,UGT8,0.06640763456035045,0.08078825412623768,0.07668660581111908
matched_hop0,pca_ridge,1,SOX6,-0.006071988982304904,-0.014035557335833008,0.08223070949316025
matched_hop0,pca_ridge,1,PDLIM4,0.10608873910531842,0.11240702511025095,0.3850553035736084
matched_hop0,pca_ridge,1,SEPT4,0.03436428292661243,0.04031718429340972,0.24705490469932556
matched_hop0,pca_ridge,1,TLR7,0.1405852154261923,0.13864355468233674,0.18401728570461273
matched_hop0,pca_ridge,1,EBF1,0.10899837231709963,0.10058274066612655,0.257332444190979
matched_hop0,pca_ridge,1,FMO2,0.0325586317568551,0.032318711647311336,0.14080201089382172
matched_hop0,pca_ridge,1,RELN,0.05677908645837122,0.047846825786573746,0.12056062370538712
matched_hop0,pca_ridge,1,VTI1A,0.0958916620812802,0.15863227894346948,0.27786150574684143
matched_hop0,spatial_knn,1,PTGDS,0.013772914185655145,0.013022626694723753,1.1255458012185418
matched_hop0,spatial_knn,1,CD74,0.051014665897074735,0.07128735173659248,1.2467072080914654
matched_hop0,spatial_knn,1,CCL19,0.045526212634918996,0.0068251646436734,0.9447034387875521
matched_hop0,spatial_knn,1,COL3A1,0.04675304917047261,0.03597474085089228,1.3341563962175873
matched_hop0,spatial_knn,1,CXCL14,-0.006304130610045425,-0.0049723297585506305,0.8822119185230138
matched_hop0,spatial_knn,1,ADH1B,0.016625786767815065,0.007701991326240453,0.41304207451496155
matched_hop0,spatial_knn,1,TFF3,-0.0091870679379319,-0.008568229029555617,1.5805047980650726
matched_hop0,spatial_knn,1,POSTN,0.012107262173252538,0.01542553536763406,1.1893365645864742
matched_hop0,spatial_knn,1,AQP1,-0.0022855384215186847,-0.006479365436881409,0.7705480423105071
matched_hop0,spatial_knn,1,ISG15,0.002930999626001637,0.0016644658808570806,1.3114126767791943
matched_hop0,spatial_knn,1,FDCSP,0.08063165341582731,0.07463461837159703,0.20017915401655248
matched_hop0,spatial_knn,1,CFD,-0.002912101801056816,-0.004999243315826841,1.0119750480422853
matched_hop0,spatial_knn,1,FABP4,0.04095069176924176,0.024799198093585342,0.47730903047257667
matched_hop0,spatial_knn,1,ADIRF,0.002447136709577848,-0.011277253937895386,0.9133244199535356
matched_hop0,spatial_knn,1,CCL21,0.003799238573573645,-0.0029447620805181604,0.6615032351199329
matched_hop0,spatial_knn,1,CD3D,-0.006092950518888111,-0.006702342650301931,0.65055580662092
matched_hop0,spatial_knn,1,CLDN5,-0.0056574105424446455,-0.0037055405843557116,0.6873733150835147
matched_hop0,spatial_knn,1,IFIT2,0.03872705273138967,0.04153779636439266,0.3149915331712967
matched_hop0,spatial_knn,1,PTN,0.03099476171750734,0.01837202862294293,0.3192418143704717
matched_hop0,spatial_knn,1,S100B,0.034447823913825615,0.03116211094881645,0.33189158869913754
matched_hop0,spatial_knn,1,ACTG2,-0.008256331069023954,0.002056266905062539,0.32498053309879815
matched_hop0,spatial_knn,1,FOS,0.06539363753820604,0.06179675652194483,0.7443933909808612
matched_hop0,spatial_knn,1,ELN,-0.0023696378553471117,0.01157587789709927,0.4254826883127416
matched_hop0,spatial_knn,1,NRP1,0.05315592951597562,0.06698851920716692,0.4740891531613542
matched_hop0,spatial_knn,1,MS4A4A,0.02634952014702166,0.04433827615346035,0.2777792245575281
matched_hop0,spatial_knn,1,LMOD1,0.014329212612308842,0.013308557437347344,0.3193877550848067
matched_hop0,spatial_knn,1,HBA2,-0.008383813235130221,0.0008165943890533161,0.15156794761244669
matched_hop0,spatial_knn,1,PPP1R14A,0.007507037022058972,0.00848242795348765,0.3222837013073901
matched_hop0,spatial_knn,1,SLITRK6,0.004000583149362994,0.027109074061129227,0.1859377639673685
matched_hop0,spatial_knn,1,ADD3,-0.005778032340375197,-0.0015287226538477673,0.456138054436459
matched_hop0,spatial_knn,1,MIA,0.010814173388187145,-0.004215147226399166,0.13538936252943035
matched_hop0,spatial_knn,1,LTF,0.04134523234651538,0.00950361542393521,1.3655985816603577
matched_hop0,spatial_knn,1,CST7,0.036322676928865635,0.04505713386659792,0.501739378337509
matched_hop0,spatial_knn,1,TNF,-0.030388968367271074,-0.021428525599424746,0.18720091606717298
matched_hop0,spatial_knn,1,NEXN,-0.030676065442061157,-0.02772075964143414,0.24912890118203002
matched_hop0,spatial_knn,1,HBB,-0.011057021851271323,-0.0010175467005041976,0.12380777040686355
matched_hop0,spatial_knn,1,SP140L,-0.001922327017708341,-0.006369668505806847,0.2864126626905823
matched_hop0,spatial_knn,1,CDKN1C,-0.0026687175334537384,0.00932884313068136,0.46645300478753715
matched_hop0,spatial_knn,1,ITGB1,0.03990819537137322,0.022929595989375124,0.3748278191869383
matched_hop0,spatial_knn,1,CLDN11,0.04066312621108485,0.03150717343141637,0.24912489387388564
matched_hop0,spatial_knn,1,STC2,0.03970026883882154,0.025793528674766027,0.556543202247499
matched_hop0,spatial_knn,1,UGT8,0.01347320852727538,0.006829854215805336,0.07722848069213128
matched_hop0,spatial_knn,1,SOX6,2.0058587136647342e-05,0.0017966440668305986,0.08317947330316185
matched_hop0,spatial_knn,1,PDLIM4,-0.009066564453234996,-0.010084886197817352,0.3996965885279354
matched_hop0,spatial_knn,1,SEPT4,0.00472882643297444,0.002880952820938331,0.25168639406161725
matched_hop0,spatial_knn,1,TLR7,0.0023039587422879946,0.018656464146830445,0.18967522493229766
matched_hop0,spatial_knn,1,EBF1,-0.011807693896647226,-0.007263579006262264,0.27470428300814814
matched_hop0,spatial_knn,1,FMO2,0.002980514107025777,0.002193069449583341,0.15477145730237252
matched_hop0,spatial_knn,1,RELN,-0.015016953686434974,-0.00035778970027365223,0.13458198090616935
matched_hop0,spatial_knn,1,VTI1A,-0.00890951045800421,0.0056018123667926365,0.28469264956029416
random,mean,2,PTGDS,,,0.9516162276268005
random,mean,2,CD74,0.0,,1.1850403547286987
random,mean,2,CCL19,,,0.8741499185562134
random,mean,2,COL3A1,,,1.2538585662841797
random,mean,2,CXCL14,0.0,,0.8448725342750549
random,mean,2,ADH1B,,,0.442681223154068
random,mean,2,TFF3,0.0,,1.4016461372375488
random,mean,2,POSTN,,,1.094475269317627
random,mean,2,AQP1,0.0,,0.7616007924079895
random,mean,2,ISG15,,,1.2518082857131958
random,mean,2,FDCSP,,,0.16416245698928833
random,mean,2,CFD,,,0.9058664441108704
random,mean,2,FABP4,,,0.4220546782016754
random,mean,2,ADIRF,,,0.9095098972320557
random,mean,2,CCL21,0.0,,0.6130248308181763
random,mean,2,CD3D,,,0.541179895401001
random,mean,2,CLDN5,,,0.6808736324310303
random,mean,2,IFIT2,,,0.3801611065864563
random,mean,2,PTN,,,0.3054344356060028
random,mean,2,S100B,0.0,,0.31763672828674316
random,mean,2,ACTG2,,,0.3090773820877075
random,mean,2,FOS,0.0,,0.7546383738517761
random,mean,2,ELN,,,0.41130581498146057
random,mean,2,NRP1,,,0.4445575177669525
random,mean,2,MS4A4A,,,0.2876918613910675
random,mean,2,LMOD1,,,0.34966394305229187
random,mean,2,HBA2,0.0,,0.15254536271095276
random,mean,2,PPP1R14A,0.0,,0.2950612008571625
random,mean,2,SLITRK6,,,0.20332632958889008
random,mean,2,ADD3,,,0.46046683192253113
random,mean,2,MIA,,,0.11947966367006302
random,mean,2,LTF,,,1.1269078254699707
random,mean,2,CST7,,,0.4736086428165436
random,mean,2,TNF,,,0.19174766540527344
random,mean,2,NEXN,,,0.18295826017856598
random,mean,2,HBB,,,0.13287962973117828
random,mean,2,SP140L,,,0.272616982460022
random,mean,2,CDKN1C,0.0,,0.4207434356212616
random,mean,2,ITGB1,,,0.3751106560230255
random,mean,2,CLDN11,,,0.283492773771286
random,mean,2,STC2,,,0.47861525416374207
random,mean,2,UGT8,,,0.10486602038145065
random,mean,2,SOX6,0.0,,0.07159502804279327
random,mean,2,PDLIM4,,,0.3995737135410309
random,mean,2,SEPT4,0.0,,0.23055242002010345
random,mean,2,TLR7,0.0,,0.17862476408481598
random,mean,2,EBF1,0.0,,0.2160438895225525
random,mean,2,FMO2,,,0.19048263132572174
random,mean,2,RELN,0.0,,0.038450099527835846
random,mean,2,VTI1A,,,0.26350921392440796
random,pca_ridge,2,PTGDS,0.4147406456392344,0.4152177420475837,0.8663812875747681
random,pca_ridge,2,CD74,0.6552398813071996,0.6321845838491147,0.8954766392707825
random,pca_ridge,2,CCL19,0.46303989432990056,0.3999340828936441,0.7750011086463928
random,pca_ridge,2,COL3A1,0.748243120734965,0.739980010422176,0.8320809602737427
random,pca_ridge,2,CXCL14,0.4561052560521312,0.4858359287158765,0.7524171471595764
random,pca_ridge,2,ADH1B,0.1773769021847305,0.15076359685365007,0.4360986351966858
random,pca_ridge,2,TFF3,0.7495221339305802,0.6433630211233129,0.9296863675117493
random,pca_ridge,2,POSTN,0.6502794248423466,0.6536638282466571,0.8319175243377686
random,pca_ridge,2,AQP1,0.3174160234202327,0.27007971022086313,0.7220048904418945
random,pca_ridge,2,ISG15,0.6197535716740559,0.5993051071390816,0.983959436416626
random,pca_ridge,2,FDCSP,0.09970684095548528,0.05871097860139919,0.16348616778850555
random,pca_ridge,2,CFD,0.28395299921023315,0.23442161302368503,0.8687386512756348
random,pca_ridge,2,FABP4,0.19692353537704912,0.15736491441183695,0.41655462980270386
random,pca_ridge,2,ADIRF,0.3555503501223231,0.3380468960396953,0.851313591003418
random,pca_ridge,2,CCL21,0.27385853209279293,0.2966298666898374,0.5895874500274658
random,pca_ridge,2,CD3D,0.2781347203173265,0.3026322707677212,0.5200783610343933
random,pca_ridge,2,CLDN5,0.24533426097825592,0.2081216725467817,0.6602343916893005
random,pca_ridge,2,IFIT2,0.3420181419432678,0.25260191675110505,0.3577498197555542
random,pca_ridge,2,PTN,0.29201080781281996,0.19524650147595618,0.2932141125202179
random,pca_ridge,2,S100B,0.24867709533070814,0.17631497449054812,0.307689368724823
random,pca_ridge,2,ACTG2,0.2831233090933849,0.2724310884064036,0.2964167594909668
random,pca_ridge,2,FOS,0.5068359165544735,0.42663439496344074,0.6505480408668518
random,pca_ridge,2,ELN,0.3090051472808141,0.3303841117932331,0.39126452803611755
random,pca_ridge,2,NRP1,0.2500494681044175,0.2983428408805271,0.4309230148792267
random,pca_ridge,2,MS4A4A,0.11240207003948702,0.16980695514118746,0.2861061692237854
random,pca_ridge,2,LMOD1,0.14645555755798975,0.16672606005539914,0.346077024936676
random,pca_ridge,2,HBA2,0.010408694943840373,-0.002258057508807949,0.15298722684383392
random,pca_ridge,2,PPP1R14A,0.07147615553013865,0.07836943421201155,0.2954583764076233
random,pca_ridge,2,SLITRK6,0.35935700796269215,0.23157108969310217,0.18980121612548828
random,pca_ridge,2,ADD3,0.33283397185076186,0.3679776279770013,0.4346027970314026
random,pca_ridge,2,MIA,0.13642407567894427,0.09394343307616601,0.11836287379264832
random,pca_ridge,2,LTF,0.5611563837290813,0.5398306425600875,0.9326563477516174
random,pca_ridge,2,CST7,0.20248071870466994,0.21006118961752218,0.46494317054748535
random,pca_ridge,2,TNF,0.16227749199388544,0.12877583855465322,0.18920831382274628
random,pca_ridge,2,NEXN,0.21042905473099574,0.194011132128689,0.17889657616615295
random,pca_ridge,2,HBB,0.06803323717679861,0.0543293607965782,0.13269051909446716
random,pca_ridge,2,SP140L,0.12057124231584619,0.1514787259867984,0.270786851644516
random,pca_ridge,2,CDKN1C,0.1549075601005715,0.15364358584415805,0.41571900248527527
random,pca_ridge,2,ITGB1,0.19839890512427005,0.24924100052960224,0.3676382601261139
random,pca_ridge,2,CLDN11,0.14693448711119117,0.16091321610881718,0.2804160714149475
random,pca_ridge,2,STC2,0.4271256317869422,0.3437074389622129,0.43319758772850037
random,pca_ridge,2,UGT8,0.07563325693849923,0.10387826506156086,0.10456843674182892
random,pca_ridge,2,SOX6,0.016863342780148043,0.030200269470836063,0.07192548364400864
random,pca_ridge,2,PDLIM4,0.12873512389351838,0.14854831330593027,0.3963882029056549
random,pca_ridge,2,SEPT4,0.05571385591953052,0.03969368314682375,0.2305106818675995
random,pca_ridge,2,TLR7,0.14164229681580515,0.14899074512250102,0.17685841023921967
random,pca_ridge,2,EBF1,0.11336252138193402,0.08717631284493405,0.21477964520454407
random,pca_ridge,2,FMO2,0.05835628294282934,0.04916665425968811,0.1903134286403656
random,pca_ridge,2,RELN,0.02678647167955735,0.04137983767068394,0.03970988839864731
random,pca_ridge,2,VTI1A,0.1114450950371524,0.18662835534385527,0.2620212137699127
random,spatial_knn,2,PTGDS,0.01505648287619351,0.025118411646882072,1.0071743260487258
random,spatial_knn,2,CD74,-0.02743895461364587,-0.016720670738325928,1.2630320876819943
random,spatial_knn,2,CCL19,0.016670275226821612,0.004003483624818358,0.920202342634056
random,spatial_knn,2,COL3A1,0.11678364757595461,0.09679188121461824,1.2800039166345014
random,spatial_knn,2,CXCL14,0.04861547071375006,0.01961292867042584,0.8760878099388348
random,spatial_knn,2,ADH1B,0.07745981083415153,-0.0010368012344305825,0.4550944215062371
random,spatial_knn,2,TFF3,0.08245115344443704,0.03547003053569244,1.443060079807264
random,spatial_knn,2,POSTN,0.04458500916572591,0.02996955732439243,1.138810898649652
random,spatial_knn,2,AQP1,-0.024944465755007104,-0.032807097327689015,0.8144098370653516
random,spatial_knn,2,ISG15,-0.036392801808949084,-0.039802811431556895,1.3300630972038876
random,spatial_knn,2,FDCSP,-0.011803015879739783,-0.021174439040980972,0.17932154879722673
random,spatial_knn,2,CFD,0.00040454148211568365,-0.021774683547209815,0.9588904292287735
random,spatial_knn,2,FABP4,-0.002811533822607476,-0.012077661979955068,0.45364668795542046
random,spatial_knn,2,ADIRF,0.00043767154894712267,0.017950896009992962,0.9639565153329377
random,spatial_knn,2,CCL21,0.00538352193759729,0.02551232657335093,0.6460746527133988
random,spatial_knn,2,CD3D,0.013563465981231749,0.05192135721490215,0.5766168144652308
random,spatial_knn,2,CLDN5,-0.008744037637371688,-0.028404657805413503,0.7162770871030365
random,spatial_knn,2,IFIT2,0.09482604934527891,0.09366935800711153,0.38823314397834674
random,spatial_knn,2,PTN,-0.009744313386323021,-0.008353263893823825,0.3256319322709002
random,spatial_knn,2,S100B,-0.013168656569349842,-0.006453776046727101,0.33229866277777503
random,spatial_knn,2,ACTG2,0.007435656887408282,0.022872708522893394,0.32609264376631875
random,spatial_knn,2,FOS,0.020763616001267762,-0.004918338554567098,0.7996552795335262
random,spatial_knn,2,ELN,-0.015720224917483348,-0.035634274887868245,0.43616100142156783
random,spatial_knn,2,NRP1,0.059258338644622134,0.09126647998393425,0.4597703829538938
random,spatial_knn,2,MS4A4A,-0.02186651191069304,-0.01049830426716638,0.3042346874688739
random,spatial_knn,2,LMOD1,-0.023191634979507027,0.00030348811395845826,0.36967915324858264
random,spatial_knn,2,HBA2,0.01940212151407539,0.018450482559288835,0.15662936624727478
random,spatial_knn,2,PPP1R14A,-0.029193749720800913,-0.006373491540192705,0.31700403593125237
random,spatial_knn,2,SLITRK6,0.05699749422054282,0.13338902467864944,0.2094933230119821
random,spatial_knn,2,ADD3,0.08211157785545006,0.08952747966416962,0.4709624041966368
random,spatial_knn,2,MIA,0.02019710705510787,0.016230683474762798,0.1288539682268826
random,spatial_knn,2,LTF,0.05641247020690613,0.046013459767103415,1.175744275231404
random,spatial_knn,2,CST7,-0.0007386544198939279,0.009375168020059348,0.4990067480108511
random,spatial_knn,2,TNF,-0.00018803209633719604,0.023742426153515954,0.20536466130348455
random,spatial_knn,2,NEXN,0.018899277722502397,0.003427625049790582,0.19232840644742505
random,spatial_knn,2,HBB,-0.014145309917816852,-0.02375015998541223,0.1407838625582027
random,spatial_knn,2,SP140L,0.07674130113234705,0.0729734757840113,0.28380297048381636
random,spatial_knn,2,CDKN1C,-0.0025894953890202533,0.0115963735051681,0.4472292669435152
random,spatial_knn,2,ITGB1,0.027379330814542937,0.013675851989029975,0.3861631649340091
random,spatial_knn,2,CLDN11,-0.02911150210232151,-0.00323999830838128,0.2965984093573154
random,spatial_knn,2,STC2,0.019011705795240464,0.05186715662587326,0.5018200662688418
random,spatial_knn,2,UGT8,-0.009517203281354629,-0.020186780262893535,0.10867566719065012
random,spatial_knn,2,SOX6,-0.009402991809033298,-0.015014996857524157,0.0775560228357171
random,spatial_knn,2,PDLIM4,-0.005621241917926015,-0.035302887923878985,0.4182019635187933
random,spatial_knn,2,SEPT4,0.029024175469046745,0.042473748981191835,0.24242527263790617
random,spatial_knn,2,TLR7,-0.026099007149854508,-0.007272753392487985,0.18809816172917476
random,spatial_knn,2,EBF1,0.016408508307075992,0.0017671743316771073,0.23199940443192096
random,spatial_knn,2,FMO2,0.07265605405435287,0.02017415721346918,0.19443303697758574
random,spatial_knn,2,RELN,-0.009048558634567177,-0.016460096287180453,0.05813104502496763
random,spatial_knn,2,VTI1A,-0.024926579072717475,-0.0064699902303257785,0.2800762246214106
matched_hop0,mean,2,PTGDS,,,1.0433611869812012
matched_hop0,mean,2,CD74,0.0,,1.197922945022583
matched_hop0,mean,2,CCL19,,,0.9213472604751587
matched_hop0,mean,2,COL3A1,,,1.2406851053237915
matched_hop0,mean,2,CXCL14,0.0,,0.8145320415496826
matched_hop0,mean,2,ADH1B,0.0,,0.37315991520881653
matched_hop0,mean,2,TFF3,0.0,,1.3270020484924316
matched_hop0,mean,2,POSTN,,,1.0960478782653809
matched_hop0,mean,2,AQP1,,,0.7416360378265381
matched_hop0,mean,2,ISG15,,,1.2507177591323853
matched_hop0,mean,2,FDCSP,,,0.19956572353839874
matched_hop0,mean,2,CFD,,,0.9772355556488037
matched_hop0,mean,2,FABP4,,,0.3957563042640686
matched_hop0,mean,2,ADIRF,,,0.8749749064445496
matched_hop0,mean,2,CCL21,,,0.6377353072166443
matched_hop0,mean,2,CD3D,,,0.6253366470336914
matched_hop0,mean,2,CLDN5,,,0.662625789642334
matched_hop0,mean,2,IFIT2,,,0.2972314953804016
matched_hop0,mean,2,PTN,,,0.24136042594909668
matched_hop0,mean,2,S100B,0.0,,0.32375368475914
matched_hop0,mean,2,ACTG2,,,0.29644978046417236
matched_hop0,mean,2,FOS,,,0.7184104323387146
matched_hop0,mean,2,ELN,0.0,,0.39781689643859863
matched_hop0,mean,2,NRP1,,,0.46395087242126465
matched_hop0,mean,2,MS4A4A,0.0,,0.27307307720184326
matched_hop0,mean,2,LMOD1,0.0,,0.3105340898036957
matched_hop0,mean,2,HBA2,0.0,,0.14292259514331818
matched_hop0,mean,2,PPP1R14A,,,0.31160932779312134
matched_hop0,mean,2,SLITRK6,0.0,,0.18380525708198547
matched_hop0,mean,2,ADD3,0.0,,0.4260144531726837
matched_hop0,mean,2,MIA,0.0,,0.11352556198835373
matched_hop0,mean,2,LTF,,,1.1324039697647095
matched_hop0,mean,2,CST7,,,0.4908815324306488
matched_hop0,mean,2,TNF,,,0.1827724575996399
matched_hop0,mean,2,NEXN,,,0.2436266839504242
matched_hop0,mean,2,HBB,0.0,,0.11034634709358215
matched_hop0,mean,2,SP140L,,,0.2785089612007141
matched_hop0,mean,2,CDKN1C,,,0.44643449783325195
matched_hop0,mean,2,ITGB1,,,0.3616796135902405
matched_hop0,mean,2,CLDN11,,,0.24591492116451263
matched_hop0,mean,2,STC2,0.0,,0.5199078321456909
matched_hop0,mean,2,UGT8,0.0,,0.07678785920143127
matched_hop0,mean,2,SOX6,,,0.0815754383802414
matched_hop0,mean,2,PDLIM4,,,0.38615745306015015
matched_hop0,mean,2,SEPT4,,,0.24600553512573242
matched_hop0,mean,2,TLR7,,,0.1857239156961441
matched_hop0,mean,2,EBF1,0.0,,0.2588326930999756
matched_hop0,mean,2,FMO2,,,0.13986989855766296
matched_hop0,mean,2,RELN,,,0.12071407586336136
matched_hop0,mean,2,VTI1A,,,0.2788306176662445
matched_hop0,pca_ridge,2,PTGDS,0.43457621130519386,0.4370977702477989,0.9360073804855347
matched_hop0,pca_ridge,2,CD74,0.7039613141290215,0.6805767469479239,0.84797203540802
matched_hop0,pca_ridge,2,CCL19,0.5183993927659267,0.45190613040472877,0.787321925163269
matched_hop0,pca_ridge,2,COL3A1,0.7150689849454435,0.7063042565945766,0.8681387901306152
matched_hop0,pca_ridge,2,CXCL14,0.4505036550457908,0.4906272371255341,0.7280223965644836
matched_hop0,pca_ridge,2,ADH1B,0.1691950595659058,0.14609251382470925,0.3706541359424591
matched_hop0,pca_ridge,2,TFF3,0.7493910363151071,0.6313751525703248,0.8791875243186951
matched_hop0,pca_ridge,2,POSTN,0.6385673877978391,0.6438856725533799,0.8433058261871338
matched_hop0,pca_ridge,2,AQP1,0.23802394001587407,0.21718645284800553,0.7267858386039734
matched_hop0,pca_ridge,2,ISG15,0.6529435616862329,0.6239051659207369,0.9510993361473083
matched_hop0,pca_ridge,2,FDCSP,0.07857367863479094,0.07681203347950533,0.19912169873714447
matched_hop0,pca_ridge,2,CFD,0.3111573592843512,0.2655755592658726,0.9280868768692017
matched_hop0,pca_ridge,2,FABP4,0.20007674105676648,0.15612515202393987,0.3947243392467499
matched_hop0,pca_ridge,2,ADIRF,0.3487178329943873,0.312723159765513,0.8213066458702087
matched_hop0,pca_ridge,2,CCL21,0.283132902972448,0.2868920105090086,0.6108643412590027
matched_hop0,pca_ridge,2,CD3D,0.29871047846680004,0.3194229780669166,0.596390962600708
matched_hop0,pca_ridge,2,CLDN5,0.23035122466582994,0.2100553484803298,0.6451959013938904
matched_hop0,pca_ridge,2,IFIT2,0.15223604146071534,0.162707962289493,0.31094327569007874
matched_hop0,pca_ridge,2,PTN,0.18164102506176394,0.1318430696883198,0.24024200439453125
matched_hop0,pca_ridge,2,S100B,0.2432046983979239,0.17187313188698247,0.3139696419239044
matched_hop0,pca_ridge,2,ACTG2,0.232661318780088,0.2639597827313264,0.2899707853794098
matched_hop0,pca_ridge,2,FOS,0.43248113863759985,0.3651311978972105,0.6578713059425354
matched_hop0,pca_ridge,2,ELN,0.2365559065570465,0.25733860226113636,0.38867658376693726
matched_hop0,pca_ridge,2,NRP1,0.24696174402094678,0.2698894358136971,0.4497159719467163
matched_hop0,pca_ridge,2,MS4A4A,0.11560547890894853,0.12687394617750777,0.27128463983535767
matched_hop0,pca_ridge,2,LMOD1,0.12034772097274563,0.11420792543786161,0.30945906043052673
matched_hop0,pca_ridge,2,HBA2,0.033138143526662694,0.03741892441341352,0.1430259495973587
matched_hop0,pca_ridge,2,PPP1R14A,0.11415364516638324,0.10335854976023198,0.309940367937088
matched_hop0,pca_ridge,2,SLITRK6,0.2614866427882439,0.17917894443486646,0.17746888101100922
matched_hop0,pca_ridge,2,ADD3,0.3216303292398496,0.3569920685380679,0.4033825993537903
matched_hop0,pca_ridge,2,MIA,0.0615101615260825,0.04720313895354915,0.11381847411394119
matched_hop0,pca_ridge,2,LTF,0.5218801317963463,0.5155799599324268,0.9679157733917236
matched_hop0,pca_ridge,2,CST7,0.2401635230983302,0.24457800392637805,0.47653764486312866
matched_hop0,pca_ridge,2,TNF,0.11842843068273443,0.09516466316410324,0.1815457046031952
matched_hop0,pca_ridge,2,NEXN,0.10968255458169043,0.13325768829607346,0.24233920872211456
matched_hop0,pca_ridge,2,HBB,0.007608169346872834,0.014270129718885973,0.1116289272904396
matched_hop0,pca_ridge,2,SP140L,0.08405566579678292,0.10569727385731881,0.2785448431968689
matched_hop0,pca_ridge,2,CDKN1C,0.11152873079892556,0.09542874650810677,0.4452205300331116
matched_hop0,pca_ridge,2,ITGB1,0.17761205794032228,0.23306023627753095,0.3561114966869354
matched_hop0,pca_ridge,2,CLDN11,0.13359669405212293,0.13180367105969704,0.24392949044704437
matched_hop0,pca_ridge,2,STC2,0.4556911543588775,0.3453141683523259,0.46375834941864014
matched_hop0,pca_ridge,2,UGT8,0.06607840834331832,0.07102547781938065,0.0767255499958992
matched_hop0,pca_ridge,2,SOX6,0.01532734165512982,0.008266170927461038,0.08186985552310944
matched_hop0,pca_ridge,2,PDLIM4,0.10831966860751772,0.10613103434012484,0.38457003235816956
matched_hop0,pca_ridge,2,SEPT4,0.045117943802443536,0.05383471129956934,0.24676595628261566
matched_hop0,pca_ridge,2,TLR7,0.12458412163071068,0.12760849268987523,0.1845226138830185
matched_hop0,pca_ridge,2,EBF1,0.12396771846752386,0.108212048276509,0.256833016872406
matched_hop0,pca_ridge,2,FMO2,0.03853877041315225,0.019899006130684252,0.14086046814918518
matched_hop0,pca_ridge,2,RELN,0.054377960706132836,0.053377017119965224,0.12058340758085251
matched_hop0,pca_ridge,2,VTI1A,0.09188748162975577,0.15494870104706407,0.2779024839401245
matched_hop0,spatial_knn,2,PTGDS,0.0051868847287484055,0.015251876981247305,1.1565429046369937
matched_hop0,spatial_knn,2,CD74,0.0676902135989202,0.08732982552549536,1.2563630195778615
matched_hop0,spatial_knn,2,CCL19,0.04388529924216448,0.02839431092583779,0.9366078045653329
matched_hop0,spatial_knn,2,COL3A1,0.022596024565222174,0.015027527900016048,1.2790688170112483
matched_hop0,spatial_knn,2,CXCL14,-0.02371553912879846,-0.018879428925747375,0.9100497537554492
matched_hop0,spatial_knn,2,ADH1B,-0.005392507926538281,-0.008930663458954276,0.43034292000005087
matched_hop0,spatial_knn,2,TFF3,-0.014693913398278403,-0.016765986936208305,1.4437051050551342
matched_hop0,spatial_knn,2,POSTN,-0.0329182807330724,-0.03279749574545674,1.2043959547344247
matched_hop0,spatial_knn,2,AQP1,0.010632682698899104,0.008231163484411537,0.7731919386060206
matched_hop0,spatial_knn,2,ISG15,-0.020661786918727422,-0.020752817625375217,1.3408908380134723
matched_hop0,spatial_knn,2,FDCSP,0.07982075014345463,0.07457296087375846,0.20023310915394385
matched_hop0,spatial_knn,2,CFD,-0.0007814160451400402,-0.013519008037310652,1.0076019662577476
matched_hop0,spatial_knn,2,FABP4,0.021395694585900377,0.019186128082314017,0.46247998665863355
matched_hop0,spatial_knn,2,ADIRF,0.030909819667542672,0.030196724427821005,0.9250574760924196
matched_hop0,spatial_knn,2,CCL21,0.01071814529787039,-0.0013864992808452154,0.6581077158492501
matched_hop0,spatial_knn,2,CD3D,0.03167751511316749,0.047085737925715576,0.6468341415051541
matched_hop0,spatial_knn,2,CLDN5,0.0059559675010190955,0.013776618468124316,0.6891367528129269
matched_hop0,spatial_knn,2,IFIT2,0.05954766697242214,0.08179853028210964,0.3362684839774348
matched_hop0,spatial_knn,2,PTN,0.02918580332463516,0.028698095924010267,0.32103004085745906
matched_hop0,spatial_knn,2,S100B,0.03802115835707763,0.020445261779689385,0.3305695952366292
matched_hop0,spatial_knn,2,ACTG2,0.009512811389116364,0.013157180558050725,0.31750409916260963
matched_hop0,spatial_knn,2,FOS,0.005830648299582112,0.018782804128085175,0.7488492017672379
matched_hop0,spatial_knn,2,ELN,-0.009767427601364748,0.0030356012301220284,0.41978168292085294
matched_hop0,spatial_knn,2,NRP1,0.05480686111550934,0.056595782756771754,0.47074173448334794
matched_hop0,spatial_knn,2,MS4A4A,0.030782930970293425,0.049703837239591805,0.2767801924709556
matched_hop0,spatial_knn,2,LMOD1,0.003159208776403787,-0.004519625843669437,0.32154699501227363
matched_hop0,spatial_knn,2,HBA2,-0.007141595017986708,0.0038186564400762854,0.15125580184943427
matched_hop0,spatial_knn,2,PPP1R14A,-0.0008143408610375418,0.0031398268424865585,0.3230963818021277
matched_hop0,spatial_knn,2,SLITRK6,0.04720846556804725,0.06405469982909293,0.18787586395146266
matched_hop0,spatial_knn,2,ADD3,-0.003402167841023881,-0.00518080183176062,0.45829275757625965
matched_hop0,spatial_knn,2,MIA,0.005755688209340389,-0.005863788151696242,0.14329146156609865
matched_hop0,spatial_knn,2,LTF,0.05783675166213449,0.04591844758497307,1.4182740160313392
matched_hop0,spatial_knn,2,CST7,0.05296790283374252,0.05248232771924112,0.5049700820144328
matched_hop0,spatial_knn,2,TNF,-0.03354237766266037,-0.03474962313691772,0.1873257801487061
matched_hop0,spatial_knn,2,NEXN,-0.03559555231417526,-0.043928067900346146,0.24925402532442292
matched_hop0,spatial_knn,2,HBB,-0.009263205637697818,-0.004647508050567324,0.14826511498778283
matched_hop0,spatial_knn,2,SP140L,-0.006797442272602089,-0.016693855086411972,0.28735643226421204
matched_hop0,spatial_knn,2,CDKN1C,0.0006588878000914787,0.008614420093914143,0.46792279897673905
matched_hop0,spatial_knn,2,ITGB1,0.06290279834704007,0.03905900655518502,0.37212874904209103
matched_hop0,spatial_knn,2,CLDN11,0.0498333222217536,0.0433042269030076,0.24886040651304508
matched_hop0,spatial_knn,2,STC2,0.04178781521068167,0.029472683869401068,0.5635815695356291
matched_hop0,spatial_knn,2,UGT8,-0.0012964145705943457,-0.0014427821746902754,0.07698817105506824
matched_hop0,spatial_knn,2,SOX6,2.0058587136647342e-05,0.0017966440668305986,0.08317947330316185
matched_hop0,spatial_knn,2,PDLIM4,-0.001742167506828849,-0.007269422746307094,0.39780925783046306
matched_hop0,spatial_knn,2,SEPT4,0.011087323934423418,0.008900827519135662,0.2514472385544729
matched_hop0,spatial_knn,2,TLR7,0.019531357234669255,0.028910520437010742,0.18986478814316954
matched_hop0,spatial_knn,2,EBF1,-0.015147065502391654,-0.014356103650147755,0.2766698035549041
matched_hop0,spatial_knn,2,FMO2,0.0064040708379162125,0.005689974283334043,0.15797252344774515
matched_hop0,spatial_knn,2,RELN,-0.016240743974723342,-0.013857764708037228,0.1365050775003825
matched_hop0,spatial_knn,2,VTI1A,0.0009858993222501364,0.00887795679816662,0.2851608896439368
random,mean,3,PTGDS,,,0.9563672542572021
random,mean,3,CD74,,,1.1595278978347778
random,mean,3,CCL19,0.0,,0.8587291836738586
random,mean,3,COL3A1,0.0,,1.2546523809432983
random,mean,3,CXCL14,,,0.8081844449043274
random,mean,3,ADH1B,,,0.3183958828449249
random,mean,3,TFF3,0.0,,1.3580657243728638
random,mean,3,POSTN,0.0,,1.0838700532913208
random,mean,3,AQP1,,,0.7927826046943665
random,mean,3,ISG15,,,1.2252986431121826
random,mean,3,FDCSP,0.0,,0.07879045605659485
random,mean,3,CFD,0.0,,0.9160446524620056
random,mean,3,FABP4,0.0,,0.39441385865211487
random,mean,3,ADIRF,,,0.9165259003639221
random,mean,3,CCL21,,,0.5554062724113464
random,mean,3,CD3D,0.0,,0.5583592057228088
random,mean,3,CLDN5,,,0.6295272707939148
random,mean,3,IFIT2,,,0.4063499867916107
random,mean,3,PTN,0.0,,0.26747047901153564
random,mean,3,S100B,0.0,,0.240079864859581
random,mean,3,ACTG2,0.0,,0.3157171607017517
random,mean,3,FOS,0.0,,0.7630867958068848
random,mean,3,ELN,0.0,,0.4417439103126526
random,mean,3,NRP1,0.0,,0.42218056321144104
random,mean,3,MS4A4A,0.0,,0.22984196245670319
random,mean,3,LMOD1,,,0.31063809990882874
random,mean,3,HBA2,,,0.18598498404026031
random,mean,3,PPP1R14A,0.0,,0.3082742989063263
random,mean,3,SLITRK6,0.0,,0.21176281571388245
random,mean,3,ADD3,,,0.43395835161209106
random,mean,3,MIA,,,0.11029596626758575
random,mean,3,LTF,0.0,,1.1750818490982056
random,mean,3,CST7,,,0.49036484956741333
random,mean,3,TNF,,,0.1593107134103775
random,mean,3,NEXN,,,0.2407650351524353
random,mean,3,HBB,0.0,,0.11448118090629578
random,mean,3,SP140L,0.0,,0.284504234790802
random,mean,3,CDKN1C,0.0,,0.44375014305114746
random,mean,3,ITGB1,0.0,,0.3568539321422577
random,mean,3,CLDN11,,,0.247591033577919
random,mean,3,STC2,,,0.4879136085510254
random,mean,3,UGT8,0.0,,0.04913424700498581
random,mean,3,SOX6,,,0.0630965381860733
random,mean,3,PDLIM4,0.0,,0.3910341262817383
random,mean,3,SEPT4,0.0,,0.24379663169384003
random,mean,3,TLR7,0.0,,0.20028632879257202
random,mean,3,EBF1,0.0,,0.22398757934570312
random,mean,3,FMO2,,,0.20320560038089752
random,mean,3,RELN,0.0,,0.14782479405403137
random,mean,3,VTI1A,,,0.28984302282333374
random,pca_ridge,3,PTGDS,0.4378782603219235,0.44558520206140834,0.8598076105117798
random,pca_ridge,3,CD74,0.6890115387068655,0.6592171537833743,0.8405137658119202
random,pca_ridge,3,CCL19,0.4808852715590045,0.3954568654243062,0.7526358366012573
random,pca_ridge,3,COL3A1,0.7218239792317952,0.7181093347860504,0.8682172894477844
random,pca_ridge,3,CXCL14,0.4828038231736203,0.5030311083075852,0.707727313041687
random,pca_ridge,3,ADH1B,0.1753203114356187,0.13230291683566392,0.31640198826789856
random,pca_ridge,3,TFF3,0.7661083804424925,0.6512006711191618,0.8733776807785034
random,pca_ridge,3,POSTN,0.6781361106553196,0.6839285020532401,0.796628475189209
random,pca_ridge,3,AQP1,0.2473798620111309,0.226064136600643,0.7691382169723511
random,pca_ridge,3,ISG15,0.6338869818266473,0.6163381314839474,0.9507061839103699
random,pca_ridge,3,FDCSP,0.08646486798159399,0.06941384953579213,0.08075666427612305
random,pca_ridge,3,CFD,0.2672378239245582,0.23654379479618898,0.883196234703064
random,pca_ridge,3,FABP4,0.2275463329583398,0.18574546531684985,0.3867494761943817
random,pca_ridge,3,ADIRF,0.35570146396243024,0.3440805642793304,0.857584536075592
random,pca_ridge,3,CCL21,0.24601383579557218,0.2669259077051649,0.5393400192260742
random,pca_ridge,3,CD3D,0.26871689123919107,0.3083195219639377,0.538065493106842
random,pca_ridge,3,CLDN5,0.23020281815394233,0.20138499725226763,0.613034725189209
random,pca_ridge,3,IFIT2,0.2767681559559518,0.2333603433515747,0.3905288875102997
random,pca_ridge,3,PTN,0.2313953286968516,0.18949457690518295,0.260391503572464
random,pca_ridge,3,S100B,0.19160923435696145,0.14050545228831948,0.2373972088098526
random,pca_ridge,3,ACTG2,0.22872773136807512,0.25852344686343404,0.30771005153656006
random,pca_ridge,3,FOS,0.48167777093733993,0.4144076792465345,0.6690980792045593
random,pca_ridge,3,ELN,0.2744220701982098,0.32133366397731294,0.4248124957084656
random,pca_ridge,3,NRP1,0.30945922564294576,0.3169454650912331,0.4015645384788513
random,pca_ridge,3,MS4A4A,0.14011615492596013,0.18304759590047848,0.22789929807186127
random,pca_ridge,3,LMOD1,0.16050212863304542,0.1916096655831442,0.30675750970840454
random,pca_ridge,3,HBA2,0.010443326044197499,-0.013541407959306044,0.18628931045532227
random,pca_ridge,3,PPP1R14A,0.12779580985432318,0.09426108936902015,0.30582186579704285
random,pca_ridge,3,SLITRK6,0.2952330363815081,0.20531770171473265,0.202704519033432
random,pca_ridge,3,ADD3,0.32755389137144375,0.3704813844016763,0.41000431776046753
random,pca_ridge,3,MIA,0.02889902043641923,0.03689632387665426,0.11101402342319489
random,pca_ridge,3,LTF,0.5364984972813827,0.5269652038515644,0.9934149384498596
random,pca_ridge,3,CST7,0.2591510679158344,0.2811261270987982,0.4736577570438385
random,pca_ridge,3,TNF,0.14538679347964825,0.10191991080581858,0.15795212984085083
random,pca_ridge,3,NEXN,0.048579921449790994,0.09567198322116073,0.24186454713344574
random,pca_ridge,3,HBB,0.011749612490052982,0.01746815641707369,0.11521514505147934
random,pca_ridge,3,SP140L,0.12927843106585593,0.13825884731231736,0.28212401270866394
random,pca_ridge,3,CDKN1C,0.08599492395028177,0.09429025478572485,0.4437394440174103
random,pca_ridge,3,ITGB1,0.17251301405633832,0.23466935373205394,0.3516881465911865
random,pca_ridge,3,CLDN11,0.1100163396329469,0.11463813469742777,0.24655131995677948
random,pca_ridge,3,STC2,0.45692759737676036,0.3424537564180813,0.4342156648635864
random,pca_ridge,3,UGT8,0.07004079684696762,0.06729146090741785,0.04928624629974365
random,pca_ridge,3,SOX6,0.016167889037950058,0.024400049235760248,0.0633992999792099
random,pca_ridge,3,PDLIM4,0.16088395039505907,0.16764749485547198,0.3859750032424927
random,pca_ridge,3,SEPT4,0.0319462571672929,0.04595610186917905,0.24440890550613403
random,pca_ridge,3,TLR7,0.1397524430682614,0.14600434743614202,0.19834603369235992
random,pca_ridge,3,EBF1,0.06443521512427751,0.06736831335823444,0.2244703620672226
random,pca_ridge,3,FMO2,0.07815749071936566,0.04106691135251766,0.2026069015264511
random,pca_ridge,3,RELN,0.03612511337490707,0.054650726137092834,0.1478276401758194
random,pca_ridge,3,VTI1A,0.10204158146596302,0.17806844256106577,0.288461297750473
random,spatial_knn,3,PTGDS,0.031097804657639883,0.029322033121298927,1.0052933058825428
random,spatial_knn,3,CD74,-0.01762998793761311,-0.014749107437782912,1.229841731178007
random,spatial_knn,3,CCL19,0.03793162472703373,0.04155270962331131,0.896451916809721
random,spatial_knn,3,COL3A1,0.01676494692540697,0.021177761457362648,1.3201815447418574
random,spatial_knn,3,CXCL14,0.0029672873618602504,-0.013735514830308517,0.8562128407057659
random,spatial_knn,3,ADH1B,0.05213182634998743,0.05927289420971328,0.3409659362110967
random,spatial_knn,3,TFF3,0.051117216836923864,0.006465866051908364,1.4254012185737883
random,spatial_knn,3,POSTN,0.07929831574870277,0.07787383344850718,1.116826040424553
random,spatial_knn,3,AQP1,0.006218574201637039,0.006311433586310223,0.8319944605820885
random,spatial_knn,3,ISG15,0.04254384087230314,0.03930483441411631,1.2713383747869715
random,spatial_knn,3,FDCSP,-0.011451826550975364,-0.01805943803609626,0.09837655425194723
random,spatial_knn,3,CFD,0.05869212770785059,0.07231933308751523,0.9488066613111129
random,spatial_knn,3,FABP4,-0.019928047676518748,-0.003656801409369601,0.42851303218043596
random,spatial_knn,3,ADIRF,0.07037779051826852,0.055255378724408374,0.9459924881157702
random,spatial_knn,3,CCL21,0.013683042416510676,0.005254615577225624,0.5919538391825783
random,spatial_knn,3,CD3D,0.06325748830703432,0.0735168685574867,0.5765009552142762
random,spatial_knn,3,CLDN5,-0.01751244066950958,-0.012490331144476926,0.6658466189852662
random,spatial_knn,3,IFIT2,0.04890289716089739,0.08505331909016227,0.4185993600260251
random,spatial_knn,3,PTN,0.06222726769547919,0.0263862713024914,0.2762222812036991
random,spatial_knn,3,S100B,-0.011705126551997059,-0.03170497680320586,0.2591338403438106
random,spatial_knn,3,ACTG2,0.007352110334997094,-0.015424302890360876,0.33324110399136536
random,spatial_knn,3,FOS,0.06909251931888497,0.07420658347773308,0.7897018751014412
random,spatial_knn,3,ELN,0.02118101958156455,0.01613200382178196,0.45950781108143485
random,spatial_knn,3,NRP1,0.01493298655136643,0.01803392597834148,0.4482267721503728
random,spatial_knn,3,MS4A4A,0.03003922046921017,0.04702857029621155,0.245319113171309
random,spatial_knn,3,LMOD1,0.027865533130281884,0.019759220452310152,0.3273488070026968
random,spatial_knn,3,HBA2,-0.010147870801141361,0.03550406891631556,0.1898986287020681
random,spatial_knn,3,PPP1R14A,-0.02508337367792394,-0.04289833160768825,0.3231749123615131
random,spatial_knn,3,SLITRK6,0.03570123575857755,0.1054478635494441,0.22025255921153666
random,spatial_knn,3,ADD3,0.06041674110422149,0.07265947051261633,0.44717658529555027
random,spatial_knn,3,MIA,-0.013093398462345264,-0.02102947847205564,0.11835848808010217
random,spatial_knn,3,LTF,-0.006525802466568605,-0.017843230242024947,1.2423498238241943
random,spatial_knn,3,CST7,0.024452713813859855,0.010669423257735556,0.5118968380634705
random,spatial_knn,3,TNF,0.06760038882357926,0.05319146322849157,0.16574420961916608
random,spatial_knn,3,NEXN,0.01946432053898818,0.017145527354024862,0.2502391337863713
random,spatial_knn,3,HBB,-0.014959308910261336,-0.020740783943474717,0.12084396525056812
random,spatial_knn,3,SP140L,0.04380682694347272,0.023673305135455697,0.2919075157519744
random,spatial_knn,3,CDKN1C,0.010309388508221544,-0.006588526662217916,0.4666104098164166
random,spatial_knn,3,ITGB1,-0.002802196962390202,-0.009573213624675695,0.3723070979895894
random,spatial_knn,3,CLDN11,-0.03588582383635618,-0.05910814899685304,0.26049251310946825
random,spatial_knn,3,STC2,-0.0008601176704167088,0.008137666681729437,0.5169920047397267
random,spatial_knn,3,UGT8,0.055806960633623705,0.11279807934121257,0.05363154174440358
random,spatial_knn,3,SOX6,-0.010196524190946406,-0.01377272836998983,0.06796017501487747
random,spatial_knn,3,PDLIM4,0.03134565632155322,0.009749348624988568,0.4045734652212588
random,spatial_knn,3,SEPT4,-0.0032624289449781707,-0.005305743369381088,0.25551722464575194
random,spatial_knn,3,TLR7,0.022800827823365243,-0.0003332055813467145,0.20919059440515367
random,spatial_knn,3,EBF1,0.006814117194492472,0.0056248502730086814,0.24127047674198407
random,spatial_knn,3,FMO2,-0.016504388440363147,-0.034227387363901574,0.20817829092997667
random,spatial_knn,3,RELN,0.06624875004884821,0.06296160185866403,0.1483788819393714
random,spatial_knn,3,VTI1A,-0.008880225791792998,-0.030998297102968548,0.3049318211135933
matched_hop0,mean,3,PTGDS,,,1.0433611869812012
matched_hop0,mean,3,CD74,0.0,,1.197922945022583
matched_hop0,mean,3,CCL19,,,0.9213472604751587
matched_hop0,mean,3,COL3A1,,,1.2406851053237915
matched_hop0,mean,3,CXCL14,0.0,,0.8145320415496826
matched_hop0,mean,3,ADH1B,0.0,,0.37315991520881653
matched_hop0,mean,3,TFF3,0.0,,1.3270020484924316
matched_hop0,mean,3,POSTN,,,1.0960478782653809
matched_hop0,mean,3,AQP1,,,0.7416360378265381
matched_hop0,mean,3,ISG15,,,1.2507177591323853
matched_hop0,mean,3,FDCSP,,,0.19956572353839874
matched_hop0,mean,3,CFD,,,0.9772355556488037
matched_hop0,mean,3,FABP4,,,0.3957563042640686
matched_hop0,mean,3,ADIRF,,,0.8749749064445496
matched_hop0,mean,3,CCL21,,,0.6377353072166443
matched_hop0,mean,3,CD3D,,,0.6253366470336914
matched_hop0,mean,3,CLDN5,,,0.662625789642334
matched_hop0,mean,3,IFIT2,,,0.2972314953804016
matched_hop0,mean,3,PTN,,,0.24136042594909668
matched_hop0,mean,3,S100B,0.0,,0.32375368475914
matched_hop0,mean,3,ACTG2,,,0.29644978046417236
matched_hop0,mean,3,FOS,,,0.7184104323387146
matched_hop0,mean,3,ELN,0.0,,0.39781689643859863
matched_hop0,mean,3,NRP1,,,0.46395087242126465
matched_hop0,mean,3,MS4A4A,0.0,,0.27307307720184326
matched_hop0,mean,3,LMOD1,0.0,,0.3105340898036957
matched_hop0,mean,3,HBA2,0.0,,0.14292259514331818
matched_hop0,mean,3,PPP1R14A,,,0.31160932779312134
matched_hop0,mean,3,SLITRK6,0.0,,0.18380525708198547
matched_hop0,mean,3,ADD3,0.0,,0.4260144531726837
matched_hop0,mean,3,MIA,0.0,,0.11352556198835373
matched_hop0,mean,3,LTF,,,1.1324039697647095
matched_hop0,mean,3,CST7,,,0.4908815324306488
matched_hop0,mean,3,TNF,,,0.1827724575996399
matched_hop0,mean,3,NEXN,,,0.2436266839504242
matched_hop0,mean,3,HBB,0.0,,0.11034634709358215
matched_hop0,mean,3,SP140L,,,0.2785089612007141
matched_hop0,mean,3,CDKN1C,,,0.44643449783325195
matched_hop0,mean,3,ITGB1,,,0.3616796135902405
matched_hop0,mean,3,CLDN11,,,0.24591492116451263
matched_hop0,mean,3,STC2,0.0,,0.5199078321456909
matched_hop0,mean,3,UGT8,0.0,,0.07678785920143127
matched_hop0,mean,3,SOX6,,,0.0815754383802414
matched_hop0,mean,3,PDLIM4,,,0.38615745306015015
matched_hop0,mean,3,SEPT4,,,0.24600553512573242
matched_hop0,mean,3,TLR7,,,0.1857239156961441
matched_hop0,mean,3,EBF1,0.0,,0.2588326930999756
matched_hop0,mean,3,FMO2,,,0.13986989855766296
matched_hop0,mean,3,RELN,,,0.12071407586336136
matched_hop0,mean,3,VTI1A,,,0.2788306176662445
matched_hop0,pca_ridge,3,PTGDS,0.4342559297909484,0.43431831025524836,0.9362164735794067
matched_hop0,pca_ridge,3,CD74,0.7040333068141135,0.6801911669031367,0.8479310274124146
matched_hop0,pca_ridge,3,CCL19,0.518648001970001,0.45154759627042407,0.7871167063713074
matched_hop0,pca_ridge,3,COL3A1,0.7153914317288599,0.7068113753935458,0.8676583170890808
matched_hop0,pca_ridge,3,CXCL14,0.46023494990556557,0.49684146519524114,0.7236724495887756
matched_hop0,pca_ridge,3,ADH1B,0.1664559770739409,0.1471556311207091,0.3709326684474945
matched_hop0,pca_ridge,3,TFF3,0.7513311104348316,0.6328647366660937,0.8763844966888428
matched_hop0,pca_ridge,3,POSTN,0.6400328123365391,0.6455720895601672,0.8419448733329773
matched_hop0,pca_ridge,3,AQP1,0.23484004739332928,0.21375132684887002,0.7273547053337097
matched_hop0,pca_ridge,3,ISG15,0.6538417543726843,0.6249230986817214,0.9500352740287781
matched_hop0,pca_ridge,3,FDCSP,0.08469998331761813,0.08040584264720972,0.19896943867206573
matched_hop0,pca_ridge,3,CFD,0.31226681704745785,0.2629199648605417,0.9278243780136108
matched_hop0,pca_ridge,3,FABP4,0.19812927659654445,0.1513510661142252,0.3949444890022278
matched_hop0,pca_ridge,3,ADIRF,0.34892945578171597,0.3126835404601029,0.8211799263954163
matched_hop0,pca_ridge,3,CCL21,0.29095443617062566,0.2918250681104903,0.6095847487449646
matched_hop0,pca_ridge,3,CD3D,0.29900007575831133,0.3204362800626489,0.5963144302368164
matched_hop0,pca_ridge,3,CLDN5,0.2341869315650632,0.21288331755882725,0.6444584131240845
matched_hop0,pca_ridge,3,IFIT2,0.1520491075485079,0.164005478375866,0.31097930669784546
matched_hop0,pca_ridge,3,PTN,0.18380573207903722,0.13342356265782737,0.2400725781917572
matched_hop0,pca_ridge,3,S100B,0.2445043842776426,0.17573398770431226,0.31386280059814453
matched_hop0,pca_ridge,3,ACTG2,0.23178779568871938,0.26485440111779635,0.2900781035423279
matched_hop0,pca_ridge,3,FOS,0.43144694089128943,0.36281501933631555,0.6584916710853577
matched_hop0,pca_ridge,3,ELN,0.2370553685669137,0.2583889080904319,0.3886343538761139
matched_hop0,pca_ridge,3,NRP1,0.2414613618360839,0.26583474861723166,0.4503849446773529
matched_hop0,pca_ridge,3,MS4A4A,0.1228741841744562,0.1254719404614158,0.2710295021533966
matched_hop0,pca_ridge,3,LMOD1,0.12904966853111718,0.12036700705202139,0.30888181924819946
matched_hop0,pca_ridge,3,HBA2,0.02893598288143313,0.03298000476308701,0.14307697117328644
matched_hop0,pca_ridge,3,PPP1R14A,0.11563062527283426,0.10256327729431597,0.3098534345626831
matched_hop0,pca_ridge,3,SLITRK6,0.25549220586197585,0.1796982553022937,0.17775915563106537
matched_hop0,pca_ridge,3,ADD3,0.322932390771844,0.3590864148974406,0.403189480304718
matched_hop0,pca_ridge,3,MIA,0.061871577047758336,0.03848985235505156,0.11382261663675308
matched_hop0,pca_ridge,3,LTF,0.5238558972917551,0.5164372715584568,0.9665564298629761
matched_hop0,pca_ridge,3,CST7,0.24312463118381053,0.24908758492138913,0.4761737585067749
matched_hop0,pca_ridge,3,TNF,0.12377759252139092,0.09534615242347744,0.18140529096126556
matched_hop0,pca_ridge,3,NEXN,0.11698351030005766,0.13835496870888,0.2420939803123474
matched_hop0,pca_ridge,3,HBB,0.016507548248195506,0.016651801730828607,0.11144303530454636
matched_hop0,pca_ridge,3,SP140L,0.07774943699218759,0.09817347732194584,0.2788686156272888
matched_hop0,pca_ridge,3,CDKN1C,0.11487179079477183,0.09567472771549947,0.44488051533699036
matched_hop0,pca_ridge,3,ITGB1,0.179608392700462,0.23573458946575476,0.35595276951789856
matched_hop0,pca_ridge,3,CLDN11,0.13457461178722818,0.12926093634790325,0.24392743408679962
matched_hop0,pca_ridge,3,STC2,0.44675034429282723,0.3391657750632557,0.46592316031455994
matched_hop0,pca_ridge,3,UGT8,0.05919145939891372,0.06489293915004701,0.07677970826625824
matched_hop0,pca_ridge,3,SOX6,-0.0010335741749342361,-0.007126633066111634,0.08199340850114822
matched_hop0,pca_ridge,3,PDLIM4,0.11086525022477423,0.11067550268313493,0.38442546129226685
matched_hop0,pca_ridge,3,SEPT4,0.03164756071278946,0.03766884354856445,0.24724212288856506
matched_hop0,pca_ridge,3,TLR7,0.13569891045171595,0.13562147236406236,0.18413376808166504
matched_hop0,pca_ridge,3,EBF1,0.10172693887404521,0.09796627449465763,0.2575874626636505
matched_hop0,pca_ridge,3,FMO2,0.039666882043700655,0.021786304549148882,0.1409047245979309
matched_hop0,pca_ridge,3,RELN,0.04604671391642062,0.045917227933501115,0.12066623568534851
matched_hop0,pca_ridge,3,VTI1A,0.0935873602435002,0.1583808651343341,0.277870774269104
matched_hop0,spatial_knn,3,PTGDS,0.0051868847287484055,0.015251876981247305,1.1565429046369937
matched_hop0,spatial_knn,3,CD74,0.0676902135989202,0.08732982552549536,1.2563630195778615
matched_hop0,spatial_knn,3,CCL19,0.04388529924216448,0.02839431092583779,0.9366078045653329
matched_hop0,spatial_knn,3,COL3A1,0.022596024565222174,0.015027527900016048,1.2790688170112483
matched_hop0,spatial_knn,3,CXCL14,-0.02371553912879846,-0.018879428925747375,0.9100497537554492
matched_hop0,spatial_knn,3,ADH1B,-0.005392507926538281,-0.008930663458954276,0.43034292000005087
matched_hop0,spatial_knn,3,TFF3,-0.014693913398278403,-0.016765986936208305,1.4437051050551342
matched_hop0,spatial_knn,3,POSTN,-0.0329182807330724,-0.03279749574545674,1.2043959547344247
matched_hop0,spatial_knn,3,AQP1,0.010632682698899104,0.008231163484411537,0.7731919386060206
matched_hop0,spatial_knn,3,ISG15,-0.020661786918727422,-0.020752817625375217,1.3408908380134723
matched_hop0,spatial_knn,3,FDCSP,0.07982075014345463,0.07457296087375846,0.20023310915394385
matched_hop0,spatial_knn,3,CFD,-0.0007814160451400402,-0.013519008037310652,1.0076019662577476
matched_hop0,spatial_knn,3,FABP4,0.021395694585900377,0.019186128082314017,0.46247998665863355
matched_hop0,spatial_knn,3,ADIRF,0.030909819667542672,0.030196724427821005,0.9250574760924196
matched_hop0,spatial_knn,3,CCL21,0.01071814529787039,-0.0013864992808452154,0.6581077158492501
matched_hop0,spatial_knn,3,CD3D,0.03167751511316749,0.047085737925715576,0.6468341415051541
matched_hop0,spatial_knn,3,CLDN5,0.0059559675010190955,0.013776618468124316,0.6891367528129269
matched_hop0,spatial_knn,3,IFIT2,0.05954766697242214,0.08179853028210964,0.3362684839774348
matched_hop0,spatial_knn,3,PTN,0.02918580332463516,0.028698095924010267,0.32103004085745906
matched_hop0,spatial_knn,3,S100B,0.03802115835707763,0.020445261779689385,0.3305695952366292
matched_hop0,spatial_knn,3,ACTG2,0.009512811389116364,0.013157180558050725,0.31750409916260963
matched_hop0,spatial_knn,3,FOS,0.005830648299582112,0.018782804128085175,0.7488492017672379
matched_hop0,spatial_knn,3,ELN,-0.009767427601364748,0.0030356012301220284,0.41978168292085294
matched_hop0,spatial_knn,3,NRP1,0.05480686111550934,0.056595782756771754,0.47074173448334794
matched_hop0,spatial_knn,3,MS4A4A,0.030782930970293425,0.049703837239591805,0.2767801924709556
matched_hop0,spatial_knn,3,LMOD1,0.003159208776403787,-0.004519625843669437,0.32154699501227363
matched_hop0,spatial_knn,3,HBA2,-0.007141595017986708,0.0038186564400762854,0.15125580184943427
matched_hop0,spatial_knn,3,PPP1R14A,-0.0008143408610375418,0.0031398268424865585,0.3230963818021277
matched_hop0,spatial_knn,3,SLITRK6,0.04720846556804725,0.06405469982909293,0.18787586395146266
matched_hop0,spatial_knn,3,ADD3,-0.003402167841023881,-0.00518080183176062,0.45829275757625965
matched_hop0,spatial_knn,3,MIA,0.005755688209340389,-0.005863788151696242,0.14329146156609865
matched_hop0,spatial_knn,3,LTF,0.05783675166213449,0.04591844758497307,1.4182740160313392
matched_hop0,spatial_knn,3,CST7,0.05296790283374252,0.05248232771924112,0.5049700820144328
matched_hop0,spatial_knn,3,TNF,-0.03354237766266037,-0.03474962313691772,0.1873257801487061
matched_hop0,spatial_knn,3,NEXN,-0.03559555231417526,-0.043928067900346146,0.24925402532442292
matched_hop0,spatial_knn,3,HBB,-0.009263205637697818,-0.004647508050567324,0.14826511498778283
matched_hop0,spatial_knn,3,SP140L,-0.006797442272602089,-0.016693855086411972,0.28735643226421204
matched_hop0,spatial_knn,3,CDKN1C,0.0006588878000914787,0.008614420093914143,0.46792279897673905
matched_hop0,spatial_knn,3,ITGB1,0.06290279834704007,0.03905900655518502,0.37212874904209103
matched_hop0,spatial_knn,3,CLDN11,0.0498333222217536,0.0433042269030076,0.24886040651304508
matched_hop0,spatial_knn,3,STC2,0.04178781521068167,0.029472683869401068,0.5635815695356291
matched_hop0,spatial_knn,3,UGT8,-0.0012964145705943457,-0.0014427821746902754,0.07698817105506824
matched_hop0,spatial_knn,3,SOX6,2.0058587136647342e-05,0.0017966440668305986,0.08317947330316185
matched_hop0,spatial_knn,3,PDLIM4,-0.001742167506828849,-0.007269422746307094,0.39780925783046306
matched_hop0,spatial_knn,3,SEPT4,0.011087323934423418,0.008900827519135662,0.2514472385544729
matched_hop0,spatial_knn,3,TLR7,0.019531357234669255,0.028910520437010742,0.18986478814316954
matched_hop0,spatial_knn,3,EBF1,-0.015147065502391654,-0.014356103650147755,0.2766698035549041
matched_hop0,spatial_knn,3,FMO2,0.0064040708379162125,0.005689974283334043,0.15797252344774515
matched_hop0,spatial_knn,3,RELN,-0.016240743974723342,-0.013857764708037228,0.1365050775003825
matched_hop0,spatial_knn,3,VTI1A,0.0009858993222501364,0.00887795679816662,0.2851608896439368
random,mean,4,PTGDS,0.0,,0.9706957340240479
random,mean,4,CD74,,,1.1339731216430664
random,mean,4,CCL19,,,0.8778892159461975
random,mean,4,COL3A1,,,1.2726192474365234
random,mean,4,CXCL14,0.0,,0.8499687910079956
random,mean,4,ADH1B,0.0,,0.3885039985179901
random,mean,4,TFF3,,,1.3331009149551392
random,mean,4,POSTN,,,1.0966914892196655
random,mean,4,AQP1,,,0.7687215209007263
random,mean,4,ISG15,,,1.2507946491241455
random,mean,4,FDCSP,0.0,,0.1782434582710266
random,mean,4,CFD,,,0.9037264585494995
random,mean,4,FABP4,,,0.5019060969352722
random,mean,4,ADIRF,0.0,,0.9348529577255249
random,mean,4,CCL21,0.0,,0.6165277361869812
random,mean,4,CD3D,0.0,,0.5269960761070251
random,mean,4,CLDN5,,,0.6756500005722046
random,mean,4,IFIT2,0.0,,0.38608306646347046
random,mean,4,PTN,0.0,,0.26785415410995483
random,mean,4,S100B,0.0,,0.3322189450263977
random,mean,4,ACTG2,,,0.3062244653701782
random,mean,4,FOS,,,0.7723022103309631
random,mean,4,ELN,,,0.4329906105995178
random,mean,4,NRP1,0.0,,0.4296635389328003
random,mean,4,MS4A4A,,,0.23921984434127808
random,mean,4,LMOD1,,,0.37694934010505676
random,mean,4,HBA2,,,0.07385507225990295
random,mean,4,PPP1R14A,,,0.26993808150291443
random,mean,4,SLITRK6,,,0.20290760695934296
random,mean,4,ADD3,,,0.399798721075058
random,mean,4,MIA,0.0,,0.06953935325145721
random,mean,4,LTF,0.0,,1.169402837753296
random,mean,4,CST7,,,0.4670807719230652
random,mean,4,TNF,,,0.22044073045253754
random,mean,4,NEXN,,,0.2521252930164337
random,mean,4,HBB,,,0.11652062833309174
random,mean,4,SP140L,,,0.3395400047302246
random,mean,4,CDKN1C,,,0.40575847029685974
random,mean,4,ITGB1,0.0,,0.32359153032302856
random,mean,4,CLDN11,,,0.18860945105552673
random,mean,4,STC2,,,0.4982813000679016
random,mean,4,UGT8,0.0,,0.03834930434823036
random,mean,4,SOX6,,,0.09578251093626022
random,mean,4,PDLIM4,,,0.37297025322914124
random,mean,4,SEPT4,0.0,,0.27866870164871216
random,mean,4,TLR7,0.0,,0.1890905350446701
random,mean,4,EBF1,0.0,,0.24661999940872192
random,mean,4,FMO2,,,0.1705741137266159
random,mean,4,RELN,0.0,,0.07097280770540237
random,mean,4,VTI1A,,,0.30109843611717224
random,pca_ridge,4,PTGDS,0.39501002734265794,0.4045036247009013,0.8929072618484497
random,pca_ridge,4,CD74,0.6653291865907199,0.6333001926897277,0.8480841517448425
random,pca_ridge,4,CCL19,0.49025765039416,0.41848131038897346,0.7655269503593445
random,pca_ridge,4,COL3A1,0.7333796322364966,0.7273618668571575,0.8652001619338989
random,pca_ridge,4,CXCL14,0.45385136705592954,0.4778030431868046,0.7575393319129944
random,pca_ridge,4,ADH1B,0.21441379079947892,0.16253942200898253,0.3797569274902344
random,pca_ridge,4,TFF3,0.7229745594148452,0.609101579624654,0.9220693111419678
random,pca_ridge,4,POSTN,0.6427573575513625,0.6480405850694745,0.8407173156738281
random,pca_ridge,4,AQP1,0.2488547436583241,0.21964618294025298,0.745814859867096
random,pca_ridge,4,ISG15,0.636758724100848,0.6085604661739513,0.9647181630134583
random,pca_ridge,4,FDCSP,0.12166790256059173,0.1015641483153403,0.17695298790931702
random,pca_ridge,4,CFD,0.29508129926041515,0.2468097690227279,0.8634421825408936
random,pca_ridge,4,FABP4,0.28570253227093473,0.20561260073520896,0.4811698794364929
random,pca_ridge,4,ADIRF,0.4494244274898822,0.4061431895648038,0.8367284536361694
random,pca_ridge,4,CCL21,0.23825714240239548,0.23985028167367647,0.5996447801589966
random,pca_ridge,4,CD3D,0.2561849341012249,0.2840325383008915,0.5102612972259521
random,pca_ridge,4,CLDN5,0.2122355908608517,0.17570551327603798,0.6613004803657532
random,pca_ridge,4,IFIT2,0.22837164605219945,0.21309416291647307,0.3767353892326355
random,pca_ridge,4,PTN,0.23924565034633768,0.16514866069067693,0.2601465582847595
random,pca_ridge,4,S100B,0.25810031779962805,0.18590097152231597,0.32107362151145935
random,pca_ridge,4,ACTG2,0.22177284125407518,0.22142990791638387,0.29940974712371826
random,pca_ridge,4,FOS,0.49122516629378593,0.4076510655846497,0.6731438636779785
random,pca_ridge,4,ELN,0.3081290163017807,0.3367627312923705,0.4121261537075043
random,pca_ridge,4,NRP1,0.28762613252812597,0.3082194024093178,0.4114370346069336
random,pca_ridge,4,MS4A4A,0.13698903890935,0.16092558489202044,0.23721472918987274
random,pca_ridge,4,LMOD1,0.20968830941202193,0.2130430788875051,0.36922767758369446
random,pca_ridge,4,HBA2,0.06741123996944805,0.04621556580666206,0.07412981986999512
random,pca_ridge,4,PPP1R14A,0.1798824699300519,0.14523212498780072,0.26554301381111145
random,pca_ridge,4,SLITRK6,0.39715883450312706,0.20083560443454174,0.18656812608242035
random,pca_ridge,4,ADD3,0.3214165181556593,0.3608635925027942,0.378655344247818
random,pca_ridge,4,MIA,0.1279601153699414,0.06554355522939663,0.06930503994226456
random,pca_ridge,4,LTF,0.5519665394904012,0.5405025898288844,0.9750111103057861
random,pca_ridge,4,CST7,0.26168719741613183,0.25730343276122525,0.4508819580078125
random,pca_ridge,4,TNF,0.1471139885745815,0.11802853500299831,0.21806684136390686
random,pca_ridge,4,NEXN,0.13155110088127672,0.1582071615933795,0.24995101988315582
random,pca_ridge,4,HBB,0.003099350133549519,0.011982522528361857,0.1172703355550766
random,pca_ridge,4,SP140L,0.08806422515051941,0.11062811311623466,0.33853408694267273
random,pca_ridge,4,CDKN1C,0.14285059869897604,0.12738147805119965,0.4020051062107086
random,pca_ridge,4,ITGB1,0.2047756332043815,0.25095776833421224,0.31676051020622253
random,pca_ridge,4,CLDN11,0.1282388748984742,0.13221860812104377,0.18785153329372406
random,pca_ridge,4,STC2,0.40984981952230704,0.31750559643716564,0.4545391798019409
random,pca_ridge,4,UGT8,0.10259677108764453,0.06338058354291458,0.03848729282617569
random,pca_ridge,4,SOX6,-0.021328122386430663,-0.030952456548355853,0.0962875708937645
random,pca_ridge,4,PDLIM4,0.12641146693240618,0.11910099078346038,0.37034279108047485
random,pca_ridge,4,SEPT4,0.05081328339460133,0.0780826319031348,0.27874332666397095
random,pca_ridge,4,TLR7,0.11657341785355659,0.11209452371061973,0.18795830011367798
random,pca_ridge,4,EBF1,0.15327920258758673,0.11221623378212087,0.2438504844903946
random,pca_ridge,4,FMO2,0.04148151988052708,0.0657496966457701,0.17089669406414032
random,pca_ridge,4,RELN,0.004670169918466788,0.006966416545043021,0.07178620994091034
random,pca_ridge,4,VTI1A,0.04971839584288859,0.1323135303391546,0.3015367388725281
random,spatial_knn,4,PTGDS,0.08303300735800857,0.08362774670106998,0.9988697902028124
random,spatial_knn,4,CD74,0.007536465270495623,0.017172387458900484,1.1913975161863894
random,spatial_knn,4,CCL19,0.03206279703926605,0.035707129137415215,0.9158163064773809
random,spatial_knn,4,COL3A1,0.03670232079745268,0.04165506461853926,1.3297055957161101
random,spatial_knn,4,CXCL14,0.006707216625615997,-0.0014975741886958068,0.8937439921846032
random,spatial_knn,4,ADH1B,0.03562115076433689,-0.006617886054245805,0.4053499576128885
random,spatial_knn,4,TFF3,0.06769442982185779,0.004834335492087627,1.3945026159939184
random,spatial_knn,4,POSTN,0.037000914804072374,0.03387508105960682,1.145401925399088
random,spatial_knn,4,AQP1,0.0006902932813972727,0.0011779528657370549,0.8116169547732043
random,spatial_knn,4,ISG15,-0.012826536539139451,-0.016190380218236055,1.3242328582189593
random,spatial_knn,4,FDCSP,-0.014407721919371883,-0.020308769177783865,0.1838401738772258
random,spatial_knn,4,CFD,0.042387012265743304,0.042698915477878394,0.9442013750367805
random,spatial_knn,4,FABP4,0.05736804201381444,0.023873955794017576,0.5200482896639487
random,spatial_knn,4,ADIRF,0.01745904569796894,0.017436641356970903,0.9792073969443396
random,spatial_knn,4,CCL21,0.08824512987752123,0.08264523949351452,0.6306042913548245
random,spatial_knn,4,CD3D,-0.016456133855930755,-0.006255609282221457,0.5650649119688675
random,spatial_knn,4,CLDN5,-0.02794187050295842,-0.013907514703147264,0.7156690385274647
random,spatial_knn,4,IFIT2,0.049118825174185865,0.04830628066062072,0.3994064759964507
random,spatial_knn,4,PTN,0.06046729165165243,-0.006250163463297506,0.2824009943123285
random,spatial_knn,4,S100B,-0.01803710762315572,-0.024104322804857945,0.3470176428701299
random,spatial_knn,4,ACTG2,-0.008506631570308535,-0.0185734687223482,0.32597322754018343
random,spatial_knn,4,FOS,0.03941363723882132,0.05306523438909881,0.8075849654544204
random,spatial_knn,4,ELN,0.007694187923939893,0.025020465595030256,0.45149367100297105
random,spatial_knn,4,NRP1,-0.013064191538819178,0.008204345108217293,0.4597730431854434
random,spatial_knn,4,MS4A4A,0.015207085532132071,0.03176547351665035,0.2578883172002369
random,spatial_knn,4,LMOD1,0.03753498410210593,0.04230262833851195,0.3883262802455846
random,spatial_knn,4,HBA2,-0.01020132108392724,-0.01582943132770724,0.08465399543185226
random,spatial_knn,4,PPP1R14A,-0.00580198304678047,-0.026146642485495288,0.2843904689548435
random,spatial_knn,4,SLITRK6,0.09040940567541017,0.10075279891552093,0.2069538719424775
random,spatial_knn,4,ADD3,0.000947269449341384,0.03545198239613811,0.42577689138843106
random,spatial_knn,4,MIA,0.05058949168971643,0.05765661729804766,0.07707141746413218
random,spatial_knn,4,LTF,0.07107184591868405,0.06333067235770465,1.2089502988712586
random,spatial_knn,4,CST7,0.04472449423085801,0.033561337755448846,0.48717673016481017
random,spatial_knn,4,TNF,0.018669497843221163,0.026400390692455408,0.22709373694832222
random,spatial_knn,4,NEXN,0.04526277469053206,0.012061660052667898,0.2584622580040457
random,spatial_knn,4,HBB,0.0038167068679319776,0.01047369840019811,0.12641622505069838
random,spatial_knn,4,SP140L,0.0012767644679054372,-0.026676257724987072,0.3524899249232716
random,spatial_knn,4,CDKN1C,0.07657509422731532,0.0658884656885035,0.4185137732091631
random,spatial_knn,4,ITGB1,-0.0029427931832688744,0.015423729103264443,0.34458837780021756
random,spatial_knn,4,CLDN11,-0.012628717898722597,0.019621243340604833,0.20969146047357748
random,spatial_knn,4,STC2,0.030964652990020332,0.026820677190778564,0.5198594459517244
random,spatial_knn,4,UGT8,-0.009324573048708684,-0.013564756961362799,0.0441751986706131
random,spatial_knn,4,SOX6,-0.018008089339016507,-0.027359072084340255,0.10172825402613883
random,spatial_knn,4,PDLIM4,-0.005887495217745046,-0.028284072646133866,0.3926661764500907
random,spatial_knn,4,SEPT4,-0.02315255851627049,-0.009798250827635697,0.2964598064332505
random,spatial_knn,4,TLR7,0.0023413229029444925,-0.014566626738052731,0.19944904042775888
random,spatial_knn,4,EBF1,-0.03062160034076649,-0.03654565872149863,0.25816206294280103
random,spatial_knn,4,FMO2,0.0036818583922244635,0.015265306081808037,0.17632624739736216
random,spatial_knn,4,RELN,-0.0064118401300392765,-0.013070334697301372,0.08211372043153542
random,spatial_knn,4,VTI1A,0.0158790352106897,0.03320853192016052,0.31294264463330645
matched_hop0,mean,4,PTGDS,,,1.0414721965789795
matched_hop0,mean,4,CD74,,,1.1954513788223267
matched_hop0,mean,4,CCL19,0.0,,0.9212877750396729
matched_hop0,mean,4,COL3A1,0.0,,1.2406638860702515
matched_hop0,mean,4,CXCL14,,,0.8145439624786377
matched_hop0,mean,4,ADH1B,0.0,,0.37342870235443115
matched_hop0,mean,4,TFF3,0.0,,1.3263550996780396
matched_hop0,mean,4,POSTN,,,1.095838189125061
matched_hop0,mean,4,AQP1,0.0,,0.7415833473205566
matched_hop0,mean,4,ISG15,,,1.249157190322876
matched_hop0,mean,4,FDCSP,0.0,,0.19955158233642578
matched_hop0,mean,4,CFD,0.0,,0.9759700894355774
matched_hop0,mean,4,FABP4,,,0.39678966999053955
matched_hop0,mean,4,ADIRF,0.0,,0.8746506571769714
matched_hop0,mean,4,CCL21,,,0.6378372311592102
matched_hop0,mean,4,CD3D,,,0.6241225004196167
matched_hop0,mean,4,CLDN5,0.0,,0.6625548005104065
matched_hop0,mean,4,IFIT2,,,0.29562848806381226
matched_hop0,mean,4,PTN,,,0.2414139062166214
matched_hop0,mean,4,S100B,0.0,,0.3237660825252533
matched_hop0,mean,4,ACTG2,,,0.29643914103507996
matched_hop0,mean,4,FOS,0.0,,0.7181036472320557
matched_hop0,mean,4,ELN,,,0.3978422284126282
matched_hop0,mean,4,NRP1,,,0.46394723653793335
matched_hop0,mean,4,MS4A4A,,,0.273026704788208
matched_hop0,mean,4,LMOD1,0.0,,0.31061530113220215
matched_hop0,mean,4,HBA2,,,0.14292117953300476
matched_hop0,mean,4,PPP1R14A,0.0,,0.31161102652549744
matched_hop0,mean,4,SLITRK6,,,0.18380162119865417
matched_hop0,mean,4,ADD3,0.0,,0.4260825514793396
matched_hop0,mean,4,MIA,,,0.11350449174642563
matched_hop0,mean,4,LTF,0.0,,1.1321486234664917
matched_hop0,mean,4,CST7,0.0,,0.4907878637313843
matched_hop0,mean,4,TNF,,,0.18276746571063995
matched_hop0,mean,4,NEXN,,,0.2436409294605255
matched_hop0,mean,4,HBB,,,0.11033661663532257
matched_hop0,mean,4,SP140L,,,0.27850717306137085
matched_hop0,mean,4,CDKN1C,,,0.4463718831539154
matched_hop0,mean,4,ITGB1,,,0.36170756816864014
matched_hop0,mean,4,CLDN11,0.0,,0.2459154725074768
matched_hop0,mean,4,STC2,,,0.5200280547142029
matched_hop0,mean,4,UGT8,,,0.07678718119859695
matched_hop0,mean,4,SOX6,,,0.08158935606479645
matched_hop0,mean,4,PDLIM4,0.0,,0.38614344596862793
matched_hop0,mean,4,SEPT4,0.0,,0.24600419402122498
matched_hop0,mean,4,TLR7,0.0,,0.18573379516601562
matched_hop0,mean,4,EBF1,,,0.25885269045829773
matched_hop0,mean,4,FMO2,,,0.13982419669628143
matched_hop0,mean,4,RELN,,,0.12071698904037476
matched_hop0,mean,4,VTI1A,0.0,,0.2788335978984833
matched_hop0,pca_ridge,4,PTGDS,0.438259398860629,0.440470850490726,0.9336218237876892
matched_hop0,pca_ridge,4,CD74,0.7048109510250612,0.6807824967883201,0.8467353582382202
matched_hop0,pca_ridge,4,CCL19,0.5175882263420286,0.4511490629918135,0.7891011834144592
matched_hop0,pca_ridge,4,COL3A1,0.7152714102811281,0.7065829960608513,0.8678961396217346
matched_hop0,pca_ridge,4,CXCL14,0.45954410192771333,0.49341637960794815,0.7236565351486206
matched_hop0,pca_ridge,4,ADH1B,0.16372159388548865,0.14163970502250964,0.3717156946659088
matched_hop0,pca_ridge,4,TFF3,0.7541267242020017,0.6324763153447706,0.8722883462905884
matched_hop0,pca_ridge,4,POSTN,0.6376582491591114,0.6429144605261945,0.844007134437561
matched_hop0,pca_ridge,4,AQP1,0.24003605721628896,0.21484110493590516,0.7245186567306519
matched_hop0,pca_ridge,4,ISG15,0.6559274640206233,0.6261006063744664,0.9440453052520752
matched_hop0,pca_ridge,4,FDCSP,0.08220866397863268,0.07929274709223827,0.19910654425621033
matched_hop0,pca_ridge,4,CFD,0.31869462865557857,0.27467622659559704,0.9252909421920776
matched_hop0,pca_ridge,4,FABP4,0.19740925140350263,0.1550738128967339,0.39808389544487
matched_hop0,pca_ridge,4,ADIRF,0.3464102693358718,0.3096384277506659,0.8220521211624146
matched_hop0,pca_ridge,4,CCL21,0.2824606926868872,0.29384006336420593,0.6114056706428528
matched_hop0,pca_ridge,4,CD3D,0.2938283574783594,0.31733307482887696,0.5961748361587524
matched_hop0,pca_ridge,4,CLDN5,0.2308437572349033,0.20594198464208924,0.6451559066772461
matched_hop0,pca_ridge,4,IFIT2,0.16624581449017806,0.16431212196512548,0.29311230778694153
matched_hop0,pca_ridge,4,PTN,0.19127653358476626,0.13860829728657148,0.23986032605171204
matched_hop0,pca_ridge,4,S100B,0.2307524852456646,0.17170236139254078,0.31502631306648254
matched_hop0,pca_ridge,4,ACTG2,0.23614545141638266,0.26570755973162313,0.2897210717201233
matched_hop0,pca_ridge,4,FOS,0.42428004793158514,0.3527233982487731,0.6598778367042542
matched_hop0,pca_ridge,4,ELN,0.23933088625637394,0.25471408546181534,0.3876303434371948
matched_hop0,pca_ridge,4,NRP1,0.24325383286086688,0.26240998131386806,0.45020756125450134
matched_hop0,pca_ridge,4,MS4A4A,0.13909891504012623,0.147432467255805,0.27034953236579895
matched_hop0,pca_ridge,4,LMOD1,0.119431029188903,0.11858319544035383,0.309739351272583
matched_hop0,pca_ridge,4,HBA2,0.017544244396886594,0.006739528937218533,0.14332762360572815
matched_hop0,pca_ridge,4,PPP1R14A,0.1097771566662947,0.10262186799712461,0.3100232779979706
matched_hop0,pca_ridge,4,SLITRK6,0.27213833445153857,0.181278255302779,0.17726999521255493
matched_hop0,pca_ridge,4,ADD3,0.32218524598573844,0.3609528005629892,0.4034629166126251
matched_hop0,pca_ridge,4,MIA,0.06403899046578787,0.05177024956871385,0.11370103061199188
matched_hop0,pca_ridge,4,LTF,0.5320571629097981,0.5239289089661064,0.9596788883209229
matched_hop0,pca_ridge,4,CST7,0.2367723048691967,0.24484462462931092,0.4771673083305359
matched_hop0,pca_ridge,4,TNF,0.1301199119106732,0.09942959739485156,0.18140625953674316
matched_hop0,pca_ridge,4,NEXN,0.10773056557209146,0.1340172037036385,0.24246178567409515
matched_hop0,pca_ridge,4,HBB,0.016564543763074733,0.01818525857740154,0.11147388070821762
matched_hop0,pca_ridge,4,SP140L,0.08649442321439618,0.10223924020989693,0.2782149910926819
matched_hop0,pca_ridge,4,CDKN1C,0.12063431838420427,0.09516757072450037,0.4442358911037445
matched_hop0,pca_ridge,4,ITGB1,0.1777039663070109,0.23391926761194265,0.35619229078292847
matched_hop0,pca_ridge,4,CLDN11,0.14290481634851124,0.13476125049624937,0.24354921281337738
matched_hop0,pca_ridge,4,STC2,0.4546237297258985,0.3445794619456663,0.46446171402931213
matched_hop0,pca_ridge,4,UGT8,0.064860778340091,0.07606195622260974,0.07671364396810532
matched_hop0,pca_ridge,4,SOX6,-0.01066456953283166,-0.01840620991435901,0.08221479505300522
matched_hop0,pca_ridge,4,PDLIM4,0.11424959017953087,0.115500914496449,0.38453009724617004
matched_hop0,pca_ridge,4,SEPT4,0.03761113296841271,0.048296109427523416,0.2468397468328476
matched_hop0,pca_ridge,4,TLR7,0.1339856645036001,0.1333151476240574,0.18423038721084595
matched_hop0,pca_ridge,4,EBF1,0.10957973277425936,0.09965525392495654,0.25730961561203003
matched_hop0,pca_ridge,4,FMO2,0.03930197485209083,0.027974870881254135,0.14066866040229797
matched_hop0,pca_ridge,4,RELN,0.050447273846147465,0.0513530278848381,0.12063492834568024
matched_hop0,pca_ridge,4,VTI1A,0.09162892768797434,0.15760957364130773,0.2779788672924042
matched_hop0,spatial_knn,4,PTGDS,0.013772914185655145,0.013022626694723753,1.1255458012185418
matched_hop0,spatial_knn,4,CD74,0.051014665897074735,0.07128735173659248,1.2467072080914654
matched_hop0,spatial_knn,4,CCL19,0.045526212634918996,0.0068251646436734,0.9447034387875521
matched_hop0,spatial_knn,4,COL3A1,0.04675304917047261,0.03597474085089228,1.3341563962175873
matched_hop0,spatial_knn,4,CXCL14,-0.006304130610045425,-0.0049723297585506305,0.8822119185230138
matched_hop0,spatial_knn,4,ADH1B,0.016625786767815065,0.007701991326240453,0.41304207451496155
matched_hop0,spatial_knn,4,TFF3,-0.0091870679379319,-0.008568229029555617,1.5805047980650726
matched_hop0,spatial_knn,4,POSTN,0.012107262173252538,0.01542553536763406,1.1893365645864742
matched_hop0,spatial_knn,4,AQP1,-0.0022855384215186847,-0.006479365436881409,0.7705480423105071
matched_hop0,spatial_knn,4,ISG15,0.002930999626001637,0.0016644658808570806,1.3114126767791943
matched_hop0,spatial_knn,4,FDCSP,0.08063165341582731,0.07463461837159703,0.20017915401655248
matched_hop0,spatial_knn,4,CFD,-0.002912101801056816,-0.004999243315826841,1.0119750480422853
matched_hop0,spatial_knn,4,FABP4,0.04095069176924176,0.024799198093585342,0.47730903047257667
matched_hop0,spatial_knn,4,ADIRF,0.002447136709577848,-0.011277253937895386,0.9133244199535356
matched_hop0,spatial_knn,4,CCL21,0.003799238573573645,-0.0029447620805181604,0.6615032351199329
matched_hop0,spatial_knn,4,CD3D,-0.006092950518888111,-0.006702342650301931,0.65055580662092
matched_hop0,spatial_knn,4,CLDN5,-0.0056574105424446455,-0.0037055405843557116,0.6873733150835147
matched_hop0,spatial_knn,4,IFIT2,0.03872705273138967,0.04153779636439266,0.3149915331712967
matched_hop0,spatial_knn,4,PTN,0.03099476171750734,0.01837202862294293,0.3192418143704717
matched_hop0,spatial_knn,4,S100B,0.034447823913825615,0.03116211094881645,0.33189158869913754
matched_hop0,spatial_knn,4,ACTG2,-0.008256331069023954,0.002056266905062539,0.32498053309879815
matched_hop0,spatial_knn,4,FOS,0.06539363753820604,0.06179675652194483,0.7443933909808612
matched_hop0,spatial_knn,4,ELN,-0.0023696378553471117,0.01157587789709927,0.4254826883127416
matched_hop0,spatial_knn,4,NRP1,0.05315592951597562,0.06698851920716692,0.4740891531613542
matched_hop0,spatial_knn,4,MS4A4A,0.02634952014702166,0.04433827615346035,0.2777792245575281
matched_hop0,spatial_knn,4,LMOD1,0.014329212612308842,0.013308557437347344,0.3193877550848067
matched_hop0,spatial_knn,4,HBA2,-0.008383813235130221,0.0008165943890533161,0.15156794761244669
matched_hop0,spatial_knn,4,PPP1R14A,0.007507037022058972,0.00848242795348765,0.3222837013073901
matched_hop0,spatial_knn,4,SLITRK6,0.004000583149362994,0.027109074061129227,0.1859377639673685
matched_hop0,spatial_knn,4,ADD3,-0.005778032340375197,-0.0015287226538477673,0.456138054436459
matched_hop0,spatial_knn,4,MIA,0.010814173388187145,-0.004215147226399166,0.13538936252943035
matched_hop0,spatial_knn,4,LTF,0.04134523234651538,0.00950361542393521,1.3655985816603577
matched_hop0,spatial_knn,4,CST7,0.036322676928865635,0.04505713386659792,0.501739378337509
matched_hop0,spatial_knn,4,TNF,-0.030388968367271074,-0.021428525599424746,0.18720091606717298
matched_hop0,spatial_knn,4,NEXN,-0.030676065442061157,-0.02772075964143414,0.24912890118203002
matched_hop0,spatial_knn,4,HBB,-0.011057021851271323,-0.0010175467005041976,0.12380777040686355
matched_hop0,spatial_knn,4,SP140L,-0.001922327017708341,-0.006369668505806847,0.2864126626905823
matched_hop0,spatial_knn,4,CDKN1C,-0.0026687175334537384,0.00932884313068136,0.46645300478753715
matched_hop0,spatial_knn,4,ITGB1,0.03990819537137322,0.022929595989375124,0.3748278191869383
matched_hop0,spatial_knn,4,CLDN11,0.04066312621108485,0.03150717343141637,0.24912489387388564
matched_hop0,spatial_knn,4,STC2,0.03970026883882154,0.025793528674766027,0.556543202247499
matched_hop0,spatial_knn,4,UGT8,0.01347320852727538,0.006829854215805336,0.07722848069213128
matched_hop0,spatial_knn,4,SOX6,2.0058587136647342e-05,0.0017966440668305986,0.08317947330316185
matched_hop0,spatial_knn,4,PDLIM4,-0.009066564453234996,-0.010084886197817352,0.3996965885279354
matched_hop0,spatial_knn,4,SEPT4,0.00472882643297444,0.002880952820938331,0.25168639406161725
matched_hop0,spatial_knn,4,TLR7,0.0023039587422879946,0.018656464146830445,0.18967522493229766
matched_hop0,spatial_knn,4,EBF1,-0.011807693896647226,-0.007263579006262264,0.27470428300814814
matched_hop0,spatial_knn,4,FMO2,0.002980514107025777,0.002193069449583341,0.15477145730237252
matched_hop0,spatial_knn,4,RELN,-0.015016953686434974,-0.00035778970027365223,0.13458198090616935
matched_hop0,spatial_knn,4,VTI1A,-0.00890951045800421,0.0056018123667926365,0.28469264956029416
