split,model,seed,gene,pearson,spearman,rmse
random,mean,0,IGKC,,,1.9578934907913208
random,mean,0,SCGB2A2,0.0,,1.5458366870880127
random,mean,0,IGLC2,,,1.8330532312393188
random,mean,0,IGHM,,,1.786257266998291
random,mean,0,AP000769,,,1.4363949298858643
random,mean,0,CD74,,,1.168112874031067
random,mean,0,MUCL1,0.0,,1.7187696695327759
random,mean,0,CHGA,,,0.3803766071796417
random,mean,0,GNAS,0.0,,1.1212584972381592
random,mean,0,IGLC7,,,1.0661146640777588
random,mean,0,IGHG4,0.0,,1.9848397970199585
random,mean,0,COL3A1,0.0,,1.2849900722503662
random,mean,0,S100A9,,,1.7528011798858643
random,mean,0,TFF3,,,1.361043095588684
random,mean,0,JCHAIN,0.0,,0.9959992170333862
random,mean,0,HLA-E,0.0,,1.2167658805847168
random,mean,0,AREG,,,0.3663054406642914
random,mean,0,AGR3,0.0,,0.32153475284576416
random,mean,0,PSMB3,,,1.3106451034545898
random,mean,0,MUC6,0.0,,1.153574824333191
random,mean,0,CCL19,0.0,,0.8581771850585938
random,mean,0,AGR2,,,0.8267630934715271
random,mean,0,FABP7,,,0.42822298407554626
random,mean,0,ISG15,,,1.283833622932434
random,mean,0,KRT15,0.0,,0.7466028332710266
random,mean,0,FNBP1L,,,1.1629822254180908
random,mean,0,FABP4,0.0,,0.4443226456642151
random,mean,0,PTGDS,0.0,,1.0275882482528687
random,mean,0,DCAF12L2,0.0,,0.14735476672649384
random,mean,0,LAPTM4A,,,1.0130908489227295
random,mean,0,SLC9A3R1,0.0,,1.407250165939331
random,mean,0,GLYATL2,,,0.7156345844268799
random,mean,0,TFF1,0.0,,0.7500433325767517
random,mean,0,LTF,,,1.1107079982757568
random,mean,0,ASPH,,,0.8505818247795105
random,mean,0,RHOB,,,0.850499153137207
random,mean,0,S100A8,0.0,,1.5288810729980469
random,mean,0,POSTN,,,1.0996066331863403
random,mean,0,KRT81,,,1.1353702545166016
random,mean,0,CD36,0.0,,0.7559497952461243
random,mean,0,KRT17,,,0.7543794512748718
random,mean,0,SERP1,0.0,,0.8535709381103516
random,mean,0,SCGB3A1,,,1.072880506515503
random,mean,0,IGHD,,,0.5510571599006653
random,mean,0,STOM,,,0.6561989784240723
random,mean,0,ITGAV,0.0,,0.816630482673645
random,mean,0,CCL21,0.0,,0.5589607357978821
random,mean,0,KRT18,0.0,,1.1013414859771729
random,mean,0,SCGB2A1,,,0.4869394898414612
random,mean,0,PVALB,0.0,,0.2575961649417877
random,mean,0,BOD1L1,0.0,,0.4200245440006256
random,mean,0,FAHD2A,,,0.21964871883392334
random,mean,0,SCN8A,,,0.1107833981513977
random,mean,0,KCNB1,,,0.1220705509185791
random,mean,0,ARHGAP21,,,0.3118970990180969
random,mean,0,CRYBA2,0.0,,0.18610379099845886
random,mean,0,PIR,,,0.21647010743618011
random,mean,0,SYT1,,,0.12149348109960556
random,mean,0,SEMA6A,0.0,,0.1497919261455536
random,mean,0,PILRB,0.0,,0.11838231980800629
random,mean,0,WDR13,,,0.8029934167861938
random,mean,0,RAPGEF2,0.0,,0.2692027688026428
random,mean,0,RHOJ,,,0.2726097106933594
random,mean,0,FGF10,,,0.041671738028526306
random,mean,0,SYT17,,,0.2622334361076355
random,mean,0,PPP1R14A,0.0,,0.30054742097854614
random,mean,0,MMRN1,,,0.13886427879333496
random,mean,0,LPIN1,,,0.4471091330051422
random,mean,0,RNASEK,0.0,,0.0838799774646759
random,mean,0,SCAPER,0.0,,0.3096075654029846
random,mean,0,KCNQ2,,,0.280383437871933
random,mean,0,INAFM1,,,0.44967857003211975
random,mean,0,DNAJC24,,,0.15355439484119415
random,mean,0,PMAIP1,,,0.17949673533439636
random,mean,0,MRPL52,,,0.7971827387809753
random,mean,0,C12orf50,0.0,,0.011381318792700768
random,mean,0,ADAM11,0.0,,0.08191116154193878
random,mean,0,MRGPRF,,,0.3790934681892395
random,mean,0,MACROD2,,,0.06847671419382095
random,mean,0,SFSWAP,0.0,,0.530739963054657
random,mean,0,PHIP,,,0.5447138547897339
random,mean,0,AGAP9,,,0.05702674761414528
random,mean,0,HOXC9,,,0.4053975045681
random,mean,0,ITCH,,,0.1991163194179535
random,mean,0,HSPB7,,,0.2112840861082077
random,mean,0,BRD4,,,0.689995527267456
random,mean,0,ADAM32,,,0.0662374347448349
random,mean,0,PMCH,0.0,,0.029097076505422592
random,mean,0,CWF19L2,0.0,,0.34415701031684875
random,mean,0,CTRC,0.0,0.0,0.0031559765338897705
random,mean,0,RBM15,,,0.27917250990867615
random,mean,0,ZNF763,0.0,,0.12110549956560135
random,mean,0,SCG2,,,0.1175508126616478
random,mean,0,ZNF853,0.0,,0.24442633986473083
random,mean,0,TRANK1,,,0.2779867947101593
random,mean,0,TNS1,0.0,,0.5070502758026123
random,mean,0,HIST1H1E,,,0.18216009438037872
random,mean,0,PRRC2C,,,0.757356584072113
random,mean,0,MYO5A,,,0.28946518898010254
random,mean,0,XIAP,,,0.3535400331020355
random,mean,0,TBCK,0.0,,0.2138134390115738
random,mean,0,SSTR2,,,0.2696044445037842
random,mean,0,IGKV1-9,0.0,,0.05056510865688324
random,mean,0,CEP89,,,0.49773284792900085
random,mean,0,SIGLEC11,,,0.06984715163707733
random,mean,0,STEAP2,,,0.2186230570077896
random,mean,0,RAG1,0.0,,0.02860654518008232
random,mean,0,SDPR,,,0.06921643018722534
random,mean,0,CBLN3,,,0.04491221159696579
random,mean,0,SLC16A11,0.0,,0.128635972738266
random,mean,0,AC007906,,,0.13849671185016632
random,mean,0,ZNF114,,,0.13892105221748352
random,mean,0,EXTL1,0.0,,0.10353146493434906
random,mean,0,IGLV3-1,0.0,,0.3807539641857147
random,mean,0,POLR1E,0.0,,0.33200323581695557
random,mean,0,SOX6,,,0.10718882828950882
random,mean,0,H3F3A,,,0.05863615870475769
random,mean,0,SCUBE2,,,0.3952085077762604
random,mean,0,SEPT11,,,0.41895821690559387
random,mean,0,NGFR,0.0,,0.3013334572315216
random,mean,0,HIST1H1B,0.0,,0.1392805576324463
random,mean,0,CACNA2D1,,,0.17437860369682312
random,mean,0,SLFN5,0.0,,0.49583542346954346
random,mean,0,ABCG2,0.0,,0.06818020343780518
random,mean,0,VPS37A,,,0.3215741217136383
random,mean,0,FUT1,,,0.1249823197722435
random,mean,0,AGRP,,,0.06309108436107635
random,mean,0,KDM3B,,,0.4514966607093811
random,mean,0,ADAM17,,,0.5621523261070251
random,mean,0,MRPL21,,,0.5583473443984985
random,mean,0,PLIN4,0.0,,0.3880436420440674
random,mean,0,CFAP69,,,0.16410402953624725
random,mean,0,JAKMIP3,0.0,,0.06723176687955856
random,mean,0,GOLGA8N,,,0.12613430619239807
random,mean,0,CACNA1A,,,0.2147662490606308
random,mean,0,CCDC66,,,0.21036915481090546
random,mean,0,ATP6V1E2,0.0,,0.21481847763061523
random,mean,0,FCHSD1,,,0.383159339427948
random,mean,0,CCR10,0.0,,0.2595032751560211
random,mean,0,CYP20A1,0.0,,0.21991831064224243
random,mean,0,CA11,,,0.26998838782310486
random,mean,0,MAATS1,0.0,,0.15247014164924622
random,mean,0,KCNC1,,,0.039838384836912155
random,mean,0,TNFRSF18,,,0.45668041706085205
random,mean,0,SMAD1,0.0,,0.19347816705703735
random,mean,0,ISM1,0.0,,0.18875229358673096
random,mean,0,EXOSC9,0.0,,0.3412461280822754
random,mean,0,FAM126A,,,0.2315441220998764
random,mean,0,BAZ2B,0.0,,0.49530670046806335
random,mean,0,SGCE,,,0.2107914686203003
random,pca_ridge,0,IGKC,0.8925578471811232,0.8536991354991942,0.8835602402687073
random,pca_ridge,0,SCGB2A2,0.7827230847753884,0.7837443679185915,0.9628559350967407
random,pca_ridge,0,IGLC2,0.8594224670414101,0.7947837831777667,0.9369187355041504
random,pca_ridge,0,IGHM,0.8259006839136692,0.8174588076697707,1.0061570405960083
random,pca_ridge,0,AP000769,0.7221212265970649,0.7316541620392752,0.9942303895950317
random,pca_ridge,0,CD74,0.6952682972960513,0.6627305455464149,0.840509295463562
random,pca_ridge,0,MUCL1,0.8483934849417489,0.7925783357942129,0.9097163677215576
random,pca_ridge,0,CHGA,0.49899813212797806,0.37171827962514054,0.3296872675418854
random,pca_ridge,0,GNAS,0.6502901589178521,0.6045415904814964,0.8515722751617432
random,pca_ridge,0,IGLC7,0.5079778290146268,0.5311194758304962,0.9192489385604858
random,pca_ridge,0,IGHG4,0.8549720474626038,0.8356474378280381,1.032558560371399
random,pca_ridge,0,COL3A1,0.7397211572173806,0.738686525379801,0.8654058575630188
random,pca_ridge,0,S100A9,0.8298885136289766,0.7069924741899377,0.9765430688858032
random,pca_ridge,0,TFF3,0.7098533560333632,0.6039860888955743,0.958565890789032
random,pca_ridge,0,JCHAIN,0.44993037508972117,0.47506549252648544,0.8896627426147461
random,pca_ridge,0,HLA-E,0.6897948697783846,0.7260531401853914,0.8791421055793762
random,pca_ridge,0,AREG,0.40204783689744383,0.2429637660164087,0.3374340534210205
random,pca_ridge,0,AGR3,0.39666722518087555,0.2601470458546836,0.29712218046188354
random,pca_ridge,0,PSMB3,0.6593898425763468,0.6774180095446132,0.9856320023536682
random,pca_ridge,0,MUC6,0.8004510948293618,0.6660725000869987,0.6917912364006042
random,pca_ridge,0,CCL19,0.454915410227016,0.3602851045195221,0.7643687129020691
random,pca_ridge,0,AGR2,0.5124267705451603,0.46704496800686973,0.7101826667785645
random,pca_ridge,0,FABP7,0.5822792705639224,0.32096805268432027,0.34987393021583557
random,pca_ridge,0,ISG15,0.6333386263662881,0.6120788599535396,0.9927628636360168
random,pca_ridge,0,KRT15,0.4106555469958091,0.4251383400574285,0.6813784837722778
random,pca_ridge,0,FNBP1L,0.8591887706213962,0.6958450136909015,0.5942106246948242
random,pca_ridge,0,FABP4,0.2666454873517946,0.2051647625828127,0.42888933420181274
random,pca_ridge,0,PTGDS,0.43736762672013285,0.44283343647731327,0.9257501363754272
random,pca_ridge,0,DCAF12L2,0.33003368302780844,0.16919914870797112,0.139431893825531
random,pca_ridge,0,LAPTM4A,0.612528895102203,0.602708974705539,0.8006802797317505
random,pca_ridge,0,SLC9A3R1,0.7473120476100296,0.6195438427367574,0.9354273080825806
random,pca_ridge,0,GLYATL2,0.7172739951969327,0.5163252122780689,0.5025953650474548
random,pca_ridge,0,TFF1,0.6386943669023728,0.3847580768297656,0.5771675109863281
random,pca_ridge,0,LTF,0.5421029451993985,0.5155276375216907,0.9325145483016968
random,pca_ridge,0,ASPH,0.6033860934547434,0.6035110176189081,0.6797448992729187
random,pca_ridge,0,RHOB,0.4662841507165004,0.5000444269336171,0.7523062229156494
random,pca_ridge,0,S100A8,0.8191782484971893,0.6731980864072106,0.8751434087753296
random,pca_ridge,0,POSTN,0.6583966225186364,0.6648357916988861,0.8273211717605591
random,pca_ridge,0,KRT81,0.8315142704035343,0.7218557625629771,0.6316162347793579
random,pca_ridge,0,CD36,0.6589371237170364,0.5262806188031377,0.5690011978149414
random,pca_ridge,0,KRT17,0.42020227749738714,0.3466011978054207,0.6844983100891113
random,pca_ridge,0,SERP1,0.45561431299712407,0.5062657398818876,0.759323239326477
random,pca_ridge,0,SCGB3A1,0.7896965803740542,0.515802220254507,0.6572067737579346
random,pca_ridge,0,IGHD,0.3574069635809285,0.32012247255811926,0.5146687030792236
random,pca_ridge,0,STOM,0.32343116906213965,0.3501977770829435,0.6217854022979736
random,pca_ridge,0,ITGAV,0.437949175516938,0.4720200454811736,0.7351546287536621
random,pca_ridge,0,CCL21,0.287145164793847,0.29464595827044154,0.5353734493255615
random,pca_ridge,0,KRT18,0.4511347463267791,0.3730110398087527,0.9840541481971741
random,pca_ridge,0,SCGB2A1,0.42108224708529607,0.40375364356952864,0.4433499276638031
random,pca_ridge,0,PVALB,0.3797882741537059,0.22470713249467378,0.2383771389722824
random,pca_ridge,0,BOD1L1,0.19881804238966908,0.29038057392697375,0.4116572439670563
random,pca_ridge,0,FAHD2A,0.06615843746423976,0.10121975678773143,0.21925441920757294
random,pca_ridge,0,SCN8A,0.07060975168131142,0.10468906914879565,0.11054203659296036
random,pca_ridge,0,KCNB1,-0.0019212414461491486,0.030302360747610252,0.12253715842962265
random,pca_ridge,0,ARHGAP21,0.10120003723832242,0.1572933941306404,0.3109680414199829
random,pca_ridge,0,CRYBA2,0.13724223467512955,0.09879471995429409,0.18510018289089203
random,pca_ridge,0,PIR,0.1751376242690559,0.18324733763398393,0.21313700079917908
random,pca_ridge,0,SYT1,0.11143560869881512,0.10378459258435367,0.12098203599452972
random,pca_ridge,0,SEMA6A,0.20096707285851317,0.16041155754607336,0.14790600538253784
random,pca_ridge,0,PILRB,0.0578408501176674,0.06629418902772016,0.11841629445552826
random,pca_ridge,0,WDR13,0.17103185994452322,0.20936609432766107,0.7932431101799011
random,pca_ridge,0,RAPGEF2,0.11762329871308848,0.20397195972491633,0.26746511459350586
random,pca_ridge,0,RHOJ,0.09428301772275535,0.08082510614620224,0.2714385688304901
random,pca_ridge,0,FGF10,0.014466183695915407,0.016984532966444227,0.04197314381599426
random,pca_ridge,0,SYT17,0.09845429695589218,0.13273586550061944,0.2609022259712219
random,pca_ridge,0,PPP1R14A,0.09005874207387726,0.06114084712425724,0.2998409867286682
random,pca_ridge,0,MMRN1,0.08396296758056683,0.053669126138786286,0.13840967416763306
random,pca_ridge,0,LPIN1,0.20297526456787693,0.30641779258579266,0.43782705068588257
random,pca_ridge,0,RNASEK,-0.044705157957588525,-0.030392425662851292,0.08440282940864563
random,pca_ridge,0,SCAPER,0.15251824039921813,0.136599434873446,0.3063187897205353
random,pca_ridge,0,KCNQ2,0.4549695458591629,0.24992236297942505,0.24969971179962158
random,pca_ridge,0,INAFM1,0.096910487167603,0.12835330634131512,0.4485993981361389
random,pca_ridge,0,DNAJC24,0.07392956567624855,0.08441168472755124,0.1531837433576584
random,pca_ridge,0,PMAIP1,0.09220706181492017,0.10125810691660879,0.17915430665016174
random,pca_ridge,0,MRPL52,0.2612135634396519,0.32627037237040846,0.7699076533317566
random,pca_ridge,0,C12orf50,0.008326455820139824,0.012237224551473662,0.012620683759450912
random,pca_ridge,0,ADAM11,0.1309473587358815,0.10384098746710718,0.08140553534030914
random,pca_ridge,0,MRGPRF,0.10074628609547095,0.12759567187537157,0.37848225235939026
random,pca_ridge,0,MACROD2,0.011188705518226738,0.02902576113937201,0.06900464743375778
random,pca_ridge,0,SFSWAP,0.1965178923933966,0.28608714502229776,0.5204506516456604
random,pca_ridge,0,PHIP,0.1865722231573107,0.2753166241252789,0.5364609360694885
random,pca_ridge,0,AGAP9,0.016949480787526613,0.02417704371892946,0.057240892201662064
random,pca_ridge,0,HOXC9,0.12839113863238819,0.12520574253086508,0.40233495831489563
random,pca_ridge,0,ITCH,0.04722328743689085,0.12448139078408937,0.19929125905036926
random,pca_ridge,0,HSPB7,0.02376757900544587,0.052655651020047725,0.21269986033439636
random,pca_ridge,0,BRD4,0.1000800648330187,0.21075391131286353,0.6889480352401733
random,pca_ridge,0,ADAM32,0.02778137080041796,0.044038966144879135,0.06632707267999649
random,pca_ridge,0,PMCH,0.04167551624931743,0.04703002529932153,0.03003000281751156
random,pca_ridge,0,CWF19L2,0.13768803239311167,0.14290510740791856,0.340960830450058
random,pca_ridge,0,CTRC,,,0.005729238502681255
random,pca_ridge,0,RBM15,0.17796290034084106,0.2652521748861189,0.2750779390335083
random,pca_ridge,0,ZNF763,0.027771663675264877,0.044177754482468926,0.12117152661085129
random,pca_ridge,0,SCG2,0.02280526583128114,0.05550784286751332,0.117835134267807
random,pca_ridge,0,ZNF853,0.09070693050031109,0.11096676637459119,0.24416443705558777
random,pca_ridge,0,TRANK1,0.11323306672538526,0.14422235781598272,0.2764028012752533
random,pca_ridge,0,TNS1,0.18298742729725562,0.22603431466236334,0.4985022246837616
random,pca_ridge,0,HIST1H1E,0.07279899465031632,0.053900839974897294,0.1817394345998764
random,pca_ridge,0,PRRC2C,0.3138285236256261,0.3894640904216401,0.7210086584091187
random,pca_ridge,0,MYO5A,0.17858643155461973,0.20646534267857655,0.2849107086658478
random,pca_ridge,0,XIAP,0.18667662864164153,0.24914681337225786,0.3474886417388916
random,pca_ridge,0,TBCK,0.09688554310298889,0.14892002882765693,0.21340571343898773
random,pca_ridge,0,SSTR2,0.12085929883177811,0.09225846998861856,0.26801154017448425
random,pca_ridge,0,IGKV1-9,0.05412396087510614,0.05544651211627959,0.05061864107847214
random,pca_ridge,0,CEP89,0.10714112320849815,0.19285893933643644,0.49529024958610535
random,pca_ridge,0,SIGLEC11,0.015765103017782476,0.019837387376291267,0.07009865343570709
random,pca_ridge,0,STEAP2,0.164618979917449,0.1398593327553735,0.21564702689647675
random,pca_ridge,0,RAG1,0.0035427199017483576,0.004441157843405459,0.02881910651922226
random,pca_ridge,0,SDPR,-0.014642761600605705,-0.0012916504361515544,0.07111325860023499
random,pca_ridge,0,CBLN3,0.021674620780212577,0.03222622003960419,0.04538043215870857
random,pca_ridge,0,SLC16A11,0.03291302139433507,0.035800560086141055,0.12859001755714417
random,pca_ridge,0,AC007906,0.05847126877736088,0.07164521300250591,0.13895569741725922
random,pca_ridge,0,ZNF114,0.012987710460002052,0.020072191101602258,0.1389843374490738
random,pca_ridge,0,EXTL1,-0.009978693012722894,0.005804369226317497,0.1041087880730629
random,pca_ridge,0,IGLV3-1,0.1883895642939437,0.19961320537106614,0.3740234971046448
random,pca_ridge,0,POLR1E,0.12035364619980189,0.2141556932594759,0.3297457993030548
random,pca_ridge,0,SOX6,0.01806561056429112,0.024173750666276243,0.10727893561124802
random,pca_ridge,0,H3F3A,-0.04287462068038291,-0.025927340578490967,0.06082230433821678
random,pca_ridge,0,SCUBE2,0.32089793043122444,0.2967334032347416,0.3743133246898651
random,pca_ridge,0,SEPT11,0.22780464742886405,0.27848755193411684,0.4080037772655487
random,pca_ridge,0,NGFR,0.16114705614007774,0.1686698110671958,0.297447144985199
random,pca_ridge,0,HIST1H1B,-0.0051284837391937675,0.01137699098996335,0.1395127773284912
random,pca_ridge,0,CACNA2D1,0.020649873550494944,0.03666204962569957,0.17463643848896027
random,pca_ridge,0,SLFN5,0.27446512257885236,0.26684852175520035,0.477046400308609
random,pca_ridge,0,ABCG2,-0.01709945002175846,-0.009255523248733395,0.06855849921703339
random,pca_ridge,0,VPS37A,0.10967682616506437,0.19671708580553404,0.31970125436782837
random,pca_ridge,0,FUT1,0.03530103768800173,0.06395445609681502,0.1252976804971695
random,pca_ridge,0,AGRP,0.015299260452959706,0.02414398662277068,0.06319455802440643
random,pca_ridge,0,KDM3B,0.22576216249892278,0.34181509470792976,0.43981048464775085
random,pca_ridge,0,ADAM17,0.11694794607505228,0.20586386745241977,0.5587959885597229
random,pca_ridge,0,MRPL21,0.3389361108409579,0.4370141854032871,0.5259127616882324
random,pca_ridge,0,PLIN4,0.18470239651981238,0.09278488850843568,0.38147008419036865
random,pca_ridge,0,CFAP69,0.005449672653342148,0.04497569605466266,0.16489693522453308
random,pca_ridge,0,JAKMIP3,0.03402571940903668,0.04709177259915151,0.06728731095790863
random,pca_ridge,0,GOLGA8N,0.03858200913205785,0.037743293472366,0.12604184448719025
random,pca_ridge,0,CACNA1A,0.03878163523275022,0.06371543867230688,0.21561570465564728
random,pca_ridge,0,CCDC66,0.058914625408715095,0.10616346182384834,0.21096031367778778
random,pca_ridge,0,ATP6V1E2,0.0791682746832448,0.14471661715338152,0.21420054137706757
random,pca_ridge,0,FCHSD1,0.1325175869523222,0.13539419175921594,0.3798626959323883
random,pca_ridge,0,CCR10,0.0946705262806675,0.0667837155648127,0.2583470344543457
random,pca_ridge,0,CYP20A1,0.10887751126448268,0.1557812920755976,0.21862204372882843
random,pca_ridge,0,CA11,0.04835315667250115,0.07287067912620153,0.2712453305721283
random,pca_ridge,0,MAATS1,0.08934705073932483,0.11208456621807335,0.15188682079315186
random,pca_ridge,0,KCNC1,0.07909599482623851,0.06628981519593179,0.040114626288414
random,pca_ridge,0,TNFRSF18,0.208433079145481,0.22868284632082697,0.446755588054657
random,pca_ridge,0,SMAD1,0.13674341527249376,0.09433618989266045,0.19167430698871613
random,pca_ridge,0,ISM1,0.18697237760425933,0.1827808177069897,0.18574875593185425
random,pca_ridge,0,EXOSC9,0.2379477122632497,0.3172949443428058,0.33153748512268066
random,pca_ridge,0,FAM126A,0.13477880610939094,0.19221148654206444,0.2294653356075287
random,pca_ridge,0,BAZ2B,0.29131980720959244,0.3859500768997223,0.4744585156440735
random,pca_ridge,0,SGCE,0.07410317862127921,0.11521126167750895,0.2107023149728775
random,spatial_knn,0,IGKC,-0.021232384282042147,-0.007355887070919013,2.0508339586205135
random,spatial_knn,0,SCGB2A2,-0.004650557838825302,-0.004305539868653816,1.6306048499075048
random,spatial_knn,0,IGLC2,0.014903117702354396,0.022735365632989845,1.9148287786930867
random,spatial_knn,0,IGHM,0.022766207789701922,0.014394302431978569,1.8658994666644118
random,spatial_knn,0,AP000769,0.053854080192925854,0.010786681552071034,1.4901128351698794
random,spatial_knn,0,CD74,0.04492688783898037,0.05776315119249331,1.2150286394032768
random,spatial_knn,0,MUCL1,0.04181418062690294,0.010778503517903945,1.7946303332965015
random,spatial_knn,0,CHGA,0.16268045199752348,0.10442642993362909,0.38762232034069366
random,spatial_knn,0,GNAS,0.046213323535764114,0.048868013701306036,1.171010875823707
random,spatial_knn,0,IGLC7,0.0357977152948476,0.03291127032109737,1.1104612880401914
random,spatial_knn,0,IGHG4,0.04952282224514937,0.026250540671082612,2.0537788927070095
random,spatial_knn,0,COL3A1,0.06336307905553579,0.05180117593903473,1.333754801517155
random,spatial_knn,0,S100A9,-0.029527269976275056,-0.051661306767676336,1.8468666873350739
random,spatial_knn,0,TFF3,0.13056227178562732,0.08605930221282138,1.3887445470866981
random,spatial_knn,0,JCHAIN,0.009737630409473034,0.001130105484007948,1.0493241770259796
random,spatial_knn,0,HLA-E,0.01925894035633295,0.007199994292730923,1.2685478733666478
random,spatial_knn,0,AREG,0.11183598142177714,0.07645148368021706,0.38203992445231955
random,spatial_knn,0,AGR3,0.030058870514517343,0.07138979271543318,0.3295189417206968
random,spatial_knn,0,PSMB3,0.08358889744583016,0.06703025014830118,1.3521451788815344
random,spatial_knn,0,MUC6,0.09895038605505231,0.0452156206546894,1.193919784184525
random,spatial_knn,0,CCL19,0.05294512777313143,0.07553699271546714,0.8962739459534292
random,spatial_knn,0,AGR2,0.038556365290946734,-0.007942439121384306,0.8681237160894201
random,spatial_knn,0,FABP7,0.12601785422747722,0.10054546543980632,0.43880820736683784
random,spatial_knn,0,ISG15,0.014246178035654688,0.0070129967216905,1.3487379662306365
random,spatial_knn,0,KRT15,0.022702481417684734,-0.026235702661666728,0.7899198478705114
random,spatial_knn,0,FNBP1L,-0.047425479125622005,-0.04208936172396752,1.2302899762129367
random,spatial_knn,0,FABP4,0.12721876788003036,0.08477601397281523,0.45112645132276896
random,spatial_knn,0,PTGDS,0.03612014276896118,0.04102906203822971,1.0706718610747004
random,spatial_knn,0,DCAF12L2,0.0556498283717889,0.12803320719666056,0.15368921532230762
random,spatial_knn,0,LAPTM4A,0.11210934084119271,0.11117090568119788,1.0332677736209515
random,spatial_knn,0,SLC9A3R1,0.014142073139857797,-0.012750348943381548,1.480978295360791
random,spatial_knn,0,GLYATL2,-0.0033646045693444373,0.03311556209702266,0.7484033801005711
random,spatial_knn,0,TFF1,0.037007119095185156,0.03369289704098387,0.7948883778224638
random,spatial_knn,0,LTF,0.05587841461228887,0.037119181551698334,1.1608271408491186
random,spatial_knn,0,ASPH,0.020622092935269853,0.026543360070113722,0.8910154035109172
random,spatial_knn,0,RHOB,0.04083932257248293,0.0452704390747372,0.8866082798909112
random,spatial_knn,0,S100A8,0.04203950799620571,0.01686799531491348,1.59686435012678
random,spatial_knn,0,POSTN,0.07553507907649758,0.06692688430466577,1.1374759301398492
random,spatial_knn,0,KRT81,0.16549414059640527,0.08953618118281487,1.1435697934841809
random,spatial_knn,0,CD36,-0.010350598094727284,-0.02115121507291522,0.7999282860808544
random,spatial_knn,0,KRT17,0.02523722616389782,0.013163085442120193,0.7928872712857036
random,spatial_knn,0,SERP1,-0.013275601327490765,-0.02116755205697303,0.9001047620853235
random,spatial_knn,0,SCGB3A1,0.06695802729786006,0.03583640103097241,1.1138046362891443
random,spatial_knn,0,IGHD,0.02257820488426679,0.006466681426069256,0.5771657941407078
random,spatial_knn,0,STOM,0.030579255367179238,0.051540510804850254,0.6915666785878775
random,spatial_knn,0,ITGAV,-0.03191562547790038,-0.03461258200748343,0.8718801137925702
random,spatial_knn,0,CCL21,0.05047622370245523,0.024957516236294747,0.5872816432931224
random,spatial_knn,0,KRT18,-0.026617605187331743,-0.00457374307760649,1.1705545922206069
random,spatial_knn,0,SCGB2A1,0.07857722447459511,0.11177082648952665,0.5008731578975949
random,spatial_knn,0,PVALB,0.03892698924238714,0.07786152759290862,0.272292826058603
random,spatial_knn,0,BOD1L1,-0.020688978047085176,-0.019284160012830797,0.441902465237534
random,spatial_knn,0,FAHD2A,-0.033784513448976684,-0.02494888239356387,0.23225783524757782
random,spatial_knn,0,SCN8A,-0.0063840386969032424,-0.01538793585708964,0.11642752532907591
random,spatial_knn,0,KCNB1,0.10501812650721967,0.03592261200394925,0.1233515825272896
random,spatial_knn,0,ARHGAP21,0.013032615832384754,0.020904352972312124,0.32685624664886603
random,spatial_knn,0,CRYBA2,0.11308174589376721,0.027679451415229078,0.18920970723287575
random,spatial_knn,0,PIR,0.03540018930955568,-0.006248075297810774,0.22460701326043667
random,spatial_knn,0,SYT1,-0.006733623015365717,0.028725318927402793,0.12777314157800765
random,spatial_knn,0,SEMA6A,0.0475728188394739,0.09343910036539253,0.16493977974662363
random,spatial_knn,0,PILRB,0.04588450463008195,0.007713084780778483,0.12154382991657366
random,spatial_knn,0,WDR13,0.01788148718190708,0.020843177918165,0.8453132709412066
random,spatial_knn,0,RAPGEF2,0.016466425672470274,-0.02629693405818255,0.27974157893291784
random,spatial_knn,0,RHOJ,-0.03080961209238412,-0.006927299423227005,0.2825026011836722
random,spatial_knn,0,FGF10,-0.0036282482229736054,-0.006495839999067778,0.051918028368224914
random,spatial_knn,0,SYT17,-0.018303560342721053,-0.018764300230801518,0.27041202293437616
random,spatial_knn,0,PPP1R14A,-0.02545578418181434,-0.040634145762103537,0.31636513904302427
random,spatial_knn,0,MMRN1,0.03579159868171897,0.04888980779718009,0.14238029703146307
random,spatial_knn,0,LPIN1,0.008774186841761799,0.027281620292229036,0.46837863237453226
random,spatial_knn,0,RNASEK,-0.007294245766878962,-0.011544933417957646,0.08653668472627381
random,spatial_knn,0,SCAPER,-0.005240890793435127,-0.024004438590391457,0.31992707286329003
random,spatial_knn,0,KCNQ2,0.04281038661573407,0.06242840028624577,0.2894840820741734
random,spatial_knn,0,INAFM1,-0.03085409385009475,-0.004360355634275686,0.4821452841564612
random,spatial_knn,0,DNAJC24,-0.012818523002665968,-0.0012825414493164446,0.1672642110750748
random,spatial_knn,0,PMAIP1,-0.013057923390934999,0.005104870415700415,0.18739853590100305
random,spatial_knn,0,MRPL52,-0.058700802207181296,-0.0625029123857124,0.8575374471995705
random,spatial_knn,0,C12orf50,-0.003649846380457083,-0.004951782512152128,0.023406078146031295
random,spatial_knn,0,ADAM11,-0.006729446128458423,0.0030441443048397285,0.08727975814886789
random,spatial_knn,0,MRGPRF,-0.014989325008640243,-0.009949262361830389,0.3992087395089995
random,spatial_knn,0,MACROD2,-0.014501574086820465,-0.025415242566221994,0.0800597690214669
random,spatial_knn,0,SFSWAP,0.0013654077654679723,0.010198877345076362,0.5594207383404785
random,spatial_knn,0,PHIP,0.03573070481504615,0.028074843854776668,0.5692658334978149
random,spatial_knn,0,AGAP9,0.002885438229725131,0.02693784121392083,0.06115842026447078
random,spatial_knn,0,HOXC9,-0.031968065754983156,-0.02168349878896667,0.4302370351769385
random,spatial_knn,0,ITCH,0.03870039415722627,0.05726695540162218,0.20799935729534139
random,spatial_knn,0,HSPB7,-0.017605983915084666,-0.03357562231844867,0.22490152700810842
random,spatial_knn,0,BRD4,0.006870815887575101,0.024800255962827936,0.7242863272814875
random,spatial_knn,0,ADAM32,-0.007741583642342667,-0.011346442486219034,0.06949112520151837
random,spatial_knn,0,PMCH,-0.011931214309731172,-0.01558832576363684,0.03359287119779794
random,spatial_knn,0,CWF19L2,0.051902520698731545,0.022962296609244138,0.3550632430031125
random,spatial_knn,0,CTRC,,,0.020631975497973586
random,spatial_knn,0,RBM15,0.0003159959056120755,-0.009978478085884292,0.2920521074961506
random,spatial_knn,0,ZNF763,-0.014025049876041258,-0.014535623620666193,0.12643288070514244
random,spatial_knn,0,SCG2,-0.012193331314447236,0.027998948386626143,0.1211585882820331
random,spatial_knn,0,ZNF853,0.020937446058561918,0.013976647895789998,0.25372275885051726
random,spatial_knn,0,TRANK1,0.006254645170528491,0.035647759215043553,0.29281421099573185
random,spatial_knn,0,TNS1,-0.03424122614084341,-0.020563532020919102,0.5352348328626004
random,spatial_knn,0,HIST1H1E,-0.030418773781883537,-0.04020971725780217,0.19178689477173053
random,spatial_knn,0,PRRC2C,-0.024351694746719683,-0.029539707999149966,0.797183384297958
random,spatial_knn,0,MYO5A,-0.018027588186681247,-0.01643595836528763,0.30293884058031306
random,spatial_knn,0,XIAP,-0.050118047455185576,-0.024029085565347514,0.3787373052288162
random,spatial_knn,0,TBCK,0.011900925033889407,0.03916562713045374,0.22422422630915384
random,spatial_knn,0,SSTR2,-0.03638457932439832,-0.030793230773650666,0.28551601456018466
random,spatial_knn,0,IGKV1-9,-0.006860301615735691,-0.010030237927058835,0.05574251574016025
random,spatial_knn,0,CEP89,0.001452072430296045,-0.024823765294479515,0.5231815645756392
random,spatial_knn,0,SIGLEC11,-0.00798290603042734,-0.009905782139677985,0.07484901170610254
random,spatial_knn,0,STEAP2,0.03321919866951619,0.04667874614325458,0.2307647531729754
random,spatial_knn,0,RAG1,-0.004898950279703119,-0.006317903951150125,0.030532231393635104
random,spatial_knn,0,SDPR,-0.012250763105310168,0.012024425891314746,0.08656731939578688
random,spatial_knn,0,CBLN3,0.0013314408033026884,0.031625595864765675,0.05920456377430189
random,spatial_knn,0,SLC16A11,-0.007880250241079866,-0.014122464218789012,0.1319951340211828
random,spatial_knn,0,AC007906,0.004124199119498644,0.05746385490011069,0.1462812971289259
random,spatial_knn,0,ZNF114,-0.009237360247740392,-0.01196940355216397,0.1396685752605961
random,spatial_knn,0,EXTL1,-0.011484831075014669,-0.023865104186148567,0.11529483535142715
random,spatial_knn,0,IGLV3-1,-0.0123097275038904,-0.006244408241664945,0.4042088528306829
random,spatial_knn,0,POLR1E,-0.006632738329283335,-0.012649241291600112,0.3506981315125725
random,spatial_knn,0,SOX6,-0.014864818858714424,-0.02102947847205564,0.10911079922306839
random,spatial_knn,0,H3F3A,0.001998105643986895,0.010184669981237847,0.07128511164334791
random,spatial_knn,0,SCUBE2,-0.027253821484090866,-0.006483613896876676,0.4215028658993084
random,spatial_knn,0,SEPT11,0.02078396914811882,0.012687991442326706,0.4393798304018974
random,spatial_knn,0,NGFR,0.053940391477106026,0.050272775926340905,0.31041525064904807
random,spatial_knn,0,HIST1H1B,-0.010315893529700516,-0.01512386615988664,0.1412240409150389
random,spatial_knn,0,CACNA2D1,-0.02265154072402323,0.003813716950802975,0.17882186285677007
random,spatial_knn,0,SLFN5,0.037947377070247694,0.03676702493268035,0.5227056507093775
random,spatial_knn,0,ABCG2,-0.006514007793933942,-0.009316887598805612,0.07135165397685556
random,spatial_knn,0,VPS37A,-0.03910078449419949,-0.012092760595636534,0.3359172713397658
random,spatial_knn,0,FUT1,-0.022179948401948063,-0.03192812842243732,0.132565856445362
random,spatial_knn,0,AGRP,-0.0041418322857803,-0.005851927245223877,0.06587961543454098
random,spatial_knn,0,KDM3B,0.015432800917513739,0.04013398247587136,0.4706665025244277
random,spatial_knn,0,ADAM17,-0.003999206142191872,-0.009820020749156801,0.5878235883134174
random,spatial_knn,0,MRPL21,0.03320937890554464,0.025220537605156572,0.5850314301314553
random,spatial_knn,0,PLIN4,0.026245125183859526,0.03641766387192082,0.405626522290531
random,spatial_knn,0,CFAP69,0.024641896873542034,0.0044090074834668685,0.1697427365537865
random,spatial_knn,0,JAKMIP3,-0.012192336576298573,-0.01574745044004324,0.07072364867149075
random,spatial_knn,0,GOLGA8N,-0.010261685037825848,-0.01815060736517895,0.1285368479909565
random,spatial_knn,0,CACNA1A,0.06188755187834555,0.01731644568757907,0.22098957672661582
random,spatial_knn,0,CCDC66,0.023911799050592597,0.011001997069173642,0.22679020602449357
random,spatial_knn,0,ATP6V1E2,-0.022846774519848956,-0.03678056972650854,0.22669896175148463
random,spatial_knn,0,FCHSD1,0.007974594166523874,0.030971156078662847,0.40483209830873806
random,spatial_knn,0,CCR10,-0.0019560401643171875,0.013761342492293062,0.2706687673681825
random,spatial_knn,0,CYP20A1,-0.006917556968773248,0.011983335383313361,0.23214395787547173
random,spatial_knn,0,CA11,-0.007728545575589949,0.026386515902653822,0.29147694463345486
random,spatial_knn,0,MAATS1,-0.029783581372625233,-0.045209365007008395,0.15914226646740004
random,spatial_knn,0,KCNC1,0.01279869630786512,0.06640663534402524,0.042099927291149516
random,spatial_knn,0,TNFRSF18,-0.036039245831593764,-0.020479118993176268,0.4867399323115508
random,spatial_knn,0,SMAD1,-0.0024882028737322117,0.0013714319687543515,0.20706600352948668
random,spatial_knn,0,ISM1,-0.01739326899555721,6.610407046915151e-05,0.20267066473455003
random,spatial_knn,0,EXOSC9,-0.058490492987376005,-0.05229237483690785,0.3659355318586998
random,spatial_knn,0,FAM126A,-0.026170229491003894,-0.012603213323090038,0.24601886168245882
random,spatial_knn,0,BAZ2B,0.022804060371568464,0.006900840216035238,0.5181923403097535
random,spatial_knn,0,SGCE,-0.0019385120965999742,-0.01667462058917743,0.22252859976394268
patient_A,mean,0,IGKC,0.0,,4.28173303604126
patient_A,mean,0,SCGB2A2,,,2.4097189903259277
patient_A,mean,0,IGLC2,,,3.7727231979370117
patient_A,mean,0,IGHM,0.0,,2.7473556995391846
patient_A,mean,0,AP000769,0.0,,1.1605887413024902
patient_A,mean,0,CD74,,,1.9160035848617554
patient_A,mean,0,MUCL1,0.0,,3.1158154010772705
patient_A,mean,0,CHGA,,,0.10839033871889114
patient_A,mean,0,GNAS,,,0.9741044640541077
patient_A,mean,0,IGLC7,,,0.9325222373008728
patient_A,mean,0,IGHG4,0.0,,2.35098934173584
patient_A,mean,0,COL3A1,,,0.9095775485038757
patient_A,mean,0,S100A9,,,1.8907285928726196
patient_A,mean,0,TFF3,,,1.0471965074539185
patient_A,mean,0,JCHAIN,0.0,,0.6965784430503845
patient_A,mean,0,HLA-E,,,1.7774579524993896
patient_A,mean,0,AREG,,,0.4593168795108795
patient_A,mean,0,AGR3,,,0.09158078581094742
patient_A,mean,0,PSMB3,,,1.3243495225906372
patient_A,mean,0,MUC6,,,1.7102190256118774
patient_A,mean,0,CCL19,,,0.515541672706604
patient_A,mean,0,AGR2,0.0,,0.6081003546714783
patient_A,mean,0,FABP7,,,0.29512375593185425
patient_A,mean,0,ISG15,,,1.215440273284912
patient_A,mean,0,KRT15,,,0.4768572449684143
patient_A,mean,0,FNBP1L,,,2.5368425846099854
patient_A,mean,0,FABP4,,,0.3113690912723541
patient_A,mean,0,PTGDS,,,0.7680424451828003
patient_A,mean,0,DCAF12L2,,,0.04846475273370743
patient_A,mean,0,LAPTM4A,0.0,,0.8230586051940918
patient_A,mean,0,SLC9A3R1,0.0,,1.206015706062317
patient_A,mean,0,GLYATL2,,,0.37294963002204895
patient_A,mean,0,TFF1,,,0.45741403102874756
patient_A,mean,0,LTF,0.0,,0.8849218487739563
patient_A,mean,0,ASPH,,,1.1035974025726318
patient_A,mean,0,RHOB,,,0.7752907872200012
patient_A,mean,0,S100A8,,,1.3548483848571777
patient_A,mean,0,POSTN,,,0.910778820514679
patient_A,mean,0,KRT81,,,1.777470350265503
patient_A,mean,0,CD36,,,0.4225640594959259
patient_A,mean,0,KRT17,0.0,,0.48933106660842896
patient_A,mean,0,SERP1,,,0.9417262077331543
patient_A,mean,0,SCGB3A1,,,0.6751943230628967
patient_A,mean,0,IGHD,,,0.20902492105960846
patient_A,mean,0,STOM,,,0.4936007261276245
patient_A,mean,0,ITGAV,,,0.6464035511016846
patient_A,mean,0,CCL21,,,0.2985023260116577
patient_A,mean,0,KRT18,,,0.8209816813468933
patient_A,mean,0,SCGB2A1,,,0.47771894931793213
patient_A,mean,0,PVALB,0.0,0.0,0.03843364864587784
patient_A,mean,0,BOD1L1,,,0.4264145791530609
patient_A,mean,0,FAHD2A,,,0.12225189805030823
patient_A,mean,0,SCN8A,0.0,,0.09023754298686981
patient_A,mean,0,KCNB1,,,0.14098872244358063
patient_A,mean,0,ARHGAP21,0.0,,0.23279275000095367
patient_A,mean,0,CRYBA2,,,0.058266185224056244
patient_A,mean,0,PIR,,,0.2115710824728012
patient_A,mean,0,SYT1,,,0.048862189054489136
patient_A,mean,0,SEMA6A,,,0.12108246982097626
patient_A,mean,0,PILRB,,,0.11531317979097366
patient_A,mean,0,WDR13,,,0.6665028929710388
patient_A,mean,0,RAPGEF2,0.0,,0.27901333570480347
patient_A,mean,0,RHOJ,,,0.14917634427547455
patient_A,mean,0,FGF10,0.0,,0.050525423139333725
patient_A,mean,0,SYT17,0.0,,0.2271265983581543
patient_A,mean,0,PPP1R14A,,,0.17372581362724304
patient_A,mean,0,MMRN1,,,0.06959287077188492
patient_A,mean,0,LPIN1,,,0.43349647521972656
patient_A,mean,0,RNASEK,,,0.05633242428302765
patient_A,mean,0,SCAPER,0.0,,0.2118852585554123
patient_A,mean,0,KCNQ2,,,0.08080915361642838
patient_A,mean,0,INAFM1,0.0,,0.38279590010643005
patient_A,mean,0,DNAJC24,,,0.13964897394180298
patient_A,mean,0,PMAIP1,0.0,,0.09048434346914291
patient_A,mean,0,MRPL52,,,0.6804631948471069
patient_A,mean,0,C12orf50,0.0,,0.07577869296073914
patient_A,mean,0,ADAM11,0.0,,0.21440543234348297
patient_A,mean,0,MRGPRF,,,0.21453119814395905
patient_A,mean,0,MACROD2,0.0,,0.08841361105442047
patient_A,mean,0,SFSWAP,,,0.4823716878890991
patient_A,mean,0,PHIP,0.0,,0.49390193819999695
patient_A,mean,0,AGAP9,,,0.07462634891271591
patient_A,mean,0,HOXC9,0.0,,0.2456548660993576
patient_A,mean,0,ITCH,,,0.18274524807929993
patient_A,mean,0,HSPB7,,,0.1807205080986023
patient_A,mean,0,BRD4,,,0.5800164937973022
patient_A,mean,0,ADAM32,,,0.07123760879039764
patient_A,mean,0,PMCH,,,0.022678839042782784
patient_A,mean,0,CWF19L2,0.0,,0.2617117464542389
patient_A,mean,0,CTRC,0.0,,0.01456405222415924
patient_A,mean,0,RBM15,,,0.365204393863678
patient_A,mean,0,ZNF763,0.0,,0.07094800472259521
patient_A,mean,0,SCG2,,,0.13441266119480133
patient_A,mean,0,ZNF853,,,0.1432044506072998
patient_A,mean,0,TRANK1,,,0.1701979637145996
patient_A,mean,0,TNS1,,,0.36145487427711487
patient_A,mean,0,HIST1H1E,,,0.1469927877187729
patient_A,mean,0,PRRC2C,,,0.8155665397644043
patient_A,mean,0,MYO5A,,,0.24798326194286346
patient_A,mean,0,XIAP,,,0.3694870173931122
patient_A,mean,0,TBCK,,,0.23309677839279175
patient_A,mean,0,SSTR2,0.0,,0.14560124278068542
patient_A,mean,0,IGKV1-9,,,0.0033073807135224342
patient_A,mean,0,CEP89,,,0.37272927165031433
patient_A,mean,0,SIGLEC11,,,0.01704484224319458
patient_A,mean,0,STEAP2,,,0.14447617530822754
patient_A,mean,0,RAG1,,,0.07006153464317322
patient_A,mean,0,SDPR,,,0.07274315506219864
patient_A,mean,0,CBLN3,0.0,,0.03971586003899574
patient_A,mean,0,SLC16A11,,,0.06765824556350708
patient_A,mean,0,AC007906,,,0.062384866178035736
patient_A,mean,0,ZNF114,0.0,,0.025511665269732475
patient_A,mean,0,EXTL1,,,0.08994709700345993
patient_A,mean,0,IGLV3-1,,,0.10020142793655396
patient_A,mean,0,POLR1E,0.0,,0.36614295840263367
patient_A,mean,0,SOX6,0.0,,0.07120829075574875
patient_A,mean,0,H3F3A,0.0,,0.07153847068548203
patient_A,mean,0,SCUBE2,,,0.125327467918396
patient_A,mean,0,SEPT11,0.0,,0.3372161388397217
patient_A,mean,0,NGFR,,,0.16484659910202026
patient_A,mean,0,HIST1H1B,0.0,,0.07089223712682724
patient_A,mean,0,CACNA2D1,0.0,,0.11159123480319977
patient_A,mean,0,SLFN5,,,0.43579256534576416
patient_A,mean,0,ABCG2,,,0.03132253885269165
patient_A,mean,0,VPS37A,,,0.2634488344192505
patient_A,mean,0,FUT1,,,0.0677594244480133
patient_A,mean,0,AGRP,0.0,,0.024710500612854958
patient_A,mean,0,KDM3B,0.0,,0.48394325375556946
patient_A,mean,0,ADAM17,,,0.38918378949165344
patient_A,mean,0,MRPL21,,,0.6529377698898315
patient_A,mean,0,PLIN4,,,0.26824304461479187
patient_A,mean,0,CFAP69,,,0.16390933096408844
patient_A,mean,0,JAKMIP3,0.0,,0.0818815603852272
patient_A,mean,0,GOLGA8N,,,0.04388754442334175
patient_A,mean,0,CACNA1A,,,0.13125398755073547
patient_A,mean,0,CCDC66,,,0.27930158376693726
patient_A,mean,0,ATP6V1E2,0.0,,0.23002730309963226
patient_A,mean,0,FCHSD1,0.0,,0.3170991837978363
patient_A,mean,0,CCR10,0.0,,0.1931169182062149
patient_A,mean,0,CYP20A1,,,0.20825108885765076
patient_A,mean,0,CA11,,,0.15320587158203125
patient_A,mean,0,MAATS1,,,0.105923131108284
patient_A,mean,0,KCNC1,,,0.05101097747683525
patient_A,mean,0,TNFRSF18,0.0,,0.28490447998046875
patient_A,mean,0,SMAD1,,,0.16005831956863403
patient_A,mean,0,ISM1,,,0.13086198270320892
patient_A,mean,0,EXOSC9,,,0.43857017159461975
patient_A,mean,0,FAM126A,0.0,,0.1767437756061554
patient_A,mean,0,BAZ2B,,,0.44706082344055176
patient_A,mean,0,SGCE,,,0.16212312877178192
patient_A,pca_ridge,0,IGKC,0.32345972511455984,0.2523870236584001,2.9368326663970947
patient_A,pca_ridge,0,SCGB2A2,0.3382620154131735,0.27295571258997475,1.4266903400421143
patient_A,pca_ridge,0,IGLC2,0.2120512795123868,0.17294530576995126,2.5058329105377197
patient_A,pca_ridge,0,IGHM,0.2154643318724933,0.16759187898934141,1.708271861076355
patient_A,pca_ridge,0,AP000769,0.3445138807681063,0.36868995476082017,0.8146829605102539
patient_A,pca_ridge,0,CD74,0.4865701688107348,0.44886355628250624,1.1874290704727173
patient_A,pca_ridge,0,MUCL1,0.34102165890010316,0.21983729683108064,2.6862711906433105
patient_A,pca_ridge,0,CHGA,-0.004094898895165246,-0.009711169362085555,0.253378689289093
patient_A,pca_ridge,0,GNAS,0.4796639447579308,0.4082703671895178,0.6258248090744019
patient_A,pca_ridge,0,IGLC7,0.004060300221094153,-0.002669328845084381,0.49430325627326965
patient_A,pca_ridge,0,IGHG4,0.018934872111322495,0.02740379517252507,1.1642398834228516
patient_A,pca_ridge,0,COL3A1,0.4857289524257387,0.4770563023349929,0.8270928263664246
patient_A,pca_ridge,0,S100A9,0.19253689494307846,0.1867244543564943,1.18317449092865
patient_A,pca_ridge,0,TFF3,0.021659616035068045,0.028779995820094224,1.0343621969223022
patient_A,pca_ridge,0,JCHAIN,0.26238671627143895,0.1837971265219574,0.5788339376449585
patient_A,pca_ridge,0,HLA-E,0.3060870724879114,0.3196154933554027,1.0372148752212524
patient_A,pca_ridge,0,AREG,0.10330674343441257,0.11294775375498048,0.46953916549682617
patient_A,pca_ridge,0,AGR3,0.015620974151035645,0.022385168981986146,0.19201207160949707
patient_A,pca_ridge,0,PSMB3,0.4202194905417723,0.15274741519607096,1.1224701404571533
patient_A,pca_ridge,0,MUC6,0.25488591754769047,0.20576852144940352,1.330330729484558
patient_A,pca_ridge,0,CCL19,0.15508758193220365,0.09123434029814544,0.21040599048137665
patient_A,pca_ridge,0,AGR2,-0.04315303615749691,-0.0042757322178385605,0.8732158541679382
patient_A,pca_ridge,0,FABP7,0.08807300605110288,0.12873025664714985,0.37141427397727966
patient_A,pca_ridge,0,ISG15,0.2720633999895798,0.2479866102119195,0.8564624786376953
patient_A,pca_ridge,0,KRT15,0.05766977722491366,0.08811698378529585,0.8961077928543091
patient_A,pca_ridge,0,FNBP1L,0.5310461667122894,0.4852828524732347,2.0403571128845215
patient_A,pca_ridge,0,FABP4,0.10363791861374218,0.08063409265971397,0.3291732966899872
patient_A,pca_ridge,0,PTGDS,0.1342631110059479,0.10823596506444097,0.3036037087440491
patient_A,pca_ridge,0,DCAF12L2,0.024863241840058333,0.03296083309140582,0.08334720134735107
patient_A,pca_ridge,0,LAPTM4A,0.3651969754210841,0.30388017170585185,0.7775949239730835
patient_A,pca_ridge,0,SLC9A3R1,0.242137061949439,0.16860186745903882,1.1330448389053345
patient_A,pca_ridge,0,GLYATL2,0.05847612186128733,0.09491941063519611,0.6174293756484985
patient_A,pca_ridge,0,TFF1,0.03330564735103217,0.025483555983055142,0.5697934627532959
patient_A,pca_ridge,0,LTF,-0.009644207640283403,0.006259659078627068,0.887024462223053
patient_A,pca_ridge,0,ASPH,0.42775169675356367,0.3712350653555883,0.7367905378341675
patient_A,pca_ridge,0,RHOB,0.2366933711851865,0.21937151283583128,0.7672950625419617
patient_A,pca_ridge,0,S100A8,0.012108133854199855,0.005818826364181381,0.7563456296920776
patient_A,pca_ridge,0,POSTN,0.37536707977196865,0.38752071649748676,0.8504074811935425
patient_A,pca_ridge,0,KRT81,0.017929940647300385,-0.04961411347155411,1.6250945329666138
patient_A,pca_ridge,0,CD36,-0.03639763458412886,0.010961500969603686,0.8742353916168213
patient_A,pca_ridge,0,KRT17,0.21687426333896148,0.16798777166658907,0.4658154547214508
patient_A,pca_ridge,0,SERP1,0.24624759883099234,0.21914880194931527,0.7391417622566223
patient_A,pca_ridge,0,SCGB3A1,0.009722645995621912,0.004090149828507076,0.48772773146629333
patient_A,pca_ridge,0,IGHD,,,0.10094282776117325
patient_A,pca_ridge,0,STOM,0.12466026742961833,0.16563447923993851,0.5465212464332581
patient_A,pca_ridge,0,ITGAV,0.2799350912043301,0.27705796419723244,0.6524720191955566
patient_A,pca_ridge,0,CCL21,0.12974405133289177,0.12032182827399716,0.23092029988765717
patient_A,pca_ridge,0,KRT18,0.23172695973811694,0.13436581212604332,0.6615023016929626
patient_A,pca_ridge,0,SCGB2A1,0.12264924691139015,0.1386950010876183,0.46281376481056213
patient_A,pca_ridge,0,PVALB,,,0.11933421343564987
patient_A,pca_ridge,0,BOD1L1,0.14243427580749,0.17727965261549866,0.41470301151275635
patient_A,pca_ridge,0,FAHD2A,0.014027597579618993,0.036487880486792856,0.12470851093530655
patient_A,pca_ridge,0,SCN8A,-0.008392184424455471,0.006373391278732499,0.09498587995767593
patient_A,pca_ridge,0,KCNB1,0.01738194579209608,0.01595630037864804,0.1406569927930832
patient_A,pca_ridge,0,ARHGAP21,0.06647291540055199,0.08690487435303536,0.2362503558397293
patient_A,pca_ridge,0,CRYBA2,0.018261296188303834,-0.013665778060384035,0.05933152511715889
patient_A,pca_ridge,0,PIR,0.0618087911230279,0.0845772470128185,0.216777503490448
patient_A,pca_ridge,0,SYT1,-0.011061410420346718,0.013750647869823992,0.05463529750704765
patient_A,pca_ridge,0,SEMA6A,-0.001281324865705075,0.013608174850059348,0.1393965780735016
patient_A,pca_ridge,0,PILRB,-0.001454333168790079,-0.003167819403637146,0.11560975015163422
patient_A,pca_ridge,0,WDR13,0.28707729043457264,0.30337123973507335,0.6400234699249268
patient_A,pca_ridge,0,RAPGEF2,0.1134428190753902,0.14145010389134616,0.2755663990974426
patient_A,pca_ridge,0,RHOJ,0.0947018706616428,0.07755441854768294,0.14833126962184906
patient_A,pca_ridge,0,FGF10,-0.0005947814525115268,0.003375733307284688,0.05069827660918236
patient_A,pca_ridge,0,SYT17,0.023437431656778796,0.04107181828732448,0.2262704074382782
patient_A,pca_ridge,0,PPP1R14A,0.07383271007282995,0.08040846839130014,0.17177237570285797
patient_A,pca_ridge,0,MMRN1,-0.006571150286431465,-0.016524412135944234,0.0698593407869339
patient_A,pca_ridge,0,LPIN1,0.14502996892062933,0.17345632371523131,0.42205381393432617
patient_A,pca_ridge,0,RNASEK,-0.013711337091075495,0.0006420657155829497,0.056793488562107086
patient_A,pca_ridge,0,SCAPER,0.053590343986813074,0.059115212062452425,0.21311527490615845
patient_A,pca_ridge,0,KCNQ2,-0.011414408650787269,0.0029291713866844583,0.13142308592796326
patient_A,pca_ridge,0,INAFM1,0.024247648790276324,0.026319374719135254,0.38417351245880127
patient_A,pca_ridge,0,DNAJC24,0.014422770032769703,0.02157573440284895,0.1406836062669754
patient_A,pca_ridge,0,PMAIP1,0.05431621363719864,0.05683104271252916,0.09504589438438416
patient_A,pca_ridge,0,MRPL52,0.16097796975745277,0.1656483220988164,0.6720438003540039
patient_A,pca_ridge,0,C12orf50,-0.03627910767571335,-0.034016494604634274,0.07593102753162384
patient_A,pca_ridge,0,ADAM11,-0.012898948708898461,0.005487649922516638,0.21487151086330414
patient_A,pca_ridge,0,MRGPRF,0.10128576809398154,0.10573021311746962,0.2052944302558899
patient_A,pca_ridge,0,MACROD2,0.056921448586761784,0.061096104236842974,0.08863060921430588
patient_A,pca_ridge,0,SFSWAP,0.07962260928313417,0.13049235648571178,0.4899543225765228
patient_A,pca_ridge,0,PHIP,0.1465527152252538,0.17702596842867993,0.49060511589050293
patient_A,pca_ridge,0,AGAP9,-0.03454541170498111,-0.032563745770214036,0.07501068711280823
patient_A,pca_ridge,0,HOXC9,0.03585132777002686,0.07164291683985671,0.26519975066185
patient_A,pca_ridge,0,ITCH,0.04774808041413598,0.05639561651022405,0.18248912692070007
patient_A,pca_ridge,0,HSPB7,0.013855834516863404,0.006510589245567533,0.1819431632757187
patient_A,pca_ridge,0,BRD4,0.08379620984556586,0.09440779127307142,0.5795234441757202
patient_A,pca_ridge,0,ADAM32,-0.006516546415157691,0.007679384448614418,0.07147298008203506
patient_A,pca_ridge,0,PMCH,0.006376952609656972,0.0071326791878636355,0.023791568353772163
patient_A,pca_ridge,0,CWF19L2,0.028846889175192278,0.05880635013860853,0.2630416452884674
patient_A,pca_ridge,0,CTRC,-0.03916286777341841,-0.03459834863982572,0.015591483563184738
patient_A,pca_ridge,0,RBM15,0.08248390540433886,0.1491118031153348,0.3571721613407135
patient_A,pca_ridge,0,ZNF763,-0.010592527700479769,0.0190278815298321,0.0716794803738594
patient_A,pca_ridge,0,SCG2,0.011548392366976568,-0.003063603829111062,0.13493026793003082
patient_A,pca_ridge,0,ZNF853,0.03355607742681584,0.043556116279730696,0.14497266709804535
patient_A,pca_ridge,0,TRANK1,0.083681120777803,0.07143760791278188,0.16892199218273163
patient_A,pca_ridge,0,TNS1,0.10670044158779439,0.1073533746333791,0.36005303263664246
patient_A,pca_ridge,0,HIST1H1E,0.028720359118423317,0.021745306944677873,0.14730775356292725
patient_A,pca_ridge,0,PRRC2C,0.320540989825977,0.301230384412992,0.681799590587616
patient_A,pca_ridge,0,MYO5A,0.05833942563214556,0.09261327365779734,0.24814441800117493
patient_A,pca_ridge,0,XIAP,0.1277057488882521,0.1671090523243824,0.36440446972846985
patient_A,pca_ridge,0,TBCK,0.0740018499893424,0.08495763006580494,0.2331209033727646
patient_A,pca_ridge,0,SSTR2,0.03134135582609174,0.03345941355064845,0.15593814849853516
patient_A,pca_ridge,0,IGKV1-9,,,0.005070986691862345
patient_A,pca_ridge,0,CEP89,0.04863813369900344,0.09239078775745084,0.376708447933197
patient_A,pca_ridge,0,SIGLEC11,0.02861012754916981,0.03138590858468715,0.017146935686469078
patient_A,pca_ridge,0,STEAP2,0.01074507048415574,0.023511374888790317,0.1507883220911026
patient_A,pca_ridge,0,RAG1,-0.0614480503777437,-0.040488426140862926,0.07022982835769653
patient_A,pca_ridge,0,SDPR,-0.008323029481315592,-0.011689676417681894,0.07369190454483032
patient_A,pca_ridge,0,CBLN3,-0.0009851821039827322,0.020909715131917795,0.04082031548023224
patient_A,pca_ridge,0,SLC16A11,0.02355813723787566,0.020001714724346528,0.06772949546575546
patient_A,pca_ridge,0,AC007906,-0.0036291420155276782,-0.006828069456081438,0.0692688450217247
patient_A,pca_ridge,0,ZNF114,-0.006940183591890483,0.0009204933480066234,0.025757020339369774
patient_A,pca_ridge,0,EXTL1,0.045349624480680625,0.018556972504722845,0.0898832306265831
patient_A,pca_ridge,0,IGLV3-1,0.03438776520035106,0.033158289304763604,0.05044183135032654
patient_A,pca_ridge,0,POLR1E,0.0673244211311496,0.11860587017483261,0.36069586873054504
patient_A,pca_ridge,0,SOX6,-0.011481448527588388,-0.01589858642659045,0.07157573848962784
patient_A,pca_ridge,0,H3F3A,-0.012420024930660238,-0.024818007785072507,0.07195109128952026
patient_A,pca_ridge,0,SCUBE2,0.020904430086355532,0.023990017896099704,0.22294548153877258
patient_A,pca_ridge,0,SEPT11,0.13683376703549188,0.14438500897649137,0.3381476104259491
patient_A,pca_ridge,0,NGFR,0.08385920914768694,0.07668171698261685,0.16278637945652008
patient_A,pca_ridge,0,HIST1H1B,-0.03907432063085223,-0.006862872018232783,0.07150129973888397
patient_A,pca_ridge,0,CACNA2D1,0.03796040827013286,0.027326650115952065,0.11161256581544876
patient_A,pca_ridge,0,SLFN5,0.13694039369747152,0.15111632090463442,0.4352095425128937
patient_A,pca_ridge,0,ABCG2,0.029439072746693863,0.033563354417214517,0.031466227024793625
patient_A,pca_ridge,0,VPS37A,0.08893436945000595,0.13012309143028306,0.264254093170166
patient_A,pca_ridge,0,FUT1,0.00638458968441029,0.023392108678262028,0.07001226395368576
patient_A,pca_ridge,0,AGRP,0.03252154110009584,0.019341314171428165,0.02478739432990551
patient_A,pca_ridge,0,KDM3B,0.16637633010480835,0.226325182935855,0.4611344039440155
patient_A,pca_ridge,0,ADAM17,0.07784793822302728,0.12192845461595864,0.40813541412353516
patient_A,pca_ridge,0,MRPL21,0.168580426753387,0.24333848420290458,0.6122779846191406
patient_A,pca_ridge,0,PLIN4,-0.017682944320216255,-0.035195473129023574,0.28835034370422363
patient_A,pca_ridge,0,CFAP69,0.04638751191204758,0.0707161066561457,0.16436649858951569
patient_A,pca_ridge,0,JAKMIP3,-0.023675103237654007,-0.03344443723756477,0.08207879215478897
patient_A,pca_ridge,0,GOLGA8N,-0.024741415202361096,-0.03217436810475862,0.044474780559539795
patient_A,pca_ridge,0,CACNA1A,0.061736423942299015,0.039071815303294614,0.1322626918554306
patient_A,pca_ridge,0,CCDC66,0.05538193007870222,0.0716153475351546,0.27709150314331055
patient_A,pca_ridge,0,ATP6V1E2,0.031379609031750445,0.03973076672407357,0.22849619388580322
patient_A,pca_ridge,0,FCHSD1,0.06060896886194747,0.07710687324452563,0.3252170979976654
patient_A,pca_ridge,0,CCR10,0.010910566690265919,0.01110378600067223,0.1938384473323822
patient_A,pca_ridge,0,CYP20A1,0.04035426684027091,0.07324407807630623,0.21037058532238007
patient_A,pca_ridge,0,CA11,0.015144742637707629,0.017538979348392717,0.1495113968849182
patient_A,pca_ridge,0,MAATS1,0.05322147134063044,0.057716079182989155,0.10733945667743683
patient_A,pca_ridge,0,KCNC1,-0.03277474877143656,-0.028470831593719045,0.05141313001513481
patient_A,pca_ridge,0,TNFRSF18,0.11530661936459902,0.11117713819377699,0.2709498107433319
patient_A,pca_ridge,0,SMAD1,-5.243407098468523e-05,0.020361878589398072,0.1618470549583435
patient_A,pca_ridge,0,ISM1,0.061038216317416405,0.06091118710590501,0.1344488114118576
patient_A,pca_ridge,0,EXOSC9,0.14075478666458607,0.2112179824956283,0.41932982206344604
patient_A,pca_ridge,0,FAM126A,0.07350144371434769,0.07684941377060343,0.17710712552070618
patient_A,pca_ridge,0,BAZ2B,0.12306010398837476,0.15324413072437715,0.453447550535202
patient_A,pca_ridge,0,SGCE,0.04642514180886255,0.06803855463740173,0.16266217827796936
patient_A,spatial_knn,0,IGKC,-0.12365762469873944,-0.07055684964751177,4.324196802161344
patient_A,spatial_knn,0,SCGB2A2,-0.18352231154563192,-0.23092066509052117,2.483530883234925
patient_A,spatial_knn,0,IGLC2,-0.04339597385765509,-0.043751589459424305,3.8272358103409525
patient_A,spatial_knn,0,IGHM,-0.03761970174843535,-0.025228236128509367,2.773147219867326
patient_A,spatial_knn,0,AP000769,-0.005837960422368242,-0.024048847757053328,1.2694687949417551
patient_A,spatial_knn,0,CD74,0.003123034312528117,0.02735310849943006,1.9573767784458385
patient_A,spatial_knn,0,MUCL1,-0.13951212370404026,-0.05729569403590617,3.2011106369971065
patient_A,spatial_knn,0,CHGA,0.08727966383709176,0.038198332774651955,0.18128217108682104
patient_A,spatial_knn,0,GNAS,0.0012720745164404186,0.02154815010565526,1.0623089219460973
patient_A,spatial_knn,0,IGLC7,-0.024420972577972055,-0.0181687145819811,0.9943917479948473
patient_A,spatial_knn,0,IGHG4,-0.01317299170354356,-0.010463571859360551,2.50544938499612
patient_A,spatial_knn,0,COL3A1,0.025525189598373004,0.030095735139531763,0.991962674508625
patient_A,spatial_knn,0,S100A9,0.043676606559424826,0.04725407727029048,1.9815914900441653
patient_A,spatial_knn,0,TFF3,0.03125762754922225,0.029906122158247905,1.1480616983661434
patient_A,spatial_knn,0,JCHAIN,-0.05708437403537711,-0.04298847692490732,0.7663997205484184
patient_A,spatial_knn,0,HLA-E,-0.0905157450179651,-0.09932988767628927,1.8088216856300205
patient_A,spatial_knn,0,AREG,0.008238302963110563,0.03412413360030279,0.4750726345025444
patient_A,spatial_knn,0,AGR3,0.0005568153522931293,0.021093800139168426,0.1198927499024179
patient_A,spatial_knn,0,PSMB3,-0.02567735209136934,-0.020042302141981293,1.4419021307278876
patient_A,spatial_knn,0,MUC6,-0.09235052626908415,-0.06387233543115838,1.756816482373705
patient_A,spatial_knn,0,CCL19,0.010060508488286199,-0.006669216690317915,0.631219350577357
patient_A,spatial_knn,0,AGR2,0.001580292413445777,0.012160826378395415,0.6571099724214776
patient_A,spatial_knn,0,FABP7,0.03570171439024434,0.04693841363975945,0.32278000739486473
patient_A,spatial_knn,0,ISG15,-0.021281491267227122,-0.012339137638072558,1.2720139127942354
patient_A,spatial_knn,0,KRT15,-0.02929690955679817,-0.018353533941720013,0.5413083150625919
patient_A,spatial_knn,0,FNBP1L,-0.06790433221350364,-0.0683034088421285,2.5476484338580945
patient_A,spatial_knn,0,FABP4,-0.019583192612880686,-0.02137103034125995,0.35413386243844813
patient_A,spatial_knn,0,PTGDS,-0.007628855705578769,0.0017828231537487147,0.8483854694845869
patient_A,spatial_knn,0,DCAF12L2,0.017938598541550776,0.02027355612955196,0.0660260642036264
patient_A,spatial_knn,0,LAPTM4A,0.048614493095747044,0.051305466149770315,0.8759795670735971
patient_A,spatial_knn,0,SLC9A3R1,0.015330506225854766,0.023274755406066213,1.2973854334559096
patient_A,spatial_knn,0,GLYATL2,0.013299975945121693,0.019690418317654085,0.4435007192449743
patient_A,spatial_knn,0,TFF1,-0.05559233447557986,-0.04466567618692166,0.5170043254346596
patient_A,spatial_knn,0,LTF,0.0046267548430069085,-0.025509186873327223,0.9482484378223496
patient_A,spatial_knn,0,ASPH,-0.011518336228660836,-0.02097403228809375,1.1475070781218284
patient_A,spatial_knn,0,RHOB,0.02701109847147401,0.03759497006260056,0.8217397671803944
patient_A,spatial_knn,0,S100A8,-0.04069442709810554,-0.037176383386173635,1.431515360175196
patient_A,spatial_knn,0,POSTN,-0.00489913392272179,-0.009236829874717568,0.9741604342071676
patient_A,spatial_knn,0,KRT81,-0.014707876596146908,-0.006557771267600368,1.8226543726744167
patient_A,spatial_knn,0,CD36,0.028712395784714767,0.01674764044376478,0.506393336554901
patient_A,spatial_knn,0,KRT17,0.03187788763113591,0.02699913945799284,0.5543190470971086
patient_A,spatial_knn,0,SERP1,-0.045369322812589194,-0.022784020175800706,0.987976819769795
patient_A,spatial_knn,0,SCGB3A1,0.010663561878120712,0.009091674518265237,0.7386229975163349
patient_A,spatial_knn,0,IGHD,,,0.2951536553971534
patient_A,spatial_knn,0,STOM,0.07586882288696954,0.06706765750004498,0.5315944581504808
patient_A,spatial_knn,0,ITGAV,0.017998939658684977,0.02420289221306884,0.7031852267301681
patient_A,spatial_knn,0,CCL21,0.001498374949966167,0.01095092430565184,0.3663220145169786
patient_A,spatial_knn,0,KRT18,-0.042673632457324,-0.020800985857613155,0.9041111615985181
patient_A,spatial_knn,0,SCGB2A1,0.00652627350298015,-0.00765140233193858,0.5016693597029414
patient_A,spatial_knn,0,PVALB,,,0.08746357183364395
patient_A,spatial_knn,0,BOD1L1,-0.01268794712087867,-0.012675486845051204,0.44509418271639767
patient_A,spatial_knn,0,FAHD2A,0.04736498445506842,0.014349926262519817,0.13629484846542608
patient_A,spatial_knn,0,SCN8A,0.010359204527097633,-0.009364120985597593,0.10062733432080093
patient_A,spatial_knn,0,KCNB1,0.0011509250767832227,-0.023393142150913985,0.14454302448778283
patient_A,spatial_knn,0,ARHGAP21,-0.017386558205175977,0.00151422541792788,0.25770075792387326
patient_A,spatial_knn,0,CRYBA2,-0.01078247643814134,-0.004766635541327599,0.09369987120887928
patient_A,spatial_knn,0,PIR,-0.03368482391362968,-0.00040700658042897985,0.222045875663169
patient_A,spatial_knn,0,SYT1,-0.011323498127868323,-0.003967816351847987,0.06399512159505374
patient_A,spatial_knn,0,SEMA6A,-0.016764134387013494,-0.006034952805446617,0.13277594839956364
patient_A,spatial_knn,0,PILRB,-0.006662227148735231,-0.02641038327576321,0.12241652861157871
patient_A,spatial_knn,0,WDR13,-0.007378661646361531,-0.007372358784310614,0.7230684216770146
patient_A,spatial_knn,0,RAPGEF2,-0.030376052601871345,-0.03577435952372876,0.2926655645429985
patient_A,spatial_knn,0,RHOJ,0.0009909504574726925,0.009638073477190708,0.16440578604210312
patient_A,spatial_knn,0,FGF10,-0.004528685540246887,-0.0060315747839601265,0.05242942303619174
patient_A,spatial_knn,0,SYT17,-0.019823538272925656,-0.007951109440124029,0.23810686636319778
patient_A,spatial_knn,0,PPP1R14A,-0.02442465100039682,-0.016115563729582633,0.1997710237013884
patient_A,spatial_knn,0,MMRN1,0.005132796648441671,0.017715788596949562,0.07522801566173908
patient_A,spatial_knn,0,LPIN1,-0.002553211485769964,-0.0005957392093115543,0.4551401300328375
patient_A,spatial_knn,0,RNASEK,-0.008999489903182351,-0.012660762838478836,0.06041648112236963
patient_A,spatial_knn,0,SCAPER,-0.018776945912301578,-0.013311141611920442,0.22350835610260325
patient_A,spatial_knn,0,KCNQ2,0.0009060469958233425,0.005005402633879037,0.13104315140527226
patient_A,spatial_knn,0,INAFM1,-0.0009465041372706608,-0.025197235912110604,0.41998549685742614
patient_A,spatial_knn,0,DNAJC24,0.01285251325122065,0.019173673203009542,0.14582529671280575
patient_A,spatial_knn,0,PMAIP1,-0.010225818412305958,-0.022729478740424292,0.10710070597782581
patient_A,spatial_knn,0,MRPL52,-0.030812926515265945,-0.032566332683844526,0.740065490003526
patient_A,spatial_knn,0,C12orf50,-0.0064197729012675404,-0.009735872356410916,0.07713775651356576
patient_A,spatial_knn,0,ADAM11,0.0010397398669659435,-0.020311235864902837,0.21547812640662486
patient_A,spatial_knn,0,MRGPRF,-0.0034030812759160505,-0.01586419905824774,0.25845490272454064
patient_A,spatial_knn,0,MACROD2,-0.011259528566573822,-0.012503729886824895,0.09454759229243366
patient_A,spatial_knn,0,SFSWAP,-0.022165794757998073,-0.02199772262268988,0.5197592770658374
patient_A,spatial_knn,0,PHIP,0.0005954849838147085,-0.001286808098203235,0.5216987416936827
patient_A,spatial_knn,0,AGAP9,-0.013867304308710202,-0.022700141234108892,0.07885529224784552
patient_A,spatial_knn,0,HOXC9,-0.013225328295663578,-0.013888518695910788,0.27894677794436806
patient_A,spatial_knn,0,ITCH,-0.03040850572110564,-0.021687729531367043,0.19352059775330985
patient_A,spatial_knn,0,HSPB7,-0.019872169137683134,-0.012888250519287218,0.19754478600736838
patient_A,spatial_knn,0,BRD4,-0.024299800515216158,-0.033292196586801645,0.6262716436933969
patient_A,spatial_knn,0,ADAM32,0.05119987735169704,0.0864582029077314,0.07238638921089169
patient_A,spatial_knn,0,PMCH,-0.006291102815667246,-0.009314323025290455,0.038639775829600674
patient_A,spatial_knn,0,CWF19L2,0.010476494446375573,-0.002257135836182787,0.2821178438811034
patient_A,spatial_knn,0,CTRC,-0.00285217150111782,-0.004474782362704793,0.029877305932047238
patient_A,spatial_knn,0,RBM15,-0.02279266557181627,-0.05273598431969559,0.3774611610592995
patient_A,spatial_knn,0,ZNF763,0.04171227675784944,0.01913168451604943,0.0777806627278343
patient_A,spatial_knn,0,SCG2,-0.014568725965519105,-0.035239386129390066,0.13780678429016716
patient_A,spatial_knn,0,ZNF853,-0.0035455100432664494,-0.004772004682957219,0.1669365120902724
patient_A,spatial_knn,0,TRANK1,0.014433676283505692,0.0126542254755244,0.1918130137637389
patient_A,spatial_knn,0,TNS1,-0.014997207806434201,-0.030929184214362353,0.39497315241450864
patient_A,spatial_knn,0,HIST1H1E,-0.012332007839465172,0.0009366210257576718,0.1548219605221773
patient_A,spatial_knn,0,PRRC2C,-0.012444806483442174,-0.02100050648576243,0.8552546247521442
patient_A,spatial_knn,0,MYO5A,-0.035968222274022216,-0.057431255780884184,0.2677657167607167
patient_A,spatial_knn,0,XIAP,0.03130239305290037,0.03349180500880075,0.3838326602787214
patient_A,spatial_knn,0,TBCK,-0.013276654976344495,-0.013159902093879955,0.24880597055428988
patient_A,spatial_knn,0,SSTR2,-0.019095660845418954,-0.01825848654682218,0.16938753051478325
patient_A,spatial_knn,0,IGKV1-9,,,0.021853358453086367
patient_A,spatial_knn,0,CEP89,0.0029084328929222733,-0.015325208961661046,0.4086549698996213
patient_A,spatial_knn,0,SIGLEC11,-0.003529611497195396,-0.004446322525460922,0.03234525651206182
patient_A,spatial_knn,0,STEAP2,0.002532043119943067,0.04089716921346121,0.16087780688390516
patient_A,spatial_knn,0,RAG1,-0.005748378793609968,-0.008950353817448143,0.0718552729003166
patient_A,spatial_knn,0,SDPR,-0.005720071857523778,-0.00512923723199548,0.08064407066416736
patient_A,spatial_knn,0,CBLN3,-0.010405918396257543,-0.01588312362989335,0.04788564504009631
patient_A,spatial_knn,0,SLC16A11,-0.00030271970548278565,0.019592097639930396,0.07108153929561141
patient_A,spatial_knn,0,AC007906,-0.0038393856611647543,-0.005130657420193391,0.0839978263013017
patient_A,spatial_knn,0,ZNF114,-0.004861285465758973,-0.007900692871249069,0.0396929193765851
patient_A,spatial_knn,0,EXTL1,-0.014580247881581505,-0.02350518482161955,0.09642994874570532
patient_A,spatial_knn,0,IGLV3-1,-0.001449957008556078,0.008638467623956663,0.1699204851293656
patient_A,spatial_knn,0,POLR1E,0.0365090189103496,0.004518111186509428,0.3777891426822117
patient_A,spatial_knn,0,SOX6,-0.014208580239991218,-0.0212233230326491,0.07664674846332743
patient_A,spatial_knn,0,H3F3A,-0.012070216173252001,0.0019718670476265134,0.08152363836237364
patient_A,spatial_knn,0,SCUBE2,0.0487655454470791,0.035042023551131576,0.17681659225057567
patient_A,spatial_knn,0,SEPT11,-0.02128445199396257,-0.020615904058739636,0.36792039965487994
patient_A,spatial_knn,0,NGFR,-0.01795448099840711,-0.035143722759680654,0.19550423651047066
patient_A,spatial_knn,0,HIST1H1B,-0.007810904321808699,-0.018212603189451806,0.08448726566794888
patient_A,spatial_knn,0,CACNA2D1,-0.008178476481090475,-0.025726959115827775,0.1251830055758209
patient_A,spatial_knn,0,SLFN5,-0.0048617781570615875,0.015311885726308854,0.46544321120678567
patient_A,spatial_knn,0,ABCG2,0.02011108250538091,0.06055856064948419,0.04922265440662019
patient_A,spatial_knn,0,VPS37A,-0.06548088531629341,-0.08071123620847263,0.2811583001689316
patient_A,spatial_knn,0,FUT1,0.01595704910964722,0.004288547479908858,0.08066383327503639
patient_A,spatial_knn,0,AGRP,-0.00319112113227375,-0.005149865899607634,0.03523817468017441
patient_A,spatial_knn,0,KDM3B,0.01694961951493219,0.014836694396214763,0.5003999510463741
patient_A,spatial_knn,0,ADAM17,0.03648746811039425,0.044450874764589206,0.41715637932922073
patient_A,spatial_knn,0,MRPL21,-0.01703422846940933,-0.015183507726290402,0.6818531271581861
patient_A,spatial_knn,0,PLIN4,-0.006303959833420822,0.0002386639475940294,0.2951099039286689
patient_A,spatial_knn,0,CFAP69,0.008198382172945162,-0.0038410913285978443,0.17036657465865854
patient_A,spatial_knn,0,JAKMIP3,-0.01532589021967407,-0.021806574157785242,0.08603846686442596
patient_A,spatial_knn,0,GOLGA8N,0.009006132397145704,0.0275325776612428,0.0514896852197798
patient_A,spatial_knn,0,CACNA1A,-0.029288055676785257,-0.016595375514678972,0.15671217745121874
patient_A,spatial_knn,0,CCDC66,-0.02459630273490616,-0.04361362723135664,0.29379783156781003
patient_A,spatial_knn,0,ATP6V1E2,-0.020783755180978254,-0.022617188501603495,0.23958972452317723
patient_A,spatial_knn,0,FCHSD1,0.011038900965154088,0.00924357927983212,0.33943113162023547
patient_A,spatial_knn,0,CCR10,0.030294268865618965,0.01766038145270708,0.20727190189709058
patient_A,spatial_knn,0,CYP20A1,-0.009729030505964954,0.002060074712309306,0.2206123974886356
patient_A,spatial_knn,0,CA11,-0.02678499223461505,-0.03625191733064325,0.1894825442054669
patient_A,spatial_knn,0,MAATS1,-0.002013908562514105,-0.022856018713323475,0.11394603559145776
patient_A,spatial_knn,0,KCNC1,-0.010520088569816725,-0.01511079460451693,0.05486225956914121
patient_A,spatial_knn,0,TNFRSF18,0.011382448452119553,-0.026960581648061692,0.32717125510634654
patient_A,spatial_knn,0,SMAD1,-0.014217774672192873,-0.01071242893348883,0.17555718962999145
patient_A,spatial_knn,0,ISM1,-0.01894201732965432,-0.01843329319938305,0.14798802578240508
patient_A,spatial_knn,0,EXOSC9,-0.011328136102392132,0.0019256328369893704,0.45168661629546975
patient_A,spatial_knn,0,FAM126A,0.02874782477698227,0.021344993256082974,0.1898324304235712
patient_A,spatial_knn,0,BAZ2B,-0.024249063100770858,-0.012724605874083403,0.4756882323207013
patient_A,spatial_knn,0,SGCE,0.011503792120789544,-0.012632742715151996,0.17291718492958344
patient_B,mean,0,IGKC,0.0,,1.5478464365005493
patient_B,mean,0,SCGB2A2,,,1.8210136890411377
patient_B,mean,0,IGLC2,,,2.105210304260254
patient_B,mean,0,IGHM,,,1.7375327348709106
patient_B,mean,0,AP000769,,,2.3606975078582764
patient_B,mean,0,CD74,,,1.4018635749816895
patient_B,mean,0,MUCL1,,,1.5794641971588135
patient_B,mean,0,CHGA,,,0.11579953134059906
patient_B,mean,0,GNAS,,,1.4949336051940918
patient_B,mean,0,IGLC7,,,1.0096070766448975
patient_B,mean,0,IGHG4,,,2.223201036453247
patient_B,mean,0,COL3A1,0.0,,1.3722147941589355
patient_B,mean,0,S100A9,,,1.8633967638015747
patient_B,mean,0,TFF3,,,2.389211416244507
patient_B,mean,0,JCHAIN,0.0,,1.43001127243042
patient_B,mean,0,HLA-E,,,1.3549935817718506
patient_B,mean,0,AREG,0.0,,0.924959659576416
patient_B,mean,0,AGR3,,,0.5257936716079712
patient_B,mean,0,PSMB3,,,1.6954846382141113
patient_B,mean,0,MUC6,,,0.8258392214775085
patient_B,mean,0,CCL19,0.0,,0.9799473881721497
patient_B,mean,0,AGR2,,,1.4661071300506592
patient_B,mean,0,FABP7,0.0,,0.2369358390569687
patient_B,mean,0,ISG15,0.0,,1.7422597408294678
patient_B,mean,0,KRT15,0.0,,0.8851167559623718
patient_B,mean,0,FNBP1L,0.0,,0.77284175157547
patient_B,mean,0,FABP4,,,0.32328489422798157
patient_B,mean,0,PTGDS,,,1.1780767440795898
patient_B,mean,0,DCAF12L2,,,0.4132201075553894
patient_B,mean,0,LAPTM4A,,,1.1067702770233154
patient_B,mean,0,SLC9A3R1,,,1.6839087009429932
patient_B,mean,0,GLYATL2,,,0.27774059772491455
patient_B,mean,0,TFF1,0.0,,2.0573062896728516
patient_B,mean,0,LTF,,,1.6406182050704956
patient_B,mean,0,ASPH,,,0.7984200716018677
patient_B,mean,0,RHOB,,,0.9548079371452332
patient_B,mean,0,S100A8,,,1.3217803239822388
patient_B,mean,0,POSTN,,,1.16167151927948
patient_B,mean,0,KRT81,0.0,,0.7846871614456177
patient_B,mean,0,CD36,,,0.5184983015060425
patient_B,mean,0,KRT17,,,0.9407529234886169
patient_B,mean,0,SERP1,,,0.9054978489875793
patient_B,mean,0,SCGB3A1,,,0.768473744392395
patient_B,mean,0,IGHD,0.0,,0.2663224935531616
patient_B,mean,0,STOM,,,0.9393433928489685
patient_B,mean,0,ITGAV,,,0.8327227830886841
patient_B,mean,0,CCL21,,,0.6983001828193665
patient_B,mean,0,KRT18,0.0,,1.405566692352295
patient_B,mean,0,SCGB2A1,0.0,,0.2406793236732483
patient_B,mean,0,PVALB,,,0.7071073055267334
patient_B,mean,0,BOD1L1,,,0.6252855062484741
patient_B,mean,0,FAHD2A,0.0,,0.28123757243156433
patient_B,mean,0,SCN8A,,,0.182236447930336
patient_B,mean,0,KCNB1,,,0.17832879722118378
patient_B,mean,0,ARHGAP21,,,0.4740542471408844
patient_B,mean,0,CRYBA2,,,0.048684585839509964
patient_B,mean,0,PIR,0.0,,0.29038769006729126
patient_B,mean,0,SYT1,,,0.2800367772579193
patient_B,mean,0,SEMA6A,,,0.44946473836898804
patient_B,mean,0,PILRB,,,0.2135428488254547
patient_B,mean,0,WDR13,,,0.8587030172348022
patient_B,mean,0,RAPGEF2,0.0,,0.30470648407936096
patient_B,mean,0,RHOJ,,,0.33609941601753235
patient_B,mean,0,FGF10,,,0.10975313931703568
patient_B,mean,0,SYT17,,,0.31061166524887085
patient_B,mean,0,PPP1R14A,0.0,,0.40273886919021606
patient_B,mean,0,MMRN1,,,0.22488795220851898
patient_B,mean,0,LPIN1,,,0.5048575401306152
patient_B,mean,0,RNASEK,,,0.168320894241333
patient_B,mean,0,SCAPER,,,0.4673551023006439
patient_B,mean,0,KCNQ2,,,0.08967868238687515
patient_B,mean,0,INAFM1,,,0.6506684422492981
patient_B,mean,0,DNAJC24,,,0.28399473428726196
patient_B,mean,0,PMAIP1,,,0.30528682470321655
patient_B,mean,0,MRPL52,,,0.8947415351867676
patient_B,mean,0,C12orf50,,,0.10591573268175125
patient_B,mean,0,ADAM11,0.0,,0.10638684779405594
patient_B,mean,0,MRGPRF,0.0,,0.5314326882362366
patient_B,mean,0,MACROD2,,,0.1735987365245819
patient_B,mean,0,SFSWAP,0.0,,0.6192106604576111
patient_B,mean,0,PHIP,,,0.8740923404693604
patient_B,mean,0,AGAP9,,,0.08737894147634506
patient_B,mean,0,HOXC9,,,0.4893030524253845
patient_B,mean,0,ITCH,,,0.30182284116744995
patient_B,mean,0,HSPB7,,,0.28015220165252686
patient_B,mean,0,BRD4,0.0,,0.97867351770401
patient_B,mean,0,ADAM32,,,0.02653007209300995
patient_B,mean,0,PMCH,0.0,,0.11801616102457047
patient_B,mean,0,CWF19L2,,,0.59064781665802
patient_B,mean,0,CTRC,0.0,,0.07435678690671921
patient_B,mean,0,RBM15,,,0.28592413663864136
patient_B,mean,0,ZNF763,,,0.1503019779920578
patient_B,mean,0,SCG2,,,0.13107626140117645
patient_B,mean,0,ZNF853,0.0,,0.33286675810813904
patient_B,mean,0,TRANK1,0.0,,0.4310576915740967
patient_B,mean,0,TNS1,,,0.5996871590614319
patient_B,mean,0,HIST1H1E,,,0.28316935896873474
patient_B,mean,0,PRRC2C,0.0,,0.9613694548606873
patient_B,mean,0,MYO5A,,,0.30260348320007324
patient_B,mean,0,XIAP,0.0,,0.5978964567184448
patient_B,mean,0,TBCK,,,0.3634878396987915
patient_B,mean,0,SSTR2,,,0.4992159307003021
patient_B,mean,0,IGKV1-9,,,0.0032209919299930334
patient_B,mean,0,CEP89,,,0.46507877111434937
patient_B,mean,0,SIGLEC11,0.0,,0.14676281809806824
patient_B,mean,0,STEAP2,0.0,,0.46941936016082764
patient_B,mean,0,RAG1,,,0.08734428882598877
patient_B,mean,0,SDPR,,,0.2261529266834259
patient_B,mean,0,CBLN3,,,0.1289377063512802
patient_B,mean,0,SLC16A11,,,0.10515457391738892
patient_B,mean,0,AC007906,,,0.3730996549129486
patient_B,mean,0,ZNF114,,,0.09946072101593018
patient_B,mean,0,EXTL1,,,0.08166779577732086
patient_B,mean,0,IGLV3-1,0.0,,0.13889792561531067
patient_B,mean,0,POLR1E,,,0.41431501507759094
patient_B,mean,0,SOX6,0.0,,0.173370361328125
patient_B,mean,0,H3F3A,,,0.2381342202425003
patient_B,mean,0,SCUBE2,,,0.7876661419868469
patient_B,mean,0,SEPT11,0.0,,0.4854447543621063
patient_B,mean,0,NGFR,0.0,,0.42120954394340515
patient_B,mean,0,HIST1H1B,0.0,,0.18884308636188507
patient_B,mean,0,CACNA2D1,0.0,,0.19348110258579254
patient_B,mean,0,SLFN5,,,0.9537956118583679
patient_B,mean,0,ABCG2,,,0.07659849524497986
patient_B,mean,0,VPS37A,0.0,,0.27918264269828796
patient_B,mean,0,FUT1,,,0.1739528626203537
patient_B,mean,0,AGRP,,,0.011943424120545387
patient_B,mean,0,KDM3B,,,0.4894767105579376
patient_B,mean,0,ADAM17,0.0,,0.6855728626251221
patient_B,mean,0,MRPL21,,,0.6693235635757446
patient_B,mean,0,PLIN4,,,0.41880184412002563
patient_B,mean,0,CFAP69,,,0.24871735274791718
patient_B,mean,0,JAKMIP3,,,0.11131031811237335
patient_B,mean,0,GOLGA8N,0.0,,0.1495082676410675
patient_B,mean,0,CACNA1A,0.0,,0.3785061538219452
patient_B,mean,0,CCDC66,,,0.39605996012687683
patient_B,mean,0,ATP6V1E2,,,0.2677643597126007
patient_B,mean,0,FCHSD1,0.0,,0.4722916781902313
patient_B,mean,0,CCR10,0.0,,0.3451176583766937
patient_B,mean,0,CYP20A1,0.0,,0.24500201642513275
patient_B,mean,0,CA11,0.0,,0.36137309670448303
patient_B,mean,0,MAATS1,0.0,,0.2946271598339081
patient_B,mean,0,KCNC1,,,0.11499015241861343
patient_B,mean,0,TNFRSF18,0.0,,0.5111064910888672
patient_B,mean,0,SMAD1,,,0.4079523980617523
patient_B,mean,0,ISM1,0.0,,0.31871289014816284
patient_B,mean,0,EXOSC9,,,0.364554762840271
patient_B,mean,0,FAM126A,,,0.3732787072658539
patient_B,mean,0,BAZ2B,,,0.7329156994819641
patient_B,mean,0,SGCE,,,0.2740277051925659
patient_B,pca_ridge,0,IGKC,0.31483007584287537,0.3485270185518977,1.7096399068832397
patient_B,pca_ridge,0,SCGB2A2,0.4916783366218813,0.48810167148696487,1.6062942743301392
patient_B,pca_ridge,0,IGLC2,0.30326277505283666,0.29552052577605425,2.233595132827759
patient_B,pca_ridge,0,IGHM,0.22362934684480673,0.20661094808818947,1.5038686990737915
patient_B,pca_ridge,0,AP000769,0.05456218184840621,-0.035677311034257364,2.2620046138763428
patient_B,pca_ridge,0,CD74,0.4692538303822078,0.41946245907181184,1.2219105958938599
patient_B,pca_ridge,0,MUCL1,0.22993461217361622,0.3498023775551188,1.2649095058441162
patient_B,pca_ridge,0,CHGA,-0.020074364066401406,-0.012089767020395355,0.18321485817432404
patient_B,pca_ridge,0,GNAS,0.5834446148283479,0.542079303854549,1.2449402809143066
patient_B,pca_ridge,0,IGLC7,0.08314184926873089,0.12371903015553404,1.1154499053955078
patient_B,pca_ridge,0,IGHG4,-0.0006800994748783484,-0.11076481391117868,2.9497690200805664
patient_B,pca_ridge,0,COL3A1,0.37519778845730933,0.46534233430643795,1.3069722652435303
patient_B,pca_ridge,0,S100A9,0.019134641111038846,-0.10176276616578778,1.8246352672576904
patient_B,pca_ridge,0,TFF3,0.21808405399953248,0.1642144986315033,2.3157577514648438
patient_B,pca_ridge,0,JCHAIN,0.3039584425856819,0.3357649074533985,1.2874630689620972
patient_B,pca_ridge,0,HLA-E,0.32331176414375123,0.2917743184652548,1.293643832206726
patient_B,pca_ridge,0,AREG,0.27961537805356784,0.34173242707795,0.8971335887908936
patient_B,pca_ridge,0,AGR3,0.2661163565219302,0.34530060290600306,0.502909243106842
patient_B,pca_ridge,0,PSMB3,0.5132217167821618,0.46819377295580233,1.3793748617172241
patient_B,pca_ridge,0,MUC6,0.006836925521327185,0.025177780928322548,0.7437312006950378
patient_B,pca_ridge,0,CCL19,0.2078780993637545,0.19399668661854375,0.9778892397880554
patient_B,pca_ridge,0,AGR2,0.46790783444197837,0.4522147487316628,1.43532133102417
patient_B,pca_ridge,0,FABP7,-0.03339642554667575,-0.007774364750853417,0.2684521973133087
patient_B,pca_ridge,0,ISG15,0.2039351118390434,0.20104408550053618,1.8287276029586792
patient_B,pca_ridge,0,KRT15,0.21977691180738018,0.24688084172681052,0.8631094694137573
patient_B,pca_ridge,0,FNBP1L,0.2705035636950897,0.41729925888752994,0.6645539402961731
patient_B,pca_ridge,0,FABP4,0.04103365308551461,-0.0017413174397555786,0.44483670592308044
patient_B,pca_ridge,0,PTGDS,0.35880120260014187,0.3785367272297208,1.0820406675338745
patient_B,pca_ridge,0,DCAF12L2,0.09112910054339264,0.1562009396476641,0.4130468964576721
patient_B,pca_ridge,0,LAPTM4A,0.49768599338628716,0.5298390791756733,0.9386650919914246
patient_B,pca_ridge,0,SLC9A3R1,0.3760922800630104,0.3588945229582952,1.219145655632019
patient_B,pca_ridge,0,GLYATL2,-0.013253496209090415,0.031031680269166115,0.43660154938697815
patient_B,pca_ridge,0,TFF1,0.0753639618754183,0.08942881673640919,2.014571189880371
patient_B,pca_ridge,0,LTF,0.15650980924710808,0.1592393822355621,1.671642541885376
patient_B,pca_ridge,0,ASPH,0.33970847580922403,0.471221949852771,0.6963899731636047
patient_B,pca_ridge,0,RHOB,0.5221472503576782,0.5323690674654364,0.8219491243362427
patient_B,pca_ridge,0,S100A8,0.049129089849279876,0.10577678703253791,0.9232638478279114
patient_B,pca_ridge,0,POSTN,0.2578705287873517,0.4342325653616178,1.0856341123580933
patient_B,pca_ridge,0,KRT81,-0.011804732988344498,0.006314666838792133,0.7777762413024902
patient_B,pca_ridge,0,CD36,0.02266172073933008,0.1324148122734743,0.5682467222213745
patient_B,pca_ridge,0,KRT17,0.22036647936943804,0.18984009013813088,0.909223735332489
patient_B,pca_ridge,0,SERP1,0.5073749137218262,0.5569347431993521,0.7847642302513123
patient_B,pca_ridge,0,SCGB3A1,0.05733014608503113,0.06428833169484191,0.6876457929611206
patient_B,pca_ridge,0,IGHD,0.108957850209735,0.12239398315109204,0.2777009904384613
patient_B,pca_ridge,0,STOM,0.43344158948933004,0.5052312806472113,0.8704640865325928
patient_B,pca_ridge,0,ITGAV,0.3980686200452912,0.5175083777181093,0.7553139925003052
patient_B,pca_ridge,0,CCL21,0.1422378375487158,0.17757974179422426,0.6958220601081848
patient_B,pca_ridge,0,KRT18,0.36691942999725347,0.2862672149519019,1.3891161680221558
patient_B,pca_ridge,0,SCGB2A1,0.1611802655352514,0.2437658838415868,0.2531401813030243
patient_B,pca_ridge,0,PVALB,0.11267803687123354,0.1518288407437464,0.7068639993667603
patient_B,pca_ridge,0,BOD1L1,0.10939690515764985,0.2728071776108222,0.6208049058914185
patient_B,pca_ridge,0,FAHD2A,-0.010346222753547124,0.09927368500429917,0.2829548716545105
patient_B,pca_ridge,0,SCN8A,0.03361632128567097,0.09322484106278425,0.1824081987142563
patient_B,pca_ridge,0,KCNB1,0.001969239784732436,0.03301722138458597,0.17850854992866516
patient_B,pca_ridge,0,ARHGAP21,0.022470728556213283,0.1571515732665731,0.47486287355422974
patient_B,pca_ridge,0,CRYBA2,-0.012084935606678815,-0.032198826541129794,0.05570470541715622
patient_B,pca_ridge,0,PIR,0.21377641158987737,0.3121719898928955,0.2851654589176178
patient_B,pca_ridge,0,SYT1,0.0774285489915271,0.19020211611100887,0.27903807163238525
patient_B,pca_ridge,0,SEMA6A,0.1516644623841184,0.3204600237344926,0.44668176770210266
patient_B,pca_ridge,0,PILRB,0.03167578986319037,0.04241008416242224,0.21334776282310486
patient_B,pca_ridge,0,WDR13,0.11536882554775232,0.26904005896017774,0.8260475397109985
patient_B,pca_ridge,0,RAPGEF2,0.1317039922520316,0.2649071990713174,0.30225738883018494
patient_B,pca_ridge,0,RHOJ,0.021365207726716805,0.07463614446155625,0.33520135283470154
patient_B,pca_ridge,0,FGF10,0.025564290513229726,8.077565211423464e-05,0.10972955077886581
patient_B,pca_ridge,0,SYT17,-0.034071721292746396,0.09558550640514558,0.3129613399505615
patient_B,pca_ridge,0,PPP1R14A,0.03919109363453361,0.09974242528284707,0.4023156762123108
patient_B,pca_ridge,0,MMRN1,0.0024597086646599223,0.031068390006774617,0.22477972507476807
patient_B,pca_ridge,0,LPIN1,0.09944815326108376,0.264402435405153,0.5047222375869751
patient_B,pca_ridge,0,RNASEK,-0.0041131542403027195,-0.008527539826250524,0.16870008409023285
patient_B,pca_ridge,0,SCAPER,0.04443859377533485,0.12038190633455878,0.46638721227645874
patient_B,pca_ridge,0,KCNQ2,0.011199254332643821,0.02011183615776105,0.12418389320373535
patient_B,pca_ridge,0,INAFM1,0.06795494650263387,0.18879213897218539,0.6507818102836609
patient_B,pca_ridge,0,DNAJC24,0.035449621091654164,0.049762821450905825,0.2838713526725769
patient_B,pca_ridge,0,PMAIP1,0.12766674175693854,0.2412522828343262,0.3033106029033661
patient_B,pca_ridge,0,MRPL52,0.22994013928290336,0.3958483517305589,0.8674247860908508
patient_B,pca_ridge,0,C12orf50,-0.016784367401860123,0.0034484429349516334,0.10605660080909729
patient_B,pca_ridge,0,ADAM11,0.02090949824486387,0.036342806329038836,0.10645405948162079
patient_B,pca_ridge,0,MRGPRF,0.08538024455743728,0.12277763120642228,0.5298447608947754
patient_B,pca_ridge,0,MACROD2,0.030080270302315443,0.03695870800286612,0.173484668135643
patient_B,pca_ridge,0,SFSWAP,0.1467429692976896,0.3492797392793497,0.6139892339706421
patient_B,pca_ridge,0,PHIP,0.06761228313037004,0.26007144758423933,0.875502347946167
patient_B,pca_ridge,0,AGAP9,-0.037605155966654105,-0.04040541439674665,0.08775963634252548
patient_B,pca_ridge,0,HOXC9,0.05236007397680044,0.22704032772415408,0.4932786822319031
patient_B,pca_ridge,0,ITCH,0.01603721236616081,0.13900161081631196,0.3022686243057251
patient_B,pca_ridge,0,HSPB7,0.016188202573807875,0.052323104844178334,0.28084999322891235
patient_B,pca_ridge,0,BRD4,0.02316116162556749,0.24432206582984128,0.9835563898086548
patient_B,pca_ridge,0,ADAM32,0.024382206708397337,0.025676932182629345,0.027377044782042503
patient_B,pca_ridge,0,PMCH,0.03682232643415029,0.04700626164970555,0.11797511577606201
patient_B,pca_ridge,0,CWF19L2,0.018854214836891252,0.09994797737641027,0.5892957448959351
patient_B,pca_ridge,0,CTRC,-0.017402131478567687,-0.00755801930181489,0.07461072504520416
patient_B,pca_ridge,0,RBM15,0.24390261360394788,0.35435659546589865,0.27863582968711853
patient_B,pca_ridge,0,ZNF763,-0.024028966835655818,-0.023581863323469995,0.15081702172756195
patient_B,pca_ridge,0,SCG2,0.03094939035074503,0.042706806455306195,0.13116766512393951
patient_B,pca_ridge,0,ZNF853,-0.012567838031340942,0.08047446025010487,0.33417460322380066
patient_B,pca_ridge,0,TRANK1,0.11332385297325494,0.2437267891861861,0.42703530192375183
patient_B,pca_ridge,0,TNS1,0.12136398282019425,0.2669191747309085,0.5945461988449097
patient_B,pca_ridge,0,HIST1H1E,0.02631068178668721,-0.04063136755430523,0.2826116383075714
patient_B,pca_ridge,0,PRRC2C,0.16321120674226192,0.3574967215068029,0.9567986726760864
patient_B,pca_ridge,0,MYO5A,0.11217887100341388,0.22208398219488268,0.3009808659553528
patient_B,pca_ridge,0,XIAP,0.020085085059334182,0.1918893471504589,0.5995365381240845
patient_B,pca_ridge,0,TBCK,0.07596993330419233,0.19565226123554394,0.36285150051116943
patient_B,pca_ridge,0,SSTR2,0.09711113599424334,0.16187608362412303,0.4982294738292694
patient_B,pca_ridge,0,IGKV1-9,,,0.008313808590173721
patient_B,pca_ridge,0,CEP89,0.11623399796474693,0.2836445297479149,0.4572342038154602
patient_B,pca_ridge,0,SIGLEC11,0.024703265326283398,0.0222203559712347,0.14674292504787445
patient_B,pca_ridge,0,STEAP2,0.10078296886263086,0.22448444281916693,0.4671840965747833
patient_B,pca_ridge,0,RAG1,0.01447585545963661,0.054011635586966054,0.08740920573472977
patient_B,pca_ridge,0,SDPR,0.04039429186642842,0.011827116945938318,0.22539697587490082
patient_B,pca_ridge,0,CBLN3,-0.011586868957147774,0.052825286072151305,0.1291905641555786
patient_B,pca_ridge,0,SLC16A11,0.01698601289532676,0.008320620228371212,0.10530856996774673
patient_B,pca_ridge,0,AC007906,-0.013887086208765389,0.0015116858818920514,0.37280523777008057
patient_B,pca_ridge,0,ZNF114,0.044606936432708175,0.04705586118989432,0.09937867522239685
patient_B,pca_ridge,0,EXTL1,0.046488195229489576,0.0210221792634274,0.08161886036396027
patient_B,pca_ridge,0,IGLV3-1,0.020941009568257955,0.006822518342646958,0.19584505259990692
patient_B,pca_ridge,0,POLR1E,0.14440005996509034,0.3220275835103674,0.4118664264678955
patient_B,pca_ridge,0,SOX6,-0.03718485600296482,-0.005076849466237691,0.1736081838607788
patient_B,pca_ridge,0,H3F3A,-0.016935598573111325,0.015082870488398131,0.23876544833183289
patient_B,pca_ridge,0,SCUBE2,0.20839990858022897,0.3542691006944771,0.7876276969909668
patient_B,pca_ridge,0,SEPT11,0.10408746766711649,0.2767130541525197,0.4833480417728424
patient_B,pca_ridge,0,NGFR,0.100420739551184,0.13465632157889693,0.4185265302658081
patient_B,pca_ridge,0,HIST1H1B,-0.03374384054068767,-0.005308159163095565,0.18920737504959106
patient_B,pca_ridge,0,CACNA2D1,0.012911760022602138,0.03881483386020635,0.19382795691490173
patient_B,pca_ridge,0,SLFN5,0.2702473374490666,0.4161832891730635,0.922512948513031
patient_B,pca_ridge,0,ABCG2,0.006883021875413151,0.004724013782847315,0.07684541493654251
patient_B,pca_ridge,0,VPS37A,0.08150722365382909,0.22989994721404183,0.2785557508468628
patient_B,pca_ridge,0,FUT1,-0.01671032706933657,-0.016517588225413344,0.1744435876607895
patient_B,pca_ridge,0,AGRP,-1.0569660121700439e-05,-0.001981148258515094,0.01329327654093504
patient_B,pca_ridge,0,KDM3B,0.1752556113926744,0.36166203699984284,0.4824701249599457
patient_B,pca_ridge,0,ADAM17,0.0036774353643196558,0.103924982281584,0.6863248348236084
patient_B,pca_ridge,0,MRPL21,0.3370962097842373,0.4751905844897325,0.6418180465698242
patient_B,pca_ridge,0,PLIN4,0.018376065310059565,-0.05257262215841059,0.4393082559108734
patient_B,pca_ridge,0,CFAP69,0.011826146358920035,0.09627294291253811,0.24927257001399994
patient_B,pca_ridge,0,JAKMIP3,-0.013467428128005752,0.006112569616015763,0.11151381582021713
patient_B,pca_ridge,0,GOLGA8N,0.011083098872300828,0.024181222172212635,0.14945068955421448
patient_B,pca_ridge,0,CACNA1A,0.05131304765916779,0.09050374342467808,0.3786466419696808
patient_B,pca_ridge,0,CCDC66,-0.015453428213747549,0.09824651631041173,0.39677169919013977
patient_B,pca_ridge,0,ATP6V1E2,0.015965890642854082,0.10885116857744613,0.26828306913375854
patient_B,pca_ridge,0,FCHSD1,0.04188216389012635,0.13759365246280122,0.4744434952735901
patient_B,pca_ridge,0,CCR10,0.022540230654254617,0.02740246750921644,0.34546101093292236
patient_B,pca_ridge,0,CYP20A1,0.06783397893450316,0.16131533095933756,0.24467365443706512
patient_B,pca_ridge,0,CA11,0.07349779488699881,0.11098185214277034,0.3607495129108429
patient_B,pca_ridge,0,MAATS1,-0.004715344414523192,0.057750407975435666,0.29620176553726196
patient_B,pca_ridge,0,KCNC1,-0.03699377423750151,-0.02314548363206332,0.11538495868444443
patient_B,pca_ridge,0,TNFRSF18,0.11588838839872165,0.21407519845711767,0.5105651617050171
patient_B,pca_ridge,0,SMAD1,-0.007095640824943787,0.016412107653638933,0.407201886177063
patient_B,pca_ridge,0,ISM1,0.026535518177563548,0.08401565806979447,0.3193168640136719
patient_B,pca_ridge,0,EXOSC9,0.2513751957544292,0.36839361860276665,0.3535979390144348
patient_B,pca_ridge,0,FAM126A,0.0076954949011650686,0.1025360442953828,0.37314513325691223
patient_B,pca_ridge,0,BAZ2B,0.10604820807945718,0.28975625633655455,0.7315916419029236
patient_B,pca_ridge,0,SGCE,-0.007602457071727136,0.044637895453026835,0.2749616205692291
patient_B,spatial_knn,0,IGKC,0.011462780127552053,-0.007214509316744129,1.7152064654357706
patient_B,spatial_knn,0,SCGB2A2,-0.1493198754104073,-0.15721558782764783,2.016886422902083
patient_B,spatial_knn,0,IGLC2,0.020720390500611884,0.041893864310698824,2.227565749137219
patient_B,spatial_knn,0,IGHM,0.0006690548737357015,-0.007684151404576809,1.9254902634166595
patient_B,spatial_knn,0,AP000769,0.014135403687126846,0.026779185601344943,2.4897634314298998
patient_B,spatial_knn,0,CD74,0.0156764534290574,-0.027898295157495877,1.429793908919605
patient_B,spatial_knn,0,MUCL1,-0.09138963036439128,-0.11700180846894065,1.6411544971392826
patient_B,spatial_knn,0,CHGA,0.006215322813889316,0.012999106366866806,0.15601331179095518
patient_B,spatial_knn,0,GNAS,-0.034884246780533944,-0.03167356234881843,1.5416252186060562
patient_B,spatial_knn,0,IGLC7,0.0011250467676488102,-0.02917946600422251,1.089745381878604
patient_B,spatial_knn,0,IGHG4,0.0034408827057475708,-0.00796925053615952,2.4067773362645197
patient_B,spatial_knn,0,COL3A1,-0.012130371052903363,0.0029236886333015247,1.3999798902568907
patient_B,spatial_knn,0,S100A9,0.06583401038794584,0.01206918494196544,2.0187102770962513
patient_B,spatial_knn,0,TFF3,0.046427507806177784,0.05299934646914348,2.4787553256450727
patient_B,spatial_knn,0,JCHAIN,-0.024498259995908718,-0.03159654716043203,1.4736385168392554
patient_B,spatial_knn,0,HLA-E,-0.022423012655812237,-0.01167938229039382,1.3901337017370257
patient_B,spatial_knn,0,AREG,0.02838263539319469,0.03149537622269499,0.9305450756912812
patient_B,spatial_knn,0,AGR3,-0.0717066439100951,-0.08878192521310421,0.5359201680532416
patient_B,spatial_knn,0,PSMB3,-0.0009236364212771462,-0.013087105172847552,1.7524160227280823
patient_B,spatial_knn,0,MUC6,-0.02434976718604097,-0.029007323444807248,0.8431547843478144
patient_B,spatial_knn,0,CCL19,0.009488830068042364,0.01814072266445818,1.0220144779985805
patient_B,spatial_knn,0,AGR2,-0.07311813780899974,-0.07344977348040423,1.502154187166956
patient_B,spatial_knn,0,FABP7,-0.015486324173369245,-0.01100087992205142,0.27874849993393946
patient_B,spatial_knn,0,ISG15,-0.05841826043272519,-0.04093890144883088,1.78482651259467
patient_B,spatial_knn,0,KRT15,0.013446956342400822,-0.003059834245191022,0.919515306713067
patient_B,spatial_knn,0,FNBP1L,-0.03587962286705595,-0.045620318099162935,0.838450772973355
patient_B,spatial_knn,0,FABP4,-0.0089407027449742,-0.014268382688927588,0.35545688230879424
patient_B,spatial_knn,0,PTGDS,-0.05761455398694967,-0.05599198632112878,1.23520659717658
patient_B,spatial_knn,0,DCAF12L2,-0.0004723757353486662,0.007942552551434619,0.41330511702515355
patient_B,spatial_knn,0,LAPTM4A,0.011807017832299462,0.019907432517070566,1.1402406573644113
patient_B,spatial_knn,0,SLC9A3R1,0.03820242851571813,0.023009089305537245,1.8107480517726657
patient_B,spatial_knn,0,GLYATL2,-0.0067550214849637375,-0.03883384054366973,0.36466190888868294
patient_B,spatial_knn,0,TFF1,0.02284380765363879,0.0224082992893273,2.065499546456589
patient_B,spatial_knn,0,LTF,0.02966126184867652,0.02061627973428897,1.645660718582731
patient_B,spatial_knn,0,ASPH,-0.12089409425782086,-0.15865699234701738,0.8747051764428581
patient_B,spatial_knn,0,RHOB,0.05918656119622194,0.0685448286079686,0.9758568973635542
patient_B,spatial_knn,0,S100A8,0.03840415499506356,-0.009400552803244385,1.6434878050920811
patient_B,spatial_knn,0,POSTN,0.010309493033416892,0.01209010067455988,1.179945139621953
patient_B,spatial_knn,0,KRT81,0.02194774422593388,0.011451894126046358,0.8011876125707865
patient_B,spatial_knn,0,CD36,-0.03689564871193216,-0.024289091245955064,0.5773365817267203
patient_B,spatial_knn,0,KRT17,-0.06571337769735275,-0.03692623133376445,0.9870070838242426
patient_B,spatial_knn,0,SERP1,-0.035053682708652174,-0.04515491495920799,0.9501303403804655
patient_B,spatial_knn,0,SCGB3A1,0.08523092965279189,0.070793042696695,0.9650253614825335
patient_B,spatial_knn,0,IGHD,0.021179141397980224,0.010329235454256104,0.369589437976053
patient_B,spatial_knn,0,STOM,0.07133897992230279,0.07406805898270694,0.9492624757599891
patient_B,spatial_knn,0,ITGAV,-0.021269189445040297,-0.030735662185761407,0.8769923672801185
patient_B,spatial_knn,0,CCL21,0.01839332002642664,0.012058253746891873,0.7250695085563698
patient_B,spatial_knn,0,KRT18,0.005572625133957413,-0.0007691585973804983,1.4432389184838665
patient_B,spatial_knn,0,SCGB2A1,-0.06451079620895345,-0.08037155800602243,0.28432764201293714
patient_B,spatial_knn,0,PVALB,-0.011905825573488637,0.005553957617300336,0.7077618347455614
patient_B,spatial_knn,0,BOD1L1,-0.009344242432663536,-0.018520175274206997,0.6401336389886108
patient_B,spatial_knn,0,FAHD2A,-0.028939446161884402,-0.04262631403422483,0.29293113516489194
patient_B,spatial_knn,0,SCN8A,0.015023366643407286,-0.009266524824094855,0.18485411741126367
patient_B,spatial_knn,0,KCNB1,-0.0180165111539156,-0.02972325774454351,0.18052193816679954
patient_B,spatial_knn,0,ARHGAP21,0.04533555478985107,0.04054269829313613,0.48080253155140906
patient_B,spatial_knn,0,CRYBA2,-0.010859026568840064,-0.018621152534862094,0.07938496907000943
patient_B,spatial_knn,0,PIR,0.010257052704387717,-0.0067948204942782425,0.29525563526100024
patient_B,spatial_knn,0,SYT1,-0.017706068979473757,-0.026186012923458398,0.2823854524258898
patient_B,spatial_knn,0,SEMA6A,-0.026313044456948882,-0.0038200475079275195,0.4521632574591646
patient_B,spatial_knn,0,PILRB,-0.01713361236537573,-0.005089386764332063,0.21673053235945286
patient_B,spatial_knn,0,WDR13,0.008373525873174194,-0.010232117155384891,0.9016481028784039
patient_B,spatial_knn,0,RAPGEF2,-0.004265385556643506,-0.0051435878789667456,0.3151607482218711
patient_B,spatial_knn,0,RHOJ,-0.0179605575956523,-0.001707991368440419,0.3435546947064636
patient_B,spatial_knn,0,FGF10,-0.006820814733680418,-0.008392505240881436,0.1107309988465135
patient_B,spatial_knn,0,SYT17,-0.006912069452242068,-0.025007655137874212,0.31960261894775654
patient_B,spatial_knn,0,PPP1R14A,-0.041995241994579734,-0.05038488894383866,0.4180266224022414
patient_B,spatial_knn,0,MMRN1,0.005233861098324501,-0.002707066990720486,0.22659532581197334
patient_B,spatial_knn,0,LPIN1,0.0048174848802235515,-0.004731296076179236,0.5200357962610781
patient_B,spatial_knn,0,RNASEK,-0.007923754686815658,-0.013027777380491292,0.17046317728871993
patient_B,spatial_knn,0,SCAPER,0.00836822170421579,-0.028197461440935816,0.4705598499685338
patient_B,spatial_knn,0,KCNQ2,-0.01956610845279675,-0.03019513676979746,0.14252421376230065
patient_B,spatial_knn,0,INAFM1,-0.044149350000151966,-0.02951150168122112,0.6755661907639986
patient_B,spatial_knn,0,DNAJC24,-0.010673712175758372,0.012221303068877152,0.28741845743681593
patient_B,spatial_knn,0,PMAIP1,0.0032687488238565196,0.00504266565471443,0.3070628706543983
patient_B,spatial_knn,0,MRPL52,0.008974988648732305,0.026221982265013256,0.9269411146751769
patient_B,spatial_knn,0,C12orf50,-0.005151173843988677,-0.006312000541172372,0.10664519589171721
patient_B,spatial_knn,0,ADAM11,-0.011874476624188557,-0.023224292890549673,0.11346998753637777
patient_B,spatial_knn,0,MRGPRF,-0.04544781989571467,-0.023526477785041137,0.548256323908031
patient_B,spatial_knn,0,MACROD2,-0.01601348901529752,-0.008537460646523486,0.1773791114534696
patient_B,spatial_knn,0,SFSWAP,0.00015279635426926992,0.005211873180863978,0.6450985942335449
patient_B,spatial_knn,0,PHIP,0.009058639597461043,-0.0008025443665236655,0.8875677073579052
patient_B,spatial_knn,0,AGAP9,-0.006513017048717838,-0.008998240301421531,0.09024455491367081
patient_B,spatial_knn,0,HOXC9,0.031647670978162165,0.02769138683729673,0.5004381920822121
patient_B,spatial_knn,0,ITCH,0.0191459589404148,-0.02085249458557647,0.3053469992266947
patient_B,spatial_knn,0,HSPB7,0.012362058776841862,0.02795880235005802,0.2851099124185138
patient_B,spatial_knn,0,BRD4,-0.00795808408226148,-0.0015930655636783185,1.002412400996662
patient_B,spatial_knn,0,ADAM32,-0.006027376979236697,-0.00845334374273277,0.03400975987083409
patient_B,spatial_knn,0,PMCH,-0.007897054359890476,-0.015361988860188323,0.11967345247504133
patient_B,spatial_knn,0,CWF19L2,0.005249557659571224,-0.004932416648163532,0.5981612944740403
patient_B,spatial_knn,0,CTRC,-0.004512577355743947,-0.007163538762332192,0.07849268075791721
patient_B,spatial_knn,0,RBM15,-0.0011570078097976862,-0.02044738217472267,0.2978636278579055
patient_B,spatial_knn,0,ZNF763,-0.012640117598055804,-0.007154199270553371,0.15426109495423776
patient_B,spatial_knn,0,SCG2,-0.005610915441702053,0.01469093164801437,0.13444830422476162
patient_B,spatial_knn,0,ZNF853,0.023958562677506137,-0.01611036079785153,0.3388407316623766
patient_B,spatial_knn,0,TRANK1,0.02339250341811812,0.03752776092457465,0.43542542408006674
patient_B,spatial_knn,0,TNS1,-0.0117727259652704,-0.026393339480520826,0.6213030051520659
patient_B,spatial_knn,0,HIST1H1E,-0.011810815940900337,-0.03979923420711862,0.28700481810474937
patient_B,spatial_knn,0,PRRC2C,-0.012886267879657853,-0.022708989220872562,0.990344246099528
patient_B,spatial_knn,0,MYO5A,0.004951851076503321,-0.030938320284901503,0.3151255953203979
patient_B,spatial_knn,0,XIAP,-0.028419258550263046,-0.044028350532895756,0.6105295038435644
patient_B,spatial_knn,0,TBCK,0.014344732450196188,0.0019904803527999067,0.3680413257633333
patient_B,spatial_knn,0,SSTR2,-0.025413379138419456,-0.01164483424478361,0.5042838700424005
patient_B,spatial_knn,0,IGKV1-9,,,0.02078691949517543
patient_B,spatial_knn,0,CEP89,0.006466074049439097,-0.013391567797916613,0.4905416907982924
patient_B,spatial_knn,0,SIGLEC11,-0.008026797039880624,-0.010731732417709326,0.148631091040667
patient_B,spatial_knn,0,STEAP2,0.02990466183571984,0.025829804246988435,0.47017311801243855
patient_B,spatial_knn,0,RAG1,-0.005653436783193187,-0.01003243949683473,0.08785388220955591
patient_B,spatial_knn,0,SDPR,0.01217318485860032,-0.009377676748416709,0.22724983946157842
patient_B,spatial_knn,0,CBLN3,-0.002101297553616514,0.004704023126498122,0.13132923318976136
patient_B,spatial_knn,0,SLC16A11,-0.011070914084724494,-0.015361988860188323,0.1067463895197052
patient_B,spatial_knn,0,AC007906,-0.021879425458806764,-0.0307395003791622,0.3759554263317457
patient_B,spatial_knn,0,ZNF114,0.025836976122590262,0.034036193321597054,0.10157102688683751
patient_B,spatial_knn,0,EXTL1,-0.007196246952979671,-0.011297857622987906,0.08776380307935099
patient_B,spatial_knn,0,IGLV3-1,-0.011940326507780003,-0.010065071696312858,0.18831149037383163
patient_B,spatial_knn,0,POLR1E,0.012845406399153839,0.009386266795434178,0.42998820011937383
patient_B,spatial_knn,0,SOX6,-0.014223485782382715,-0.02085180688332987,0.17479495767489514
patient_B,spatial_knn,0,H3F3A,-0.022733230134362854,-0.03707476705390525,0.24026467727233017
patient_B,spatial_knn,0,SCUBE2,0.05668652093958215,0.05130871839840157,0.7890226220475902
patient_B,spatial_knn,0,SEPT11,7.644938319537053e-05,0.004668578372950395,0.5024955586094898
patient_B,spatial_knn,0,NGFR,0.0559897699880268,0.06379585511711044,0.42570748068531783
patient_B,spatial_knn,0,HIST1H1B,-0.010856718769750718,0.0007952643326815745,0.19049281988450784
patient_B,spatial_knn,0,CACNA2D1,-0.0015932528596360289,-0.012277395177025117,0.19729662316702412
patient_B,spatial_knn,0,SLFN5,-0.034131384135017595,-0.01206406187363493,0.9681919118914758
patient_B,spatial_knn,0,ABCG2,-0.005028953483741345,-0.01049455526480943,0.08180516592054465
patient_B,spatial_knn,0,VPS37A,-0.011294692175031235,0.0030299788703741556,0.29240264999027127
patient_B,spatial_knn,0,FUT1,-0.013645631541916396,0.011179474512519893,0.18499366207507073
patient_B,spatial_knn,0,AGRP,-0.0030958839087402764,-0.003926035919457799,0.02278829665255205
patient_B,spatial_knn,0,KDM3B,-0.03586735806080445,-0.028377843243790814,0.514812148674062
patient_B,spatial_knn,0,ADAM17,0.012648126492562023,-0.01880508645977559,0.7000806990802414
patient_B,spatial_knn,0,MRPL21,0.007007277964276583,0.015087940087741109,0.6934720337079946
patient_B,spatial_knn,0,PLIN4,-0.023796110572303637,-0.029369677563976793,0.44089691902604683
patient_B,spatial_knn,0,CFAP69,0.030118848254709108,0.0027254530380050987,0.2516142301663214
patient_B,spatial_knn,0,JAKMIP3,-0.007531042101206439,-0.011076619222072103,0.11415313185488209
patient_B,spatial_knn,0,GOLGA8N,-0.008600698143380986,-0.012417697051297628,0.15042202474425256
patient_B,spatial_knn,0,CACNA1A,-0.004825295686803871,-0.026757423642682212,0.38622267436112057
patient_B,spatial_knn,0,CCDC66,0.01472369230015419,-0.014193939092987946,0.4029793152430509
patient_B,spatial_knn,0,ATP6V1E2,-0.02335429511765162,-0.04067008484425697,0.2743460981003874
patient_B,spatial_knn,0,FCHSD1,0.0006363108410098843,-0.00014624873185694245,0.48797861780687635
patient_B,spatial_knn,0,CCR10,0.009230957885497272,-0.007397154893903077,0.3508688665890583
patient_B,spatial_knn,0,CYP20A1,0.02769102757297008,-0.004611306744373713,0.2535224426933025
patient_B,spatial_knn,0,CA11,0.029728453843136764,0.020681430150179293,0.37046651372712025
patient_B,spatial_knn,0,MAATS1,0.0033324286344289726,0.01605113615057983,0.2958883088213446
patient_B,spatial_knn,0,KCNC1,-0.004348118931529083,-0.011747355155244353,0.1204247294588251
patient_B,spatial_knn,0,TNFRSF18,-0.01323319549228767,-0.013241819577877782,0.5330769566813185
patient_B,spatial_knn,0,SMAD1,-0.024939321181654404,-0.028411121182772368,0.41270054938682144
patient_B,spatial_knn,0,ISM1,-0.015153571777512866,-0.01146552205299436,0.3254812837656811
patient_B,spatial_knn,0,EXOSC9,0.05271376497961487,0.04001294884567672,0.37512792025877695
patient_B,spatial_knn,0,FAM126A,-0.018111452085721312,-0.01838741039103414,0.3796227999373067
patient_B,spatial_knn,0,BAZ2B,-0.0015776581718874643,-0.032194103405428366,0.7469450095751972
patient_B,spatial_knn,0,SGCE,-0.008114451210798155,-0.019118153676531573,0.28081568892005593
patient_C,mean,0,IGKC,,,1.3433210849761963
patient_C,mean,0,SCGB2A2,,,1.5509129762649536
patient_C,mean,0,IGLC2,,,1.5978360176086426
patient_C,mean,0,IGHM,,,1.398726224899292
patient_C,mean,0,AP000769,,,1.0370179414749146
patient_C,mean,0,CD74,0.0,,0.8316263556480408
patient_C,mean,0,MUCL1,0.0,,2.3377840518951416
patient_C,mean,0,CHGA,,,0.9618737101554871
patient_C,mean,0,GNAS,0.0,,0.9084619879722595
patient_C,mean,0,IGLC7,,,1.1904587745666504
patient_C,mean,0,IGHG4,0.0,,1.8454680442810059
patient_C,mean,0,COL3A1,,,1.411729097366333
patient_C,mean,0,S100A9,,,1.3170348405838013
patient_C,mean,0,TFF3,,,2.6945109367370605
patient_C,mean,0,JCHAIN,0.0,,0.9755436182022095
patient_C,mean,0,HLA-E,0.0,,0.9293262362480164
patient_C,mean,0,AREG,,,0.13108187913894653
patient_C,mean,0,AGR3,,,0.10655438154935837
patient_C,mean,0,PSMB3,,,1.538366436958313
patient_C,mean,0,MUC6,0.0,,2.4881820678710938
patient_C,mean,0,CCL19,,,0.6157912015914917
patient_C,mean,0,AGR2,0.0,,0.9695844650268555
patient_C,mean,0,FABP7,,,1.2837140560150146
patient_C,mean,0,ISG15,0.0,,0.9982785582542419
patient_C,mean,0,KRT15,,,0.5113218426704407
patient_C,mean,0,FNBP1L,0.0,,0.5557759404182434
patient_C,mean,0,FABP4,,,0.28526487946510315
patient_C,mean,0,PTGDS,0.0,,0.6910277009010315
patient_C,mean,0,DCAF12L2,0.0,,0.027565844357013702
patient_C,mean,0,LAPTM4A,0.0,,1.2723543643951416
patient_C,mean,0,SLC9A3R1,0.0,,1.0402406454086304
patient_C,mean,0,GLYATL2,,,0.8774337768554688
patient_C,mean,0,TFF1,,,0.324384480714798
patient_C,mean,0,LTF,,,0.8893193006515503
patient_C,mean,0,ASPH,0.0,,0.8234303593635559
patient_C,mean,0,RHOB,0.0,,0.8513765931129456
patient_C,mean,0,S100A8,0.0,,1.2814648151397705
patient_C,mean,0,POSTN,0.0,,1.1436400413513184
patient_C,mean,0,KRT81,,,2.5917372703552246
patient_C,mean,0,CD36,0.0,,0.3760845959186554
patient_C,mean,0,KRT17,0.0,,0.5059412121772766
patient_C,mean,0,SERP1,0.0,,0.7310082316398621
patient_C,mean,0,SCGB3A1,0.0,,0.6138231158256531
patient_C,mean,0,IGHD,0.0,,0.449726402759552
patient_C,mean,0,STOM,,,0.8227366209030151
patient_C,mean,0,ITGAV,0.0,,0.6247537136077881
patient_C,mean,0,CCL21,,,0.45885077118873596
patient_C,mean,0,KRT18,0.0,,0.8654031157493591
patient_C,mean,0,SCGB2A1,,,0.15435850620269775
patient_C,mean,0,PVALB,,,0.046133656054735184
patient_C,mean,0,BOD1L1,,,0.4274124503135681
patient_C,mean,0,FAHD2A,0.0,,0.16260677576065063
patient_C,mean,0,SCN8A,,,0.10841115564107895
patient_C,mean,0,KCNB1,,,0.07590022683143616
patient_C,mean,0,ARHGAP21,0.0,,0.2841426730155945
patient_C,mean,0,CRYBA2,0.0,,0.06376951932907104
patient_C,mean,0,PIR,,,0.24867381155490875
patient_C,mean,0,SYT1,,,0.17194099724292755
patient_C,mean,0,SEMA6A,,,0.2531110644340515
patient_C,mean,0,PILRB,0.0,,0.17131657898426056
patient_C,mean,0,WDR13,0.0,,0.5844733119010925
patient_C,mean,0,RAPGEF2,,,0.2820201516151428
patient_C,mean,0,RHOJ,0.0,,0.23555921018123627
patient_C,mean,0,FGF10,,,0.011768756434321404
patient_C,mean,0,SYT17,0.0,,0.14553314447402954
patient_C,mean,0,PPP1R14A,0.0,,0.15896469354629517
patient_C,mean,0,MMRN1,,,0.11106687784194946
patient_C,mean,0,LPIN1,,,0.41961124539375305
patient_C,mean,0,RNASEK,,,0.05597997084259987
patient_C,mean,0,SCAPER,0.0,,0.2314140647649765
patient_C,mean,0,KCNQ2,0.0,,0.05419288948178291
patient_C,mean,0,INAFM1,,,0.45876264572143555
patient_C,mean,0,DNAJC24,,,0.11206057667732239
patient_C,mean,0,PMAIP1,0.0,,0.13046376407146454
patient_C,mean,0,MRPL52,,,0.8004850745201111
patient_C,mean,0,C12orf50,,,0.04472513869404793
patient_C,mean,0,ADAM11,,,0.07358840852975845
patient_C,mean,0,MRGPRF,,,0.29221150279045105
patient_C,mean,0,MACROD2,,,0.08956025540828705
patient_C,mean,0,SFSWAP,,,0.573868453502655
patient_C,mean,0,PHIP,0.0,,0.564598798751831
patient_C,mean,0,AGAP9,,,0.09449151158332825
patient_C,mean,0,HOXC9,0.0,,0.2918521463871002
patient_C,mean,0,ITCH,,,0.21766027808189392
patient_C,mean,0,HSPB7,,,0.14369091391563416
patient_C,mean,0,BRD4,,,0.542237401008606
patient_C,mean,0,ADAM32,,,0.06905943155288696
patient_C,mean,0,PMCH,,,0.0691862478852272
patient_C,mean,0,CWF19L2,0.0,,0.273206889629364
patient_C,mean,0,CTRC,0.0,,0.06240219622850418
patient_C,mean,0,RBM15,0.0,,0.30747127532958984
patient_C,mean,0,ZNF763,0.0,,0.11071084439754486
patient_C,mean,0,SCG2,0.0,,0.08392514288425446
patient_C,mean,0,ZNF853,0.0,,0.3770217299461365
patient_C,mean,0,TRANK1,,,0.23291943967342377
patient_C,mean,0,TNS1,0.0,,0.40899667143821716
patient_C,mean,0,HIST1H1E,,,0.13150815665721893
patient_C,mean,0,PRRC2C,0.0,,0.656501829624176
patient_C,mean,0,MYO5A,,,0.28610849380493164
patient_C,mean,0,XIAP,0.0,,0.36296382546424866
patient_C,mean,0,TBCK,,,0.26438412070274353
patient_C,mean,0,SSTR2,,,0.1667945832014084
patient_C,mean,0,IGKV1-9,,,0.025177929550409317
patient_C,mean,0,CEP89,0.0,,0.45798444747924805
patient_C,mean,0,SIGLEC11,0.0,,0.03421575576066971
patient_C,mean,0,STEAP2,,,0.17532768845558167
patient_C,mean,0,RAG1,,,0.0728062093257904
patient_C,mean,0,SDPR,0.0,,0.08462892472743988
patient_C,mean,0,CBLN3,,,0.10908413678407669
patient_C,mean,0,SLC16A11,0.0,,0.03337051346898079
patient_C,mean,0,AC007906,,,0.11575517058372498
patient_C,mean,0,ZNF114,,,0.10238531231880188
patient_C,mean,0,EXTL1,0.0,,0.030802402645349503
patient_C,mean,0,IGLV3-1,,,0.3627636134624481
patient_C,mean,0,POLR1E,0.0,,0.279766321182251
patient_C,mean,0,SOX6,0.0,,0.050346143543720245
patient_C,mean,0,H3F3A,,,0.09909628331661224
patient_C,mean,0,SCUBE2,0.0,,0.1471194177865982
patient_C,mean,0,SEPT11,,,0.3750573694705963
patient_C,mean,0,NGFR,,,0.2811115086078644
patient_C,mean,0,HIST1H1B,,,0.043510738760232925
patient_C,mean,0,CACNA2D1,,,0.14363087713718414
patient_C,mean,0,SLFN5,0.0,,0.35842934250831604
patient_C,mean,0,ABCG2,0.0,,0.1396838128566742
patient_C,mean,0,VPS37A,,,0.2962222397327423
patient_C,mean,0,FUT1,0.0,,0.18474045395851135
patient_C,mean,0,AGRP,,,0.02008369192481041
patient_C,mean,0,KDM3B,,,0.4561814069747925
patient_C,mean,0,ADAM17,0.0,,0.4324248135089874
patient_C,mean,0,MRPL21,0.0,,0.5194206237792969
patient_C,mean,0,PLIN4,,,0.19111095368862152
patient_C,mean,0,CFAP69,0.0,,0.1633579134941101
patient_C,mean,0,JAKMIP3,,,0.06666675209999084
patient_C,mean,0,GOLGA8N,,,0.10530728101730347
patient_C,mean,0,CACNA1A,0.0,,0.18970562517642975
patient_C,mean,0,CCDC66,,,0.21848595142364502
patient_C,mean,0,ATP6V1E2,,,0.2116324007511139
patient_C,mean,0,FCHSD1,,,0.27201420068740845
patient_C,mean,0,CCR10,,,0.18247847259044647
patient_C,mean,0,CYP20A1,,,0.2393135279417038
patient_C,mean,0,CA11,,,0.2729584872722626
patient_C,mean,0,MAATS1,,,0.060277391225099564
patient_C,mean,0,KCNC1,,,0.13885387778282166
patient_C,mean,0,TNFRSF18,,,0.3294004201889038
patient_C,mean,0,SMAD1,0.0,,0.21251362562179565
patient_C,mean,0,ISM1,,,0.14219768345355988
patient_C,mean,0,EXOSC9,,,0.3893297016620636
patient_C,mean,0,FAM126A,0.0,,0.26566559076309204
patient_C,mean,0,BAZ2B,,,0.5804733633995056
patient_C,mean,0,SGCE,,,0.3010866045951843
patient_C,pca_ridge,0,IGKC,0.5815054109933353,0.7342364248238922,1.8765300512313843
patient_C,pca_ridge,0,SCGB2A2,0.3708301449083058,0.31597635885911346,1.161241054534912
patient_C,pca_ridge,0,IGLC2,0.6179904742940578,0.6886541808291815,2.1878223419189453
patient_C,pca_ridge,0,IGHM,0.6475633604995644,0.6763326671769232,2.221184730529785
patient_C,pca_ridge,0,AP000769,0.474450497229966,0.4877341989957486,0.9226192235946655
patient_C,pca_ridge,0,CD74,0.7917990999060587,0.8048074959186696,0.5554211139678955
patient_C,pca_ridge,0,MUCL1,0.5237439444782128,0.5420501059589847,2.4630465507507324
patient_C,pca_ridge,0,CHGA,0.13157678376796123,0.12974400729599114,0.8872551321983337
patient_C,pca_ridge,0,GNAS,0.6044832070351729,0.5531897927536968,0.5859834551811218
patient_C,pca_ridge,0,IGLC7,0.3950298265230484,0.43171405929894957,1.411230444908142
patient_C,pca_ridge,0,IGHG4,0.03891922928010248,0.05340067978276716,2.274944305419922
patient_C,pca_ridge,0,COL3A1,0.5759755763164358,0.4969471316167984,0.8933807015419006
patient_C,pca_ridge,0,S100A9,0.045809463724157194,0.04621950038817731,0.9914416670799255
patient_C,pca_ridge,0,TFF3,-0.01971813869261833,-0.08902336182927786,2.5901758670806885
patient_C,pca_ridge,0,JCHAIN,0.4990129648432338,0.49752133986189506,0.8748923540115356
patient_C,pca_ridge,0,HLA-E,0.5536736098055672,0.6699836280629455,0.6145232319831848
patient_C,pca_ridge,0,AREG,0.040032846294730286,0.08458428128991838,0.33372703194618225
patient_C,pca_ridge,0,AGR3,0.08622464291638561,0.10806615942796528,0.17924636602401733
patient_C,pca_ridge,0,PSMB3,0.5428943415107229,0.37876452406238204,1.4528199434280396
patient_C,pca_ridge,0,MUC6,0.42266488334829194,0.39778783425121383,2.3461592197418213
patient_C,pca_ridge,0,CCL19,0.43189167139241047,0.3211964514752682,0.6476213335990906
patient_C,pca_ridge,0,AGR2,0.3336766031910873,0.28270932852274666,0.8624292612075806
patient_C,pca_ridge,0,FABP7,0.20876656330935173,0.21663669186519274,1.2855337858200073
patient_C,pca_ridge,0,ISG15,0.30551103499025806,0.2740120337894077,0.6696940064430237
patient_C,pca_ridge,0,KRT15,0.06356983692565904,0.14605035007127487,0.5284647345542908
patient_C,pca_ridge,0,FNBP1L,0.37815924120668815,0.41127930047169414,0.8262491822242737
patient_C,pca_ridge,0,FABP4,0.15981522531093004,0.1354375655827628,0.2873290181159973
patient_C,pca_ridge,0,PTGDS,0.41025442366353837,0.3512030168976669,0.649395227432251
patient_C,pca_ridge,0,DCAF12L2,0.031051440105872106,0.04224788894143162,0.08006814867258072
patient_C,pca_ridge,0,LAPTM4A,0.5243778218026979,0.5103577762735028,0.7537147998809814
patient_C,pca_ridge,0,SLC9A3R1,0.409361741667851,0.3444103732061208,1.1706409454345703
patient_C,pca_ridge,0,GLYATL2,0.37704857919403256,0.364379307219794,0.6615911722183228
patient_C,pca_ridge,0,TFF1,0.00025028273582959105,0.03384496191676825,0.4128332734107971
patient_C,pca_ridge,0,LTF,0.0723907827744046,0.042025450296192896,0.8207984566688538
patient_C,pca_ridge,0,ASPH,0.5752591413292675,0.555964430543935,0.5816200375556946
patient_C,pca_ridge,0,RHOB,0.47736711844497975,0.371392606385971,0.605216920375824
patient_C,pca_ridge,0,S100A8,0.007453155471914299,0.04123685600648422,0.6657608151435852
patient_C,pca_ridge,0,POSTN,0.4315734062281446,0.3684275235571483,0.7999140620231628
patient_C,pca_ridge,0,KRT81,0.2635311062364109,0.2788714735332747,2.882627010345459
patient_C,pca_ridge,0,CD36,0.02844296208808406,0.07094322051384375,0.6713117361068726
patient_C,pca_ridge,0,KRT17,0.05255611572055003,0.03801955178464601,0.5487781763076782
patient_C,pca_ridge,0,SERP1,0.40989780688536204,0.3605138191188542,0.6281907558441162
patient_C,pca_ridge,0,SCGB3A1,-0.07171229211133129,-0.08360420959803165,0.40867161750793457
patient_C,pca_ridge,0,IGHD,0.17229706200349224,0.07565589060261416,0.46234214305877686
patient_C,pca_ridge,0,STOM,0.21398313270932517,0.23872164872639517,0.6972416639328003
patient_C,pca_ridge,0,ITGAV,0.34014342119262053,0.2940230563844826,0.6056229472160339
patient_C,pca_ridge,0,CCL21,0.29529187887976116,0.2473949039601872,0.44263699650764465
patient_C,pca_ridge,0,KRT18,0.39402960137402077,0.17762313953508674,0.7736388444900513
patient_C,pca_ridge,0,SCGB2A1,0.09770988960764797,0.12115357714635759,0.27686208486557007
patient_C,pca_ridge,0,PVALB,-0.0011183709391008145,-0.009441712327407509,0.09839752316474915
patient_C,pca_ridge,0,BOD1L1,0.11950630893681399,0.2273081370034115,0.41262760758399963
patient_C,pca_ridge,0,FAHD2A,0.03231785214425347,0.07493975480781585,0.16432146728038788
patient_C,pca_ridge,0,SCN8A,0.05623345705174386,0.11401788503107005,0.10835310816764832
patient_C,pca_ridge,0,KCNB1,0.02134961227458441,0.020842670328128168,0.07599058002233505
patient_C,pca_ridge,0,ARHGAP21,0.08979093937626074,0.09645520055491591,0.27976202964782715
patient_C,pca_ridge,0,CRYBA2,0.040824604678963254,0.05235846948508609,0.08888217061758041
patient_C,pca_ridge,0,PIR,0.1121627332698136,0.19723723589322503,0.24235385656356812
patient_C,pca_ridge,0,SYT1,-0.005719313364528084,0.029406448012848346,0.17137503623962402
patient_C,pca_ridge,0,SEMA6A,0.04429220396555568,0.13758882109900694,0.24841830134391785
patient_C,pca_ridge,0,PILRB,0.044317271106839806,0.029418334682702333,0.17127825319766998
patient_C,pca_ridge,0,WDR13,0.060470496130486585,0.07066049832743021,0.5821681022644043
patient_C,pca_ridge,0,RAPGEF2,0.058815256542804215,0.1635560539793139,0.2772383987903595
patient_C,pca_ridge,0,RHOJ,-0.0009592845490725886,0.008737497662458711,0.23595811426639557
patient_C,pca_ridge,0,FGF10,-0.002651096621372306,-0.0010167997891054239,0.012198980897665024
patient_C,pca_ridge,0,SYT17,0.057043357365613924,0.14195797065416815,0.14682692289352417
patient_C,pca_ridge,0,PPP1R14A,0.10971339576881516,0.06109570971530342,0.16041335463523865
patient_C,pca_ridge,0,MMRN1,-0.02638313504780432,0.006136909683068087,0.11137481778860092
patient_C,pca_ridge,0,LPIN1,0.17539582501640044,0.2415006448700264,0.401035338640213
patient_C,pca_ridge,0,RNASEK,-0.015969195660770596,-0.008994499575580243,0.056198131293058395
patient_C,pca_ridge,0,SCAPER,0.03529720924554977,0.07189958453151055,0.2313612550497055
patient_C,pca_ridge,0,KCNQ2,0.025199351561642366,0.030165060410127578,0.13560089468955994
patient_C,pca_ridge,0,INAFM1,0.05697741387109387,0.044930484035903336,0.45417648553848267
patient_C,pca_ridge,0,DNAJC24,-0.04537038198428185,-0.03291631492081896,0.11297203600406647
patient_C,pca_ridge,0,PMAIP1,-0.03351011059200611,0.024929655233548214,0.13592101633548737
patient_C,pca_ridge,0,MRPL52,0.22508822787815624,0.1549487687505317,0.7248942852020264
patient_C,pca_ridge,0,C12orf50,-0.0019491577061120967,0.007600711459496547,0.04485233873128891
patient_C,pca_ridge,0,ADAM11,0.019292330449104726,0.012938382989374582,0.07372293621301651
patient_C,pca_ridge,0,MRGPRF,0.1455793944272967,0.08476873680209876,0.2895272374153137
patient_C,pca_ridge,0,MACROD2,-0.040323259869174816,-0.002606137950366148,0.08984973281621933
patient_C,pca_ridge,0,SFSWAP,0.1494340870035679,0.24663412810547894,0.5381113290786743
patient_C,pca_ridge,0,PHIP,0.08168773052889748,0.1327963556846558,0.5430954098701477
patient_C,pca_ridge,0,AGAP9,-0.015663785431421214,-0.005034329012066188,0.09464021027088165
patient_C,pca_ridge,0,HOXC9,0.02513329179883634,0.1070156516104177,0.29993686079978943
patient_C,pca_ridge,0,ITCH,0.036187772707260375,0.08643073929002404,0.215068981051445
patient_C,pca_ridge,0,HSPB7,0.027484740232811385,0.05334256040308611,0.14422257244586945
patient_C,pca_ridge,0,BRD4,0.08674774668963316,0.11238722270049273,0.5221514701843262
patient_C,pca_ridge,0,ADAM32,-0.007395800646555098,-0.003939368731275661,0.0690932422876358
patient_C,pca_ridge,0,PMCH,0.010038057281356075,0.00631491195527197,0.06919756531715393
patient_C,pca_ridge,0,CWF19L2,0.0886719234987935,0.10958322577982835,0.2718008756637573
patient_C,pca_ridge,0,CTRC,0.057973702796584356,0.060764313621099277,0.0623435452580452
patient_C,pca_ridge,0,RBM15,0.21076788520989995,0.306943843454786,0.29281049966812134
patient_C,pca_ridge,0,ZNF763,0.002095081390597051,0.001155960236971665,0.11058253794908524
patient_C,pca_ridge,0,SCG2,-0.014230831695236543,-0.026021205820937334,0.08415860682725906
patient_C,pca_ridge,0,ZNF853,0.007999692254739416,-0.016212067633809613,0.3758622705936432
patient_C,pca_ridge,0,TRANK1,0.0747129003336948,0.09435667723286864,0.23282596468925476
patient_C,pca_ridge,0,TNS1,0.1332669673839817,0.11332518068336457,0.40322357416152954
patient_C,pca_ridge,0,HIST1H1E,0.06232523412502158,0.03550702315381412,0.13158616423606873
patient_C,pca_ridge,0,PRRC2C,0.34663541591908664,0.34204059505129475,0.5717753767967224
patient_C,pca_ridge,0,MYO5A,0.04964242840260478,0.06310901852672032,0.2831622362136841
patient_C,pca_ridge,0,XIAP,0.18588406232839375,0.24164272080494478,0.3491397798061371
patient_C,pca_ridge,0,TBCK,0.08916181288080666,0.1910155978270505,0.2601756751537323
patient_C,pca_ridge,0,SSTR2,-0.01112228308048766,0.01962977695245015,0.1783888339996338
patient_C,pca_ridge,0,IGKV1-9,0.01672353947892985,0.01759201330010282,0.02553408220410347
patient_C,pca_ridge,0,CEP89,0.048561094344153184,0.1521275315767316,0.45009520649909973
patient_C,pca_ridge,0,SIGLEC11,0.024548355852534676,0.03740594941380063,0.03434375673532486
patient_C,pca_ridge,0,STEAP2,0.013620182269288598,0.03853252780372102,0.1764875203371048
patient_C,pca_ridge,0,RAG1,0.01756760329767132,0.015789391272230703,0.0727141872048378
patient_C,pca_ridge,0,SDPR,0.07452737730958518,0.0401847246403383,0.08448397368192673
patient_C,pca_ridge,0,CBLN3,-0.05860814694847199,-0.05749198055120672,0.10931828618049622
patient_C,pca_ridge,0,SLC16A11,0.00037999743640293964,0.002268879229306164,0.033651210367679596
patient_C,pca_ridge,0,AC007906,-0.013698529053814131,-0.019380979852644226,0.11754263192415237
patient_C,pca_ridge,0,ZNF114,0.0016403726215549403,0.009518014385965758,0.1023564413189888
patient_C,pca_ridge,0,EXTL1,-0.023529384572951742,-0.03656846940823812,0.03136325255036354
patient_C,pca_ridge,0,IGLV3-1,0.15306308943951893,0.11019898184368868,0.357721745967865
patient_C,pca_ridge,0,POLR1E,0.12025255703887933,0.182500180654083,0.2774045765399933
patient_C,pca_ridge,0,SOX6,-0.040919365380303906,-0.0498624477833332,0.05072570592164993
patient_C,pca_ridge,0,H3F3A,-0.0031427969501281704,0.01682032168562471,0.09926169365644455
patient_C,pca_ridge,0,SCUBE2,0.025105616254746988,0.06931777550045555,0.2250804901123047
patient_C,pca_ridge,0,SEPT11,0.08830302943337728,0.16649007903427684,0.37717941403388977
patient_C,pca_ridge,0,NGFR,0.20216272789683554,0.1337059632127294,0.2740708291530609
patient_C,pca_ridge,0,HIST1H1B,-0.005438530199982119,-0.006600586045981851,0.043711014091968536
patient_C,pca_ridge,0,CACNA2D1,0.07356696286065253,0.012924636247674025,0.14314335584640503
patient_C,pca_ridge,0,SLFN5,0.1720319434438103,0.2527841481014792,0.3823443353176117
patient_C,pca_ridge,0,ABCG2,-0.04553372604628516,0.03454378820593931,0.1398395597934723
patient_C,pca_ridge,0,VPS37A,0.15075621647370088,0.2553549739946925,0.2855251431465149
patient_C,pca_ridge,0,FUT1,-0.08649218080784707,-0.04348595095207442,0.18601426482200623
patient_C,pca_ridge,0,AGRP,0.042821979559978685,0.025934217132225518,0.020167440176010132
patient_C,pca_ridge,0,KDM3B,0.1892322399822023,0.28518430200833594,0.4276108741760254
patient_C,pca_ridge,0,ADAM17,0.11931498138674687,0.1803342831451661,0.41841110587120056
patient_C,pca_ridge,0,MRPL21,0.2104853988445303,0.3178309445722124,0.5271170139312744
patient_C,pca_ridge,0,PLIN4,-0.021242872112450933,-0.04588021849960604,0.1971447467803955
patient_C,pca_ridge,0,CFAP69,-0.032405397241038254,0.016084586237605135,0.16397562623023987
patient_C,pca_ridge,0,JAKMIP3,0.009162911946333905,0.011253937786631613,0.0667729452252388
patient_C,pca_ridge,0,GOLGA8N,0.020823283820629986,-0.0009427530850297726,0.10528099536895752
patient_C,pca_ridge,0,CACNA1A,0.0057478765436375775,0.018926352832595465,0.1903206706047058
patient_C,pca_ridge,0,CCDC66,0.10623543811112718,0.1743398626265184,0.21838055551052094
patient_C,pca_ridge,0,ATP6V1E2,-0.00903703397360706,0.06499742660588517,0.211516872048378
patient_C,pca_ridge,0,FCHSD1,0.07140218497190133,0.048599369779084856,0.2710292339324951
patient_C,pca_ridge,0,CCR10,0.06197490729040968,0.01962677445848437,0.18232834339141846
patient_C,pca_ridge,0,CYP20A1,0.09277045609420942,0.17670543715438164,0.23608294129371643
patient_C,pca_ridge,0,CA11,0.00522437522180817,-0.04273959539879439,0.2790253758430481
patient_C,pca_ridge,0,MAATS1,0.015584185823929089,0.025234332647644388,0.06332948803901672
patient_C,pca_ridge,0,KCNC1,-0.018834562492715447,-0.02001589422887955,0.139025017619133
patient_C,pca_ridge,0,TNFRSF18,0.20014031271245578,0.15710903181925603,0.32233667373657227
patient_C,pca_ridge,0,SMAD1,0.007030427935236946,-0.004305529673153664,0.21336282789707184
patient_C,pca_ridge,0,ISM1,0.09448285221354889,0.08667131970309065,0.14808690547943115
patient_C,pca_ridge,0,EXOSC9,0.21073056647944058,0.3394443265718831,0.3699265122413635
patient_C,pca_ridge,0,FAM126A,0.05477477033841813,0.012372828103828021,0.259990930557251
patient_C,pca_ridge,0,BAZ2B,0.1880338717190886,0.22863731129990555,0.5442044734954834
patient_C,pca_ridge,0,SGCE,0.029888290322886812,0.07826789517978898,0.29539424180984497
patient_C,spatial_knn,0,IGKC,-0.08607915885029113,-0.07635147538744419,1.5289307583361291
patient_C,spatial_knn,0,SCGB2A2,-0.06102452719250456,-0.08920528577682028,1.616244333588626
patient_C,spatial_knn,0,IGLC2,-0.056470548600353034,-0.05155403444962577,1.7878592169144916
patient_C,spatial_knn,0,IGHM,-0.060563267069373365,-0.04411811533566334,1.6449603011157607
patient_C,spatial_knn,0,AP000769,-0.037898522061653464,-0.03612372799341247,1.1942231048014704
patient_C,spatial_knn,0,CD74,-0.01672044404497702,0.004280616266265142,0.9670160126359919
patient_C,spatial_knn,0,MUCL1,-0.049204794710056496,-0.03372812463382742,2.3349038863716136
patient_C,spatial_knn,0,CHGA,-0.13080161404794052,-0.18086319931087172,0.9756525388019331
patient_C,spatial_knn,0,GNAS,-0.06965840079519663,-0.04558066855621656,1.0317895892069748
patient_C,spatial_knn,0,IGLC7,-0.05294754134050227,-0.0709818450372894,1.2785274765955656
patient_C,spatial_knn,0,IGHG4,-0.020818402865603367,0.006633714267127178,2.0651886133665367
patient_C,spatial_knn,0,COL3A1,0.06833980185635526,0.05242958050900405,1.4648691473094169
patient_C,spatial_knn,0,S100A9,-0.05324877792243346,-0.05882572705093315,1.5105315225841631
patient_C,spatial_knn,0,TFF3,0.14919468954099085,0.19047318838593838,2.7202505216971
patient_C,spatial_knn,0,JCHAIN,-0.028999588318687194,-0.05475088641473735,1.0577386975977376
patient_C,spatial_knn,0,HLA-E,-0.037577521987888336,-0.04905631061592567,1.0266381249429384
patient_C,spatial_knn,0,AREG,-0.00874312835777314,-0.02390889835330485,0.22020277326454954
patient_C,spatial_knn,0,AGR3,-0.04198739962505043,-0.052195864180542534,0.13851434504339452
patient_C,spatial_knn,0,PSMB3,-0.025693957010038754,0.025680252515251377,1.6109686583417469
patient_C,spatial_knn,0,MUC6,-0.02324981105123356,-0.0315628301349028,2.468739552456685
patient_C,spatial_knn,0,CCL19,-0.01425717756045842,0.014531112530216682,0.704751223608423
patient_C,spatial_knn,0,AGR2,-0.08806727547144338,-0.07123388869746472,1.0469302122797632
patient_C,spatial_knn,0,FABP7,0.04123907573901863,0.09246608210102773,1.2824935375141178
patient_C,spatial_knn,0,ISG15,-0.025269526720360452,-0.011594019686817112,1.0796117838580679
patient_C,spatial_knn,0,KRT15,-0.04739790247492517,-0.03469275458632951,0.5896111430960241
patient_C,spatial_knn,0,FNBP1L,-0.00041857036158960396,0.02186580188301768,0.7212188618798087
patient_C,spatial_knn,0,FABP4,-0.05237030868976666,-0.05829735829723647,0.34255337363691923
patient_C,spatial_knn,0,PTGDS,0.008669007405512606,0.02462755986221386,0.7643017037412873
patient_C,spatial_knn,0,DCAF12L2,-0.013136866649896377,-0.01828916919202501,0.054852435050152505
patient_C,spatial_knn,0,LAPTM4A,-0.017192623152477556,-0.015540979980890497,1.3475721462342969
patient_C,spatial_knn,0,SLC9A3R1,0.10626478261882036,0.11251658722569012,1.061138988274108
patient_C,spatial_knn,0,GLYATL2,0.031151464479424493,0.040751945317548874,0.8824978561072474
patient_C,spatial_knn,0,TFF1,-0.03514754551924334,-0.0625159638600369,0.40729458940749325
patient_C,spatial_knn,0,LTF,0.031081629923305133,0.012024645405505092,0.984394388857471
patient_C,spatial_knn,0,ASPH,0.05821485790031377,0.07144038810182836,0.8574141106076144
patient_C,spatial_knn,0,RHOB,-0.09100307772404825,-0.07942228529791273,0.945354733931814
patient_C,spatial_knn,0,S100A8,0.01079450543385318,0.03063471880280568,1.4212358552612803
patient_C,spatial_knn,0,POSTN,-0.0276343587421641,-0.051581398179658296,1.2027461901439325
patient_C,spatial_knn,0,KRT81,-0.0044144845928340065,0.037394606514785954,2.56242966361371
patient_C,spatial_knn,0,CD36,-0.031490106823388306,-0.007815223428972212,0.44621489328985114
patient_C,spatial_knn,0,KRT17,0.014653066106229328,0.00877673631104817,0.5751206770621141
patient_C,spatial_knn,0,SERP1,-0.002701383054616896,-0.004874175504766681,0.7840331822043759
patient_C,spatial_knn,0,SCGB3A1,0.03551578110589227,0.05591411459572193,0.7239738616170269
patient_C,spatial_knn,0,IGHD,-0.03752147085180739,0.007182648239975304,0.4982091502502478
patient_C,spatial_knn,0,STOM,0.06101265207116593,0.08213613046880418,0.8483294977457188
patient_C,spatial_knn,0,ITGAV,-0.01793275342756848,-0.01763042457274234,0.6952148554413843
patient_C,spatial_knn,0,CCL21,-0.04765306462512478,-0.04814398950789524,0.5181641798176521
patient_C,spatial_knn,0,KRT18,-0.029290301882802926,0.009520653484432871,0.9860744604872407
patient_C,spatial_knn,0,SCGB2A1,-0.026699728204423026,-0.017414548440067294,0.22425221891799618
patient_C,spatial_knn,0,PVALB,-0.013699689479445738,-0.018992919493342777,0.09432495768073175
patient_C,spatial_knn,0,BOD1L1,0.007952913914697445,0.013030965017621533,0.4470424590622762
patient_C,spatial_knn,0,FAHD2A,0.016364032734883318,-0.027611406620735347,0.17317722140311698
patient_C,spatial_knn,0,SCN8A,-0.024829615144370126,-0.0396673241558725,0.11380365290306087
patient_C,spatial_knn,0,KCNB1,0.02761541534362744,0.036435951405380765,0.08880646132862995
patient_C,spatial_knn,0,ARHGAP21,-0.02753557539551687,-0.04662281393917451,0.3047363966139192
patient_C,spatial_knn,0,CRYBA2,0.10627830169925367,0.03297918126423964,0.08365481535349586
patient_C,spatial_knn,0,PIR,-0.043007842950303875,-0.019680918837114692,0.25914776832002123
patient_C,spatial_knn,0,SYT1,-0.007843567257811174,-0.01403851549910466,0.17649272679623335
patient_C,spatial_knn,0,SEMA6A,0.024771620336405713,0.06855608402024915,0.2625037338628987
patient_C,spatial_knn,0,PILRB,0.036488500453691085,0.023704805877349203,0.17351744606225267
patient_C,spatial_knn,0,WDR13,-0.024657111994814896,-0.04395462287424598,0.6623429876105779
patient_C,spatial_knn,0,RAPGEF2,-0.01864153970619706,-0.04329149694059168,0.2933664630898298
patient_C,spatial_knn,0,RHOJ,0.001086074687121328,0.03249671364718786,0.24550493295895293
patient_C,spatial_knn,0,FGF10,-0.0033602535339746506,-0.003941083175668175,0.0160869214544912
patient_C,spatial_knn,0,SYT17,-0.009753802164494636,-0.014091018327788333,0.164315649001957
patient_C,spatial_knn,0,PPP1R14A,-0.013851300107116165,0.009215479458231667,0.2055269352684785
patient_C,spatial_knn,0,MMRN1,0.036315689621279595,0.0626500203680915,0.11794704781876693
patient_C,spatial_knn,0,LPIN1,0.02783811947649851,-0.020840946521984975,0.44109446614347486
patient_C,spatial_knn,0,RNASEK,-0.0118766270705273,-0.015123821718411801,0.059637603216640245
patient_C,spatial_knn,0,SCAPER,6.702822388888372e-05,0.03618827030120918,0.2435472348851076
patient_C,spatial_knn,0,KCNQ2,-0.013790502491083819,-0.018034230094376505,0.111960416207655
patient_C,spatial_knn,0,INAFM1,-0.03869363407272083,-0.037752123432652544,0.49161026848752437
patient_C,spatial_knn,0,DNAJC24,0.05268158865041231,0.045876381166787376,0.11844746995095236
patient_C,spatial_knn,0,PMAIP1,-0.017857451979748175,-0.004130372948627509,0.1396778139741503
patient_C,spatial_knn,0,MRPL52,-0.01443971745781331,-0.012660771674126185,0.8499135283261311
patient_C,spatial_knn,0,C12orf50,-0.007083892938924681,-0.011656405636707116,0.050837619231595785
patient_C,spatial_knn,0,ADAM11,-0.018026428728537866,0.0029732036168656118,0.0815778391268687
patient_C,spatial_knn,0,MRGPRF,-0.009594842532095868,0.019562734772092957,0.32215350042946894
patient_C,spatial_knn,0,MACROD2,0.011512399343759165,-0.01821737010033685,0.09185399700539582
patient_C,spatial_knn,0,SFSWAP,0.014467292454100491,-0.0016066266936102652,0.597193385480234
patient_C,spatial_knn,0,PHIP,-0.040092471870062936,-0.02557362198574607,0.5985518688890334
patient_C,spatial_knn,0,AGAP9,0.005110965686317116,0.044898097939379863,0.09814645587936502
patient_C,spatial_knn,0,HOXC9,0.025416175793397323,0.0020190470441002603,0.318197354341999
patient_C,spatial_knn,0,ITCH,-0.006866446757100111,-0.014053384240953343,0.2245218789992015
patient_C,spatial_knn,0,HSPB7,-0.01387391036356997,-0.023773417415582344,0.16157255558387537
patient_C,spatial_knn,0,BRD4,0.021941019951048028,0.0009601917642776082,0.5837025388383076
patient_C,spatial_knn,0,ADAM32,0.009907112351399459,0.03341289228598597,0.07054420977893931
patient_C,spatial_knn,0,PMCH,-0.01803406778794565,-0.026259382007594728,0.07225989379141691
patient_C,spatial_knn,0,CWF19L2,-1.5560158846760246e-05,0.03391104642796653,0.2987832046737503
patient_C,spatial_knn,0,CTRC,-0.007569699133479019,-0.009890136880626087,0.0656106987766169
patient_C,spatial_knn,0,RBM15,-0.022043235869290558,-0.052533340144072446,0.32158644979342194
patient_C,spatial_knn,0,ZNF763,-0.032118131647909186,-0.016152620368651092,0.1183451802246659
patient_C,spatial_knn,0,SCG2,0.026413406866999473,0.022663848659868546,0.08639059183622495
patient_C,spatial_knn,0,ZNF853,0.0063547086521827225,0.0167010473573456,0.38371982481673594
patient_C,spatial_knn,0,TRANK1,0.010570508962363818,0.005323999808929957,0.24723732300580692
patient_C,spatial_knn,0,TNS1,-0.0371257470685518,-0.05442602305618397,0.44493128355626144
patient_C,spatial_knn,0,HIST1H1E,-0.004218855995848205,-0.017500675349784035,0.1417075361482217
patient_C,spatial_knn,0,PRRC2C,-0.00035098126506816327,-0.004740600264772432,0.704054648354561
patient_C,spatial_knn,0,MYO5A,0.012931170280229902,-0.007903380933645655,0.2975805959467348
patient_C,spatial_knn,0,XIAP,-0.0032116934498866586,0.024825026993072003,0.3821995167256429
patient_C,spatial_knn,0,TBCK,-0.021236700627557302,0.004534014021285921,0.27383863283978277
patient_C,spatial_knn,0,SSTR2,-0.023163064100242433,-0.010416836769074714,0.184608288059504
patient_C,spatial_knn,0,IGKV1-9,-0.008416262603728984,-0.01155820302860351,0.03618254427383475
patient_C,spatial_knn,0,CEP89,-0.03555594741453335,-0.02816699776859562,0.49442571398640606
patient_C,spatial_knn,0,SIGLEC11,-0.00579967016810347,-0.006592851436147357,0.03946769531965312
patient_C,spatial_knn,0,STEAP2,0.022365628666444422,0.04378597903033056,0.18469699614462284
patient_C,spatial_knn,0,RAG1,-0.008008696520294518,-0.011866944795306617,0.0734118860881627
patient_C,spatial_knn,0,SDPR,0.04859913122644101,0.043936656560792695,0.09108769742791965
patient_C,spatial_knn,0,CBLN3,-0.02664867443134023,-0.03577220819339074,0.11191329605029059
patient_C,spatial_knn,0,SLC16A11,-0.01056774640190179,-0.014135852951275535,0.03860923443618507
patient_C,spatial_knn,0,AC007906,0.0017390967797182432,0.03085605728899402,0.12275580362659223
patient_C,spatial_knn,0,ZNF114,-0.015620513372311176,-0.024634981514310532,0.10988790693772771
patient_C,spatial_knn,0,EXTL1,-0.010548234649303913,-0.013909494842859802,0.037899017352435574
patient_C,spatial_knn,0,IGLV3-1,0.009239899610533828,-0.010051923871024434,0.38326069614120634
patient_C,spatial_knn,0,POLR1E,0.02466903898190939,0.016017416971350375,0.2990172411885504
patient_C,spatial_knn,0,SOX6,0.03360260918011835,0.052005153702389416,0.06772899565872238
patient_C,spatial_knn,0,H3F3A,-0.01738015567724923,0.011830963231529759,0.10490440556353021
patient_C,spatial_knn,0,SCUBE2,-0.028827339481778107,-0.005446769292694442,0.1969377729689823
patient_C,spatial_knn,0,SEPT11,-0.019463763105751968,-0.012832193302230017,0.3996714055743993
patient_C,spatial_knn,0,NGFR,0.06059374969337089,0.051193253068313974,0.2916821067499105
patient_C,spatial_knn,0,HIST1H1B,0.008100499941729615,0.03320381045308097,0.05323690472328732
patient_C,spatial_knn,0,CACNA2D1,-0.02510163309705945,-0.016206819723653884,0.1500573605464861
patient_C,spatial_knn,0,SLFN5,-0.03660382552452528,-0.0021784276142846806,0.40344402780250693
patient_C,spatial_knn,0,ABCG2,-0.008180822291528087,-0.011672204569072699,0.14078457935510627
patient_C,spatial_knn,0,VPS37A,0.007727330027738055,-0.009599431966067445,0.30511913737213975
patient_C,spatial_knn,0,FUT1,0.01144761619909327,0.0278191719348549,0.1881175445513183
patient_C,spatial_knn,0,AGRP,-0.003624387783011582,-0.006317777906433509,0.03465611937654083
patient_C,spatial_knn,0,KDM3B,0.02503214261842723,-0.00873637515935352,0.47157295826713475
patient_C,spatial_knn,0,ADAM17,0.0422149218046881,0.01494644362834774,0.46292327532289007
patient_C,spatial_knn,0,MRPL21,-0.0009268779538640321,-0.017724498698577534,0.5519114723973962
patient_C,spatial_knn,0,PLIN4,-0.018688383701853273,-0.005504141395181686,0.23339591880783858
patient_C,spatial_knn,0,CFAP69,-0.03793864837823123,-0.03532085453942959,0.17769748834158644
patient_C,spatial_knn,0,JAKMIP3,-0.018676530197239347,-0.0250538111824595,0.07566167176694381
patient_C,spatial_knn,0,GOLGA8N,-0.01642125518145056,-0.022249714699256542,0.10739295961260453
patient_C,spatial_knn,0,CACNA1A,0.003932405110646769,0.04702994278159262,0.21133671038945853
patient_C,spatial_knn,0,CCDC66,0.0025103377572814386,-0.03188582487626487,0.2378543698417664
patient_C,spatial_knn,0,ATP6V1E2,-0.011263939089736769,-0.0196869154039389,0.2226855404743522
patient_C,spatial_knn,0,FCHSD1,-0.025975233801609675,-0.009385571826954098,0.3025254257147399
patient_C,spatial_knn,0,CCR10,5.125163602571148e-05,0.010814368104511321,0.20521946081794257
patient_C,spatial_knn,0,CYP20A1,-0.024575418165913805,0.00010789041192253852,0.25065750283501453
patient_C,spatial_knn,0,CA11,-7.81102154748334e-05,0.005657893682685033,0.2943443454857274
patient_C,spatial_knn,0,MAATS1,-0.0019534794745848898,-0.005453633636668504,0.0719003333539031
patient_C,spatial_knn,0,KCNC1,-0.008907956189774005,0.008879125817427965,0.13987890265593636
patient_C,spatial_knn,0,TNFRSF18,0.014975939358026526,0.0011249955053154877,0.36036618673151144
patient_C,spatial_knn,0,SMAD1,-0.011449655488941838,0.009082596854747044,0.22258915182836336
patient_C,spatial_knn,0,ISM1,-0.016802810257167282,-0.020039933163745357,0.16156067249360664
patient_C,spatial_knn,0,EXOSC9,-0.01601533161947535,-0.011828841845837707,0.40605347049953683
patient_C,spatial_knn,0,FAM126A,-0.006898460283775327,0.0012987760205344762,0.2757413457745183
patient_C,spatial_knn,0,BAZ2B,0.01566510364546271,-0.015422239293087775,0.605276823660743
patient_C,spatial_knn,0,SGCE,-0.021235031182383856,-0.046077096585317494,0.30752670347668215
patient_D,mean,0,IGKC,,,1.0795652866363525
patient_D,mean,0,SCGB2A2,,,1.2785226106643677
patient_D,mean,0,IGLC2,,,1.056671142578125
patient_D,mean,0,IGHM,,,1.6220730543136597
patient_D,mean,0,AP000769,,,1.7804036140441895
patient_D,mean,0,CD74,,,0.9316807985305786
patient_D,mean,0,MUCL1,,,1.594721794128418
patient_D,mean,0,CHGA,,,0.10587128251791
patient_D,mean,0,GNAS,,,0.8877549767494202
patient_D,mean,0,IGLC7,0.0,,1.037140965461731
patient_D,mean,0,IGHG4,,,1.8814524412155151
patient_D,mean,0,COL3A1,,,1.8340070247650146
patient_D,mean,0,S100A9,,,0.9063534736633301
patient_D,mean,0,TFF3,,,1.0068862438201904
patient_D,mean,0,JCHAIN,,,0.9945242404937744
patient_D,mean,0,HLA-E,,,0.6922881007194519
patient_D,mean,0,AREG,0.0,,0.14339371025562286
patient_D,mean,0,AGR3,,,0.050607386976480484
patient_D,mean,0,PSMB3,,,1.3191486597061157
patient_D,mean,0,MUC6,,,0.7303401231765747
patient_D,mean,0,CCL19,0.0,,0.6809786558151245
patient_D,mean,0,AGR2,0.0,,0.5706680417060852
patient_D,mean,0,FABP7,,,0.12331456691026688
patient_D,mean,0,ISG15,0.0,,1.0858601331710815
patient_D,mean,0,KRT15,,,0.9353625774383545
patient_D,mean,0,FNBP1L,0.0,,0.6685885787010193
patient_D,mean,0,FABP4,,,0.2722603380680084
patient_D,mean,0,PTGDS,,,0.8922783732414246
patient_D,mean,0,DCAF12L2,,,0.020033076405525208
patient_D,mean,0,LAPTM4A,,,0.9501023292541504
patient_D,mean,0,SLC9A3R1,0.0,,0.8286204934120178
patient_D,mean,0,GLYATL2,0.0,,0.32189929485321045
patient_D,mean,0,TFF1,,,0.2849780023097992
patient_D,mean,0,LTF,0.0,,0.8746477961540222
patient_D,mean,0,ASPH,0.0,,0.6568549275398254
patient_D,mean,0,RHOB,,,0.7735227346420288
patient_D,mean,0,S100A8,,,1.12213933467865
patient_D,mean,0,POSTN,,,1.4220929145812988
patient_D,mean,0,KRT81,,,0.7592689394950867
patient_D,mean,0,CD36,,,1.5574368238449097
patient_D,mean,0,KRT17,,,0.37483951449394226
patient_D,mean,0,SERP1,0.0,,0.72818922996521
patient_D,mean,0,SCGB3A1,,,0.671887993812561
patient_D,mean,0,IGHD,,,0.5947968363761902
patient_D,mean,0,STOM,,,0.5566129684448242
patient_D,mean,0,ITGAV,0.0,,0.9935231804847717
patient_D,mean,0,CCL21,,,0.3035416305065155
patient_D,mean,0,KRT18,,,0.9172018766403198
patient_D,mean,0,SCGB2A1,,,0.54179447889328
patient_D,mean,0,PVALB,,,0.07553903758525848
patient_D,mean,0,BOD1L1,,,0.491042822599411
patient_D,mean,0,FAHD2A,,,0.21215473115444183
patient_D,mean,0,SCN8A,0.0,,0.14707326889038086
patient_D,mean,0,KCNB1,,,0.10028634965419769
patient_D,mean,0,ARHGAP21,,,0.4078080952167511
patient_D,mean,0,CRYBA2,,,0.02566469833254814
patient_D,mean,0,PIR,0.0,,0.15695253014564514
patient_D,mean,0,SYT1,,,0.06139475479722023
patient_D,mean,0,SEMA6A,,,0.10236494988203049
patient_D,mean,0,PILRB,,,0.1460113525390625
patient_D,mean,0,WDR13,0.0,,0.7697352170944214
patient_D,mean,0,RAPGEF2,,,0.2898888885974884
patient_D,mean,0,RHOJ,0.0,,0.21362663805484772
patient_D,mean,0,FGF10,,,0.07540933042764664
patient_D,mean,0,SYT17,0.0,,0.16193543374538422
patient_D,mean,0,PPP1R14A,,,0.21684329211711884
patient_D,mean,0,MMRN1,0.0,,0.06155470758676529
patient_D,mean,0,LPIN1,,,0.46542254090309143
patient_D,mean,0,RNASEK,0.0,,0.07087784260511398
patient_D,mean,0,SCAPER,,,0.28755971789360046
patient_D,mean,0,KCNQ2,,,0.08034156262874603
patient_D,mean,0,INAFM1,,,0.4963480532169342
patient_D,mean,0,DNAJC24,,,0.170747771859169
patient_D,mean,0,PMAIP1,,,0.13936494290828705
patient_D,mean,0,MRPL52,,,0.9072785377502441
patient_D,mean,0,C12orf50,0.0,,0.06093448027968407
patient_D,mean,0,ADAM11,,,0.069745734333992
patient_D,mean,0,MRGPRF,,,0.4379830062389374
patient_D,mean,0,MACROD2,,,0.11310243606567383
patient_D,mean,0,SFSWAP,,,0.5318650603294373
patient_D,mean,0,PHIP,0.0,,0.5739887952804565
patient_D,mean,0,AGAP9,,,0.08334051817655563
patient_D,mean,0,HOXC9,,,0.2882816195487976
patient_D,mean,0,ITCH,,,0.19496136903762817
patient_D,mean,0,HSPB7,,,0.28173524141311646
patient_D,mean,0,BRD4,,,0.6728403568267822
patient_D,mean,0,ADAM32,0.0,,0.06984782218933105
patient_D,mean,0,PMCH,,,0.1211913600564003
patient_D,mean,0,CWF19L2,0.0,,0.43732449412345886
patient_D,mean,0,CTRC,0.0,,0.07144921272993088
patient_D,mean,0,RBM15,,,0.3314138352870941
patient_D,mean,0,ZNF763,,,0.0932597666978836
patient_D,mean,0,SCG2,0.0,,0.15921944379806519
patient_D,mean,0,ZNF853,,,0.22587236762046814
patient_D,mean,0,TRANK1,,,0.32660672068595886
patient_D,mean,0,TNS1,,,0.44881007075309753
patient_D,mean,0,HIST1H1E,,,0.17719636857509613
patient_D,mean,0,PRRC2C,,,0.7038148641586304
patient_D,mean,0,MYO5A,0.0,,0.38088834285736084
patient_D,mean,0,XIAP,,,0.37038299441337585
patient_D,mean,0,TBCK,0.0,,0.24796165525913239
patient_D,mean,0,SSTR2,,,0.2022719383239746
patient_D,mean,0,IGKV1-9,,,0.06202176958322525
patient_D,mean,0,CEP89,,,0.418891578912735
patient_D,mean,0,SIGLEC11,,,0.004265183117240667
patient_D,mean,0,STEAP2,,,0.19896218180656433
patient_D,mean,0,RAG1,,,0.027222901582717896
patient_D,mean,0,SDPR,,,0.10634566843509674
patient_D,mean,0,CBLN3,0.0,,0.12382221966981888
patient_D,mean,0,SLC16A11,0.0,,0.04172784835100174
patient_D,mean,0,AC007906,,,0.19315138459205627
patient_D,mean,0,ZNF114,,,0.02578260935842991
patient_D,mean,0,EXTL1,,,0.16572757065296173
patient_D,mean,0,IGLV3-1,,,0.14504970610141754
patient_D,mean,0,POLR1E,0.0,,0.3470919132232666
patient_D,mean,0,SOX6,0.0,,0.10651186853647232
patient_D,mean,0,H3F3A,,,0.11368755996227264
patient_D,mean,0,SCUBE2,,,0.4135180711746216
patient_D,mean,0,SEPT11,,,0.5800228118896484
patient_D,mean,0,NGFR,,,0.20509901642799377
patient_D,mean,0,HIST1H1B,,,0.08573569357395172
patient_D,mean,0,CACNA2D1,0.0,,0.14206261932849884
patient_D,mean,0,SLFN5,,,0.44215697050094604
patient_D,mean,0,ABCG2,,,0.03870810940861702
patient_D,mean,0,VPS37A,,,0.24808529019355774
patient_D,mean,0,FUT1,0.0,,0.07467884570360184
patient_D,mean,0,AGRP,,,0.002378586446866393
patient_D,mean,0,KDM3B,,,0.4080803394317627
patient_D,mean,0,ADAM17,,,0.496681809425354
patient_D,mean,0,MRPL21,0.0,,0.605411171913147
patient_D,mean,0,PLIN4,0.0,,0.15194430947303772
patient_D,mean,0,CFAP69,0.0,,0.18402700126171112
patient_D,mean,0,JAKMIP3,,,0.046340182423591614
patient_D,mean,0,GOLGA8N,,,0.08193612843751907
patient_D,mean,0,CACNA1A,,,0.23253770172595978
patient_D,mean,0,CCDC66,,,0.29248276352882385
patient_D,mean,0,ATP6V1E2,,,0.20717452466487885
patient_D,mean,0,FCHSD1,,,0.3668602705001831
patient_D,mean,0,CCR10,,,0.24053283035755157
patient_D,mean,0,CYP20A1,,,0.22233209013938904
patient_D,mean,0,CA11,,,0.28272703289985657
patient_D,mean,0,MAATS1,0.0,,0.18097887933254242
patient_D,mean,0,KCNC1,,,0.03216581046581268
patient_D,mean,0,TNFRSF18,,,0.5581759214401245
patient_D,mean,0,SMAD1,0.0,,0.24183602631092072
patient_D,mean,0,ISM1,,,0.3659250736236572
patient_D,mean,0,EXOSC9,0.0,,0.38176190853118896
patient_D,mean,0,FAM126A,,,0.2493680715560913
patient_D,mean,0,BAZ2B,,,0.5513268113136292
patient_D,mean,0,SGCE,,,0.1637476682662964
patient_D,pca_ridge,0,IGKC,0.5419480168162569,0.5190649373039062,1.1342649459838867
patient_D,pca_ridge,0,SCGB2A2,0.038350535031151635,-0.0008410585777401358,1.3658406734466553
patient_D,pca_ridge,0,IGLC2,0.4499013654006808,0.40323553630001807,0.8241240978240967
patient_D,pca_ridge,0,IGHM,0.3571098116954417,0.27203696147522577,0.8217306137084961
patient_D,pca_ridge,0,AP000769,0.37079684922605205,0.40296966458401395,1.5228346586227417
patient_D,pca_ridge,0,CD74,0.7145939614179694,0.697194292783617,0.5417789816856384
patient_D,pca_ridge,0,MUCL1,0.020904479881573988,0.07604847391588519,2.33650279045105
patient_D,pca_ridge,0,CHGA,,,0.11373928934335709
patient_D,pca_ridge,0,GNAS,0.5213714644901222,0.50232767805314,0.6772860884666443
patient_D,pca_ridge,0,IGLC7,0.20748717635604216,0.20137339304346502,1.0162668228149414
patient_D,pca_ridge,0,IGHG4,0.08682627402091465,0.07435545563993504,1.3331280946731567
patient_D,pca_ridge,0,COL3A1,0.5754537318142708,0.5210806634536104,0.9851246476173401
patient_D,pca_ridge,0,S100A9,0.20767117413982195,0.24251575528619768,0.9919074177742004
patient_D,pca_ridge,0,TFF3,0.025194190640933884,0.053224492109621345,1.2535825967788696
patient_D,pca_ridge,0,JCHAIN,0.21459456701668364,0.19478822704481696,0.8875917196273804
patient_D,pca_ridge,0,HLA-E,0.6193121492508914,0.6245231930836743,0.7005019187927246
patient_D,pca_ridge,0,AREG,0.12084394118795205,0.1542610997471242,0.19724085927009583
patient_D,pca_ridge,0,AGR3,0.05669013327319167,0.05493290190876287,0.09451447427272797
patient_D,pca_ridge,0,PSMB3,0.3212686029036482,0.20975830404207307,1.7190567255020142
patient_D,pca_ridge,0,MUC6,0.17416381468543918,0.25310067796979235,0.9283384680747986
patient_D,pca_ridge,0,CCL19,0.21432914699046302,0.21344437577271033,0.6794254779815674
patient_D,pca_ridge,0,AGR2,0.1424540715748055,0.2067722619578329,0.7110905051231384
patient_D,pca_ridge,0,FABP7,0.003067366145151951,0.02817297329218763,0.19258525967597961
patient_D,pca_ridge,0,ISG15,0.3633076682849695,0.38875863606284267,0.7894173860549927
patient_D,pca_ridge,0,KRT15,0.14166509172340716,0.1545526530237999,0.973536491394043
patient_D,pca_ridge,0,FNBP1L,0.2879697851856319,0.3533831464496379,0.7417700290679932
patient_D,pca_ridge,0,FABP4,0.10470232499114021,0.10682571421648371,0.2846914827823639
patient_D,pca_ridge,0,PTGDS,0.31168205556428236,0.2988463697095303,0.9358912110328674
patient_D,pca_ridge,0,DCAF12L2,,,0.04527333751320839
patient_D,pca_ridge,0,LAPTM4A,0.46964544152035087,0.42645610959415237,0.7523302435874939
patient_D,pca_ridge,0,SLC9A3R1,0.3753300329118362,0.32071284836024205,0.7412958145141602
patient_D,pca_ridge,0,GLYATL2,0.11912260888254031,0.17502026424708003,0.40296220779418945
patient_D,pca_ridge,0,TFF1,0.03737316660339641,0.02265932296941809,0.30909255146980286
patient_D,pca_ridge,0,LTF,-0.041984413188406414,-0.07848698926128707,0.8291521072387695
patient_D,pca_ridge,0,ASPH,0.22064579590453604,0.30220676575516076,0.7364739775657654
patient_D,pca_ridge,0,RHOB,0.3741377291634798,0.3547860797654393,0.7014806270599365
patient_D,pca_ridge,0,S100A8,-0.026182424316364774,-0.036773727416318694,1.399025559425354
patient_D,pca_ridge,0,POSTN,0.42312775795638485,0.3727822432306081,0.9184005260467529
patient_D,pca_ridge,0,KRT81,0.036900264515910976,0.05435915090425194,1.3459850549697876
patient_D,pca_ridge,0,CD36,0.17604798250803594,0.16865047200057295,1.5280135869979858
patient_D,pca_ridge,0,KRT17,0.033588185974495074,0.0352268566637479,0.34326890110969543
patient_D,pca_ridge,0,SERP1,0.30943943759910386,0.33827754586333997,0.7004387378692627
patient_D,pca_ridge,0,SCGB3A1,0.07250978817577067,0.06016685576288509,0.9870333075523376
patient_D,pca_ridge,0,IGHD,0.10386549997580224,0.08310865143340458,0.5925886034965515
patient_D,pca_ridge,0,STOM,0.1780245727501768,0.26792657143980353,0.56419438123703
patient_D,pca_ridge,0,ITGAV,0.324006383699347,0.29953923796230725,0.80350661277771
patient_D,pca_ridge,0,CCL21,0.06317989112762655,0.055420412344623325,0.446482390165329
patient_D,pca_ridge,0,KRT18,0.3159434835796366,0.24908962167241147,0.8963153958320618
patient_D,pca_ridge,0,SCGB2A1,0.07264246859055838,0.12955761882841568,0.5456523895263672
patient_D,pca_ridge,0,PVALB,5.831478877687612e-05,0.034299953476019565,0.08691330254077911
patient_D,pca_ridge,0,BOD1L1,0.05662891802358656,0.13305148171923764,0.48441898822784424
patient_D,pca_ridge,0,FAHD2A,0.05583538626810004,0.09717262277566355,0.21176399290561676
patient_D,pca_ridge,0,SCN8A,0.04699352419788538,0.09697194406992216,0.14716693758964539
patient_D,pca_ridge,0,KCNB1,-0.004851618342255107,-0.007671996770774976,0.10066540539264679
patient_D,pca_ridge,0,ARHGAP21,0.08138970726893759,0.12377532402439709,0.4006386995315552
patient_D,pca_ridge,0,CRYBA2,0.002997073240066468,0.002852627024867328,0.02727261744439602
patient_D,pca_ridge,0,PIR,0.05578927441098846,0.09096733473969089,0.15828266739845276
patient_D,pca_ridge,0,SYT1,0.014919694931986768,0.031330852388757185,0.06323041766881943
patient_D,pca_ridge,0,SEMA6A,0.08261177919749749,0.1177885814975616,0.10927557200193405
patient_D,pca_ridge,0,PILRB,-0.017148868764007567,-0.015419351409942272,0.1464114487171173
patient_D,pca_ridge,0,WDR13,0.20798588409847196,0.23073424311726498,0.7420611381530762
patient_D,pca_ridge,0,RAPGEF2,0.06283501995658927,0.13248930365967554,0.28862589597702026
patient_D,pca_ridge,0,RHOJ,0.025372257979652188,0.037483401581340656,0.21534618735313416
patient_D,pca_ridge,0,FGF10,0.011297041319429978,0.017114282995508802,0.07556057721376419
patient_D,pca_ridge,0,SYT17,0.006819586730140853,0.06824062826455737,0.16315162181854248
patient_D,pca_ridge,0,PPP1R14A,-0.0119678606550018,-0.03115211080636395,0.2243262529373169
patient_D,pca_ridge,0,MMRN1,0.030474009550393002,0.03967612522660959,0.06236660107970238
patient_D,pca_ridge,0,LPIN1,0.0877337027299429,0.17381587790821668,0.46169906854629517
patient_D,pca_ridge,0,RNASEK,-0.011843729081200152,0.007222720615951859,0.07143524289131165
patient_D,pca_ridge,0,SCAPER,0.036211932256847094,0.047476079978236045,0.2873685956001282
patient_D,pca_ridge,0,KCNQ2,-0.00852404184153319,-0.002806346424359348,0.0948273167014122
patient_D,pca_ridge,0,INAFM1,-0.0016919938961180835,0.029305076937616834,0.49615076184272766
patient_D,pca_ridge,0,DNAJC24,0.0011608107433250688,0.017211399528533258,0.17100779712200165
patient_D,pca_ridge,0,PMAIP1,0.04017942216570474,0.08835336978518853,0.1401916742324829
patient_D,pca_ridge,0,MRPL52,0.09132212316402814,0.09703422558552627,0.8833455443382263
patient_D,pca_ridge,0,C12orf50,-0.015130338370437093,-0.013398015860235701,0.061107464134693146
patient_D,pca_ridge,0,ADAM11,-0.00018193963205704214,-0.004741349191587653,0.07104673981666565
patient_D,pca_ridge,0,MRGPRF,0.106894203721419,0.06677053152530152,0.4280315339565277
patient_D,pca_ridge,0,MACROD2,-0.023586187095493212,0.006541321093518682,0.11345137655735016
patient_D,pca_ridge,0,SFSWAP,0.0634142907684525,0.18813188619649684,0.5311692357063293
patient_D,pca_ridge,0,PHIP,0.1125073237282348,0.1684719280542725,0.5658801198005676
patient_D,pca_ridge,0,AGAP9,-0.041869537243332124,-0.031233172734126947,0.08360382914543152
patient_D,pca_ridge,0,HOXC9,-0.02231030019072932,0.039538433580995215,0.28808555006980896
patient_D,pca_ridge,0,ITCH,-0.0015705571271068053,0.06206151178489787,0.19632303714752197
patient_D,pca_ridge,0,HSPB7,0.019427055467726686,-0.0021268138976285674,0.2791067957878113
patient_D,pca_ridge,0,BRD4,0.06949214283836909,0.13266686587753104,0.6715018153190613
patient_D,pca_ridge,0,ADAM32,0.0006126428246790422,-0.0006900632648591251,0.07004556059837341
patient_D,pca_ridge,0,PMCH,0.061577028704087315,0.04697852539592078,0.1210048571228981
patient_D,pca_ridge,0,CWF19L2,0.05496334731388582,0.08383431094837382,0.4350343346595764
patient_D,pca_ridge,0,CTRC,-0.014156152938299452,-0.01711085701635214,0.07159416377544403
patient_D,pca_ridge,0,RBM15,0.17406520900832137,0.2724997305781299,0.32486629486083984
patient_D,pca_ridge,0,ZNF763,0.0031312941254611907,-0.0028726586830096824,0.0935196802020073
patient_D,pca_ridge,0,SCG2,-0.01383125477233649,0.009350122216309148,0.15902002155780792
patient_D,pca_ridge,0,ZNF853,-0.025085764429488455,0.024033939406669882,0.22749021649360657
patient_D,pca_ridge,0,TRANK1,0.06950049210968884,0.12339065333746348,0.3223468065261841
patient_D,pca_ridge,0,TNS1,0.08645885226846589,0.10579701283274738,0.44994717836380005
patient_D,pca_ridge,0,HIST1H1E,0.04393665609636288,0.014532350968263124,0.17691075801849365
patient_D,pca_ridge,0,PRRC2C,0.16126934722101433,0.2105303152836414,0.6925955414772034
patient_D,pca_ridge,0,MYO5A,0.08600409639722051,0.1241004210448187,0.37435051798820496
patient_D,pca_ridge,0,XIAP,0.11350669118989405,0.17575466209746268,0.3668113946914673
patient_D,pca_ridge,0,TBCK,0.08022729222392878,0.12341812208238558,0.24723777174949646
patient_D,pca_ridge,0,SSTR2,0.057733904153500167,0.08980312129645267,0.20266549289226532
patient_D,pca_ridge,0,IGKV1-9,0.012690854067166437,0.02404158331973265,0.06245801970362663
patient_D,pca_ridge,0,CEP89,0.09074999725777821,0.15507683410205994,0.4173395335674286
patient_D,pca_ridge,0,SIGLEC11,,,0.006096431519836187
patient_D,pca_ridge,0,STEAP2,0.06054279599580449,0.07266184580989928,0.1986638307571411
patient_D,pca_ridge,0,RAG1,0.014690853218733646,0.02309741806315526,0.02734467200934887
patient_D,pca_ridge,0,SDPR,0.016702992128716954,0.0025016907282664927,0.10669174790382385
patient_D,pca_ridge,0,CBLN3,-0.0009590782410680952,0.002529349313153564,0.12376736104488373
patient_D,pca_ridge,0,SLC16A11,0.004677858122921299,-0.0023003103017000853,0.04199958220124245
patient_D,pca_ridge,0,AC007906,0.02695238402206498,0.013033071337981187,0.19302666187286377
patient_D,pca_ridge,0,ZNF114,-0.002649171930390144,-0.0018102949877944964,0.026353107765316963
patient_D,pca_ridge,0,EXTL1,0.012612595738485204,-0.004283754149067126,0.1660154163837433
patient_D,pca_ridge,0,IGLV3-1,0.02077528864234472,0.009445792636977283,0.18260565400123596
patient_D,pca_ridge,0,POLR1E,0.02038150483648313,0.10126609610893847,0.34725257754325867
patient_D,pca_ridge,0,SOX6,-0.007135490720309213,-0.024793233078502508,0.10682020336389542
patient_D,pca_ridge,0,H3F3A,0.043052133281699385,0.03300654007372463,0.11356324702501297
patient_D,pca_ridge,0,SCUBE2,0.06834183929559538,0.12786115857799268,0.4109693765640259
patient_D,pca_ridge,0,SEPT11,0.08544956528595492,0.12181068961995235,0.5581034421920776
patient_D,pca_ridge,0,NGFR,0.09344174113404284,0.09051805290711917,0.20850177109241486
patient_D,pca_ridge,0,HIST1H1B,0.00013752995538913172,0.003482943831588701,0.08609586209058762
patient_D,pca_ridge,0,CACNA2D1,0.02323018052990263,0.025592343177550245,0.1419050544500351
patient_D,pca_ridge,0,SLFN5,0.12307934491078555,0.1797883993779405,0.44327259063720703
patient_D,pca_ridge,0,ABCG2,-0.02476075996506333,-0.030593544049666212,0.03926297277212143
patient_D,pca_ridge,0,VPS37A,0.08110283078412714,0.15730466350755992,0.24761009216308594
patient_D,pca_ridge,0,FUT1,-0.03390938705891043,-0.03509006335607461,0.07494138926267624
patient_D,pca_ridge,0,AGRP,,,0.004007213283330202
patient_D,pca_ridge,0,KDM3B,0.11080385882390432,0.2016111241053593,0.40696799755096436
patient_D,pca_ridge,0,ADAM17,0.12953999869152003,0.18517443501436892,0.506658136844635
patient_D,pca_ridge,0,MRPL21,0.21840500870876028,0.32214373846480654,0.5858964920043945
patient_D,pca_ridge,0,PLIN4,-0.007411181739653326,-0.008869657470802022,0.15753722190856934
patient_D,pca_ridge,0,CFAP69,0.052909929811830424,0.07220050101915516,0.1834089457988739
patient_D,pca_ridge,0,JAKMIP3,0.004802479530793147,0.010040788583411482,0.0467015840113163
patient_D,pca_ridge,0,GOLGA8N,-0.011467445519011604,-0.0209203239915754,0.08215223997831345
patient_D,pca_ridge,0,CACNA1A,-0.002834620081292129,0.010911288895969415,0.23338450491428375
patient_D,pca_ridge,0,CCDC66,0.022027249053308356,0.06568026176712156,0.2923773527145386
patient_D,pca_ridge,0,ATP6V1E2,0.013782360144839814,0.06958202500228018,0.20730789005756378
patient_D,pca_ridge,0,FCHSD1,0.08309393716216805,0.08225054577787394,0.36857104301452637
patient_D,pca_ridge,0,CCR10,0.016551293284922455,0.006141498152162949,0.24107828736305237
patient_D,pca_ridge,0,CYP20A1,0.05560034533634092,0.09190548684340662,0.22249063849449158
patient_D,pca_ridge,0,CA11,0.041895779370168224,0.028050553046960875,0.28580257296562195
patient_D,pca_ridge,0,MAATS1,0.01087637858169529,0.05135181167022145,0.18070730566978455
patient_D,pca_ridge,0,KCNC1,0.013351891041783366,0.020063807581860753,0.032713718712329865
patient_D,pca_ridge,0,TNFRSF18,0.1371630900458458,0.14325036982825706,0.5333569049835205
patient_D,pca_ridge,0,SMAD1,0.04433788866297598,0.037267984859237824,0.24238333106040955
patient_D,pca_ridge,0,ISM1,0.07494085698294317,0.07067132547977151,0.3622635006904602
patient_D,pca_ridge,0,EXOSC9,0.16426407383442992,0.25664628415740065,0.3748869001865387
patient_D,pca_ridge,0,FAM126A,0.04229631600327772,0.0741504064492887,0.24924956262111664
patient_D,pca_ridge,0,BAZ2B,0.08229662388423031,0.15846932795199026,0.5434092283248901
patient_D,pca_ridge,0,SGCE,0.046019510483638754,0.0820051780731856,0.16420863568782806
patient_D,spatial_knn,0,IGKC,-0.049279819055448676,-0.037010528644828,1.2368258930847886
patient_D,spatial_knn,0,SCGB2A2,-0.17694950248454688,-0.1575267971052972,1.4433094983513572
patient_D,spatial_knn,0,IGLC2,0.11320131158167422,0.13436388640103222,1.1737525153974466
patient_D,spatial_knn,0,IGHM,0.061822556941782486,0.058106920462090095,1.7800271627944262
patient_D,spatial_knn,0,AP000769,-0.07275163624095524,-0.07981091337456854,1.889715524173234
patient_D,spatial_knn,0,CD74,-0.11268757509057944,-0.11552326886262602,1.0688496795848028
patient_D,spatial_knn,0,MUCL1,-0.010813921815695907,0.014668711963635079,1.705202978242215
patient_D,spatial_knn,0,CHGA,,,0.16256597369901737
patient_D,spatial_knn,0,GNAS,0.009118150955953875,0.010152963860382516,0.9669400179107989
patient_D,spatial_knn,0,IGLC7,0.08180081125797002,0.07614145649065868,1.0684086974853302
patient_D,spatial_knn,0,IGHG4,0.024015986823100664,0.01624847345878144,2.028082946207094
patient_D,spatial_knn,0,COL3A1,-0.025730318769068755,-0.0479547986398678,1.8805100844337634
patient_D,spatial_knn,0,S100A9,-0.038422076303566345,-0.037778128716503094,1.0675060135339567
patient_D,spatial_knn,0,TFF3,0.02735554145656895,0.0475624666765767,1.0423483153019366
patient_D,spatial_knn,0,JCHAIN,0.04512639421367478,0.03630615626705296,1.0533477346716442
patient_D,spatial_knn,0,HLA-E,-0.05331865475254883,-0.04940958818525873,0.819743968299865
patient_D,spatial_knn,0,AREG,0.0356811178956577,0.020017508976180078,0.19461210530409898
patient_D,spatial_knn,0,AGR3,0.024361947951571688,0.01846995092267164,0.1086908467953984
patient_D,spatial_knn,0,PSMB3,0.023133958144467833,0.006477499857189109,1.3755539532668815
patient_D,spatial_knn,0,MUC6,-0.0007380802367196728,-0.003891146076384805,0.8302876657391479
patient_D,spatial_knn,0,CCL19,-0.015781033810323447,-0.04474636118671891,0.7548038254579321
patient_D,spatial_knn,0,AGR2,-0.03359102018164483,-0.009289801944128559,0.6203003467495255
patient_D,spatial_knn,0,FABP7,0.0036184601295180265,0.018416056157126402,0.17197381243246132
patient_D,spatial_knn,0,ISG15,-0.047009729488737335,-0.06621754849795294,1.194375561049174
patient_D,spatial_knn,0,KRT15,0.02671968483432721,0.04524546522068972,0.9661405885390658
patient_D,spatial_knn,0,FNBP1L,-0.04610137991047541,-0.06720706802621577,0.803224433857355
patient_D,spatial_knn,0,FABP4,-0.013186560302547801,-0.0073903940454569895,0.3278230317509316
patient_D,spatial_knn,0,PTGDS,-0.031634414421668436,-0.01863483954865115,0.9642213274812895
patient_D,spatial_knn,0,DCAF12L2,,,0.059896234197423154
patient_D,spatial_knn,0,LAPTM4A,-0.016248189764352834,-0.023122570908384835,1.0135150307441978
patient_D,spatial_knn,0,SLC9A3R1,0.0778524397857073,0.053396599826900204,0.9313152588404706
patient_D,spatial_knn,0,GLYATL2,-0.038682509030986995,-0.060103838228124026,0.40137626254661374
patient_D,spatial_knn,0,TFF1,0.006491284377800069,0.024454914713692155,0.3570125115401216
patient_D,spatial_knn,0,LTF,0.020076520866232146,0.01786799074821191,0.9408707895796866
patient_D,spatial_knn,0,ASPH,-0.024343653396079218,-0.03583060434016793,0.7226655679990415
patient_D,spatial_knn,0,RHOB,0.04645006140057963,0.04286913946187186,0.811583280419691
patient_D,spatial_knn,0,S100A8,0.014492411824658047,0.040789024191510245,1.2325651154685715
patient_D,spatial_knn,0,POSTN,0.01862581412543281,0.013230806963706132,1.448271995883305
patient_D,spatial_knn,0,KRT81,0.017889007871165534,0.0017513844823824221,0.8405499365487703
patient_D,spatial_knn,0,CD36,-0.07335312311040146,-0.09136119043973226,1.5699265602751902
patient_D,spatial_knn,0,KRT17,0.03811072762879106,0.05804440500771127,0.4508280291799729
patient_D,spatial_knn,0,SERP1,0.017037891600294026,0.009564945339004403,0.7710088381506088
patient_D,spatial_knn,0,SCGB3A1,-0.09313105070197669,-0.07262600710230559,0.7947491488062395
patient_D,spatial_knn,0,IGHD,-0.0005230630644809971,0.0063909436844813055,0.6292755160418859
patient_D,spatial_knn,0,STOM,0.002706625715899338,0.03321402211850892,0.6104868831940207
patient_D,spatial_knn,0,ITGAV,0.004648389872795309,-0.01996214204591785,1.0322226547172175
patient_D,spatial_knn,0,CCL21,-0.03403605284210328,-0.042098378670202524,0.37281038383663534
patient_D,spatial_knn,0,KRT18,0.056610288988117936,0.04671536292514629,0.9782325925869082
patient_D,spatial_knn,0,SCGB2A1,0.012704165119185772,0.028590833697599117,0.5579381238019913
patient_D,spatial_knn,0,PVALB,0.01041640134448736,0.04629693667747317,0.11792376148555254
patient_D,spatial_knn,0,BOD1L1,0.04212543036647816,0.06350799002640461,0.502278863778828
patient_D,spatial_knn,0,FAHD2A,0.036673946493134754,0.01338000789470269,0.22229562894001365
patient_D,spatial_knn,0,SCN8A,-0.01386593657384836,0.004879382273431701,0.1520661394506654
patient_D,spatial_knn,0,KCNB1,0.02180613565132429,0.00986927985565795,0.10874980553537958
patient_D,spatial_knn,0,ARHGAP21,0.021066604603050765,-0.0013336556929090606,0.4161561891336067
patient_D,spatial_knn,0,CRYBA2,-0.011164717708756162,-0.015274108651308502,0.07504279682648946
patient_D,spatial_knn,0,PIR,-0.008457950759474473,-0.014517558875917613,0.16943936885816183
patient_D,spatial_knn,0,SYT1,-0.00823745034489306,0.004713295003626469,0.07264608810009784
patient_D,spatial_knn,0,SEMA6A,-0.015247386491656485,-0.023182640246624333,0.11978070535768474
patient_D,spatial_knn,0,PILRB,-0.005753372246905532,-0.003892730537863244,0.15122132000351618
patient_D,spatial_knn,0,WDR13,-0.002970048610805714,-0.015842471600939118,0.8191974483731536
patient_D,spatial_knn,0,RAPGEF2,-0.018857216921693228,-0.01885879044234968,0.30351305674039947
patient_D,spatial_knn,0,RHOJ,0.0047281536753556236,0.013008647178831047,0.2225955741720319
patient_D,spatial_knn,0,FGF10,-0.004798667365548547,-0.008539948886285056,0.08211481541125346
patient_D,spatial_knn,0,SYT17,-0.008865502807063308,-0.023643490942306868,0.18180196877488064
patient_D,spatial_knn,0,PPP1R14A,-0.019538546056312955,-0.04348626407147143,0.2403865775174506
patient_D,spatial_knn,0,MMRN1,-0.004573946385937377,0.02381603707401771,0.07199326469307146
patient_D,spatial_knn,0,LPIN1,0.014438146140274742,-0.007727580289792331,0.4862351077145262
patient_D,spatial_knn,0,RNASEK,-0.010960727986549137,-0.016326012932927087,0.07552914979271651
patient_D,spatial_knn,0,SCAPER,0.026341586618350277,-0.006606119766844559,0.2949386733694452
patient_D,spatial_knn,0,KCNQ2,-0.0060844026658483895,-0.022906112666792915,0.12820191937736425
patient_D,spatial_knn,0,INAFM1,0.05775624868785002,0.039754559324911766,0.5148177283704614
patient_D,spatial_knn,0,DNAJC24,-0.0030807121087350724,0.023258065458670246,0.17823976432394
patient_D,spatial_knn,0,PMAIP1,-0.01574815506016759,0.0018108737508498321,0.14800827419229448
patient_D,spatial_knn,0,MRPL52,-0.005193910574891439,-0.023212529854790394,0.9472640507965537
patient_D,spatial_knn,0,C12orf50,-0.006021477488066027,-0.010629727740527506,0.06455428971071812
patient_D,spatial_knn,0,ADAM11,-0.020363270516598496,-0.029134160735755792,0.07720001192284942
patient_D,spatial_knn,0,MRGPRF,-0.018223496785867887,0.001483470426107,0.4576245480504708
patient_D,spatial_knn,0,MACROD2,0.0009872557060697357,0.0022402393637084316,0.1170513959399115
patient_D,spatial_knn,0,SFSWAP,-0.0005080642992603137,0.0018773253518147735,0.5589987423133033
patient_D,spatial_knn,0,PHIP,0.03939814870258536,0.02521860417245782,0.5908636912176665
patient_D,spatial_knn,0,AGAP9,-0.01397750415523581,-0.019774634970447173,0.085805786636875
patient_D,spatial_knn,0,HOXC9,-0.014658545703587832,-0.01183043366366673,0.32095651066628794
patient_D,spatial_knn,0,ITCH,0.01595825507193756,0.04538712216360064,0.20300562648631879
patient_D,spatial_knn,0,HSPB7,0.011410149180431315,-0.0013487076146901109,0.2876403001742767
patient_D,spatial_knn,0,BRD4,0.03077878488896541,0.033231295980321485,0.7006440115723287
patient_D,spatial_knn,0,ADAM32,0.07235138078795406,0.09944163340624208,0.07434913590262152
patient_D,spatial_knn,0,PMCH,-0.016824781443024562,-0.024847844844639685,0.12240124536701548
patient_D,spatial_knn,0,CWF19L2,0.04204187798237451,0.028071179686894095,0.4469523461819252
patient_D,spatial_knn,0,CTRC,0.035182250457004516,0.03883952969851647,0.07274199306172775
patient_D,spatial_knn,0,RBM15,0.061242069359999395,0.06526057031656537,0.33632202102260506
patient_D,spatial_knn,0,ZNF763,0.03201360596880154,-0.010871448635966192,0.09655129490854801
patient_D,spatial_knn,0,SCG2,0.01753275111656516,-0.00038426282074562653,0.16120082665186383
patient_D,spatial_knn,0,ZNF853,0.033347890256725216,0.001491167478046272,0.23565536369768764
patient_D,spatial_knn,0,TRANK1,-0.03498301850646718,-0.033157659845459764,0.3419224497270262
patient_D,spatial_knn,0,TNS1,-0.0522703554541707,-0.045213344656849855,0.4788439226550415
patient_D,spatial_knn,0,HIST1H1E,-0.017910057674959727,-0.021895580462857243,0.1848442174972088
patient_D,spatial_knn,0,PRRC2C,-0.020514079321342825,-0.014231525580704911,0.751111208950346
patient_D,spatial_knn,0,MYO5A,-0.010212026087746786,-0.011851601870789808,0.38930870692651265
patient_D,spatial_knn,0,XIAP,0.03544718239221056,0.010707151927793526,0.383760982025037
patient_D,spatial_knn,0,TBCK,-0.002847678622971667,0.0009460106799728371,0.2587411774450288
patient_D,spatial_knn,0,SSTR2,0.008096890680567221,0.017691432042199768,0.2161050662888521
patient_D,spatial_knn,0,IGKV1-9,-0.006656513086335242,-0.008601296799305396,0.06542884729466604
patient_D,spatial_knn,0,CEP89,-0.008052342332191714,-0.0062270270886790515,0.44930780836022993
patient_D,spatial_knn,0,SIGLEC11,,,0.025676844033856762
patient_D,spatial_knn,0,STEAP2,0.0765324855072117,0.038892908015678455,0.2079118620796193
patient_D,spatial_knn,0,RAG1,-0.004924409226381094,-0.006917428821423375,0.03092175681808538
patient_D,spatial_knn,0,SDPR,0.011573399080172884,0.018789796700108354,0.11034171051902435
patient_D,spatial_knn,0,CBLN3,0.020762833600035578,0.03813128795163238,0.13107826307069556
patient_D,spatial_knn,0,SLC16A11,0.010635877174865884,0.04943607146679397,0.048505473599605414
patient_D,spatial_knn,0,AC007906,-0.010624226717770344,0.010880357402564149,0.19881863966973998
patient_D,spatial_knn,0,ZNF114,-0.003329449713479243,-0.004824276278026178,0.037084112885614744
patient_D,spatial_knn,0,EXTL1,0.011880014195465546,0.004393744523273885,0.1671372583469419
patient_D,spatial_knn,0,IGLV3-1,0.013061114556281776,0.009988163615709426,0.20396639217863835
patient_D,spatial_knn,0,POLR1E,0.026199387183299477,0.030597156375850223,0.36285443052147615
patient_D,spatial_knn,0,SOX6,-0.009638165639416909,-3.428003393155669e-05,0.11040523872911749
patient_D,spatial_knn,0,H3F3A,-0.008804724753226995,-0.009397412596305192,0.11877904379038899
patient_D,spatial_knn,0,SCUBE2,0.06385409773876202,0.050214523256594104,0.4263169431267232
patient_D,spatial_knn,0,SEPT11,-0.013364292667247136,-0.026353938477178596,0.5941191203806333
patient_D,spatial_knn,0,NGFR,-0.031003617987000194,-0.027808037576794262,0.2311123239912044
patient_D,spatial_knn,0,HIST1H1B,-0.016128787732835385,-0.02118127403773979,0.09033384394822394
patient_D,spatial_knn,0,CACNA2D1,-0.015325724131504003,-0.03135060627228252,0.16060242629427357
patient_D,spatial_knn,0,SLFN5,0.048243672196560214,0.05122435825488373,0.4653299592321152
patient_D,spatial_knn,0,ABCG2,-0.005779290121758754,-0.00783027132206977,0.04233978490527916
patient_D,spatial_knn,0,VPS37A,-0.038933271735607525,-0.03553323499829691,0.26903714368585613
patient_D,spatial_knn,0,FUT1,-0.007893145432798896,-0.008980984675629052,0.09183902858458264
patient_D,spatial_knn,0,AGRP,,,0.017082395862803735
patient_D,spatial_knn,0,KDM3B,0.0626053656092121,0.04830001384045391,0.4223755185428252
patient_D,spatial_knn,0,ADAM17,0.00050981062888279,-0.01709153321888323,0.5244310444275685
patient_D,spatial_knn,0,MRPL21,0.02880147663207776,0.033227863472585266,0.6293013422308631
patient_D,spatial_knn,0,PLIN4,-0.009965989492513367,0.006183762690923498,0.21374259622441907
patient_D,spatial_knn,0,CFAP69,-0.009757433281722521,-0.030765856535920014,0.19151666945850118
patient_D,spatial_knn,0,JAKMIP3,-0.008144745446884786,-0.013539502443044393,0.05314620119529756
patient_D,spatial_knn,0,GOLGA8N,-0.00831333321159451,-0.012992445127141318,0.08447074530529536
patient_D,spatial_knn,0,CACNA1A,-0.006230513141012017,-0.015616319993685525,0.24840015222884587
patient_D,spatial_knn,0,CCDC66,0.004908760046932322,-0.0026695643877194873,0.30150960813289424
patient_D,spatial_knn,0,ATP6V1E2,-0.0063111829572010695,-0.020558940359845176,0.21432059218484775
patient_D,spatial_knn,0,FCHSD1,-0.020232304596241892,-0.0096506898035181,0.39231593452031704
patient_D,spatial_knn,0,CCR10,0.030859369964569484,0.033222428370105875,0.2534653553056916
patient_D,spatial_knn,0,CYP20A1,-0.0007616373780481136,0.006885369153426075,0.23684341923755897
patient_D,spatial_knn,0,CA11,-0.006025810786352571,0.03838788440236234,0.3006895329320643
patient_D,spatial_knn,0,MAATS1,-0.016740004746612476,-0.038008690464194216,0.18506973242886401
patient_D,spatial_knn,0,KCNC1,-0.007408378266503111,-0.010990981866785435,0.036758151768315386
patient_D,spatial_knn,0,TNFRSF18,-0.016331049794640853,-0.014763644856996437,0.5790882834721274
patient_D,spatial_knn,0,SMAD1,-0.026899017328997635,-0.026390319791202675,0.2524448949886868
patient_D,spatial_knn,0,ISM1,-0.047129486293379735,-0.053560793132858706,0.37304172371291444
patient_D,spatial_knn,0,EXOSC9,-0.002856872231093491,0.005129222916161958,0.3962513606429764
patient_D,spatial_knn,0,FAM126A,-0.0164200308714463,0.0005685716820287588,0.2625710123092757
patient_D,spatial_knn,0,BAZ2B,-0.03800297638410989,-0.03826184341381896,0.5776063249067716
patient_D,spatial_knn,0,SGCE,-0.0053413715232153176,-0.013688985880366631,0.1748706179363803
patient_E,mean,0,IGKC,0.0,,2.173846960067749
patient_E,mean,0,SCGB2A2,0.0,,1.4553197622299194
patient_E,mean,0,IGLC2,0.0,,2.251814842224121
patient_E,mean,0,IGHM,0.0,,2.9940848350524902
patient_E,mean,0,AP000769,,,1.535690188407898
patient_E,mean,0,CD74,0.0,,0.8085318207740784
patient_E,mean,0,MUCL1,,,1.3990281820297241
patient_E,mean,0,CHGA,0.0,,0.12209967523813248
patient_E,mean,0,GNAS,0.0,,1.1652625799179077
patient_E,mean,0,IGLC7,,,1.5057142972946167
patient_E,mean,0,IGHG4,0.0,,1.0164192914962769
patient_E,mean,0,COL3A1,,,1.1044750213623047
patient_E,mean,0,S100A9,,,3.3428304195404053
patient_E,mean,0,TFF3,,,1.0680431127548218
patient_E,mean,0,JCHAIN,0.0,,0.8561619520187378
patient_E,mean,0,HLA-E,,,1.761582374572754
patient_E,mean,0,AREG,,,0.13045957684516907
patient_E,mean,0,AGR3,,,0.04361439123749733
patient_E,mean,0,PSMB3,0.0,,1.0715179443359375
patient_E,mean,0,MUC6,0.0,,0.8062283396720886
patient_E,mean,0,CCL19,,,0.7045791149139404
patient_E,mean,0,AGR2,0.0,,0.6777732968330383
patient_E,mean,0,FABP7,,,0.29775747656822205
patient_E,mean,0,ISG15,,,1.733057975769043
patient_E,mean,0,KRT15,,,0.5020014643669128
patient_E,mean,0,FNBP1L,,,0.7719523310661316
patient_E,mean,0,FABP4,0.0,0.0,0.10677138715982437
patient_E,mean,0,PTGDS,,,0.9558316469192505
patient_E,mean,0,DCAF12L2,,,0.05703389272093773
patient_E,mean,0,LAPTM4A,,,1.0443793535232544
patient_E,mean,0,SLC9A3R1,0.0,,0.9342384934425354
patient_E,mean,0,GLYATL2,0.0,,0.29800504446029663
patient_E,mean,0,TFF1,,,0.28163671493530273
patient_E,mean,0,LTF,0.0,,1.3943535089492798
patient_E,mean,0,ASPH,,,0.7481701970100403
patient_E,mean,0,RHOB,,,0.7725308537483215
patient_E,mean,0,S100A8,,,3.5992043018341064
patient_E,mean,0,POSTN,,,0.9919443726539612
patient_E,mean,0,KRT81,,,1.0345631837844849
patient_E,mean,0,CD36,0.0,,0.4094815254211426
patient_E,mean,0,KRT17,0.0,,0.49814650416374207
patient_E,mean,0,SERP1,,,0.7341820001602173
patient_E,mean,0,SCGB3A1,,,2.8222386837005615
patient_E,mean,0,IGHD,,,1.091529369354248
patient_E,mean,0,STOM,,,0.5809471607208252
patient_E,mean,0,ITGAV,0.0,,0.853709876537323
patient_E,mean,0,CCL21,,,0.5228598713874817
patient_E,mean,0,KRT18,,,1.1549394130706787
patient_E,mean,0,SCGB2A1,,,0.1409694254398346
patient_E,mean,0,PVALB,,,0.0467681847512722
patient_E,mean,0,BOD1L1,,,0.2101484090089798
patient_E,mean,0,FAHD2A,,,0.22073042392730713
patient_E,mean,0,SCN8A,,,0.08626826107501984
patient_E,mean,0,KCNB1,,,0.07176533341407776
patient_E,mean,0,ARHGAP21,,,0.2452915906906128
patient_E,mean,0,CRYBA2,,,0.021864773705601692
patient_E,mean,0,PIR,,,0.08381402492523193
patient_E,mean,0,SYT1,,,0.053254518657922745
patient_E,mean,0,SEMA6A,,,0.06881425529718399
patient_E,mean,0,PILRB,0.0,,0.07514587789773941
patient_E,mean,0,WDR13,,,1.0344812870025635
patient_E,mean,0,RAPGEF2,,,0.18680796027183533
patient_E,mean,0,RHOJ,,,0.09561507403850555
patient_E,mean,0,FGF10,,,0.039127569645643234
patient_E,mean,0,SYT17,,,0.270440936088562
patient_E,mean,0,PPP1R14A,,,0.21257194876670837
patient_E,mean,0,MMRN1,,,0.03801367059350014
patient_E,mean,0,LPIN1,0.0,,0.36611124873161316
patient_E,mean,0,RNASEK,0.0,,0.08481262624263763
patient_E,mean,0,SCAPER,0.0,,0.15074193477630615
patient_E,mean,0,KCNQ2,,,0.10061190277338028
patient_E,mean,0,INAFM1,,,0.49058282375335693
patient_E,mean,0,DNAJC24,,,0.10578402131795883
patient_E,mean,0,PMAIP1,,,0.08168499171733856
patient_E,mean,0,MRPL52,0.0,,0.7349389791488647
patient_E,mean,0,C12orf50,,,0.002726717386394739
patient_E,mean,0,ADAM11,,,0.08194076269865036
patient_E,mean,0,MRGPRF,0.0,,0.34420228004455566
patient_E,mean,0,MACROD2,,,0.07607638090848923
patient_E,mean,0,SFSWAP,,,0.46234309673309326
patient_E,mean,0,PHIP,0.0,,0.334057480096817
patient_E,mean,0,AGAP9,0.0,,0.07984793931245804
patient_E,mean,0,HOXC9,,,0.29519712924957275
patient_E,mean,0,ITCH,,,0.15033799409866333
patient_E,mean,0,HSPB7,,,0.12989772856235504
patient_E,mean,0,BRD4,,,0.5746772885322571
patient_E,mean,0,ADAM32,,,0.05622599646449089
patient_E,mean,0,PMCH,,,0.03501766920089722
patient_E,mean,0,CWF19L2,,,0.16026534140110016
patient_E,mean,0,CTRC,0.0,,0.10209356993436813
patient_E,mean,0,RBM15,0.0,,0.26185059547424316
patient_E,mean,0,ZNF763,,,0.0713023990392685
patient_E,mean,0,SCG2,,,0.009295965544879436
patient_E,mean,0,ZNF853,,,0.14336876571178436
patient_E,mean,0,TRANK1,,,0.237038254737854
patient_E,mean,0,TNS1,,,0.39320454001426697
patient_E,mean,0,HIST1H1E,,,0.09245406091213226
patient_E,mean,0,PRRC2C,0.0,,0.6255930662155151
patient_E,mean,0,MYO5A,,,0.25605398416519165
patient_E,mean,0,XIAP,,,0.21384577453136444
patient_E,mean,0,TBCK,,,0.11849430948495865
patient_E,mean,0,SSTR2,,,0.15145398676395416
patient_E,mean,0,IGKV1-9,,,0.08135067671537399
patient_E,mean,0,CEP89,,,0.4955843389034271
patient_E,mean,0,SIGLEC11,,,0.09976844489574432
patient_E,mean,0,STEAP2,,,0.08492764085531235
patient_E,mean,0,RAG1,0.0,0.0,0.0019500290509313345
patient_E,mean,0,SDPR,,,0.03682855889201164
patient_E,mean,0,CBLN3,,,0.05217321589589119
patient_E,mean,0,SLC16A11,,,0.05358415096998215
patient_E,mean,0,AC007906,,,0.0319284051656723
patient_E,mean,0,ZNF114,,,0.0257232878357172
patient_E,mean,0,EXTL1,,,0.04959454387426376
patient_E,mean,0,IGLV3-1,0.0,,0.3067060708999634
patient_E,mean,0,POLR1E,,,0.3435137867927551
patient_E,mean,0,SOX6,,,0.06616444140672684
patient_E,mean,0,H3F3A,,,0.040705617517232895
patient_E,mean,0,SCUBE2,,,0.238794207572937
patient_E,mean,0,SEPT11,0.0,,0.3411789834499359
patient_E,mean,0,NGFR,,,0.114271380007267
patient_E,mean,0,HIST1H1B,0.0,,0.12413012236356735
patient_E,mean,0,CACNA2D1,0.0,,0.054145414382219315
patient_E,mean,0,SLFN5,,,0.32376354932785034
patient_E,mean,0,ABCG2,,,0.05374891310930252
patient_E,mean,0,VPS37A,,,0.114369697868824
patient_E,mean,0,FUT1,,,0.10337004065513611
patient_E,mean,0,AGRP,,,0.08306660503149033
patient_E,mean,0,KDM3B,0.0,,0.2765073776245117
patient_E,mean,0,ADAM17,,,0.3014895021915436
patient_E,mean,0,MRPL21,0.0,,0.4625442326068878
patient_E,mean,0,PLIN4,,,0.18932898342609406
patient_E,mean,0,CFAP69,,,0.10521181672811508
patient_E,mean,0,JAKMIP3,0.0,,0.061277881264686584
patient_E,mean,0,GOLGA8N,,,0.004064910113811493
patient_E,mean,0,CACNA1A,,,0.30462846159935
patient_E,mean,0,CCDC66,0.0,,0.18919561803340912
patient_E,mean,0,ATP6V1E2,,,0.14085733890533447
patient_E,mean,0,FCHSD1,,,0.5580525994300842
patient_E,mean,0,CCR10,,,0.2659967839717865
patient_E,mean,0,CYP20A1,,,0.13236089050769806
patient_E,mean,0,CA11,,,0.4364165961742401
patient_E,mean,0,MAATS1,0.0,,0.09613756090402603
patient_E,mean,0,KCNC1,0.0,,0.053179554641246796
patient_E,mean,0,TNFRSF18,,,0.653194785118103
patient_E,mean,0,SMAD1,,,0.11703070998191833
patient_E,mean,0,ISM1,,,0.11785872280597687
patient_E,mean,0,EXOSC9,0.0,,0.2159273624420166
patient_E,mean,0,FAM126A,,,0.12408836930990219
patient_E,mean,0,BAZ2B,0.0,,0.33108028769493103
patient_E,mean,0,SGCE,,,0.08006998896598816
patient_E,pca_ridge,0,IGKC,0.4262151841354098,0.39431355096427245,1.0883758068084717
patient_E,pca_ridge,0,SCGB2A2,0.0359387543579134,0.05439102281378794,0.5458659529685974
patient_E,pca_ridge,0,IGLC2,0.4350826237539713,0.42054779100033074,1.2866110801696777
patient_E,pca_ridge,0,IGHM,0.2483999761880213,0.23192840984831803,2.2059366703033447
patient_E,pca_ridge,0,AP000769,0.013472016117603168,-0.008561031993106353,1.1614512205123901
patient_E,pca_ridge,0,CD74,0.21853842140313312,0.16232425926211017,0.9907591342926025
patient_E,pca_ridge,0,MUCL1,0.3567398265202118,0.29724617767581457,2.370950222015381
patient_E,pca_ridge,0,CHGA,-0.015434663601355508,-0.022324177254104665,0.11014290153980255
patient_E,pca_ridge,0,GNAS,0.4338486635670689,0.4005071759892257,0.9605218172073364
patient_E,pca_ridge,0,IGLC7,0.24416180647855817,0.2648212876538961,1.3084609508514404
patient_E,pca_ridge,0,IGHG4,0.1013418974747746,0.09806216041362302,1.4918259382247925
patient_E,pca_ridge,0,COL3A1,0.31173388275953373,0.30155437384796063,0.9565467834472656
patient_E,pca_ridge,0,S100A9,0.20790434109313766,0.198659352246445,2.416306734085083
patient_E,pca_ridge,0,TFF3,-0.011834831001047595,-0.006787730792042757,0.5031853318214417
patient_E,pca_ridge,0,JCHAIN,0.1652922379760461,0.17543547089788603,0.8533430695533752
patient_E,pca_ridge,0,HLA-E,0.11715747382687083,0.06761040250441736,1.1612118482589722
patient_E,pca_ridge,0,AREG,0.023573720149547873,0.029107774317991733,0.136499285697937
patient_E,pca_ridge,0,AGR3,,,0.07939542084932327
patient_E,pca_ridge,0,PSMB3,0.26306265174037374,0.24939544535735766,1.619425892829895
patient_E,pca_ridge,0,MUC6,0.08274308870010164,0.09661802488811212,0.7093645930290222
patient_E,pca_ridge,0,CCL19,0.1864241189745646,0.17540765034119857,0.8130271434783936
patient_E,pca_ridge,0,AGR2,0.07961089496427405,0.09525107231689979,0.6883736848831177
patient_E,pca_ridge,0,FABP7,0.019705932375371424,0.013921802493882487,0.34769007563591003
patient_E,pca_ridge,0,ISG15,0.12355767739590798,0.10642010276766439,1.3727082014083862
patient_E,pca_ridge,0,KRT15,0.03183259747544577,0.05169139536947969,0.5374002456665039
patient_E,pca_ridge,0,FNBP1L,0.10034982540942827,0.08125858886411104,0.36786505579948425
patient_E,pca_ridge,0,FABP4,,,0.09521166235208511
patient_E,pca_ridge,0,PTGDS,0.19982341240049883,0.20727087536571837,0.9773336052894592
patient_E,pca_ridge,0,DCAF12L2,0.018232395272080173,0.022411802476082376,0.06379330158233643
patient_E,pca_ridge,0,LAPTM4A,0.3065616184520859,0.30423311400516123,0.7209712266921997
patient_E,pca_ridge,0,SLC9A3R1,0.12036513117845303,0.08018116656612412,1.225000023841858
patient_E,pca_ridge,0,GLYATL2,0.02546391414096541,0.04260799689962707,0.2868666648864746
patient_E,pca_ridge,0,TFF1,,,0.21076266467571259
patient_E,pca_ridge,0,LTF,0.08588266305040392,0.061587147653773724,1.363577961921692
patient_E,pca_ridge,0,ASPH,0.2708895968697272,0.24657345504208936,0.6237699389457703
patient_E,pca_ridge,0,RHOB,0.20564010693951265,0.21044771944162036,0.5695638656616211
patient_E,pca_ridge,0,S100A8,0.21676241860394105,0.17917731205047324,3.1058714389801025
patient_E,pca_ridge,0,POSTN,0.16603014219596948,0.1555162918262159,0.9949122667312622
patient_E,pca_ridge,0,KRT81,0.052111699890536003,0.05086914947144109,1.4980089664459229
patient_E,pca_ridge,0,CD36,0.05689718276412755,0.06474288209205284,0.37308159470558167
patient_E,pca_ridge,0,KRT17,0.033310173106542135,0.04432688606858226,0.525883674621582
patient_E,pca_ridge,0,SERP1,0.1337076114516712,0.1708313604552068,0.5934092998504639
patient_E,pca_ridge,0,SCGB3A1,0.12152289143951821,0.08771531078788289,2.7001001834869385
patient_E,pca_ridge,0,IGHD,0.10927693768295783,0.11570845599087279,1.0578975677490234
patient_E,pca_ridge,0,STOM,0.18502206735328672,0.21782042999673257,0.5573405623435974
patient_E,pca_ridge,0,ITGAV,0.21717090067967718,0.2210678269166564,0.8586214184761047
patient_E,pca_ridge,0,CCL21,0.07205261328904554,0.08190669947581897,0.5328806638717651
patient_E,pca_ridge,0,KRT18,0.1743363199218075,0.14782558972754464,1.131870150566101
patient_E,pca_ridge,0,SCGB2A1,,,0.09679543972015381
patient_E,pca_ridge,0,PVALB,,,0.05380396917462349
patient_E,pca_ridge,0,BOD1L1,0.09143936021929219,0.09945488617090485,0.1831609457731247
patient_E,pca_ridge,0,FAHD2A,0.024409931605415557,0.031197569072400642,0.2212226241827011
patient_E,pca_ridge,0,SCN8A,-0.02100384742108763,-0.024957707381455748,0.08654610067605972
patient_E,pca_ridge,0,KCNB1,-0.030859582183255317,-0.028363655176376623,0.0722929984331131
patient_E,pca_ridge,0,ARHGAP21,0.042693886809929575,0.03712850519051553,0.24309071898460388
patient_E,pca_ridge,0,CRYBA2,,,0.047862935811281204
patient_E,pca_ridge,0,PIR,0.023929924056066847,0.0279233795701398,0.08129923045635223
patient_E,pca_ridge,0,SYT1,0.005189218640279943,0.010340587008045988,0.053657565265893936
patient_E,pca_ridge,0,SEMA6A,-0.018637578051789564,-0.01530373620268888,0.06872174888849258
patient_E,pca_ridge,0,PILRB,0.01603342027094226,0.02646996751934202,0.07509034126996994
patient_E,pca_ridge,0,WDR13,0.048786711612955926,0.04079080068878335,1.0030978918075562
patient_E,pca_ridge,0,RAPGEF2,0.0076622687720873574,0.03795225676343115,0.18333950638771057
patient_E,pca_ridge,0,RHOJ,-0.0030525730789195053,-0.003864443073680067,0.09781952202320099
patient_E,pca_ridge,0,FGF10,-0.012306009921501732,-0.016001544993676023,0.03958066552877426
patient_E,pca_ridge,0,SYT17,0.05367882150562745,0.05729163489521604,0.2709239423274994
patient_E,pca_ridge,0,PPP1R14A,0.029676218547548084,0.0406743064204847,0.21269552409648895
patient_E,pca_ridge,0,MMRN1,0.034508198154996825,0.025856437527354056,0.038209524005651474
patient_E,pca_ridge,0,LPIN1,0.1022909376577641,0.1335461673961927,0.3596956729888916
patient_E,pca_ridge,0,RNASEK,-0.02359390413606498,-0.013680508252020919,0.08535174280405045
patient_E,pca_ridge,0,SCAPER,0.015271093833674608,0.022128921837881885,0.15050098299980164
patient_E,pca_ridge,0,KCNQ2,-0.011896897924090115,-0.014894127206779212,0.11289951950311661
patient_E,pca_ridge,0,INAFM1,0.022193743641978857,0.05407338673558118,0.4915921986103058
patient_E,pca_ridge,0,DNAJC24,-0.04390544404574582,-0.034515028708712585,0.10704100877046585
patient_E,pca_ridge,0,PMAIP1,-0.0010431908201086336,0.0038493519254902474,0.08198147267103195
patient_E,pca_ridge,0,MRPL52,0.062431825615424125,0.10600584328627868,0.7148715853691101
patient_E,pca_ridge,0,C12orf50,,,0.005576122552156448
patient_E,pca_ridge,0,ADAM11,0.01308258668059379,0.004857997228984826,0.08194313198328018
patient_E,pca_ridge,0,MRGPRF,0.05090766611166662,0.0631186527899454,0.348273903131485
patient_E,pca_ridge,0,MACROD2,0.005452450242755044,0.009872699817909909,0.07633181661367416
patient_E,pca_ridge,0,SFSWAP,0.10223078276753718,0.13644790344974997,0.45127278566360474
patient_E,pca_ridge,0,PHIP,0.05720451289569326,0.07127091377322066,0.2914749085903168
patient_E,pca_ridge,0,AGAP9,-0.001964177742497378,0.005123878202818211,0.0801113173365593
patient_E,pca_ridge,0,HOXC9,0.009190664362096347,0.03150376838599147,0.3027838468551636
patient_E,pca_ridge,0,ITCH,0.004916783365048837,-0.000857036493166781,0.1504775881767273
patient_E,pca_ridge,0,HSPB7,0.0013547577123612785,-0.008376213481377117,0.13094300031661987
patient_E,pca_ridge,0,BRD4,0.06421989741999815,0.10011265078166348,0.5578359961509705
patient_E,pca_ridge,0,ADAM32,0.021657892765683372,0.01771030574410826,0.05631434544920921
patient_E,pca_ridge,0,PMCH,0.0485905477786584,0.04014845475822929,0.035388946533203125
patient_E,pca_ridge,0,CWF19L2,0.0165904899920737,0.023032105981040784,0.1530335694551468
patient_E,pca_ridge,0,CTRC,-0.01036293460945433,-0.016427611513254132,0.10253764688968658
patient_E,pca_ridge,0,RBM15,0.027147859944444127,0.055594532660589266,0.2620028555393219
patient_E,pca_ridge,0,ZNF763,0.02645393682256752,0.025093556820737717,0.07156603783369064
patient_E,pca_ridge,0,SCG2,,,0.011253459379076958
patient_E,pca_ridge,0,ZNF853,0.02550887488254616,0.02899168880160465,0.14015783369541168
patient_E,pca_ridge,0,TRANK1,0.05009797292239438,0.06200008769884968,0.23663610219955444
patient_E,pca_ridge,0,TNS1,0.06641687520055654,0.0887381054125483,0.38634350895881653
patient_E,pca_ridge,0,HIST1H1E,0.05934840509560794,0.0384765826505983,0.09478170424699783
patient_E,pca_ridge,0,PRRC2C,0.1481790189087419,0.16939728571183343,0.5153206586837769
patient_E,pca_ridge,0,MYO5A,0.03792402429546501,0.04015228049630711,0.25592565536499023
patient_E,pca_ridge,0,XIAP,-0.011275449513707101,0.0025069525455723466,0.19729383289813995
patient_E,pca_ridge,0,TBCK,-0.013016629655181456,-0.007653883929019762,0.11479074507951736
patient_E,pca_ridge,0,SSTR2,0.024162163149599195,0.021943807532491023,0.1505148857831955
patient_E,pca_ridge,0,IGKV1-9,4.418644209385217e-05,0.013019070444166787,0.08150693774223328
patient_E,pca_ridge,0,CEP89,0.024944345625442586,0.054378797535796435,0.4971758723258972
patient_E,pca_ridge,0,SIGLEC11,-0.018023223901217387,-0.019800410340606315,0.10015802830457687
patient_E,pca_ridge,0,STEAP2,0.045900307534332996,0.051273711010783374,0.08154015988111496
patient_E,pca_ridge,0,RAG1,,,0.003746460424736142
patient_E,pca_ridge,0,SDPR,0.0012237154587534226,0.0003855793974379764,0.037483688443899155
patient_E,pca_ridge,0,CBLN3,0.01703378654128601,0.011644790166400198,0.05227779969573021
patient_E,pca_ridge,0,SLC16A11,-0.019736705998796344,-0.023119765973282334,0.054563384503126144
patient_E,pca_ridge,0,AC007906,-0.010741731108762309,-0.013832660883087402,0.033315643668174744
patient_E,pca_ridge,0,ZNF114,0.022551724864574497,0.02800270373893304,0.027241984382271767
patient_E,pca_ridge,0,EXTL1,-0.021075862272933683,-0.02145825904581568,0.05021378770470619
patient_E,pca_ridge,0,IGLV3-1,0.09970902452862601,0.10593955410192257,0.30700379610061646
patient_E,pca_ridge,0,POLR1E,0.05420490119777349,0.09560470084303428,0.3436484634876251
patient_E,pca_ridge,0,SOX6,-0.005422980339118377,-0.006152084153215674,0.06648115068674088
patient_E,pca_ridge,0,H3F3A,-0.00357164076015761,-0.00424137337181774,0.0409635491669178
patient_E,pca_ridge,0,SCUBE2,0.02056443906916757,0.026426601022108028,0.23439688980579376
patient_E,pca_ridge,0,SEPT11,0.014884719271924644,0.03535719143222616,0.33532923460006714
patient_E,pca_ridge,0,NGFR,-0.02600500818157487,-0.021327022608187248,0.11325293034315109
patient_E,pca_ridge,0,HIST1H1B,-0.005997120314987535,-0.009292104745417225,0.12472428381443024
patient_E,pca_ridge,0,CACNA2D1,0.009826292886985362,0.021893377201372924,0.05377796292304993
patient_E,pca_ridge,0,SLFN5,0.05192969776431359,0.0741368049568461,0.29514506459236145
patient_E,pca_ridge,0,ABCG2,0.0001848026305603537,0.0025319487249929862,0.0540921650826931
patient_E,pca_ridge,0,VPS37A,0.06665771104878294,0.07850028372249078,0.10168890655040741
patient_E,pca_ridge,0,FUT1,-0.014961009190617588,-0.016915030868937368,0.10459928959608078
patient_E,pca_ridge,0,AGRP,0.02032018241771516,0.017100891530231088,0.08304445445537567
patient_E,pca_ridge,0,KDM3B,0.0620994031154987,0.0817689811035293,0.24538038671016693
patient_E,pca_ridge,0,ADAM17,-0.009309290007531548,-0.0015072024341413475,0.28576210141181946
patient_E,pca_ridge,0,MRPL21,0.13870859064178498,0.16864535243739892,0.42619386315345764
patient_E,pca_ridge,0,PLIN4,-0.020785488387174863,-0.008274770488869865,0.18792372941970825
patient_E,pca_ridge,0,CFAP69,-0.0614084210475233,-0.04920284342552341,0.10551610589027405
patient_E,pca_ridge,0,JAKMIP3,-0.029969781546496436,-0.03277424878222799,0.061685483902692795
patient_E,pca_ridge,0,GOLGA8N,,,0.007818167097866535
patient_E,pca_ridge,0,CACNA1A,0.01252397527034262,0.01763381608963758,0.3054816722869873
patient_E,pca_ridge,0,CCDC66,-0.024066371182272707,0.002130272381529413,0.18835151195526123
patient_E,pca_ridge,0,ATP6V1E2,0.027117689083625753,0.03148705631804702,0.1410207748413086
patient_E,pca_ridge,0,FCHSD1,0.04373558604575156,0.06021220495668197,0.5529744625091553
patient_E,pca_ridge,0,CCR10,0.0875062153373207,0.08392688028040146,0.26559609174728394
patient_E,pca_ridge,0,CYP20A1,0.036547801022915195,0.04328589476379642,0.12940967082977295
patient_E,pca_ridge,0,CA11,0.042198014379098835,0.04653267873321805,0.4357411563396454
patient_E,pca_ridge,0,MAATS1,-0.010855980633087771,-0.009728558805332155,0.09688802808523178
patient_E,pca_ridge,0,KCNC1,-0.01943606720684747,-0.02448275846013279,0.053433071821928024
patient_E,pca_ridge,0,TNFRSF18,0.06752658342937007,0.07698029529307594,0.6378029584884644
patient_E,pca_ridge,0,SMAD1,-0.05795643149043097,-0.05301971812384568,0.11976754665374756
patient_E,pca_ridge,0,ISM1,-0.0154518740403682,-0.008931194983978681,0.11781653016805649
patient_E,pca_ridge,0,EXOSC9,0.08369865166354865,0.09315891098406655,0.19863691926002502
patient_E,pca_ridge,0,FAM126A,0.027908426123676368,0.03779721101602901,0.12052053958177567
patient_E,pca_ridge,0,BAZ2B,0.06148655827892274,0.06573939004875289,0.2986817955970764
patient_E,pca_ridge,0,SGCE,0.031243209854815254,0.0312351105829607,0.07715581357479095
patient_E,spatial_knn,0,IGKC,0.07537853638475218,0.06137050430701012,2.34509384425216
patient_E,spatial_knn,0,SCGB2A2,-0.008288019565740688,-0.022566168639065975,1.5926830577944162
patient_E,spatial_knn,0,IGLC2,0.19224625248710522,0.17776603859557735,2.3804572106023887
patient_E,spatial_knn,0,IGHM,0.0915486759310002,0.08311678139552163,3.0355696467339337
patient_E,spatial_knn,0,AP000769,0.008136318552070216,0.00042840321110733024,1.668173871655982
patient_E,spatial_knn,0,CD74,-0.12100763522273475,-0.06769924397121685,0.9677476146828524
patient_E,spatial_knn,0,MUCL1,-0.03343629434932741,-0.030051216833964056,1.5229977766783676
patient_E,spatial_knn,0,CHGA,-0.008471608880393923,-0.0122660714694024,0.17838177488560444
patient_E,spatial_knn,0,GNAS,-0.008309747134255321,-0.0006236834812951645,1.2441838924454
patient_E,spatial_knn,0,IGLC7,-0.0035301099107789926,0.013803556256900293,1.5680313114331268
patient_E,spatial_knn,0,IGHG4,0.05285589869453183,0.040184344024034965,1.18216258805433
patient_E,spatial_knn,0,COL3A1,-0.08559921253924822,-0.07523423200147428,1.2412783415705515
patient_E,spatial_knn,0,S100A9,-0.008624667478762414,-0.02245717492378203,3.493311263781206
patient_E,spatial_knn,0,TFF3,0.025007201174135487,0.013622640273286428,1.1794802510014633
patient_E,spatial_knn,0,JCHAIN,-0.0030987444299821125,0.0039542701526826575,0.923333643290722
patient_E,spatial_knn,0,HLA-E,0.1650265358611849,0.16087890055010418,1.8343313165737853
patient_E,spatial_knn,0,AREG,0.035097191689023234,0.033075729584622425,0.209413365362215
patient_E,spatial_knn,0,AGR3,,,0.09890487844881438
patient_E,spatial_knn,0,PSMB3,0.05959454438314966,0.08113409098247493,1.134808628772232
patient_E,spatial_knn,0,MUC6,-0.01373201288733995,-0.022615752197388872,0.879137653795209
patient_E,spatial_knn,0,CCL19,-0.0021267888229675796,-0.0035754941732538737,0.7503810827182981
patient_E,spatial_knn,0,AGR2,0.03089853683070061,0.04927728634182692,0.7334689258281417
patient_E,spatial_knn,0,FABP7,-0.05162609823721785,-0.07441784536501282,0.36236423029784964
patient_E,spatial_knn,0,ISG15,-0.0006715193445259623,-0.010521104854893446,1.7904944442641904
patient_E,spatial_knn,0,KRT15,0.005542614781216656,-0.0035316147850722006,0.6104886951381246
patient_E,spatial_knn,0,FNBP1L,0.030743288790657654,0.015098198055272398,0.9000784148928322
patient_E,spatial_knn,0,FABP4,,,0.18647060974229826
patient_E,spatial_knn,0,PTGDS,0.017528132401067875,0.006189120131428453,1.0126918681129458
patient_E,spatial_knn,0,DCAF12L2,-0.0073035253156262326,-0.009940897104762272,0.07475026563180583
patient_E,spatial_knn,0,LAPTM4A,-0.011000173436486823,-0.010072390538628592,1.1173969017017804
patient_E,spatial_knn,0,SLC9A3R1,0.030493397460888895,0.04027408075184537,1.0397407390692874
patient_E,spatial_knn,0,GLYATL2,-0.015711442280252588,-0.013640421458807716,0.4432265144102064
patient_E,spatial_knn,0,TFF1,,,0.42656440016545655
patient_E,spatial_knn,0,LTF,0.002816637123930158,-0.002459216081060423,1.4444395030001558
patient_E,spatial_knn,0,ASPH,-0.011009404621542426,0.00752786130860217,0.8286421943071677
patient_E,spatial_knn,0,RHOB,0.02366176406155745,0.014026813036915803,0.8374393818430594
patient_E,spatial_knn,0,S100A8,0.13559231626319687,0.13653545614576526,3.608416256025929
patient_E,spatial_knn,0,POSTN,-0.048720438631574735,-0.044402193264586456,1.090171173057523
patient_E,spatial_knn,0,KRT81,0.020545278055454853,0.030245279432862388,1.1110145529936184
patient_E,spatial_knn,0,CD36,0.017361873391002015,0.02859164132755954,0.5116811602915148
patient_E,spatial_knn,0,KRT17,0.010618688178698453,0.0163883589137947,0.5446486647528097
patient_E,spatial_knn,0,SERP1,-0.026146563110570557,-0.03904453196274046,0.7995973581959233
patient_E,spatial_knn,0,SCGB3A1,-0.018027805416233614,-0.033901546971916816,2.84324045527015
patient_E,spatial_knn,0,IGHD,-0.05864914657964638,-0.06739968415356451,1.1050266139855864
patient_E,spatial_knn,0,STOM,-0.016240323646696832,-0.02396582533510771,0.6249050811569273
patient_E,spatial_knn,0,ITGAV,0.010718331341673878,0.001959841823126314,0.8923779277267572
patient_E,spatial_knn,0,CCL21,0.004133413292995315,0.002122568799681321,0.5590896996948591
patient_E,spatial_knn,0,KRT18,0.03977068324339504,0.04963891086627246,1.1990432580406134
patient_E,spatial_knn,0,SCGB2A1,,,0.23037982998257955
patient_E,spatial_knn,0,PVALB,,,0.1076749032361391
patient_E,spatial_knn,0,BOD1L1,-0.026887639680404595,-0.020669880983775393,0.266221026685523
patient_E,spatial_knn,0,FAHD2A,0.002465277319369621,0.013742664480223018,0.23409788508943155
patient_E,spatial_knn,0,SCN8A,0.016572263224963427,0.021999516233516418,0.09937795818558327
patient_E,spatial_knn,0,KCNB1,-0.002739991119063518,0.021892630926142433,0.07920897851651434
patient_E,spatial_knn,0,ARHGAP21,0.023135319650299947,-0.007865227304737673,0.26645030644924717
patient_E,spatial_knn,0,CRYBA2,,,0.04971787664783124
patient_E,spatial_knn,0,PIR,-0.010960776449436825,-0.015870984134859597,0.10969845709235401
patient_E,spatial_knn,0,SYT1,-0.010664002777063622,-0.0210144182157472,0.07699144055504605
patient_E,spatial_knn,0,SEMA6A,-0.01749939271660635,-0.015668383239257663,0.09741301859457556
patient_E,spatial_knn,0,PILRB,-0.011030694402780915,-0.017578615380547054,0.08722661777631897
patient_E,spatial_knn,0,WDR13,0.02159057345152904,0.032331820829758884,1.05641009819636
patient_E,spatial_knn,0,RAPGEF2,-0.020716664177504406,-0.018726289765824307,0.20730436012645068
patient_E,spatial_knn,0,RHOJ,0.002843523992827483,0.0016396734964992108,0.12535165318271987
patient_E,spatial_knn,0,FGF10,-0.0026547751587207877,-0.004193265722914603,0.049835134218605616
patient_E,spatial_knn,0,SYT17,-0.012978010388124985,-0.019115394329523326,0.28212255444901513
patient_E,spatial_knn,0,PPP1R14A,0.012024128315039663,0.004392355234472118,0.22835169788078824
patient_E,spatial_knn,0,MMRN1,0.15594229171172558,0.061939743290899206,0.04521448322394695
patient_E,spatial_knn,0,LPIN1,-0.012788305121310191,-0.037573518977147544,0.3964954122517376
patient_E,spatial_knn,0,RNASEK,-0.007123719159697264,-0.010392624885925763,0.09034953702416956
patient_E,spatial_knn,0,SCAPER,-0.008659729722732677,-0.028075123238393535,0.17509434600641532
patient_E,spatial_knn,0,KCNQ2,0.0033960522273324355,0.014456977278794594,0.15650530250999292
patient_E,spatial_knn,0,INAFM1,-0.03095912002528413,-0.03666814449070849,0.5233647210250524
patient_E,spatial_knn,0,DNAJC24,-0.006096593913871787,-0.008303648015148764,0.11801823601746621
patient_E,spatial_knn,0,PMAIP1,-0.014942205498339998,0.0066218341096519594,0.09770748002313354
patient_E,spatial_knn,0,MRPL52,-0.007653679096175423,-0.015555849559359338,0.7773103929705156
patient_E,spatial_knn,0,C12orf50,,,0.01601537139314733
patient_E,spatial_knn,0,ADAM11,-0.01437683350919646,-0.02102357368597335,0.08989209239978448
patient_E,spatial_knn,0,MRGPRF,-0.03053773126569084,-0.025048553857448877,0.3675260179996644
patient_E,spatial_knn,0,MACROD2,-0.010359654189606445,-0.01537515800837642,0.08398516753336316
patient_E,spatial_knn,0,SFSWAP,-0.00915505714958358,-0.03417190529907758,0.5014497969950442
patient_E,spatial_knn,0,PHIP,0.039881762847703645,0.020193412908306396,0.3819135742955779
patient_E,spatial_knn,0,AGAP9,-0.0019363089567407444,0.02287879343326908,0.08476225501916111
patient_E,spatial_knn,0,HOXC9,-0.01404348605656254,0.005699480909304334,0.32998982787977243
patient_E,spatial_knn,0,ITCH,0.02037722238709272,0.04089040690571464,0.16694176171326613
patient_E,spatial_knn,0,HSPB7,-0.005062967977408922,0.021097299671648445,0.15003255212934571
patient_E,spatial_knn,0,BRD4,0.0010985650099622182,0.012915213249294325,0.619917666914119
patient_E,spatial_knn,0,ADAM32,-0.004874128516645697,-0.0073941512777552214,0.06151706418330842
patient_E,spatial_knn,0,PMCH,-0.004095909953249191,-0.006296248069352313,0.04217588988538387
patient_E,spatial_knn,0,CWF19L2,0.024336484781562726,-0.011579474150670744,0.20083604933805674
patient_E,spatial_knn,0,CTRC,-0.007398120897700054,-0.01005899606154758,0.1036370308231204
patient_E,spatial_knn,0,RBM15,0.007691180973246025,0.018174719512918002,0.2778270329847068
patient_E,spatial_knn,0,ZNF763,0.02317447688984414,0.06691719078336901,0.07563259753200897
patient_E,spatial_knn,0,SCG2,,,0.04052368576535323
patient_E,spatial_knn,0,ZNF853,0.06348711842134329,0.01940649391559992,0.1601850173467326
patient_E,spatial_knn,0,TRANK1,-0.0026328949354582345,-0.0022708955593041384,0.25256607604606934
patient_E,spatial_knn,0,TNS1,-0.020414425829503383,-0.03203540262821658,0.42597335324624336
patient_E,spatial_knn,0,HIST1H1E,-0.015574075479685605,-0.023353597477459118,0.10446403073986599
patient_E,spatial_knn,0,PRRC2C,-0.010875189898817344,-0.022385907085413766,0.6799042022210856
patient_E,spatial_knn,0,MYO5A,0.03217301046421254,0.010336365881271604,0.2679136220573709
patient_E,spatial_knn,0,XIAP,-0.010232104931644672,-0.031855008054644175,0.2527566144561915
patient_E,spatial_knn,0,TBCK,-0.0017301722720953628,0.006398712579792613,0.15583897547705472
patient_E,spatial_knn,0,SSTR2,-0.0042800994615026355,-0.016571994538042714,0.17472153168648266
patient_E,spatial_knn,0,IGKV1-9,-0.009505258926251283,-0.011270346816108114,0.0822593371282211
patient_E,spatial_knn,0,CEP89,-0.037437501051299706,-0.024370564178726,0.5241863958628352
patient_E,spatial_knn,0,SIGLEC11,-0.009724008758994908,-0.011113619730595376,0.10190146108751988
patient_E,spatial_knn,0,STEAP2,-0.02333524267841021,-0.022293037403723535,0.11828907062731954
patient_E,spatial_knn,0,RAG1,,,0.018014902384315655
patient_E,spatial_knn,0,SDPR,-0.005632782228227414,-0.007457987312038307,0.05111376808363573
patient_E,spatial_knn,0,CBLN3,0.012121008865106883,0.03282030975829401,0.06634123697810158
patient_E,spatial_knn,0,SLC16A11,-0.005417942773079648,-0.008863985693146312,0.06257849027227907
patient_E,spatial_knn,0,AC007906,0.03320652709608761,0.05230459497155663,0.05578852076558764
patient_E,spatial_knn,0,ZNF114,-0.0041962566649223,-0.005120928472597024,0.031347561086968276
patient_E,spatial_knn,0,EXTL1,0.051496714118226795,0.048679302276518274,0.05946977951671829
patient_E,spatial_knn,0,IGLV3-1,-0.019924472039590736,-0.012846272688284243,0.3329014313307915
patient_E,spatial_knn,0,POLR1E,-0.02054516467166069,-0.0042385872014995205,0.36191379279574315
patient_E,spatial_knn,0,SOX6,-0.009554798550758244,-0.013773149336128832,0.07295074003421739
patient_E,spatial_knn,0,H3F3A,-0.006729062087818574,-0.009507028714338717,0.057921987605174814
patient_E,spatial_knn,0,SCUBE2,-0.007972049387935361,-0.015228904002259777,0.2720698490104258
patient_E,spatial_knn,0,SEPT11,0.026026908604120717,0.03080297017503813,0.36681156253331215
patient_E,spatial_knn,0,NGFR,0.04989236839487316,0.03620034159108917,0.1433740043138526
patient_E,spatial_knn,0,HIST1H1B,-0.015078157267255036,-0.020435530130402942,0.12661779447818847
patient_E,spatial_knn,0,CACNA2D1,-0.013732428259899862,-0.020244355820538785,0.0697090234261277
patient_E,spatial_knn,0,SLFN5,-0.02780656777957084,-0.018512175477507435,0.37813918237501243
patient_E,spatial_knn,0,ABCG2,-0.007073298415853641,-0.009119128757882466,0.059907192107371714
patient_E,spatial_knn,0,VPS37A,-0.011326539324659718,-0.00035942118349847213,0.14498939705393232
patient_E,spatial_knn,0,FUT1,-0.008535577531438148,0.007774125843719007,0.12050299655787762
patient_E,spatial_knn,0,AGRP,-0.00630810333838428,-0.008102909136339521,0.08448397854812585
patient_E,spatial_knn,0,KDM3B,-0.005998160592300623,-0.002322138594268882,0.31524981957945947
patient_E,spatial_knn,0,ADAM17,-0.007287410734255776,-0.017583964740301005,0.3414173210163404
patient_E,spatial_knn,0,MRPL21,0.005933514942108354,0.000166614767664919,0.5089975423518944
patient_E,spatial_knn,0,PLIN4,-0.01582051215063419,0.006262368535667514,0.23611794136252442
patient_E,spatial_knn,0,CFAP69,-0.023290699584542822,-0.03487310674563286,0.12033970965922743
patient_E,spatial_knn,0,JAKMIP3,-0.004178353138613963,-0.006296248069352313,0.06908090015313115
patient_E,spatial_knn,0,GOLGA8N,,,0.023509124846729384
patient_E,spatial_knn,0,CACNA1A,-0.02089190046463152,-0.02229683331164034,0.3152143009610637
patient_E,spatial_knn,0,CCDC66,-0.018646694445855205,-0.004039208902803854,0.21280310756282617
patient_E,spatial_knn,0,ATP6V1E2,0.009029308193785118,-0.015056261312866092,0.1556864019661066
patient_E,spatial_knn,0,FCHSD1,0.007959670143470885,0.016247920577673238,0.5715751352338687
patient_E,spatial_knn,0,CCR10,-0.045584595667717824,-0.059009202677317824,0.282385688138911
patient_E,spatial_knn,0,CYP20A1,0.008091164761017176,0.053493400246929265,0.14853430267935008
patient_E,spatial_knn,0,CA11,0.0011204455449260237,0.007544984071740121,0.44639473055362044
patient_E,spatial_knn,0,MAATS1,0.004361105406499977,-0.007862982402805382,0.10523477114667253
patient_E,spatial_knn,0,KCNC1,0.011011839950681656,0.04947617509154802,0.05503998360528912
patient_E,spatial_knn,0,TNFRSF18,-0.05346412818564562,-0.05780203227697605,0.6736146854497188
patient_E,spatial_knn,0,SMAD1,0.0005832895564422463,0.010258401272497495,0.14670493700741938
patient_E,spatial_knn,0,ISM1,0.035376299104462244,0.028777496842683218,0.13769800008813138
patient_E,spatial_knn,0,EXOSC9,0.03832857772878294,0.038853277096356324,0.24423126013284494
patient_E,spatial_knn,0,FAM126A,-0.00519846192092239,-0.00752163831455584,0.14426917038334267
patient_E,spatial_knn,0,BAZ2B,0.027576088388433135,0.027406168346523156,0.3740949874709029
patient_E,spatial_knn,0,SGCE,0.02558688540420554,-0.0021278724250562687,0.10281435103715611
patient_F,mean,0,IGKC,0.0,,0.819450855255127
patient_F,mean,0,SCGB2A2,,,1.5391839742660522
patient_F,mean,0,IGLC2,0.0,,0.6378675103187561
patient_F,mean,0,IGHM,,,0.8120280504226685
patient_F,mean,0,AP000769,,,1.4697680473327637
patient_F,mean,0,CD74,,,0.749908983707428
patient_F,mean,0,MUCL1,,,1.14146089553833
patient_F,mean,0,CHGA,,,0.11074011772871017
patient_F,mean,0,GNAS,,,0.8393538594245911
patient_F,mean,0,IGLC7,0.0,,0.8232371807098389
patient_F,mean,0,IGHG4,,,1.5956120491027832
patient_F,mean,0,COL3A1,,,1.1473050117492676
patient_F,mean,0,S100A9,,,1.359464406967163
patient_F,mean,0,TFF3,,,0.9668055772781372
patient_F,mean,0,JCHAIN,,,0.7131258249282837
patient_F,mean,0,HLA-E,,,0.8970019817352295
patient_F,mean,0,AREG,0.0,,0.2350766360759735
patient_F,mean,0,AGR3,0.0,,0.05228186026215553
patient_F,mean,0,PSMB3,0.0,,0.8133502006530762
patient_F,mean,0,MUC6,,,0.804927408695221
patient_F,mean,0,CCL19,0.0,,0.5653765797615051
patient_F,mean,0,AGR2,,,1.0256001949310303
patient_F,mean,0,FABP7,,,0.1108725443482399
patient_F,mean,0,ISG15,,,1.185332179069519
patient_F,mean,0,KRT15,,,0.9823811054229736
patient_F,mean,0,FNBP1L,,,0.7398189902305603
patient_F,mean,0,FABP4,,,0.12456369400024414
patient_F,mean,0,PTGDS,,,0.9852345585823059
patient_F,mean,0,DCAF12L2,,,0.020508095622062683
patient_F,mean,0,LAPTM4A,,,0.8888086676597595
patient_F,mean,0,SLC9A3R1,,,2.7814736366271973
patient_F,mean,0,GLYATL2,0.0,,0.2858775854110718
patient_F,mean,0,TFF1,0.0,,0.2975005805492401
patient_F,mean,0,LTF,,,0.8157259225845337
patient_F,mean,0,ASPH,,,1.1787083148956299
patient_F,mean,0,RHOB,,,0.9317657351493835
patient_F,mean,0,S100A8,,,1.0285325050354004
patient_F,mean,0,POSTN,,,1.011940360069275
patient_F,mean,0,KRT81,,,0.7595317363739014
patient_F,mean,0,CD36,,,0.4140729606151581
patient_F,mean,0,KRT17,0.0,,0.4030332565307617
patient_F,mean,0,SERP1,,,0.8882042765617371
patient_F,mean,0,SCGB3A1,0.0,,0.744628369808197
patient_F,mean,0,IGHD,0.0,,0.23076966404914856
patient_F,mean,0,STOM,,,0.557287871837616
patient_F,mean,0,ITGAV,,,0.7433347702026367
patient_F,mean,0,CCL21,,,0.7530902624130249
patient_F,mean,0,KRT18,0.0,,0.8871375322341919
patient_F,mean,0,SCGB2A1,0.0,,0.1472948044538498
patient_F,mean,0,PVALB,0.0,,0.19337712228298187
patient_F,mean,0,BOD1L1,0.0,,0.33298805356025696
patient_F,mean,0,FAHD2A,,,0.2401277720928192
patient_F,mean,0,SCN8A,,,0.13446110486984253
patient_F,mean,0,KCNB1,0.0,,0.04465518891811371
patient_F,mean,0,ARHGAP21,0.0,,0.20014628767967224
patient_F,mean,0,CRYBA2,,,0.02258668653666973
patient_F,mean,0,PIR,0.0,,0.0734420195221901
patient_F,mean,0,SYT1,,,0.04884008318185806
patient_F,mean,0,SEMA6A,,,0.0847788080573082
patient_F,mean,0,PILRB,0.0,,0.05541049689054489
patient_F,mean,0,WDR13,0.0,,0.7618044018745422
patient_F,mean,0,RAPGEF2,0.0,,0.23989416658878326
patient_F,mean,0,RHOJ,,,0.13729245960712433
patient_F,mean,0,FGF10,,,0.002842047018930316
patient_F,mean,0,SYT17,0.0,,0.05544394627213478
patient_F,mean,0,PPP1R14A,0.0,,0.1581311970949173
patient_F,mean,0,MMRN1,0.0,,0.05796739459037781
patient_F,mean,0,LPIN1,,,0.3684810698032379
patient_F,mean,0,RNASEK,0.0,0.0,0.004636823665350676
patient_F,mean,0,SCAPER,,,0.1101333498954773
patient_F,mean,0,KCNQ2,,,0.04629531875252724
patient_F,mean,0,INAFM1,,,0.35744425654411316
patient_F,mean,0,DNAJC24,,,0.11437435448169708
patient_F,mean,0,PMAIP1,,,0.09047625958919525
patient_F,mean,0,MRPL52,0.0,,0.726370632648468
patient_F,mean,0,C12orf50,0.0,,0.059018902480602264
patient_F,mean,0,ADAM11,,,0.05250740796327591
patient_F,mean,0,MRGPRF,,,0.23704928159713745
patient_F,mean,0,MACROD2,,,0.08609926700592041
patient_F,mean,0,SFSWAP,,,0.6205196380615234
patient_F,mean,0,PHIP,,,0.4270450174808502
patient_F,mean,0,AGAP9,0.0,,0.026838479563593864
patient_F,mean,0,HOXC9,,,0.5100159645080566
patient_F,mean,0,ITCH,,,0.14361010491847992
patient_F,mean,0,HSPB7,,,0.06235019117593765
patient_F,mean,0,BRD4,,,0.5651714205741882
patient_F,mean,0,ADAM32,,,0.07062630355358124
patient_F,mean,0,PMCH,0.0,,0.021171653643250465
patient_F,mean,0,CWF19L2,0.0,,0.2322484403848648
patient_F,mean,0,CTRC,,,0.041079893708229065
patient_F,mean,0,RBM15,,,0.2602667808532715
patient_F,mean,0,ZNF763,0.0,,0.09565708786249161
patient_F,mean,0,SCG2,,,0.009602891281247139
patient_F,mean,0,ZNF853,,,0.19400866329669952
patient_F,mean,0,TRANK1,,,0.23677359521389008
patient_F,mean,0,TNS1,0.0,,0.3373014032840729
patient_F,mean,0,HIST1H1E,,,0.0744757130742073
patient_F,mean,0,PRRC2C,0.0,,0.7486335635185242
patient_F,mean,0,MYO5A,,,0.19319283962249756
patient_F,mean,0,XIAP,,,0.2994709312915802
patient_F,mean,0,TBCK,,,0.2196173369884491
patient_F,mean,0,SSTR2,0.0,,0.13881205022335052
patient_F,mean,0,IGKV1-9,,,0.04165961593389511
patient_F,mean,0,CEP89,,,0.5679052472114563
patient_F,mean,0,SIGLEC11,,,0.06655161827802658
patient_F,mean,0,STEAP2,,,0.0778854712843895
patient_F,mean,0,RAG1,,,0.030275430530309677
patient_F,mean,0,SDPR,,,0.030057663097977638
patient_F,mean,0,CBLN3,,,0.050089508295059204
patient_F,mean,0,SLC16A11,0.0,,0.06830533593893051
patient_F,mean,0,AC007906,,,0.05008586868643761
patient_F,mean,0,ZNF114,,,0.026814531534910202
patient_F,mean,0,EXTL1,,,0.04797130450606346
patient_F,mean,0,IGLV3-1,,,0.3819250464439392
patient_F,mean,0,POLR1E,0.0,,0.29772746562957764
patient_F,mean,0,SOX6,,,0.03592788428068161
patient_F,mean,0,H3F3A,,,0.09308739006519318
patient_F,mean,0,SCUBE2,,,0.14133667945861816
patient_F,mean,0,SEPT11,0.0,,0.3584171533584595
patient_F,mean,0,NGFR,0.0,,0.13617350161075592
patient_F,mean,0,HIST1H1B,0.0,,0.03824376314878464
patient_F,mean,0,CACNA2D1,,,0.05057533085346222
patient_F,mean,0,SLFN5,0.0,,0.43272528052330017
patient_F,mean,0,ABCG2,,,0.047446221113204956
patient_F,mean,0,VPS37A,,,0.3138555884361267
patient_F,mean,0,FUT1,,,0.09670255333185196
patient_F,mean,0,AGRP,0.0,,0.05519508942961693
patient_F,mean,0,KDM3B,0.0,,0.4903944134712219
patient_F,mean,0,ADAM17,0.0,,0.3410814106464386
patient_F,mean,0,MRPL21,,,0.6114412546157837
patient_F,mean,0,PLIN4,0.0,,0.12287941575050354
patient_F,mean,0,CFAP69,0.0,,0.1550867110490799
patient_F,mean,0,JAKMIP3,0.0,,0.10196724534034729
patient_F,mean,0,GOLGA8N,0.0,,0.04246809706091881
patient_F,mean,0,CACNA1A,,,0.125433087348938
patient_F,mean,0,CCDC66,,,0.24967482686042786
patient_F,mean,0,ATP6V1E2,,,0.15300841629505157
patient_F,mean,0,FCHSD1,,,0.2803014814853668
patient_F,mean,0,CCR10,,,0.14420801401138306
patient_F,mean,0,CYP20A1,,,0.2771995961666107
patient_F,mean,0,CA11,,,0.2912726104259491
patient_F,mean,0,MAATS1,,,0.03901362791657448
patient_F,mean,0,KCNC1,0.0,,0.029690943658351898
patient_F,mean,0,TNFRSF18,0.0,,0.35255634784698486
patient_F,mean,0,SMAD1,0.0,,0.12053939700126648
patient_F,mean,0,ISM1,,,0.05987028032541275
patient_F,mean,0,EXOSC9,0.0,,0.3699439764022827
patient_F,mean,0,FAM126A,,,0.10630471259355545
patient_F,mean,0,BAZ2B,,,0.4291605055332184
patient_F,mean,0,SGCE,0.0,,0.050777312368154526
patient_F,pca_ridge,0,IGKC,0.5814604425147979,0.5732140641657865,0.544689416885376
patient_F,pca_ridge,0,SCGB2A2,-0.01818542153893066,-0.022337125484741815,1.487998604774475
patient_F,pca_ridge,0,IGLC2,0.3808142291575473,0.39323270057631665,0.775821328163147
patient_F,pca_ridge,0,IGHM,0.29983636167331984,0.3262903519511075,0.8166072368621826
patient_F,pca_ridge,0,AP000769,0.08071938694179259,0.08078178180329722,1.0066077709197998
patient_F,pca_ridge,0,CD74,0.40949036854210175,0.4379865473735433,0.6657659411430359
patient_F,pca_ridge,0,MUCL1,0.02695573669705938,0.024194785982287297,1.6195100545883179
patient_F,pca_ridge,0,CHGA,0.015914504407494506,0.02039006369914689,0.21133209764957428
patient_F,pca_ridge,0,GNAS,0.3142178380813501,0.2678038468863482,0.7514694333076477
patient_F,pca_ridge,0,IGLC7,0.14033085391786676,0.14958452718417603,0.9513329863548279
patient_F,pca_ridge,0,IGHG4,0.20750873494125377,0.2236120239373053,1.7794781923294067
patient_F,pca_ridge,0,COL3A1,0.20856430931700615,0.2019052201926406,0.9685124754905701
patient_F,pca_ridge,0,S100A9,0.018420328110553042,0.006080135000291063,2.174635410308838
patient_F,pca_ridge,0,TFF3,-0.027420335643191514,-0.012192849947134848,1.1392549276351929
patient_F,pca_ridge,0,JCHAIN,0.11818489988376848,0.12957282889081329,0.6479600071907043
patient_F,pca_ridge,0,HLA-E,0.22559738673391636,0.25085113557030314,1.0500932931900024
patient_F,pca_ridge,0,AREG,-0.004112554066138257,0.004616931974005903,0.26914986968040466
patient_F,pca_ridge,0,AGR3,-0.017627186703915533,-0.022445295583941538,0.10199210047721863
patient_F,pca_ridge,0,PSMB3,0.26283469977773244,0.17571601694135214,1.1336665153503418
patient_F,pca_ridge,0,MUC6,0.01078165741683782,0.041437229745988645,1.006748080253601
patient_F,pca_ridge,0,CCL19,0.13700211118377686,0.13086760331036293,0.5210837721824646
patient_F,pca_ridge,0,AGR2,0.08928510702631193,0.09280134825566677,0.9349442720413208
patient_F,pca_ridge,0,FABP7,-0.0034722165091767643,-0.00553470340905225,0.2468447983264923
patient_F,pca_ridge,0,ISG15,0.09228061629318952,0.08509984715054074,1.3720113039016724
patient_F,pca_ridge,0,KRT15,0.04163338212425196,0.0421010947509119,0.9525824785232544
patient_F,pca_ridge,0,FNBP1L,0.15563584612412382,0.16745433480566824,0.7108165621757507
patient_F,pca_ridge,0,FABP4,0.007583472522584498,0.00411575651653461,0.1208978220820427
patient_F,pca_ridge,0,PTGDS,0.23961086323753508,0.2254199513215467,0.9697898030281067
patient_F,pca_ridge,0,DCAF12L2,,,0.058879029005765915
patient_F,pca_ridge,0,LAPTM4A,0.21000935581010277,0.182062176772826,0.8699767589569092
patient_F,pca_ridge,0,SLC9A3R1,0.2308084508915932,0.1868684407773967,2.415015459060669
patient_F,pca_ridge,0,GLYATL2,0.012848080147345784,0.01888885486372331,0.33070802688598633
patient_F,pca_ridge,0,TFF1,0.04891242999507762,0.037956397273494265,0.3972235918045044
patient_F,pca_ridge,0,LTF,0.10360089474942057,0.10183453713292939,1.0048692226409912
patient_F,pca_ridge,0,ASPH,0.38072333934822744,0.3667984628631782,1.033703327178955
patient_F,pca_ridge,0,RHOB,0.2337821414870936,0.21261645088676528,0.8703532218933105
patient_F,pca_ridge,0,S100A8,0.2427656976330466,0.2440264516349904,1.1760063171386719
patient_F,pca_ridge,0,POSTN,0.18563444623519854,0.18137289299722995,0.9122231006622314
patient_F,pca_ridge,0,KRT81,0.014519434753927871,0.01823871367221365,1.1364198923110962
patient_F,pca_ridge,0,CD36,0.016406936205349856,0.03375481912288472,0.39134636521339417
patient_F,pca_ridge,0,KRT17,0.03881969137498031,0.03183008343571342,0.431020587682724
patient_F,pca_ridge,0,SERP1,0.17023026353361398,0.16964128311978807,0.8633750677108765
patient_F,pca_ridge,0,SCGB3A1,0.003757999939286905,0.005621651857184216,1.247476577758789
patient_F,pca_ridge,0,IGHD,0.035214469105915386,0.04194046865398113,0.35618653893470764
patient_F,pca_ridge,0,STOM,0.12354636660768883,0.15276313661151247,0.6251174211502075
patient_F,pca_ridge,0,ITGAV,0.12111534875321275,0.1305624151635505,0.7331938147544861
patient_F,pca_ridge,0,CCL21,0.1263348818115644,0.1231906789446874,0.762974202632904
patient_F,pca_ridge,0,KRT18,0.14960526209537095,0.09677106398876134,0.8077161312103271
patient_F,pca_ridge,0,SCGB2A1,0.02872215441841166,0.03099073342071928,0.13519178330898285
patient_F,pca_ridge,0,PVALB,0.03180190914743826,0.03402517874704169,0.21006523072719574
patient_F,pca_ridge,0,BOD1L1,0.06301501934838823,0.07872315419177069,0.33095094561576843
patient_F,pca_ridge,0,FAHD2A,-0.004569715008717041,0.0030081123367679224,0.24107977747917175
patient_F,pca_ridge,0,SCN8A,0.0013345688785176737,0.0036658181152326406,0.13466092944145203
patient_F,pca_ridge,0,KCNB1,-0.026935632570904974,-0.031228886528395564,0.045781008899211884
patient_F,pca_ridge,0,ARHGAP21,0.035992456822105966,0.037390862232316344,0.19793996214866638
patient_F,pca_ridge,0,CRYBA2,,,0.028816428035497665
patient_F,pca_ridge,0,PIR,-0.01953064046454817,-0.0224673920205975,0.09256131947040558
patient_F,pca_ridge,0,SYT1,0.0008674561934909736,0.004478707569443971,0.05084729567170143
patient_F,pca_ridge,0,SEMA6A,-0.014523783168039194,-0.004311009662060845,0.09406986087560654
patient_F,pca_ridge,0,PILRB,-0.003657038608171959,-0.00364985134841411,0.056668661534786224
patient_F,pca_ridge,0,WDR13,0.060646665736285854,0.07311256806719832,0.7749521136283875
patient_F,pca_ridge,0,RAPGEF2,0.022404985318700544,0.030207682594923145,0.24108676612377167
patient_F,pca_ridge,0,RHOJ,0.0447112643494901,0.036118306629537814,0.13637584447860718
patient_F,pca_ridge,0,FGF10,,,0.007547789718955755
patient_F,pca_ridge,0,SYT17,0.006886435217486214,-0.0010022802639462513,0.060379717499017715
patient_F,pca_ridge,0,PPP1R14A,0.02755980715850861,0.028311890277397708,0.15626735985279083
patient_F,pca_ridge,0,MMRN1,-0.04597085527091546,-0.04304083123546344,0.05885276943445206
patient_F,pca_ridge,0,LPIN1,0.043187508670373145,0.0613781150428172,0.372622013092041
patient_F,pca_ridge,0,RNASEK,,,0.007404451258480549
patient_F,pca_ridge,0,SCAPER,-0.012840534411273445,-0.024494154991949353,0.11185214668512344
patient_F,pca_ridge,0,KCNQ2,,,0.06279421597719193
patient_F,pca_ridge,0,INAFM1,0.06587957952116279,0.0764590623083136,0.36256465315818787
patient_F,pca_ridge,0,DNAJC24,-0.012919434426292805,-0.015372147307440324,0.11557751893997192
patient_F,pca_ridge,0,PMAIP1,0.02620602467300246,0.023893388612995472,0.09264381229877472
patient_F,pca_ridge,0,MRPL52,0.08663043873612294,0.11140615583724493,0.7428641319274902
patient_F,pca_ridge,0,C12orf50,-0.014937464271790584,-0.0203209219199307,0.059318915009498596
patient_F,pca_ridge,0,ADAM11,0.007179901301924791,0.01577661980759387,0.05234967917203903
patient_F,pca_ridge,0,MRGPRF,-0.007170848666117245,-0.0017697758895009509,0.23056571185588837
patient_F,pca_ridge,0,MACROD2,-0.013734777466536712,-0.012218309709183858,0.08657617121934891
patient_F,pca_ridge,0,SFSWAP,0.07574181798218746,0.0889808834120592,0.6142931580543518
patient_F,pca_ridge,0,PHIP,0.04171044005417938,0.04348007897426681,0.42664048075675964
patient_F,pca_ridge,0,AGAP9,-0.02453892760014826,-0.028214367541259843,0.027189180254936218
patient_F,pca_ridge,0,HOXC9,0.06047714997878394,0.07724005426730779,0.5068517923355103
patient_F,pca_ridge,0,ITCH,-0.0019270091940342005,0.014043744104512193,0.14448007941246033
patient_F,pca_ridge,0,HSPB7,-0.013211613828406379,-0.0172009551350283,0.05750312656164169
patient_F,pca_ridge,0,BRD4,0.014865074886737897,0.03627878721559694,0.5644403696060181
patient_F,pca_ridge,0,ADAM32,0.023997190322303685,0.02910047365487474,0.07065515220165253
patient_F,pca_ridge,0,PMCH,0.005821789339311945,0.007914445591446053,0.022045768797397614
patient_F,pca_ridge,0,CWF19L2,0.0498536856544835,0.05290336204270945,0.23055213689804077
patient_F,pca_ridge,0,CTRC,-0.027244636563302935,-0.030768603364716655,0.04167218506336212
patient_F,pca_ridge,0,RBM15,0.03349470959160101,0.038808692102398505,0.2646442651748657
patient_F,pca_ridge,0,ZNF763,0.0022369829487772857,0.005206695279858903,0.0960547998547554
patient_F,pca_ridge,0,SCG2,,,0.0087201576679945
patient_F,pca_ridge,0,ZNF853,5.098292505835549e-05,0.00579273214786576,0.196266308426857
patient_F,pca_ridge,0,TRANK1,0.018729653592134497,0.025413655832839173,0.23750436305999756
patient_F,pca_ridge,0,TNS1,0.07413989491465202,0.08125777533801967,0.3262730538845062
patient_F,pca_ridge,0,HIST1H1E,0.0035747500701084818,0.009136884456261775,0.07520793378353119
patient_F,pca_ridge,0,PRRC2C,0.15725422714620846,0.16804889329931672,0.7400515079498291
patient_F,pca_ridge,0,MYO5A,0.015250979415085898,0.018807443764761397,0.1923336386680603
patient_F,pca_ridge,0,XIAP,0.060745238307724346,0.055859097248438634,0.29712972044944763
patient_F,pca_ridge,0,TBCK,0.0076860593919437685,0.015752455814689197,0.2204740196466446
patient_F,pca_ridge,0,SSTR2,0.034740936946401894,0.040381540999926184,0.13960391283035278
patient_F,pca_ridge,0,IGKV1-9,-0.005996369910064535,-0.0047379862778426035,0.042056646198034286
patient_F,pca_ridge,0,CEP89,0.03371570984582003,0.06633147535248138,0.56099534034729
patient_F,pca_ridge,0,SIGLEC11,-0.017703184110000866,-0.017184721435668772,0.06700419634580612
patient_F,pca_ridge,0,STEAP2,0.004338905849463377,0.012079229661800908,0.08089582622051239
patient_F,pca_ridge,0,RAG1,-0.0034504685955324466,-0.005895270408299821,0.030537256971001625
patient_F,pca_ridge,0,SDPR,-0.0013088955853473728,-0.0012439561407967597,0.03146080672740936
patient_F,pca_ridge,0,CBLN3,0.0036676795505299915,0.0010222113360647735,0.050382234156131744
patient_F,pca_ridge,0,SLC16A11,-0.007268252056900606,-0.01751047083106471,0.06882372498512268
patient_F,pca_ridge,0,AC007906,0.012383735802178816,0.018209277653246193,0.050194356590509415
patient_F,pca_ridge,0,ZNF114,0.003894443800359667,0.005029909612786898,0.027267098426818848
patient_F,pca_ridge,0,EXTL1,0.004888872431782029,-0.0007974820520134821,0.04837767407298088
patient_F,pca_ridge,0,IGLV3-1,0.08113478774143666,0.09772511744427388,0.38253921270370483
patient_F,pca_ridge,0,POLR1E,0.008979121458895886,0.037488721743763505,0.30291953682899475
patient_F,pca_ridge,0,SOX6,0.005902492758049342,0.006768815890989442,0.03668869286775589
patient_F,pca_ridge,0,H3F3A,0.009452989138862316,0.010257837325413258,0.09356941282749176
patient_F,pca_ridge,0,SCUBE2,0.0024953688593147105,0.0034882636570814705,0.1775483787059784
patient_F,pca_ridge,0,SEPT11,0.026326440885719928,0.04711421000429636,0.35585716366767883
patient_F,pca_ridge,0,NGFR,-0.0036112894972203454,0.0016733541827136846,0.1346692442893982
patient_F,pca_ridge,0,HIST1H1B,0.01959625839012986,0.02318886826038344,0.038755789399147034
patient_F,pca_ridge,0,CACNA2D1,-0.03695471067493656,-0.0241171585107441,0.05058617144823074
patient_F,pca_ridge,0,SLFN5,0.034520064630548596,0.04400624263475177,0.43755099177360535
patient_F,pca_ridge,0,ABCG2,-0.005010522640951048,-0.008895511361229777,0.04778671637177467
patient_F,pca_ridge,0,VPS37A,0.05210495291487908,0.06397797012935286,0.31269484758377075
patient_F,pca_ridge,0,FUT1,0.015017345200048656,0.009330337026308524,0.09789692610502243
patient_F,pca_ridge,0,AGRP,-0.015559830535322804,-0.018987812085898042,0.055485229939222336
patient_F,pca_ridge,0,KDM3B,0.11830319238210478,0.14561629363865225,0.48536667227745056
patient_F,pca_ridge,0,ADAM17,-0.0005089970866402343,0.0011410451166323757,0.3392583429813385
patient_F,pca_ridge,0,MRPL21,0.08139779816642433,0.11131351553508116,0.6133635640144348
patient_F,pca_ridge,0,PLIN4,0.012956781946881787,0.016121246949196425,0.11319807171821594
patient_F,pca_ridge,0,CFAP69,0.012709696805151672,0.017438772042838505,0.15580984950065613
patient_F,pca_ridge,0,JAKMIP3,0.0002573459293470366,0.003350264963765785,0.1023353710770607
patient_F,pca_ridge,0,GOLGA8N,-0.014814794352991165,-0.01933294652801089,0.0428670272231102
patient_F,pca_ridge,0,CACNA1A,0.007523167808438455,-0.0015882082446143386,0.13227392733097076
patient_F,pca_ridge,0,CCDC66,-0.014944394232899966,-0.02360526695605301,0.25058674812316895
patient_F,pca_ridge,0,ATP6V1E2,0.026138879933263807,0.027323214264593977,0.15367960929870605
patient_F,pca_ridge,0,FCHSD1,0.03223335763670986,0.04397269779215981,0.29214850068092346
patient_F,pca_ridge,0,CCR10,0.03176160027276927,0.027559283681263067,0.14258864521980286
patient_F,pca_ridge,0,CYP20A1,0.006813725303374677,0.0229423743436689,0.27740880846977234
patient_F,pca_ridge,0,CA11,0.033602007280175095,0.05310718210565677,0.29265671968460083
patient_F,pca_ridge,0,MAATS1,-0.007370455507426927,-0.010186017674640134,0.04513974487781525
patient_F,pca_ridge,0,KCNC1,0.03392068177367605,0.03304596530551392,0.030252374708652496
patient_F,pca_ridge,0,TNFRSF18,0.04110069005056956,0.05269412358171963,0.36002445220947266
patient_F,pca_ridge,0,SMAD1,-0.021363030659160266,-0.02215023561220435,0.12088627368211746
patient_F,pca_ridge,0,ISM1,0.017343142652815526,0.022378349225612538,0.05182107537984848
patient_F,pca_ridge,0,EXOSC9,0.049077498800982666,0.05848477066357885,0.3718285858631134
patient_F,pca_ridge,0,FAM126A,0.02909879904596305,0.03321484405977854,0.10233304649591446
patient_F,pca_ridge,0,BAZ2B,0.09310552057865591,0.11332257949569781,0.42809176445007324
patient_F,pca_ridge,0,SGCE,-0.02284846530199412,-0.018570611424676392,0.05253274738788605
patient_F,spatial_knn,0,IGKC,-0.11606578361930668,-0.08812719483369355,1.039673181749162
patient_F,spatial_knn,0,SCGB2A2,-0.034615542417479835,-0.03398343949857815,1.5910609291454128
patient_F,spatial_knn,0,IGLC2,-0.1288078236623947,-0.11396380681667187,0.9285458254481812
patient_F,spatial_knn,0,IGHM,-0.03649674489961854,-0.038406539144880805,1.048877329171456
patient_F,spatial_knn,0,AP000769,-0.02512564991854085,-0.024749863466534235,1.5162936009773855
patient_F,spatial_knn,0,CD74,0.024197259507500655,0.04537736651977239,0.8289645442390695
patient_F,spatial_knn,0,MUCL1,-0.010225289944122081,-0.013290602070979637,1.2377778292613029
patient_F,spatial_knn,0,CHGA,-0.013599922213882863,-0.02344451126347823,0.18469576325895065
patient_F,spatial_knn,0,GNAS,-0.031728619024464,-0.02695749896953205,0.9546716624611418
patient_F,spatial_knn,0,IGLC7,-0.043379139905107875,-0.05839332942229268,0.9281252101970257
patient_F,spatial_knn,0,IGHG4,-0.09578362476934789,-0.12034510275475992,1.6846134980779903
patient_F,spatial_knn,0,COL3A1,0.02912796756959544,0.030704166637877794,1.1936738896118608
patient_F,spatial_knn,0,S100A9,-0.021976692089394817,-0.02956123961451652,1.5353834458387465
patient_F,spatial_knn,0,TFF3,0.020290031442006723,0.018140200053884878,1.0397449808616206
patient_F,spatial_knn,0,JCHAIN,-0.032715358061450685,-0.03449106649423245,0.8145937624616346
patient_F,spatial_knn,0,HLA-E,-0.046813902883426205,-0.06193941832223564,1.021483583714115
patient_F,spatial_knn,0,AREG,-0.02823196116289408,-0.029130115303967988,0.3105249484849696
patient_F,spatial_knn,0,AGR3,-0.009191918840093629,-0.014450606303418306,0.13402570177997086
patient_F,spatial_knn,0,PSMB3,-0.02973121990843902,-0.011427601270498024,0.9372516730679891
patient_F,spatial_knn,0,MUC6,0.025818286922068317,0.03336611975700032,0.8404947866796986
patient_F,spatial_knn,0,CCL19,0.01032667554026597,0.022333175228949887,0.659056984371958
patient_F,spatial_knn,0,AGR2,-0.04780174008072074,-0.051787358935526544,1.0779760672546101
patient_F,spatial_knn,0,FABP7,-0.006637881368570467,0.002545916843296432,0.17093219370032092
patient_F,spatial_knn,0,ISG15,0.008644811861665276,0.005471646693237743,1.2923649915895639
patient_F,spatial_knn,0,KRT15,0.011412102399500057,0.007709074481710759,1.010910318549372
patient_F,spatial_knn,0,FNBP1L,-0.01159781941805396,-0.014426757804374133,0.8141152726538
patient_F,spatial_knn,0,FABP4,-0.008500168481512976,0.001390977415067746,0.21028425572637138
patient_F,spatial_knn,0,PTGDS,-0.022030010833324405,-0.015613725427864562,1.0437135999667193
patient_F,spatial_knn,0,DCAF12L2,,,0.07473417059530724
patient_F,spatial_knn,0,LAPTM4A,-0.02148146993982937,-0.012977422252842959,0.9651869439484754
patient_F,spatial_knn,0,SLC9A3R1,-0.09492320196538384,-0.09523149159955374,2.7993831225527894
patient_F,spatial_knn,0,GLYATL2,-0.020673204781932037,-0.010939983954695936,0.36413127564721565
patient_F,spatial_knn,0,TFF1,-0.005586996166349622,-0.002937459872849304,0.4372168651260036
patient_F,spatial_knn,0,LTF,-0.014247355340826735,-0.01193749899071535,0.9426930409620561
patient_F,spatial_knn,0,ASPH,-0.0006403877750811079,0.0036193988298116354,1.213299656594553
patient_F,spatial_knn,0,RHOB,0.005366545738137165,-0.0009760675964467935,0.9764700500707735
patient_F,spatial_knn,0,S100A8,0.04562905678654501,0.05961717711303822,1.1125493510254825
patient_F,spatial_knn,0,POSTN,0.02867761937171286,0.02239911630060475,1.052947139138772
patient_F,spatial_knn,0,KRT81,0.03235827789134634,0.02935546933746075,0.78165194892128
patient_F,spatial_knn,0,CD36,-0.015507775093306997,-0.01812246970970314,0.4963050625719966
patient_F,spatial_knn,0,KRT17,-0.014436271918521124,-0.012480987019566916,0.4957754649901156
patient_F,spatial_knn,0,SERP1,0.013044247262056543,0.016112132642876722,0.9251138354099437
patient_F,spatial_knn,0,SCGB3A1,-0.03474805486078526,-0.040101873450834845,0.8788213536932818
patient_F,spatial_knn,0,IGHD,-0.03627830642847262,-0.03858461565092875,0.317988297700425
patient_F,spatial_knn,0,STOM,-0.009871603754892256,-0.009019677550641361,0.6097023825250171
patient_F,spatial_knn,0,ITGAV,-0.011613773167916723,-0.017562877104635385,0.7941964003606473
patient_F,spatial_knn,0,CCL21,0.0073744160290022485,0.025563062994709104,0.7802530320571769
patient_F,spatial_knn,0,KRT18,0.012529012092555051,0.01834601291886747,0.9720931000211113
patient_F,spatial_knn,0,SCGB2A1,-0.004576930678830756,0.0017904342610432769,0.20659823937629282
patient_F,spatial_knn,0,PVALB,-0.025123907478100005,-0.025585842133307456,0.22244950370058356
patient_F,spatial_knn,0,BOD1L1,0.023055145537302823,0.025536379288975702,0.3525359050163034
patient_F,spatial_knn,0,FAHD2A,-0.02082938232588259,-0.0036737921283970113,0.2530107590918466
patient_F,spatial_knn,0,SCN8A,-0.021010152392046885,-0.019229282668305703,0.1394237795496352
patient_F,spatial_knn,0,KCNB1,0.05380983370870371,0.08053229547902549,0.052036017505118326
patient_F,spatial_knn,0,ARHGAP21,-0.02269207682071257,-0.018619439276618487,0.232368996512598
patient_F,spatial_knn,0,CRYBA2,,,0.0700538285969013
patient_F,spatial_knn,0,PIR,0.018454423594374606,0.008852386238790855,0.10103632294904315
patient_F,spatial_knn,0,SYT1,-0.01087513541088404,-0.017429176413077136,0.06497212989541463
patient_F,spatial_knn,0,SEMA6A,-0.007908027378337384,-0.014697105725081623,0.12119591850606601
patient_F,spatial_knn,0,PILRB,-0.00898329586362735,-0.013021533379143002,0.06695673976052398
patient_F,spatial_knn,0,WDR13,0.011184510560255701,0.007651060774810036,0.8045518153582975
patient_F,spatial_knn,0,RAPGEF2,-0.0004778453432575783,-0.0020782542587699598,0.25469765480639944
patient_F,spatial_knn,0,RHOJ,0.01716578314519712,0.03642125243409459,0.1547066158792819
patient_F,spatial_knn,0,FGF10,,,0.018251347839864734
patient_F,spatial_knn,0,SYT17,-0.011669601404674946,0.0025508833821888894,0.09435406121322684
patient_F,spatial_knn,0,PPP1R14A,-0.0035519768341531147,-0.01746203822324577,0.18580245817163923
patient_F,spatial_knn,0,MMRN1,0.02205159515955185,0.032389496298364684,0.06895996995102761
patient_F,spatial_knn,0,LPIN1,-0.03301590966395946,-0.02303228571488382,0.4030028859427397
patient_F,spatial_knn,0,RNASEK,,,0.02861547461424358
patient_F,spatial_knn,0,SCAPER,-0.023075506348982245,-0.016085824631696412,0.13591742576144475
patient_F,spatial_knn,0,KCNQ2,,,0.10528451359959927
patient_F,spatial_knn,0,INAFM1,-0.015333970930283797,-0.01930009172575854,0.3992421172688337
patient_F,spatial_knn,0,DNAJC24,0.02241807201024389,0.02838818467334087,0.12343007160122911
patient_F,spatial_knn,0,PMAIP1,0.007352723873346571,0.001975558195026819,0.10699686869570411
patient_F,spatial_knn,0,MRPL52,0.009370614592306302,0.007597375150347084,0.7696196481855596
patient_F,spatial_knn,0,C12orf50,-0.006265897533796737,-0.007751512903896636,0.06059731819223903
patient_F,spatial_knn,0,ADAM11,0.01273362295115929,0.02126327550848436,0.06210895953395739
patient_F,spatial_knn,0,MRGPRF,0.017313407495126443,0.013726041038701044,0.2677826539798362
patient_F,spatial_knn,0,MACROD2,-0.0145190601707267,-0.020549812148002205,0.09278866245022652
patient_F,spatial_knn,0,SFSWAP,-0.020544206533284353,-0.029486471123888247,0.6486001770740214
patient_F,spatial_knn,0,PHIP,0.024832952660516043,0.0017456802819479534,0.4554743465778039
patient_F,spatial_knn,0,AGAP9,-0.0035720489910160266,-0.00598892737110538,0.040290494610319895
patient_F,spatial_knn,0,HOXC9,-0.00925531227790504,-0.017447993219479357,0.5256170331728826
patient_F,spatial_knn,0,ITCH,0.0021037361632275887,0.008470940475343844,0.16043501184247114
patient_F,spatial_knn,0,HSPB7,-0.002947457299695052,-0.0003279320226433031,0.08749142058406567
patient_F,spatial_knn,0,BRD4,0.03474265619481722,0.025807842861311683,0.6012788013318825
patient_F,spatial_knn,0,ADAM32,0.07321518311085325,0.1584301225937779,0.0726592655100201
patient_F,spatial_knn,0,PMCH,-0.0044784049826505174,-0.005677210417629858,0.02676319962058314
patient_F,spatial_knn,0,CWF19L2,0.02692193107817412,-0.001157420382530764,0.2592069988750193
patient_F,spatial_knn,0,CTRC,0.029337587751681205,0.0641024476196176,0.046652776897333846
patient_F,spatial_knn,0,RBM15,0.007177574784479275,-0.017152548420112677,0.27837323530513314
patient_F,spatial_knn,0,ZNF763,-0.011187891176660277,-0.010657433030301046,0.10422569272685868
patient_F,spatial_knn,0,SCG2,,,0.0511963304026751
patient_F,spatial_knn,0,ZNF853,-0.031492724800389255,-0.03761760260610801,0.21059510983516957
patient_F,spatial_knn,0,TRANK1,-0.005742704506626147,-0.006395190150473011,0.25373073327478246
patient_F,spatial_knn,0,TNS1,4.5844117200375114e-05,0.000459766890615392,0.3721497840395774
patient_F,spatial_knn,0,HIST1H1E,-0.017522694731039342,-0.0256452135687877,0.09174523877641741
patient_F,spatial_knn,0,PRRC2C,-0.01955802086262663,-0.02216699435810792,0.7889783454834418
patient_F,spatial_knn,0,MYO5A,0.03486737207480674,0.02002356207181506,0.20802789945285163
patient_F,spatial_knn,0,XIAP,0.040081553940369864,0.0037386084715584312,0.3155244780003663
patient_F,spatial_knn,0,TBCK,0.012912903880920892,0.01805757222692523,0.22968274973538466
patient_F,spatial_knn,0,SSTR2,-0.013997832656474415,-0.016541381415438088,0.16745410508517192
patient_F,spatial_knn,0,IGKV1-9,-0.005882547563066529,-0.007868505909523867,0.04624926182319819
patient_F,spatial_knn,0,CEP89,-0.025175105448557087,-0.023296098645360978,0.5910894104963974
patient_F,spatial_knn,0,SIGLEC11,-0.008081518496476944,-0.009187700410555,0.07034113242111911
patient_F,spatial_knn,0,STEAP2,-0.016720816913381713,-0.008517967919729714,0.1032224056381707
patient_F,spatial_knn,0,RAG1,-0.0030504231314594375,-0.003872985305675071,0.03254500970804533
patient_F,spatial_knn,0,SDPR,-0.0053189968600825975,-0.007421295744856833,0.05568856016279553
patient_F,spatial_knn,0,CBLN3,-0.007951839252200204,-0.014511164482431508,0.06372048424859432
patient_F,spatial_knn,0,SLC16A11,-0.009782755124325769,-0.013908052411635258,0.0739335800845805
patient_F,spatial_knn,0,AC007906,-0.009015015797044914,-0.013861317511346387,0.07524654580707237
patient_F,spatial_knn,0,ZNF114,-0.0037742429625191704,-0.004934473962531618,0.036156218212948094
patient_F,spatial_knn,0,EXTL1,0.004301564198138492,0.0272182011296377,0.07006178832677842
patient_F,spatial_knn,0,IGLV3-1,-0.01380743223203778,-0.0062171466474315535,0.40378314067480586
patient_F,spatial_knn,0,POLR1E,-0.007246478128507886,0.006158824374483181,0.32327554344998627
patient_F,spatial_knn,0,SOX6,-0.007485354414808742,-0.009161650825990963,0.042269885664954154
patient_F,spatial_knn,0,H3F3A,-0.0004885596523477557,0.013623114312370245,0.10339950079016796
patient_F,spatial_knn,0,SCUBE2,0.02795186393666207,0.024548247660126244,0.20213870452044172
patient_F,spatial_knn,0,SEPT11,0.015667424943919282,0.010890234625308994,0.3818957819910661
patient_F,spatial_knn,0,NGFR,-0.011120018002716761,-0.0048852290722244535,0.16897483026306667
patient_F,spatial_knn,0,HIST1H1B,-0.005917042137425198,-0.008594510935465908,0.05043839069407854
patient_F,spatial_knn,0,CACNA2D1,-0.00437893458714692,0.01073568862822445,0.07239679146351086
patient_F,spatial_knn,0,SLFN5,-0.015415873849492022,0.007859934902645239,0.4727804988584235
patient_F,spatial_knn,0,ABCG2,-0.0042261921011446605,-0.006384513040019837,0.054186345653183456
patient_F,spatial_knn,0,VPS37A,-0.027516654152258062,-0.045525038964533665,0.3254503584644518
patient_F,spatial_knn,0,FUT1,-0.01743278893206084,-0.013835606072786446,0.10469178175755102
patient_F,spatial_knn,0,AGRP,-0.003841317951126202,-0.005789931358013196,0.05949670803739468
patient_F,spatial_knn,0,KDM3B,0.044678333374351606,0.026062606277298467,0.5017188161403587
patient_F,spatial_knn,0,ADAM17,-0.014734310660386257,-0.012472690107034133,0.37899260025549725
patient_F,spatial_knn,0,MRPL21,0.04050687804169173,0.024130509158489112,0.6303412123014669
patient_F,spatial_knn,0,PLIN4,0.008358966929008718,0.002184735364374855,0.18130156712745077
patient_F,spatial_knn,0,CFAP69,0.02765089176626632,0.0016240625087015456,0.16167373610592056
patient_F,spatial_knn,0,JAKMIP3,-0.0016046053308871999,0.010611821463628329,0.10353270212659756
patient_F,spatial_knn,0,GOLGA8N,-0.004317361031890569,-0.007157762501107151,0.052429725056531415
patient_F,spatial_knn,0,CACNA1A,0.010031513314782428,-0.00889914291360908,0.15198701329205375
patient_F,spatial_knn,0,CCDC66,-0.024973642022333525,-0.06286242639305349,0.2679617611190882
patient_F,spatial_knn,0,ATP6V1E2,-0.0027049551735009157,0.0023256083713361127,0.1714433007537178
patient_F,spatial_knn,0,FCHSD1,-0.0026049359455237882,0.008073940045448556,0.31304552132790875
patient_F,spatial_knn,0,CCR10,0.0012497191420165802,0.00027559228441238385,0.1634137691118618
patient_F,spatial_knn,0,CYP20A1,0.005252184139449915,0.007448376173648672,0.28447329190268816
patient_F,spatial_knn,0,CA11,0.015325507620042264,0.004162775833322214,0.3053486532121189
patient_F,spatial_knn,0,MAATS1,-0.007661097191904438,-0.011608896925657594,0.061290913777037395
patient_F,spatial_knn,0,KCNC1,-0.00450919721777365,-0.0061617499806647285,0.03447935420073997
patient_F,spatial_knn,0,TNFRSF18,-0.011135249345122167,-0.0072397893564411404,0.3818900239458994
patient_F,spatial_knn,0,SMAD1,-0.020125324097856775,-0.029656983267142837,0.14244490113792022
patient_F,spatial_knn,0,ISM1,-0.01599895259286709,-0.013219325065589402,0.09576351699293115
patient_F,spatial_knn,0,EXOSC9,-0.03050141745072167,-0.01740341741456854,0.3964388764426894
patient_F,spatial_knn,0,FAM126A,-0.0007762417689110884,0.013811230069525967,0.12645511619154126
patient_F,spatial_knn,0,BAZ2B,-0.018579396865973093,-0.018347816515570093,0.45840762437027666
patient_F,spatial_knn,0,SGCE,-0.017281283151601497,-0.028532222084522392,0.08517770530058254
patient_G,mean,0,IGKC,,,1.1052172183990479
patient_G,mean,0,SCGB2A2,0.0,,1.6591746807098389
patient_G,mean,0,IGLC2,,,1.3299126625061035
patient_G,mean,0,IGHM,,,1.7253618240356445
patient_G,mean,0,AP000769,,,1.276711106300354
patient_G,mean,0,CD74,0.0,,1.2780897617340088
patient_G,mean,0,MUCL1,,,1.3388983011245728
patient_G,mean,0,CHGA,,,0.10176201909780502
patient_G,mean,0,GNAS,,,1.2872934341430664
patient_G,mean,0,IGLC7,,,1.2658311128616333
patient_G,mean,0,IGHG4,0.0,,2.103975296020508
patient_G,mean,0,COL3A1,0.0,,1.5584183931350708
patient_G,mean,0,S100A9,,,1.3176839351654053
patient_G,mean,0,TFF3,0.0,,1.0512911081314087
patient_G,mean,0,JCHAIN,,,1.1028413772583008
patient_G,mean,0,HLA-E,,,1.132917881011963
patient_G,mean,0,AREG,0.0,,0.38714948296546936
patient_G,mean,0,AGR3,,,0.5264526605606079
patient_G,mean,0,PSMB3,0.0,,1.3487194776535034
patient_G,mean,0,MUC6,0.0,0.0,0.7989827990531921
patient_G,mean,0,CCL19,,,1.0341532230377197
patient_G,mean,0,AGR2,,,0.6361798644065857
patient_G,mean,0,FABP7,,,0.10750748217105865
patient_G,mean,0,ISG15,,,1.2827762365341187
patient_G,mean,0,KRT15,,,0.6455671191215515
patient_G,mean,0,FNBP1L,0.0,,1.3433431386947632
patient_G,mean,0,FABP4,,,1.0209331512451172
patient_G,mean,0,PTGDS,,,1.1865723133087158
patient_G,mean,0,DCAF12L2,0.0,0.0,0.019255520775914192
patient_G,mean,0,LAPTM4A,,,1.223487138748169
patient_G,mean,0,SLC9A3R1,,,1.2539045810699463
patient_G,mean,0,GLYATL2,,,1.716192364692688
patient_G,mean,0,TFF1,0.0,,0.5457678437232971
patient_G,mean,0,LTF,0.0,,1.0449998378753662
patient_G,mean,0,ASPH,,,0.8724252581596375
patient_G,mean,0,RHOB,,,0.9528017640113831
patient_G,mean,0,S100A8,,,1.1644667387008667
patient_G,mean,0,POSTN,0.0,,1.476814866065979
patient_G,mean,0,KRT81,0.0,,0.7414864897727966
patient_G,mean,0,CD36,,,1.3012319803237915
patient_G,mean,0,KRT17,,,0.8738563656806946
patient_G,mean,0,SERP1,,,0.9870565533638
patient_G,mean,0,SCGB3A1,0.0,,0.6775286197662354
patient_G,mean,0,IGHD,,,0.8440192937850952
patient_G,mean,0,STOM,0.0,,0.7518395185470581
patient_G,mean,0,ITGAV,,,1.2038015127182007
patient_G,mean,0,CCL21,,,0.9229559898376465
patient_G,mean,0,KRT18,0.0,,1.5368764400482178
patient_G,mean,0,SCGB2A1,,,0.9502905607223511
patient_G,mean,0,PVALB,0.0,,0.06755596399307251
patient_G,mean,0,BOD1L1,,,0.40975421667099
patient_G,mean,0,FAHD2A,0.0,,0.19319313764572144
patient_G,mean,0,SCN8A,,,0.1302456557750702
patient_G,mean,0,KCNB1,,,0.16265816986560822
patient_G,mean,0,ARHGAP21,0.0,,0.35152968764305115
patient_G,mean,0,CRYBA2,,,0.046610768884420395
patient_G,mean,0,PIR,,,0.3504091203212738
patient_G,mean,0,SYT1,,,0.09645301848649979
patient_G,mean,0,SEMA6A,,,0.14777401089668274
patient_G,mean,0,PILRB,,,0.14107222855091095
patient_G,mean,0,WDR13,,,0.8853367567062378
patient_G,mean,0,RAPGEF2,0.0,,0.30780354142189026
patient_G,mean,0,RHOJ,,,0.3636048138141632
patient_G,mean,0,FGF10,,,0.03544696420431137
patient_G,mean,0,SYT17,,,0.3085617125034332
patient_G,mean,0,PPP1R14A,,,0.44581839442253113
patient_G,mean,0,MMRN1,0.0,,0.1057196855545044
patient_G,mean,0,LPIN1,0.0,,0.40951839089393616
patient_G,mean,0,RNASEK,,,0.02295842207968235
patient_G,mean,0,SCAPER,,,0.18418139219284058
patient_G,mean,0,KCNQ2,,,0.831359326839447
patient_G,mean,0,INAFM1,0.0,,0.619853675365448
patient_G,mean,0,DNAJC24,0.0,,0.12184862792491913
patient_G,mean,0,PMAIP1,,,0.1897890865802765
patient_G,mean,0,MRPL52,,,0.8082605004310608
patient_G,mean,0,C12orf50,,,0.04745538905262947
patient_G,mean,0,ADAM11,0.0,,0.11076422780752182
patient_G,mean,0,MRGPRF,,,0.5265668630599976
patient_G,mean,0,MACROD2,0.0,,0.08201584219932556
patient_G,mean,0,SFSWAP,,,0.5553880333900452
patient_G,mean,0,PHIP,,,0.4332921504974365
patient_G,mean,0,AGAP9,,,0.1122230589389801
patient_G,mean,0,HOXC9,0.0,,0.4029589891433716
patient_G,mean,0,ITCH,0.0,,0.20571526885032654
patient_G,mean,0,HSPB7,,,0.31062546372413635
patient_G,mean,0,BRD4,,,0.7417729496955872
patient_G,mean,0,ADAM32,,,0.1244368925690651
patient_G,mean,0,PMCH,,,0.10481658577919006
patient_G,mean,0,CWF19L2,,,0.3430585265159607
patient_G,mean,0,CTRC,,,0.05270310118794441
patient_G,mean,0,RBM15,,,0.2710561156272888
patient_G,mean,0,ZNF763,0.0,,0.11377041041851044
patient_G,mean,0,SCG2,,,0.14135633409023285
patient_G,mean,0,ZNF853,,,0.23433996737003326
patient_G,mean,0,TRANK1,0.0,,0.2677108347415924
patient_G,mean,0,TNS1,0.0,,0.7706016898155212
patient_G,mean,0,HIST1H1E,0.0,,0.21661709249019623
patient_G,mean,0,PRRC2C,,,0.7953959703445435
patient_G,mean,0,MYO5A,,,0.31866100430488586
patient_G,mean,0,XIAP,0.0,,0.3911217153072357
patient_G,mean,0,TBCK,,,0.2551525831222534
patient_G,mean,0,SSTR2,0.0,,0.17538227140903473
patient_G,mean,0,IGKV1-9,,,0.08744785189628601
patient_G,mean,0,CEP89,0.0,,0.5112677812576294
patient_G,mean,0,SIGLEC11,,,0.04290631040930748
patient_G,mean,0,STEAP2,,,0.17204883694648743
patient_G,mean,0,RAG1,0.0,,0.04157957434654236
patient_G,mean,0,SDPR,0.0,,0.18741051852703094
patient_G,mean,0,CBLN3,0.0,,0.0722566768527031
patient_G,mean,0,SLC16A11,,,0.1340342015028
patient_G,mean,0,AC007906,,,0.08355151116847992
patient_G,mean,0,ZNF114,0.0,,0.10465512424707413
patient_G,mean,0,EXTL1,,,0.14910197257995605
patient_G,mean,0,IGLV3-1,,,0.699581503868103
patient_G,mean,0,POLR1E,,,0.37238264083862305
patient_G,mean,0,SOX6,,,0.08611396700143814
patient_G,mean,0,H3F3A,0.0,,0.1587403118610382
patient_G,mean,0,SCUBE2,,,0.5702089071273804
patient_G,mean,0,SEPT11,0.0,,0.5520616769790649
patient_G,mean,0,NGFR,,,0.49448761343955994
patient_G,mean,0,HIST1H1B,,,0.006192052271217108
patient_G,mean,0,CACNA2D1,0.0,,0.25887155532836914
patient_G,mean,0,SLFN5,,,0.4042973816394806
patient_G,mean,0,ABCG2,,,0.1026521772146225
patient_G,mean,0,VPS37A,,,0.30448591709136963
patient_G,mean,0,FUT1,0.0,,0.11756755411624908
patient_G,mean,0,AGRP,0.0,,0.10664007067680359
patient_G,mean,0,KDM3B,0.0,,0.41401514410972595
patient_G,mean,0,ADAM17,0.0,,0.44842180609703064
patient_G,mean,0,MRPL21,0.0,,0.6616045236587524
patient_G,mean,0,PLIN4,,,0.6429834961891174
patient_G,mean,0,CFAP69,,,0.14067776501178741
patient_G,mean,0,JAKMIP3,,,0.11188257485628128
patient_G,mean,0,GOLGA8N,0.0,,0.08143841475248337
patient_G,mean,0,CACNA1A,,,0.23246324062347412
patient_G,mean,0,CCDC66,,,0.22648796439170837
patient_G,mean,0,ATP6V1E2,,,0.26988399028778076
patient_G,mean,0,FCHSD1,,,0.38032859563827515
patient_G,mean,0,CCR10,0.0,,0.28189799189567566
patient_G,mean,0,CYP20A1,,,0.23754577338695526
patient_G,mean,0,CA11,0.0,,0.22325599193572998
patient_G,mean,0,MAATS1,0.0,,0.09151186794042587
patient_G,mean,0,KCNC1,,,0.004419075325131416
patient_G,mean,0,TNFRSF18,,,0.3400309085845947
patient_G,mean,0,SMAD1,,,0.15533392131328583
patient_G,mean,0,ISM1,0.0,,0.25290608406066895
patient_G,mean,0,EXOSC9,0.0,,0.29408857226371765
patient_G,mean,0,FAM126A,,,0.2705107629299164
patient_G,mean,0,BAZ2B,,,0.5167776346206665
patient_G,mean,0,SGCE,,,0.25633329153060913
patient_G,pca_ridge,0,IGKC,0.4684964715905795,0.453842889289094,1.1653730869293213
patient_G,pca_ridge,0,SCGB2A2,0.3755199249551191,0.34294086286093184,1.5394941568374634
patient_G,pca_ridge,0,IGLC2,0.35204732192386756,0.32465562636158046,1.2238047122955322
patient_G,pca_ridge,0,IGHM,0.165588586951744,0.15392766094552351,1.6367789506912231
patient_G,pca_ridge,0,AP000769,0.05491316127791008,0.05892817538356688,1.650795817375183
patient_G,pca_ridge,0,CD74,0.3939966910382687,0.40492266566297314,1.2376798391342163
patient_G,pca_ridge,0,MUCL1,0.3393723990112889,0.34246863827290425,1.2620075941085815
patient_G,pca_ridge,0,CHGA,,,0.18926846981048584
patient_G,pca_ridge,0,GNAS,0.47803205286562256,0.4389086144397313,1.1443322896957397
patient_G,pca_ridge,0,IGLC7,0.19905074005147666,0.1917201147222308,1.2293001413345337
patient_G,pca_ridge,0,IGHG4,0.2031335724105703,0.25336142696653247,2.0834784507751465
patient_G,pca_ridge,0,COL3A1,0.4526219563229389,0.4366599119837461,1.3325713872909546
patient_G,pca_ridge,0,S100A9,0.06436889910311255,0.07207651654963597,1.465898036956787
patient_G,pca_ridge,0,TFF3,0.02541137220106756,0.08195324426353517,1.4639021158218384
patient_G,pca_ridge,0,JCHAIN,0.21151037544414397,0.21029165976090067,1.1189168691635132
patient_G,pca_ridge,0,HLA-E,0.19425109071355715,0.24745002985589815,1.1463605165481567
patient_G,pca_ridge,0,AREG,0.21027882873180337,0.19733914358089424,0.3898550570011139
patient_G,pca_ridge,0,AGR3,0.2313734326352832,0.20825072309583026,0.5116268992424011
patient_G,pca_ridge,0,PSMB3,0.29875781350736325,0.19653551089099455,1.4126193523406982
patient_G,pca_ridge,0,MUC6,,,0.8886241316795349
patient_G,pca_ridge,0,CCL19,0.2782981644471932,0.25644684317799404,1.004992961883545
patient_G,pca_ridge,0,AGR2,0.15004954998637896,0.17465731589458452,0.6583433151245117
patient_G,pca_ridge,0,FABP7,0.00409561238780208,0.004232380352856577,0.15192584693431854
patient_G,pca_ridge,0,ISG15,0.12480677836653961,0.12099904549621582,1.2772917747497559
patient_G,pca_ridge,0,KRT15,0.10483175476107112,0.09692043391996688,0.6109350323677063
patient_G,pca_ridge,0,FNBP1L,0.5190226831936844,0.5138439981307112,1.355337381362915
patient_G,pca_ridge,0,FABP4,0.15690211835389525,0.1466517377538502,0.984550952911377
patient_G,pca_ridge,0,PTGDS,0.3431590260786166,0.2903297512138162,1.1194689273834229
patient_G,pca_ridge,0,DCAF12L2,,,0.06310612708330154
patient_G,pca_ridge,0,LAPTM4A,0.43500867438843427,0.3860544028172065,1.1334192752838135
patient_G,pca_ridge,0,SLC9A3R1,0.2715268771711923,0.2348985552240837,1.5149190425872803
patient_G,pca_ridge,0,GLYATL2,0.4232335410830096,0.43954942089086024,1.6614060401916504
patient_G,pca_ridge,0,TFF1,-0.033715640700942746,0.015986042903658598,0.6746819615364075
patient_G,pca_ridge,0,LTF,-0.07283178662942684,-0.07392676368370107,1.152516484260559
patient_G,pca_ridge,0,ASPH,0.45121665365781544,0.46630353431908295,0.7718031406402588
patient_G,pca_ridge,0,RHOB,0.31348745863582284,0.3542902042617103,0.9087285399436951
patient_G,pca_ridge,0,S100A8,0.04651115479307853,0.05386953449709316,1.1425970792770386
patient_G,pca_ridge,0,POSTN,0.4150717524727775,0.39976926912068966,1.3490946292877197
patient_G,pca_ridge,0,KRT81,-0.012791147393531477,-0.00041177080166581245,0.7737109661102295
patient_G,pca_ridge,0,CD36,0.15428220480796775,0.1658206178716772,1.3344941139221191
patient_G,pca_ridge,0,KRT17,0.19556263012880204,0.18652171713931515,0.8631451725959778
patient_G,pca_ridge,0,SERP1,0.37845077153310314,0.41526592018308534,0.9366512298583984
patient_G,pca_ridge,0,SCGB3A1,0.027812409875031238,0.013252168477020881,0.4841652810573578
patient_G,pca_ridge,0,IGHD,0.09352740759549975,0.1225634219972425,0.8553211688995361
patient_G,pca_ridge,0,STOM,0.15300116376991302,0.22800314422771165,0.7503243088722229
patient_G,pca_ridge,0,ITGAV,0.342781041909083,0.33426067581621877,1.1487571001052856
patient_G,pca_ridge,0,CCL21,0.22285342135769112,0.18570042601292888,0.9073936939239502
patient_G,pca_ridge,0,KRT18,0.1843664383578278,0.216756154025034,1.3743587732315063
patient_G,pca_ridge,0,SCGB2A1,0.2507147549497389,0.2929026092474649,0.9563237428665161
patient_G,pca_ridge,0,PVALB,-0.0019048289439087531,-0.0043006445520962005,0.11621629446744919
patient_G,pca_ridge,0,BOD1L1,0.043705393675617106,0.10933826028690465,0.4136850833892822
patient_G,pca_ridge,0,FAHD2A,0.06092387019470473,0.08143573188681823,0.19249023497104645
patient_G,pca_ridge,0,SCN8A,0.05607080526676417,0.07697018801816527,0.1302071064710617
patient_G,pca_ridge,0,KCNB1,0.013741038403660148,0.01791056282270957,0.1627831757068634
patient_G,pca_ridge,0,ARHGAP21,0.045252062524780826,0.05069988338504316,0.3516662120819092
patient_G,pca_ridge,0,CRYBA2,0.042750280526033926,0.04157289733692993,0.07576893270015717
patient_G,pca_ridge,0,PIR,0.16614318902345007,0.19407179057437873,0.34611591696739197
patient_G,pca_ridge,0,SYT1,0.03132300565412198,0.03310765524080641,0.09882497042417526
patient_G,pca_ridge,0,SEMA6A,0.0014783308093099274,0.03084378637085112,0.15607000887393951
patient_G,pca_ridge,0,PILRB,-0.015884840800924185,-0.02388462783754233,0.14190644025802612
patient_G,pca_ridge,0,WDR13,0.12929875278311487,0.17061891626478717,0.8683318495750427
patient_G,pca_ridge,0,RAPGEF2,0.04793923506416562,0.07986993907154755,0.30805596709251404
patient_G,pca_ridge,0,RHOJ,0.05460081808101166,0.060106733179009095,0.3621739447116852
patient_G,pca_ridge,0,FGF10,-0.02159438670544949,-0.026964358699650776,0.03628593683242798
patient_G,pca_ridge,0,SYT17,0.04425344468021311,0.061396900042867526,0.30928152799606323
patient_G,pca_ridge,0,PPP1R14A,0.07905977927001102,0.07610193909558488,0.4421749711036682
patient_G,pca_ridge,0,MMRN1,0.03650987871182991,0.043394001626629736,0.1059751957654953
patient_G,pca_ridge,0,LPIN1,0.12249945060209044,0.17036028133811526,0.4090522229671478
patient_G,pca_ridge,0,RNASEK,-0.029187883557739946,-0.034746477493867965,0.025865226984024048
patient_G,pca_ridge,0,SCAPER,0.027257616029422095,0.03993741158544118,0.18650522828102112
patient_G,pca_ridge,0,KCNQ2,0.02497487315742562,0.010261313404455434,0.8290207982063293
patient_G,pca_ridge,0,INAFM1,0.02309989533531633,0.040699396145332606,0.6199823021888733
patient_G,pca_ridge,0,DNAJC24,-0.021993703292024484,0.00845232497574853,0.12428309768438339
patient_G,pca_ridge,0,PMAIP1,0.05406675087600564,0.08296126376502311,0.1901412010192871
patient_G,pca_ridge,0,MRPL52,0.06875230196111093,0.11327561990222394,0.8029929399490356
patient_G,pca_ridge,0,C12orf50,0.006899857189986176,0.008942610100390512,0.0479879267513752
patient_G,pca_ridge,0,ADAM11,-0.04245698454965093,-0.017805215813924583,0.11176947504281998
patient_G,pca_ridge,0,MRGPRF,0.06885855890523146,0.0887907053585868,0.5226991176605225
patient_G,pca_ridge,0,MACROD2,-0.007572922567206392,0.0015069466288093526,0.08279585093259811
patient_G,pca_ridge,0,SFSWAP,0.13527664890393237,0.20182345281455752,0.5479781031608582
patient_G,pca_ridge,0,PHIP,0.06395730445620343,0.09440325309783532,0.4372793436050415
patient_G,pca_ridge,0,AGAP9,-0.0037991274770414066,-0.009750491001410925,0.11234236508607864
patient_G,pca_ridge,0,HOXC9,0.05132030806100027,0.08630255036438379,0.4041774868965149
patient_G,pca_ridge,0,ITCH,0.07334182509118588,0.08493974323991985,0.20586584508419037
patient_G,pca_ridge,0,HSPB7,-0.005127408302051523,-0.0039431153640777355,0.3105480372905731
patient_G,pca_ridge,0,BRD4,0.04956270052367375,0.10726599986782664,0.7446470260620117
patient_G,pca_ridge,0,ADAM32,0.030791198556589593,0.026290276121695235,0.12446119636297226
patient_G,pca_ridge,0,PMCH,0.05200371242371484,0.05098457337719163,0.10470708459615707
patient_G,pca_ridge,0,CWF19L2,-0.033069987968002756,-0.005007847423586635,0.3473382592201233
patient_G,pca_ridge,0,CTRC,-0.02137227835890191,-0.0275819577315807,0.05308251827955246
patient_G,pca_ridge,0,RBM15,0.08386156436177102,0.12505347913118955,0.26951855421066284
patient_G,pca_ridge,0,ZNF763,0.00804591023200963,0.0064834081197868805,0.11410452425479889
patient_G,pca_ridge,0,SCG2,-0.010625739548030037,-0.006328380682399317,0.14176979660987854
patient_G,pca_ridge,0,ZNF853,-0.003972886732094773,-0.004424697681155871,0.2391628921031952
patient_G,pca_ridge,0,TRANK1,0.07188977009159701,0.08470253571086292,0.26864635944366455
patient_G,pca_ridge,0,TNS1,0.07552662626077386,0.12550820168591162,0.7609449028968811
patient_G,pca_ridge,0,HIST1H1E,0.0469242190459241,0.040836640807736566,0.21676622331142426
patient_G,pca_ridge,0,PRRC2C,0.2509266364169245,0.31220860769114755,0.7642626762390137
patient_G,pca_ridge,0,MYO5A,0.06637426799054512,0.08154155377488682,0.3181765079498291
patient_G,pca_ridge,0,XIAP,0.06995971127514336,0.11327832541434092,0.3929205536842346
patient_G,pca_ridge,0,TBCK,0.004948645882343798,0.021049156652106084,0.2584955394268036
patient_G,pca_ridge,0,SSTR2,0.020465387078336884,0.046369378099183144,0.18491627275943756
patient_G,pca_ridge,0,IGKV1-9,0.012393097670128193,0.017407370806103665,0.0875912681221962
patient_G,pca_ridge,0,CEP89,0.020439575445583388,0.07068891375785114,0.5097043514251709
patient_G,pca_ridge,0,SIGLEC11,-0.03430782571087409,-0.03706746018711487,0.043818242847919464
patient_G,pca_ridge,0,STEAP2,0.039736372653267724,0.062218994475056466,0.1754763275384903
patient_G,pca_ridge,0,RAG1,-0.028218312387387832,-0.032152437841862065,0.04187171906232834
patient_G,pca_ridge,0,SDPR,0.05077978154126104,0.036616800325075714,0.18708449602127075
patient_G,pca_ridge,0,CBLN3,-0.010531888843142243,-0.017143222432485943,0.07258738577365875
patient_G,pca_ridge,0,SLC16A11,-0.014838825918474258,-0.005447104228675707,0.13438059389591217
patient_G,pca_ridge,0,AC007906,-0.011553065267988851,-0.010245936739720827,0.08628541231155396
patient_G,pca_ridge,0,ZNF114,0.022153084390792378,0.02021582460680951,0.10473550111055374
patient_G,pca_ridge,0,EXTL1,-0.006883540062102341,-0.01445046342384837,0.14951874315738678
patient_G,pca_ridge,0,IGLV3-1,0.05409085404497748,0.04671906073439038,0.6959852576255798
patient_G,pca_ridge,0,POLR1E,0.04635714327887084,0.08875370100289116,0.37218528985977173
patient_G,pca_ridge,0,SOX6,0.016990532161454453,0.01626730305703337,0.08639763295650482
patient_G,pca_ridge,0,H3F3A,-0.01059500943493055,-0.017356923604753882,0.1594444215297699
patient_G,pca_ridge,0,SCUBE2,0.06889786021571728,0.13552740070179145,0.5654627084732056
patient_G,pca_ridge,0,SEPT11,0.01669785288702705,0.07510787159574318,0.5538750886917114
patient_G,pca_ridge,0,NGFR,0.15808402507935568,0.1769641148411776,0.48732903599739075
patient_G,pca_ridge,0,HIST1H1B,,,0.009276831522583961
patient_G,pca_ridge,0,CACNA2D1,0.01084560579412836,0.018591781998745168,0.25859785079956055
patient_G,pca_ridge,0,SLFN5,0.1298259611935001,0.16810180398583285,0.40414756536483765
patient_G,pca_ridge,0,ABCG2,-0.027335765125402443,-0.020213033226443893,0.10301024466753006
patient_G,pca_ridge,0,VPS37A,0.09678373911203837,0.13339076592077004,0.303302526473999
patient_G,pca_ridge,0,FUT1,0.008616305835266147,0.01303130779301889,0.118590347468853
patient_G,pca_ridge,0,AGRP,0.012453782249158558,0.015266725079326042,0.10663396120071411
patient_G,pca_ridge,0,KDM3B,0.10940010555680327,0.16890196850747358,0.4116226136684418
patient_G,pca_ridge,0,ADAM17,0.029206144560449718,0.04223319297067103,0.4536800980567932
patient_G,pca_ridge,0,MRPL21,0.2735327162772146,0.32316513010944875,0.6415149569511414
patient_G,pca_ridge,0,PLIN4,0.0852094499275448,0.058312633853904644,0.6328949928283691
patient_G,pca_ridge,0,CFAP69,0.04048225388234335,0.053351333134951204,0.1409101039171219
patient_G,pca_ridge,0,JAKMIP3,-0.050779268336925185,-0.057728537341318754,0.11241211742162704
patient_G,pca_ridge,0,GOLGA8N,-0.0010411594797000785,-0.00758903639137369,0.08172274380922318
patient_G,pca_ridge,0,CACNA1A,0.0008221173243722195,0.009585450590610575,0.23405545949935913
patient_G,pca_ridge,0,CCDC66,-0.0014763229481407905,0.03261448627268114,0.22733545303344727
patient_G,pca_ridge,0,ATP6V1E2,0.04209512266337044,0.06718810783270987,0.2696376442909241
patient_G,pca_ridge,0,FCHSD1,0.028954063027407644,0.058453417513612445,0.38135042786598206
patient_G,pca_ridge,0,CCR10,0.06554150346387135,0.08057668111916944,0.28156334161758423
patient_G,pca_ridge,0,CYP20A1,0.04581959369461773,0.06837512018178725,0.23747938871383667
patient_G,pca_ridge,0,CA11,0.035917319984078565,0.03700959443520756,0.22138097882270813
patient_G,pca_ridge,0,MAATS1,-0.02274265116912055,0.006246542182731368,0.09263540059328079
patient_G,pca_ridge,0,KCNC1,,,0.010040916502475739
patient_G,pca_ridge,0,TNFRSF18,0.011699409021340097,0.026413566524423348,0.33279135823249817
patient_G,pca_ridge,0,SMAD1,0.035120773855192126,0.027073934866824242,0.15792907774448395
patient_G,pca_ridge,0,ISM1,0.05628053251111847,0.05505872820992084,0.2535443902015686
patient_G,pca_ridge,0,EXOSC9,0.08315302868287644,0.12390643733230224,0.29204586148262024
patient_G,pca_ridge,0,FAM126A,0.014661155238915615,0.04017948482788366,0.2720108926296234
patient_G,pca_ridge,0,BAZ2B,0.06663628161310198,0.1405769660563773,0.5214714407920837
patient_G,pca_ridge,0,SGCE,0.004739853939300916,0.017319033916294597,0.2570396661758423
patient_G,spatial_knn,0,IGKC,-0.08758184852107428,-0.09397909593822037,1.3014352164979248
patient_G,spatial_knn,0,SCGB2A2,-0.1454311698266539,-0.1428040773336779,1.7905713471539562
patient_G,spatial_knn,0,IGLC2,-0.030813677655629958,-0.03518329960974071,1.4769533382018276
patient_G,spatial_knn,0,IGHM,-0.03801798486732297,-0.03815652474473207,1.861330107764432
patient_G,spatial_knn,0,AP000769,0.009582085645197665,0.018919561331011626,1.3494464621057998
patient_G,spatial_knn,0,CD74,0.024735969914524463,0.03557996991891998,1.323028530678308
patient_G,spatial_knn,0,MUCL1,-0.01796081371646371,-0.007515276887808615,1.4893138023099604
patient_G,spatial_knn,0,CHGA,,,0.21561138978256528
patient_G,spatial_knn,0,GNAS,-0.06918492529437241,-0.07008416615920343,1.3703305759319924
patient_G,spatial_knn,0,IGLC7,0.0011031253171229177,0.008254583652661764,1.3157734927266038
patient_G,spatial_knn,0,IGHG4,-0.029475232221861436,-0.013000676186112194,2.211853817793855
patient_G,spatial_knn,0,COL3A1,-0.04521928687931054,-0.03124793772552481,1.621653765548964
patient_G,spatial_knn,0,S100A9,-0.06223847497812764,-0.0657369477433874,1.4583564261853943
patient_G,spatial_knn,0,TFF3,-0.01641351410982507,-0.05255428780708073,1.1868099803517826
patient_G,spatial_knn,0,JCHAIN,0.004677499013776411,-0.009545999250155507,1.1475743622507988
patient_G,spatial_knn,0,HLA-E,-0.00440987789742772,-0.028781109023776928,1.1930439462448605
patient_G,spatial_knn,0,AREG,0.020446100047850743,-0.03355673688297999,0.41860504682923744
patient_G,spatial_knn,0,AGR3,-0.06503411650640216,-0.09587459580563665,0.5371465372360134
patient_G,spatial_knn,0,PSMB3,-0.0903769029073277,-0.08967701755448965,1.4717083518019765
patient_G,spatial_knn,0,MUC6,,,0.9621151257945963
patient_G,spatial_knn,0,CCL19,0.0467103826837272,0.05583842247145709,1.059432122723115
patient_G,spatial_knn,0,AGR2,-0.008184420161951547,-0.006852660703129737,0.701385161608373
patient_G,spatial_knn,0,FABP7,0.02220890592666403,0.03597656311578561,0.21635362090481766
patient_G,spatial_knn,0,ISG15,-0.05779840755372384,-0.05677553536281827,1.3697743473404962
patient_G,spatial_knn,0,KRT15,-0.004994108324450974,-0.023565340289066438,0.6865194371215091
patient_G,spatial_knn,0,FNBP1L,-0.005564316850378354,0.0028563924712114697,1.3822684363635314
patient_G,spatial_knn,0,FABP4,-0.06581657061244575,-0.0562629488681927,1.0362507676803698
patient_G,spatial_knn,0,PTGDS,-0.025949986322767512,-0.010819440543283251,1.2414672424766164
patient_G,spatial_knn,0,DCAF12L2,,,0.07522824082565947
patient_G,spatial_knn,0,LAPTM4A,-0.02756727468215606,-0.01867935952699291,1.2734608569024939
patient_G,spatial_knn,0,SLC9A3R1,0.04135584400850179,0.024313331112445838,1.3132470117646888
patient_G,spatial_knn,0,GLYATL2,-0.001621845996657483,0.025121948649071038,1.7162940979189427
patient_G,spatial_knn,0,TFF1,0.007426667013686515,-0.026886631797460314,0.6123215967251283
patient_G,spatial_knn,0,LTF,0.018926893321402044,-0.012914920264541574,1.114491821018058
patient_G,spatial_knn,0,ASPH,0.02183979242528495,0.03156620096488176,0.9064927994751338
patient_G,spatial_knn,0,RHOB,-0.07584253988887778,-0.0797780357261965,1.0159766859049588
patient_G,spatial_knn,0,S100A8,0.08749747954905779,0.07114478872445443,1.251992984558943
patient_G,spatial_knn,0,POSTN,-0.049489314408242224,-0.03386497968239502,1.5286287243412484
patient_G,spatial_knn,0,KRT81,0.02159831568697363,0.02700824863900506,0.9325528806259787
patient_G,spatial_knn,0,CD36,-0.03789652606807632,-0.03870295865341906,1.3332465932601025
patient_G,spatial_knn,0,KRT17,0.0009660834660310993,0.01589943263390483,0.9050387052548112
patient_G,spatial_knn,0,SERP1,-0.009039435054272654,-0.009534107229100378,1.0233198615602268
patient_G,spatial_knn,0,SCGB3A1,-0.050680147415145184,-0.045703440523474435,0.7934671599471299
patient_G,spatial_knn,0,IGHD,-0.01435518452901512,-0.009010880398506282,0.8648379071422756
patient_G,spatial_knn,0,STOM,0.023507629204168184,0.010938602632848153,0.779887222911803
patient_G,spatial_knn,0,ITGAV,-0.003118150047131491,-0.017998063549972285,1.229524682437196
patient_G,spatial_knn,0,CCL21,-0.010218152840851806,0.004899585034249693,0.945232822070969
patient_G,spatial_knn,0,KRT18,-0.06623475314525525,-0.0753928175922067,1.614185441584181
patient_G,spatial_knn,0,SCGB2A1,0.05761334601578301,0.08309468204819925,0.9506174184847167
patient_G,spatial_knn,0,PVALB,-0.01266197480587353,-0.017897877725184006,0.11405143348855874
patient_G,spatial_knn,0,BOD1L1,-0.003917003025659405,-0.01208744844775763,0.4301925298230482
patient_G,spatial_knn,0,FAHD2A,-0.03214555972760782,-0.041288702486182695,0.21012932094810408
patient_G,spatial_knn,0,SCN8A,-0.00353200997241998,-0.0009594584489855598,0.13495010371365193
patient_G,spatial_knn,0,KCNB1,0.011916626714062498,0.017221469557910474,0.16553661587557006
patient_G,spatial_knn,0,ARHGAP21,-0.017001928929895407,-0.021278044002026035,0.3644824838903849
patient_G,spatial_knn,0,CRYBA2,-0.00986833829673723,-0.012703340874530712,0.07395148285377791
patient_G,spatial_knn,0,PIR,-0.010607857283985165,-0.04722552015647667,0.35551106335195287
patient_G,spatial_knn,0,SYT1,-0.02104766059430438,-0.030203546510634244,0.10303731250367995
patient_G,spatial_knn,0,SEMA6A,-0.01896175821378132,0.00016084767997540992,0.16411998201364472
patient_G,spatial_knn,0,PILRB,-0.016827619921574895,-0.013981768013078677,0.14672275111227193
patient_G,spatial_knn,0,WDR13,-0.013973751437260202,-0.014549605640225035,0.9304348334911013
patient_G,spatial_knn,0,RAPGEF2,-0.021080117686956036,-0.018046468247938204,0.3201840311656695
patient_G,spatial_knn,0,RHOJ,-0.009049976734371749,0.0037648747810470878,0.3744955223547312
patient_G,spatial_knn,0,FGF10,-0.003680702766668876,-0.004498922681705015,0.04049744492893694
patient_G,spatial_knn,0,SYT17,0.0185367384382922,0.03955044268566442,0.31457182225706976
patient_G,spatial_knn,0,PPP1R14A,-0.02900642947085607,-0.027654185223656466,0.45827871612322246
patient_G,spatial_knn,0,MMRN1,-0.010826983863300344,-0.014241975454650642,0.10954855449038796
patient_G,spatial_knn,0,LPIN1,0.03467093101155727,-0.013634562947585294,0.4276438372574161
patient_G,spatial_knn,0,RNASEK,-0.004616871894279668,-0.00645004639654761,0.032858783681602034
patient_G,spatial_knn,0,SCAPER,-0.02297325265617794,-0.021364832714427774,0.20267183834951719
patient_G,spatial_knn,0,KCNQ2,0.010097930100716057,0.00522379519942411,0.831383194784399
patient_G,spatial_knn,0,INAFM1,0.019401558470544183,0.0004736967252137822,0.6356969507357592
patient_G,spatial_knn,0,DNAJC24,-0.02507455115516216,-0.041781534104811384,0.13368867952443658
patient_G,spatial_knn,0,PMAIP1,-0.009686078329714687,-0.01805374078887404,0.19928142175076413
patient_G,spatial_knn,0,MRPL52,0.018740147072534158,0.010781165231303775,0.8465206341608985
patient_G,spatial_knn,0,C12orf50,-0.003747891477189347,-0.004918737227354338,0.04951020357620146
patient_G,spatial_knn,0,ADAM11,0.036363518179000714,0.0007552424353505854,0.11378882248288427
patient_G,spatial_knn,0,MRGPRF,-0.02915803640787141,-0.013043809872649354,0.5443086073633114
patient_G,spatial_knn,0,MACROD2,0.0189222610340589,0.030246361901360683,0.08640340817701375
patient_G,spatial_knn,0,SFSWAP,0.019031153189718816,0.0036299408129608505,0.5785595823875915
patient_G,spatial_knn,0,PHIP,0.017253946400745214,0.02388839245565617,0.4620305129643766
patient_G,spatial_knn,0,AGAP9,-0.01027751832523654,-0.014580225578846511,0.11370980875524898
patient_G,spatial_knn,0,HOXC9,-0.023884657607436188,-0.03750248816875763,0.4292235403616357
patient_G,spatial_knn,0,ITCH,0.02411708371408732,0.025344327759843414,0.21297871575020502
patient_G,spatial_knn,0,HSPB7,0.014523750515810367,0.01850669256472122,0.3145535171480134
patient_G,spatial_knn,0,BRD4,0.05282592518895346,0.04467569916142891,0.7585849827479745
patient_G,spatial_knn,0,ADAM32,-0.00799936537635929,-0.012481421014732139,0.12597694236024043
patient_G,spatial_knn,0,PMCH,-0.005085685064811536,-0.013193271028659383,0.11208897385691541
patient_G,spatial_knn,0,CWF19L2,0.05120246114733266,-0.004255224219022485,0.3584236036151476
patient_G,spatial_knn,0,CTRC,-0.00547496788904881,-0.006876617886689909,0.05631396704102823
patient_G,spatial_knn,0,RBM15,0.005589932651925484,-0.01665367516574657,0.2888139554115139
patient_G,spatial_knn,0,ZNF763,-0.015543264206638952,-0.022846234261164527,0.11875010383618714
patient_G,spatial_knn,0,SCG2,0.025703136624241393,0.04694552131402364,0.1433080920536871
patient_G,spatial_knn,0,ZNF853,-0.027231103743801416,-0.01626503904539782,0.24682451143229892
patient_G,spatial_knn,0,TRANK1,-0.040681598584637456,-0.05597581828526115,0.2838029412303824
patient_G,spatial_knn,0,TNS1,-0.03804073616975787,-0.05753117135606193,0.7883510462237028
patient_G,spatial_knn,0,HIST1H1E,-0.028869269132662658,-0.04376166128446748,0.2237486502157033
patient_G,spatial_knn,0,PRRC2C,-0.04046198751353224,-0.04556344630183713,0.8396985213881484
patient_G,spatial_knn,0,MYO5A,-0.013752013665467962,-0.0342936726156629,0.3315088204839739
patient_G,spatial_knn,0,XIAP,-0.0033837268784465213,0.009489319654071673,0.4145438649531221
patient_G,spatial_knn,0,TBCK,0.0309239335648299,0.03313370874914169,0.26276714548397895
patient_G,spatial_knn,0,SSTR2,-0.021825693633871854,-0.019963014708063578,0.20409298243593438
patient_G,spatial_knn,0,IGKV1-9,-0.0045435086692330985,-0.005416359657644511,0.08905010149316965
patient_G,spatial_knn,0,CEP89,-0.04724961100522306,-0.055061087940464604,0.5411730909131662
patient_G,spatial_knn,0,SIGLEC11,-0.003884609714610415,-0.005363037392456988,0.0520790240583883
patient_G,spatial_knn,0,STEAP2,-0.000492226271974712,-0.012556516441736604,0.18531317324567798
patient_G,spatial_knn,0,RAG1,-0.0034963114814711383,-0.0048607294740505,0.04376779910663032
patient_G,spatial_knn,0,SDPR,-0.014008658107321947,-0.025255142203483086,0.19587369992474069
patient_G,spatial_knn,0,CBLN3,-0.009034211203109703,-0.012712014347976043,0.07568776391589713
patient_G,spatial_knn,0,SLC16A11,-0.007596649436173574,-0.010693313098313844,0.1360001201516142
patient_G,spatial_knn,0,AC007906,-0.009113059863172422,-0.017714573916864734,0.11368741375411205
patient_G,spatial_knn,0,ZNF114,0.020403393838657153,0.05470831137396348,0.10779380237058891
patient_G,spatial_knn,0,EXTL1,-0.018372552846488106,-0.023245312507862465,0.15148668516216388
patient_G,spatial_knn,0,IGLV3-1,0.013764591273857459,0.02892297882233718,0.7053484097401519
patient_G,spatial_knn,0,POLR1E,0.017377386233190358,0.02666344628169449,0.3863297868584071
patient_G,spatial_knn,0,SOX6,0.02123284375790586,0.02698895607417188,0.08867736497078338
patient_G,spatial_knn,0,H3F3A,-0.01634971186767669,-0.00034069216702685363,0.16193664639773306
patient_G,spatial_knn,0,SCUBE2,-0.018486069077856326,-0.030415327174623693,0.5875305259292709
patient_G,spatial_knn,0,SEPT11,-0.022943560887086174,-0.041814056734236,0.5737300506649603
patient_G,spatial_knn,0,NGFR,0.031313097249976427,0.033239363088177244,0.498635447541634
patient_G,spatial_knn,0,HIST1H1B,,,0.026961226609452122
patient_G,spatial_knn,0,CACNA2D1,-0.017257053969257894,-0.017003303501228032,0.26338754874795933
patient_G,spatial_knn,0,SLFN5,0.043646891067331856,0.00631030347623427,0.4290991167548464
patient_G,spatial_knn,0,ABCG2,-0.0059449341074376905,-0.009848249997114016,0.10471988855102088
patient_G,spatial_knn,0,VPS37A,-0.04587055900902191,-0.055094504142574205,0.3177676750091426
patient_G,spatial_knn,0,FUT1,-0.0035470629691414235,0.0020042113643847287,0.12480206408598672
patient_G,spatial_knn,0,AGRP,-0.005965268931170499,-0.008244830372374189,0.10750611490394339
patient_G,spatial_knn,0,KDM3B,0.0058829042509401875,-0.0023379880248476505,0.4377408803087267
patient_G,spatial_knn,0,ADAM17,0.0014642048333013313,0.007642243395285319,0.47762448975621435
patient_G,spatial_knn,0,MRPL21,0.0028642623318157947,0.007081683345763597,0.6884263066311711
patient_G,spatial_knn,0,PLIN4,-4.043765118644242e-05,-0.0017039166564477269,0.6526187509945895
patient_G,spatial_knn,0,CFAP69,-0.02360247688296426,-0.03636037329570217,0.1528787579476205
patient_G,spatial_knn,0,JAKMIP3,0.022283806958278876,0.0478817126238336,0.11287287984727143
patient_G,spatial_knn,0,GOLGA8N,0.006619204731180751,0.05241072448174008,0.08522233365194783
patient_G,spatial_knn,0,CACNA1A,0.020991655663670537,0.015106446427100037,0.2429557098226401
patient_G,spatial_knn,0,CCDC66,-0.026782052274568684,-0.015767469148334847,0.24777391979453964
patient_G,spatial_knn,0,ATP6V1E2,-0.00459170657456684,0.021292120088088964,0.2776665797899262
patient_G,spatial_knn,0,FCHSD1,-0.044913311699624744,-0.040339561645958213,0.4071689465060201
patient_G,spatial_knn,0,CCR10,-0.010807898693635567,0.011677219366913044,0.2929775400683013
patient_G,spatial_knn,0,CYP20A1,-0.012439238323665846,-0.011900589648304241,0.24703732143048737
patient_G,spatial_knn,0,CA11,-0.03140234970616373,-0.024508359248885107,0.25123358295884485
patient_G,spatial_knn,0,MAATS1,-0.013671974716516228,-0.024686601816334246,0.10499435328190514
patient_G,spatial_knn,0,KCNC1,,,0.02455776295730134
patient_G,spatial_knn,0,TNFRSF18,0.030720743424193637,0.013641947809885726,0.36761958826827035
patient_G,spatial_knn,0,SMAD1,-0.026239944457893696,-0.02096144007928171,0.17234294266845818
patient_G,spatial_knn,0,ISM1,0.0015706344646443983,-0.01850687359994185,0.26175865981950713
patient_G,spatial_knn,0,EXOSC9,0.04836331621919169,0.029260205830912184,0.3097730968939904
patient_G,spatial_knn,0,FAM126A,-0.01436220812806734,-0.020401542050503145,0.2790867916743247
patient_G,spatial_knn,0,BAZ2B,-0.016195111625972383,-0.021971717002919593,0.5414801152687375
patient_G,spatial_knn,0,SGCE,0.0024548254601647,-0.0325851290454224,0.26221406225732663
patient_H,mean,0,IGKC,0.0,,2.080883502960205
patient_H,mean,0,SCGB2A2,0.0,,1.4439977407455444
patient_H,mean,0,IGLC2,0.0,,1.2040185928344727
patient_H,mean,0,IGHM,0.0,,1.800650954246521
patient_H,mean,0,AP000769,0.0,,1.6330335140228271
patient_H,mean,0,CD74,,,1.1905468702316284
patient_H,mean,0,MUCL1,,,1.5127278566360474
patient_H,mean,0,CHGA,,,0.7876778244972229
patient_H,mean,0,GNAS,,,1.6179317235946655
patient_H,mean,0,IGLC7,,,1.167155385017395
patient_H,mean,0,IGHG4,,,3.9053711891174316
patient_H,mean,0,COL3A1,0.0,,1.452797532081604
patient_H,mean,0,S100A9,,,2.6971356868743896
patient_H,mean,0,TFF3,,,1.0896480083465576
patient_H,mean,0,JCHAIN,,,1.1614495515823364
patient_H,mean,0,HLA-E,0.0,,1.135621428489685
patient_H,mean,0,AREG,,,0.23637373745441437
patient_H,mean,0,AGR3,0.0,0.0,0.04360305890440941
patient_H,mean,0,PSMB3,0.0,,1.7683099508285522
patient_H,mean,0,MUC6,,,1.1368060111999512
patient_H,mean,0,CCL19,,,1.6867988109588623
patient_H,mean,0,AGR2,,,0.5935794115066528
patient_H,mean,0,FABP7,0.0,,0.13164415955543518
patient_H,mean,0,ISG15,,,1.290653944015503
patient_H,mean,0,KRT15,0.0,,1.0035793781280518
patient_H,mean,0,FNBP1L,0.0,,0.7932703495025635
patient_H,mean,0,FABP4,0.0,,0.7658616900444031
patient_H,mean,0,PTGDS,0.0,,1.2281187772750854
patient_H,mean,0,DCAF12L2,,,0.019847456365823746
patient_H,mean,0,LAPTM4A,0.0,,1.1431697607040405
patient_H,mean,0,SLC9A3R1,,,1.3351796865463257
patient_H,mean,0,GLYATL2,,,0.41915684938430786
patient_H,mean,0,TFF1,,,0.34812256693840027
patient_H,mean,0,LTF,,,1.726930856704712
patient_H,mean,0,ASPH,,,0.7828974723815918
patient_H,mean,0,RHOB,0.0,,0.8355627655982971
patient_H,mean,0,S100A8,,,1.5137360095977783
patient_H,mean,0,POSTN,0.0,,1.154604434967041
patient_H,mean,0,KRT81,0.0,,0.7597245573997498
patient_H,mean,0,CD36,,,0.5660673975944519
patient_H,mean,0,KRT17,0.0,,1.5241645574569702
patient_H,mean,0,SERP1,0.0,,0.8097401261329651
patient_H,mean,0,SCGB3A1,0.0,,0.8895806670188904
patient_H,mean,0,IGHD,,,0.40636709332466125
patient_H,mean,0,STOM,0.0,,0.7511551976203918
patient_H,mean,0,ITGAV,,,0.8189769983291626
patient_H,mean,0,CCL21,,,0.6940619945526123
patient_H,mean,0,KRT18,,,1.3622074127197266
patient_H,mean,0,SCGB2A1,,,0.31315433979034424
patient_H,mean,0,PVALB,0.0,0.0,0.04675603285431862
patient_H,mean,0,BOD1L1,,,0.2843564450740814
patient_H,mean,0,FAHD2A,0.0,,0.30338814854621887
patient_H,mean,0,SCN8A,,,0.051938496530056
patient_H,mean,0,KCNB1,,,0.09500284492969513
patient_H,mean,0,ARHGAP21,,,0.21841439604759216
patient_H,mean,0,CRYBA2,0.0,,0.5251898169517517
patient_H,mean,0,PIR,,,0.12265889346599579
patient_H,mean,0,SYT1,,,0.10791295021772385
patient_H,mean,0,SEMA6A,,,0.12383053451776505
patient_H,mean,0,PILRB,,,0.09015557914972305
patient_H,mean,0,WDR13,,,0.9773763418197632
patient_H,mean,0,RAPGEF2,,,0.21154844760894775
patient_H,mean,0,RHOJ,,,0.22340616583824158
patient_H,mean,0,FGF10,,,0.09747347235679626
patient_H,mean,0,SYT17,,,0.18827340006828308
patient_H,mean,0,PPP1R14A,,,0.4653833210468292
patient_H,mean,0,MMRN1,,,0.07342341542243958
patient_H,mean,0,LPIN1,0.0,,0.46111464500427246
patient_H,mean,0,RNASEK,,,0.0926358625292778
patient_H,mean,0,SCAPER,,,0.12447561323642731
patient_H,mean,0,KCNQ2,,,0.12320266664028168
patient_H,mean,0,INAFM1,,,0.5984280705451965
patient_H,mean,0,DNAJC24,,,0.15086019039154053
patient_H,mean,0,PMAIP1,,,0.09741848707199097
patient_H,mean,0,MRPL52,,,1.0110342502593994
patient_H,mean,0,C12orf50,,,0.0027260088827461004
patient_H,mean,0,ADAM11,0.0,,0.05476677045226097
patient_H,mean,0,MRGPRF,,,0.38323646783828735
patient_H,mean,0,MACROD2,,,0.08783779293298721
patient_H,mean,0,SFSWAP,,,0.4990230202674866
patient_H,mean,0,PHIP,,,0.3736295998096466
patient_H,mean,0,AGAP9,,,0.02503412589430809
patient_H,mean,0,HOXC9,0.0,,0.5373295545578003
patient_H,mean,0,ITCH,,,0.1634744107723236
patient_H,mean,0,HSPB7,,,0.19381333887577057
patient_H,mean,0,BRD4,0.0,,0.7520743608474731
patient_H,mean,0,ADAM32,,,0.003390575759112835
patient_H,mean,0,PMCH,,,0.04948863014578819
patient_H,mean,0,CWF19L2,0.0,,0.24759404361248016
patient_H,mean,0,CTRC,,,0.09093838930130005
patient_H,mean,0,RBM15,,,0.17688299715518951
patient_H,mean,0,ZNF763,0.0,,0.17425088584423065
patient_H,mean,0,SCG2,0.0,0.0,0.00929354876279831
patient_H,mean,0,ZNF853,,,0.2763955295085907
patient_H,mean,0,TRANK1,0.0,,0.20312584936618805
patient_H,mean,0,TNS1,,,0.5489778518676758
patient_H,mean,0,HIST1H1E,,,0.13112835586071014
patient_H,mean,0,PRRC2C,,,0.6835368275642395
patient_H,mean,0,MYO5A,0.0,,0.22901804745197296
patient_H,mean,0,XIAP,,,0.2845202088356018
patient_H,mean,0,TBCK,0.0,,0.2093702256679535
patient_H,mean,0,SSTR2,0.0,,0.37162426114082336
patient_H,mean,0,IGKV1-9,,,0.1263677030801773
patient_H,mean,0,CEP89,,,0.5856024026870728
patient_H,mean,0,SIGLEC11,,,0.11515181511640549
patient_H,mean,0,STEAP2,,,0.14950020611286163
patient_H,mean,0,RAG1,,,0.03908820077776909
patient_H,mean,0,SDPR,0.0,,0.15042895078659058
patient_H,mean,0,CBLN3,,,0.10383737087249756
patient_H,mean,0,SLC16A11,,,0.12735874950885773
patient_H,mean,0,AC007906,,,0.08410526067018509
patient_H,mean,0,ZNF114,,,0.15459296107292175
patient_H,mean,0,EXTL1,,,0.09462809562683105
patient_H,mean,0,IGLV3-1,,,0.5405735969543457
patient_H,mean,0,POLR1E,,,0.32372212409973145
patient_H,mean,0,SOX6,,,0.08754705637693405
patient_H,mean,0,H3F3A,0.0,,0.0824776217341423
patient_H,mean,0,SCUBE2,0.0,,0.24030132591724396
patient_H,mean,0,SEPT11,0.0,,0.3680175840854645
patient_H,mean,0,NGFR,,,0.4232649505138397
patient_H,mean,0,HIST1H1B,,,0.07819683849811554
patient_H,mean,0,CACNA2D1,,,0.10808621346950531
patient_H,mean,0,SLFN5,,,0.4436524212360382
patient_H,mean,0,ABCG2,,,0.07587383687496185
patient_H,mean,0,VPS37A,,,0.22153906524181366
patient_H,mean,0,FUT1,,,0.24037976562976837
patient_H,mean,0,AGRP,,,0.07648958265781403
patient_H,mean,0,KDM3B,,,0.33405783772468567
patient_H,mean,0,ADAM17,,,0.7213466763496399
patient_H,mean,0,MRPL21,0.0,,0.5288364887237549
patient_H,mean,0,PLIN4,,,0.6870164275169373
patient_H,mean,0,CFAP69,0.0,,0.1498078554868698
patient_H,mean,0,JAKMIP3,,,0.033177997916936874
patient_H,mean,0,GOLGA8N,,,0.004063853528350592
patient_H,mean,0,CACNA1A,,,0.3391740620136261
patient_H,mean,0,CCDC66,,,0.22704555094242096
patient_H,mean,0,ATP6V1E2,,,0.14143870770931244
patient_H,mean,0,FCHSD1,,,0.4355522394180298
patient_H,mean,0,CCR10,,,0.27359524369239807
patient_H,mean,0,CYP20A1,0.0,,0.21870006620883942
patient_H,mean,0,CA11,0.0,,0.3282163441181183
patient_H,mean,0,MAATS1,0.0,,0.1250530183315277
patient_H,mean,0,KCNC1,,,0.051315441727638245
patient_H,mean,0,TNFRSF18,,,0.4452604055404663
patient_H,mean,0,SMAD1,,,0.1804131120443344
patient_H,mean,0,ISM1,,,0.1411774754524231
patient_H,mean,0,EXOSC9,,,0.32122910022735596
patient_H,mean,0,FAM126A,,,0.22292223572731018
patient_H,mean,0,BAZ2B,0.0,,0.33262670040130615
patient_H,mean,0,SGCE,,,0.2334010899066925
patient_H,pca_ridge,0,IGKC,0.13811778427421667,0.05470685713895745,1.4426254034042358
patient_H,pca_ridge,0,SCGB2A2,0.056373005242788515,0.07202038679164131,1.0853692293167114
patient_H,pca_ridge,0,IGLC2,0.07534477870758867,0.006326494100904915,1.0861774682998657
patient_H,pca_ridge,0,IGHM,0.14583868311928647,0.14042878739773093,1.8851206302642822
patient_H,pca_ridge,0,AP000769,0.007460996991838669,-0.009549309136216624,1.561671495437622
patient_H,pca_ridge,0,CD74,0.3225503469538153,0.275614879194706,1.2280206680297852
patient_H,pca_ridge,0,MUCL1,0.16255566620173736,0.19160922209916226,1.4760103225708008
patient_H,pca_ridge,0,CHGA,0.19583892024321903,0.20971424738169636,0.7579208016395569
patient_H,pca_ridge,0,GNAS,0.4464970459651338,0.42710374760778913,1.0371861457824707
patient_H,pca_ridge,0,IGLC7,0.023374024704590268,0.032925443386323285,1.211571455001831
patient_H,pca_ridge,0,IGHG4,0.17142475127444762,0.14221706031063105,3.5212416648864746
patient_H,pca_ridge,0,COL3A1,0.2904621553651648,0.32840185239646663,0.9604501724243164
patient_H,pca_ridge,0,S100A9,0.24013735505646883,0.26600470869584936,2.663064479827881
patient_H,pca_ridge,0,TFF3,0.038855895019803834,0.06905334205887267,1.405678391456604
patient_H,pca_ridge,0,JCHAIN,0.2716787413618813,0.25654526466939315,1.110948920249939
patient_H,pca_ridge,0,HLA-E,0.19484471701302636,0.1873242230135265,1.0985435247421265
patient_H,pca_ridge,0,AREG,0.06732042406845151,0.07675804235068082,0.25556978583335876
patient_H,pca_ridge,0,AGR3,,,0.0800800770521164
patient_H,pca_ridge,0,PSMB3,0.3019347865388557,0.281042843092738,1.6876620054244995
patient_H,pca_ridge,0,MUC6,0.2363098759470593,0.23359565790032985,1.1131426095962524
patient_H,pca_ridge,0,CCL19,0.16500499037854993,0.13656664297613735,1.548628807067871
patient_H,pca_ridge,0,AGR2,0.04550645927016975,0.07101500729170437,0.5468559265136719
patient_H,pca_ridge,0,FABP7,-0.018470880507141775,-0.013476684873598328,0.24609634280204773
patient_H,pca_ridge,0,ISG15,0.15331163116549912,0.15068901962453085,1.4540716409683228
patient_H,pca_ridge,0,KRT15,0.24970679857027953,0.19680937817477903,0.9926304817199707
patient_H,pca_ridge,0,FNBP1L,0.17445014349537513,0.19578425028703733,0.5023940801620483
patient_H,pca_ridge,0,FABP4,0.22445590556850079,0.1855735814746171,0.7465091943740845
patient_H,pca_ridge,0,PTGDS,0.2504990051705444,0.2528443988427069,1.1768971681594849
patient_H,pca_ridge,0,DCAF12L2,,,0.05172482877969742
patient_H,pca_ridge,0,LAPTM4A,0.3973386800085004,0.4163331880825984,0.805570125579834
patient_H,pca_ridge,0,SLC9A3R1,0.18121662459904542,0.12088734614834978,1.2782378196716309
patient_H,pca_ridge,0,GLYATL2,0.13217926829469978,0.16433655279561135,0.4429032504558563
patient_H,pca_ridge,0,TFF1,-0.004359705170398557,-0.0076996204229936895,0.497251957654953
patient_H,pca_ridge,0,LTF,0.07983086952054932,0.059138062950124574,1.5425159931182861
patient_H,pca_ridge,0,ASPH,0.24187861993267806,0.23140695979100376,0.5530335903167725
patient_H,pca_ridge,0,RHOB,0.32132884093295155,0.34507147601657,0.6568188071250916
patient_H,pca_ridge,0,S100A8,0.06348092994762057,0.07110672684033212,1.5158284902572632
patient_H,pca_ridge,0,POSTN,0.2920693272910318,0.32995081483234384,0.771779477596283
patient_H,pca_ridge,0,KRT81,0.01881788737606956,0.04204203514556507,1.0596219301223755
patient_H,pca_ridge,0,CD36,0.056416297284863255,0.06636474568560925,0.5494794845581055
patient_H,pca_ridge,0,KRT17,0.09113416074377645,0.09614068693468732,1.3864086866378784
patient_H,pca_ridge,0,SERP1,0.16162413406429196,0.21834952217853362,0.6567821502685547
patient_H,pca_ridge,0,SCGB3A1,0.0167962613981268,0.012017687348114975,1.005507469177246
patient_H,pca_ridge,0,IGHD,0.029957193933410897,0.057333588810708616,0.4632543921470642
patient_H,pca_ridge,0,STOM,0.17457633879315188,0.23475871040947976,0.7408378720283508
patient_H,pca_ridge,0,ITGAV,0.2582301829016272,0.30663701270543214,0.6783407330513
patient_H,pca_ridge,0,CCL21,0.16134036168188165,0.17856980453722449,0.6891275644302368
patient_H,pca_ridge,0,KRT18,0.1665724542561881,0.12581470258754443,1.3081084489822388
patient_H,pca_ridge,0,SCGB2A1,0.01660940132772816,0.01199071502332134,0.31032711267471313
patient_H,pca_ridge,0,PVALB,,,0.0687071681022644
patient_H,pca_ridge,0,BOD1L1,0.13589350480059453,0.13484747391026417,0.2660999894142151
patient_H,pca_ridge,0,FAHD2A,-0.0020599264938254373,0.02976970622178733,0.3047669231891632
patient_H,pca_ridge,0,SCN8A,0.011642275151438316,0.016623978557969606,0.05323897302150726
patient_H,pca_ridge,0,KCNB1,0.00992758391171255,0.01238433691268182,0.09542857110500336
patient_H,pca_ridge,0,ARHGAP21,0.017968884685147714,0.02585449199860018,0.2158171832561493
patient_H,pca_ridge,0,CRYBA2,0.0569836724224222,0.0970900230951066,0.5252042412757874
patient_H,pca_ridge,0,PIR,0.015417535934008183,0.030464718262594948,0.1221037283539772
patient_H,pca_ridge,0,SYT1,0.057136326748687224,0.06546675324136343,0.10835514962673187
patient_H,pca_ridge,0,SEMA6A,0.03634794267420292,0.05026134801971414,0.12495500594377518
patient_H,pca_ridge,0,PILRB,0.009049315008691746,0.013334373280521587,0.09145348519086838
patient_H,pca_ridge,0,WDR13,0.07294005890927692,0.11342489662592661,0.9777132272720337
patient_H,pca_ridge,0,RAPGEF2,0.010561317257087928,0.02627165978002137,0.20936040580272675
patient_H,pca_ridge,0,RHOJ,0.014209161301877132,0.031490766438072845,0.22624969482421875
patient_H,pca_ridge,0,FGF10,0.03207937399805893,0.029749211520474536,0.09752559661865234
patient_H,pca_ridge,0,SYT17,-0.013898520594482561,0.002894054691109756,0.18937359750270844
patient_H,pca_ridge,0,PPP1R14A,0.05223664439336576,0.07559780009567964,0.4624813497066498
patient_H,pca_ridge,0,MMRN1,-0.0018243275464090757,0.004696131779361966,0.07473060488700867
patient_H,pca_ridge,0,LPIN1,0.05596397579715211,0.09967623957481125,0.4606282413005829
patient_H,pca_ridge,0,RNASEK,0.006037329197462368,-0.012265915675027042,0.09287916868925095
patient_H,pca_ridge,0,SCAPER,0.018200298140114892,0.0226559022242935,0.127877339720726
patient_H,pca_ridge,0,KCNQ2,-0.010268260052920178,-0.010420843823117143,0.1453302502632141
patient_H,pca_ridge,0,INAFM1,0.0898354305717618,0.1242321527699212,0.5963085889816284
patient_H,pca_ridge,0,DNAJC24,0.051262460701763546,0.03407895026623621,0.15060950815677643
patient_H,pca_ridge,0,PMAIP1,-0.002474976567421097,-0.0009217045907186261,0.09914170950651169
patient_H,pca_ridge,0,MRPL52,0.06764905845686231,0.12250327252610752,1.0209931135177612
patient_H,pca_ridge,0,C12orf50,,,0.007164336740970612
patient_H,pca_ridge,0,ADAM11,-0.01926960694023507,-0.01270124349286257,0.05576150119304657
patient_H,pca_ridge,0,MRGPRF,0.010358415275896949,0.04540942543596273,0.38830843567848206
patient_H,pca_ridge,0,MACROD2,0.02239136470211498,0.014753024502169653,0.08824218809604645
patient_H,pca_ridge,0,SFSWAP,0.17383297416978843,0.2047608491670666,0.4782065451145172
patient_H,pca_ridge,0,PHIP,0.07493997475225438,0.09821778550402831,0.3606577515602112
patient_H,pca_ridge,0,AGAP9,0.017722977218296975,0.022011200821298565,0.025714339688420296
patient_H,pca_ridge,0,HOXC9,0.04036192762313752,0.07970199933323018,0.539787232875824
patient_H,pca_ridge,0,ITCH,0.005192056925630671,0.01338017999278021,0.16339652240276337
patient_H,pca_ridge,0,HSPB7,0.0007862658714850736,0.005998678807205173,0.19438281655311584
patient_H,pca_ridge,0,BRD4,0.07557277326323575,0.11867359978147211,0.745989203453064
patient_H,pca_ridge,0,ADAM32,,,0.008998376317322254
patient_H,pca_ridge,0,PMCH,0.030004849394488345,0.03336714416488838,0.05032923072576523
patient_H,pca_ridge,0,CWF19L2,0.011603346245944375,0.025794643844332082,0.24965716898441315
patient_H,pca_ridge,0,CTRC,-0.033546749592963616,-0.041282130580140776,0.09122559428215027
patient_H,pca_ridge,0,RBM15,0.029328734890162775,0.054379777167827575,0.16559119522571564
patient_H,pca_ridge,0,ZNF763,0.0007962760774506669,0.023564022405551485,0.1745760291814804
patient_H,pca_ridge,0,SCG2,,,0.009789733216166496
patient_H,pca_ridge,0,ZNF853,0.0010828653466760708,0.008808612968557589,0.2785727381706238
patient_H,pca_ridge,0,TRANK1,0.081169182056644,0.07843833234039742,0.20071406662464142
patient_H,pca_ridge,0,TNS1,0.10954796225775867,0.14556379466164363,0.5452369451522827
patient_H,pca_ridge,0,HIST1H1E,0.02045085804005482,0.01644605384473416,0.1322716772556305
patient_H,pca_ridge,0,PRRC2C,0.20984808577151315,0.25039234100652347,0.5662280321121216
patient_H,pca_ridge,0,MYO5A,0.07052126117151902,0.08968088031180181,0.2260734885931015
patient_H,pca_ridge,0,XIAP,0.04397640772700638,0.05082305996199477,0.2780096232891083
patient_H,pca_ridge,0,TBCK,0.03655401856164265,0.061074779380206515,0.20870108902454376
patient_H,pca_ridge,0,SSTR2,0.02574219422982754,0.04334994996838561,0.37366294860839844
patient_H,pca_ridge,0,IGKV1-9,0.00773633945193333,0.01041502829105361,0.12634266912937164
patient_H,pca_ridge,0,CEP89,0.05530910999721772,0.10341715768762834,0.5854858756065369
patient_H,pca_ridge,0,SIGLEC11,-0.015789939535502253,-0.022064775988489473,0.1154773011803627
patient_H,pca_ridge,0,STEAP2,0.0771179118092109,0.08006907122985653,0.14903441071510315
patient_H,pca_ridge,0,RAG1,0.004186061574311174,0.005967910650780182,0.03925444930791855
patient_H,pca_ridge,0,SDPR,0.05181779679601634,0.060031414621801595,0.15039874613285065
patient_H,pca_ridge,0,CBLN3,-0.012960459249644684,-0.0004003999462694858,0.10414141416549683
patient_H,pca_ridge,0,SLC16A11,0.034097474221537444,0.03456752674674711,0.12730251252651215
patient_H,pca_ridge,0,AC007906,0.034748821439012895,0.035294432831125044,0.08996777981519699
patient_H,pca_ridge,0,ZNF114,-0.0534117354430631,-0.05181574861269959,0.15497739613056183
patient_H,pca_ridge,0,EXTL1,-0.009047648486792483,-0.012576268364416988,0.09528380632400513
patient_H,pca_ridge,0,IGLV3-1,-0.021521330736961414,-0.012029413533051654,0.5417081117630005
patient_H,pca_ridge,0,POLR1E,0.02341414165870831,0.060367756012371224,0.3233241140842438
patient_H,pca_ridge,0,SOX6,-0.01785953142306667,-0.0007908062678388789,0.08802355080842972
patient_H,pca_ridge,0,H3F3A,0.00871014867961614,0.008320795782979859,0.08386541157960892
patient_H,pca_ridge,0,SCUBE2,-0.00979505411281653,-0.005505296101675207,0.23953747749328613
patient_H,pca_ridge,0,SEPT11,0.06780717908909853,0.08958803261077271,0.35687264800071716
patient_H,pca_ridge,0,NGFR,0.06959328845945356,0.0923256701600066,0.4201377034187317
patient_H,pca_ridge,0,HIST1H1B,-0.061742290483882786,-0.05280699168200159,0.07950271666049957
patient_H,pca_ridge,0,CACNA2D1,-0.03988926799063379,-0.013684110364799077,0.10949840396642685
patient_H,pca_ridge,0,SLFN5,0.09047449126378773,0.1157375499693591,0.4355679750442505
patient_H,pca_ridge,0,ABCG2,0.010348750446488617,0.015031531599317013,0.07611195743083954
patient_H,pca_ridge,0,VPS37A,0.10400999199938585,0.10778263585885202,0.2181280553340912
patient_H,pca_ridge,0,FUT1,-0.007127303333770331,-0.003414231923643132,0.2404550462961197
patient_H,pca_ridge,0,AGRP,-0.022415241377252704,-0.026746870811391342,0.07686381042003632
patient_H,pca_ridge,0,KDM3B,0.0994086555686698,0.13158149761078353,0.3154868185520172
patient_H,pca_ridge,0,ADAM17,0.04629453591571808,0.05314807631674374,0.7240846157073975
patient_H,pca_ridge,0,MRPL21,0.15208468684034263,0.1765027574079539,0.49387815594673157
patient_H,pca_ridge,0,PLIN4,0.05606264535111697,0.05369341185910061,0.6774806380271912
patient_H,pca_ridge,0,CFAP69,0.011360429232478871,0.02272493274792086,0.1500270515680313
patient_H,pca_ridge,0,JAKMIP3,-0.018761608947859887,-0.023847481021538622,0.03495043143630028
patient_H,pca_ridge,0,GOLGA8N,,,0.009273053146898746
patient_H,pca_ridge,0,CACNA1A,-0.0016967808886570175,-0.004409167418047668,0.34109556674957275
patient_H,pca_ridge,0,CCDC66,0.006869596783627407,0.01580920680185808,0.2265370935201645
patient_H,pca_ridge,0,ATP6V1E2,-0.018012174941581645,-0.018143446569057656,0.1425444334745407
patient_H,pca_ridge,0,FCHSD1,0.08427438211661419,0.12365819610173714,0.4339984655380249
patient_H,pca_ridge,0,CCR10,-0.003993747212063336,0.012707581074176204,0.27554851770401
patient_H,pca_ridge,0,CYP20A1,0.008568188133911058,0.039223422311358884,0.21880224347114563
patient_H,pca_ridge,0,CA11,0.04740171656457709,0.07285238859062512,0.32974275946617126
patient_H,pca_ridge,0,MAATS1,-0.0028392041504644067,0.020775122834150145,0.12577702105045319
patient_H,pca_ridge,0,KCNC1,-0.027417855801494445,-0.03414595371244379,0.052128762006759644
patient_H,pca_ridge,0,TNFRSF18,0.06973333958240885,0.10669132535929313,0.4417576789855957
patient_H,pca_ridge,0,SMAD1,0.020238963853693698,0.022863762475740592,0.1814941018819809
patient_H,pca_ridge,0,ISM1,0.06997522558002539,0.08335691239358756,0.13988704979419708
patient_H,pca_ridge,0,EXOSC9,0.0906128484956789,0.11076037060417923,0.31447160243988037
patient_H,pca_ridge,0,FAM126A,0.022825483003797747,0.04177264410162966,0.2239532470703125
patient_H,pca_ridge,0,BAZ2B,0.11872918997455101,0.1463503678030597,0.30682551860809326
patient_H,pca_ridge,0,SGCE,0.03572828314620631,0.05169066419327344,0.2335371971130371
patient_H,spatial_knn,0,IGKC,-0.11339953267162241,-0.10796726253085798,2.3052955201546785
patient_H,spatial_knn,0,SCGB2A2,-0.12439671003841245,-0.12608444969713947,1.609051528263315
patient_H,spatial_knn,0,IGLC2,-0.02105504864471288,-0.011127298011369604,1.4232605551972581
patient_H,spatial_knn,0,IGHM,0.025780296879425166,0.02998487861796373,1.7845153344771192
patient_H,spatial_knn,0,AP000769,-0.009583798401667497,-0.013528059208110132,1.7348923847457447
patient_H,spatial_knn,0,CD74,-0.009925131925201157,-0.0390161985709277,1.2560888544047726
patient_H,spatial_knn,0,MUCL1,-0.08224330896272543,-0.09891532982012197,1.6458493842645372
patient_H,spatial_knn,0,CHGA,-0.0524576902386656,-0.06940507079770321,0.8015738323730719
patient_H,spatial_knn,0,GNAS,0.030464751632519885,0.030318015200754257,1.6738510741873172
patient_H,spatial_knn,0,IGLC7,0.006496638257221275,0.017417651217856753,1.2147771862005092
patient_H,spatial_knn,0,IGHG4,-0.08006406584146789,-0.06237669370411707,3.9662065856395188
patient_H,spatial_knn,0,COL3A1,0.005292959475497564,-0.003642879419285892,1.5332643482345492
patient_H,spatial_knn,0,S100A9,-0.029802333470180763,-0.009219627534301205,2.894861577750302
patient_H,spatial_knn,0,TFF3,-0.0035995271445478827,0.017755143976703004,1.2122962496254315
patient_H,spatial_knn,0,JCHAIN,-0.018894347845221437,-0.016018058228195842,1.2129509742778661
patient_H,spatial_knn,0,HLA-E,-0.016919062246984775,-0.012565505759009478,1.221529055063781
patient_H,spatial_knn,0,AREG,0.027092104818931692,0.039155043490955846,0.29345160254606184
patient_H,spatial_knn,0,AGR3,,,0.12085875190299757
patient_H,spatial_knn,0,PSMB3,0.05291354307165302,0.05489734281954932,1.7966390546149669
patient_H,spatial_knn,0,MUC6,-0.012637841043306739,-0.016715185021064453,1.2007273483691514
patient_H,spatial_knn,0,CCL19,0.007798347719289808,0.010922768010867494,1.6932997625122024
patient_H,spatial_knn,0,AGR2,0.017409603119707767,0.02210627211539254,0.6947357889823516
patient_H,spatial_knn,0,FABP7,0.0028000863398290462,0.0328830819413821,0.20542603708605803
patient_H,spatial_knn,0,ISG15,-0.012881125548121564,-0.019075726848240816,1.3313031157980784
patient_H,spatial_knn,0,KRT15,-0.05143622304013321,-0.043777997055080724,1.042774573986981
patient_H,spatial_knn,0,FNBP1L,-0.030757028235213285,-0.049863919844760386,0.9177125419904199
patient_H,spatial_knn,0,FABP4,-0.10233797860553244,-0.11582500390095501,0.7931025456607137
patient_H,spatial_knn,0,PTGDS,0.023853133188049,0.012559436100015444,1.2603558566679336
patient_H,spatial_knn,0,DCAF12L2,,,0.06583876096111398
patient_H,spatial_knn,0,LAPTM4A,-0.0015280156988469252,-0.00014732406240982592,1.2269942373276255
patient_H,spatial_knn,0,SLC9A3R1,0.01731489003067678,0.012248206006220373,1.4269881124695551
patient_H,spatial_knn,0,GLYATL2,0.013809716075855228,0.006027245082772969,0.4656772440627317
patient_H,spatial_knn,0,TFF1,0.006353368691304543,0.01065864333544655,0.4491749521761321
patient_H,spatial_knn,0,LTF,-0.0035702690570123814,0.004400612135484164,1.809283978103045
patient_H,spatial_knn,0,ASPH,0.007586274906492027,-0.00999641916301409,0.8519075431939392
patient_H,spatial_knn,0,RHOB,0.02379973763093028,0.013387775824060416,0.8950480134159365
patient_H,spatial_knn,0,S100A8,-0.002363633401427084,-0.01646814093122876,1.6598920309644514
patient_H,spatial_knn,0,POSTN,-0.02122483657807886,-0.02543881785196751,1.2265569017405251
patient_H,spatial_knn,0,KRT81,-0.015378518448094585,-0.029881109632691607,0.8793539349947666
patient_H,spatial_knn,0,CD36,-0.02937265034266659,-0.01638349119375642,0.6295945305020262
patient_H,spatial_knn,0,KRT17,0.010350758863054735,0.021310409744345504,1.5419058777706234
patient_H,spatial_knn,0,SERP1,-0.0313026190252392,-0.03340804603146883,0.8766276202519628
patient_H,spatial_knn,0,SCGB3A1,0.005705190633958949,0.0043122323147746265,0.9031196341024285
patient_H,spatial_knn,0,IGHD,-0.0016951239254919211,9.182099344946218e-05,0.434917762371203
patient_H,spatial_knn,0,STOM,0.052623297498019875,0.06023888579989904,0.773563921941579
patient_H,spatial_knn,0,ITGAV,0.005483586477011655,-0.012194419976315433,0.8566622232372674
patient_H,spatial_knn,0,CCL21,0.020927399087749956,0.030750993390649826,0.7214460695013828
patient_H,spatial_knn,0,KRT18,-0.002261837024545683,-0.0012435452597188157,1.4128341924092347
patient_H,spatial_knn,0,SCGB2A1,0.03608162066149212,0.02977816126269077,0.33567160865332457
patient_H,spatial_knn,0,PVALB,,,0.10814058053219794
patient_H,spatial_knn,0,BOD1L1,-0.0037791913039154942,-0.009410643057582394,0.31753538102438106
patient_H,spatial_knn,0,FAHD2A,-0.019983019094519563,-0.05332914396017021,0.3104758368093497
patient_H,spatial_knn,0,SCN8A,-0.014822790936613567,-0.01962013527439789,0.06353998690118781
patient_H,spatial_knn,0,KCNB1,0.0033143955834023884,0.028190819946155035,0.09824183457661606
patient_H,spatial_knn,0,ARHGAP21,-0.009877151847922873,0.012561328384711745,0.2448614625983549
patient_H,spatial_knn,0,CRYBA2,0.004894540908703102,-0.012183859560759768,0.5250402400398874
patient_H,spatial_knn,0,PIR,-0.018261539528347144,-0.024036453214958425,0.1411335921678754
patient_H,spatial_knn,0,SYT1,0.00046889318833068136,0.0035511957656430178,0.11606506302863942
patient_H,spatial_knn,0,SEMA6A,-0.02346892057789111,-0.02383556614302479,0.14176958124041758
patient_H,spatial_knn,0,PILRB,0.040217994894662934,0.05299886060604582,0.09479056522302183
patient_H,spatial_knn,0,WDR13,0.03646593270182265,0.021679187137907372,0.9989405579866931
patient_H,spatial_knn,0,RAPGEF2,0.060665286117952785,0.04483747641000195,0.22078559980143941
patient_H,spatial_knn,0,RHOJ,-0.021806625418296775,-0.00795745734771171,0.23708855841037285
patient_H,spatial_knn,0,FGF10,-0.0060012186264714875,-0.007056427527546689,0.09888967090435472
patient_H,spatial_knn,0,SYT17,0.008774614878302263,-0.004110028264721006,0.19793508104788587
patient_H,spatial_knn,0,PPP1R14A,0.0026213486554025433,0.025858010844085975,0.473239028377144
patient_H,spatial_knn,0,MMRN1,-0.009905096446113388,-0.013454375004377137,0.08227305521741671
patient_H,spatial_knn,0,LPIN1,0.018769735762709724,0.003750485838897587,0.4790376780597307
patient_H,spatial_knn,0,RNASEK,-0.007190282487732484,-0.010551664545477601,0.09574748778742796
patient_H,spatial_knn,0,SCAPER,-0.0053419246155312445,0.012502617611161233,0.15841585303649877
patient_H,spatial_knn,0,KCNQ2,0.0531564766492573,0.04260483844438002,0.14479164605832032
patient_H,spatial_knn,0,INAFM1,0.006264114979865496,-0.012676749896027741,0.6160015085620733
patient_H,spatial_knn,0,DNAJC24,-0.001742765973700093,0.001026811652893202,0.16236129188796758
patient_H,spatial_knn,0,PMAIP1,-0.023102365895214798,-0.03407441137582078,0.11042669152084814
patient_H,spatial_knn,0,MRPL52,-0.022351323846923243,-0.015009956464763186,1.046485952062415
patient_H,spatial_knn,0,C12orf50,,,0.019245455927889458
patient_H,spatial_knn,0,ADAM11,-0.01156816536481311,-0.014596808087192834,0.06227599391940338
patient_H,spatial_knn,0,MRGPRF,-0.01178804205929784,-0.00580949925605263,0.40043732495884055
patient_H,spatial_knn,0,MACROD2,-0.009700751379735317,0.016632577934219225,0.0928549133022937
patient_H,spatial_knn,0,SFSWAP,-0.012780018964629663,-0.018927481368563894,0.5326193698385454
patient_H,spatial_knn,0,PHIP,0.02087677070225923,0.01569487974610612,0.41208817678479814
patient_H,spatial_knn,0,AGAP9,-0.0048794307504510335,-0.006516893508191249,0.03210393670979746
patient_H,spatial_knn,0,HOXC9,-0.008709836728801986,-0.007485857290289955,0.5541430226944315
patient_H,spatial_knn,0,ITCH,-0.012798539520814665,-0.009061468402470707,0.17363065036612446
patient_H,spatial_knn,0,HSPB7,-0.034967461081926395,-0.05763288814488803,0.2102582311740503
patient_H,spatial_knn,0,BRD4,0.002055091042593524,-0.005161897612552012,0.7859965925114878
patient_H,spatial_knn,0,ADAM32,,,0.018194601952672137
patient_H,spatial_knn,0,PMCH,-0.004407937920240546,-0.006949574838758407,0.05614353459736995
patient_H,spatial_knn,0,CWF19L2,-0.02848905195087117,-0.054338589091057224,0.276676052299657
patient_H,spatial_knn,0,CTRC,-0.0038674027700214327,-0.006178222359706728,0.09321633485913738
patient_H,spatial_knn,0,RBM15,0.036826676863178004,0.007144352790325667,0.1978298248476396
patient_H,spatial_knn,0,ZNF763,-0.02294028867582613,-0.03277747037580862,0.17788600834193166
patient_H,spatial_knn,0,SCG2,,,0.03669780105459027
patient_H,spatial_knn,0,ZNF853,0.002525863341148465,0.0070031374081497705,0.29018350345178534
patient_H,spatial_knn,0,TRANK1,-0.015273281697986101,-0.009250498221417014,0.22394722493256564
patient_H,spatial_knn,0,TNS1,0.017817707130297785,0.0006758394114287609,0.5663879792990424
patient_H,spatial_knn,0,HIST1H1E,0.014499956936788804,0.01948821491319035,0.14195479238459666
patient_H,spatial_knn,0,PRRC2C,0.021560957463648094,-0.0003262047928826494,0.7360703544731942
patient_H,spatial_knn,0,MYO5A,-0.020929412613177233,-0.009006177012022354,0.25151721938171756
patient_H,spatial_knn,0,XIAP,0.027147781278605353,0.03792247533161426,0.30685567124836194
patient_H,spatial_knn,0,TBCK,-0.008561069961865491,0.011863371230786297,0.22507754146397302
patient_H,spatial_knn,0,SSTR2,-0.009439831991091097,-0.02217397215044699,0.3800168907265227
patient_H,spatial_knn,0,IGKV1-9,-0.007529468540590195,-0.011757104558204605,0.1279063122586827
patient_H,spatial_knn,0,CEP89,0.0028721778776788615,-0.019103183357050593,0.6048707338950011
patient_H,spatial_knn,0,SIGLEC11,-0.009062231586224701,-0.010094435767932763,0.11637727995143421
patient_H,spatial_knn,0,STEAP2,-0.014952098740744817,-0.02863351571742066,0.17005587551076048
patient_H,spatial_knn,0,RAG1,-0.003540369111270032,-0.004646519921605753,0.04117769568410825
patient_H,spatial_knn,0,SDPR,0.002910709896712693,0.002660574204353335,0.156806163216046
patient_H,spatial_knn,0,CBLN3,0.00677656129835653,0.05752930252353232,0.107750497861973
patient_H,spatial_knn,0,SLC16A11,-0.009924957166038903,-0.013185455574534008,0.1287720743431058
patient_H,spatial_knn,0,AC007906,-0.014794913436062047,-0.021274362318964228,0.09605152157448199
patient_H,spatial_knn,0,ZNF114,-0.010860367521453295,-0.014104789270565575,0.15544890153965707
patient_H,spatial_knn,0,EXTL1,-0.007473799778712065,-0.010645073255623503,0.09979037639077754
patient_H,spatial_knn,0,IGLV3-1,0.023015112607123647,0.018680722720547372,0.549360224812645
patient_H,spatial_knn,0,POLR1E,-0.013170965540784268,-0.03568716880941712,0.3434923870193687
patient_H,spatial_knn,0,SOX6,-0.009957175072524988,-0.012043995366244103,0.09009132750873608
patient_H,spatial_knn,0,H3F3A,-0.009945235934627282,-0.016305648207627144,0.09407460812677192
patient_H,spatial_knn,0,SCUBE2,-0.01482700255073687,-0.0006055926398263223,0.27995460009859824
patient_H,spatial_knn,0,SEPT11,0.004529181026272831,0.0021835069845609206,0.3949895265076399
patient_H,spatial_knn,0,NGFR,0.0019242765282089724,0.014547377998825934,0.43252029758087956
patient_H,spatial_knn,0,HIST1H1B,-0.007319503190255183,-0.011364821071181974,0.08313080884796835
patient_H,spatial_knn,0,CACNA2D1,-0.006577347295964674,0.014942535542511947,0.1146457889144221
patient_H,spatial_knn,0,SLFN5,0.007183459518058014,0.04991582020070669,0.4776384298984944
patient_H,spatial_knn,0,ABCG2,0.009137095783052402,0.08672647554801012,0.07882398602516796
patient_H,spatial_knn,0,VPS37A,-0.04879142009932579,-0.05816097537294085,0.23935144281521534
patient_H,spatial_knn,0,FUT1,-0.01062572781240876,0.006751195101064757,0.24323814743186856
patient_H,spatial_knn,0,AGRP,-0.0024195976787934137,-0.0038481463197445635,0.07977469538750137
patient_H,spatial_knn,0,KDM3B,0.05224596014923547,0.041242969647713956,0.36586367380448837
patient_H,spatial_knn,0,ADAM17,-0.013310091407067426,-0.014408495079419664,0.7366610766453676
patient_H,spatial_knn,0,MRPL21,0.021676754118534473,0.016826424735060817,0.5655718891582854
patient_H,spatial_knn,0,PLIN4,-0.07138096967602295,-0.04186771695812507,0.7026131762103166
patient_H,spatial_knn,0,CFAP69,-0.027776964377357997,-0.0339801095707243,0.16014557021875478
patient_H,spatial_knn,0,JAKMIP3,-0.004398161191705576,-0.006397901544212706,0.0446132856414673
patient_H,spatial_knn,0,GOLGA8N,,,0.020574356310115272
patient_H,spatial_knn,0,CACNA1A,0.019434334854479932,0.026960053992182115,0.34484578564700147
patient_H,spatial_knn,0,CCDC66,0.021187584584601005,-0.0011980130283465466,0.23875063210550743
patient_H,spatial_knn,0,ATP6V1E2,-0.014299903978599418,-0.01763375181301065,0.15423499777409866
patient_H,spatial_knn,0,FCHSD1,-0.013866698678669402,-0.0183966869223968,0.4509904875903246
patient_H,spatial_knn,0,CCR10,-0.01735267670134536,-0.007462194103595038,0.285736376089838
patient_H,spatial_knn,0,CYP20A1,-0.01762223564568841,0.002385626756502369,0.23995939014160136
patient_H,spatial_knn,0,CA11,-0.028502644414415523,-0.01794054941863957,0.342139332895136
patient_H,spatial_knn,0,MAATS1,0.003060143733962564,0.02205339786935367,0.13578026010894484
patient_H,spatial_knn,0,KCNC1,-0.007135281137328314,-0.010907082662886735,0.05825787512647047
patient_H,spatial_knn,0,TNFRSF18,0.009012603355417577,0.01064766184687182,0.46435500309571687
patient_H,spatial_knn,0,SMAD1,-0.025322620645898863,-0.016390274186011477,0.1939945669804649
patient_H,spatial_knn,0,ISM1,-0.014517764887772122,-0.015211438397490635,0.1569623201755155
patient_H,spatial_knn,0,EXOSC9,-0.017144163951129165,-0.01841226871054528,0.34307936232600283
patient_H,spatial_knn,0,FAM126A,-0.018817568789220446,-0.028251480131835552,0.23710362525430922
patient_H,spatial_knn,0,BAZ2B,0.052835204530262594,0.03839996112903437,0.36793341122279793
patient_H,spatial_knn,0,SGCE,-0.0008986850666379417,-0.025287252825112256,0.23972440866093556
random,mean,1,IGKC,0.0,,1.9522101879119873
random,mean,1,SCGB2A2,,,1.547653079032898
random,mean,1,IGLC2,0.0,,1.8310878276824951
random,mean,1,IGHM,0.0,,1.8264226913452148
random,mean,1,AP000769,0.0,,1.4614611864089966
random,mean,1,CD74,,,1.1793664693832397
random,mean,1,MUCL1,,,1.6740680932998657
random,mean,1,CHGA,0.0,,0.368804931640625
random,mean,1,GNAS,,,1.1343873739242554
random,mean,1,IGLC7,,,1.0763431787490845
random,mean,1,IGHG4,,,1.9844166040420532
random,mean,1,COL3A1,,,1.24808669090271
random,mean,1,S100A9,,,1.8106896877288818
random,mean,1,TFF3,,,1.3354774713516235
random,mean,1,JCHAIN,0.0,,0.9869885444641113
random,mean,1,HLA-E,,,1.206499695777893
random,mean,1,AREG,,,0.41101154685020447
random,mean,1,AGR3,,,0.23673437535762787
random,mean,1,PSMB3,,,1.2957661151885986
random,mean,1,MUC6,0.0,,1.0863406658172607
random,mean,1,CCL19,,,0.8869209289550781
random,mean,1,AGR2,,,0.8294248580932617
random,mean,1,FABP7,,,0.34662434458732605
random,mean,1,ISG15,,,1.2643324136734009
random,mean,1,KRT15,,,0.787269651889801
random,mean,1,FNBP1L,,,1.1347273588180542
random,mean,1,FABP4,,,0.5281007885932922
random,mean,1,PTGDS,,,0.9985555410385132
random,mean,1,DCAF12L2,0.0,,0.1273234635591507
random,mean,1,LAPTM4A,,,0.987021803855896
random,mean,1,SLC9A3R1,0.0,,1.4166532754898071
random,mean,1,GLYATL2,,,0.6144659519195557
random,mean,1,TFF1,,,0.7292249798774719
random,mean,1,LTF,0.0,,1.1603727340698242
random,mean,1,ASPH,0.0,,0.8702545166015625
random,mean,1,RHOB,,,0.8439494967460632
random,mean,1,S100A8,,,1.5844582319259644
random,mean,1,POSTN,0.0,,1.09586501121521
random,mean,1,KRT81,,,1.086445927619934
random,mean,1,CD36,0.0,,0.7958418726921082
random,mean,1,KRT17,0.0,,0.78470778465271
random,mean,1,SERP1,,,0.8213034272193909
random,mean,1,SCGB3A1,0.0,,1.1320568323135376
random,mean,1,IGHD,,,0.5845872759819031
random,mean,1,STOM,,,0.6659008264541626
random,mean,1,ITGAV,,,0.8348016142845154
random,mean,1,CCL21,0.0,,0.6307622194290161
random,mean,1,KRT18,,,1.1079882383346558
random,mean,1,SCGB2A1,0.0,,0.395566463470459
random,mean,1,PVALB,0.0,,0.20758533477783203
random,mean,1,BOD1L1,0.0,,0.41790950298309326
random,mean,1,FAHD2A,,,0.22173306345939636
random,mean,1,SCN8A,,,0.07959524542093277
random,mean,1,KCNB1,0.0,,0.0991678386926651
random,mean,1,ARHGAP21,0.0,,0.3096923828125
random,mean,1,CRYBA2,,,0.1850428432226181
random,mean,1,PIR,0.0,,0.20142608880996704
random,mean,1,SYT1,0.0,,0.12230264395475388
random,mean,1,SEMA6A,,,0.19356800615787506
random,mean,1,PILRB,0.0,,0.11583808064460754
random,mean,1,WDR13,0.0,,0.8569201231002808
random,mean,1,RAPGEF2,,,0.2574692666530609
random,mean,1,RHOJ,,,0.16947431862354279
random,mean,1,FGF10,,,0.03544437885284424
random,mean,1,SYT17,,,0.2267732322216034
random,mean,1,PPP1R14A,0.0,,0.28960826992988586
random,mean,1,MMRN1,0.0,,0.09012298285961151
random,mean,1,LPIN1,,,0.44070398807525635
random,mean,1,RNASEK,0.0,,0.11658906191587448
random,mean,1,SCAPER,,,0.2431088089942932
random,mean,1,KCNQ2,,,0.21579447388648987
random,mean,1,INAFM1,0.0,,0.5137251615524292
random,mean,1,DNAJC24,,,0.16604319214820862
random,mean,1,PMAIP1,,,0.17086902260780334
random,mean,1,MRPL52,0.0,,0.8342010378837585
random,mean,1,C12orf50,,,0.05299511179327965
random,mean,1,ADAM11,0.0,,0.14111322164535522
random,mean,1,MRGPRF,,,0.3827076852321625
random,mean,1,MACROD2,,,0.13309775292873383
random,mean,1,SFSWAP,0.0,,0.5037078261375427
random,mean,1,PHIP,,,0.4963308274745941
random,mean,1,AGAP9,,,0.0426773726940155
random,mean,1,HOXC9,,,0.3688173294067383
random,mean,1,ITCH,,,0.18410049378871918
random,mean,1,HSPB7,,,0.19360347092151642
random,mean,1,BRD4,0.0,,0.717023491859436
random,mean,1,ADAM32,,,0.06280358135700226
random,mean,1,PMCH,,,0.11040125042200089
random,mean,1,CWF19L2,0.0,,0.31604257225990295
random,mean,1,CTRC,,,0.05240953341126442
random,mean,1,RBM15,,,0.2724674344062805
random,mean,1,ZNF763,0.0,,0.10302409529685974
random,mean,1,SCG2,0.0,,0.09994886815547943
random,mean,1,ZNF853,,,0.22649970650672913
random,mean,1,TRANK1,0.0,,0.257691890001297
random,mean,1,TNS1,,,0.48267191648483276
random,mean,1,HIST1H1E,0.0,,0.1784374713897705
random,mean,1,PRRC2C,,,0.7134511470794678
random,mean,1,MYO5A,,,0.2206646203994751
random,mean,1,XIAP,,,0.3910190165042877
random,mean,1,TBCK,0.0,,0.2516934275627136
random,mean,1,SSTR2,,,0.22976380586624146
random,mean,1,IGKV1-9,,,0.03300832584500313
random,mean,1,CEP89,,,0.4380824565887451
random,mean,1,SIGLEC11,,,0.13692383468151093
random,mean,1,STEAP2,,,0.16048502922058105
random,mean,1,RAG1,0.0,,0.010194001719355583
random,mean,1,SDPR,,,0.13987024128437042
random,mean,1,CBLN3,,,0.04161339998245239
random,mean,1,SLC16A11,,,0.06630145758390427
random,mean,1,AC007906,0.0,,0.17470942437648773
random,mean,1,ZNF114,0.0,,0.06381181627511978
random,mean,1,EXTL1,,,0.11844076961278915
random,mean,1,IGLV3-1,,,0.3640262484550476
random,mean,1,POLR1E,,,0.3487270176410675
random,mean,1,SOX6,0.0,,0.09304186701774597
random,mean,1,H3F3A,0.0,,0.07571791112422943
random,mean,1,SCUBE2,,,0.3786139488220215
random,mean,1,SEPT11,,,0.45207685232162476
random,mean,1,NGFR,0.0,,0.3245088458061218
random,mean,1,HIST1H1B,,,0.12899424135684967
random,mean,1,CACNA2D1,0.0,,0.1671210676431656
random,mean,1,SLFN5,,,0.5061705112457275
random,mean,1,ABCG2,,,0.028566565364599228
random,mean,1,VPS37A,,,0.2599911689758301
random,mean,1,FUT1,0.0,,0.1576102077960968
random,mean,1,AGRP,,,0.06486698240041733
random,mean,1,KDM3B,0.0,,0.4202694296836853
random,mean,1,ADAM17,,,0.5001572370529175
random,mean,1,MRPL21,,,0.6123594641685486
random,mean,1,PLIN4,0.0,,0.3522205948829651
random,mean,1,CFAP69,,,0.17367613315582275
random,mean,1,JAKMIP3,0.0,,0.07316385209560394
random,mean,1,GOLGA8N,,,0.09099715948104858
random,mean,1,CACNA1A,,,0.22513462603092194
random,mean,1,CCDC66,0.0,,0.2741556465625763
random,mean,1,ATP6V1E2,0.0,,0.1661558747291565
random,mean,1,FCHSD1,,,0.370767742395401
random,mean,1,CCR10,0.0,,0.21960584819316864
random,mean,1,CYP20A1,,,0.19015532732009888
random,mean,1,CA11,,,0.2855595648288727
random,mean,1,MAATS1,,,0.16701313853263855
random,mean,1,KCNC1,,,0.06697005778551102
random,mean,1,TNFRSF18,,,0.43580031394958496
random,mean,1,SMAD1,,,0.19590558111667633
random,mean,1,ISM1,,,0.24637889862060547
random,mean,1,EXOSC9,0.0,,0.3750915229320526
random,mean,1,FAM126A,,,0.19708669185638428
random,mean,1,BAZ2B,,,0.5165624618530273
random,mean,1,SGCE,0.0,,0.15759292244911194
random,pca_ridge,1,IGKC,0.9020763763888334,0.8761662882331726,0.8429323434829712
random,pca_ridge,1,SCGB2A2,0.7903013196105754,0.7856770262035375,0.9477249979972839
random,pca_ridge,1,IGLC2,0.8595319351525891,0.8064294065066893,0.9358665943145752
random,pca_ridge,1,IGHM,0.8210883725872479,0.817373620430379,1.0426157712936401
random,pca_ridge,1,AP000769,0.7633297358087318,0.761491860667084,0.9449485540390015
random,pca_ridge,1,CD74,0.6621169497627252,0.6202953305158575,0.8838070034980774
random,pca_ridge,1,MUCL1,0.8237544720441775,0.7585818526228125,0.9495881795883179
random,pca_ridge,1,CHGA,0.47932702677231637,0.3534605266809351,0.32359108328819275
random,pca_ridge,1,GNAS,0.6203082027408457,0.5905762702101183,0.8893324732780457
random,pca_ridge,1,IGLC7,0.5351704991964684,0.558578317279106,0.9092355370521545
random,pca_ridge,1,IGHG4,0.839057460620603,0.818536175883339,1.079582929611206
random,pca_ridge,1,COL3A1,0.6968231837258066,0.6931206011052927,0.8964008688926697
random,pca_ridge,1,S100A9,0.8336141933678027,0.7396699222510382,0.9994902610778809
random,pca_ridge,1,TFF3,0.7036589733785182,0.5821046477721377,0.9483818411827087
random,pca_ridge,1,JCHAIN,0.4401786445733887,0.45883408483824933,0.8867981433868408
random,pca_ridge,1,HLA-E,0.7106369237434693,0.7472352289956826,0.8486584424972534
random,pca_ridge,1,AREG,0.4567671886598083,0.2697573987525054,0.3656219244003296
random,pca_ridge,1,AGR3,0.40376689072001976,0.23820016007727254,0.2166525423526764
random,pca_ridge,1,PSMB3,0.6176222785801608,0.6313807675427888,1.020079255104065
random,pca_ridge,1,MUC6,0.7788144016413622,0.6545267743477311,0.6816783547401428
random,pca_ridge,1,CCL19,0.44517901579493585,0.3828761711673414,0.7952049374580383
random,pca_ridge,1,AGR2,0.5486101359802029,0.5085222543114242,0.693401038646698
random,pca_ridge,1,FABP7,0.5467029466309177,0.305767164099299,0.29022151231765747
random,pca_ridge,1,ISG15,0.6616802699788529,0.6428492374349392,0.9485206007957458
random,pca_ridge,1,KRT15,0.4368283439344133,0.460381027058321,0.7084092497825623
random,pca_ridge,1,FNBP1L,0.8620627705061726,0.6632330080215094,0.5755966305732727
random,pca_ridge,1,FABP4,0.285532741783507,0.22211969493922848,0.5065166354179382
random,pca_ridge,1,PTGDS,0.39464675900645535,0.3869767460554745,0.9179167747497559
random,pca_ridge,1,DCAF12L2,0.4586453454456472,0.18226436985391523,0.11315905302762985
random,pca_ridge,1,LAPTM4A,0.5769671117761629,0.5634025047116421,0.805993914604187
random,pca_ridge,1,SLC9A3R1,0.7651702384473539,0.641223681615238,0.9120752215385437
random,pca_ridge,1,GLYATL2,0.6466558848713942,0.42078533680586194,0.4683416485786438
random,pca_ridge,1,TFF1,0.6698534404814271,0.41065665044924005,0.5413102507591248
random,pca_ridge,1,LTF,0.5327527351221691,0.5289152056084258,0.9823514819145203
random,pca_ridge,1,ASPH,0.6522104166116808,0.6679506273890095,0.6601160764694214
random,pca_ridge,1,RHOB,0.46369073310576764,0.5035809475551667,0.7488779425621033
random,pca_ridge,1,S100A8,0.8157214225703481,0.7068906379505557,0.9159873723983765
random,pca_ridge,1,POSTN,0.6369554343973328,0.6435577804774871,0.8442887663841248
random,pca_ridge,1,KRT81,0.8064755233796369,0.7127022656979637,0.6425918340682983
random,pca_ridge,1,CD36,0.6794130849096737,0.5195153335016912,0.5877581834793091
random,pca_ridge,1,KRT17,0.45846553276115637,0.3546833494825165,0.6975504159927368
random,pca_ridge,1,SERP1,0.44763909466028773,0.49966808556885767,0.7343260049819946
random,pca_ridge,1,SCGB3A1,0.7982729038066712,0.5530560412184647,0.6828891634941101
random,pca_ridge,1,IGHD,0.368231039884288,0.32832454934307836,0.5434724688529968
random,pca_ridge,1,STOM,0.35390053290328216,0.3713417211562579,0.6227194666862488
random,pca_ridge,1,ITGAV,0.42507003856982534,0.46684170657814167,0.7555695176124573
random,pca_ridge,1,CCL21,0.24853862682174566,0.25868829636773083,0.6113875508308411
random,pca_ridge,1,KRT18,0.4927837258948174,0.4283363433435801,0.964235782623291
random,pca_ridge,1,SCGB2A1,0.34098473169316207,0.3247439587811066,0.3730025887489319
random,pca_ridge,1,PVALB,0.4546494443112294,0.23033766803624106,0.1855560690164566
random,pca_ridge,1,BOD1L1,0.17165828415981974,0.2839660412768553,0.4122220277786255
random,pca_ridge,1,FAHD2A,0.05773796305927293,0.06635864074182525,0.22148174047470093
random,pca_ridge,1,SCN8A,0.06422390304461581,0.08737292582718163,0.0796927884221077
random,pca_ridge,1,KCNB1,-0.002641520284204741,-0.004783045776322371,0.09979446232318878
random,pca_ridge,1,ARHGAP21,0.13042239124457916,0.16622694815910094,0.30720123648643494
random,pca_ridge,1,CRYBA2,0.2257941234465878,0.14164526933550983,0.18030372262001038
random,pca_ridge,1,PIR,0.12649306051880524,0.15269487605608903,0.20057635009288788
random,pca_ridge,1,SYT1,0.20291059350908966,0.14362821351443433,0.11983154714107513
random,pca_ridge,1,SEMA6A,0.33914625411996796,0.2591121524178461,0.18283624947071075
random,pca_ridge,1,PILRB,0.045319969017392235,0.060840726827088756,0.11596832424402237
random,pca_ridge,1,WDR13,0.24117211298934094,0.28569525051009975,0.8315094709396362
random,pca_ridge,1,RAPGEF2,0.0820739004961678,0.17726154723033996,0.2571575343608856
random,pca_ridge,1,RHOJ,0.05181982956738598,0.07325328547120243,0.170461967587471
random,pca_ridge,1,FGF10,-0.013922613916392818,-0.012397824979037637,0.03599805012345314
random,pca_ridge,1,SYT17,0.0518692100384189,0.09206860365647745,0.22679345309734344
random,pca_ridge,1,PPP1R14A,0.13338108304441668,0.09780277914036992,0.2870073914527893
random,pca_ridge,1,MMRN1,0.033374967011770826,0.0526994018077689,0.09045536816120148
random,pca_ridge,1,LPIN1,0.1535502585784637,0.2662759938540881,0.4357505738735199
random,pca_ridge,1,RNASEK,-0.008135593132174357,-0.008299936229479079,0.11681824177503586
random,pca_ridge,1,SCAPER,0.11295756007749669,0.12945147101636936,0.24163120985031128
random,pca_ridge,1,KCNQ2,0.37553666952007136,0.19318271423865968,0.20380081236362457
random,pca_ridge,1,INAFM1,0.08426673475828615,0.13987643636663352,0.5127803087234497
random,pca_ridge,1,DNAJC24,0.06873567033729068,0.07069978366973795,0.16581326723098755
random,pca_ridge,1,PMAIP1,0.21603525168222038,0.1815430397311745,0.1670943945646286
random,pca_ridge,1,MRPL52,0.24484730750613262,0.32981320234134975,0.8107308149337769
random,pca_ridge,1,C12orf50,-0.007141562114388836,-0.00935358862297726,0.05330837890505791
random,pca_ridge,1,ADAM11,0.09340770463284348,0.09694599722155472,0.1404990553855896
random,pca_ridge,1,MRGPRF,0.15874977290526432,0.16251854556110082,0.3779168426990509
random,pca_ridge,1,MACROD2,-0.013724170042788954,0.004280344682583735,0.13350766897201538
random,pca_ridge,1,SFSWAP,0.21981913070903622,0.31328175062192454,0.4911389946937561
random,pca_ridge,1,PHIP,0.2258370155461494,0.2948279504272571,0.483789324760437
random,pca_ridge,1,AGAP9,0.005777332242304013,0.004952832289188844,0.04297323524951935
random,pca_ridge,1,HOXC9,0.09394812929832204,0.1286064070399341,0.3687114119529724
random,pca_ridge,1,ITCH,0.05812832899971212,0.09913241866466117,0.18412606418132782
random,pca_ridge,1,HSPB7,0.12192418589164478,0.11447625946006493,0.1922183334827423
random,pca_ridge,1,BRD4,0.1367367584694653,0.24234722841186745,0.7112739086151123
random,pca_ridge,1,ADAM32,0.018549318838870614,0.013681673530381232,0.06296752393245697
random,pca_ridge,1,PMCH,0.0676731076650857,0.06725211692800054,0.11015249788761139
random,pca_ridge,1,CWF19L2,0.06765527336455035,0.11058995040913817,0.31703323125839233
random,pca_ridge,1,CTRC,3.7846534432377316e-05,0.006554282475437538,0.05263134092092514
random,pca_ridge,1,RBM15,0.2565427697647534,0.31311157672125967,0.2634883224964142
random,pca_ridge,1,ZNF763,-0.030081547422127763,0.012095635135514645,0.10364679992198944
random,pca_ridge,1,SCG2,0.05259346844074487,0.06870685871325098,0.09996763616800308
random,pca_ridge,1,ZNF853,0.12557836746782874,0.15631307272448208,0.22488342225551605
random,pca_ridge,1,TRANK1,0.09191697312393783,0.09879662061330362,0.257371723651886
random,pca_ridge,1,TNS1,0.20541338935217177,0.22726669656098364,0.4724022448062897
random,pca_ridge,1,HIST1H1E,0.12091085951360599,0.11236380348623312,0.1771867573261261
random,pca_ridge,1,PRRC2C,0.3571621352138265,0.42261641777249886,0.666435718536377
random,pca_ridge,1,MYO5A,0.16777722900703496,0.1978941087717523,0.21760284900665283
random,pca_ridge,1,XIAP,0.19359505076829286,0.27247392762705624,0.3838256597518921
random,pca_ridge,1,TBCK,0.1322653846803853,0.18594690185033336,0.24951153993606567
random,pca_ridge,1,SSTR2,0.1685335726338627,0.14177472840154698,0.22663553059101105
random,pca_ridge,1,IGKV1-9,-0.015795468727948937,-0.016495856951326156,0.033575236797332764
random,pca_ridge,1,CEP89,0.10277657932366036,0.1850718110901227,0.43664729595184326
random,pca_ridge,1,SIGLEC11,-0.01057240268200074,-0.008368169031588641,0.13711169362068176
random,pca_ridge,1,STEAP2,0.19755852591083678,0.1851651013657103,0.15742804110050201
random,pca_ridge,1,RAG1,0.020613749511125934,0.027197662356956663,0.011039516888558865
random,pca_ridge,1,SDPR,0.06516237611747687,0.04884097426094148,0.1396595984697342
random,pca_ridge,1,CBLN3,-0.012479663223997125,0.0022279121914429256,0.042351238429546356
random,pca_ridge,1,SLC16A11,0.03881346952263196,0.01125499655949612,0.06642187386751175
random,pca_ridge,1,AC007906,0.0818181215597413,0.07935279533573236,0.17427459359169006
random,pca_ridge,1,ZNF114,-0.02587070278147143,-0.0335037351622522,0.06445790082216263
random,pca_ridge,1,EXTL1,0.04734806785169173,0.05443817805186014,0.11837603151798248
random,pca_ridge,1,IGLV3-1,0.1781371014909297,0.19064004416971309,0.35837528109550476
random,pca_ridge,1,POLR1E,0.11861210814035475,0.21080213228482766,0.34631648659706116
random,pca_ridge,1,SOX6,0.044169430340416836,0.027861220421447556,0.09297299385070801
random,pca_ridge,1,H3F3A,0.032771834143633646,0.03804607071324491,0.0764089971780777
random,pca_ridge,1,SCUBE2,0.2532094558264588,0.2540344140569398,0.36766621470451355
random,pca_ridge,1,SEPT11,0.1433633699322376,0.19418331716646733,0.4487154185771942
random,pca_ridge,1,NGFR,0.18077076013451313,0.180670256687835,0.3192141652107239
random,pca_ridge,1,HIST1H1B,0.03905035667067035,0.02180949816143565,0.12890198826789856
random,pca_ridge,1,CACNA2D1,-0.03515849221520854,0.025319487211406182,0.16833120584487915
random,pca_ridge,1,SLFN5,0.3019142922826491,0.27966187287549804,0.48241037130355835
random,pca_ridge,1,ABCG2,0.0064156731870359815,0.008376466353283232,0.02911977469921112
random,pca_ridge,1,VPS37A,0.1290101374633945,0.20756111368823874,0.25798124074935913
random,pca_ridge,1,FUT1,0.00938194472398983,0.021553029472179134,0.15804530680179596
random,pca_ridge,1,AGRP,-0.016900206590334525,-0.0206532910511254,0.06514972448348999
random,pca_ridge,1,KDM3B,0.18675515960936637,0.30022083546291495,0.4138042628765106
random,pca_ridge,1,ADAM17,0.13452796543744222,0.206847228330241,0.496408611536026
random,pca_ridge,1,MRPL21,0.2406727702919871,0.35247083616944475,0.595322847366333
random,pca_ridge,1,PLIN4,0.132423275587939,0.04628292495711319,0.35103052854537964
random,pca_ridge,1,CFAP69,-0.012634233130677226,0.04054277379099509,0.17476099729537964
random,pca_ridge,1,JAKMIP3,-0.018984843038104247,-0.019437161047540025,0.07365524768829346
random,pca_ridge,1,GOLGA8N,0.049284223974910696,0.03359433483164872,0.09091310203075409
random,pca_ridge,1,CACNA1A,0.08212946183136292,0.07311598422627301,0.22463999688625336
random,pca_ridge,1,CCDC66,0.07220976985378294,0.12118563107190136,0.27355271577835083
random,pca_ridge,1,ATP6V1E2,0.07709859652506154,0.1291063291506955,0.16586944460868835
random,pca_ridge,1,FCHSD1,0.11123296991694206,0.11643053044570911,0.36909693479537964
random,pca_ridge,1,CCR10,0.020078685444154427,0.023740086117014156,0.22102007269859314
random,pca_ridge,1,CYP20A1,0.07570408175420087,0.12099640944268818,0.18997663259506226
random,pca_ridge,1,CA11,0.11514520361801729,0.1230591636820375,0.2838313579559326
random,pca_ridge,1,MAATS1,0.11886083104189224,0.13273682724032684,0.16585899889469147
random,pca_ridge,1,KCNC1,0.10878463601488286,0.09205202021932699,0.06658715009689331
random,pca_ridge,1,TNFRSF18,0.2101304458873544,0.24302666363436515,0.42630407214164734
random,pca_ridge,1,SMAD1,0.023826493262078943,0.013451560954470452,0.1975664347410202
random,pca_ridge,1,ISM1,0.2195248550996647,0.20612502648167222,0.24076959490776062
random,pca_ridge,1,EXOSC9,0.2405073697592164,0.33091643824166234,0.3643588125705719
random,pca_ridge,1,FAM126A,0.13109614102958933,0.15906407759617974,0.19546885788440704
random,pca_ridge,1,BAZ2B,0.20986668840113337,0.3043528679999608,0.505462110042572
random,pca_ridge,1,SGCE,0.18735741415806528,0.187737664934249,0.15472811460494995
random,spatial_knn,1,IGKC,-0.059467057922275794,-0.06027828886887038,2.066568777462902
random,spatial_knn,1,SCGB2A2,-0.014875921196487478,-0.01726853792652978,1.6256083502111698
random,spatial_knn,1,IGLC2,-0.06906518853525799,-0.06316260128274799,1.947164965747189
random,spatial_knn,1,IGHM,-0.008579787562183644,-0.02272236190661397,1.922038170818582
random,spatial_knn,1,AP000769,0.018501129487957416,-0.01414994549182249,1.5247277040009395
random,spatial_knn,1,CD74,-0.008420733192412242,-7.303371517785977e-05,1.2451317242793027
random,spatial_knn,1,MUCL1,0.036783740547996234,0.0198723795795295,1.742847092505864
random,spatial_knn,1,CHGA,0.08152936635401437,0.05599622785502212,0.38186293256724346
random,spatial_knn,1,GNAS,0.04605547586323803,0.05105751474198665,1.1767427601278988
random,spatial_knn,1,IGLC7,0.002371246844944144,0.002417507292833459,1.1326501300611707
random,spatial_knn,1,IGHG4,-0.006739657457156668,-0.02665255963067899,2.072884638400218
random,spatial_knn,1,COL3A1,0.0698206602999838,0.06656892034864482,1.290700061986706
random,spatial_knn,1,S100A9,-0.10721085813034771,-0.1063012320070299,1.9379499683923782
random,spatial_knn,1,TFF3,0.006551632665293375,-0.020397890842994437,1.4180746127533492
random,spatial_knn,1,JCHAIN,0.0890241619299045,0.06081883006957895,1.0160596966028268
random,spatial_knn,1,HLA-E,-0.046739389792914504,-0.05782178685421362,1.2862388527910544
random,spatial_knn,1,AREG,0.11599799217980258,0.1180159733578941,0.42471730310471245
random,spatial_knn,1,AGR3,0.04226937029114375,0.06848896098434665,0.25053015533967343
random,spatial_knn,1,PSMB3,0.03203791980607574,0.025270016950655023,1.358850283588401
random,spatial_knn,1,MUC6,0.02640292170314811,0.009578550602616955,1.1516693516180798
random,spatial_knn,1,CCL19,0.032793851060410474,0.034800874619619414,0.9264032242250239
random,spatial_knn,1,AGR2,0.023773126114062376,0.03324091486492584,0.8729546929641534
random,spatial_knn,1,FABP7,0.09407824650492201,0.05200440316374385,0.3612607022105026
random,spatial_knn,1,ISG15,-0.02393584950613359,-0.0254140563103175,1.3399517575447746
random,spatial_knn,1,KRT15,0.032383778825158076,0.0028149917216526137,0.82508252297681
random,spatial_knn,1,FNBP1L,-0.012996764267445482,-0.02315801137130603,1.191841145022789
random,spatial_knn,1,FABP4,0.06660340070719037,0.02819354908526775,0.5407013562893738
random,spatial_knn,1,PTGDS,0.032612392686733535,0.038825776914365936,1.0405429456540676
random,spatial_knn,1,DCAF12L2,0.13644482198778865,0.1710322728833825,0.13309775215011674
random,spatial_knn,1,LAPTM4A,0.013593869980565639,0.014665029815902625,1.0393640267398974
random,spatial_knn,1,SLC9A3R1,-0.027617507920686166,-0.04400278952329477,1.5020267285662416
random,spatial_knn,1,GLYATL2,0.014480563046910349,0.015980765121388962,0.652936326504704
random,spatial_knn,1,TFF1,0.056088704185761944,0.04871501243546477,0.7624398521231358
random,spatial_knn,1,LTF,0.10192946979111256,0.08195262224434079,1.1898645254653144
random,spatial_knn,1,ASPH,-0.027083618868220125,-0.013420118679361156,0.9231382773092368
random,spatial_knn,1,RHOB,0.02579696545141395,0.031029458492922254,0.8840178129945542
random,spatial_knn,1,S100A8,-0.004591106464250245,-0.026249543576678105,1.6697553922856898
random,spatial_knn,1,POSTN,0.0390654561230079,0.03513725456770337,1.141529691857788
random,spatial_knn,1,KRT81,0.06166967030865731,0.02308343364597594,1.1296466091929456
random,spatial_knn,1,CD36,0.03460189213354131,0.04049837531253484,0.8260528739490356
random,spatial_knn,1,KRT17,0.045995554299507725,0.026866760206253466,0.8136206857012536
random,spatial_knn,1,SERP1,0.02040963712688359,0.017679199903881605,0.8570336630707323
random,spatial_knn,1,SCGB3A1,0.002258945706958624,-0.019931029723356072,1.1889211617572393
random,spatial_knn,1,IGHD,-0.018480157786666666,0.002142070074438063,0.6153782215229454
random,spatial_knn,1,STOM,0.010021112846353228,0.03266136074716325,0.7059398339866705
random,spatial_knn,1,ITGAV,-0.0074598601962376785,-0.0017987443497182295,0.8809725590345712
random,spatial_knn,1,CCL21,0.08242712188715023,0.04356724156746751,0.6449583230777493
random,spatial_knn,1,KRT18,-0.029782484150158495,-0.0348733544590262,1.1771847049784891
random,spatial_knn,1,SCGB2A1,0.015445147246270835,0.05184007502054095,0.4209108883729626
random,spatial_knn,1,PVALB,0.07727270843944857,0.0926818325195884,0.22382974671482114
random,spatial_knn,1,BOD1L1,0.003951556159424577,0.0011443221282129445,0.43603673075329263
random,spatial_knn,1,FAHD2A,-0.00693692623124191,-0.02539482056980108,0.2354909165056101
random,spatial_knn,1,SCN8A,-0.008907001600248758,0.010742300739456343,0.09155977883887169
random,spatial_knn,1,KCNB1,0.011654101154878988,0.02234333311961905,0.10467702802792596
random,spatial_knn,1,ARHGAP21,-0.018236553425570193,-0.0315154666566694,0.3249462094446103
random,spatial_knn,1,CRYBA2,0.12111744473136922,0.04688173532335456,0.1867996517710962
random,spatial_knn,1,PIR,0.044967081466494925,0.0115174489218441,0.2078042085386709
random,spatial_knn,1,SYT1,0.0022124251978320342,0.00018857603513678262,0.13067085448139995
random,spatial_knn,1,SEMA6A,-0.0015854301251069895,0.03078455955303816,0.20395829358373224
random,spatial_knn,1,PILRB,-0.015864815992534795,-0.031950303350814155,0.1276496801105807
random,spatial_knn,1,WDR13,-0.025816231494370293,-0.03407271540569523,0.904952529365829
random,spatial_knn,1,RAPGEF2,-0.025240936019197094,-0.018094915545850767,0.2693283728253927
random,spatial_knn,1,RHOJ,-0.004228810254596704,0.016191525991009637,0.18305086809265894
random,spatial_knn,1,FGF10,-0.0039038389211779666,-0.006317903951150125,0.04596681479949545
random,spatial_knn,1,SYT17,-0.004737435548108237,0.014523178789841372,0.23872003384371973
random,spatial_knn,1,PPP1R14A,-0.029220267306386993,0.0021125929418697375,0.30576618043294995
random,spatial_knn,1,MMRN1,0.014085825060509111,0.03323586431742481,0.09754535400505761
random,spatial_knn,1,LPIN1,0.0020182757003589184,0.02305337687541516,0.4615546775556884
random,spatial_knn,1,RNASEK,-0.006187626950906224,-0.008085066800186221,0.118991085569136
random,spatial_knn,1,SCAPER,0.013441848065522833,-0.009982857998543234,0.2535733049487917
random,spatial_knn,1,KCNQ2,-0.013791386320073987,-0.00941049676276563,0.23761767695664276
random,spatial_knn,1,INAFM1,0.033370444894347914,0.024050064876081557,0.5336477174882711
random,spatial_knn,1,DNAJC24,0.01710736560609532,0.015087638321699104,0.17264783125049907
random,spatial_knn,1,PMAIP1,0.029047548686244845,0.09670538051509125,0.1758242326855887
random,spatial_knn,1,MRPL52,0.01629461198842729,0.004728013706714129,0.868747919771454
random,spatial_knn,1,C12orf50,-0.006166121297056235,-0.008171477405152784,0.055737115169180645
random,spatial_knn,1,ADAM11,-0.02077865889568254,-0.02387446644891782,0.1447949219697193
random,spatial_knn,1,MRGPRF,0.008336292558888474,0.020375136604898786,0.3979059680473641
random,spatial_knn,1,MACROD2,-0.018790934635267827,-0.03206124416698036,0.13823400795833676
random,spatial_knn,1,SFSWAP,0.021231280747157636,0.021175841093862394,0.5396571418141578
random,spatial_knn,1,PHIP,0.03435037550153341,0.017324518432630377,0.5176139294641846
random,spatial_knn,1,AGAP9,-0.01006981727411983,-0.012926557020573584,0.04634470411513017
random,spatial_knn,1,HOXC9,-0.012730272955855406,-0.01273023622077007,0.39398670026193955
random,spatial_knn,1,ITCH,0.0645195476348048,0.04946172728859294,0.19314991266386092
random,spatial_knn,1,HSPB7,0.07715358229649848,0.0070326676453797265,0.200093826641201
random,spatial_knn,1,BRD4,0.01752617495272889,0.018293930634366972,0.7463405082192126
random,spatial_knn,1,ADAM32,-0.004844284065853629,-0.007938534168608779,0.0668648805619968
random,spatial_knn,1,PMCH,-0.010422257974436614,-0.019189738929879775,0.1118237137473638
random,spatial_knn,1,CWF19L2,-0.008951353329001203,-0.01593279478692015,0.33835432925917974
random,spatial_knn,1,CTRC,-0.007501646109741165,-0.009169960591130809,0.05634750224439486
random,spatial_knn,1,RBM15,0.0030743467369861795,0.024923456933424303,0.2870990344787797
random,spatial_knn,1,ZNF763,0.032994693146162254,-0.0010931795966970578,0.10639487708269808
random,spatial_knn,1,SCG2,0.04589540248266083,0.038814505563677965,0.1036115037246362
random,spatial_knn,1,ZNF853,-0.012511487773012923,-0.019269932289378667,0.24575631070601142
random,spatial_knn,1,TRANK1,0.020654377871829558,0.03773671298709518,0.2715462768675193
random,spatial_knn,1,TNS1,-0.031975620568632714,-0.027639299188852298,0.5125193648395304
random,spatial_knn,1,HIST1H1E,-0.01512403162864652,-0.016474018512044834,0.1839073220261836
random,spatial_knn,1,PRRC2C,-0.016996686167867595,-0.005720058277754547,0.7582559787351862
random,spatial_knn,1,MYO5A,-0.011991472287627047,-0.023399452281018373,0.24176897531328248
random,spatial_knn,1,XIAP,-0.020235140220286676,-0.0341104748216914,0.4121198679234485
random,spatial_knn,1,TBCK,-0.011116586139903703,-0.01619590232882093,0.26721091761648563
random,spatial_knn,1,SSTR2,0.01588977231586708,0.03646554572088888,0.24485114182740203
random,spatial_knn,1,IGKV1-9,-0.006289250675847291,-0.008012081690088883,0.03860438327976625
random,spatial_knn,1,CEP89,-0.043161499115279854,-0.04279502980870396,0.47528759639986023
random,spatial_knn,1,SIGLEC11,-0.007678630393744183,-0.008813107564188237,0.13795864606013974
random,spatial_knn,1,STEAP2,0.03769952994176958,-0.008504393543508586,0.17099335789106684
random,spatial_knn,1,RAG1,-0.0037111790917239993,-0.005179653995288941,0.022128853723621344
random,spatial_knn,1,SDPR,-0.013353569102291539,-0.019499065801159336,0.1466006482584317
random,spatial_knn,1,CBLN3,-0.007528988118696587,-0.016537748133856073,0.0658193395706562
random,spatial_knn,1,SLC16A11,-0.01010225943235525,-0.014079772432366003,0.07108859939011171
random,spatial_knn,1,AC007906,0.020020304859261862,0.06727871602822524,0.1807035116144196
random,spatial_knn,1,ZNF114,-0.00495433689107278,-0.007789687400001056,0.06995178935777104
random,spatial_knn,1,EXTL1,0.03500826248540265,0.03226303181197065,0.12090719616406914
random,spatial_knn,1,IGLV3-1,-0.0014285139548297471,0.010482715734289966,0.38764080214615787
random,spatial_knn,1,POLR1E,0.007910480834634075,0.029523536982736603,0.3642565311071541
random,spatial_knn,1,SOX6,-0.017397566170082382,-0.024825398455449663,0.09672107840076219
random,spatial_knn,1,H3F3A,-0.010549830762647157,-0.020747733776259453,0.0880162469540589
random,spatial_knn,1,SCUBE2,0.02081326227561211,0.0473035180383965,0.3968048826818447
random,spatial_knn,1,SEPT11,-0.04439366620068245,-0.02491779466960159,0.4775487461727723
random,spatial_knn,1,NGFR,0.046414265055144545,0.07196917660216058,0.3344023984473441
random,spatial_knn,1,HIST1H1B,-0.005591171121853383,0.024106725299530122,0.13163127357247426
random,spatial_knn,1,CACNA2D1,-0.012484729094950655,0.0006631107966667444,0.17087219015105043
random,spatial_knn,1,SLFN5,0.021809828303792904,0.036840461892123366,0.533261940165938
random,spatial_knn,1,ABCG2,-0.0034819790063489128,-0.005179653995288941,0.03562730331859804
random,spatial_knn,1,VPS37A,-0.053804752219353776,-0.06473486465171777,0.2789325643768593
random,spatial_knn,1,FUT1,-0.01101344336764114,-0.020616398114853763,0.1729972849558137
random,spatial_knn,1,AGRP,-0.005078596074371519,-0.0065540112447961445,0.06689756548391557
random,spatial_knn,1,KDM3B,0.009063900653757607,-0.015338396059429438,0.4405260147889771
random,spatial_knn,1,ADAM17,0.001468257521206449,-0.0029911736541954736,0.5315701493673967
random,spatial_knn,1,MRPL21,-0.014117896695283884,0.008548460548327521,0.6445837752951763
random,spatial_knn,1,PLIN4,0.02129182792704544,0.010187342546274174,0.3725403067930004
random,spatial_knn,1,CFAP69,0.041471734094282973,0.015170461907926463,0.17926491012982504
random,spatial_knn,1,JAKMIP3,-0.009823818782107028,-0.01488531709730426,0.07704802682581677
random,spatial_knn,1,GOLGA8N,0.009728281519973932,0.03645919668419511,0.09252655411535075
random,spatial_knn,1,CACNA1A,0.08331014193192583,0.032589515015050266,0.23229749721984433
random,spatial_knn,1,CCDC66,-0.013830625169988677,-0.013092464802670976,0.2867217212830062
random,spatial_knn,1,ATP6V1E2,-0.008944217926553203,-0.0020488941663174658,0.1758412973931498
random,spatial_knn,1,FCHSD1,-0.024868441682895863,-0.02360040595407127,0.3978461452996145
random,spatial_knn,1,CCR10,-0.022790777528693008,-0.017803281171476525,0.2301512330482209
random,spatial_knn,1,CYP20A1,0.006816183654929172,0.027638917711422264,0.2036284698895932
random,spatial_knn,1,CA11,-0.017481672034728512,-0.00019208007021030411,0.30582353602001155
random,spatial_knn,1,MAATS1,0.010975621546283882,0.02579621369810325,0.17399938963936518
random,spatial_knn,1,KCNC1,0.006714632335013964,0.046714275049284056,0.06949831733928552
random,spatial_knn,1,TNFRSF18,-0.07369829057239627,-0.06855833333429219,0.46969805417851274
random,spatial_knn,1,SMAD1,0.0017951100070525698,0.01808921518897899,0.21154280117740573
random,spatial_knn,1,ISM1,0.018355529404544633,0.016050342424923814,0.25292845239589007
random,spatial_knn,1,EXOSC9,-0.032775753533078225,-0.02460754178865409,0.3936103692406104
random,spatial_knn,1,FAM126A,-0.002795728415820241,0.0019441920463075335,0.20802617445934732
random,spatial_knn,1,BAZ2B,-0.018309878028066787,-0.013884479240738658,0.541746020998403
random,spatial_knn,1,SGCE,0.007809644174495052,0.029548858241765497,0.16773022232662937
random,mean,2,IGKC,,,1.9247623682022095
random,mean,2,SCGB2A2,,,1.556785225868225
random,mean,2,IGLC2,,,1.816624641418457
random,mean,2,IGHM,0.0,,1.799171805381775
random,mean,2,AP000769,,,1.4428589344024658
random,mean,2,CD74,0.0,,1.1850403547286987
random,mean,2,MUCL1,0.0,,1.6733512878417969
random,mean,2,CHGA,,,0.41329532861709595
random,mean,2,GNAS,,,1.152591586112976
random,mean,2,IGLC7,0.0,,1.054380178451538
random,mean,2,IGHG4,,,1.976995587348938
random,mean,2,COL3A1,,,1.2538585662841797
random,mean,2,S100A9,0.0,,1.7733525037765503
random,mean,2,TFF3,0.0,,1.4016461372375488
random,mean,2,JCHAIN,,,0.9544693827629089
random,mean,2,HLA-E,,,1.1889855861663818
random,mean,2,AREG,,,0.393825888633728
random,mean,2,AGR3,0.0,,0.25988760590553284
random,mean,2,PSMB3,0.0,,1.2966033220291138
random,mean,2,MUC6,0.0,,1.1273324489593506
random,mean,2,CCL19,,,0.8741499185562134
random,mean,2,AGR2,0.0,,0.8499903678894043
random,mean,2,FABP7,0.0,,0.38912299275398254
random,mean,2,ISG15,,,1.2518082857131958
random,mean,2,KRT15,,,0.7460682392120361
random,mean,2,FNBP1L,,,1.115120768547058
random,mean,2,FABP4,,,0.4220546782016754
random,mean,2,PTGDS,,,0.9516162276268005
random,mean,2,DCAF12L2,,,0.15062293410301208
random,mean,2,LAPTM4A,0.0,,0.9996945261955261
random,mean,2,SLC9A3R1,,,1.4406038522720337
random,mean,2,GLYATL2,,,0.6763544678688049
random,mean,2,TFF1,,,0.7643541693687439
random,mean,2,LTF,,,1.1269078254699707
random,mean,2,ASPH,0.0,,0.8631590604782104
random,mean,2,RHOB,0.0,,0.8454693555831909
random,mean,2,S100A8,,,1.543949842453003
random,mean,2,POSTN,,,1.094475269317627
random,mean,2,KRT81,,,1.1110119819641113
random,mean,2,CD36,0.0,,0.7532898783683777
random,mean,2,KRT17,0.0,,0.7765563130378723
random,mean,2,SERP1,0.0,,0.8351808786392212
random,mean,2,SCGB3A1,,,1.0646216869354248
random,mean,2,IGHD,0.0,,0.5307402014732361
random,mean,2,STOM,0.0,,0.7141000628471375
random,mean,2,ITGAV,,,0.820422351360321
random,mean,2,CCL21,0.0,,0.6130248308181763
random,mean,2,KRT18,0.0,,1.088966727256775
random,mean,2,SCGB2A1,,,0.4333682358264923
random,mean,2,PVALB,,,0.2644186019897461
random,mean,2,BOD1L1,0.0,,0.39529651403427124
random,mean,2,FAHD2A,0.0,,0.23408672213554382
random,mean,2,SCN8A,,,0.11230801790952682
random,mean,2,KCNB1,0.0,,0.09090560674667358
random,mean,2,ARHGAP21,0.0,,0.3033289909362793
random,mean,2,CRYBA2,0.0,,0.16982035338878632
random,mean,2,PIR,0.0,,0.21865665912628174
random,mean,2,SYT1,,,0.15419211983680725
random,mean,2,SEMA6A,0.0,,0.18195685744285583
random,mean,2,PILRB,,,0.1190234124660492
random,mean,2,WDR13,,,0.8027420043945312
random,mean,2,RAPGEF2,0.0,,0.2514432668685913
random,mean,2,RHOJ,,,0.20607662200927734
random,mean,2,FGF10,,,0.010556278750300407
random,mean,2,SYT17,0.0,,0.24715156853199005
random,mean,2,PPP1R14A,0.0,,0.2950612008571625
random,mean,2,MMRN1,,,0.17301681637763977
random,mean,2,LPIN1,0.0,,0.44549107551574707
random,mean,2,RNASEK,,,0.04539954662322998
random,mean,2,SCAPER,,,0.22353938221931458
random,mean,2,KCNQ2,,,0.24641633033752441
random,mean,2,INAFM1,0.0,,0.5479823350906372
random,mean,2,DNAJC24,,,0.12936168909072876
random,mean,2,PMAIP1,,,0.10470911115407944
random,mean,2,MRPL52,,,0.8118351697921753
random,mean,2,C12orf50,,,0.036884088069200516
random,mean,2,ADAM11,,,0.09796494990587234
random,mean,2,MRGPRF,0.0,,0.3711966276168823
random,mean,2,MACROD2,,,0.10400646924972534
random,mean,2,SFSWAP,,,0.5217010378837585
random,mean,2,PHIP,0.0,,0.53507399559021
random,mean,2,AGAP9,,,0.04602726548910141
random,mean,2,HOXC9,0.0,,0.3957326412200928
random,mean,2,ITCH,,,0.2547875940799713
random,mean,2,HSPB7,,,0.23558151721954346
random,mean,2,BRD4,,,0.6469666957855225
random,mean,2,ADAM32,0.0,,0.04750183969736099
random,mean,2,PMCH,,,0.08401822298765182
random,mean,2,CWF19L2,,,0.3400121033191681
random,mean,2,CTRC,,,0.057695310562849045
random,mean,2,RBM15,,,0.29524800181388855
random,mean,2,ZNF763,,,0.09742045402526855
random,mean,2,SCG2,0.0,,0.09566152840852737
random,mean,2,ZNF853,,,0.21403126418590546
random,mean,2,TRANK1,,,0.2946631908416748
random,mean,2,TNS1,0.0,,0.5014550685882568
random,mean,2,HIST1H1E,,,0.2059267908334732
random,mean,2,PRRC2C,0.0,,0.7507467269897461
random,mean,2,MYO5A,,,0.2504592835903168
random,mean,2,XIAP,,,0.34127166867256165
random,mean,2,TBCK,,,0.2831573784351349
random,mean,2,SSTR2,,,0.2810880243778229
random,mean,2,IGKV1-9,0.0,0.0,0.0033368724398314953
random,mean,2,CEP89,,,0.499284952878952
random,mean,2,SIGLEC11,0.0,,0.1426982879638672
random,mean,2,STEAP2,,,0.20329608023166656
random,mean,2,RAG1,,,0.05160441994667053
random,mean,2,SDPR,0.0,,0.08663281798362732
random,mean,2,CBLN3,0.0,,0.06454482674598694
random,mean,2,SLC16A11,,,0.025061937049031258
random,mean,2,AC007906,0.0,,0.17912840843200684
random,mean,2,ZNF114,0.0,,0.08204039186239243
random,mean,2,EXTL1,,,0.12723226845264435
random,mean,2,IGLV3-1,,,0.408072292804718
random,mean,2,POLR1E,0.0,,0.3530491888523102
random,mean,2,SOX6,0.0,,0.07159502804279327
random,mean,2,H3F3A,,,0.09318424761295319
random,mean,2,SCUBE2,0.0,,0.37815019488334656
random,mean,2,SEPT11,,,0.45782944560050964
random,mean,2,NGFR,0.0,,0.23677711188793182
random,mean,2,HIST1H1B,0.0,,0.0976954996585846
random,mean,2,CACNA2D1,,,0.18947461247444153
random,mean,2,SLFN5,,,0.5097458362579346
random,mean,2,ABCG2,0.0,,0.04872778430581093
random,mean,2,VPS37A,,,0.2339291274547577
random,mean,2,FUT1,,,0.17082512378692627
random,mean,2,AGRP,,,0.03938913717865944
random,mean,2,KDM3B,,,0.4249003231525421
random,mean,2,ADAM17,,,0.5110158920288086
random,mean,2,MRPL21,,,0.5682780146598816
random,mean,2,PLIN4,,,0.3639637529850006
random,mean,2,CFAP69,0.0,,0.18229858577251434
random,mean,2,JAKMIP3,,,0.09058542549610138
random,mean,2,GOLGA8N,,,0.0867895856499672
random,mean,2,CACNA1A,,,0.20400813221931458
random,mean,2,CCDC66,,,0.28365448117256165
random,mean,2,ATP6V1E2,0.0,,0.2180289626121521
random,mean,2,FCHSD1,,,0.3700414001941681
random,mean,2,CCR10,0.0,,0.28684964776039124
random,mean,2,CYP20A1,,,0.2448335587978363
random,mean,2,CA11,,,0.2917756140232086
random,mean,2,MAATS1,,,0.15863037109375
random,mean,2,KCNC1,0.0,,0.09742545336484909
random,mean,2,TNFRSF18,,,0.44505298137664795
random,mean,2,SMAD1,,,0.21107926964759827
random,mean,2,ISM1,0.0,,0.22831180691719055
random,mean,2,EXOSC9,,,0.34552380442619324
random,mean,2,FAM126A,0.0,,0.2437182068824768
random,mean,2,BAZ2B,,,0.5314763188362122
random,mean,2,SGCE,,,0.18153820931911469
random,pca_ridge,2,IGKC,0.8811260738580147,0.8613654178066571,0.9102065563201904
random,pca_ridge,2,SCGB2A2,0.7857722660125829,0.7777654918493252,0.9629072546958923
random,pca_ridge,2,IGLC2,0.8523014949836261,0.8034317766633293,0.9500936269760132
random,pca_ridge,2,IGHM,0.8260424497369037,0.8234381766278803,1.0140700340270996
random,pca_ridge,2,AP000769,0.7549642327230656,0.7601401803426195,0.9464211463928223
random,pca_ridge,2,CD74,0.655057501093793,0.6322902340678781,0.895636796951294
random,pca_ridge,2,MUCL1,0.8417935056510256,0.7853657144137468,0.903299868106842
random,pca_ridge,2,CHGA,0.43958594894916875,0.37446356713793627,0.3712961971759796
random,pca_ridge,2,GNAS,0.6727183755375208,0.6343966411286829,0.8548185229301453
random,pca_ridge,2,IGLC7,0.537428154936206,0.553951668146528,0.8893580436706543
random,pca_ridge,2,IGHG4,0.8532305839099452,0.8349232693515446,1.03172767162323
random,pca_ridge,2,COL3A1,0.7464694094506444,0.7393486603442325,0.834418773651123
random,pca_ridge,2,S100A9,0.8286530882677241,0.7207926109364605,0.9941827058792114
random,pca_ridge,2,TFF3,0.7363906864511385,0.6355905662023813,0.9497243165969849
random,pca_ridge,2,JCHAIN,0.4805854047427982,0.4933877578040875,0.8368889689445496
random,pca_ridge,2,HLA-E,0.6851402130286263,0.7412619037647014,0.86659836769104
random,pca_ridge,2,AREG,0.48487289052657817,0.295955028598035,0.3447876274585724
random,pca_ridge,2,AGR3,0.4217822187520227,0.2374583752068288,0.23577825725078583
random,pca_ridge,2,PSMB3,0.65215193825415,0.6695703508489259,0.9829275012016296
random,pca_ridge,2,MUC6,0.8008897328330754,0.6652205334764278,0.6752540469169617
random,pca_ridge,2,CCL19,0.45126297728323267,0.3921695090619092,0.7804626226425171
random,pca_ridge,2,AGR2,0.5610691840651246,0.5066312974143923,0.7031198143959045
random,pca_ridge,2,FABP7,0.5235042051277521,0.3165157491740287,0.33176329731941223
random,pca_ridge,2,ISG15,0.6194821554340183,0.5980580683147535,0.9841250777244568
random,pca_ridge,2,KRT15,0.47515057337243827,0.49986469332012484,0.6571073532104492
random,pca_ridge,2,FNBP1L,0.8590880798911582,0.6855761425603842,0.5707428455352783
random,pca_ridge,2,FABP4,0.2107038965041771,0.16832477114288882,0.4153604209423065
random,pca_ridge,2,PTGDS,0.4124807389157537,0.4133760884560963,0.867512047290802
random,pca_ridge,2,DCAF12L2,0.48337104600450553,0.21066640041111348,0.13247671723365784
random,pca_ridge,2,LAPTM4A,0.6204273206414003,0.6008457489153252,0.7840205430984497
random,pca_ridge,2,SLC9A3R1,0.773577899313754,0.6719532787740994,0.9122036099433899
random,pca_ridge,2,GLYATL2,0.691931404714815,0.4605546449787684,0.48961859941482544
random,pca_ridge,2,TFF1,0.6951263917865169,0.43249802424220374,0.5499764680862427
random,pca_ridge,2,LTF,0.5629680037052542,0.5418955606665169,0.9312851428985596
random,pca_ridge,2,ASPH,0.6436371538222647,0.645629064847755,0.6606096625328064
random,pca_ridge,2,RHOB,0.47503929244281196,0.509456703575025,0.7439356446266174
random,pca_ridge,2,S100A8,0.8150190426824209,0.7003988305268327,0.8945989608764648
random,pca_ridge,2,POSTN,0.6457094371990435,0.6517430986390359,0.8363524675369263
random,pca_ridge,2,KRT81,0.8175152587579968,0.7126194292731101,0.6397876143455505
random,pca_ridge,2,CD36,0.6407754570674691,0.5062702753604746,0.5787733793258667
random,pca_ridge,2,KRT17,0.45994891100608365,0.3719452907906512,0.6899372339248657
random,pca_ridge,2,SERP1,0.4472843760231401,0.5013576097757723,0.7474120259284973
random,pca_ridge,2,SCGB3A1,0.7783470214611115,0.5387848028789806,0.6685243844985962
random,pca_ridge,2,IGHD,0.37286345494082906,0.33773355672741145,0.49239489436149597
random,pca_ridge,2,STOM,0.3675660475289545,0.36000393983194556,0.6643300652503967
random,pca_ridge,2,ITGAV,0.4511011307857147,0.47490051530644317,0.7323462963104248
random,pca_ridge,2,CCL21,0.27589596424388624,0.2962342072682954,0.5892674326896667
random,pca_ridge,2,KRT18,0.43165293854450815,0.3656957739894495,0.985148549079895
random,pca_ridge,2,SCGB2A1,0.3530858502066757,0.31450120340767845,0.4057479202747345
random,pca_ridge,2,PVALB,0.3992731977071158,0.24106094821508403,0.24264872074127197
random,pca_ridge,2,BOD1L1,0.2470780582806288,0.3292138370499892,0.3830619752407074
random,pca_ridge,2,FAHD2A,0.04666091202140876,0.07382107802548381,0.23397640883922577
random,pca_ridge,2,SCN8A,0.034053589626983606,0.0742759849854024,0.1124444529414177
random,pca_ridge,2,KCNB1,0.0422558784548249,0.05278994461310375,0.09107676893472672
random,pca_ridge,2,ARHGAP21,0.13434512177381178,0.17632541351904968,0.3008020222187042
random,pca_ridge,2,CRYBA2,0.19070185910958307,0.09775165196647226,0.166986882686615
random,pca_ridge,2,PIR,0.16344361044441608,0.20291407983128174,0.21592070162296295
random,pca_ridge,2,SYT1,0.07717928934441859,0.10744899111991857,0.15419647097587585
random,pca_ridge,2,SEMA6A,0.2842987882644076,0.23025264082464258,0.174473837018013
random,pca_ridge,2,PILRB,0.04087113047219294,0.0494530532544789,0.11920201033353806
random,pca_ridge,2,WDR13,0.2574703063117896,0.2749822773220244,0.7756960391998291
random,pca_ridge,2,RAPGEF2,0.09562500857781961,0.18653794819620195,0.2508787512779236
random,pca_ridge,2,RHOJ,0.12743410685751916,0.11264398555987402,0.2044273018836975
random,pca_ridge,2,FGF10,-0.009728589196336191,-0.013478182534158315,0.012061693705618382
random,pca_ridge,2,SYT17,0.1069137248347414,0.13223975281360925,0.24573856592178345
random,pca_ridge,2,PPP1R14A,0.058481554126143996,0.06497123716127268,0.2960546612739563
random,pca_ridge,2,MMRN1,0.02732884576342474,0.014978604926771538,0.17301589250564575
random,pca_ridge,2,LPIN1,0.1669990987317995,0.2877203666611691,0.43933507800102234
random,pca_ridge,2,RNASEK,0.003956768411281356,0.014518775867320128,0.04576302692294121
random,pca_ridge,2,SCAPER,0.04794137058681238,0.07203615138581082,0.2248084396123886
random,pca_ridge,2,KCNQ2,0.42062971652183956,0.20685841205658795,0.22490379214286804
random,pca_ridge,2,INAFM1,0.07874164743385828,0.13565211459474344,0.5472996830940247
random,pca_ridge,2,DNAJC24,0.0519076168955614,0.06882374325148351,0.1296766698360443
random,pca_ridge,2,PMAIP1,0.18755532178602674,0.11150076865862424,0.10377153009176254
random,pca_ridge,2,MRPL52,0.2640141433249412,0.3459468159389122,0.7833629250526428
random,pca_ridge,2,C12orf50,0.03242959111803306,0.02362181439770833,0.03708837553858757
random,pca_ridge,2,ADAM11,0.14037582619624775,0.10241649675514851,0.09702097624540329
random,pca_ridge,2,MRGPRF,0.1839232299391908,0.2017185583144732,0.36486974358558655
random,pca_ridge,2,MACROD2,-0.01991551528862604,0.01269924402222007,0.10461895167827606
random,pca_ridge,2,SFSWAP,0.21050496998994836,0.29992613730397827,0.5100950598716736
random,pca_ridge,2,PHIP,0.21643028917053378,0.2892634790163369,0.5227025747299194
random,pca_ridge,2,AGAP9,0.01867626725019108,0.026273065355170412,0.04622606188058853
random,pca_ridge,2,HOXC9,0.14751776780680564,0.18226375184922913,0.3915613293647766
random,pca_ridge,2,ITCH,0.055741351130296976,0.12079346187739083,0.2544315755367279
random,pca_ridge,2,HSPB7,0.09509317509080532,0.12159660169904439,0.23462171852588654
random,pca_ridge,2,BRD4,0.1996068434555302,0.3047014130004987,0.6338354349136353
random,pca_ridge,2,ADAM32,0.006948275939735919,0.027029805882748097,0.047805074602365494
random,pca_ridge,2,PMCH,0.04804466717435916,0.0702946318775574,0.08401870727539062
random,pca_ridge,2,CWF19L2,0.13914144911187803,0.15228695412538518,0.33676138520240784
random,pca_ridge,2,CTRC,-0.019425539350073483,-0.03821833116656001,0.057997968047857285
random,pca_ridge,2,RBM15,0.15103361373106117,0.24323440515991504,0.29246845841407776
random,pca_ridge,2,ZNF763,0.008656003614785213,0.003213098883090505,0.09767365455627441
random,pca_ridge,2,SCG2,0.03193253708861281,0.050657711710832734,0.09597370028495789
random,pca_ridge,2,ZNF853,0.10449623404066513,0.13946487794388787,0.21360601484775543
random,pca_ridge,2,TRANK1,0.0852608579561396,0.11055013134879682,0.29426443576812744
random,pca_ridge,2,TNS1,0.19228695615039193,0.2310190065573616,0.4921504855155945
random,pca_ridge,2,HIST1H1E,0.0982736995302431,0.0703410772839157,0.2049623727798462
random,pca_ridge,2,PRRC2C,0.3774938850148879,0.4596363959172347,0.6951653957366943
random,pca_ridge,2,MYO5A,0.16934723406071728,0.21227771995099168,0.24682873487472534
random,pca_ridge,2,XIAP,0.1915018780260403,0.27194095230950527,0.3350735008716583
random,pca_ridge,2,TBCK,0.08402609064214886,0.15030978681923565,0.2822969853878021
random,pca_ridge,2,SSTR2,0.18406304076279212,0.1440029651008364,0.27626052498817444
random,pca_ridge,2,IGKV1-9,,,0.007337476592510939
random,pca_ridge,2,CEP89,0.10172145323140207,0.18375585762595528,0.4973442256450653
random,pca_ridge,2,SIGLEC11,-0.004872887620874583,-0.015699156076277206,0.1428850293159485
random,pca_ridge,2,STEAP2,0.18670132288016722,0.18343007762352362,0.19972637295722961
random,pca_ridge,2,RAG1,-0.008145296194381823,-0.010278989273078767,0.05179252848029137
random,pca_ridge,2,SDPR,0.02316030891382204,0.039122838537175984,0.08754228800535202
random,pca_ridge,2,CBLN3,0.08274671478827661,0.0817191364385682,0.064354807138443
random,pca_ridge,2,SLC16A11,-0.006877354396880506,-0.005517082800365113,0.026449641212821007
random,pca_ridge,2,AC007906,0.08666037453423053,0.08489354308569678,0.17849713563919067
random,pca_ridge,2,ZNF114,-0.0011513407175013474,0.008995843816776108,0.08233088999986649
random,pca_ridge,2,EXTL1,0.0129498258976303,-0.008048245307132194,0.12748396396636963
random,pca_ridge,2,IGLV3-1,0.18921782856635685,0.2074353845271374,0.40076208114624023
random,pca_ridge,2,POLR1E,0.07774919131783703,0.18499901500250676,0.352694034576416
random,pca_ridge,2,SOX6,0.012079823761060007,0.015689917931572362,0.07198246568441391
random,pca_ridge,2,H3F3A,0.016125189204823014,0.04256715737914016,0.09383861720561981
random,pca_ridge,2,SCUBE2,0.3442465056147443,0.30759758416939537,0.35512059926986694
random,pca_ridge,2,SEPT11,0.21488751426285554,0.27441257772057975,0.44724422693252563
random,pca_ridge,2,NGFR,0.17028453051217696,0.14151826431240044,0.23364727199077606
random,pca_ridge,2,HIST1H1B,-0.02044393058757969,0.018746272637313276,0.09821514785289764
random,pca_ridge,2,CACNA2D1,0.006548911417534974,0.03197268513314279,0.18990589678287506
random,pca_ridge,2,SLFN5,0.2855552819888757,0.24671983861698304,0.4886319935321808
random,pca_ridge,2,ABCG2,0.01835689788608419,-5.2244998409203114e-05,0.04904663562774658
random,pca_ridge,2,VPS37A,0.1326037195908765,0.1986648399724981,0.23229427635669708
random,pca_ridge,2,FUT1,0.04276333676396493,0.08238457843054564,0.17071294784545898
random,pca_ridge,2,AGRP,0.005846121902671118,0.010306845467297534,0.03969603776931763
random,pca_ridge,2,KDM3B,0.18465592630411115,0.28466454693466675,0.41913482546806335
random,pca_ridge,2,ADAM17,0.1400854703564304,0.1951062115577941,0.5064119100570679
random,pca_ridge,2,MRPL21,0.31311755638608807,0.40055294577152784,0.5396900773048401
random,pca_ridge,2,PLIN4,0.1519106247621318,0.08049829802222036,0.36044102907180786
random,pca_ridge,2,CFAP69,-0.000569074973911701,0.06402058743675755,0.18295729160308838
random,pca_ridge,2,JAKMIP3,0.0033751867584298654,0.004907954989425669,0.09068865329027176
random,pca_ridge,2,GOLGA8N,0.01664183602792306,0.03631176878038363,0.08690103888511658
random,pca_ridge,2,CACNA1A,0.06311055192262628,0.08353762789193063,0.204117089509964
random,pca_ridge,2,CCDC66,0.05965848608407222,0.11348417536972467,0.2834000885486603
random,pca_ridge,2,ATP6V1E2,0.0479386525202227,0.11302539842144968,0.21807855367660522
random,pca_ridge,2,FCHSD1,0.11927148209163332,0.11701311671283654,0.3676995635032654
random,pca_ridge,2,CCR10,0.08109061557820636,0.08242514488261853,0.28595227003097534
random,pca_ridge,2,CYP20A1,0.060234869686282264,0.1057405050773716,0.2447073608636856
random,pca_ridge,2,CA11,0.09389149474158308,0.11264577994688388,0.29082930088043213
random,pca_ridge,2,MAATS1,0.0713537587096794,0.1205518325105764,0.1584158092737198
random,pca_ridge,2,KCNC1,-0.00043891341100738034,0.07316973777053562,0.09780025482177734
random,pca_ridge,2,TNFRSF18,0.26050220567238,0.2757793788300139,0.42991843819618225
random,pca_ridge,2,SMAD1,0.084217646451708,0.09022524481973858,0.21062071621418
random,pca_ridge,2,ISM1,0.2142203371786842,0.22222240218175376,0.2231823205947876
random,pca_ridge,2,EXOSC9,0.22095059193280098,0.31500166441375754,0.33714327216148376
random,pca_ridge,2,FAM126A,0.14820538111344114,0.20236932976457758,0.24103352427482605
random,pca_ridge,2,BAZ2B,0.2526218095090611,0.3593188495106886,0.5143266320228577
random,pca_ridge,2,SGCE,0.12033533295580351,0.14851787776449527,0.18034827709197998
random,spatial_knn,2,IGKC,-0.027787236409624234,-0.03650400584848854,2.031091185311768
random,spatial_knn,2,SCGB2A2,-0.03256571541426926,-0.03506266376415022,1.647383579004151
random,spatial_knn,2,IGLC2,-0.02862501014022835,-0.026864974614192048,1.9256231103142543
random,spatial_knn,2,IGHM,0.03664349495113365,0.02708554930421165,1.8707933023206413
random,spatial_knn,2,AP000769,0.029473354280533715,0.019084469235902894,1.502823268358166
random,spatial_knn,2,CD74,-0.02743895461364587,-0.016720670738325928,1.2630320876819943
random,spatial_knn,2,MUCL1,-0.0021972103246030742,-0.011819445276052675,1.7724128499657685
random,spatial_knn,2,CHGA,0.1517293903232827,0.07488223210053806,0.4190777308660215
random,spatial_knn,2,GNAS,0.043949468570234615,0.049369975675603854,1.1958492378434842
random,spatial_knn,2,IGLC7,0.02767599382612219,0.01267585736494058,1.1084118515397556
random,spatial_knn,2,IGHG4,0.057558484467247095,0.03707778248035958,2.036734217755492
random,spatial_knn,2,COL3A1,0.11678364757595461,0.09679188121461824,1.2800039166345014
random,spatial_knn,2,S100A9,-0.09178839381775336,-0.08646521934736282,1.900421754487033
random,spatial_knn,2,TFF3,0.08245115344443704,0.03547003053569244,1.443060079807264
random,spatial_knn,2,JCHAIN,0.013288445739624616,0.009120202471028002,1.0090139474299749
random,spatial_knn,2,HLA-E,-0.009873499134288206,-0.015871510436365203,1.255554355685038
random,spatial_knn,2,AREG,0.1530482551838342,0.14561241064775277,0.4021201387723779
random,spatial_knn,2,AGR3,0.05120054331341323,0.11819706882330774,0.27527195124196363
random,spatial_knn,2,PSMB3,-0.009657364154759367,-0.004769770103234734,1.3773493989650696
random,spatial_knn,2,MUC6,0.11368961861528379,0.04484568221118008,1.1622834535394555
random,spatial_knn,2,CCL19,0.016670275226821612,0.004003483624818358,0.920202342634056
random,spatial_knn,2,AGR2,0.023052716233762816,0.03037138233518247,0.8908616181472003
random,spatial_knn,2,FABP7,0.1802181510325217,0.12152968434779718,0.3927971198930144
random,spatial_knn,2,ISG15,-0.036392801808949084,-0.039802811431556895,1.3300630972038876
random,spatial_knn,2,KRT15,0.035917895328777594,0.015215274934693138,0.7792607932201916
random,spatial_knn,2,FNBP1L,-0.0334431631841807,-0.0418309008902647,1.183418338561282
random,spatial_knn,2,FABP4,-0.002811533822607476,-0.012077661979955068,0.45364668795542046
random,spatial_knn,2,PTGDS,0.01505648287619351,0.025118411646882072,1.0071743260487258
random,spatial_knn,2,DCAF12L2,0.07192595085291137,0.16971386074658043,0.15383327285726456
random,spatial_knn,2,LAPTM4A,0.002335378984919451,0.001741490075004064,1.0535584954281754
random,spatial_knn,2,SLC9A3R1,0.017809245700576196,-0.0012193845573915377,1.5032701145412395
random,spatial_knn,2,GLYATL2,-0.02894291521945605,0.002077247590910911,0.7129166810248182
random,spatial_knn,2,TFF1,0.08879030690881763,0.07353849026793263,0.7869138828469724
random,spatial_knn,2,LTF,0.05641247020690613,0.046013459767103415,1.175744275231404
random,spatial_knn,2,ASPH,-0.02485873666124249,-0.02592449170915703,0.9138106470790035
random,spatial_knn,2,RHOB,0.04301950338284771,0.044618889701912676,0.8779915407054341
random,spatial_knn,2,S100A8,-0.015561054010573637,-0.014341744339126456,1.636590128889639
random,spatial_knn,2,POSTN,0.04458500916572591,0.02996955732439243,1.138810898649652
random,spatial_knn,2,KRT81,0.08917103371090238,0.022643887174413353,1.1532711620124587
random,spatial_knn,2,CD36,0.04330438089923235,0.04119386319368033,0.7873938100898288
random,spatial_knn,2,KRT17,0.02376410700964343,0.02676253647894842,0.8133391866506225
random,spatial_knn,2,SERP1,0.017551808384917822,0.022937705969865448,0.8736192819112315
random,spatial_knn,2,SCGB3A1,0.027637214584326372,0.03810651461068829,1.1093265920535305
random,spatial_knn,2,IGHD,-0.031580005715192726,-0.012825960312693589,0.561321696675129
random,spatial_knn,2,STOM,0.006883572429430905,0.02208837310973648,0.7516654897234307
random,spatial_knn,2,ITGAV,0.009366287622657945,0.0010645712265971317,0.8640133537857622
random,spatial_knn,2,CCL21,0.00538352193759729,0.02551232657335093,0.6460746527133988
random,spatial_knn,2,KRT18,-0.029798385135215242,-0.012891928891606695,1.1598028336100896
random,spatial_knn,2,SCGB2A1,0.03486833813808213,0.013966867505303404,0.4516835842526056
random,spatial_knn,2,PVALB,0.07098558381196748,0.12485405999901066,0.2732691650804182
random,spatial_knn,2,BOD1L1,-0.0033809013607436567,-0.010978554236728954,0.41790522364513094
random,spatial_knn,2,FAHD2A,-0.023560654400560623,-0.03590970105224667,0.24569006953200184
random,spatial_knn,2,SCN8A,0.013728447803571613,-0.0193316043174996,0.11791087391465402
random,spatial_knn,2,KCNB1,-0.022917959523774893,-0.03514436346074633,0.10143395322804873
random,spatial_knn,2,ARHGAP21,-0.03893232709808595,-0.021086639426379224,0.3278936015287404
random,spatial_knn,2,CRYBA2,-0.008119090196013222,0.00663888300404805,0.1828011065787802
random,spatial_knn,2,PIR,-0.029656100487350182,-0.01790244466227238,0.22935242797157193
random,spatial_knn,2,SYT1,0.0017399979625314327,0.06257507079231453,0.15951905575917366
random,spatial_knn,2,SEMA6A,-0.024729544119084203,0.003630804044536639,0.19501196402635582
random,spatial_knn,2,PILRB,-0.0191351237722583,-0.01720490485651947,0.12638225610029868
random,spatial_knn,2,WDR13,0.010706949301764968,0.009176001441179546,0.8472336845084675
random,spatial_knn,2,RAPGEF2,0.043040820654612046,-0.0013656844794858714,0.2595165860437963
random,spatial_knn,2,RHOJ,-0.042550156558602746,-0.03886499257201467,0.22306301564977385
random,spatial_knn,2,FGF10,-0.002980908744739756,-0.0038546345347270864,0.020232496114666397
random,spatial_knn,2,SYT17,-0.021922846096453976,-0.012081523610985741,0.26093351997679265
random,spatial_knn,2,PPP1R14A,-0.029193749720800913,-0.006373491540192705,0.31700403593125237
random,spatial_knn,2,MMRN1,-0.009669948773516245,-0.01924515639682952,0.17692983527588604
random,spatial_knn,2,LPIN1,0.03520481196685921,0.011835142606990484,0.4659453681936082
random,spatial_knn,2,RNASEK,-0.006462318570592555,-0.00907442559151282,0.04914211333635501
random,spatial_knn,2,SCAPER,-0.02479241361135473,-0.014276761500871572,0.23862858973306064
random,spatial_knn,2,KCNQ2,-0.019570436855585054,-0.0033464480651189807,0.26258243218327665
random,spatial_knn,2,INAFM1,0.015751987513744924,0.000533980139114588,0.5687711241039718
random,spatial_knn,2,DNAJC24,0.012466340447753233,0.02471776518364525,0.14586734590664982
random,spatial_knn,2,PMAIP1,0.008291032076432659,0.025532518040127756,0.11481839318450861
random,spatial_knn,2,MRPL52,-0.016400026458703167,-0.020600714499112122,0.8586325646315474
random,spatial_knn,2,C12orf50,-0.0058222846301900005,-0.008065697287913452,0.039322991945787686
random,spatial_knn,2,ADAM11,-0.028788655045527342,-0.04194797890505256,0.10419272304828585
random,spatial_knn,2,MRGPRF,0.010617461740318461,0.031066164802562315,0.3888055757025457
random,spatial_knn,2,MACROD2,-0.015925855329557592,-0.005655448050797563,0.1072298527736942
random,spatial_knn,2,SFSWAP,-0.04554368014212048,-0.036164065077778265,0.5630729256346877
random,spatial_knn,2,PHIP,0.04704118796543679,0.007084904695439791,0.5539592069540252
random,spatial_knn,2,AGAP9,-0.012298723360664586,-0.015353844129664134,0.04909188929272981
random,spatial_knn,2,HOXC9,-0.03373564475067422,-0.02692964203991575,0.42026857627231645
random,spatial_knn,2,ITCH,0.03559706371297461,0.02592353639368623,0.26092436311953904
random,spatial_knn,2,HSPB7,-0.02061299831819448,-0.011320515425984804,0.24655122383974573
random,spatial_knn,2,BRD4,-0.018803742542453473,-0.0100267856143932,0.6906273917390197
random,spatial_knn,2,ADAM32,0.0381096882108821,0.04729997236407599,0.05015444958731091
random,spatial_knn,2,PMCH,-0.007014547980771781,-0.012435895373078912,0.08638006338667252
random,spatial_knn,2,CWF19L2,0.026958289542273656,-0.028173929919588978,0.35861293426842483
random,spatial_knn,2,CTRC,-0.006210670285714973,-0.007862296784511225,0.06022311900172357
random,spatial_knn,2,RBM15,0.00038343085627559555,0.008714435259547288,0.3118735392324419
random,spatial_knn,2,ZNF763,0.008521393101627767,0.02258873586719273,0.10270919348126976
random,spatial_knn,2,SCG2,0.012944413811050139,-0.012706177028430698,0.10370969111998869
random,spatial_knn,2,ZNF853,0.003737262818885775,-0.0024549738384200158,0.23193649878343442
random,spatial_knn,2,TRANK1,0.00043227744607965987,0.03149976516314279,0.3067606893296997
random,spatial_knn,2,TNS1,-0.018074965591288267,-0.02777878184856898,0.5289006203796434
random,spatial_knn,2,HIST1H1E,-0.027586193422474373,-0.040061973732155476,0.21505452245397816
random,spatial_knn,2,PRRC2C,-0.04073709734850018,-0.04228617167141873,0.7982423837422274
random,spatial_knn,2,MYO5A,-0.025526551854675512,-0.04601495856250835,0.2676854911236905
random,spatial_knn,2,XIAP,0.015259730552518702,0.006572780503087078,0.36047005955898964
random,spatial_knn,2,TBCK,-0.021000675287569253,-0.019507168840621262,0.2945825979677794
random,spatial_knn,2,SSTR2,-0.0017654862116815375,0.018259376129076875,0.29658527376898736
random,spatial_knn,2,IGKV1-9,,,0.022146056053796787
random,spatial_knn,2,CEP89,0.02657412548255214,0.01636666360181028,0.516876494963019
random,spatial_knn,2,SIGLEC11,-0.00968154384663625,-0.012009240736406903,0.1441354660065495
random,spatial_knn,2,STEAP2,-0.008989315543788807,0.024426473737895263,0.21509441366133858
random,spatial_knn,2,RAG1,0.036166078424986876,0.07252849817471244,0.05284216891354998
random,spatial_knn,2,SDPR,-0.01078160957348028,-0.01692233477436821,0.09425660098699819
random,spatial_knn,2,CBLN3,-0.008698672200205624,-0.01757497936179971,0.07872559362265867
random,spatial_knn,2,SLC16A11,-0.007283869279623061,-0.009636989591679494,0.03324268197445053
random,spatial_knn,2,AC007906,0.002893982814573099,0.06005693509132018,0.18314669773695924
random,spatial_knn,2,ZNF114,0.10593552664831798,0.052309048862660835,0.08376975922308633
random,spatial_knn,2,EXTL1,-0.0019333045696361198,0.019238195314652075,0.1308061617144261
random,spatial_knn,2,IGLV3-1,0.02828292807698054,0.031726320546943514,0.42034663952322376
random,spatial_knn,2,POLR1E,-0.009432446762575035,0.024539134548300815,0.3717486424522204
random,spatial_knn,2,SOX6,-0.009402991809033298,-0.015014996857524157,0.0775560228357171
random,spatial_knn,2,H3F3A,-0.013736332791842276,-0.015026840074298897,0.10358579488606032
random,spatial_knn,2,SCUBE2,0.04287767530852398,0.08967824916808466,0.39285200604796694
random,spatial_knn,2,SEPT11,0.01867071407339984,0.009128606474340299,0.47598404183887294
random,spatial_knn,2,NGFR,0.05847054043317023,0.06280767165430254,0.25853851953039714
random,spatial_knn,2,HIST1H1B,-0.009854654797877602,-0.018646340114332745,0.10385693564123406
random,spatial_knn,2,CACNA2D1,-0.023334190573880902,-0.020122759843754626,0.19470848657641038
random,spatial_knn,2,SLFN5,0.029317455733813173,0.05858316840919626,0.5345522259845006
random,spatial_knn,2,ABCG2,-0.005900005498672596,-0.008683078524722098,0.05307584055011765
random,spatial_knn,2,VPS37A,-0.023635136896868247,0.0005459557426517459,0.25377497627602
random,spatial_knn,2,FUT1,0.012246399109514215,0.016174331411107943,0.17446033719352896
random,spatial_knn,2,AGRP,-0.002165487553870132,-0.0038546345347270864,0.0500823532797841
random,spatial_knn,2,KDM3B,0.010735495072540924,0.026634219794317765,0.44468946403548376
random,spatial_knn,2,ADAM17,0.025880860944030772,-0.0008694600296631959,0.5314963368691321
random,spatial_knn,2,MRPL21,-0.031510372143336435,-0.021227687416136346,0.6069630134179578
random,spatial_knn,2,PLIN4,0.04973189433337373,0.00947319693455756,0.3830658113479472
random,spatial_knn,2,CFAP69,-0.009454250728760872,0.0017786679553625814,0.19051419339767983
random,spatial_knn,2,JAKMIP3,-0.011006068113145348,-0.01788337705005032,0.09454109542168995
random,spatial_knn,2,GOLGA8N,-0.008632255433056523,-0.013094495588179322,0.089470910246774
random,spatial_knn,2,CACNA1A,0.001990559025919472,-0.012470422830543336,0.21992222415261575
random,spatial_knn,2,CCDC66,-0.012989909981044902,-0.03398794898692177,0.2978920383220318
random,spatial_knn,2,ATP6V1E2,-0.004611548411334108,-0.0009999880855147876,0.22695575234881166
random,spatial_knn,2,FCHSD1,-0.004483564479736711,-9.019905898204773e-06,0.39251912872819067
random,spatial_knn,2,CCR10,0.02257767909520287,-0.00021418362760061436,0.29264522513413543
random,spatial_knn,2,CYP20A1,-0.007294275548251964,-0.0668007051653706,0.25688088052133845
random,spatial_knn,2,CA11,-0.0247809676151218,-0.013991862361070381,0.3115160279882614
random,spatial_knn,2,MAATS1,0.0016880952113601964,0.03707661415505179,0.16660829362855856
random,spatial_knn,2,KCNC1,0.012623825230483924,0.11253288302702047,0.09933110429863652
random,spatial_knn,2,TNFRSF18,0.02108486456258376,0.024410838448927382,0.462469817655257
random,spatial_knn,2,SMAD1,0.005842231695144197,0.015795207182090685,0.22437974337994412
random,spatial_knn,2,ISM1,-0.006026250336669826,0.003849320142870439,0.24075615262240022
random,spatial_knn,2,EXOSC9,-0.034124960779205335,-0.03627076626029231,0.36913721806772376
random,spatial_knn,2,FAM126A,0.005808789939958934,-0.015934286630890363,0.25429201136647755
random,spatial_knn,2,BAZ2B,0.014081415241029294,0.010142531776480503,0.5580065594121658
random,spatial_knn,2,SGCE,-0.05127305704364754,-0.041354563988333884,0.19169495235547568
random,mean,3,IGKC,,,1.9520174264907837
random,mean,3,SCGB2A2,,,1.5778456926345825
random,mean,3,IGLC2,,,1.8204370737075806
random,mean,3,IGHM,0.0,,1.7667657136917114
random,mean,3,AP000769,,,1.443316102027893
random,mean,3,CD74,,,1.1595278978347778
random,mean,3,MUCL1,,,1.7026259899139404
random,mean,3,CHGA,,,0.3783462643623352
random,mean,3,GNAS,0.0,,1.1287106275558472
random,mean,3,IGLC7,0.0,,1.0742297172546387
random,mean,3,IGHG4,,,1.9598058462142944
random,mean,3,COL3A1,0.0,,1.2546523809432983
random,mean,3,S100A9,0.0,,1.7670637369155884
random,mean,3,TFF3,0.0,,1.3580657243728638
random,mean,3,JCHAIN,,,0.9378933906555176
random,mean,3,HLA-E,0.0,,1.1635253429412842
random,mean,3,AREG,0.0,,0.40266287326812744
random,mean,3,AGR3,0.0,,0.2630159854888916
random,mean,3,PSMB3,,,1.2740265130996704
random,mean,3,MUC6,,,1.1280900239944458
random,mean,3,CCL19,0.0,,0.8587291836738586
random,mean,3,AGR2,,,0.8325215578079224
random,mean,3,FABP7,,,0.369081974029541
random,mean,3,ISG15,,,1.2252986431121826
random,mean,3,KRT15,,,0.759531557559967
random,mean,3,FNBP1L,0.0,,1.1548995971679688
random,mean,3,FABP4,0.0,,0.39441385865211487
random,mean,3,PTGDS,,,0.9563672542572021
random,mean,3,DCAF12L2,,,0.14796963334083557
random,mean,3,LAPTM4A,,,1.0028916597366333
random,mean,3,SLC9A3R1,,,1.4186077117919922
random,mean,3,GLYATL2,,,0.641725480556488
random,mean,3,TFF1,0.0,,0.7750998735427856
random,mean,3,LTF,0.0,,1.1750818490982056
random,mean,3,ASPH,,,0.8624213337898254
random,mean,3,RHOB,,,0.8339758515357971
random,mean,3,S100A8,,,1.5604074001312256
random,mean,3,POSTN,0.0,,1.0838700532913208
random,mean,3,KRT81,,,1.1238148212432861
random,mean,3,CD36,,,0.756127119064331
random,mean,3,KRT17,,,0.7413439750671387
random,mean,3,SERP1,0.0,,0.8151217699050903
random,mean,3,SCGB3A1,0.0,,1.0789546966552734
random,mean,3,IGHD,0.0,,0.538021981716156
random,mean,3,STOM,,,0.6973564028739929
random,mean,3,ITGAV,,,0.8097113370895386
random,mean,3,CCL21,,,0.5554062724113464
random,mean,3,KRT18,0.0,,1.104396939277649
random,mean,3,SCGB2A1,,,0.46066805720329285
random,mean,3,PVALB,0.0,,0.21799764037132263
random,mean,3,BOD1L1,,,0.4412503242492676
random,mean,3,FAHD2A,,,0.1988198608160019
random,mean,3,SCN8A,,,0.08609945327043533
random,mean,3,KCNB1,,,0.1055271252989769
random,mean,3,ARHGAP21,0.0,,0.35666951537132263
random,mean,3,CRYBA2,,,0.1840192824602127
random,mean,3,PIR,,,0.17963258922100067
random,mean,3,SYT1,,,0.14363306760787964
random,mean,3,SEMA6A,0.0,,0.16828690469264984
random,mean,3,PILRB,,,0.12797811627388
random,mean,3,WDR13,0.0,,0.812807559967041
random,mean,3,RAPGEF2,,,0.22403010725975037
random,mean,3,RHOJ,,,0.23528088629245758
random,mean,3,FGF10,0.0,,0.1001715213060379
random,mean,3,SYT17,0.0,,0.260883629322052
random,mean,3,PPP1R14A,0.0,,0.3082742989063263
random,mean,3,MMRN1,0.0,,0.097422756254673
random,mean,3,LPIN1,0.0,,0.40874770283699036
random,mean,3,RNASEK,0.0,,0.05010891705751419
random,mean,3,SCAPER,0.0,,0.224628284573555
random,mean,3,KCNQ2,,,0.30260834097862244
random,mean,3,INAFM1,,,0.5088583827018738
random,mean,3,DNAJC24,,,0.15843206644058228
random,mean,3,PMAIP1,,,0.13886769115924835
random,mean,3,MRPL52,,,0.8031483292579651
random,mean,3,C12orf50,,,0.05395560339093208
random,mean,3,ADAM11,0.0,,0.0920095443725586
random,mean,3,MRGPRF,0.0,,0.3651609420776367
random,mean,3,MACROD2,,,0.1250392496585846
random,mean,3,SFSWAP,,,0.5624898076057434
random,mean,3,PHIP,0.0,,0.4938570261001587
random,mean,3,AGAP9,,,0.04044003412127495
random,mean,3,HOXC9,,,0.4149221181869507
random,mean,3,ITCH,0.0,,0.20533078908920288
random,mean,3,HSPB7,,,0.18210740387439728
random,mean,3,BRD4,,,0.6716019511222839
random,mean,3,ADAM32,0.0,,0.061581939458847046
random,mean,3,PMCH,,,0.07918581366539001
random,mean,3,CWF19L2,0.0,,0.3400547206401825
random,mean,3,CTRC,,,0.03490922227501869
random,mean,3,RBM15,,,0.27686697244644165
random,mean,3,ZNF763,0.0,,0.09097074717283249
random,mean,3,SCG2,0.0,,0.11809226870536804
random,mean,3,ZNF853,0.0,,0.2564133107662201
random,mean,3,TRANK1,0.0,,0.28017354011535645
random,mean,3,TNS1,,,0.4789418578147888
random,mean,3,HIST1H1E,0.0,,0.1785336583852768
random,mean,3,PRRC2C,,,0.7582384943962097
random,mean,3,MYO5A,,,0.2774811387062073
random,mean,3,XIAP,,,0.3880743980407715
random,mean,3,TBCK,0.0,,0.23666800558567047
random,mean,3,SSTR2,0.0,,0.28082361817359924
random,mean,3,IGKV1-9,,,0.0032043959945440292
random,mean,3,CEP89,,,0.5186555981636047
random,mean,3,SIGLEC11,,,0.0672072097659111
random,mean,3,STEAP2,0.0,,0.18272386491298676
random,mean,3,RAG1,,,0.07588657736778259
random,mean,3,SDPR,0.0,,0.15073451399803162
random,mean,3,CBLN3,,,0.11173044890165329
random,mean,3,SLC16A11,0.0,,0.13515208661556244
random,mean,3,AC007906,0.0,,0.14783518016338348
random,mean,3,ZNF114,,,0.10788517445325851
random,mean,3,EXTL1,,,0.07635821402072906
random,mean,3,IGLV3-1,0.0,,0.40801918506622314
random,mean,3,POLR1E,,,0.36400020122528076
random,mean,3,SOX6,,,0.0630965381860733
random,mean,3,H3F3A,0.0,,0.11597827076911926
random,mean,3,SCUBE2,0.0,,0.3993406593799591
random,mean,3,SEPT11,,,0.41919735074043274
random,mean,3,NGFR,,,0.28866487741470337
random,mean,3,HIST1H1B,0.0,,0.08590992540121078
random,mean,3,CACNA2D1,,,0.11374621838331223
random,mean,3,SLFN5,0.0,,0.5044484734535217
random,mean,3,ABCG2,0.0,,0.052209336310625076
random,mean,3,VPS37A,,,0.2976481020450592
random,mean,3,FUT1,0.0,,0.08981002122163773
random,mean,3,AGRP,,,0.060988958925008774
random,mean,3,KDM3B,,,0.45107436180114746
random,mean,3,ADAM17,0.0,,0.4813346564769745
random,mean,3,MRPL21,,,0.5666506290435791
random,mean,3,PLIN4,,,0.3465966582298279
random,mean,3,CFAP69,0.0,,0.12526701390743256
random,mean,3,JAKMIP3,,,0.05695383995771408
random,mean,3,GOLGA8N,0.0,,0.05933726951479912
random,mean,3,CACNA1A,0.0,,0.21739980578422546
random,mean,3,CCDC66,0.0,,0.2451474368572235
random,mean,3,ATP6V1E2,,,0.1880180686712265
random,mean,3,FCHSD1,0.0,,0.39782753586769104
random,mean,3,CCR10,,,0.2189801186323166
random,mean,3,CYP20A1,,,0.21860624849796295
random,mean,3,CA11,,,0.2951645255088806
random,mean,3,MAATS1,0.0,,0.15500608086585999
random,mean,3,KCNC1,0.0,,0.035711050033569336
random,mean,3,TNFRSF18,0.0,,0.4810144305229187
random,mean,3,SMAD1,,,0.1915300488471985
random,mean,3,ISM1,0.0,,0.21394255757331848
random,mean,3,EXOSC9,,,0.355410099029541
random,mean,3,FAM126A,,,0.19768668711185455
random,mean,3,BAZ2B,0.0,,0.4769158959388733
random,mean,3,SGCE,,,0.14978240430355072
random,pca_ridge,3,IGKC,0.8986558432390529,0.8646046643647148,0.8558133840560913
random,pca_ridge,3,SCGB2A2,0.7957236116725481,0.7942205382532479,0.9557833671569824
random,pca_ridge,3,IGLC2,0.8581185127100205,0.7986968835278813,0.9346661567687988
random,pca_ridge,3,IGHM,0.827630868804396,0.8184018640345475,0.9927692413330078
random,pca_ridge,3,AP000769,0.7393738915188552,0.7441712561304596,0.9719196557998657
random,pca_ridge,3,CD74,0.6916116192594638,0.6615889249744676,0.8376917839050293
random,pca_ridge,3,MUCL1,0.8403635818213098,0.7893892036009177,0.9224825501441956
random,pca_ridge,3,CHGA,0.5192891375724571,0.39787620108071436,0.3233453035354614
random,pca_ridge,3,GNAS,0.6470228552933053,0.6003733708027231,0.8602214455604553
random,pca_ridge,3,IGLC7,0.5251857733540952,0.5454004764626884,0.9148455262184143
random,pca_ridge,3,IGHG4,0.8466316661839863,0.8238072177673745,1.0426616668701172
random,pca_ridge,3,COL3A1,0.7226509484209203,0.7189850879091604,0.8671174049377441
random,pca_ridge,3,S100A9,0.8445583341193378,0.7341590596651743,0.9459806084632874
random,pca_ridge,3,TFF3,0.756773894593673,0.6521340562151291,0.8886426091194153
random,pca_ridge,3,JCHAIN,0.48314815997389166,0.498915748900824,0.8210337162017822
random,pca_ridge,3,HLA-E,0.7095675704496366,0.7495243826230022,0.820525050163269
random,pca_ridge,3,AREG,0.427797583284489,0.263830801038193,0.36467793583869934
random,pca_ridge,3,AGR3,0.3520961132943278,0.21559291719042678,0.24651223421096802
random,pca_ridge,3,PSMB3,0.6239368586365776,0.6366815160955565,0.9963068962097168
random,pca_ridge,3,MUC6,0.8125318943184291,0.6985664623422012,0.6575539112091064
random,pca_ridge,3,CCL19,0.48644486475296267,0.39944018598697295,0.7499420642852783
random,pca_ridge,3,AGR2,0.5772338551830422,0.5260461380508491,0.6798748970031738
random,pca_ridge,3,FABP7,0.558400501340721,0.35040458214297976,0.30762210488319397
random,pca_ridge,3,ISG15,0.6287888949597807,0.6111992127877862,0.9558639526367188
random,pca_ridge,3,KRT15,0.46109485048704957,0.4735681767029332,0.6740356683731079
random,pca_ridge,3,FNBP1L,0.8554399365437845,0.6735033735983975,0.5983085036277771
random,pca_ridge,3,FABP4,0.2188732942191249,0.1727969598099238,0.3883432447910309
random,pca_ridge,3,PTGDS,0.4436377274800499,0.4520951963768933,0.8571088314056396
random,pca_ridge,3,DCAF12L2,0.44889588935696506,0.2172124018018259,0.13231900334358215
random,pca_ridge,3,LAPTM4A,0.5865777591688062,0.5680794658328483,0.8121281266212463
random,pca_ridge,3,SLC9A3R1,0.7570916381141323,0.6436847890370159,0.9267970323562622
random,pca_ridge,3,GLYATL2,0.6691193471481202,0.49129539352155666,0.4769250452518463
random,pca_ridge,3,TFF1,0.6749453569770442,0.4408595683663129,0.5737358331680298
random,pca_ridge,3,LTF,0.5325578496949114,0.5248365661288129,0.9963675737380981
random,pca_ridge,3,ASPH,0.6346916110288188,0.6458031760756273,0.6664621829986572
random,pca_ridge,3,RHOB,0.5033379425131972,0.5239817135925509,0.7207645773887634
random,pca_ridge,3,S100A8,0.8218575029328795,0.6969304275441213,0.8892055153846741
random,pca_ridge,3,POSTN,0.6756952831807488,0.6813575424421887,0.7990167140960693
random,pca_ridge,3,KRT81,0.8229906974369524,0.7284220629149901,0.6384956240653992
random,pca_ridge,3,CD36,0.7034162364499664,0.5361747036816801,0.538297712802887
random,pca_ridge,3,KRT17,0.4221965003693888,0.33034459773552666,0.6727789640426636
random,pca_ridge,3,SERP1,0.49886481386023496,0.5437358616984548,0.7070561647415161
random,pca_ridge,3,SCGB3A1,0.7974772081497905,0.5447757866441759,0.6510946750640869
random,pca_ridge,3,IGHD,0.3819406142857482,0.33289363064595656,0.49715155363082886
random,pca_ridge,3,STOM,0.3787961811520516,0.38405428092541943,0.6455851793289185
random,pca_ridge,3,ITGAV,0.43284842639555965,0.45759356104972787,0.7309608459472656
random,pca_ridge,3,CCL21,0.25324725971099127,0.2724139911991467,0.5381039381027222
random,pca_ridge,3,KRT18,0.4563220492816693,0.3951625312540599,0.9830936193466187
random,pca_ridge,3,SCGB2A1,0.38628637748886224,0.36409229396788173,0.42513129115104675
random,pca_ridge,3,PVALB,0.39804671250183205,0.235255120610627,0.20161192119121552
random,pca_ridge,3,BOD1L1,0.19726990967594446,0.28338883895797107,0.4326958954334259
random,pca_ridge,3,FAHD2A,0.04143024700113129,0.06790565971959447,0.19909967482089996
random,pca_ridge,3,SCN8A,0.05049426610709919,0.07136603361613193,0.08634889870882034
random,pca_ridge,3,KCNB1,0.06168532434707897,0.04813446031863244,0.10538042336702347
random,pca_ridge,3,ARHGAP21,0.1226624903180255,0.1926286409717409,0.3539501428604126
random,pca_ridge,3,CRYBA2,0.2568884373885182,0.16246532628421437,0.1778884381055832
random,pca_ridge,3,PIR,0.1660584848594473,0.18464346525207553,0.17772923409938812
random,pca_ridge,3,SYT1,0.09186173566233258,0.12493611221858374,0.143245130777359
random,pca_ridge,3,SEMA6A,0.33246262658254633,0.24048688303427346,0.15887916088104248
random,pca_ridge,3,PILRB,0.05193758692263552,0.07795568249696293,0.12793880701065063
random,pca_ridge,3,WDR13,0.19998442739549294,0.21712031637071905,0.7972579598426819
random,pca_ridge,3,RAPGEF2,0.12267986311448427,0.19466071765556797,0.2227807641029358
random,pca_ridge,3,RHOJ,0.09536877712592011,0.12247114395434096,0.23432129621505737
random,pca_ridge,3,FGF10,0.048688881925619015,0.04143725123061541,0.10004978626966476
random,pca_ridge,3,SYT17,0.1018095649457054,0.14646396962634192,0.25950512290000916
random,pca_ridge,3,PPP1R14A,0.12108835648871887,0.09691085338270673,0.3061438500881195
random,pca_ridge,3,MMRN1,0.036304609192268855,0.03376139584626506,0.09754588454961777
random,pca_ridge,3,LPIN1,0.16170063499700255,0.2691852016258906,0.4038824141025543
random,pca_ridge,3,RNASEK,-0.03699377494592739,-0.04664436983006883,0.05074264854192734
random,pca_ridge,3,SCAPER,0.10880700641661163,0.10810455808514736,0.22350993752479553
random,pca_ridge,3,KCNQ2,0.5289827270342151,0.2515958463949805,0.26045364141464233
random,pca_ridge,3,INAFM1,0.16007423577105442,0.1967224176107861,0.5025721192359924
random,pca_ridge,3,DNAJC24,0.04883511509711846,0.06734376455887761,0.15856745839118958
random,pca_ridge,3,PMAIP1,0.22196087901583572,0.17789298282987792,0.13542194664478302
random,pca_ridge,3,MRPL52,0.30478984374760215,0.4010251826985679,0.7650488615036011
random,pca_ridge,3,C12orf50,-0.019643426048232944,-0.023704229395992767,0.05430956557393074
random,pca_ridge,3,ADAM11,0.1487436529007157,0.11388873693398607,0.09104721248149872
random,pca_ridge,3,MRGPRF,0.07331470282602476,0.1262887658352027,0.36656495928764343
random,pca_ridge,3,MACROD2,-0.015311067392793636,-0.008846246239456014,0.12556670606136322
random,pca_ridge,3,SFSWAP,0.16975844749337715,0.2785199051222019,0.5546552538871765
random,pca_ridge,3,PHIP,0.2658568441750588,0.32647804208345593,0.4761771261692047
random,pca_ridge,3,AGAP9,0.043558680306468096,0.05754562809449139,0.04055391997098923
random,pca_ridge,3,HOXC9,0.13678449648453964,0.16423647689377102,0.41113895177841187
random,pca_ridge,3,ITCH,0.06675417379230165,0.1330530933454136,0.2050112783908844
random,pca_ridge,3,HSPB7,0.07977547123918173,0.09675229586540604,0.1822361946105957
random,pca_ridge,3,BRD4,0.18505774314751125,0.28653150572962166,0.6600178480148315
random,pca_ridge,3,ADAM32,0.025699003254552683,0.03516582448724655,0.06171269714832306
random,pca_ridge,3,PMCH,0.08109248732251285,0.09164829538216128,0.07893502712249756
random,pca_ridge,3,CWF19L2,0.12548260596412253,0.15287852723023096,0.3375818133354187
random,pca_ridge,3,CTRC,0.020920954094263377,0.01562935941652219,0.0350007601082325
random,pca_ridge,3,RBM15,0.23362200505293337,0.3126011314888972,0.26919952034950256
random,pca_ridge,3,ZNF763,0.018852303542808493,0.026928867285480437,0.09123151004314423
random,pca_ridge,3,SCG2,0.08799237780637897,0.09430735341765668,0.11762933433055878
random,pca_ridge,3,ZNF853,0.1172898300279418,0.1504379423322123,0.2548869550228119
random,pca_ridge,3,TRANK1,0.13813320500627824,0.16148151206433017,0.2775314152240753
random,pca_ridge,3,TNS1,0.18424649725908507,0.2372279411352335,0.4708496928215027
random,pca_ridge,3,HIST1H1E,0.08974672213966375,0.04767432032136836,0.1778365820646286
random,pca_ridge,3,PRRC2C,0.36539388075240353,0.4524202099616562,0.705425500869751
random,pca_ridge,3,MYO5A,0.10336684715494156,0.15380403033978332,0.27640119194984436
random,pca_ridge,3,XIAP,0.1878075030342965,0.28187013311351056,0.38112854957580566
random,pca_ridge,3,TBCK,0.0779146358999226,0.14684373866041858,0.23653388023376465
random,pca_ridge,3,SSTR2,0.1393412029804206,0.13011556037595534,0.2782226800918579
random,pca_ridge,3,IGKV1-9,,,0.0071122124791145325
random,pca_ridge,3,CEP89,0.13953897865708123,0.2425254622710548,0.5135469436645508
random,pca_ridge,3,SIGLEC11,-0.0391760952434283,-0.04710434457154637,0.06777457147836685
random,pca_ridge,3,STEAP2,0.1473387689141114,0.1517711984204132,0.18123020231723785
random,pca_ridge,3,RAG1,-0.009586579274653879,0.00508221640280741,0.07601728290319443
random,pca_ridge,3,SDPR,0.10659493894906984,0.06237916780667367,0.14991116523742676
random,pca_ridge,3,CBLN3,-0.01908581092960518,0.017576755018537272,0.11209859699010849
random,pca_ridge,3,SLC16A11,0.07482175846636792,0.0642768059604848,0.1348475068807602
random,pca_ridge,3,AC007906,0.0708775133836043,0.06985809868466289,0.14781704545021057
random,pca_ridge,3,ZNF114,0.05619538659107716,0.028130443542035928,0.10772118717432022
random,pca_ridge,3,EXTL1,0.09002449302523567,0.095025464038664,0.07610849291086197
random,pca_ridge,3,IGLV3-1,0.17857590908389043,0.1978030828127534,0.40152299404144287
random,pca_ridge,3,POLR1E,0.061468215623074994,0.16700968307306552,0.364454448223114
random,pca_ridge,3,SOX6,0.03670041864661616,0.03685941238882607,0.0633082389831543
random,pca_ridge,3,H3F3A,0.05247903790063621,0.04883636892278977,0.11598535627126694
random,pca_ridge,3,SCUBE2,0.32800047003226585,0.31153916531482395,0.37725594639778137
random,pca_ridge,3,SEPT11,0.2244615516062227,0.26741347485845635,0.40846315026283264
random,pca_ridge,3,NGFR,0.13361792695718705,0.1546457538078096,0.28658419847488403
random,pca_ridge,3,HIST1H1B,-0.044841542748894285,-0.026739329554916442,0.0866541787981987
random,pca_ridge,3,CACNA2D1,0.004576639884309003,0.04956628063430595,0.11454232037067413
random,pca_ridge,3,SLFN5,0.34926823897394005,0.3187649318759437,0.47300413250923157
random,pca_ridge,3,ABCG2,-0.01229768680687748,-0.01803648345341003,0.052628807723522186
random,pca_ridge,3,VPS37A,0.14420350467409074,0.2175821473135475,0.29443442821502686
random,pca_ridge,3,FUT1,0.04609839225245228,0.06058572831134112,0.09016631543636322
random,pca_ridge,3,AGRP,0.023347251968852137,0.021089465248621743,0.06109200417995453
random,pca_ridge,3,KDM3B,0.21866201366324928,0.33892177398627654,0.4400688707828522
random,pca_ridge,3,ADAM17,0.171133063103717,0.24381645709335478,0.4743693172931671
random,pca_ridge,3,MRPL21,0.3147742372391467,0.4258726353478094,0.538168728351593
random,pca_ridge,3,PLIN4,0.12179062033340934,0.04672145375424764,0.34574204683303833
random,pca_ridge,3,CFAP69,0.10127058977712987,0.09455043587921892,0.12468152493238449
random,pca_ridge,3,JAKMIP3,0.0231924240563606,0.025266722754063813,0.0572093203663826
random,pca_ridge,3,GOLGA8N,-0.0016635545293068558,0.004366516357850282,0.05983543395996094
random,pca_ridge,3,CACNA1A,0.06245360119726978,0.09457978282976584,0.2175145447254181
random,pca_ridge,3,CCDC66,0.05844717768460407,0.12651486517009325,0.24552951753139496
random,pca_ridge,3,ATP6V1E2,0.06943304234584395,0.12532005784209982,0.18773920834064484
random,pca_ridge,3,FCHSD1,0.1439472702216726,0.15656724713697734,0.3937216103076935
random,pca_ridge,3,CCR10,0.06905370275080638,0.05587579302776659,0.21882624924182892
random,pca_ridge,3,CYP20A1,0.1098079588782889,0.17310025823555258,0.2172906994819641
random,pca_ridge,3,CA11,0.14047432987941422,0.1494812123256752,0.2922360301017761
random,pca_ridge,3,MAATS1,0.11609862859889933,0.13931909734743586,0.15394732356071472
random,pca_ridge,3,KCNC1,0.1489942401113533,0.08771927119493074,0.03547562286257744
random,pca_ridge,3,TNFRSF18,0.20560662475103905,0.2648713956563976,0.47070837020874023
random,pca_ridge,3,SMAD1,0.05674717188201637,0.0822164827194525,0.19200821220874786
random,pca_ridge,3,ISM1,0.16780800986280328,0.17656608737051782,0.21109887957572937
random,pca_ridge,3,EXOSC9,0.2568609797429123,0.35004511355285944,0.3433944284915924
random,pca_ridge,3,FAM126A,0.13953314608601342,0.1966323159821785,0.19592812657356262
random,pca_ridge,3,BAZ2B,0.23163246618550312,0.31963524927768633,0.4644247591495514
random,pca_ridge,3,SGCE,0.1511876263379848,0.16145247211700922,0.14826838672161102
random,spatial_knn,3,IGKC,-0.03973699333887003,-0.033329902530505946,2.0578636645939667
random,spatial_knn,3,SCGB2A2,-0.07702263234542354,-0.0771268098303547,1.6804478343968328
random,spatial_knn,3,IGLC2,-0.03184553205899425,-0.017119775749858786,1.9210228574205048
random,spatial_knn,3,IGHM,-0.002423097119351722,-0.0102348067810796,1.8627124826463557
random,spatial_knn,3,AP000769,0.042408106038473115,0.01565447235930135,1.493065349166345
random,spatial_knn,3,CD74,-0.01762998793761311,-0.014749107437782912,1.229841731178007
random,spatial_knn,3,MUCL1,0.045707985217651244,0.018989874549044435,1.7706655078878892
random,spatial_knn,3,CHGA,0.1767084617456513,0.04157359889077932,0.3835321143086847
random,spatial_knn,3,GNAS,0.014294622401051565,0.008240137522457043,1.1843813313662903
random,spatial_knn,3,IGLC7,0.035659545301985666,0.01671994421926403,1.11930827431683
random,spatial_knn,3,IGHG4,0.0406135110633195,0.018809642164734627,2.0249864157254676
random,spatial_knn,3,COL3A1,0.01676494692540697,0.021177761457362648,1.3201815447418574
random,spatial_knn,3,S100A9,-0.07679041645576969,-0.08975543436449554,1.8797933087484868
random,spatial_knn,3,TFF3,0.051117216836923864,0.006465866051908364,1.4254012185737883
random,spatial_knn,3,JCHAIN,0.05175603685821345,0.02634223823701482,0.9788960401958648
random,spatial_knn,3,HLA-E,0.0013306096300890803,-0.005121779233367155,1.2236068912852496
random,spatial_knn,3,AREG,0.1327201573433677,0.10728981968013641,0.4137694851917315
random,spatial_knn,3,AGR3,0.0870968263817141,0.11239209954743702,0.2703602189511229
random,spatial_knn,3,PSMB3,0.06123728464830992,0.04554112744852512,1.322757610600714
random,spatial_knn,3,MUC6,0.06725469074300394,0.023208673272972415,1.1825741426870713
random,spatial_knn,3,CCL19,0.03793162472703373,0.04155270962331131,0.896451916809721
random,spatial_knn,3,AGR2,0.013111354298502338,0.021932482191452593,0.8780395869750496
random,spatial_knn,3,FABP7,0.1454922741285512,0.05855489966819247,0.37835943056181925
random,spatial_knn,3,ISG15,0.04254384087230314,0.03930483441411631,1.2713383747869715
random,spatial_knn,3,KRT15,0.07177919710478708,0.04774733458093233,0.7841616273213637
random,spatial_knn,3,FNBP1L,-0.04212706127343755,-0.03645477440529647,1.218391968415482
random,spatial_knn,3,FABP4,-0.019928047676518748,-0.003656801409369601,0.42851303218043596
random,spatial_knn,3,PTGDS,0.031097804657639883,0.029322033121298927,1.0052933058825428
random,spatial_knn,3,DCAF12L2,0.13726615795970462,0.17896698359844346,0.15025269678252412
random,spatial_knn,3,LAPTM4A,0.03729555705011297,0.032553465062741,1.0416890165929793
random,spatial_knn,3,SLC9A3R1,-0.02730126644275288,-0.03248089801017587,1.5010157602561929
random,spatial_knn,3,GLYATL2,0.01698862802231703,0.034125636665254644,0.6764103820431907
random,spatial_knn,3,TFF1,0.06786345199293597,0.06984651067777828,0.8000187973280515
random,spatial_knn,3,LTF,-0.006525802466568605,-0.017843230242024947,1.2423498238241943
random,spatial_knn,3,ASPH,-0.017108465159264362,-0.014573190892065246,0.9096090532877161
random,spatial_knn,3,RHOB,0.05464601631819552,0.06110529805937211,0.8688097741653205
random,spatial_knn,3,S100A8,0.026717782509447917,0.00593029601237169,1.628808218566805
random,spatial_knn,3,POSTN,0.07929831574870277,0.07787383344850718,1.116826040424553
random,spatial_knn,3,KRT81,0.0699647098080962,-0.0007510035810728953,1.1727409655452166
random,spatial_knn,3,CD36,0.03607497896243685,0.028633133423112644,0.7926766135362564
random,spatial_knn,3,KRT17,0.04066122232455559,0.03455655035694829,0.7716301778674769
random,spatial_knn,3,SERP1,0.01937253467447108,0.015731714090758197,0.8531338561042761
random,spatial_knn,3,SCGB3A1,0.044203498395115344,0.018059391779807435,1.122414343493942
random,spatial_knn,3,IGHD,0.00809808827401501,0.01808674991441344,0.571098701793693
random,spatial_knn,3,STOM,0.06848218447699514,0.07090545122454604,0.7200369717682203
random,spatial_knn,3,ITGAV,-0.007699238821845203,-0.010860323773278883,0.8609140175035482
random,spatial_knn,3,CCL21,0.013683042416510676,0.005254615577225624,0.5919538391825783
random,spatial_knn,3,KRT18,0.012784543467132257,0.027464994648470853,1.1525702079138722
random,spatial_knn,3,SCGB2A1,-0.003908604422974945,-0.0012857185814064247,0.48062656085748806
random,spatial_knn,3,PVALB,0.10465979448303685,0.11313000465719367,0.22949779380560237
random,spatial_knn,3,BOD1L1,0.08672607168566743,0.08046968788812675,0.449296767157765
random,spatial_knn,3,FAHD2A,-0.04232870774486881,-0.09113678112574022,0.21120984906039333
random,spatial_knn,3,SCN8A,-0.024622534772152125,-0.03805093964222625,0.09376588644205185
random,spatial_knn,3,KCNB1,-0.02547348161842121,-0.038661024946632865,0.11219291718430686
random,spatial_knn,3,ARHGAP21,-0.016155517474276078,0.01826836258586731,0.3690027307142713
random,spatial_knn,3,CRYBA2,-0.02678681147780702,-0.02800338282863105,0.19421003183647467
random,spatial_knn,3,PIR,-0.03959941048570014,-0.02637706480012826,0.19490104894154434
random,spatial_knn,3,SYT1,0.015039453711964338,0.03999069423535375,0.14924255479992113
random,spatial_knn,3,SEMA6A,-0.010967085518521156,0.021357645797855075,0.1798290782376623
random,spatial_knn,3,PILRB,0.005102948743228197,0.013115774424357629,0.13504781080079964
random,spatial_knn,3,WDR13,0.013268087190465521,0.009874387773885123,0.848397938427274
random,spatial_knn,3,RAPGEF2,0.008114042628960792,-0.024024552853385422,0.23768370456668944
random,spatial_knn,3,RHOJ,-0.001958531119403524,0.020226319825604185,0.2484662518984615
random,spatial_knn,3,FGF10,-0.006093682080933692,-0.008417590980723345,0.10126977730484865
random,spatial_knn,3,SYT17,0.03528441155547132,0.0048564528832183845,0.26811509600826855
random,spatial_knn,3,PPP1R14A,-0.02508337367792394,-0.04289833160768825,0.3231749123615131
random,spatial_knn,3,MMRN1,0.04620969234110022,0.08775308514440404,0.10221757682461952
random,spatial_knn,3,LPIN1,0.030111765456261014,0.02621972000012948,0.4268977119778402
random,spatial_knn,3,RNASEK,-0.007583490228162487,-0.01194766250273397,0.056942335042123704
random,spatial_knn,3,SCAPER,0.03964901215754138,0.0139097278503332,0.23990131264643444
random,spatial_knn,3,KCNQ2,-0.025118169626387632,-0.0276458069125082,0.31593793499923145
random,spatial_knn,3,INAFM1,-0.05333552881821654,-0.05188423071668961,0.5412551693938688
random,spatial_knn,3,DNAJC24,0.011514005359449372,0.000305984149868263,0.16419889589768547
random,spatial_knn,3,PMAIP1,0.017501134725691148,0.018348515429767658,0.14403777055533987
random,spatial_knn,3,MRPL52,0.01403813317348662,0.008982448783369098,0.8404206709064161
random,spatial_knn,3,C12orf50,-0.005845827240040269,-0.007740663332313149,0.05578536442873675
random,spatial_knn,3,ADAM11,-0.01685233663990852,-0.021420052212959267,0.10015285969248097
random,spatial_knn,3,MRGPRF,-0.018032576905401068,-0.026390169574421172,0.38921011593502747
random,spatial_knn,3,MACROD2,-0.017299914272123195,-0.029753736400609142,0.12868347197670896
random,spatial_knn,3,SFSWAP,0.032143466056075994,0.04333623738731268,0.5835247234670732
random,spatial_knn,3,PHIP,0.00024949132401353216,0.008864867800239436,0.5240866089454183
random,spatial_knn,3,AGAP9,-0.011859464663880673,-0.016606933714489,0.04724287816508987
random,spatial_knn,3,HOXC9,0.014788606934570146,-0.003473734485402919,0.42953870903027663
random,spatial_knn,3,ITCH,-0.02820301249899011,-0.001275988213145386,0.2145647117267706
random,spatial_knn,3,HSPB7,-0.017687627009216746,-0.028410548558026674,0.19439352335666185
random,spatial_knn,3,BRD4,-0.022725341037222405,-0.015943845220579705,0.7117598377880769
random,spatial_knn,3,ADAM32,-0.006799266332075667,-0.009914484725226668,0.0637562269968966
random,spatial_knn,3,PMCH,-0.010221977974781853,-0.01850463535323783,0.08223396954280372
random,spatial_knn,3,CWF19L2,0.0013611310551976826,-0.007707220381866644,0.3566201621044617
random,spatial_knn,3,CTRC,-0.004620539900629161,-0.005754638884853981,0.037619429958996004
random,spatial_knn,3,RBM15,0.039982042178771514,0.02652877436591356,0.2890981458435269
random,spatial_knn,3,ZNF763,0.029985967914847016,-0.011531279018165044,0.09748735554395115
random,spatial_knn,3,SCG2,0.017665973921352912,0.022474268189150996,0.12246994970856148
random,spatial_knn,3,ZNF853,-0.027119100235956557,-0.033741884580229496,0.26634707177115974
random,spatial_knn,3,TRANK1,-0.005028311960640735,0.021640094594672893,0.2920917415446254
random,spatial_knn,3,TNS1,-0.03454313858250114,-0.016587622689239138,0.506816944921101
random,spatial_knn,3,HIST1H1E,-0.012646329270288735,-0.018461500899309903,0.18500976810431016
random,spatial_knn,3,PRRC2C,-0.03465610340247593,-0.02239586284128478,0.8034484178669261
random,spatial_knn,3,MYO5A,-0.02243197680802983,-0.006973580127745984,0.2908285970129237
random,spatial_knn,3,XIAP,-0.005023164397016213,0.01092703993533219,0.40737048767476797
random,spatial_knn,3,TBCK,-0.04435496107921445,-0.038993149263086155,0.2497755526286643
random,spatial_knn,3,SSTR2,0.029282014814057906,0.041927502182514814,0.29063823952522694
random,spatial_knn,3,IGKV1-9,,,0.018972747941966035
random,spatial_knn,3,CEP89,-0.009629041945015196,0.0007145849472044813,0.5433365185530851
random,spatial_knn,3,SIGLEC11,-0.005518048168566315,-0.006922816353037332,0.07097029623766374
random,spatial_knn,3,STEAP2,0.01470656500053206,0.05758028956144913,0.19309039518177507
random,spatial_knn,3,RAG1,-0.004667682265759849,-0.00858304146221229,0.078871898682333
random,spatial_knn,3,SDPR,-0.0019366301752434057,-0.002884064526829225,0.15600616284365168
random,spatial_knn,3,CBLN3,-0.0016393781396719762,0.00820559071582485,0.11792177961643463
random,spatial_knn,3,SLC16A11,-0.009017778181603413,-0.0163510293280936,0.13845049730125808
random,spatial_knn,3,AC007906,0.005087360784608723,-0.01745106837944158,0.15517887587189885
random,spatial_knn,3,ZNF114,-0.008179333646889782,-0.013435166949169608,0.10945100134388115
random,spatial_knn,3,EXTL1,-0.01198085871322443,-0.02230961447131144,0.08734442206770017
random,spatial_knn,3,IGLV3-1,-0.0005294578760293906,-0.0015881568882497813,0.42657099157543366
random,spatial_knn,3,POLR1E,-0.0071307172446850465,0.005926479672315884,0.3800166588519705
random,spatial_knn,3,SOX6,-0.010196524190946406,-0.01377272836998983,0.06796017501487747
random,spatial_knn,3,H3F3A,-0.01980985456444704,-0.01318090278997542,0.12172466470288794
random,spatial_knn,3,SCUBE2,0.06414913666866923,0.058286561172655876,0.40935478806716863
random,spatial_knn,3,SEPT11,0.058624583540527235,0.05201103949200615,0.432933772012449
random,spatial_knn,3,NGFR,0.021581062062384245,0.03246409142443174,0.30224541259207666
random,spatial_knn,3,HIST1H1B,-0.014754314902167706,-0.020430207354910385,0.09033821896834578
random,spatial_knn,3,CACNA2D1,-0.024534098667502433,-0.016551442638019644,0.12083365701445137
random,spatial_knn,3,SLFN5,0.017216643352685936,0.01453171444372917,0.5279340151698616
random,spatial_knn,3,ABCG2,0.022211181112011612,0.07648334687635859,0.05486577675672137
random,spatial_knn,3,VPS37A,-0.0073431858387499925,-0.0317446921595358,0.31074467792820104
random,spatial_knn,3,FUT1,0.026170536170128916,0.005853280202002992,0.09900482487443844
random,spatial_knn,3,AGRP,-0.004164358472665299,-0.005588241099807342,0.06263908586272413
random,spatial_knn,3,KDM3B,0.05603306223840736,0.043627824838332344,0.46497134591391504
random,spatial_knn,3,ADAM17,-0.03504713710667117,-0.042625553716131304,0.5134974680315243
random,spatial_knn,3,MRPL21,-0.00939158772849335,-0.005672957057925625,0.5978911721431498
random,spatial_knn,3,PLIN4,-0.006413870182180001,-0.05354569101711225,0.3723019685553209
random,spatial_knn,3,CFAP69,-0.033298769235014694,-0.012669495469319628,0.14011370495904077
random,spatial_knn,3,JAKMIP3,-0.009217597565974144,-0.015254223383988672,0.06383616301890363
random,spatial_knn,3,GOLGA8N,-0.009771998233755541,-0.013770169962052003,0.06313827775702849
random,spatial_knn,3,CACNA1A,-0.0012833635844762994,-0.0017990075754055262,0.23206008916909834
random,spatial_knn,3,CCDC66,0.02185926768975469,-0.007090997406691176,0.25717148104961535
random,spatial_knn,3,ATP6V1E2,-0.0062258068006199475,0.01722778084579674,0.19788552836324239
random,spatial_knn,3,FCHSD1,0.02736597049873603,0.03726961967414844,0.4154413601595492
random,spatial_knn,3,CCR10,0.016617668523705515,0.004667436272458457,0.231961595151936
random,spatial_knn,3,CYP20A1,-0.009812385756257685,-0.0017487632560364505,0.2331625617462785
random,spatial_knn,3,CA11,-0.006461760355068295,-0.0036788747570805796,0.316073967420702
random,spatial_knn,3,MAATS1,-0.010646098618971278,0.0015562211584399168,0.1620967770061451
random,spatial_knn,3,KCNC1,-0.012636024752045172,-0.017256810120274756,0.039087326188176987
random,spatial_knn,3,TNFRSF18,-0.03368292373098981,-0.02307567745952272,0.5057829434950759
random,spatial_knn,3,SMAD1,0.018644055161104657,0.009331839598574315,0.1998798817685026
random,spatial_knn,3,ISM1,-0.02446328482959877,-0.005464385173843182,0.2272288528842341
random,spatial_knn,3,EXOSC9,-0.016163814942614485,-0.025980966795739375,0.37553391426616545
random,spatial_knn,3,FAM126A,-0.0007354431641975363,0.027038846389792343,0.21055452222598428
random,spatial_knn,3,BAZ2B,0.006106798746080081,0.009563614230113478,0.5022752044176504
random,spatial_knn,3,SGCE,0.012373973978951996,0.009122440957514324,0.16199056104743975
random,mean,4,IGKC,,,1.9575228691101074
random,mean,4,SCGB2A2,,,1.5439893007278442
random,mean,4,IGLC2,0.0,,1.8460943698883057
random,mean,4,IGHM,,,1.7988619804382324
random,mean,4,AP000769,,,1.4313504695892334
random,mean,4,CD74,,,1.1339731216430664
random,mean,4,MUCL1,,,1.697306752204895
random,mean,4,CHGA,0.0,,0.41699308156967163
random,mean,4,GNAS,0.0,,1.1242655515670776
random,mean,4,IGLC7,0.0,,1.0647096633911133
random,mean,4,IGHG4,,,1.9852055311203003
random,mean,4,COL3A1,,,1.2726192474365234
random,mean,4,S100A9,0.0,,1.7735034227371216
random,mean,4,TFF3,,,1.3331009149551392
random,mean,4,JCHAIN,,,0.9878753423690796
random,mean,4,HLA-E,0.0,,1.2143405675888062
random,mean,4,AREG,0.0,,0.3843318223953247
random,mean,4,AGR3,,,0.2482723891735077
random,mean,4,PSMB3,0.0,,1.2938350439071655
random,mean,4,MUC6,,,1.1193736791610718
random,mean,4,CCL19,,,0.8778892159461975
random,mean,4,AGR2,,,0.8485870957374573
random,mean,4,FABP7,0.0,,0.4247398376464844
random,mean,4,ISG15,,,1.2507946491241455
random,mean,4,KRT15,0.0,,0.781492292881012
random,mean,4,FNBP1L,,,1.1500910520553589
random,mean,4,FABP4,,,0.5019060969352722
random,mean,4,PTGDS,0.0,,0.9706957340240479
random,mean,4,DCAF12L2,,,0.1452065259218216
random,mean,4,LAPTM4A,,,0.9942519664764404
random,mean,4,SLC9A3R1,0.0,,1.400810718536377
random,mean,4,GLYATL2,,,0.6481726765632629
random,mean,4,TFF1,,,0.7229258418083191
random,mean,4,LTF,0.0,,1.169402837753296
random,mean,4,ASPH,0.0,,0.8528420925140381
random,mean,4,RHOB,0.0,,0.8552859425544739
random,mean,4,S100A8,0.0,,1.5576660633087158
random,mean,4,POSTN,,,1.0966914892196655
random,mean,4,KRT81,,,1.1392558813095093
random,mean,4,CD36,0.0,,0.7702431082725525
random,mean,4,KRT17,,,0.7500812411308289
random,mean,4,SERP1,,,0.8386936187744141
random,mean,4,SCGB3A1,,,1.1000999212265015
random,mean,4,IGHD,,,0.5442730188369751
random,mean,4,STOM,0.0,,0.6583710312843323
random,mean,4,ITGAV,,,0.7909157872200012
random,mean,4,CCL21,0.0,,0.6165277361869812
random,mean,4,KRT18,0.0,,1.1019997596740723
random,mean,4,SCGB2A1,0.0,,0.4021243751049042
random,mean,4,PVALB,,,0.21954935789108276
random,mean,4,BOD1L1,,,0.4263845682144165
random,mean,4,FAHD2A,0.0,,0.21681436896324158
random,mean,4,SCN8A,0.0,,0.11712602525949478
random,mean,4,KCNB1,0.0,,0.12135366350412369
random,mean,4,ARHGAP21,,,0.3207322955131531
random,mean,4,CRYBA2,,,0.1786603331565857
random,mean,4,PIR,0.0,,0.19630883634090424
random,mean,4,SYT1,,,0.11621281504631042
random,mean,4,SEMA6A,,,0.2080322802066803
random,mean,4,PILRB,0.0,,0.09038349241018295
random,mean,4,WDR13,,,0.8076385259628296
random,mean,4,RAPGEF2,,,0.26750287413597107
random,mean,4,RHOJ,,,0.23960843682289124
random,mean,4,FGF10,,,0.03847755119204521
random,mean,4,SYT17,,,0.24335353076457977
random,mean,4,PPP1R14A,,,0.26993808150291443
random,mean,4,MMRN1,0.0,,0.09264973551034927
random,mean,4,LPIN1,,,0.4463791847229004
random,mean,4,RNASEK,0.0,,0.04927387088537216
random,mean,4,SCAPER,0.0,,0.24784405529499054
random,mean,4,KCNQ2,0.0,,0.3194717466831207
random,mean,4,INAFM1,,,0.48617255687713623
random,mean,4,DNAJC24,,,0.1427665799856186
random,mean,4,PMAIP1,,,0.12650620937347412
random,mean,4,MRPL52,0.0,,0.8101313710212708
random,mean,4,C12orf50,0.0,,0.01603878103196621
random,mean,4,ADAM11,,,0.11231393367052078
random,mean,4,MRGPRF,,,0.3769630193710327
random,mean,4,MACROD2,0.0,,0.07692190259695053
random,mean,4,SFSWAP,,,0.5334617495536804
random,mean,4,PHIP,0.0,,0.5168880820274353
random,mean,4,AGAP9,,,0.08174729347229004
random,mean,4,HOXC9,0.0,,0.39442178606987
random,mean,4,ITCH,0.0,,0.20257103443145752
random,mean,4,HSPB7,0.0,,0.19806669652462006
random,mean,4,BRD4,,,0.7026610374450684
random,mean,4,ADAM32,,,0.08674141764640808
random,mean,4,PMCH,0.0,,0.1128775030374527
random,mean,4,CWF19L2,0.0,,0.39207422733306885
random,mean,4,CTRC,,,0.09662298858165741
random,mean,4,RBM15,,,0.26299434900283813
random,mean,4,ZNF763,0.0,,0.13548381626605988
random,mean,4,SCG2,0.0,,0.10246124863624573
random,mean,4,ZNF853,0.0,,0.2263316512107849
random,mean,4,TRANK1,0.0,,0.2807789146900177
random,mean,4,TNS1,0.0,,0.4964752793312073
random,mean,4,HIST1H1E,,,0.21368882060050964
random,mean,4,PRRC2C,,,0.7679377794265747
random,mean,4,MYO5A,0.0,,0.28162869811058044
random,mean,4,XIAP,0.0,,0.3575936555862427
random,mean,4,TBCK,0.0,,0.22771142423152924
random,mean,4,SSTR2,,,0.282896488904953
random,mean,4,IGKV1-9,0.0,,0.039783839136362076
random,mean,4,CEP89,,,0.5036735534667969
random,mean,4,SIGLEC11,0.0,,0.10379781574010849
random,mean,4,STEAP2,0.0,,0.20396246016025543
random,mean,4,RAG1,,,0.05030016601085663
random,mean,4,SDPR,0.0,,0.0798732116818428
random,mean,4,CBLN3,,,0.07090169936418533
random,mean,4,SLC16A11,,,0.02150634303689003
random,mean,4,AC007906,,,0.13981279730796814
random,mean,4,ZNF114,,,0.004425474908202887
random,mean,4,EXTL1,,,0.1120983213186264
random,mean,4,IGLV3-1,,,0.35336533188819885
random,mean,4,POLR1E,0.0,,0.38814613223075867
random,mean,4,SOX6,,,0.09578251093626022
random,mean,4,H3F3A,,,0.05591750890016556
random,mean,4,SCUBE2,0.0,,0.3996250331401825
random,mean,4,SEPT11,0.0,,0.424721360206604
random,mean,4,NGFR,,,0.26107385754585266
random,mean,4,HIST1H1B,,,0.11249323189258575
random,mean,4,CACNA2D1,0.0,,0.09661123156547546
random,mean,4,SLFN5,,,0.5379430055618286
random,mean,4,ABCG2,,,0.018450506031513214
random,mean,4,VPS37A,,,0.26184260845184326
random,mean,4,FUT1,,,0.10443656146526337
random,mean,4,AGRP,0.0,,0.08458279818296432
random,mean,4,KDM3B,,,0.4017031490802765
random,mean,4,ADAM17,,,0.49081307649612427
random,mean,4,MRPL21,,,0.5461592078208923
random,mean,4,PLIN4,,,0.38627466559410095
random,mean,4,CFAP69,,,0.19346676766872406
random,mean,4,JAKMIP3,,,0.11058807373046875
random,mean,4,GOLGA8N,,,0.06996684521436691
random,mean,4,CACNA1A,0.0,,0.2616720497608185
random,mean,4,CCDC66,0.0,,0.27245232462882996
random,mean,4,ATP6V1E2,0.0,,0.2099812775850296
random,mean,4,FCHSD1,0.0,,0.4060318171977997
random,mean,4,CCR10,,,0.2337782233953476
random,mean,4,CYP20A1,,,0.19778333604335785
random,mean,4,CA11,,,0.32166239619255066
random,mean,4,MAATS1,0.0,,0.14994995296001434
random,mean,4,KCNC1,,,0.033567655831575394
random,mean,4,TNFRSF18,,,0.48338782787323
random,mean,4,SMAD1,,,0.11950764805078506
random,mean,4,ISM1,,,0.22034545242786407
random,mean,4,EXOSC9,,,0.355646014213562
random,mean,4,FAM126A,,,0.23675361275672913
random,mean,4,BAZ2B,0.0,,0.48076489567756653
random,mean,4,SGCE,,,0.16705934703350067
random,pca_ridge,4,IGKC,0.8970629210554651,0.8586742019431836,0.8653578758239746
random,pca_ridge,4,SCGB2A2,0.788183741278104,0.7838629855885068,0.9504832029342651
random,pca_ridge,4,IGLC2,0.8594146237104942,0.7961660293548994,0.9439461827278137
random,pca_ridge,4,IGHM,0.8253765388832935,0.8210132265219716,1.0163036584854126
random,pca_ridge,4,AP000769,0.7603351589718925,0.7649881303880844,0.9297268986701965
random,pca_ridge,4,CD74,0.6643043312236414,0.6311554910593857,0.8491247892379761
random,pca_ridge,4,MUCL1,0.8450267738214464,0.7950152315611001,0.9074435234069824
random,pca_ridge,4,CHGA,0.5007064502774486,0.38117662850100603,0.36197125911712646
random,pca_ridge,4,GNAS,0.6260751621395958,0.598227360263398,0.8769295811653137
random,pca_ridge,4,IGLC7,0.521944769990834,0.5398460079410222,0.9082486629486084
random,pca_ridge,4,IGHG4,0.853656424403436,0.8322863947189286,1.0342097282409668
random,pca_ridge,4,COL3A1,0.7313894661290766,0.7252660729343804,0.8679437637329102
random,pca_ridge,4,S100A9,0.8398254990775033,0.7300944886901708,0.9632074236869812
random,pca_ridge,4,TFF3,0.707988748190664,0.6001002841723523,0.9425517320632935
random,pca_ridge,4,JCHAIN,0.48377174344391105,0.4839020451376583,0.865371584892273
random,pca_ridge,4,HLA-E,0.6987543228707611,0.7384918752482493,0.868323802947998
random,pca_ridge,4,AREG,0.47514375136444975,0.28570661581993523,0.3381226360797882
random,pca_ridge,4,AGR3,0.43611315890843527,0.24866867096969755,0.2235529124736786
random,pca_ridge,4,PSMB3,0.6397739631936783,0.6560577659266845,0.9946113228797913
random,pca_ridge,4,MUC6,0.7990541521585364,0.6940977042861246,0.6734553575515747
random,pca_ridge,4,CCL19,0.48543386858613263,0.41769125798514306,0.7678954601287842
random,pca_ridge,4,AGR2,0.5467802316320202,0.48846669328585307,0.7111331224441528
random,pca_ridge,4,FABP7,0.5863250036475554,0.3674859335040398,0.3463447690010071
random,pca_ridge,4,ISG15,0.6384965757848139,0.6099556457480363,0.9627501964569092
random,pca_ridge,4,KRT15,0.4498639626679774,0.46151876490215754,0.6980016827583313
random,pca_ridge,4,FNBP1L,0.8537034647196523,0.6631362477804555,0.5992702841758728
random,pca_ridge,4,FABP4,0.2879786468692175,0.19847693656310067,0.4806642234325409
random,pca_ridge,4,PTGDS,0.3993188971913333,0.41035663089184793,0.8908779621124268
random,pca_ridge,4,DCAF12L2,0.3885321099877797,0.1854955045720026,0.13395260274410248
random,pca_ridge,4,LAPTM4A,0.5883017770843918,0.5692911843302141,0.804375410079956
random,pca_ridge,4,SLC9A3R1,0.763098413127605,0.6531778269480589,0.9057559967041016
random,pca_ridge,4,GLYATL2,0.6748685319859062,0.46728930947148356,0.47917887568473816
random,pca_ridge,4,TFF1,0.6650939655217223,0.4156977173076236,0.5403254628181458
random,pca_ridge,4,LTF,0.5552461679966162,0.5427505553335926,0.9724606871604919
random,pca_ridge,4,ASPH,0.6500347256253272,0.6428735689423031,0.6481327414512634
random,pca_ridge,4,RHOB,0.44397161159384313,0.4982802028062517,0.7668063640594482
random,pca_ridge,4,S100A8,0.8370095032525644,0.7255563640815925,0.8525475263595581
random,pca_ridge,4,POSTN,0.6404044824000977,0.6463790531361423,0.8427139520645142
random,pca_ridge,4,KRT81,0.8074341281853419,0.7205778063206494,0.6720003485679626
random,pca_ridge,4,CD36,0.6714648917300154,0.5298601215109245,0.5709431171417236
random,pca_ridge,4,KRT17,0.46694257630027763,0.35458547035833354,0.6633983850479126
random,pca_ridge,4,SERP1,0.4212717327019538,0.4720195373904052,0.7621093392372131
random,pca_ridge,4,SCGB3A1,0.7960443778789597,0.5229360861658788,0.6663846373558044
random,pca_ridge,4,IGHD,0.42283902750343505,0.36798196026324914,0.49395376443862915
random,pca_ridge,4,STOM,0.3457240471772291,0.3510062490123121,0.6179187297821045
random,pca_ridge,4,ITGAV,0.43059348404150394,0.45094014968685286,0.7148289084434509
random,pca_ridge,4,CCL21,0.2509690408877351,0.25059025853919653,0.59731125831604
random,pca_ridge,4,KRT18,0.5024823233568897,0.43157821949819863,0.9534921646118164
random,pca_ridge,4,SCGB2A1,0.3649103941299929,0.36971471898814806,0.37472155690193176
random,pca_ridge,4,PVALB,0.41198134809729337,0.2280515613415576,0.2007414549589157
random,pca_ridge,4,BOD1L1,0.24630521896823465,0.3393766649289664,0.41336125135421753
random,pca_ridge,4,FAHD2A,0.0402512575913952,0.06054054305419533,0.21704453229904175
random,pca_ridge,4,SCN8A,0.03141198915338938,0.053892551978779485,0.11734127998352051
random,pca_ridge,4,KCNB1,-0.01546575622686373,0.01159740756933198,0.12195829302072525
random,pca_ridge,4,ARHGAP21,0.11843210741596168,0.18239432687950918,0.31879687309265137
random,pca_ridge,4,CRYBA2,0.1917388705680449,0.13155711427718467,0.17588423192501068
random,pca_ridge,4,PIR,0.2054017544471139,0.2001410288389218,0.19211852550506592
random,pca_ridge,4,SYT1,0.2150342595052394,0.13627117378667777,0.11354946345090866
random,pca_ridge,4,SEMA6A,0.2543773922155283,0.2058087454809361,0.20122140645980835
random,pca_ridge,4,PILRB,0.01641705150403371,0.042506044206950463,0.0912892147898674
random,pca_ridge,4,WDR13,0.22593970438099634,0.2370407564032663,0.7871547937393188
random,pca_ridge,4,RAPGEF2,0.13452886733159347,0.2218030583798744,0.26510709524154663
random,pca_ridge,4,RHOJ,0.14689801827651494,0.1487338489335361,0.23709823191165924
random,pca_ridge,4,FGF10,0.010443474039790561,0.01602904060967677,0.038918860256671906
random,pca_ridge,4,SYT17,0.09734642428425581,0.12854212272330642,0.24218928813934326
random,pca_ridge,4,PPP1R14A,0.1723899982823883,0.1403777518667335,0.2659081220626831
random,pca_ridge,4,MMRN1,0.03701149091103931,0.026481582366352247,0.09283877164125443
random,pca_ridge,4,LPIN1,0.1809468202873277,0.27985134631339126,0.4391312599182129
random,pca_ridge,4,RNASEK,0.0030769920254329463,0.02193466754047429,0.049708325415849686
random,pca_ridge,4,SCAPER,0.10801341085022116,0.11998673437838854,0.2464384138584137
random,pca_ridge,4,KCNQ2,0.4361882924693414,0.22968986345761166,0.28866180777549744
random,pca_ridge,4,INAFM1,0.07415938478048112,0.11146994222285267,0.48627063632011414
random,pca_ridge,4,DNAJC24,0.03180582173981875,0.050014996975060684,0.1431656926870346
random,pca_ridge,4,PMAIP1,0.11152711844784009,0.1188410378457146,0.12686467170715332
random,pca_ridge,4,MRPL52,0.2904647042840944,0.3583788990050269,0.7751242518424988
random,pca_ridge,4,C12orf50,-0.014947820936290799,-0.021337583091161117,0.016787808388471603
random,pca_ridge,4,ADAM11,0.03436338721265949,0.0730170502961469,0.11304212361574173
random,pca_ridge,4,MRGPRF,0.1321558785080313,0.1347499023699363,0.3741350769996643
random,pca_ridge,4,MACROD2,-0.0024634967195314343,0.0029197148577098956,0.07751556485891342
random,pca_ridge,4,SFSWAP,0.16427758173871293,0.2676767384243474,0.5269430875778198
random,pca_ridge,4,PHIP,0.26197794772695965,0.3480217552693653,0.4988333582878113
random,pca_ridge,4,AGAP9,0.0012665125971887425,0.014897470040520428,0.08194573223590851
random,pca_ridge,4,HOXC9,0.17541390618364186,0.2200085960129302,0.3883439898490906
random,pca_ridge,4,ITCH,0.07107327998368293,0.10831889084677783,0.20217034220695496
random,pca_ridge,4,HSPB7,0.11007456238453245,0.11060113515742795,0.1969897300004959
random,pca_ridge,4,BRD4,0.1425883479786667,0.2551534984430809,0.6961111426353455
random,pca_ridge,4,ADAM32,0.053300747281013056,0.06504142515826772,0.08662097901105881
random,pca_ridge,4,PMCH,0.024087823611646665,0.04228572212328693,0.11298323422670364
random,pca_ridge,4,CWF19L2,0.16359580591795284,0.1803196225932291,0.3870103359222412
random,pca_ridge,4,CTRC,-0.016857789588302457,-0.02053113224121528,0.0967937782406807
random,pca_ridge,4,RBM15,0.2564198768213218,0.30901330415402,0.25426214933395386
random,pca_ridge,4,ZNF763,-0.004006986757118252,0.016305040389261585,0.13584129512310028
random,pca_ridge,4,SCG2,0.03628230258763561,0.0513738146915579,0.10264045000076294
random,pca_ridge,4,ZNF853,0.14431852218582666,0.1641082624477932,0.22401899099349976
random,pca_ridge,4,TRANK1,0.06619780666392298,0.09462288292802108,0.2812282145023346
random,pca_ridge,4,TNS1,0.14785073547063293,0.18921595665814403,0.4916565716266632
random,pca_ridge,4,HIST1H1E,0.04923213337348338,0.06308269206889924,0.21363654732704163
random,pca_ridge,4,PRRC2C,0.3434440266316547,0.42537516711020384,0.7216640114784241
random,pca_ridge,4,MYO5A,0.12597295093278227,0.1916190383642565,0.2795802056789398
random,pca_ridge,4,XIAP,0.16294613391400362,0.2466355722001311,0.3529873490333557
random,pca_ridge,4,TBCK,0.1126138404310073,0.16707006926557172,0.2264946848154068
random,pca_ridge,4,SSTR2,0.19240545776600396,0.18619030279651833,0.27771052718162537
random,pca_ridge,4,IGKV1-9,0.00255378299294365,-0.011145163216843071,0.04008359834551811
random,pca_ridge,4,CEP89,0.13792739357860614,0.21993737259573432,0.49879884719848633
random,pca_ridge,4,SIGLEC11,-0.010039821917458317,-0.0059351281000778865,0.10408460348844528
random,pca_ridge,4,STEAP2,0.1600883878795238,0.1671035319053819,0.20148032903671265
random,pca_ridge,4,RAG1,0.011089249380034102,0.03414024033248989,0.050390347838401794
random,pca_ridge,4,SDPR,0.009719511150520931,0.005253407001649207,0.08116618543863297
random,pca_ridge,4,CBLN3,0.025284206495036543,0.04442858863925167,0.07111179828643799
random,pca_ridge,4,SLC16A11,0.013608112897744053,0.02195806208250344,0.022886013612151146
random,pca_ridge,4,AC007906,0.03288426552544184,0.038159140958339395,0.14096593856811523
random,pca_ridge,4,ZNF114,,,0.0089498870074749
random,pca_ridge,4,EXTL1,0.08404006771914946,0.04835940294364374,0.11170541495084763
random,pca_ridge,4,IGLV3-1,0.17691291968877226,0.18804763552595263,0.3481161296367645
random,pca_ridge,4,POLR1E,0.058570418428824454,0.1592925429393809,0.38840192556381226
random,pca_ridge,4,SOX6,-0.03863967311313414,-0.050357049501708794,0.09647463262081146
random,pca_ridge,4,H3F3A,0.019457127440538794,0.0360448459542281,0.05698835104703903
random,pca_ridge,4,SCUBE2,0.32163001801481594,0.29679757428802644,0.37840965390205383
random,pca_ridge,4,SEPT11,0.1736448364101791,0.23185584969762713,0.4188746213912964
random,pca_ridge,4,NGFR,0.10923811052207129,0.12174379759914088,0.2615244388580322
random,pca_ridge,4,HIST1H1B,0.03702200053758329,0.056690663376296455,0.11245765537023544
random,pca_ridge,4,CACNA2D1,0.02070992513140778,0.014604949896744187,0.09742709994316101
random,pca_ridge,4,SLFN5,0.236520028227848,0.24706188958441164,0.5240648984909058
random,pca_ridge,4,ABCG2,-0.007421998137441982,-0.007513786691504754,0.019797148182988167
random,pca_ridge,4,VPS37A,0.1757101381382764,0.2552491431956801,0.2577939033508301
random,pca_ridge,4,FUT1,0.04836753530652056,0.0825402809915346,0.10463925451040268
random,pca_ridge,4,AGRP,0.0021273353202728917,-0.0057582754866461515,0.08469740301370621
random,pca_ridge,4,KDM3B,0.2230586759548583,0.32529729729662954,0.3922137916088104
random,pca_ridge,4,ADAM17,0.14710220364671925,0.23449846555226833,0.4860430657863617
random,pca_ridge,4,MRPL21,0.3090224056497345,0.4022577778888723,0.5197575688362122
random,pca_ridge,4,PLIN4,0.21887873985423642,0.11739168204905687,0.37693992257118225
random,pca_ridge,4,CFAP69,0.07302090252229972,0.11207474911072116,0.192942813038826
random,pca_ridge,4,JAKMIP3,-0.012225165650507885,0.00034994432250136533,0.11078105866909027
random,pca_ridge,4,GOLGA8N,0.020501176172104195,0.04297126851440334,0.07019559293985367
random,pca_ridge,4,CACNA1A,0.08853064964694143,0.08262841663842861,0.26073089241981506
random,pca_ridge,4,CCDC66,0.038352170117052206,0.11205731080880676,0.27309757471084595
random,pca_ridge,4,ATP6V1E2,0.04585063998930159,0.11224796646238747,0.21014173328876495
random,pca_ridge,4,FCHSD1,0.04618726276479698,0.07469312621885316,0.407498836517334
random,pca_ridge,4,CCR10,0.08394573422443377,0.08410081550113761,0.2330857664346695
random,pca_ridge,4,CYP20A1,0.0740383567088742,0.12079934858653375,0.19767305254936218
random,pca_ridge,4,CA11,0.10033730376783813,0.10365068441041472,0.3201482594013214
random,pca_ridge,4,MAATS1,0.1436316929927629,0.16768939816925715,0.14843249320983887
random,pca_ridge,4,KCNC1,0.06467397696718209,0.03500837736265793,0.03402130678296089
random,pca_ridge,4,TNFRSF18,0.18972920275274824,0.22625339331724945,0.474722683429718
random,pca_ridge,4,SMAD1,0.06243414776449278,0.055764598186771965,0.12124563753604889
random,pca_ridge,4,ISM1,0.19995881346173308,0.1877988898328296,0.21589474380016327
random,pca_ridge,4,EXOSC9,0.2576299880981313,0.3439981155528842,0.34372198581695557
random,pca_ridge,4,FAM126A,0.13232966862266946,0.18627258112971315,0.2346935123205185
random,pca_ridge,4,BAZ2B,0.24440621071186575,0.3304485364445837,0.4662955403327942
random,pca_ridge,4,SGCE,0.1405548277803194,0.15562939133011935,0.1655185967683792
random,spatial_knn,4,IGKC,-0.015151449118620873,-0.017507796544400298,2.0471428127907503
random,spatial_knn,4,SCGB2A2,-0.010623316454593596,-0.009034698616207672,1.6271987005945188
random,spatial_knn,4,IGLC2,-0.01909110491262001,-0.023779737660440628,1.9438441355869271
random,spatial_knn,4,IGHM,0.02590223972803036,0.01839322777531937,1.8764347199509848
random,spatial_knn,4,AP000769,-0.00019729647675630177,-0.014554665342167745,1.509565644816119
random,spatial_knn,4,CD74,0.007536465270495623,0.017172387458900484,1.1913975161863894
random,spatial_knn,4,MUCL1,0.03235701415635795,0.004341248804349253,1.7729827367290656
random,spatial_knn,4,CHGA,0.12356905417473545,0.09244272007920583,0.4264582067781597
random,spatial_knn,4,GNAS,0.06587311811782899,0.0447694275134912,1.1635694817967963
random,spatial_knn,4,IGLC7,0.006166119168142662,-0.002350891749549456,1.1250044037527078
random,spatial_knn,4,IGHG4,0.04305809219221994,0.03644413355048661,2.0571197458820465
random,spatial_knn,4,COL3A1,0.03670232079745268,0.04165506461853926,1.3297055957161101
random,spatial_knn,4,S100A9,-0.07799350012335286,-0.09682444953375169,1.8907114325526373
random,spatial_knn,4,TFF3,0.06769442982185779,0.004834335492087627,1.3945026159939184
random,spatial_knn,4,JCHAIN,0.06640195003385564,0.026829181890135577,1.0247561565852235
random,spatial_knn,4,HLA-E,0.00220298959915107,-0.0038005707036210395,1.2700790184830888
random,spatial_knn,4,AREG,0.10073893469190484,0.09534389911667125,0.3989755754984262
random,spatial_knn,4,AGR3,0.06916491528897452,0.10165127671944173,0.2582324391748471
random,spatial_knn,4,PSMB3,0.10463224938166495,0.09368496825837365,1.3282220263454312
random,spatial_knn,4,MUC6,0.1448496985742481,0.07773114005614243,1.1367085558034615
random,spatial_knn,4,CCL19,0.03206279703926605,0.035707129137415215,0.9158163064773809
random,spatial_knn,4,AGR2,0.019653644444635052,0.019395587231635564,0.8899424239115266
random,spatial_knn,4,FABP7,0.09061082847497991,0.05975758100775629,0.4389913366550636
random,spatial_knn,4,ISG15,-0.012826536539139451,-0.016190380218236055,1.3242328582189593
random,spatial_knn,4,KRT15,0.04376763243500464,0.0064139660533405266,0.8169617079165206
random,spatial_knn,4,FNBP1L,0.012576099579684646,0.005397901937244217,1.1968504314740596
random,spatial_knn,4,FABP4,0.05736804201381444,0.023873955794017576,0.5200482896639487
random,spatial_knn,4,PTGDS,0.08303300735800857,0.08362774670106998,0.9988697902028124
random,spatial_knn,4,DCAF12L2,0.05372170109980643,0.14740889632611018,0.1533419061614778
random,spatial_knn,4,LAPTM4A,0.02695941752345543,0.022527970333399604,1.0430255202540115
random,spatial_knn,4,SLC9A3R1,0.02774338857441078,0.03156546681486774,1.4577137686276986
random,spatial_knn,4,GLYATL2,0.027294860502828942,0.06645969698977867,0.6803180321789456
random,spatial_knn,4,TFF1,0.037048964710665905,0.04101306754238007,0.7628297122785322
random,spatial_knn,4,LTF,0.07107184591868405,0.06333067235770465,1.2089502988712586
random,spatial_knn,4,ASPH,0.017801179753958354,0.009456440747065498,0.8925162087975118
random,spatial_knn,4,RHOB,0.035833404680343704,0.03863481049042358,0.8944351038318907
random,spatial_knn,4,S100A8,-0.00464007547811454,-0.02246896628797902,1.6470181843118128
random,spatial_knn,4,POSTN,0.037000914804072374,0.03387508105960682,1.145401925399088
random,spatial_knn,4,KRT81,0.12001231742791225,0.05047019323061522,1.1648490463938854
random,spatial_knn,4,CD36,-0.006030486654293868,-0.007000017776561723,0.8146541815411396
random,spatial_knn,4,KRT17,0.04757099996053337,0.03008165958874273,0.78103763122404
random,spatial_knn,4,SERP1,-0.018775173972274857,-0.024878912022331872,0.8828882762647382
random,spatial_knn,4,SCGB3A1,0.01522013893758108,-0.0006465004654890588,1.1507724779114614
random,spatial_knn,4,IGHD,0.011444348333685697,0.015887117449272917,0.5811666127943079
random,spatial_knn,4,STOM,0.0682757384423843,0.07715401060948957,0.6815673340069542
random,spatial_knn,4,ITGAV,0.023384631424690158,0.023765472594176124,0.8289007435147023
random,spatial_knn,4,CCL21,0.08824512987752123,0.08264523949351452,0.6306042913548245
random,spatial_knn,4,KRT18,-0.02259777640739814,-0.02063972439881611,1.165702911863668
random,spatial_knn,4,SCGB2A1,0.03255233405344999,0.04519593871452232,0.4213549941378621
random,spatial_knn,4,PVALB,0.035804152368507834,0.06919980024182366,0.23693073780525267
random,spatial_knn,4,BOD1L1,-0.004970577672284605,0.030154105008054818,0.4477051064316201
random,spatial_knn,4,FAHD2A,0.020970992481403664,0.037443532726045836,0.229012548519968
random,spatial_knn,4,SCN8A,-0.031871495737093164,-0.046810331209088736,0.12492365243398276
random,spatial_knn,4,KCNB1,0.057297062255688265,0.0010222408580372222,0.1263432559488893
random,spatial_knn,4,ARHGAP21,-0.007528877672637702,-0.008205035440610674,0.3367635382584945
random,spatial_knn,4,CRYBA2,0.010162978274766813,0.003930130478065483,0.18851238533108938
random,spatial_knn,4,PIR,0.012257367810754696,0.016596253434577348,0.20618857025637444
random,spatial_knn,4,SYT1,-0.007314286804432346,-0.006251527458920191,0.12291306355096006
random,spatial_knn,4,SEMA6A,0.016912355849829017,0.06142212106408671,0.2182269638372004
random,spatial_knn,4,PILRB,-0.006417345664403433,0.003342153993069093,0.09843331044248754
random,spatial_knn,4,WDR13,0.024236476881962007,0.016432900167530056,0.8499230163645971
random,spatial_knn,4,RAPGEF2,-0.013987305356547056,-0.018130846086350974,0.27901013828250104
random,spatial_knn,4,RHOJ,-0.016131537095538388,-0.010794791964535677,0.25617797966216005
random,spatial_knn,4,FGF10,-0.0035159319915507572,-0.004336757540304706,0.042853122506440064
random,spatial_knn,4,SYT17,-0.03595459801439083,-0.03672871572698645,0.2536066411053055
random,spatial_knn,4,PPP1R14A,-0.00580198304678047,-0.026146642485495288,0.2843904689548435
random,spatial_knn,4,MMRN1,0.09371981625579565,0.10525325345482957,0.09707940986984241
random,spatial_knn,4,LPIN1,0.045341923028805305,0.011465438190500358,0.46371440903826655
random,spatial_knn,4,RNASEK,-0.01000755929312147,-0.013511980571101785,0.05295438395667879
random,spatial_knn,4,SCAPER,0.016013784904072285,-0.017814472292669453,0.256034847512642
random,spatial_knn,4,KCNQ2,0.009852732689657837,0.026729347631154088,0.32821950869251765
random,spatial_knn,4,INAFM1,-0.017626181391306776,-0.014267632417658695,0.518551152478114
random,spatial_knn,4,DNAJC24,-0.019756919007987702,-0.014315282213389329,0.1535104477272333
random,spatial_knn,4,PMAIP1,-0.002908223410424503,0.027946259101525348,0.13650370450696245
random,spatial_knn,4,MRPL52,-0.019015561610008676,-0.020967751489420133,0.8548812945710255
random,spatial_knn,4,C12orf50,-0.004277697288527676,-0.005179653995288941,0.022439051438721627
random,spatial_knn,4,ADAM11,0.04812969369912083,0.023036836542308432,0.11516500490085003
random,spatial_knn,4,MRGPRF,-0.006851665103330051,-0.004006248467584485,0.398260023125564
random,spatial_knn,4,MACROD2,-0.01755773864615567,-0.029260931004692497,0.08812179520835808
random,spatial_knn,4,SFSWAP,0.007878342925138707,0.025641591489726112,0.560325780287968
random,spatial_knn,4,PHIP,-0.024110945322890688,-0.03942610255350771,0.5429377751686533
random,spatial_knn,4,AGAP9,-0.012209920533474791,-0.0217535806228524,0.08581794116566659
random,spatial_knn,4,HOXC9,0.0224154369195677,0.02547854430212407,0.41239516680724
random,spatial_knn,4,ITCH,0.010337704147626954,0.013936260707547169,0.21072384951888784
random,spatial_knn,4,HSPB7,-0.032796671337940835,-0.026397637945911226,0.21365903744429338
random,spatial_knn,4,BRD4,-0.029719058089166254,-0.018940332458381344,0.7470678729693794
random,spatial_knn,4,ADAM32,0.000876254540840578,0.05726638507137718,0.08914447483099458
random,spatial_knn,4,PMCH,-0.007058549343385459,-0.014748298815873844,0.11556399306079844
random,spatial_knn,4,CWF19L2,0.01138549404184327,0.029998729195160192,0.4059510589709585
random,spatial_knn,4,CTRC,-0.007070263298920423,-0.009856975690231582,0.09971020485542638
random,spatial_knn,4,RBM15,-0.026826301519304225,-0.01699871890254872,0.2802288035815488
random,spatial_knn,4,ZNF763,-0.012767247930784924,0.016570270519003966,0.14119257583581923
random,spatial_knn,4,SCG2,0.03857857560430726,0.03446387093695731,0.10502794826995346
random,spatial_knn,4,ZNF853,0.001616004290013886,-0.026420740129760898,0.23775012853499702
random,spatial_knn,4,TRANK1,-0.02453463312746185,-0.03875485229020984,0.29384077874962483
random,spatial_knn,4,TNS1,-0.02836153493220224,-0.024003263279429345,0.5222943038754585
random,spatial_knn,4,HIST1H1E,-0.012301494717815543,0.003139589293466735,0.22108750850382425
random,spatial_knn,4,PRRC2C,-0.018228033706200415,-0.023260781464549365,0.8078030035940174
random,spatial_knn,4,MYO5A,0.014523519069716311,0.028978326494211986,0.29371283935693193
random,spatial_knn,4,XIAP,-0.014296945268333727,-0.001753552698729909,0.3792910960092523
random,spatial_knn,4,TBCK,0.010206852046573105,-0.009686693900048133,0.23955515474942746
random,spatial_knn,4,SSTR2,-0.002717052835157745,0.02826189514833866,0.2936434671143587
random,spatial_knn,4,IGKV1-9,-0.005405588222297433,-0.0074844916725351944,0.04413441734782262
random,spatial_knn,4,CEP89,-0.03097354161238455,-0.01983223955925365,0.531306249969831
random,spatial_knn,4,SIGLEC11,-0.006854975039829075,-0.010917763008907698,0.11175419073483457
random,spatial_knn,4,STEAP2,0.1474562141705878,0.07600999903017906,0.20410617423497934
random,spatial_knn,4,RAG1,-0.006119157285002001,-0.00907442559151282,0.05258712274493765
random,spatial_knn,4,SDPR,-0.00921403674075218,-0.018669426127783037,0.09368922783047161
random,spatial_knn,4,CBLN3,-0.0058184382049721,0.006164843198039958,0.07578924899881205
random,spatial_knn,4,SLC16A11,-0.004611562627335106,-0.0061629600718101415,0.03410053549617346
random,spatial_knn,4,AC007906,0.002589126928449293,0.0334681624146435,0.14699806601578838
random,spatial_knn,4,ZNF114,,,0.035848331310755814
random,spatial_knn,4,EXTL1,0.02742018513508088,0.011246994782185424,0.11566612671219449
random,spatial_knn,4,IGLV3-1,-0.039435754005639576,-0.034199215356480385,0.3788306630019822
random,spatial_knn,4,POLR1E,-0.014761557389371512,-0.0022978504112754505,0.40763747027295083
random,spatial_knn,4,SOX6,-0.018008089339016507,-0.027359072084340255,0.10172825402613883
random,spatial_knn,4,H3F3A,-0.012967386082531493,-0.024206014723209386,0.06870089546435913
random,spatial_knn,4,SCUBE2,-0.006197692389467325,0.0237624582979617,0.4203407625379207
random,spatial_knn,4,SEPT11,0.0006060055016076517,-0.008688258536667689,0.4485828624287948
random,spatial_knn,4,NGFR,0.016189444136913332,0.022761406603790304,0.278439683263646
random,spatial_knn,4,HIST1H1B,-0.008909037724547937,0.017240663460297508,0.11531841480405998
random,spatial_knn,4,CACNA2D1,-0.007849624884181547,-0.0019299605652415848,0.10659776530717407
random,spatial_knn,4,SLFN5,0.021696594641882463,0.021823027165704674,0.5599097691541175
random,spatial_knn,4,ABCG2,-0.0031946743975458675,-0.006839307618584328,0.047815610228150174
random,spatial_knn,4,VPS37A,-0.01595446804713097,-0.020364037396601278,0.27652268036003913
random,spatial_knn,4,FUT1,0.007427185565605313,0.02680182203770955,0.11200374038279859
random,spatial_knn,4,AGRP,-0.006570080961364768,-0.008144270191447247,0.0859296366115475
random,spatial_knn,4,KDM3B,0.060143250620737346,0.0242813296034348,0.41783215259362044
random,spatial_knn,4,ADAM17,-0.012746562903643096,-0.01676509653712199,0.5171362231121658
random,spatial_knn,4,MRPL21,-0.020275721679782407,0.005568344191573037,0.5860310227398886
random,spatial_knn,4,PLIN4,0.04845555346827205,0.018026461566372692,0.40274653856409304
random,spatial_knn,4,CFAP69,0.04381257363136963,0.03684074852113997,0.1991524853886637
random,spatial_knn,4,JAKMIP3,-0.015163705455162876,-0.019698405376841737,0.11238791026622182
random,spatial_knn,4,GOLGA8N,-0.01195304526908068,-0.017748551561702828,0.07398161049592632
random,spatial_knn,4,CACNA1A,0.01718597825834524,0.01009996733487519,0.2742935111429695
random,spatial_knn,4,CCDC66,-0.015771651765302857,-0.008489372839541542,0.28552259415498166
random,spatial_knn,4,ATP6V1E2,-0.016641297770404635,0.01301762846234161,0.21886727623773375
random,spatial_knn,4,FCHSD1,0.007497999041707106,0.015491844690006775,0.42576367488927575
random,spatial_knn,4,CCR10,0.016075406947768246,0.016302536525988322,0.24666805277025552
random,spatial_knn,4,CYP20A1,0.0071476559638345635,0.06677443757777982,0.21403054427498608
random,spatial_knn,4,CA11,-0.015213315435046174,0.0003825052895303327,0.3378731621567893
random,spatial_knn,4,MAATS1,-0.011827215866556141,-0.014951656990374465,0.1620113481922662
random,spatial_knn,4,KCNC1,-0.009508213331409924,-0.013283859723384465,0.037107284759026984
random,spatial_knn,4,TNFRSF18,-0.014179049845691662,-0.027461377210824207,0.5062210763248156
random,spatial_knn,4,SMAD1,-0.009407684148752368,-0.002085538639113917,0.139931839233015
random,spatial_knn,4,ISM1,-0.004729147374363994,0.023266875613736047,0.22934412694212838
random,spatial_knn,4,EXOSC9,0.036256590683696015,0.037666768048267005,0.36727563211687386
random,spatial_knn,4,FAM126A,0.025363868601556684,0.010054350909738783,0.24797261341709256
random,spatial_knn,4,BAZ2B,0.006132644589357912,0.008362047971831755,0.5033295638753189
random,spatial_knn,4,SGCE,-0.022656247712603612,-0.007268981364714295,0.17861035756198104
