gene,model,rand,pat,inflation,moran_i,dataset
AC012360.3,pca_ridge,0.01959782393244472,0.006048414823344501,0.013549409109100217,0.0002651854541443,dlpfc
AC012360.3,spatial_knn,-0.00556735861704654,0.011009139378947699,-0.01657649799599424,0.0002651854541443,dlpfc
AC025164.1,pca_ridge,-0.0008287400078554,0.00018102391550003333,-0.0010097639233554335,0.0012779808720425,dlpfc
AC025164.1,spatial_knn,-0.005782383004052411,-0.0024857213722975,-0.0032966616317549107,0.0012779808720425,dlpfc
AC025682.1,pca_ridge,0.0007731263992055701,0.0007395649573636,3.3561441841970115e-05,-0.0009395944692708,dlpfc
AC025682.1,spatial_knn,-0.00220808488867464,-0.0007747113832694666,-0.0014333735054051734,-0.0009395944692708,dlpfc
AC040162.1,pca_ridge,-0.0014910526540871903,0.0029065048146444,-0.00439755746873159,0.0006609288364567,dlpfc
AC040162.1,spatial_knn,0.00742277028437148,0.0019372571559364334,0.0054855131284350465,0.0006609288364567,dlpfc
AL078639.1,pca_ridge,0.06445659382631443,0.0562464606753654,0.008210133150949026,0.05095107733645,dlpfc
AL078639.1,spatial_knn,0.08407647848548086,0.06977442468674207,0.014302053798738792,0.05095107733645,dlpfc
ALB,pca_ridge,0.03337384406375412,0.0145751665508079,0.01879867751294622,0.1692594156874373,dlpfc
ALB,spatial_knn,0.24593897166717021,0.2685245136059642,-0.022585541938793974,0.1692594156874373,dlpfc
ALKAL1,pca_ridge,-0.00521666781482402,-0.007116508078670966,0.0018998402638469459,-0.0007630089660845,dlpfc
ALKAL1,spatial_knn,0.0005749170919985101,0.0034999201500201336,-0.0029250030580216233,-0.0007630089660845,dlpfc
AP001360.1,pca_ridge,0.00013153050196625034,-0.006040643430122499,0.0061721739320887495,-0.0008103857739952,dlpfc
AP001360.1,spatial_knn,-0.00238736423285987,-0.002584862928311367,0.00019749869545149668,-0.0008103857739952,dlpfc
APLNR,pca_ridge,0.14858869978879585,0.09600066248522654,0.05258803730356931,0.0418872233152579,dlpfc
APLNR,spatial_knn,0.036414330413201114,0.011547928778145101,0.02486640163505601,0.0418872233152579,dlpfc
APOBEC3F,pca_ridge,0.017113615900264532,0.011767661905926067,0.0053459539943384645,-0.0018459009243133,dlpfc
APOBEC3F,spatial_knn,-0.0006119767848478601,0.002794144323646433,-0.003406121108494293,-0.0018459009243133,dlpfc
ASPN,pca_ridge,0.03916605206214176,0.029624148342522832,0.009541903719618924,0.0037178249774111,dlpfc
ASPN,spatial_knn,0.00576124001007855,0.0112096447801215,-0.00544840477004295,0.0037178249774111,dlpfc
BCAS1,pca_ridge,0.3655030994566153,0.26105647394203735,0.10444662551457795,0.1807358343959106,dlpfc
BCAS1,spatial_knn,0.24414636349410382,0.20366312368837047,0.040483239805733345,0.1807358343959106,dlpfc
C1orf116,pca_ridge,-0.011349621277656319,-0.0058392706380308995,-0.005510350639625419,0.0025079643573057,dlpfc
C1orf116,spatial_knn,-0.00443152686785177,0.0071821533344956666,-0.011613680202347437,0.0025079643573057,dlpfc
CAPN9,pca_ridge,0.0014023466915140995,-0.0058919285314297,0.0072942752229438,-0.0002122448078642,dlpfc
CAPN9,spatial_knn,-0.0028890998285169504,-0.0023205968114383,-0.0005685030170786503,-0.0002122448078642,dlpfc
CARNS1,pca_ridge,0.4240480562697423,0.2985768478210465,0.1254712084486958,0.1886997185798093,dlpfc
CARNS1,spatial_knn,0.22865030968906525,0.16705002429907412,0.06160028538999113,0.1886997185798093,dlpfc
CEP55,pca_ridge,-0.0008962815126440003,-0.010898811723310033,0.010002530210666032,-0.0010672383672232,dlpfc
CEP55,spatial_knn,0.00223516170789247,0.0018737946241673667,0.0003613670837251035,-0.0010672383672232,dlpfc
CHI3L2,pca_ridge,0.02345213076544882,0.015321427554460998,0.008130703210987822,-0.0012122967287627,dlpfc
CHI3L2,spatial_knn,0.03040253715673507,0.008843147509718234,0.021559389647016834,-0.0012122967287627,dlpfc
CLCF1,pca_ridge,-0.00608058388362437,-0.004184161415483366,-0.0018964224681410043,0.0062363077102725,dlpfc
CLCF1,spatial_knn,0.0019084044143162396,-0.004987766080934833,0.006896170495251073,0.0062363077102725,dlpfc
CLDN11,pca_ridge,0.44475616954330066,0.32555983951097883,0.11919633003232183,0.2191943851515464,dlpfc
CLDN11,spatial_knn,0.2838064846247407,0.2213746816630587,0.062431802961681965,0.2191943851515464,dlpfc
CLDND1,pca_ridge,0.42185986369460754,0.3194542760992798,0.10240558759532775,0.2178415021442792,dlpfc
CLDND1,spatial_knn,0.27842763302856216,0.23555494562519508,0.04287268740336708,0.2178415021442792,dlpfc
CNP,pca_ridge,0.44866157286327313,0.3500023067985265,0.09865926606474662,0.2624428143356161,dlpfc
CNP,spatial_knn,0.32154042531937815,0.28538145046069757,0.03615897485868058,0.2624428143356161,dlpfc
CPB1,pca_ridge,0.07968484304399555,0.040821912127889236,0.03886293091610631,0.2597490045737292,dlpfc
CPB1,spatial_knn,0.3599008972548439,0.35502189125262446,0.004879006002219466,0.2597490045737292,dlpfc
CRYAB,pca_ridge,0.4284381347848526,0.37393473619513573,0.05450339858971687,0.259501099447376,dlpfc
CRYAB,spatial_knn,0.2994450670798179,0.2638325194830682,0.0356125475967497,0.259501099447376,dlpfc
CST7,pca_ridge,0.00574810092510565,0.006450439294136234,-0.0007023383690305841,0.0022297091158408,dlpfc
CST7,spatial_knn,0.0034239990351183905,0.012908997115069668,-0.009484998079951276,0.0022297091158408,dlpfc
CU634019.6,pca_ridge,0.00898935327741107,0.008437737344017001,0.0005516159333940687,0.0137299135476509,dlpfc
CU634019.6,spatial_knn,0.0035369485719236897,0.004356786710485033,-0.0008198381385613436,0.0137299135476509,dlpfc
DAPP1,pca_ridge,0.00723720577162589,0.007503665600353867,-0.000266459828727977,-0.0003150628953653,dlpfc
DAPP1,spatial_knn,0.0045983148138965405,0.015180087145385199,-0.01058177233148866,-0.0003150628953653,dlpfc
DDR1,pca_ridge,0.17631745349463487,0.13967678506628675,0.03664066842834812,0.0443085675662355,dlpfc
DDR1,spatial_knn,0.05345176681716528,0.0214107913023996,0.032040975514765674,0.0443085675662355,dlpfc
ENPP2,pca_ridge,0.3967978945515299,0.2879416228749138,0.1088562716766161,0.164948416683164,dlpfc
ENPP2,spatial_knn,0.22763745331417748,0.17619669155467868,0.0514407617594988,0.164948416683164,dlpfc
ERMN,pca_ridge,0.44880082711862224,0.32689615016690104,0.12190467695172119,0.2253765922283386,dlpfc
ERMN,spatial_knn,0.3032096184605401,0.235621181166172,0.06758843729436811,0.2253765922283386,dlpfc
F3,pca_ridge,0.08587773826905896,0.05784148188654314,0.028036256382515827,0.0213094289557768,dlpfc
F3,spatial_knn,0.01927614532244317,0.013991609177467732,0.005284536144975439,0.0213094289557768,dlpfc
FABP4,pca_ridge,0.13747703115285592,0.0750139849528304,0.06246304620002552,0.334981221819085,dlpfc
FABP4,spatial_knn,0.45104900937397174,0.435907411894007,0.015141597479964741,0.334981221819085,dlpfc
FOXP3,pca_ridge,-0.00144665864203733,0.0055275735793619335,-0.006974232221399264,-0.0018867665777808,dlpfc
FOXP3,spatial_knn,0.00264859811023196,0.0003627688269482001,0.00228582928328376,-0.0018867665777808,dlpfc
FXYD3,pca_ridge,0.15155836262013964,0.13462346247635393,0.01693490014378571,0.0590679185397964,dlpfc
FXYD3,spatial_knn,0.0990886872209785,0.09061475741883986,0.008473929802138638,0.0590679185397964,dlpfc
G0S2,pca_ridge,0.0962546352381107,0.05628740939055397,0.039967225847556735,0.1567841737401219,dlpfc
G0S2,spatial_knn,0.24361749255747517,0.2451720417015344,-0.0015545491440592252,0.1567841737401219,dlpfc
GALNT5,pca_ridge,0.02003196111359963,0.021804085713426402,-0.0017721245998267715,0.0092365630532579,dlpfc
GALNT5,spatial_knn,0.0038354809660142,0.014579236634289268,-0.010743755668275068,0.0092365630532579,dlpfc
GATA2-AS1,pca_ridge,-0.01107612476062065,-0.0129544899619993,0.0018783652013786498,0.0044116817390936,dlpfc
GATA2-AS1,spatial_knn,-0.00361610766824052,-0.0034222143905322,-0.00019389327770831999,0.0044116817390936,dlpfc
GDPD3,pca_ridge,-0.00055626467208423,0.0004938218019883001,-0.00105008647407253,0.0004212035395102,dlpfc
GDPD3,spatial_knn,-0.0042380295711631506,0.005818947052355867,-0.010056976623519016,0.0004212035395102,dlpfc
GFAP,pca_ridge,0.4741357038583282,0.41853213792732485,0.05560356593100335,0.419987631352636,dlpfc
GFAP,spatial_knn,0.22936133072908546,0.09162358248087503,0.13773774824821045,0.419987631352636,dlpfc
HBB,pca_ridge,0.09183005728225595,0.03187750666950127,0.05995255061275468,0.3039362802398034,dlpfc
HBB,spatial_knn,0.33234284635217054,0.3125807020443708,0.019762144307799767,0.3039362802398034,dlpfc
HEPACAM,pca_ridge,0.1908791761085274,0.1443983844942994,0.046480791614227995,0.0461577106437253,dlpfc
HEPACAM,spatial_knn,0.04427995080380266,0.018172357891423435,0.026107592912379227,0.0461577106437253,dlpfc
HMGN1,pca_ridge,0.07565183549701134,0.064096915169898,0.011554920327113333,0.0124337259833209,dlpfc
HMGN1,spatial_knn,0.03058155938488887,0.017024149684580867,0.013557409700308002,0.0124337259833209,dlpfc
HOXA5,pca_ridge,0.01108418673078767,0.0038651970547396667,0.007218989676048003,-0.0007084598158452,dlpfc
HOXA5,spatial_knn,0.0038564044093203193,0.005358959129540433,-0.0015025547202201137,-0.0007084598158452,dlpfc
HOXC-AS1,pca_ridge,0.00785975955083373,0.013383224277453866,-0.005523464726620136,-0.0015353066389283,dlpfc
HOXC-AS1,spatial_knn,0.00046278474251276996,0.009228804196066,-0.00876601945355323,-0.0015353066389283,dlpfc
HPCAL1,pca_ridge,0.24454218897551594,0.21835465547958655,0.026187533495929394,0.1705304181515227,dlpfc
HPCAL1,spatial_knn,0.12552853734576166,0.08825475443276883,0.03727378291299284,0.1705304181515227,dlpfc
HRK,pca_ridge,0.09149031630508282,0.07244011462459303,0.019050201680489792,0.0119807880305625,dlpfc
HRK,spatial_knn,0.00636437131104004,0.0040588781508328,0.0023054931602072394,0.0119807880305625,dlpfc
HSPA2,pca_ridge,0.3779352487113839,0.2866592867786721,0.09127596193271181,0.1602616377243489,dlpfc
HSPA2,spatial_knn,0.22201441196237762,0.16317050365314392,0.058843908309233695,0.1602616377243489,dlpfc
ICAM3,pca_ridge,0.0053220629994267,0.0019700167940410736,0.0033520462053856265,0.0023761207382182,dlpfc
ICAM3,spatial_knn,0.0005630697449989503,-0.005560502354298034,0.006123572099296984,0.0023761207382182,dlpfc
IGHA1,pca_ridge,0.07671090741831654,0.073699694779093,0.0030112126392235483,0.2554614284581381,dlpfc
IGHA1,spatial_knn,0.26931844885191525,0.254471431631063,0.014847017220852243,0.2554614284581381,dlpfc
IGHG3,pca_ridge,0.03712839844515436,0.02060673096920487,0.01652166747594949,0.2710606514846914,dlpfc
IGHG3,spatial_knn,0.28501628305798704,0.256795836053962,0.02822044700402504,0.2710606514846914,dlpfc
IGHG4,pca_ridge,0.03295345044174978,0.02807908380287667,0.004874366638873109,0.187532040977866,dlpfc
IGHG4,spatial_knn,0.20565261771544555,0.2027766678457417,0.0028759498697038532,0.187532040977866,dlpfc
IGKC,pca_ridge,0.08463836777875756,0.07701931258080484,0.007619055197952723,0.348206897736826,dlpfc
IGKC,spatial_knn,0.345734421465293,0.32819047086914305,0.017543950596149938,0.348206897736826,dlpfc
IGLC2,pca_ridge,0.06870951120691643,0.06475311792190318,0.003956393285013252,0.2422330058087279,dlpfc
IGLC2,spatial_knn,0.2603506007772184,0.2434215305582257,0.016929070218992676,0.2422330058087279,dlpfc
INTS3,pca_ridge,0.090327932864398,0.076392793772006,0.013935139092391996,0.0039356273587869,dlpfc
INTS3,spatial_knn,0.01684095614261909,0.012111279510412765,0.004729676632206326,0.0039356273587869,dlpfc
IRX2,pca_ridge,0.07636357936254617,0.07627229935676143,9.128000578474682e-05,0.0240936012236055,dlpfc
IRX2,spatial_knn,0.051969785186016915,0.05278255846497667,-0.0008127732789597539,0.0240936012236055,dlpfc
KRT18,pca_ridge,0.23308108214727502,0.2277814306285223,0.005299651518752724,0.183032226865847,dlpfc
KRT18,spatial_knn,0.25441830037616675,0.2463983671936465,0.008019933182520256,0.183032226865847,dlpfc
KRT19,pca_ridge,0.21820915369459434,0.2146885211748302,0.003520632519764144,0.2464803974649806,dlpfc
KRT19,spatial_knn,0.30368375188861646,0.28627155956978556,0.0174121923188309,0.2464803974649806,dlpfc
KRT8,pca_ridge,0.2705846180058412,0.26242093352472334,0.008163684481117872,0.2482960014971054,dlpfc
KRT8,spatial_knn,0.3259341051817014,0.3102067572143996,0.015727347967301797,0.2482960014971054,dlpfc
LDB2,pca_ridge,0.21563854128182475,0.20986332665975338,0.005775214622071367,0.0404839501007934,dlpfc
LDB2,spatial_knn,0.044014785945707666,0.0224953672326493,0.021519418713058364,0.0404839501007934,dlpfc
LRRC3,pca_ridge,-0.0004957003338573803,-0.00033989308383533344,-0.00015580725002204684,-0.0003159684237637,dlpfc
LRRC3,spatial_knn,-0.0043709157857004894,-0.0046202661599956665,0.00024935037429517706,-0.0003159684237637,dlpfc
MAG,pca_ridge,0.4571835587891015,0.33863784627796734,0.11854571251113416,0.2331143769118815,dlpfc
MAG,spatial_knn,0.2956492279513991,0.23536324678093312,0.06028598117046596,0.2331143769118815,dlpfc
MAL,pca_ridge,0.365249141101587,0.2792675637550835,0.08598157734650352,0.1633709610883811,dlpfc
MAL,spatial_knn,0.22193350464719197,0.17514786528632365,0.046785639360868325,0.1633709610883811,dlpfc
MALAT1,pca_ridge,0.1959538953139738,0.12536916847260668,0.07058472684136713,0.1919086138448589,dlpfc
MALAT1,spatial_knn,0.1960166513875085,0.16600012330919997,0.03001652807830854,0.1919086138448589,dlpfc
MBP,pca_ridge,0.5163153759095664,0.42393735181571474,0.09237802409385171,0.5156025633668878,dlpfc
MBP,spatial_knn,0.49188470619249286,0.5086651544034351,-0.01678044821094221,0.5156025633668878,dlpfc
MFAP2,pca_ridge,0.032692951997854144,0.0372563332898658,-0.004563381292011656,0.0030302156218547,dlpfc
MFAP2,spatial_knn,0.008889647224201169,0.013445934593886467,-0.004556287369685299,0.0030302156218547,dlpfc
MGP,pca_ridge,0.15623068976362234,0.0906582167910327,0.06557247297258964,0.3641248799790357,dlpfc
MGP,spatial_knn,0.43617963832949275,0.4111727231508276,0.025006915178665157,0.3641248799790357,dlpfc
MOBP,pca_ridge,0.48298632693316723,0.3673478972399447,0.11563842969322252,0.3196668563856915,dlpfc
MOBP,spatial_knn,0.39082011404913575,0.3361986946483774,0.05462141940075832,0.3196668563856915,dlpfc
MOG,pca_ridge,0.42736764560570056,0.3161258899791682,0.11124175562653238,0.2020854320738061,dlpfc
MOG,spatial_knn,0.2647627374692692,0.19167241561377002,0.07309032185549919,0.2020854320738061,dlpfc
MRE11,pca_ridge,0.022350554248264282,0.0176862987638999,0.004664255484364381,-0.0027838021662628,dlpfc
MRE11,spatial_knn,0.0069697061621587396,0.0085510091154448,-0.00158130295328606,-0.0027838021662628,dlpfc
MS4A1,pca_ridge,0.03099423462740792,0.01702613611524423,0.013968098512163688,0.0646134701900372,dlpfc
MS4A1,spatial_knn,0.0722278670681011,0.06377273916224534,0.008455127905855758,0.0646134701900372,dlpfc
MTA1,pca_ridge,0.06042929120205268,0.050788271487097,0.009641019714955686,-0.0007115550325232,dlpfc
MTA1,spatial_knn,0.00439387886046463,0.0024360891476792336,0.001957789712785396,-0.0007115550325232,dlpfc
MUC1,pca_ridge,0.23441526778926597,0.21764478376140928,0.01677048402785669,0.2468302877405294,dlpfc
MUC1,spatial_knn,0.3242317505628734,0.2909656714934148,0.03326607906945861,0.2468302877405294,dlpfc
MYBL2,pca_ridge,0.007215011620092374,-0.00030280090301766676,0.00751781252311004,-0.0010059350795639,dlpfc
MYBL2,spatial_knn,0.00221840000863155,0.0007448259765163666,0.0014735740321151834,-0.0010059350795639,dlpfc
NEFL,pca_ridge,0.477552523477825,0.4517826378138403,0.025769885663984693,0.278464746694377,dlpfc
NEFL,spatial_knn,0.18978290065435438,0.058541632260727734,0.13124126839362665,0.278464746694377,dlpfc
NKX6-2,pca_ridge,0.3755748577630999,0.2668159078328397,0.1087589499302602,0.1605185055744521,dlpfc
NKX6-2,spatial_knn,0.21961654641638248,0.16804039941495183,0.05157614700143065,0.1605185055744521,dlpfc
PLA1A,pca_ridge,0.00057049943454709,-0.0026051092958130667,0.003175608730360157,-0.000303410438206,dlpfc
PLA1A,spatial_knn,-0.0048512590572145995,-0.004666303527068967,-0.0001849555301456328,-0.000303410438206,dlpfc
PLP1,pca_ridge,0.5181658707037793,0.43861597020896587,0.07954990049481342,0.418948084852661,dlpfc
PLP1,spatial_knn,0.4500406927787009,0.44288165802375007,0.007159034754950833,0.418948084852661,dlpfc
PNMA3,pca_ridge,0.15918911817042108,0.14495749399518817,0.01423162417523291,0.0170170242047661,dlpfc
PNMA3,spatial_knn,0.016427670194172163,0.0063855084846068,0.010042161709565362,0.0170170242047661,dlpfc
PPP1R14A,pca_ridge,0.41668585556795684,0.3287000295442617,0.08798582602369515,0.2156929779592869,dlpfc
PPP1R14A,spatial_knn,0.27726322719026675,0.22707636063646386,0.05018686655380289,0.2156929779592869,dlpfc
PSME2,pca_ridge,0.04878864290388944,0.04888453960773833,-9.589670384888699e-05,0.0078503871037793,dlpfc
PSME2,spatial_knn,0.0198671379816725,0.019979831814617103,-0.0001126938329446027,0.0078503871037793,dlpfc
PTGDS,pca_ridge,0.3204508494827493,0.27313112181928617,0.04731972766346315,0.1777215540482319,dlpfc
PTGDS,spatial_knn,0.10909209258586443,0.040163736697209636,0.06892835588865479,0.1777215540482319,dlpfc
RARRES3,pca_ridge,0.11460412012419971,0.10745751798773706,0.007146602136462649,0.0358253788581433,dlpfc
RARRES3,spatial_knn,0.06487907465629784,0.06590953100709623,-0.0010304563507983894,0.0358253788581433,dlpfc
RBM15B,pca_ridge,0.0749959351097085,0.06871520847138346,0.006280726638325046,0.0053309103355928,dlpfc
RBM15B,spatial_knn,0.00521406116093376,0.0021893809821342666,0.0030246801787994935,0.0053309103355928,dlpfc
RCC1,pca_ridge,0.0038404839211150623,0.005450862311244034,-0.0016103783901289716,0.0026219740391659,dlpfc
RCC1,spatial_knn,-0.01471358859195252,-0.012703614327332633,-0.002009974264619886,0.0026219740391659,dlpfc
RIF1,pca_ridge,0.07755929658804203,0.04974717822991764,0.027812118358124395,0.0012561681271016,dlpfc
RIF1,spatial_knn,0.00634142670958755,-0.0010710338829324,0.00741246059251995,0.0012561681271016,dlpfc
RNASE1,pca_ridge,0.37040349242335713,0.29323497357898504,0.07716851884437209,0.1665005564998363,dlpfc
RNASE1,spatial_knn,0.21281121506494158,0.17313634955840715,0.03967486550653443,0.1665005564998363,dlpfc
S100A11,pca_ridge,0.2553932567193397,0.2532262429569074,0.002167013762432335,0.1697706261926276,dlpfc
S100A11,spatial_knn,0.2545070374080871,0.25498863053733284,-0.0004815931292457276,0.1697706261926276,dlpfc
S100B,pca_ridge,0.34061587185147696,0.2920279987972727,0.048587873054204256,0.2048527570168208,dlpfc
S100B,spatial_knn,0.1506780333164137,0.0731515395880759,0.0775264937283378,0.2048527570168208,dlpfc
SAA1,pca_ridge,0.1351827113320217,0.0480350770943474,0.0871476342376743,0.4136080591854777,dlpfc
SAA1,spatial_knn,0.5090474770866843,0.49217837988142915,0.016869097205255146,0.4136080591854777,dlpfc
SAA2,pca_ridge,0.07696901547252485,0.0377085877315736,0.03926042774095125,0.1772707756291735,dlpfc
SAA2,spatial_knn,0.27184718093964994,0.2579187083627661,0.013928472576883844,0.1772707756291735,dlpfc
SCGB1D2,pca_ridge,0.2457947851469391,0.20870141254912988,0.037093372597809204,0.5286076681339221,dlpfc
SCGB1D2,spatial_knn,0.5909445757176124,0.5663008921318551,0.024643683585757303,0.5286076681339221,dlpfc
SCGB2A1,pca_ridge,0.09310649568908216,0.06993864341721233,0.023167852271869835,0.0849589855060622,dlpfc
SCGB2A1,spatial_knn,0.12950810636831384,0.12465387498155156,0.0048542313867622755,0.0849589855060622,dlpfc
SCGB2A2,pca_ridge,0.2974896210281483,0.25739732539399207,0.04009229563415623,0.7143328555346343,dlpfc
SCGB2A2,spatial_knn,0.712950083526268,0.6888551748873043,0.024094908638963686,0.7143328555346343,dlpfc
SEPT4,pca_ridge,0.3549728326481304,0.25846355228773027,0.09650928036040013,0.1760454776288026,dlpfc
SEPT4,spatial_knn,0.22851690882009668,0.2012670469341067,0.027249861885989962,0.1760454776288026,dlpfc
SPP1,pca_ridge,0.4438065545198828,0.3394299223873604,0.1043766321325224,0.2172672707758185,dlpfc
SPP1,spatial_knn,0.2845181836126499,0.24839542113366556,0.036122762478984355,0.2172672707758185,dlpfc
TF,pca_ridge,0.4797025052672435,0.37719216010821643,0.10251034515902707,0.2769873246015387,dlpfc
TF,spatial_knn,0.3375142809596186,0.29015378152166565,0.04736049943795295,0.2769873246015387,dlpfc
TFF1,pca_ridge,0.14482900072053756,0.11281767196190846,0.032011328758629096,0.2356339408791286,dlpfc
TFF1,spatial_knn,0.3303872136651679,0.30755894117147076,0.02282827249369712,0.2356339408791286,dlpfc
TFF3,pca_ridge,0.16032700633365787,0.13999982024316976,0.020327186090488114,0.1745244424053923,dlpfc
TFF3,spatial_knn,0.22744451446056227,0.21251242694807218,0.014932087512490089,0.1745244424053923,dlpfc
TJP1,pca_ridge,0.1486571306018009,0.10951705813523789,0.03914007246656302,0.0261131208892276,dlpfc
TJP1,spatial_knn,0.03237697398489272,0.008745390233507599,0.02363158375138512,0.0261131208892276,dlpfc
TMEM144,pca_ridge,0.3946171899673969,0.2957036316615393,0.09891355830585763,0.1660435568944688,dlpfc
TMEM144,spatial_knn,0.22129580905382187,0.17160157185777183,0.04969423719605004,0.1660435568944688,dlpfc
TNC,pca_ridge,0.10350468772297208,0.06652377609169917,0.036980911631272914,0.0187015948031266,dlpfc
TNC,spatial_knn,0.01575698835695475,0.008097691369144634,0.007659296987810116,0.0187015948031266,dlpfc
TSPO,pca_ridge,0.08408393676784096,0.07803844415286697,0.006045492614973988,0.0088993605435376,dlpfc
TSPO,spatial_knn,0.023559232727229852,0.01824608052426097,0.005313152202968883,0.0088993605435376,dlpfc
Z82188.2,pca_ridge,0.00519005400219667,-0.0005114886337739336,0.005701542635970604,-0.0003733035275424,dlpfc
Z82188.2,spatial_knn,0.006267539911951741,0.01645085446346897,-0.010183314551517228,-0.0003733035275424,dlpfc
Z82214.2,pca_ridge,0.05575186358505559,0.04391707648286173,0.011834787102193864,0.012185449305514,dlpfc
Z82214.2,spatial_knn,0.04718742083571012,0.026269804464530467,0.020917616371179653,0.012185449305514,dlpfc
ZFP36L1,pca_ridge,0.1117811382288135,0.09064518859420094,0.021135949634612558,0.0167252342746756,dlpfc
ZFP36L1,spatial_knn,0.02006205391961616,0.004545149077818166,0.015516904841797994,0.0167252342746756,dlpfc
ABCG2,mean,0.0,0.0,0.0,-0.0043333321570569,anderson
ABCG2,pca_ridge,-0.00240931277859154,-0.00697314075981825,0.0045638279812267105,-0.0043333321570569,anderson
ABCG2,spatial_knn,0.0006241028831021004,-0.0008731640291288127,0.0014972669122309131,-0.0043333321570569,anderson
AC007906,pca_ridge,0.06614230875607574,0.0025719234510498,0.06357038530502594,0.0052948455396296,anderson
AC007906,spatial_knn,0.0069429949012782596,-0.0042900503822768995,0.011233045283555159,0.0052948455396296,anderson
ADAM11,mean,0.0,0.0,0.0,-0.0038260647586143,anderson
ADAM11,pca_ridge,0.10956758593566954,-0.0017928953942942991,0.11136048132996383,-0.0038260647586143,anderson
ADAM11,spatial_knn,-0.00500388060209118,-0.0032590367182760505,-0.0017448438838151299,-0.0038260647586143,anderson
ADAM17,mean,0.0,0.0,0.0,0.0063482276732962,anderson
ADAM17,pca_ridge,0.1419593297238722,0.0495078433809512,0.09245148634292101,0.0063482276732962,anderson
ADAM17,spatial_knn,-0.004888757537453761,0.007249089883514876,-0.012137847420968637,0.0063482276732962,anderson
ADAM32,mean,0.0,0.0,0.0,-0.0054740414122203,anderson
ADAM32,pca_ridge,0.026455743222918,0.01250411201656287,0.01395163120635513,-0.0054740414122203,anderson
ADAM32,spatial_knn,0.00392016174229016,0.026824668961380315,-0.022904507219090153,-0.0054740414122203,anderson
AGAP9,pca_ridge,0.01724565463673566,-0.017782893243472313,0.03502854788020797,0.0015228783524041,anderson
AGAP9,spatial_knn,-0.0087104975204829,-0.006239020856223862,-0.002471476664259037,0.0015228783524041,anderson
AGR2,mean,0.0,0.0,0.0,0.1324995223814516,anderson
AGR2,pca_ridge,0.54922403548111,0.1581671855371886,0.3910568499439214,0.1324995223814516,anderson
AGR2,spatial_knn,0.023629441276381818,-0.02510927016761325,0.04873871144399507,0.1324995223814516,anderson
AGR3,mean,0.0,0.0,0.0,0.1426284395399444,anderson
AGR3,pca_ridge,0.40208512137113617,0.1063997254656518,0.29568539590548437,0.1426284395399444,anderson
AGR3,spatial_knn,0.05595810515795256,-0.027166885929629417,0.08312499108758198,0.1426284395399444,anderson
AGRP,mean,0.0,0.0,0.0,-0.0045711291887028,anderson
AGRP,pca_ridge,0.00594395261088424,0.010018834822035829,-0.004074882211151589,-0.0045711291887028,anderson
AGRP,spatial_knn,-0.00442407106961036,-0.0040636686747856565,-0.00036040239482470343,-0.0045711291887028,anderson
AP000769,mean,0.0,0.0,0.0,0.2195950598468359,anderson
AP000769,pca_ridge,0.748024849123922,0.17511112130020934,0.5729137278237126,0.2195950598468359,anderson
AP000769,spatial_knn,0.02880787470462674,-0.0149179698950988,0.04372584459972554,0.2195950598468359,anderson
AREG,mean,0.0,0.0,0.0,0.1498006185941157,anderson
AREG,pca_ridge,0.44932585014655374,0.10510741598179085,0.3442184341647629,0.1498006185941157,anderson
AREG,spatial_knn,0.12286826416413725,0.01474529541088765,0.1081229687532496,0.1498006185941157,anderson
ARHGAP21,mean,0.0,0.0,0.0,0.0037738437734691,anderson
ARHGAP21,pca_ridge,0.12141242959814005,0.0502539476804909,0.07115848191764915,0.0037738437734691,anderson
ARHGAP21,spatial_knn,-0.013564131967637,-0.0006194765195027257,-0.012944655448134274,0.0037738437734691,anderson
ASPH,mean,0.0,0.0,0.0,0.1078742777110338,anderson
ASPH,pca_ridge,0.636792000108567,0.36350916495062985,0.2732828351579371,0.1078742777110338,anderson
ASPH,spatial_knn,-0.0061255095998997405,-0.010095618880886713,0.003970109280986973,0.1078742777110338,anderson
ATP6V1E2,mean,0.0,0.0,0.0,-0.0002713841006147,anderson
ATP6V1E2,pca_ridge,0.06389784121273487,0.016178792823064437,0.047719048389670435,-0.0002713841006147,anderson
ATP6V1E2,spatial_knn,-0.01185392908575214,-0.009285053734806188,-0.002568875350945953,-0.0002713841006147,anderson
BAZ2B,mean,0.0,0.0,0.0,0.0038300287257142,anderson
BAZ2B,pca_ridge,0.24596939640343113,0.10492454476454778,0.14104485163888336,0.0038300287257142,anderson
BAZ2B,spatial_knn,0.00616300818399376,-0.00031597619806937594,0.006478984382063136,0.0038300287257142,anderson
BOD1L1,mean,0.0,0.0,0.0,0.0037938034682398,anderson
BOD1L1,pca_ridge,0.21222590269485928,0.09525246074617902,0.11697344194868026,0.0037938034682398,anderson
BOD1L1,spatial_knn,0.012327434152995718,0.002064683281869612,0.010262750871126106,0.0037938034682398,anderson
BRD4,mean,0.0,0.0,0.0,0.00914606336158,anderson
BRD4,pca_ridge,0.15281395157683844,0.05842721338659758,0.09438673819024086,0.00914606336158,anderson
BRD4,spatial_knn,-0.009370230165707618,0.013898019709857774,-0.023268249875565392,0.00914606336158,anderson
C12orf50,mean,0.0,0.0,0.0,-0.0041139668018553,anderson
C12orf50,pca_ridge,-0.00019535243214791992,-0.013030096372654468,0.012834743940506549,-0.0041139668018553,anderson
C12orf50,spatial_knn,-0.0051523553672542,-0.005781684363872116,0.000629328996617916,-0.0041139668018553,anderson
CA11,pca_ridge,0.09964029773587071,0.0368602187905765,0.06278007894529422,0.0046393433321292,anderson
CA11,spatial_knn,-0.014333252203110899,-0.005827437543614579,-0.008505814659496319,0.0046393433321292,anderson
CACNA1A,mean,0.0,0.0,0.0,0.0080089099416191,anderson
CACNA1A,pca_ridge,0.06700117996619008,0.016891900947288537,0.05010927901890154,0.0080089099416191,anderson
CACNA1A,spatial_knn,0.03261817350201194,-0.0008557320032066252,0.03347390550521857,0.0080089099416191,anderson
CACNA2D1,mean,0.0,0.0,0.0,-0.0028743076862948,anderson
CACNA2D1,pca_ridge,0.0034653715537076,0.011437153962354174,-0.007971782408646575,-0.0028743076862948,anderson
CACNA2D1,spatial_knn,-0.01817083678890772,-0.011518106335194862,-0.006652730453712858,-0.0028743076862948,anderson
CBLN3,mean,0.0,0.0,0.0,-0.0022682605604958,anderson
CBLN3,pca_ridge,0.01962801358198468,-0.00936626978145515,0.02899428336343983,-0.0022682605604958,anderson
CBLN3,spatial_knn,-0.0044708071720487,-0.002060192134128163,-0.002410615037920537,-0.0022682605604958,anderson
CCDC66,mean,0.0,0.0,0.0,-0.0101219627487677,anderson
CCDC66,pca_ridge,0.057516445829645255,0.016821712181213023,0.040694733648432235,-0.0101219627487677,anderson
CCDC66,spatial_knn,0.0006357759648021593,-0.006458539598586825,0.007094315563388984,-0.0101219627487677,anderson
CCL19,mean,0.0,0.0,0.0,0.1389008918769181,anderson
CCL19,pca_ridge,0.4646472273288559,0.2219894855828645,0.2426577417459914,0.1389008918769181,anderson
CCL19,spatial_knn,0.03448073516533262,0.00652746803823275,0.02795326712709987,0.1389008918769181,anderson
CCL21,pca_ridge,0.263159211291641,0.15162936712864722,0.11152984416299377,0.0817075963034446,anderson
CCL21,spatial_knn,0.04804300796424688,-0.004947543365242449,0.05299055132948933,0.0817075963034446,anderson
CCR10,mean,0.0,0.0,0.0,0.0031832667931658,anderson
CCR10,pca_ridge,0.06976785285565364,0.0365990712227188,0.03316878163293484,0.0031832667931658,anderson
CCR10,spatial_knn,0.00610478737473328,-0.0002574504461213614,0.006362237820854642,0.0031832667931658,anderson
CD36,mean,0.0,0.0,0.0,0.0968794239704968,anderson
CD36,pca_ridge,0.6708013587748323,0.05934470647670367,0.6114566522981286,0.0968794239704968,anderson
CD36,spatial_knn,0.019520033449237882,-0.022305195121756848,0.04182522857099473,0.0968794239704968,anderson
CD74,mean,0.0,0.0,0.0,0.2150025876400652,anderson
CD74,pca_ridge,0.673671739727135,0.4758491110567862,0.19782262867034883,0.2150025876400652,anderson
CD74,spatial_knn,-0.00020526452683904006,-0.024076008639985214,0.023870744113146172,0.2150025876400652,anderson
CEP89,pca_ridge,0.11782110559984953,0.05482399552246814,0.06299711007738139,0.0061785257458565,anderson
CEP89,spatial_knn,-0.01114757695196626,-0.01765297780397059,0.006505400852004328,0.0061785257458565,anderson
CFAP69,mean,0.0,0.0,0.0,0.0027034540864465,anderson
CFAP69,pca_ridge,0.03330757136963654,0.010232768714276263,0.023074802655360275,0.0027034540864465,anderson
CFAP69,spatial_knn,0.013434636927083821,-0.007049762538862263,0.020484399465946084,0.0027034540864465,anderson
CHGA,mean,0.0,0.0,0.0,0.1993597090956675,anderson
CHGA,pca_ridge,0.4875813391398737,0.05062104697595876,0.43696029216391497,0.1993597090956675,anderson
CHGA,spatial_knn,0.13924334491904142,-0.0186393081216503,0.1578826530406917,0.1993597090956675,anderson
COL3A1,mean,0.0,0.0,0.0,0.1602187287415666,anderson
COL3A1,pca_ridge,0.7274108329887656,0.40946729409729976,0.31794353889146587,0.1602187287415666,anderson
COL3A1,spatial_knn,0.060686930930866724,-0.005049158842588698,0.06573608977345542,0.1602187287415666,anderson
CRYBA2,mean,0.0,0.0,0.0,-0.0033445639922137,anderson
CRYBA2,pca_ridge,0.20047310503757268,0.024955331908185118,0.17551777312938757,-0.0033445639922137,anderson
CRYBA2,spatial_knn,0.0418912534452166,0.011416380599247017,0.030474872845969586,-0.0033445639922137,anderson
CTRC,mean,0.0,0.0,0.0,-0.0034748219581594,anderson
CTRC,pca_ridge,-0.0038311320774200306,-0.013159256064790476,0.009328123987370446,-0.0034748219581594,anderson
CTRC,spatial_knn,-0.0063507798987513745,0.004105612332696851,-0.010456392231448225,-0.0034748219581594,anderson
CWF19L2,mean,0.0,0.0,0.0,-0.0003649724075804,anderson
CWF19L2,pca_ridge,0.12671263335032304,0.029539238593657688,0.09717339475666535,-0.0003649724075804,anderson
CWF19L2,spatial_knn,0.01653121640180894,0.01646552437320909,6.56920285998508e-05,-0.0003649724075804,anderson
CYP20A1,mean,0.0,0.0,0.0,-0.0032598803822529,anderson
CYP20A1,pca_ridge,0.08573255565842573,0.04428854442001784,0.041444011238407893,-0.0032598803822529,anderson
CYP20A1,spatial_knn,-0.00201207573090382,-0.0030116479432305,0.00099957221232668,-0.0032598803822529,anderson
DCAF12L2,mean,0.0,0.0,0.0,0.1143806659003017,anderson
DCAF12L2,pca_ridge,0.4218956147645412,0.041319044440350776,0.3805765703241904,0.1143806659003017,anderson
DCAF12L2,spatial_knn,0.09100169205439995,-0.0007435422898301001,0.09174523434423006,0.1143806659003017,anderson
DNAJC24,pca_ridge,0.05504275794920752,-0.0027366626473540635,0.05777942059656159,-0.005117879297217,anderson
DNAJC24,spatial_knn,0.0017024538805288398,0.0051604798230811995,-0.00345802594255236,-0.005117879297217,anderson
EXOSC9,mean,0.0,0.0,0.0,0.0284279752398699,anderson
EXOSC9,pca_ridge,0.24277932835926214,0.1342083312969965,0.10857099706226564,0.0284279752398699,anderson
EXOSC9,spatial_knn,-0.021059686311715578,0.007694967196597225,-0.028754653508312803,0.0284279752398699,anderson
EXTL1,mean,0.0,0.0,0.0,-0.002872636374463,anderson
EXTL1,pca_ridge,0.044876752296196844,0.0061003565607071625,0.03877639573548968,-0.002872636374463,anderson
EXTL1,spatial_knn,0.00740589065252166,0.001188401300345687,0.006217489352175973,-0.002872636374463,anderson
FABP4,mean,0.0,0.0,0.0,0.1201725676701328,anderson
FABP4,pca_ridge,0.25394681334556424,0.1140186597780439,0.13992815356752034,0.1201725676701328,anderson
FABP4,spatial_knn,0.04569012582038178,-0.038676497435665744,0.08436662325604752,0.1201725676701328,anderson
FABP7,mean,0.0,0.0,0.0,0.1321395249524168,anderson
FABP7,pca_ridge,0.5594423854621737,0.03354611971322321,0.5258962657489505,0.1321395249524168,anderson
FABP7,spatial_knn,0.12728347087369038,0.003977242343264562,0.12330622853042582,0.1321395249524168,anderson
FAHD2A,mean,0.0,0.0,0.0,-0.0063114719321224,anderson
FAHD2A,pca_ridge,0.05044776342748954,0.021317346692000375,0.02913041673548917,-0.0063114719321224,anderson
FAHD2A,spatial_knn,-0.01712796186884886,0.00012135421157022548,-0.01724931608041909,-0.0063114719321224,anderson
FAM126A,mean,0.0,0.0,0.0,0.0009314104532686,anderson
FAM126A,pca_ridge,0.1371886285922208,0.034095236046195125,0.10309339254602568,0.0009314104532686,anderson
FAM126A,spatial_knn,0.0002942514940988003,-0.0064795748838852125,0.006773826377984013,0.0009314104532686,anderson
FCHSD1,mean,0.0,0.0,0.0,-0.0013478661136736,anderson
FCHSD1,pca_ridge,0.1106313143894734,0.05577308046407825,0.054858233925395156,-0.0013478661136736,anderson
FCHSD1,spatial_knn,0.00269731150886688,-0.010994700346504325,0.013692011855371205,-0.0013478661136736,anderson
FGF10,mean,0.0,0.0,0.0,-0.0040017156570293,anderson
FGF10,pca_ridge,0.0099894673097192,0.004542061589983372,0.005447405719735828,-0.0040017156570293,anderson
FGF10,spatial_knn,-0.0040245219922751,-0.004549302532187314,0.0005247805399122138,-0.0040017156570293,anderson
FNBP1L,mean,0.0,0.0,0.0,0.1210202630402389,anderson
FNBP1L,pca_ridge,0.8578966044564329,0.30214215687778884,0.555754447578644,0.1210202630402389,anderson
FNBP1L,spatial_knn,-0.0246832736542002,-0.020934972633201536,-0.0037483010209986636,0.1210202630402389,anderson
FUT1,mean,0.0,0.0,0.0,-0.0099375212299359,anderson
FUT1,pca_ridge,0.03638244934698582,-0.0161477458425946,0.05253019518958042,-0.0099375212299359,anderson
FUT1,spatial_knn,0.0025301458151318593,-0.004284408613877962,0.006814554429009821,-0.0099375212299359,anderson
GLYATL2,pca_ridge,0.6799698327834337,0.14188982717434875,0.538080005609085,0.1098343908114981,anderson
GLYATL2,spatial_knn,0.00529130635665116,-0.0031478583842989125,0.008439164740950073,0.1098343908114981,anderson
GNAS,mean,0.0,0.0,0.0,0.1728756506052079,anderson
GNAS,pca_ridge,0.6432829509258239,0.4826948539488436,0.1605880969769803,0.1728756506052079,anderson
GNAS,spatial_knn,0.04327720169762342,-0.021613870240488525,0.06489107193811194,0.1728756506052079,anderson
GOLGA8N,mean,0.0,0.0,0.0,0.004312168647301,anderson
GOLGA8N,pca_ridge,0.02466913815553774,-0.003359738643522167,0.028028876799059906,0.004312168647301,anderson
GOLGA8N,spatial_knn,-0.0061781404907489,-0.0036712184066649994,-0.002506922084083901,0.004312168647301,anderson
H3F3A,mean,0.0,0.0,0.0,-0.0040728414464254,anderson
H3F3A,pca_ridge,0.015591713601849721,0.0018187750563987504,0.013772938545450971,-0.0040728414464254,anderson
H3F3A,spatial_knn,-0.01101305971149618,-0.011812612035070112,0.0007995523235739318,-0.0040728414464254,anderson
HIST1H1B,mean,0.0,0.0,0.0,-0.006637956326273,anderson
HIST1H1B,pca_ridge,0.0011316800265171998,-0.018037473403553318,0.01916915343007052,-0.006637956326273,anderson
HIST1H1B,spatial_knn,-0.0098850144152294,-0.0078586590682286,-0.0020263553470008,-0.006637956326273,anderson
HIST1H1E,mean,0.0,0.0,0.0,-0.0004518165637585,anderson
HIST1H1E,pca_ridge,0.08619248184146247,0.03644889542227375,0.04974358641918872,-0.0004518165637585,anderson
HIST1H1E,spatial_knn,-0.0196153645642217,-0.011717227482221499,-0.007898137082000201,-0.0004518165637585,anderson
HLA-E,mean,0.0,0.0,0.0,0.1530575352002701,anderson
HLA-E,pca_ridge,0.6987787799741756,0.31677940799693644,0.38199937197723915,0.1530575352002701,anderson
HLA-E,spatial_knn,-0.00676406986832596,-0.013368905197608513,0.006604835329282553,0.1530575352002701,anderson
HOXC9,mean,0.0,0.0,0.0,-0.0020443652727784,anderson
HOXC9,pca_ridge,0.13641108768113944,0.03154805542249401,0.10486303225864543,-0.0020443652727784,anderson
HOXC9,spatial_knn,-0.00824598792147498,-0.003339164987299675,-0.004906822934175305,-0.0020443652727784,anderson
HSPB7,pca_ridge,0.08612699472232198,0.0075947292805746865,0.0785322654417473,0.0016986485529145,anderson
HSPB7,spatial_knn,-0.0023099396567876204,-0.004803500923399975,0.0024935612666123546,0.0016986485529145,anderson
IGHD,mean,0.0,0.0,0.0,0.0860101133484178,anderson
IGHD,pca_ridge,0.38065622003904576,0.09329948864383043,0.28735673139521534,0.0860101133484178,anderson
IGHD,spatial_knn,-0.0015879044019784,-0.018263307711561986,0.016675403309583586,0.0860101133484178,anderson
IGHG4,mean,0.0,0.0,0.0,0.1660679503030481,anderson
IGHG4,pca_ridge,0.849509636516115,0.10342615400481342,0.7460834825113016,0.1660679503030481,anderson
IGHG4,spatial_knn,0.03680265050215582,-0.01987519364730549,0.05667784414946131,0.1660679503030481,anderson
IGHM,mean,0.0,0.0,0.0,0.2672035886614903,anderson
IGHM,pca_ridge,0.8252077827851021,0.2879288073555847,0.5372789754295174,0.2672035886614903,anderson
IGHM,spatial_knn,0.0148618115574661,0.0008903607551491752,0.013971450802316925,0.2672035886614903,anderson
IGKC,mean,0.0,0.0,0.0,0.4158786931838041,anderson
IGKC,pca_ridge,0.8942958123444977,0.4220041389102539,0.47229167343424383,0.4158786931838041,anderson
IGKC,spatial_knn,-0.03267502421428656,-0.061152806363022276,0.02847778214873572,0.4158786931838041,anderson
IGKV1-9,pca_ridge,0.013627425046700267,0.007265274533364493,0.0063621505133357745,-0.0014917867176046,anderson
IGKV1-9,spatial_knn,-0.006185046837960066,-0.007088926564867482,0.000903879726907416,-0.0014917867176046,anderson
IGLC2,mean,0.0,0.0,0.0,0.3626695860502455,anderson
IGLC2,pca_ridge,0.857757806719628,0.3533118559753671,0.5044459507442609,0.3626695860502455,anderson
IGLC2,spatial_knn,-0.02674474358894922,0.0057031102685807245,-0.03244785385752995,0.3626695860502455,anderson
IGLC7,mean,0.0,0.0,0.0,0.1717310534306244,anderson
IGLC7,pca_ridge,0.5255414052984462,0.16207957219017588,0.3634618331082703,0.1717310534306244,anderson
IGLC7,spatial_knn,0.0215341240872084,-0.004219017766799751,0.02575314185400815,0.1717310534306244,anderson
IGLV3-1,mean,0.0,0.0,0.0,0.0305602393410728,anderson
IGLV3-1,pca_ridge,0.18224666462477856,0.055322561053568885,0.12692410357120967,0.0305602393410728,anderson
IGLV3-1,spatial_knn,-0.0050841050526816796,0.0014948162824790123,-0.006578921335160692,0.0305602393410728,anderson
INAFM1,mean,0.0,0.0,0.0,-0.0056553539785648,anderson
INAFM1,pca_ridge,0.09883049798225656,0.04356208304226319,0.05526841493999337,-0.0056553539785648,anderson
INAFM1,spatial_knn,-0.01053867433030502,-0.00583258212843145,-0.004706092201873571,-0.0056553539785648,anderson
ISG15,pca_ridge,0.6363573045047508,0.20484673979062334,0.43151056471412746,0.1271166346287661,anderson
ISG15,spatial_knn,-0.0032730337892528396,-0.02683565606171949,0.023562622272466652,0.1271166346287661,anderson
ISM1,mean,0.0,0.0,0.0,0.0074533366688869,anderson
ISM1,pca_ridge,0.19769687864142887,0.04814305879938285,0.14955381984204602,0.0074533366688869,anderson
ISM1,spatial_knn,-0.006851284426328999,-0.011449708696155823,0.004598424269826824,0.0074533366688869,anderson
ITCH,mean,0.0,0.0,0.0,0.0022321780106558,anderson
ITCH,pca_ridge,0.05978408426857686,0.02249077056853515,0.037293313700041714,0.0022321780106558,anderson
ITCH,spatial_knn,0.02419033943072848,0.003953595534717437,0.02023674389601104,0.0022321780106558,anderson
ITGAV,mean,0.0,0.0,0.0,0.0819596278529162,anderson
ITGAV,pca_ridge,0.4355124510619083,0.28518137379814856,0.15033107726375972,0.0819596278529162,anderson
ITGAV,spatial_knn,-0.00286476108972702,-0.0018855773421863878,-0.0009791837475406323,0.0819596278529162,anderson
JAKMIP3,mean,0.0,0.0,0.0,-0.0063132856028251,anderson
JAKMIP3,pca_ridge,0.005876664307043,-0.015303806598808376,0.021180470905851376,-0.0063132856028251,anderson
JAKMIP3,spatial_knn,-0.01148070529853754,-0.0046969400834915125,-0.006783765215046027,-0.0063132856028251,anderson
JCHAIN,mean,0.0,0.0,0.0,0.1553856752080432,anderson
JCHAIN,pca_ridge,0.46752286556474215,0.2558273681728597,0.21169549739188243,0.1553856752080432,anderson
JCHAIN,spatial_knn,0.04604164499421422,-0.014435847432396988,0.060477492426611205,0.1553856752080432,anderson
KCNB1,mean,0.0,0.0,0.0,0.0033210431314702,anderson
KCNB1,pca_ridge,0.016782536968937257,0.00021532338379626204,0.016567213585140995,0.0033210431314702,anderson
KCNB1,spatial_knn,0.02511556975511814,0.012357103725615512,0.012758466029502627,0.0033210431314702,anderson
KCNC1,mean,0.0,0.0,0.0,-0.002821146325072,anderson
KCNC1,pca_ridge,0.08022198690172985,-0.012597776527790842,0.0928197634295207,-0.002821146325072,anderson
KCNC1,spatial_knn,0.00199858315798158,-0.004545311480291871,0.006543894638273451,-0.002821146325072,anderson
KCNQ2,mean,0.0,0.0,0.0,0.0129988009314178,anderson
KCNQ2,pca_ridge,0.44326139028092604,0.0027528386546258857,0.44050855162630015,0.0129988009314178,anderson
KCNQ2,spatial_knn,-0.0011633746993309404,0.004016498909057171,-0.005179873608388111,0.0129988009314178,anderson
KDM3B,mean,0.0,0.0,0.0,0.0149160158507253,anderson
KDM3B,pca_ridge,0.20777878760610152,0.1288599246158332,0.07891886299026832,0.0149160158507253,anderson
KDM3B,spatial_knn,0.030281701900591363,0.020691100857999186,0.009590601042592177,0.0149160158507253,anderson
KRT15,mean,0.0,0.0,0.0,0.1219924971933015,anderson
KRT15,pca_ridge,0.4467186554915375,0.113835768826551,0.3328828866649865,0.1219924971933015,anderson
KRT15,spatial_knn,0.041310197022282356,-0.009500473129857837,0.05081067015214019,0.1219924971933015,anderson
KRT17,mean,0.0,0.0,0.0,0.0937079908018226,anderson
KRT17,pca_ridge,0.4455511595868587,0.11027646246969315,0.33527469711716557,0.0937079908018226,anderson
KRT17,spatial_knn,0.036645821951627536,0.0033034452822583125,0.03334237666936922,0.0937079908018226,anderson
KRT18,mean,0.0,0.0,0.0,0.0813840488617422,anderson
KRT18,pca_ridge,0.4668751566809327,0.24793749366502774,0.21893766301590498,0.0813840488617422,anderson
KRT18,spatial_knn,-0.01920234148259424,-0.003247239381487801,-0.015955102101106438,0.0813840488617422,anderson
KRT81,pca_ridge,0.8171859756326925,0.04740180662978495,0.7697841690029075,0.1043875954089753,anderson
KRT81,spatial_knn,0.10126237437039465,0.009979718011724825,0.09128265635866982,0.1043875954089753,anderson
LAPTM4A,mean,0.0,0.0,0.0,0.1133900000184341,anderson
LAPTM4A,pca_ridge,0.5969605727545928,0.4007280700986929,0.19623250265589992,0.1133900000184341,anderson
LAPTM4A,spatial_knn,0.0384587128760492,-0.004324529468262862,0.04278324234431206,0.1133900000184341,anderson
LPIN1,mean,0.0,0.0,0.0,0.0148256418286257,anderson
LPIN1,pca_ridge,0.17323441543249404,0.1039436903319295,0.06929072510056454,0.0148256418286257,anderson
LPIN1,spatial_knn,0.02429019259880922,0.006522123875028025,0.017768068723781193,0.0148256418286257,anderson
LTF,mean,0.0,0.0,0.0,0.1083520695333013,anderson
LTF,pca_ridge,0.5451255403436699,0.04671932648547121,0.49840621385819867,0.1083520695333013,anderson
LTF,spatial_knn,0.05575327961248455,0.011171509191089212,0.04458177042139534,0.1083520695333013,anderson
MAATS1,mean,0.0,0.0,0.0,0.006692549988832,anderson
MAATS1,pca_ridge,0.10785839241651171,0.003894799983954,0.1039635924325577,0.006692549988832,anderson
MAATS1,spatial_knn,-0.00791863582010172,-0.003910848364655075,-0.0040077874554466444,0.006692549988832,anderson
MACROD2,mean,0.0,0.0,0.0,-0.0029909250276328,anderson
MACROD2,pca_ridge,-0.008045108785102641,0.003703548354442,-0.011748657139544642,-0.0029909250276328,anderson
MACROD2,spatial_knn,-0.01681520339398488,-0.0038038209047565,-0.01301138248922838,-0.0029909250276328,anderson
MMRN1,mean,0.0,0.0,0.0,-0.0044995177460147,anderson
MMRN1,pca_ridge,0.04359657609181408,0.0029002908662899376,0.04069628522552415,-0.0044995177460147,anderson
MMRN1,spatial_knn,0.036027396713121516,0.0249212759429965,0.011106120770125016,-0.0044995177460147,anderson
MRGPRF,mean,0.0,0.0,0.0,0.0151754285559501,anderson
MRGPRF,pca_ridge,0.1297779740547964,0.07026167530335152,0.05951629875144489,0.0151754285559501,anderson
MRGPRF,spatial_knn,-0.0041839625436328794,-0.016354955340915977,0.012170992797283097,0.0151754285559501,anderson
MRPL21,pca_ridge,0.3033046160815828,0.19753635450208515,0.10576826157949767,0.0350479212648022,anderson
MRPL21,spatial_knn,-0.00841723986827026,0.011103632200903876,-0.019520872069174133,0.0350479212648022,anderson
MRPL52,mean,0.0,0.0,0.0,0.0179186023490093,anderson
MRPL52,pca_ridge,0.27306591246048445,0.12409901060650756,0.14896690185397687,0.0179186023490093,anderson
MRPL52,spatial_knn,-0.01275672902279582,-0.005420725897187063,-0.0073360031256087576,0.0179186023490093,anderson
MUC6,mean,0.0,0.0,0.0,0.1395612864681152,anderson
MUC6,pca_ridge,0.7983482551561529,0.16976945188096387,0.6285788032751891,0.1395612864681152,anderson
MUC6,spatial_knn,0.09022946313814721,-0.020177107393093772,0.11040657053124098,0.1395612864681152,anderson
MUCL1,mean,0.0,0.0,0.0,0.2035057087321183,anderson
MUCL1,pca_ridge,0.8398663636559416,0.2501535404829754,0.5897128231729662,0.2035057087321183,anderson
MUCL1,spatial_knn,0.030893142044861037,-0.054348272195852775,0.08524141424071381,0.2035057087321183,anderson
MYO5A,mean,0.0,0.0,0.0,-0.0027739864521248,anderson
MYO5A,pca_ridge,0.1490101385420191,0.06202941928849992,0.08698071925351919,-0.0027739864521248,anderson
MYO5A,spatial_knn,-0.01269081401345944,0.0005077161569172995,-0.01319853017037674,-0.0027739864521248,anderson
NGFR,mean,0.0,0.0,0.0,0.0257905618285501,anderson
NGFR,pca_ridge,0.15101167685320518,0.0847431791987204,0.06626849765448478,0.0257905618285501,anderson
NGFR,spatial_knn,0.03931914063294364,0.017454393108291513,0.021864747524652124,0.0257905618285501,anderson
PHIP,mean,0.0,0.0,0.0,0.0117604562875616,anderson
PHIP,pca_ridge,0.23133486395520242,0.08077153559638578,0.15056332835881664,0.0117604562875616,anderson
PHIP,spatial_knn,0.01865216285662782,0.013975654253127764,0.004676508603500057,0.0117604562875616,anderson
PILRB,mean,0.0,0.0,0.0,-0.0019024928117721,anderson
PILRB,pca_ridge,0.04247731760678434,0.007866339363471312,0.03461097824331302,-0.0019024928117721,anderson
PILRB,spatial_knn,0.0019140335888227205,0.0012894591749193123,0.0006245744139034082,-0.0019024928117721,anderson
PIR,mean,0.0,0.0,0.0,0.018701185373534,anderson
PIR,pca_ridge,0.16730690690776767,0.0786871523678355,0.08861975453993218,0.018701185373534,anderson
PIR,spatial_knn,0.004673825522750981,-0.012033664323301812,0.016707489846052793,0.018701185373534,anderson
PLIN4,mean,0.0,0.0,0.0,0.0272823616912895,anderson
PLIN4,pca_ridge,0.16194113141150573,0.013185306997013462,0.14875582441449228,0.0272823616912895,anderson
PLIN4,spatial_knn,0.027862106146074123,-0.017204674518615706,0.04506678066468983,0.0272823616912895,anderson
PMAIP1,pca_ridge,0.16585712654936854,0.03317585939116426,0.13268126715820427,0.0217540407484238,anderson
PMAIP1,spatial_knn,0.00777471373740182,-0.010117575309785963,0.017892289047187784,0.0217540407484238,anderson
PMCH,mean,0.0,0.0,0.0,-0.0032650882808504,anderson
PMCH,pca_ridge,0.05251472040458431,0.03140440799567797,0.02111031240890634,-0.0032650882808504,anderson
PMCH,spatial_knn,-0.009329709516621319,-0.008389368040934913,-0.000940341475686406,-0.0032650882808504,anderson
POLR1E,mean,0.0,0.0,0.0,-0.0007423219826191,anderson
POLR1E,pca_ridge,0.08735071594197856,0.06066423132073133,0.02668648462124723,-0.0007423219826191,anderson
POLR1E,spatial_knn,-0.00600939577825616,0.009579703670868725,-0.015589099449124885,-0.0007423219826191,anderson
POSTN,mean,0.0,0.0,0.0,0.1051747118003996,anderson
POSTN,pca_ridge,0.6514322519391719,0.3183430551173534,0.3330891968218185,0.1051747118003996,anderson
POSTN,spatial_knn,0.05509695498360125,-0.011794394469027388,0.06689134945262865,0.1051747118003996,anderson
PPP1R14A,mean,0.0,0.0,0.0,-0.001394745209918,anderson
PPP1R14A,pca_ridge,0.11507994680310896,0.049912723523826266,0.06516722327928269,-0.001394745209918,anderson
PPP1R14A,spatial_knn,-0.02295103158674128,-0.014715333561621562,-0.008235698025119718,-0.001394745209918,anderson
PRRC2C,mean,0.0,0.0,0.0,0.0335964486076632,anderson
PRRC2C,pca_ridge,0.35146449024767973,0.21973311599396597,0.13173137425371376,0.0335964486076632,anderson
PRRC2C,spatial_knn,-0.0269939230743527,-0.011941296970104862,-0.015052626104247839,0.0335964486076632,anderson
PSMB3,mean,0.0,0.0,0.0,0.1410456057197452,anderson
PSMB3,pca_ridge,0.6385749762481827,0.3655242629128288,0.2730507133353539,0.1410456057197452,anderson
PSMB3,spatial_knn,0.05436779742542426,-0.004595127842397674,0.05896292526782194,0.1410456057197452,anderson
PTGDS,mean,0.0,0.0,0.0,0.1180275641648927,anderson
PTGDS,pca_ridge,0.417490349862745,0.28101163746513813,0.1364787123976069,0.1180275641648927,anderson
PTGDS,spatial_knn,0.03958396606950728,-0.0118509435344574,0.05143490960396468,0.1180275641648927,anderson
PVALB,mean,0.0,0.0,0.0,0.0796546336923996,anderson
PVALB,pca_ridge,0.4087477953542352,0.028303012184887816,0.3804447831693474,0.0796546336923996,anderson
PVALB,spatial_knn,0.06552984566906953,-0.010594999198484101,0.07612484486755362,0.0796546336923996,anderson
RAG1,mean,0.0,0.0,0.0,-0.0054742217722049,anderson
RAG1,pca_ridge,0.00350276866477454,-0.006028065401473043,0.009530834066247582,-0.0054742217722049,anderson
RAG1,spatial_knn,0.0033538219005596,-0.004917432149668429,0.008271254050228029,-0.0054742217722049,anderson
RAPGEF2,mean,0.0,0.0,0.0,0.0025786498501499,anderson
RAPGEF2,pca_ridge,0.11050618764663067,0.056920611779857064,0.05358557586677361,0.0025786498501499,anderson
RAPGEF2,spatial_knn,0.005678609516059779,-0.006718691984521274,0.012397301500581053,0.0025786498501499,anderson
RBM15,pca_ridge,0.2151162331421821,0.11063156025181083,0.10448467289037126,0.02750488941219,anderson
RBM15,spatial_knn,0.0033859028316681806,0.009066815672740449,-0.005680912841072269,0.02750488941219,anderson
RHOB,mean,0.0,0.0,0.0,0.1073805445901473,anderson
RHOB,pca_ridge,0.47046474607442407,0.3355730021433381,0.134891743931086,0.1073805445901473,anderson
RHOB,spatial_knn,0.04002704248105674,0.0023287688607467865,0.037698273620309954,0.1073805445901473,anderson
RHOJ,pca_ridge,0.10316074991001907,0.031368590309049815,0.07179215960096925,0.0044293809936389,anderson
RHOJ,spatial_knn,-0.019135729424105057,-0.0027503342237933373,-0.01638539520031172,0.0044293809936389,anderson
RNASEK,mean,0.0,0.0,0.0,-0.0049499630506845,anderson
RNASEK,pca_ridge,-0.01656015311979518,-0.013197410652813029,-0.0033627424669821493,-0.0049499630506845,anderson
RNASEK,spatial_knn,-0.00750704816193228,-0.008384496169826214,0.0008774480078939341,-0.0049499630506845,anderson
S100A8,mean,0.0,0.0,0.0,0.1058392848922515,anderson
S100A8,pca_ridge,0.8217571439870804,0.07650351947958946,0.745253624507491,0.1058392848922515,anderson
S100A8,spatial_knn,0.008793010910543058,0.0361689830441052,-0.027375972133562142,0.1058392848922515,anderson
S100A9,pca_ridge,0.8353079256922689,0.12449788716017102,0.7108100385320979,0.1576748455991876,anderson
S100A9,spatial_knn,-0.07666208770069968,-0.013100300661886825,-0.06356178703881285,0.1576748455991876,anderson
SCAPER,mean,0.0,0.0,0.0,-0.0068779761087889,anderson
SCAPER,pca_ridge,0.10604751766607194,0.02717831910706031,0.07886919855901163,-0.0068779761087889,anderson
SCAPER,spatial_knn,0.0078142681444693,-0.005506315338658826,0.013320583483128126,-0.0068779761087889,anderson
SCG2,mean,0.0,0.0,0.0,0.0015518425684889,anderson
SCG2,pca_ridge,0.046321190350930644,0.0007619913404237202,0.04555919901050692,0.0015518425684889,anderson
SCG2,spatial_knn,0.02057820690098476,0.00989393064011694,0.01068427626086782,0.0015518425684889,anderson
SCGB2A1,mean,0.0,0.0,0.0,0.0810778348273614,anderson
SCGB2A1,pca_ridge,0.37326992012079774,0.10717545447724662,0.2660944656435511,0.0810778348273614,anderson
SCGB2A1,spatial_knn,0.0315068878978846,0.0024482786010333996,0.0290586092968512,0.0810778348273614,anderson
SCGB2A2,mean,0.0,0.0,0.0,0.3962425932715133,anderson
SCGB2A2,pca_ridge,0.7885408046698398,0.21109591187392532,0.5774448927959145,0.3962425932715133,anderson
SCGB2A2,spatial_knn,-0.02794762864991978,-0.11044345731017216,0.08249582866025237,0.3962425932715133,anderson
SCGB3A1,mean,0.0,0.0,0.0,0.0887373266319377,anderson
SCGB3A1,pca_ridge,0.7919676183341174,0.029717481349631935,0.7622501369844855,0.0887373266319377,anderson
SCGB3A1,spatial_knn,0.03125556498436824,-0.007433949390422113,0.03868951437479035,0.0887373266319377,anderson
SCN8A,mean,0.0,0.0,0.0,-0.0013711983982253,anderson
SCN8A,pca_ridge,0.050158699922679836,0.022061864998309623,0.028096834924370213,-0.0013711983982253,anderson
SCN8A,spatial_knn,-0.0116113246005651,-0.0045132088279787996,-0.007098115772586301,-0.0013711983982253,anderson
SCUBE2,mean,0.0,0.0,0.0,0.0290080712950685,anderson
SCUBE2,pca_ridge,0.31359687598390185,0.050614301031038686,0.26298257495286315,0.0290080712950685,anderson
SCUBE2,spatial_knn,0.018877712075849422,0.015893195945472338,0.0029845161303770837,0.0290080712950685,anderson
SDPR,mean,0.0,0.0,0.0,0.002484326257139,anderson
SDPR,pca_ridge,0.03799887470605676,0.02822675375426229,0.009772120951794468,0.002484326257139,anderson
SDPR,spatial_knn,-0.00950732173941546,0.0055719895010964,-0.01507931124051186,0.002484326257139,anderson
SEMA6A,pca_ridge,0.2822504268081926,0.035244004118143824,0.2470064226900488,0.0178251588889797,anderson
SEMA6A,spatial_knn,0.0054406229853181404,-0.012673880485728612,0.018114503471046754,0.0178251588889797,anderson
SEPT11,mean,0.0,0.0,0.0,0.0101870991339282,anderson
SEPT11,pca_ridge,0.19683238392807179,0.06754875269446378,0.129283631233608,0.0101870991339282,anderson
SEPT11,spatial_knn,0.0108583212125942,-0.0038445130870674413,0.01470283429966164,0.0101870991339282,anderson
SERP1,mean,0.0,0.0,0.0,0.090222842022612,anderson
SERP1,pca_ridge,0.4541348660485481,0.28962156720249554,0.16451329884605254,0.090222842022612,anderson
SERP1,spatial_knn,0.005056640977301361,-0.014941358362948725,0.019997999340250087,0.090222842022612,anderson
SFSWAP,mean,0.0,0.0,0.0,0.0195921727603787,anderson
SFSWAP,pca_ridge,0.1921756044648942,0.11578702252203615,0.07638858194285805,0.0195921727603787,anderson
SFSWAP,spatial_knn,0.00341496347034394,-0.0039377374633334135,0.0073527009336773535,0.0195921727603787,anderson
SGCE,mean,0.0,0.0,0.0,-0.0044407542544482,anderson
SGCE,pca_ridge,0.13470767597069042,0.02044917089774865,0.11425850507294177,-0.0044407542544482,anderson
SGCE,spatial_knn,-0.011136839739880819,-0.0016656648936846,-0.00947117484619622,-0.0044407542544482,anderson
SIGLEC11,mean,0.0,0.0,0.0,0.0037911539054997,anderson
SIGLEC11,pca_ridge,-0.00977922088919588,-0.0011374892185152291,-0.008641731670680651,0.0037911539054997,anderson
SIGLEC11,spatial_knn,-0.00754322069584058,-0.006872635323069457,-0.0006705853727711234,0.0037911539054997,anderson
SLC16A11,mean,0.0,0.0,0.0,-0.0027810072586842,anderson
SLC16A11,pca_ridge,0.030655801576839663,0.004731961992486588,0.025923839584353073,-0.0027810072586842,anderson
SLC16A11,spatial_knn,-0.0077791439523993006,-0.005503475939607587,-0.0022756680127917137,-0.0027810072586842,anderson
SLC9A3R1,mean,0.0,0.0,0.0,0.1121974228583603,anderson
SLC9A3R1,pca_ridge,0.761250047322575,0.27585477505405254,0.4853952722685224,0.1121974228583603,anderson
SLC9A3R1,spatial_knn,0.0009551866102811196,0.028986385835097977,-0.028031199224816856,0.1121974228583603,anderson
SLFN5,mean,0.0,0.0,0.0,0.0436838783987096,anderson
SLFN5,pca_ridge,0.28954459281043304,0.12613115429416044,0.1634134385162726,0.0436838783987096,anderson
SLFN5,spatial_knn,0.025597579820484377,-0.002468175832964625,0.028065755653449,0.0436838783987096,anderson
SMAD1,mean,0.0,0.0,0.0,-0.0016601810231184,anderson
SMAD1,pca_ridge,0.07279377492655792,0.0025325646576973768,0.07026121026886054,-0.0016601810231184,anderson
SMAD1,spatial_knn,0.0028771019681633403,-0.01857629603962419,0.02145339800778753,-0.0016601810231184,anderson
SOX6,mean,0.0,0.0,0.0,-0.0017430065700173,anderson
SOX6,pca_ridge,0.014475122039849981,-0.012138830934230925,0.026613952974080906,-0.0017430065700173,anderson
SOX6,spatial_knn,-0.013973998073558558,-0.0012790133452323124,-0.012694984728326246,-0.0017430065700173,anderson
SSTR2,mean,0.0,0.0,0.0,-0.0054957942358219,anderson
SSTR2,pca_ridge,0.16104051459497148,0.035021849287189086,0.12601866530778238,-0.0054957942358219,anderson
SSTR2,spatial_knn,0.0008609337517374799,-0.013639833893306662,0.01450076764504414,-0.0054957942358219,anderson
STEAP2,mean,0.0,0.0,0.0,0.0033065901285144,anderson
STEAP2,pca_ridge,0.17126119710041762,0.044098064432269275,0.12716313266814835,0.0033065901285144,anderson
STEAP2,spatial_knn,0.04481843844772332,0.009479304315600939,0.03533913413212238,0.0033065901285144,anderson
STOM,mean,0.0,0.0,0.0,0.0846943610009284,anderson
STOM,pca_ridge,0.35388359556473137,0.1982819373628113,0.15560165820192007,0.0846943610009284,anderson
STOM,spatial_knn,0.03684837271246853,0.03261825998711704,0.004230112725351495,0.0846943610009284,anderson
SYT1,pca_ridge,0.13968429734397902,0.021260440921902376,0.11842385642207665,0.0077482466357329,anderson
SYT1,spatial_knn,0.00098879341050594,-0.010903561287995925,0.011892354698501865,0.0077482466357329,anderson
SYT17,mean,0.0,0.0,0.0,0.005926214771213,anderson
SYT17,pca_ridge,0.09127864421180272,0.01801860440857891,0.0732600398032238,0.005926214771213,anderson
SYT17,spatial_knn,-0.009126805689240519,-0.005336396396616362,-0.0037904092926241565,0.005926214771213,anderson
TBCK,mean,0.0,0.0,0.0,-0.0004071070729768,anderson
TBCK,pca_ridge,0.10074109895129055,0.044441622822377326,0.05629947612891322,-0.0004071070729768,anderson
TBCK,spatial_knn,-0.010872889085244959,0.0013161616793890998,-0.012189050764634059,-0.0004071070729768,anderson
TFF1,mean,0.0,0.0,0.0,0.1088890464636705,anderson
TFF1,pca_ridge,0.6687427043338167,0.02244716324134467,0.646295541092472,0.1088890464636705,anderson
TFF1,spatial_knn,0.05735970937867328,-0.007601678346391858,0.06496138772506514,0.1088890464636705,anderson
TFF3,mean,0.0,0.0,0.0,0.1554767375059992,anderson
TFF3,pca_ridge,0.7229331317294714,0.033778977819943524,0.6891541539095278,0.1554767375059992,anderson
TFF3,spatial_knn,0.06767534091082782,0.034939944714341115,0.0327353961964867,0.1554767375059992,anderson
TNFRSF18,mean,0.0,0.0,0.0,0.0211701485857274,anderson
TNFRSF18,pca_ridge,0.21488031164180055,0.0948198040756638,0.12006050756613675,0.0211701485857274,anderson
TNFRSF18,spatial_knn,-0.027302929083617523,-0.0035089860284923747,-0.02379394305512515,0.0211701485857274,anderson
TNS1,mean,0.0,0.0,0.0,0.0029238397651724,anderson
TNS1,pca_ridge,0.18255700110590742,0.09667770033677212,0.0858793007691353,0.0029238397651724,anderson
TNS1,spatial_knn,-0.02943929716309352,-0.019594705880773763,-0.009844591282319758,0.0029238397651724,anderson
TRANK1,mean,0.0,0.0,0.0,0.0039050573095562,anderson
TRANK1,pca_ridge,0.09894838189513275,0.0703881181071514,0.02856026378798135,0.0039050573095562,anderson
TRANK1,spatial_knn,-0.00044432891993300067,-0.006364601195898424,0.005920272275965424,0.0039050573095562,anderson
VPS37A,pca_ridge,0.1382408652063405,0.0902321294295936,0.048008735776746886,-0.0017018880660778,anderson
VPS37A,spatial_knn,-0.02796766549926042,-0.030185836473057424,0.0022181709737970033,-0.0017018880660778,anderson
WDR13,mean,0.0,0.0,0.0,0.0163793626434082,anderson
WDR13,pca_ridge,0.21911968220442857,0.12282183565661459,0.09629784654781398,0.0163793626434082,anderson
WDR13,spatial_knn,0.008055353812345841,0.0035793711121924,0.004475982700153441,0.0163793626434082,anderson
XIAP,mean,0.0,0.0,0.0,0.0126723626442087,anderson
XIAP,pca_ridge,0.18450543887685494,0.07632343690775509,0.10818200196909986,0.0126723626442087,anderson
XIAP,spatial_knn,-0.01488271335766066,0.011091515856730651,-0.02597422921439131,0.0126723626442087,anderson
ZNF114,mean,0.0,0.0,0.0,0.0062893055108981,anderson
ZNF114,pca_ridge,0.010540263388026598,0.003980683893080712,0.006559579494945886,0.0062893055108981,anderson
ZNF114,spatial_knn,0.020891123965653798,0.0004497817826004376,0.02044134218305336,0.0062893055108981,anderson
ZNF763,mean,0.0,0.0,0.0,-0.0047166315667914,anderson
ZNF763,pca_ridge,0.0042382873307225,0.0010172483825909378,0.0032210389481315623,-0.0047166315667914,anderson
ZNF763,spatial_knn,0.00894195127116216,0.0003088332889256123,0.008633117982236548,-0.0047166315667914,anderson
ZNF853,mean,0.0,0.0,0.0,0.0053165424940096,anderson
ZNF853,pca_ridge,0.11647797684451464,0.003321500455363957,0.11315647638915068,0.0053165424940096,anderson
ZNF853,spatial_knn,-0.0026679749683016,0.008425600595181076,-0.011093575563482677,0.0053165424940096,anderson
ENSG00000000971,pca_ridge,0.23403928777479352,0.1789978277969357,0.05504145997785781,0.05138401781872,thrane
ENSG00000000971,spatial_knn,-0.01675394458060056,-0.054907646878490826,0.038153702297890266,0.05138401781872,thrane
ENSG00000006282,mean,0.0,0.0,0.0,0.0295945594229158,thrane
ENSG00000006282,pca_ridge,0.4206483493973752,0.07305089259524793,0.3475974568021273,0.0295945594229158,thrane
ENSG00000006282,spatial_knn,-0.03812378062395364,0.0008384436173340007,-0.03896222424128764,0.0295945594229158,thrane
ENSG00000007312,mean,0.0,0.0,0.0,0.1516946392528602,thrane
ENSG00000007312,pca_ridge,0.679831225843843,0.32657618377615294,0.3532550420676901,0.1516946392528602,thrane
ENSG00000007312,spatial_knn,-0.00643835369045716,-0.02266520173512395,0.01622684804466679,0.1516946392528602,thrane
ENSG00000011465,pca_ridge,0.4612401320072722,0.33196826161729537,0.12927187038997684,0.1647689780610995,thrane
ENSG00000011465,spatial_knn,-0.058187650959554284,-0.0244318405673131,-0.03375581039224118,0.1647689780610995,thrane
ENSG00000013619,mean,0.0,0.0,0.0,-0.0024402366613209,thrane
ENSG00000013619,pca_ridge,0.13044864533174583,0.07485523913140489,0.055593406200340936,-0.0024402366613209,thrane
ENSG00000013619,spatial_knn,-0.02422250055742744,-0.0002724227745902509,-0.023950077782837188,-0.0024402366613209,thrane
ENSG00000019582,pca_ridge,0.7514951852483924,0.5162319991232475,0.23526318612514496,0.2721271499091866,thrane
ENSG00000019582,spatial_knn,-0.0453225220967779,-0.010524741675930397,-0.0347977804208475,0.2721271499091866,thrane
ENSG00000019995,mean,0.0,0.0,0.0,-0.0046597993484072,thrane
ENSG00000019995,pca_ridge,-0.03675602235125156,-0.012983511417598797,-0.023772510933652763,-0.0046597993484072,thrane
ENSG00000019995,spatial_knn,-0.01666708349005218,0.0038912412057253,-0.02055832469577748,-0.0046597993484072,thrane
ENSG00000042980,mean,0.0,0.0,0.0,0.0719443532061478,thrane
ENSG00000042980,pca_ridge,0.39308414567733835,0.16153310165062443,0.23155104402671392,0.0719443532061478,thrane
ENSG00000042980,spatial_knn,0.02061079873606502,0.012118387061795124,0.008492411674269897,0.0719443532061478,thrane
ENSG00000054967,mean,0.0,0.0,0.0,0.0187758122402721,thrane
ENSG00000054967,pca_ridge,0.1406986110216286,0.08015395217196894,0.06054465884965965,0.0187758122402721,thrane
ENSG00000054967,spatial_knn,0.0210566887513963,-0.015126584652581675,0.03618327340397798,0.0187758122402721,thrane
ENSG00000067715,mean,0.0,0.0,0.0,-0.0068762558852137,thrane
ENSG00000067715,pca_ridge,0.13500887041811624,0.0,0.13500887041811624,-0.0068762558852137,thrane
ENSG00000067715,spatial_knn,-0.02506234970949196,0.0,-0.02506234970949196,-0.0068762558852137,thrane
ENSG00000068831,pca_ridge,0.5168002938703136,0.2489315164347117,0.2678687774356019,0.1537849994048688,thrane
ENSG00000068831,spatial_knn,-0.02236394685478294,-0.03946175114351485,0.017097804288731908,0.1537849994048688,thrane
ENSG00000069431,mean,0.0,0.0,0.0,0.036432202302465,thrane
ENSG00000069431,pca_ridge,0.06795340020732622,0.03335171634754655,0.03460168385977967,0.036432202302465,thrane
ENSG00000069431,spatial_knn,0.027349951866301035,-0.00048401752396240016,0.027833969390263436,0.036432202302465,thrane
ENSG00000070731,mean,0.0,0.0,0.0,0.0679940051124098,thrane
ENSG00000070731,pca_ridge,0.609072907684453,0.1321323413164824,0.47694056636797055,0.0679940051124098,thrane
ENSG00000070731,spatial_knn,-0.025761793578163182,-0.026571976756910476,0.0008101831787472938,0.0679940051124098,thrane
ENSG00000077585,mean,0.0,0.0,0.0,0.0062524274200785,thrane
ENSG00000077585,pca_ridge,0.1587699375696767,0.03936285697379927,0.11940708059587743,0.0062524274200785,thrane
ENSG00000077585,spatial_knn,-0.0031591620389488594,0.005492462109306651,-0.00865162414825551,0.0062524274200785,thrane
ENSG00000077984,mean,0.0,0.0,0.0,0.0043072914079099,thrane
ENSG00000077984,pca_ridge,0.2313671972005013,0.0144414663147296,0.21692573088577172,0.0043072914079099,thrane
ENSG00000077984,spatial_knn,0.0067124573886838,0.011229908186146774,-0.004517450797462973,0.0043072914079099,thrane
ENSG00000078596,mean,0.0,0.0,0.0,0.0126234891958179,thrane
ENSG00000078596,pca_ridge,0.3975572889030284,0.0593875060320007,0.33816978287102767,0.0126234891958179,thrane
ENSG00000078596,spatial_knn,-0.07231099510443212,-0.044227457618996775,-0.028083537485435343,0.0126234891958179,thrane
ENSG00000079101,pca_ridge,0.12206277013055081,0.03495564256558683,0.08710712756496397,0.0030902198681982,thrane
ENSG00000079101,spatial_knn,0.033204347119764624,-0.014420469304709999,0.04762481642447462,0.0030902198681982,thrane
ENSG00000087086,mean,0.0,0.0,0.0,0.1742076799627259,thrane
ENSG00000087086,pca_ridge,0.5445416551149236,0.17116095696785733,0.37338069814706626,0.1742076799627259,thrane
ENSG00000087086,spatial_knn,0.06471988271431828,-0.009813933387610625,0.0745338161019289,0.1742076799627259,thrane
ENSG00000089060,pca_ridge,0.04500452510631748,0.09132706701656951,-0.04632254191025203,0.003844183815397,thrane
ENSG00000089060,spatial_knn,-0.0288166074047012,-0.02494558718866895,-0.0038710202160322504,0.003844183815397,thrane
ENSG00000092020,mean,0.0,0.0,0.0,0.0121491815485907,thrane
ENSG00000092020,pca_ridge,0.1327684309200154,0.07878267109685957,0.053985759823155816,0.0121491815485907,thrane
ENSG00000092020,spatial_knn,-0.02292642588653498,0.04071111409581528,-0.06363753998235026,0.0121491815485907,thrane
ENSG00000101335,mean,0.0,0.0,0.0,0.2413059481132959,thrane
ENSG00000101335,pca_ridge,0.5255284723298574,0.45034328993754663,0.07518518239231081,0.2413059481132959,thrane
ENSG00000101335,spatial_knn,0.02976367513922872,-0.005600171440071725,0.035363846579300445,0.2413059481132959,thrane
ENSG00000101811,mean,0.0,0.0,0.0,0.000875364027629,thrane
ENSG00000101811,pca_ridge,0.04893960551909276,0.016330380674823577,0.03260922484426918,0.000875364027629,thrane
ENSG00000101811,spatial_knn,0.01615044154654,0.032694422756424125,-0.016543981209884127,0.000875364027629,thrane
ENSG00000102879,mean,0.0,0.0,0.0,0.1583010882604621,thrane
ENSG00000102879,pca_ridge,0.63641785978618,0.31047817397538635,0.3259396858107937,0.1583010882604621,thrane
ENSG00000102879,spatial_knn,0.01538772404593838,-0.008466009252766825,0.023853733298705205,0.1583010882604621,thrane
ENSG00000104361,mean,0.0,0.0,0.0,0.0208941674508939,thrane
ENSG00000104361,pca_ridge,0.11270877822712519,0.03296888926504403,0.07973988896208116,0.0208941674508939,thrane
ENSG00000104361,spatial_knn,0.00557473462343242,-0.03421047770035347,0.039785212323785894,0.0208941674508939,thrane
ENSG00000104419,mean,0.0,0.0,0.0,0.1574565036034451,thrane
ENSG00000104419,pca_ridge,0.7563742530187085,0.10347243578895765,0.6529018172297509,0.1574565036034451,thrane
ENSG00000104419,spatial_knn,-0.014437496255299604,0.04377265573007985,-0.05821015198537945,0.1574565036034451,thrane
ENSG00000104427,pca_ridge,0.0846169856846484,0.0080098605385442,0.0766071251461042,0.0065849299094133,thrane
ENSG00000104427,spatial_knn,0.004749789480707739,0.00367129352326035,0.0010784959574473892,0.0065849299094133,thrane
ENSG00000104643,pca_ridge,0.0411878711039341,0.0292175874147139,0.0119702836892202,-0.0059299439442054,thrane
ENSG00000104643,spatial_knn,-0.015893557262370496,-0.004287638109317775,-0.01160591915305272,-0.0059299439442054,thrane
ENSG00000104894,mean,0.0,0.0,0.0,0.1884588677252927,thrane
ENSG00000104894,pca_ridge,0.7161536394379822,0.3368580152900532,0.37929562414792894,0.1884588677252927,thrane
ENSG00000104894,spatial_knn,0.06401773536802066,0.0468611807497285,0.017156554618292165,0.1884588677252927,thrane
ENSG00000104921,mean,0.0,0.0,0.0,0.2075898428622362,thrane
ENSG00000104921,pca_ridge,0.531471632584195,0.28637958429519095,0.2450920482890041,0.2075898428622362,thrane
ENSG00000104921,spatial_knn,0.09677067448699209,0.0762591134448562,0.02051156104213589,0.2075898428622362,thrane
ENSG00000105369,mean,0.0,0.0,0.0,0.231657568717529,thrane
ENSG00000105369,pca_ridge,0.7071884872760572,0.3232034819342035,0.3839850053418537,0.231657568717529,thrane
ENSG00000105369,spatial_knn,0.04412795002464606,0.0068370585584086,0.037290891466237465,0.231657568717529,thrane
ENSG00000105664,mean,0.0,0.0,0.0,0.198360995717282,thrane
ENSG00000105664,pca_ridge,0.4538969339744294,0.2307709339458745,0.22312600002855487,0.198360995717282,thrane
ENSG00000105664,spatial_knn,-0.007544272687010281,-0.04123214123278135,0.03368786854577107,0.198360995717282,thrane
ENSG00000107317,pca_ridge,0.5928199261284792,0.28999337724204016,0.30282654888643906,0.166452402616557,thrane
ENSG00000107317,spatial_knn,-0.04864506896797008,-0.027554744829426225,-0.021090324138543854,0.166452402616557,thrane
ENSG00000108821,pca_ridge,0.6754755308329378,0.5221860144417076,0.15328951639123012,0.2957076281853752,thrane
ENSG00000108821,spatial_knn,-0.02041346973872666,-0.0007921202428474265,-0.019621349495879233,0.2957076281853752,thrane
ENSG00000109618,mean,0.0,0.0,0.0,-0.0104584773146306,thrane
ENSG00000109618,pca_ridge,0.02114392304662896,0.03787619813506283,-0.01673227508843387,-0.0104584773146306,thrane
ENSG00000109618,spatial_knn,-0.03975592340026704,-0.018401781958466923,-0.021354141441800117,-0.0104584773146306,thrane
ENSG00000109743,mean,0.0,0.0,0.0,-0.0083978664169816,thrane
ENSG00000109743,pca_ridge,0.1657830612374736,0.04557775243743315,0.12020530880004046,-0.0083978664169816,thrane
ENSG00000109743,spatial_knn,-0.017898949467777835,-0.006046565645240198,-0.011852383822537636,-0.0083978664169816,thrane
ENSG00000110799,pca_ridge,0.4825557877857717,0.2649666735014454,0.21758911428432626,0.1690940526378662,thrane
ENSG00000110799,spatial_knn,0.04554675709423358,0.03741998609635123,0.008126770997882352,0.1690940526378662,thrane
ENSG00000115271,pca_ridge,0.14523878926287243,0.06653787888906518,0.07870091037380725,0.0104512011765962,thrane
ENSG00000115271,spatial_knn,-0.0209315405093561,-0.03761890799275583,0.016687367483399728,0.0104512011765962,thrane
ENSG00000115306,mean,0.0,0.0,0.0,0.1595852592400134,thrane
ENSG00000115306,pca_ridge,0.6916455599073112,0.30718242303885746,0.3844631368684538,0.1595852592400134,thrane
ENSG00000115306,spatial_knn,-0.025849470789028585,0.026575832117607275,-0.05242530290663586,0.1595852592400134,thrane
ENSG00000115461,pca_ridge,0.6821148122406184,0.21029572216882986,0.47181909007178857,0.1562028913486758,thrane
ENSG00000115461,spatial_knn,-0.08721386074223277,0.006159100144040499,-0.09337296088627327,0.1562028913486758,thrane
ENSG00000115474,mean,0.0,0.0,0.0,-0.009533715756094,thrane
ENSG00000115474,pca_ridge,0.18103984374615384,0.06445736280125233,0.1165824809449015,-0.009533715756094,thrane
ENSG00000115474,spatial_knn,-0.04240174532300766,-0.0127707057956397,-0.02963103952736796,-0.009533715756094,thrane
ENSG00000116030,mean,0.0,0.0,0.0,0.0276800630603482,thrane
ENSG00000116030,pca_ridge,0.259665339400682,0.13260076891625244,0.12706457048442954,0.0276800630603482,thrane
ENSG00000116030,spatial_knn,-0.0300242857717892,0.06395356929039142,-0.09397785506218062,0.0276800630603482,thrane
ENSG00000116830,mean,0.0,0.0,0.0,-0.0073669997028656,thrane
ENSG00000116830,pca_ridge,0.04001127939356422,0.05011111219416075,-0.01009983280059653,-0.0073669997028656,thrane
ENSG00000116830,spatial_knn,0.039395364846542755,0.0098110298770029,0.029584334969539855,-0.0073669997028656,thrane
ENSG00000117069,mean,0.0,0.0,0.0,0.0088027565647779,thrane
ENSG00000117069,pca_ridge,0.2097571529628434,0.004156758508372276,0.20560039445447112,0.0088027565647779,thrane
ENSG00000117069,spatial_knn,0.017597937105583,0.04356555264623373,-0.025967615540650725,0.0088027565647779,thrane
ENSG00000118785,pca_ridge,0.7045133724201473,0.25352749513021233,0.450985877289935,0.300753145196416,thrane
ENSG00000118785,spatial_knn,0.007513485881134362,0.04564851883848817,-0.03813503295735381,0.300753145196416,thrane
ENSG00000120314,mean,0.0,0.0,0.0,0.0006114307656531,thrane
ENSG00000120314,pca_ridge,0.040632139297741544,0.03203129794860625,0.008600841349135295,0.0006114307656531,thrane
ENSG00000120314,spatial_knn,0.05633402110858436,0.0017360421045020252,0.054597979004082337,0.0006114307656531,thrane
ENSG00000120800,pca_ridge,0.2972948859976966,0.04622119033447565,0.25107369566322096,0.0105747241810816,thrane
ENSG00000120800,spatial_knn,-0.02272278640205942,-0.006483084919602876,-0.016239701482456542,0.0105747241810816,thrane
ENSG00000121039,mean,0.0,0.0,0.0,0.0038365064783391,thrane
ENSG00000121039,pca_ridge,-0.0017328796784460213,0.010546632835303498,-0.01227951251374952,0.0038365064783391,thrane
ENSG00000121039,spatial_knn,-0.04218567590835186,-0.034167523862496246,-0.008018152045855612,0.0038365064783391,thrane
ENSG00000122122,mean,0.0,0.0,0.0,0.0559290749679248,thrane
ENSG00000122122,pca_ridge,0.36039832879908273,0.18674097849483512,0.17365735030424762,0.0559290749679248,thrane
ENSG00000122122,spatial_knn,0.0081389003471663,0.022834240620472727,-0.014695340273306427,0.0559290749679248,thrane
ENSG00000124588,mean,0.0,0.0,0.0,0.0269485354317419,thrane
ENSG00000124588,pca_ridge,0.31018263841836335,0.08196278403014504,0.22821985438821832,0.0269485354317419,thrane
ENSG00000124588,spatial_knn,-0.04226910266910764,-0.003928833490891575,-0.03834026917821606,0.0269485354317419,thrane
ENSG00000125266,mean,0.0,0.0,0.0,0.0092238721928101,thrane
ENSG00000125266,pca_ridge,0.12824148572746372,-0.021932355005054076,0.1501738407325178,0.0092238721928101,thrane
ENSG00000125266,spatial_knn,-0.03523676544948244,-0.009349375811986926,-0.025887389637495515,0.0092238721928101,thrane
ENSG00000125730,pca_ridge,0.565166033388419,0.27296989085284823,0.29219614253557075,0.1533475657384171,thrane
ENSG00000125730,spatial_knn,-0.07205665866564152,-0.037499517740344074,-0.03455714092529745,0.1533475657384171,thrane
ENSG00000126001,mean,0.0,0.0,0.0,-0.0048650193102117,thrane
ENSG00000126001,pca_ridge,0.09242452251676073,0.04748728167124797,0.04493724084551275,-0.0048650193102117,thrane
ENSG00000126001,spatial_knn,-0.04619399486638624,-0.010317998559377201,-0.03587599630700904,-0.0048650193102117,thrane
ENSG00000126709,mean,0.0,0.0,0.0,0.2020547039117358,thrane
ENSG00000126709,pca_ridge,0.7709022186103567,0.24369264494564633,0.5272095736647103,0.2020547039117358,thrane
ENSG00000126709,spatial_knn,-0.09536737906712979,-0.02586292678063475,-0.06950445228649504,0.2020547039117358,thrane
ENSG00000128578,mean,0.0,0.0,0.0,0.0069246729862168,thrane
ENSG00000128578,pca_ridge,0.14362276123894868,0.0475875420849819,0.09603521915396679,0.0069246729862168,thrane
ENSG00000128578,spatial_knn,-0.02152887587785134,-0.04985036234302085,0.02832148646516951,0.0069246729862168,thrane
ENSG00000129116,pca_ridge,0.23501411553658658,0.1539729474193964,0.08104116811719017,0.0563423368305403,thrane
ENSG00000129116,spatial_knn,0.03874628919851778,0.0282627304151436,0.010483558783374182,0.0563423368305403,thrane
ENSG00000129538,pca_ridge,0.725830450682234,0.2694414503035897,0.45638900037864427,0.1871251643603853,thrane
ENSG00000129538,spatial_knn,-0.07216303235484892,0.06807390944431797,-0.1402369417991669,0.1871251643603853,thrane
ENSG00000132465,mean,0.0,0.0,0.0,0.2658941433791481,thrane
ENSG00000132465,pca_ridge,0.5813268231377453,0.3294978204223758,0.2518290027153695,0.2658941433791481,thrane
ENSG00000132465,spatial_knn,-0.06632864685751796,-0.1184503991001403,0.05212175224262233,0.2658941433791481,thrane
ENSG00000132704,mean,0.0,0.0,0.0,0.0899440410370871,thrane
ENSG00000132704,pca_ridge,0.4197862589644963,0.1973289937064688,0.22245726525802748,0.0899440410370871,thrane
ENSG00000132704,spatial_knn,-0.01713096272041474,-0.022453255005862968,0.005322292285448227,0.0899440410370871,thrane
ENSG00000135365,pca_ridge,0.06307705796134382,-0.00041279379348555054,0.06348985175482937,0.0098964111210048,thrane
ENSG00000135365,spatial_knn,0.01272395427623548,-0.010831271172972175,0.023555225449207656,0.0098964111210048,thrane
ENSG00000136504,mean,0.0,0.0,0.0,-0.0228968885032241,thrane
ENSG00000136504,pca_ridge,0.06450914059315226,-0.026022240736662677,0.09053138132981493,-0.0228968885032241,thrane
ENSG00000136504,spatial_knn,-0.012585961490931422,-0.015189929029005976,0.002603967538074554,-0.0228968885032241,thrane
ENSG00000137077,pca_ridge,0.6544037434162477,0.3655805295104224,0.2888232139058253,0.3491952864954268,thrane
ENSG00000137077,spatial_knn,0.05215973338199816,0.04299663872278872,0.00916309465920944,0.3491952864954268,thrane
ENSG00000137812,pca_ridge,0.21917452524459402,0.06194426276277347,0.15723026248182054,-0.0027045162658954,thrane
ENSG00000137812,spatial_knn,0.014940453787373081,0.0292078622973449,-0.014267408509971819,-0.0027045162658954,thrane
ENSG00000137818,mean,0.0,0.0,0.0,0.2088112837476471,thrane
ENSG00000137818,pca_ridge,0.49228810092488917,0.22731633727255468,0.2649717636523345,0.2088112837476471,thrane
ENSG00000137818,spatial_knn,0.008644453938431391,-0.048188870262097,0.05683332420052839,0.2088112837476471,thrane
ENSG00000139329,mean,0.0,0.0,0.0,0.1748544316399678,thrane
ENSG00000139329,pca_ridge,0.46234020353142835,0.3776074861442069,0.08473271738722143,0.1748544316399678,thrane
ENSG00000139329,spatial_knn,-0.0031434349554778375,-0.027584161630514824,0.024440726675036988,0.1748544316399678,thrane
ENSG00000140105,pca_ridge,0.579849263295338,0.25834791056388856,0.3215013527314495,0.1714495704597315,thrane
ENSG00000140105,spatial_knn,-0.03411690202569314,-0.010809530307283726,-0.023307371718409416,0.1714495704597315,thrane
ENSG00000140323,pca_ridge,0.10040869769065013,0.07508321139408984,0.025325486296560284,-0.012732112838436,thrane
ENSG00000140323,spatial_knn,-0.0260388224894539,-0.01894031196862937,-0.007098510520824532,-0.012732112838436,thrane
ENSG00000141480,mean,0.0,0.0,0.0,0.0126589698902174,thrane
ENSG00000141480,pca_ridge,0.1401917367569615,0.10479430144555738,0.03539743531140413,0.0126589698902174,thrane
ENSG00000141480,spatial_knn,0.0227678807725674,0.006562396958003,0.0162054838145644,0.0126589698902174,thrane
ENSG00000142731,pca_ridge,0.06427741997435185,-0.0026402903613090495,0.06691771033566091,-0.0035545739214712,thrane
ENSG00000142731,spatial_knn,0.008629851173399096,0.0096111144860873,-0.000981263312688203,-0.0035545739214712,thrane
ENSG00000143341,mean,0.0,0.0,0.0,0.1788033450035842,thrane
ENSG00000143341,pca_ridge,0.6803966076525926,0.3371160253034036,0.34328058234918896,0.1788033450035842,thrane
ENSG00000143341,spatial_knn,0.0205716765788999,0.006145088551602401,0.0144265880272975,0.1788033450035842,thrane
ENSG00000145824,pca_ridge,0.430884120542954,0.16248050041076703,0.268403620132187,0.1516569403745314,thrane
ENSG00000145824,spatial_knn,-0.08263045350840828,-0.012267866408996866,-0.07036258709941141,0.1516569403745314,thrane
ENSG00000147789,mean,0.0,0.0,0.0,-0.0015454772306367,thrane
ENSG00000147789,pca_ridge,0.055611536623995164,-0.012462778034870899,0.06807431465886607,-0.0015454772306367,thrane
ENSG00000147789,spatial_knn,-0.0205169962193796,0.05800463159823802,-0.07852162781761762,-0.0015454772306367,thrane
ENSG00000149418,pca_ridge,0.0376771456659877,0.020356926661436577,0.01732021900455112,-0.0063993271510847,thrane
ENSG00000149418,spatial_knn,0.035017370685473795,0.004053186346267874,0.03096418433920592,-0.0063993271510847,thrane
ENSG00000152556,mean,0.0,0.0,0.0,0.0084806253127637,thrane
ENSG00000152556,pca_ridge,0.21355528234128265,0.06345929717661934,0.15009598516466333,0.0084806253127637,thrane
ENSG00000152556,spatial_knn,-0.033183307980219526,-0.01642340673203555,-0.016759901248183978,0.0084806253127637,thrane
ENSG00000153064,mean,0.0,0.0,0.0,0.2147060805600264,thrane
ENSG00000153064,pca_ridge,0.5199041390720602,0.4546219112513384,0.06528222782072185,0.2147060805600264,thrane
ENSG00000153064,spatial_knn,0.01332050334038574,0.01099663798249695,0.0023238653578887894,0.2147060805600264,thrane
ENSG00000154175,mean,0.0,0.0,0.0,0.0323368664933646,thrane
ENSG00000154175,pca_ridge,0.10301981695571216,0.061217460491161856,0.04180235646455031,0.0323368664933646,thrane
ENSG00000154175,spatial_knn,-0.001206590515435001,-0.008147592159923524,0.006941001644488524,0.0323368664933646,thrane
ENSG00000155749,mean,0.0,0.0,0.0,-0.0050918214213365,thrane
ENSG00000155749,pca_ridge,0.1684280840931307,0.008791669288455225,0.15963641480467547,-0.0050918214213365,thrane
ENSG00000155749,spatial_knn,-0.013487314319046224,-0.02675274254375035,0.013265428224704126,-0.0050918214213365,thrane
ENSG00000156738,pca_ridge,0.7692888607870496,0.3454834378980934,0.42380542288895623,0.2790927331473883,thrane
ENSG00000156738,spatial_knn,0.027801630545050915,0.016519072324458175,0.01128255822059274,0.2790927331473883,thrane
ENSG00000158966,mean,0.0,0.0,0.0,-0.0018220612354658,thrane
ENSG00000158966,pca_ridge,0.022642702058088198,0.0010264459480471,0.021616256110041098,-0.0018220612354658,thrane
ENSG00000158966,spatial_knn,-0.014555367300202137,-0.00646862354027655,-0.008086743759925588,-0.0018220612354658,thrane
ENSG00000159023,mean,0.0,0.0,0.0,-0.0001915769233537,thrane
ENSG00000159023,pca_ridge,0.06639264790614492,0.020362736308004725,0.0460299115981402,-0.0001915769233537,thrane
ENSG00000159023,spatial_knn,-0.010769695501042582,-0.0032493085310548757,-0.007520386969987706,-0.0001915769233537,thrane
ENSG00000159239,mean,0.0,0.0,0.0,-0.0110289787289829,thrane
ENSG00000159239,pca_ridge,0.06873011637119304,-0.018997797704195876,0.08772791407538892,-0.0110289787289829,thrane
ENSG00000159239,spatial_knn,-0.041497773309418,-0.00759317350669045,-0.03390459980272755,-0.0110289787289829,thrane
ENSG00000160307,mean,0.0,0.0,0.0,0.2034363446355774,thrane
ENSG00000160307,pca_ridge,0.874264635635966,0.40412775834434156,0.47013687729162446,0.2034363446355774,thrane
ENSG00000160307,spatial_knn,-0.08597091377925101,0.03381490132297635,-0.11978581510222736,0.2034363446355774,thrane
ENSG00000161526,mean,0.0,0.0,0.0,0.0169706490514154,thrane
ENSG00000161526,pca_ridge,0.14515134022821735,0.07196182384363187,0.07318951638458548,0.0169706490514154,thrane
ENSG00000161526,spatial_knn,0.009905299684501743,0.011597449663000126,-0.0016921499784983834,0.0169706490514154,thrane
ENSG00000162511,mean,0.0,0.0,0.0,0.1702604207728458,thrane
ENSG00000162511,pca_ridge,0.6946404417576006,0.3735708562244276,0.32106958553317305,0.1702604207728458,thrane
ENSG00000162511,spatial_knn,-0.00915549552306602,0.0336663102523031,-0.04282180577536912,0.1702604207728458,thrane
ENSG00000162739,pca_ridge,0.260747051219602,0.16665053365134896,0.09409651756825305,0.0409344069144267,thrane
ENSG00000162739,spatial_knn,0.044976100223728624,0.008749238811340432,0.03622686141238819,0.0409344069144267,thrane
ENSG00000162882,mean,0.0,0.0,0.0,-0.0037746104300875,thrane
ENSG00000162882,pca_ridge,0.052469573471640975,0.033553917917269575,0.0189156555543714,-0.0037746104300875,thrane
ENSG00000162882,spatial_knn,0.002241459604873824,-0.00282631101397945,0.005067770618853274,-0.0037746104300875,thrane
ENSG00000163564,mean,0.0,0.0,0.0,-0.0013623124102764,thrane
ENSG00000163564,pca_ridge,0.077844243087025,0.005587576597512125,0.07225666648951289,-0.0013623124102764,thrane
ENSG00000163564,spatial_knn,0.10665779685405316,0.016496715049425476,0.09016108180462769,-0.0013623124102764,thrane
ENSG00000163683,mean,0.0,0.0,0.0,0.0399283607874104,thrane
ENSG00000163683,pca_ridge,0.2919181994235886,0.15178197367250987,0.14013622575107873,0.0399283607874104,thrane
ENSG00000163683,spatial_knn,-0.05726056387051002,-0.043581831732827,-0.013678732137683017,0.0399283607874104,thrane
ENSG00000164330,mean,0.0,0.0,0.0,0.0124855593692229,thrane
ENSG00000164330,pca_ridge,0.13715027602643728,0.0785496425695675,0.05860063345686979,0.0124855593692229,thrane
ENSG00000164330,spatial_knn,0.02080052742187592,0.04719451086917995,-0.026393983447304033,0.0124855593692229,thrane
ENSG00000164692,mean,0.0,0.0,0.0,0.207343391349689,thrane
ENSG00000164692,pca_ridge,0.5806435380342692,0.41879204172151363,0.16185149631275553,0.207343391349689,thrane
ENSG00000164692,spatial_knn,0.03516442600378304,0.049840696065710476,-0.014676270061927434,0.207343391349689,thrane
ENSG00000164975,pca_ridge,0.08243363768625703,0.051517860195719925,0.030915777490537102,-0.0106805453270166,thrane
ENSG00000164975,spatial_knn,-0.0301200967601992,0.009025609652136926,-0.039145706412336126,-0.0106805453270166,thrane
ENSG00000166192,mean,0.0,0.0,0.0,-0.0041340013368322,thrane
ENSG00000166192,pca_ridge,-0.027310437844373436,-0.020170147422147774,-0.007140290422225661,-0.0041340013368322,thrane
ENSG00000166192,spatial_knn,-0.004053098470643632,0.011860349151320448,-0.01591344762196408,-0.0041340013368322,thrane
ENSG00000166451,mean,0.0,0.0,0.0,0.0084273194625574,thrane
ENSG00000166451,pca_ridge,0.16826476623398004,0.05937525125997145,0.10888951497400859,0.0084273194625574,thrane
ENSG00000166451,spatial_knn,0.03569004471756042,0.017098110621557826,0.018591934096002592,0.0084273194625574,thrane
ENSG00000167685,pca_ridge,0.12444095023177734,0.07004968267794842,0.05439126755382892,0.0154332221802082,thrane
ENSG00000167685,spatial_knn,-0.07512564521111695,-0.041705579416981324,-0.033420065794135624,0.0154332221802082,thrane
ENSG00000168071,pca_ridge,0.4363894250607358,0.2255182303188855,0.21087119474185032,0.0584970651956238,thrane
ENSG00000168071,spatial_knn,0.0036320393594680206,-0.0252449236834426,0.02887696304291062,0.0584970651956238,thrane
ENSG00000168298,mean,0.0,0.0,0.0,-0.0105042526132575,thrane
ENSG00000168298,pca_ridge,0.12403668819282906,0.011415622613172674,0.11262106557965638,-0.0105042526132575,thrane
ENSG00000168298,spatial_knn,0.057520588150982155,0.04500599332534705,0.012514594825635106,-0.0105042526132575,thrane
ENSG00000168542,mean,0.0,0.0,0.0,0.2305697492086675,thrane
ENSG00000168542,pca_ridge,0.6017541592822155,0.4827605466525763,0.11899361262963926,0.2305697492086675,thrane
ENSG00000168542,spatial_knn,-0.022143098591430477,-0.012603447351452773,-0.009539651239977704,0.2305697492086675,thrane
ENSG00000169442,mean,0.0,0.0,0.0,0.2510612277641204,thrane
ENSG00000169442,pca_ridge,0.7580545496483435,0.4250026829759292,0.3330518666724143,0.2510612277641204,thrane
ENSG00000169442,spatial_knn,0.07873311723727826,0.052181395041167325,0.026551722196110933,0.2510612277641204,thrane
ENSG00000169629,pca_ridge,-0.020279287185746363,0.00030159648881444845,-0.02058088367456081,-0.007912408978201,thrane
ENSG00000169629,spatial_knn,0.037348191371628495,0.047337871935127646,-0.009989680563499151,-0.007912408978201,thrane
ENSG00000169884,pca_ridge,0.05025959678802474,-0.031889576302323024,0.08214917309034776,0.0083995071354107,thrane
ENSG00000169884,spatial_knn,0.00370429794535448,-0.003497526403859425,0.007201824349213905,0.0083995071354107,thrane
ENSG00000171016,mean,0.0,0.0,0.0,-0.0037937149319718,thrane
ENSG00000171016,pca_ridge,0.2550749491629663,0.019681035041343223,0.23539391412162308,-0.0037937149319718,thrane
ENSG00000171016,spatial_knn,0.02926077121748382,-0.008457441921152477,0.0377182131386363,-0.0037937149319718,thrane
ENSG00000171241,mean,0.0,0.0,0.0,-0.001925762315531,thrane
ENSG00000171241,pca_ridge,0.14533087404290781,0.04362329438465047,0.10170757965825734,-0.001925762315531,thrane
ENSG00000171241,spatial_knn,-0.04944471385266282,-0.006568714954840225,-0.04287599889782259,-0.001925762315531,thrane
ENSG00000172113,mean,0.0,0.0,0.0,-0.0092211280542243,thrane
ENSG00000172113,pca_ridge,-0.03194703675257044,-0.0471873258070072,0.015240289054436758,-0.0092211280542243,thrane
ENSG00000172113,spatial_knn,-0.019733171492967543,0.06909161501414647,-0.088824786507114,-0.0092211280542243,thrane
ENSG00000172508,pca_ridge,0.11852204168477731,0.06481132300146257,0.05371071868331474,0.0004531155486075,thrane
ENSG00000172508,spatial_knn,-0.04067130241659702,-0.0161024195743117,-0.02456888284228532,0.0004531155486075,thrane
ENSG00000172578,mean,0.0,0.0,0.0,0.0224428229458115,thrane
ENSG00000172578,pca_ridge,0.16919824719770982,0.09378404222723405,0.07541420497047577,0.0224428229458115,thrane
ENSG00000172578,spatial_knn,-0.020123946638790902,0.029964557630295575,-0.05008850426908648,0.0224428229458115,thrane
ENSG00000172936,pca_ridge,0.16671949916070342,0.10700513164280237,0.059714367517901046,0.0322648025152502,thrane
ENSG00000172936,spatial_knn,0.01284550214970812,0.027118053308907424,-0.014272551159199303,0.0322648025152502,thrane
ENSG00000173369,mean,0.0,0.0,0.0,0.1663807856543726,thrane
ENSG00000173369,pca_ridge,0.692564765330299,0.3742152646932459,0.3183495006370531,0.1663807856543726,thrane
ENSG00000173369,spatial_knn,-0.0820858638969559,-0.06843646155805558,-0.013649402338900316,0.1663807856543726,thrane
ENSG00000173706,mean,0.0,0.0,0.0,0.0233776795120747,thrane
ENSG00000173706,pca_ridge,0.1721059030723557,0.12116294081028299,0.05094296226207272,0.0233776795120747,thrane
ENSG00000173706,spatial_knn,0.06315677677036434,0.023491965778546602,0.039664810991817734,0.0233776795120747,thrane
ENSG00000177463,mean,0.0,0.0,0.0,-0.0046401422746758,thrane
ENSG00000177463,pca_ridge,0.1021779922288345,0.030981271074119722,0.07119672115471479,-0.0046401422746758,thrane
ENSG00000177463,spatial_knn,0.0027576238561725806,-0.00809936335352315,0.010856987209695731,-0.0046401422746758,thrane
ENSG00000179104,mean,0.0,0.0,0.0,-0.0022147425157108,thrane
ENSG00000179104,pca_ridge,0.26704817203124065,-0.03385379526244853,0.3009019672936892,-0.0022147425157108,thrane
ENSG00000179104,spatial_knn,-0.0221899381667395,-0.006040897642232351,-0.01614904052450715,-0.0022147425157108,thrane
ENSG00000179820,pca_ridge,0.4443016216053254,0.0186706644999744,0.425630957105351,0.0641982915905276,thrane
ENSG00000179820,spatial_knn,0.05484513371044406,0.05123549535178853,0.003609638358655534,0.0641982915905276,thrane
ENSG00000181264,mean,0.0,0.0,0.0,-0.0069956397015069,thrane
ENSG00000181264,pca_ridge,0.049072385076330306,-0.03946402617700642,0.08853641125333672,-0.0069956397015069,thrane
ENSG00000181264,spatial_knn,-0.0531791425928184,-0.042898165754474596,-0.010280976838343801,-0.0069956397015069,thrane
ENSG00000181450,mean,0.0,0.0,0.0,-0.014080064866225,thrane
ENSG00000181450,pca_ridge,-0.025050062430189417,-0.05614529090403555,0.03109522847384613,-0.014080064866225,thrane
ENSG00000181450,spatial_knn,-0.012244008875724958,-0.021754645227657025,0.009510636351932066,-0.014080064866225,thrane
ENSG00000182162,mean,0.0,0.0,0.0,0.0146449507680625,thrane
ENSG00000182162,pca_ridge,0.21570437711834142,0.1579798093227767,0.05772456779556473,0.0146449507680625,thrane
ENSG00000182162,spatial_knn,0.02155443042104626,0.03850431337179943,-0.01694988295075317,0.0146449507680625,thrane
ENSG00000182185,mean,0.0,0.0,0.0,-0.0078045852424908,thrane
ENSG00000182185,pca_ridge,0.033140448807695,0.007980546314122202,0.025159902493572795,-0.0078045852424908,thrane
ENSG00000182185,spatial_knn,-0.0017750867011336199,0.08521385348219268,-0.0869889401833263,-0.0078045852424908,thrane
ENSG00000182492,pca_ridge,0.7787619800740849,0.4878585237169819,0.290903456357103,0.2461415634244518,thrane
ENSG00000182492,spatial_knn,-0.0546554286866624,0.006349442486548976,-0.06100487117321138,0.2461415634244518,thrane
ENSG00000185008,mean,0.0,0.0,0.0,0.0051826879652851,thrane
ENSG00000185008,pca_ridge,0.09063093791833934,-0.01235959811390015,0.1029905360322395,0.0051826879652851,thrane
ENSG00000185008,spatial_knn,-0.04208371634714404,-0.01957509066025035,-0.022508625686893692,0.0051826879652851,thrane
ENSG00000185189,mean,0.0,0.0,0.0,0.0133199242078193,thrane
ENSG00000185189,pca_ridge,0.262502085918655,0.06532540492206179,0.1971766809965932,0.0133199242078193,thrane
ENSG00000185189,spatial_knn,0.01467906215167578,0.019337537527987274,-0.004658475376311495,0.0133199242078193,thrane
ENSG00000185664,mean,0.0,0.0,0.0,0.2274301683596527,thrane
ENSG00000185664,pca_ridge,0.9161047914330755,0.24373948682163105,0.6723653046114445,0.2274301683596527,thrane
ENSG00000185664,spatial_knn,-0.19545366993260319,-0.016860344640275804,-0.17859332529232738,0.2274301683596527,thrane
ENSG00000185963,mean,0.0,0.0,0.0,0.0339021796959337,thrane
ENSG00000185963,pca_ridge,0.124287481786254,0.027491755151671723,0.09679572663458227,0.0339021796959337,thrane
ENSG00000185963,spatial_knn,-0.06092230770884845,-0.021916118875864674,-0.039006188832983776,0.0339021796959337,thrane
ENSG00000188917,pca_ridge,0.1008170016650014,-0.004463132387392549,0.10528013405239395,0.0058740088138019,thrane
ENSG00000188917,spatial_knn,-0.0190351965798389,0.013476144201778126,-0.03251134078161703,0.0058740088138019,thrane
ENSG00000189362,mean,0.0,0.0,0.0,-0.0137704509916295,thrane
ENSG00000189362,pca_ridge,0.06590958616956329,0.0646615557450726,0.0012480304244906898,-0.0137704509916295,thrane
ENSG00000189362,spatial_knn,-0.02054373963943506,-0.00969864242020855,-0.010845097219226508,-0.0137704509916295,thrane
ENSG00000196092,mean,0.0,0.0,0.0,0.1877689474640897,thrane
ENSG00000196092,pca_ridge,0.517346381014504,0.4450679883608547,0.07227839265364933,0.1877689474640897,thrane
ENSG00000196092,spatial_knn,0.0414373187922589,0.01366580010401505,0.027771518688243846,0.1877689474640897,thrane
ENSG00000196476,pca_ridge,-0.0325029213242972,-0.016670392691324802,-0.015832528632972395,0.0085206528646174,thrane
ENSG00000196476,spatial_knn,-0.010905945424578359,0.01564041855097515,-0.02654636397555351,0.0085206528646174,thrane
ENSG00000196664,pca_ridge,0.07506661393476903,0.0591429120747079,0.015923701860061132,-0.0011342954048468,thrane
ENSG00000196664,spatial_knn,0.01709845953868312,0.032246635247523324,-0.015148175708840205,-0.0011342954048468,thrane
ENSG00000196873,pca_ridge,0.033513431419154506,-0.05234785512563615,0.08586128654479067,-0.0019539991915308,thrane
ENSG00000196873,spatial_knn,0.07614478200865009,0.058267690715490275,0.017877091293159814,-0.0019539991915308,thrane
ENSG00000197302,pca_ridge,0.08731211589032008,0.0161262437992261,0.07118587209109398,0.0070348222904343,thrane
ENSG00000197302,spatial_knn,0.018804445178896644,-0.0045364975598781,0.023340942738774743,0.0070348222904343,thrane
ENSG00000198466,mean,0.0,0.0,0.0,0.0070749698640634,thrane
ENSG00000198466,pca_ridge,0.12905256003877336,0.048913097546093146,0.08013946249268021,0.0070749698640634,thrane
ENSG00000198466,spatial_knn,-0.02990049062219134,-0.015454085697898577,-0.014446404924292762,0.0070749698640634,thrane
ENSG00000204287,mean,0.0,0.0,0.0,0.1991559324888003,thrane
ENSG00000204287,pca_ridge,0.7152260004777755,0.4431558326852488,0.27207016779252674,0.1991559324888003,thrane
ENSG00000204287,spatial_knn,0.004563229113768219,0.0424423062604486,-0.03787907714668038,0.1991559324888003,thrane
ENSG00000204382,pca_ridge,0.7144654453922867,0.0,0.7144654453922867,0.2299616170403105,thrane
ENSG00000204382,spatial_knn,-0.09867440448107231,0.0,-0.09867440448107231,0.2299616170403105,thrane
ENSG00000205238,mean,0.0,0.0,0.0,0.0056304395461883,thrane
ENSG00000205238,pca_ridge,0.06587842353668424,0.0295853073869234,0.03629311614976084,0.0056304395461883,thrane
ENSG00000205238,spatial_knn,-0.04036234016751632,0.008985410841506627,-0.049347751009022944,0.0056304395461883,thrane
ENSG00000206503,mean,0.0,0.0,0.0,0.1519253375073515,thrane
ENSG00000206503,pca_ridge,0.6935067170158853,0.2645686197120887,0.42893809730379656,0.1519253375073515,thrane
ENSG00000206503,spatial_knn,0.008015499937387099,0.012759666596156249,-0.00474416665876915,0.1519253375073515,thrane
ENSG00000215845,mean,0.0,0.0,0.0,0.0149825490947183,thrane
ENSG00000215845,pca_ridge,0.4054197605263924,0.0823246537330189,0.3230951067933735,0.0149825490947183,thrane
ENSG00000215845,spatial_knn,-0.029201220313658842,0.02014255097107055,-0.04934377128472939,0.0149825490947183,thrane
ENSG00000219626,mean,0.0,0.0,0.0,-0.0229616387443488,thrane
ENSG00000219626,pca_ridge,0.09043561783523354,-0.0077602483082136,0.09819586614344715,-0.0229616387443488,thrane
ENSG00000219626,spatial_knn,-0.0319010277644722,-0.018639576984351276,-0.013261450780120924,-0.0229616387443488,thrane
ENSG00000227507,pca_ridge,0.7374396021662436,0.38449664269400013,0.35294295947224347,0.1927751115198895,thrane
ENSG00000227507,spatial_knn,-0.00310180435273794,0.001409727772068675,-0.004511532124806615,0.1927751115198895,thrane
ENSG00000231106,mean,0.0,0.0,0.0,-0.0077629194674585,thrane
ENSG00000231106,pca_ridge,0.06947712161432726,0.00943836796220935,0.06003875365211791,-0.0077629194674585,thrane
ENSG00000231106,spatial_knn,-0.031713564252587104,-0.04440013251469675,0.012686568262109649,-0.0077629194674585,thrane
ENSG00000234745,mean,0.0,0.0,0.0,0.1887170127746887,thrane
ENSG00000234745,pca_ridge,0.7896239695357545,0.34424461920597094,0.4453793503297836,0.1887170127746887,thrane
ENSG00000234745,spatial_knn,-0.06620521695279877,-0.015205412002928707,-0.05099980494987006,0.1887170127746887,thrane
ENSG00000245164,pca_ridge,0.31464829564674085,0.09080621416014918,0.22384208148659168,0.0599831340823602,thrane
ENSG00000245164,spatial_knn,0.0075005476782458985,-0.023316515293713126,0.030817062971959026,0.0599831340823602,thrane
ENSG00000245532,pca_ridge,0.7526599964185684,0.2577542237030205,0.4949057727155479,0.2202819647367754,thrane
ENSG00000245532,spatial_knn,-0.06451595575351546,-0.08524499038305589,0.020729034629540427,0.2202819647367754,thrane
ENSG00000251562,pca_ridge,0.63377133161104,0.34820578881635955,0.2855655427946805,0.381169413856624,thrane
ENSG00000251562,spatial_knn,0.24899830895333036,0.29135440044577227,-0.042356091492441905,0.381169413856624,thrane
ENSG00000254709,mean,0.0,0.0,0.0,0.308389461956402,thrane
ENSG00000254709,pca_ridge,0.6549214640359364,0.32889781049296013,0.3260236535429763,0.308389461956402,thrane
ENSG00000254709,spatial_knn,-0.06622381208767902,-0.06220213428582773,-0.004021677801851295,0.308389461956402,thrane
ENSG00000255823,pca_ridge,0.6199054670076682,0.1743554771657358,0.44554998984193245,0.1570465029279974,thrane
ENSG00000255823,spatial_knn,0.04725818834003922,0.13432700293776142,-0.0870688145977222,0.1570465029279974,thrane
ENSG00000258130,mean,0.0,0.0,0.0,0.0095821559700887,thrane
ENSG00000258130,pca_ridge,0.05772617742131732,0.009892478889921823,0.04783369853139549,0.0095821559700887,thrane
ENSG00000258130,spatial_knn,-0.01745914225854444,-0.023834637269413178,0.006375495010868738,0.0095821559700887,thrane
ENSG00000261857,mean,0.0,0.0,0.0,0.2280162853404668,thrane
ENSG00000261857,pca_ridge,0.8104850637790424,0.41416889955752134,0.39631616422152105,0.2280162853404668,thrane
ENSG00000261857,spatial_knn,-0.04969515981872022,0.057595696780842504,-0.10729085659956272,0.2280162853404668,thrane
ENSG00000264575,mean,0.0,0.0,0.0,-0.0036008932196711,thrane
ENSG00000264575,pca_ridge,0.08617250010741151,-0.013295959648101251,0.09946845975551276,-0.0036008932196711,thrane
ENSG00000264575,spatial_knn,-0.02252029850253256,-0.020481758787647422,-0.002038539714885136,-0.0036008932196711,thrane
ENSG00000266074,pca_ridge,0.09931644856619833,0.07473993621684467,0.024576512349353652,-0.0012363036573379,thrane
ENSG00000266074,spatial_knn,-0.035846850931518584,0.006683341169935624,-0.04253019210145421,-0.0012363036573379,thrane
ENSG00000268651,mean,0.0,0.0,0.0,0.000263282623775,thrane
ENSG00000268651,pca_ridge,0.21833404274299445,-0.011785384315713235,0.2301194270587077,0.000263282623775,thrane
ENSG00000268651,spatial_knn,-0.03521719893834368,-0.013700106694774667,-0.021517092243569014,0.000263282623775,thrane
ENSG00000269439,mean,0.0,0.0,0.0,-0.0035553716494566,thrane
ENSG00000269439,pca_ridge,0.02593707232911136,-0.02857977836780155,0.05451685069691291,-0.0035553716494566,thrane
ENSG00000269439,spatial_knn,-0.0018632013050735217,-0.02876405307673745,0.02690085177166393,-0.0035553716494566,thrane
ENSG00000273576,pca_ridge,0.006878420822482902,0.021248330196728178,-0.014369909374245277,-0.0127320477616197,thrane
ENSG00000273576,spatial_knn,-0.006430666962523662,0.004049199648500475,-0.010479866611024138,-0.0127320477616197,thrane
ENSG00000274419,mean,0.0,0.0,0.0,0.0271265695415147,thrane
ENSG00000274419,pca_ridge,0.04274230124810102,0.0039782027095326515,0.03876409853856837,0.0271265695415147,thrane
ENSG00000274419,spatial_knn,-0.03779933400942764,0.027445705904506776,-0.06524503991393442,0.0271265695415147,thrane
ENSG00000281383,mean,0.0,0.0,0.0,0.5566332992913675,thrane
ENSG00000281383,pca_ridge,0.712046827275733,0.5893183037546608,0.12272852352107222,0.5566332992913675,thrane
ENSG00000281383,spatial_knn,0.16882691860569743,0.26826652591548467,-0.09943960730978724,0.5566332992913675,thrane
